time_s,loop_count,master_q1,master_q2,master_q3,master_q4,master_q5,master_q6,slave_target_q1,slave_target_q2,slave_target_q3,slave_target_q4,slave_target_q5,slave_target_q6,slave_actual_q1,slave_actual_q2,slave_actual_q3,slave_actual_q4,slave_actual_q5,slave_actual_q6,slave_actual_v1,slave_actual_v2,slave_actual_v3,slave_actual_v4,slave_actual_v5,slave_actual_v6,master_tool,slave_tool_target,slave_tool_actual,slave_tool_actual_vel
0.00692105,2380,-3.09667523,2.76719521,-1.59117897,0.00038147,-1.69228458,0.00114441,3.10296820,2.75155496,-1.60109719,0.01029968,-1.57784366,-0.00076294,3.10182379,2.75117349,-1.60147866,0.00991821,-1.57746219,-0.00114441,0.00000000,0.00000000,0.00976562,0.00000000,-0.00000000,-0.01464844,1.03302002,2.64669456,2.64625549,-0.04882812
0.02234554,2385,-3.09667523,2.76719521,-1.59117897,0.00038147,-1.69228458,0.00114441,3.10296820,2.75155496,-1.60109719,0.01029968,-1.57784366,-0.00076294,3.10182379,2.75117349,-1.60109719,0.00991821,-1.57746219,-0.00114441,-0.00488281,-0.00488281,0.00488281,-0.01464844,-0.00000000,-0.01464844,1.03302002,2.64665584,2.64625549,0.00000000
0.03619909,2390,-3.09667523,2.76719521,-1.59117897,0.00038147,-1.69228458,0.00114441,3.10296820,2.75155496,-1.60109719,0.01029968,-1.57784366,-0.00076294,3.10182379,2.75117349,-1.60109719,0.00991821,-1.57746219,-0.00114441,-0.00488281,-0.00488281,0.00488281,-0.01464844,0.01464844,-0.01464844,1.03302002,2.64664315,2.64625549,0.00000000
0.05002856,2395,-3.09667523,2.76719521,-1.59117897,0.00038147,-1.69228458,0.00114441,3.10296820,2.75155496,-1.60109719,0.01029968,-1.57784366,-0.00076294,3.10182379,2.75117349,-1.60109719,0.00991821,-1.57746219,-0.00114441,-0.00488281,-0.00488281,0.00976562,-0.01464844,0.01464844,-0.01464844,1.03302002,2.64663899,2.64625549,-0.02441406
0.06532741,2400,-3.09667523,2.76719521,-1.59117897,0.00038147,-1.69228458,0.00114441,3.10296820,2.75155496,-1.60109719,0.01029968,-1.57784366,-0.00076294,3.10182379,2.75117349,-1.60109719,0.00991821,-1.57746219,-0.00114441,-0.00488281,-0.00488281,0.00488281,-0.01464844,0.01464844,-0.01464844,1.03302002,2.64663763,2.64587402,-0.04882812
0.07610464,2405,-3.09667523,2.76719521,-1.59117897,0.00038147,-1.69228458,0.00114441,3.10296820,2.75155496,-1.60109719,0.01029968,-1.57784366,-0.00076294,3.10182379,2.75117349,-1.60109719,0.00991821,-1.57746219,-0.00114441,-0.00488281,-0.00488281,0.00488281,0.00000000,0.01464844,-0.02929688,1.03302002,2.64663718,2.64625549,0.00000000
0.09183931,2410,-3.09667523,2.76719521,-1.59117897,0.00038147,-1.69228458,0.00114441,3.10296820,2.75155496,-1.60109719,0.01029968,-1.57784366,-0.00076294,3.10182379,2.75117349,-1.60109719,0.00991821,-1.57746219,-0.00114441,-0.00488281,-0.00488281,0.00488281,-0.01464844,-0.00000000,0.00000000,1.03302002,2.64663703,2.64625549,-0.02441406
0.10709357,2415,-3.09667523,2.76719521,-1.59117897,0.00038147,-1.69228458,0.00114441,3.10296820,2.75155496,-1.60109719,0.01029968,-1.57784366,-0.00076294,3.10182379,2.75117349,-1.60109719,0.00991821,-1.57746219,-0.00114441,0.00000000,-0.00976562,0.00488281,-0.01464844,0.01464844,-0.01464844,1.03302002,2.64663699,2.64625549,-0.02441406
0.12079239,2420,-3.09667523,2.76719521,-1.59117897,0.00038147,-1.69228458,0.00114441,3.10296820,2.75155496,-1.60109719,0.01029968,-1.57784366,-0.00076294,3.10182379,2.75117349,-1.60109719,0.00991821,-1.57746219,-0.00114441,-0.00488281,0.00000000,0.00488281,-0.02929688,0.01464844,0.00000000,1.03302002,2.64663697,2.64625549,0.00000000
0.13522840,2425,-3.09667523,2.76719521,-1.59117897,0.00038147,-1.69228458,0.00114441,3.10296820,2.75155496,-1.60109719,0.01029968,-1.57784366,-0.00076294,3.10182379,2.75117349,-1.60109719,0.00991821,-1.57746219,-0.00114441,0.00000000,-0.00488281,0.00976562,-0.01464844,0.01464844,-0.01464844,1.03302002,2.64663697,2.64625549,-0.02441406
0.14945936,2430,-3.09667523,2.76719521,-1.59117897,0.00038147,-1.69228458,0.00114441,3.10296820,2.75155496,-1.60109719,0.01029968,-1.57784366,-0.00076294,3.10182379,2.75117349,-1.60109719,0.00991821,-1.57746219,-0.00114441,-0.00488281,-0.00488281,0.00488281,-0.01464844,0.01464844,-0.01464844,1.03302002,2.64663696,2.64625549,-0.04882812
0.16346097,2435,-3.09667523,2.76719521,-1.59117897,0.00038147,-1.69228458,0.00114441,3.10296820,2.75155496,-1.60109719,0.01029968,-1.57784366,-0.00076294,3.10182379,2.75117349,-1.60109719,0.00991821,-1.57746219,-0.00114441,-0.00488281,-0.00488281,0.00488281,-0.02929688,0.01464844,-0.01464844,1.03302002,2.64663696,2.64625549,-0.02441406
0.17788959,2440,-3.09667523,2.76719521,-1.59117897,0.00038147,-1.69228458,0.00114441,3.10296820,2.75155496,-1.60109719,0.01029968,-1.57784366,-0.00076294,3.10182379,2.75117349,-1.60109719,0.00991821,-1.57746219,-0.00114441,-0.00488281,-0.00488281,0.00976562,0.01464844,-0.00000000,-0.01464844,1.03302002,2.64663696,2.64625549,-0.02441406
0.19014621,2445,-3.09667523,2.76719521,-1.59117897,0.00038147,-1.69228458,0.00114441,3.10296820,2.75155496,-1.60109719,0.01029968,-1.57784366,-0.00076294,3.10182379,2.75117349,-1.60109719,0.00991821,-1.57746219,-0.00114441,-0.00976562,-0.00976562,0.00488281,-0.01464844,0.01464844,0.00000000,1.03302002,2.64663696,2.64625549,0.00000000
0.20403218,2450,-3.09667523,2.76719521,-1.59117897,0.00038147,-1.69228458,0.00114441,3.10296820,2.75155496,-1.60109719,0.01029968,-1.57784366,-0.00076294,3.10182379,2.75117349,-1.60109719,0.00991821,-1.57746219,-0.00114441,-0.00488281,0.00000000,0.00488281,0.00000000,0.01464844,-0.01464844,1.03302002,2.64663696,2.64625549,0.00000000
0.21848035,2455,-3.09667523,2.76719521,-1.59117897,0.00038147,-1.69228458,0.00114441,3.10296820,2.75155496,-1.60109719,0.01029968,-1.57784366,-0.00076294,3.10182379,2.75117349,-1.60109719,0.00991821,-1.57746219,-0.00114441,-0.00488281,-0.00488281,0.00488281,0.00000000,-0.00000000,-0.01464844,1.03302002,2.64663696,2.64625549,-0.02441406
0.22966552,2460,-3.09667523,2.76719521,-1.59117897,0.00038147,-1.69228458,0.00114441,3.10296820,2.75155496,-1.60109719,0.01029968,-1.57784366,-0.00076294,3.10182379,2.75117349,-1.60109719,0.00991821,-1.57746219,-0.00114441,-0.00488281,-0.00488281,0.00976562,0.00000000,0.01464844,-0.01464844,1.03302002,2.64663696,2.64625549,-0.02441406
0.24189258,2465,-3.09667523,2.76719521,-1.59117897,0.00038147,-1.69228458,0.00114441,3.10296820,2.75155496,-1.60109719,0.01029968,-1.57784366,-0.00076294,3.10182379,2.75117349,-1.60109719,0.00991821,-1.57746219,-0.00114441,-0.00976562,-0.00488281,0.00976562,-0.01464844,-0.00000000,-0.01464844,1.03302002,2.64663696,2.64625549,0.00000000
0.25626349,2470,-3.09667523,2.76719521,-1.59117897,0.00038147,-1.69228458,0.00114441,3.10296820,2.75155496,-1.60109719,0.01029968,-1.57784366,-0.00076294,3.10182379,2.75117349,-1.60109719,0.00991821,-1.57746219,-0.00114441,-0.00488281,-0.00488281,0.00488281,-0.01464844,-0.00000000,-0.01464844,1.03302002,2.64663696,2.64625549,-0.02441406
0.26909018,2475,-3.09667523,2.76719521,-1.59117897,0.00038147,-1.69228458,0.00114441,3.10296820,2.75155496,-1.60109719,0.01029968,-1.57784366,-0.00076294,3.10182379,2.75117349,-1.60109719,0.00991821,-1.57746219,-0.00114441,-0.00488281,-0.00488281,-0.00000000,-0.01464844,0.01464844,-0.01464844,1.03302002,2.64663696,2.64625549,-0.02441406
0.28537893,2480,-3.09667523,2.76719521,-1.59117897,0.00038147,-1.69228458,0.00114441,3.10296820,2.75155496,-1.60109719,0.01029968,-1.57784366,-0.00076294,3.10182379,2.75117349,-1.60071572,0.00991821,-1.57746219,-0.00114441,-0.00488281,0.00000000,0.00488281,-0.01464844,0.01464844,-0.01464844,1.03302002,2.64663696,2.64625549,-0.02441406
0.29992676,2485,-3.09667523,2.76719521,-1.59117897,0.00038147,-1.69228458,0.00114441,3.10296820,2.75155496,-1.60109719,0.01029968,-1.57784366,-0.00076294,3.10182379,2.75117349,-1.60071572,0.00991821,-1.57746219,-0.00114441,0.00000000,-0.00488281,0.00976562,-0.01464844,0.01464844,0.00000000,1.03302002,2.64663696,2.64625549,-0.04882812
0.31318688,2490,-3.09667523,2.76719521,-1.59117897,0.00038147,-1.69228458,0.00114441,3.10296820,2.75155496,-1.60109719,0.01029968,-1.57784366,-0.00076294,3.10220526,2.75117349,-1.60071572,0.00991821,-1.57746219,-0.00114441,-0.00488281,-0.00488281,0.00488281,0.00000000,0.01464844,-0.01464844,1.03302002,2.64663696,2.64625549,-0.02441406
0.32876754,2495,-3.09667523,2.76719521,-1.59117897,0.00038147,-1.69190311,0.00114441,3.10296820,2.75155496,-1.60109719,0.01029968,-1.57770633,-0.00076294,3.10220526,2.75117349,-1.60071572,0.00991821,-1.57746219,-0.00114441,-0.00488281,-0.00488281,0.00488281,-0.01464844,-0.00000000,-0.01464844,1.03302002,2.64663696,2.64587402,-0.04882812
0.34161139,2500,-3.09667523,2.76719521,-1.59117897,0.00038147,-1.69190311,0.00114441,3.10296820,2.75155496,-1.60109719,0.01029968,-1.57754219,-0.00076294,3.10182379,2.75117349,-1.60071572,0.00991821,-1.57746219,-0.00114441,-0.00488281,-0.00488281,0.00976562,0.00000000,0.01464844,-0.01464844,1.03302002,2.64663696,2.64625549,-0.02441406
0.35590768,2505,-3.09667523,2.76719521,-1.59117897,0.00038147,-1.69190311,0.00114441,3.10296820,2.75155496,-1.60109719,0.01029968,-1.57748841,-0.00076294,3.10182379,2.75117349,-1.60071572,0.00991821,-1.57746219,-0.00114441,-0.00488281,-0.00488281,0.00976562,0.00000000,-0.00000000,-0.01464844,1.03302002,2.64663696,2.64625549,-0.02441406
0.37119126,2510,-3.09667523,2.76719521,-1.59117897,0.00038147,-1.69190311,0.00114441,3.10296820,2.75155496,-1.60109719,0.01029968,-1.57747078,-0.00076294,3.10220526,2.75117349,-1.60071572,0.00991821,-1.57746219,-0.00114441,-0.00488281,-0.00488281,0.00976562,-0.01464844,0.01464844,0.00000000,1.03302002,2.64663696,2.64625549,-0.02441406
0.38316560,2515,-3.09667523,2.76719521,-1.59117897,0.00038147,-1.69190311,0.00114441,3.10296820,2.75155496,-1.60109719,0.01029968,-1.57746501,-0.00076294,3.10220526,2.75117349,-1.60071572,0.00991821,-1.57746219,-0.00114441,-0.00488281,-0.00488281,0.00488281,-0.01464844,0.01464844,-0.01464844,1.03302002,2.64663696,2.64587402,-0.04882812
0.39800310,2520,-3.09667523,2.76719521,-1.59117897,0.00038147,-1.69190311,0.00114441,3.10296820,2.75155496,-1.60109719,0.01029968,-1.57746311,-0.00076294,3.10220526,2.75117349,-1.60071572,0.00991821,-1.57746219,-0.00114441,-0.00488281,-0.00488281,0.00488281,-0.01464844,0.02929688,-0.01464844,1.03302002,2.64663696,2.64625549,0.00000000
0.41172671,2525,-3.09667523,2.76719521,-1.59117897,0.00038147,-1.69190311,0.00114441,3.10296820,2.75155496,-1.60109719,0.01029968,-1.57746249,-0.00076294,3.10182379,2.75117349,-1.60071572,0.00991821,-1.57746219,-0.00114441,-0.00488281,-0.00488281,0.00488281,-0.01464844,0.01464844,-0.01464844,1.03302002,2.64663696,2.64625549,0.00000000
0.42597914,2530,-3.09667523,2.76719521,-1.59117897,0.00038147,-1.69190311,0.00114441,3.10296820,2.75155496,-1.60109719,0.01029968,-1.57746229,-0.00076294,3.10220526,2.75117349,-1.60071572,0.00991821,-1.57746219,-0.00114441,-0.00488281,-0.00488281,0.00488281,-0.01464844,-0.00000000,-0.01464844,1.03302002,2.64663696,2.64625549,-0.04882812
0.44091606,2535,-3.09667523,2.76719521,-1.59117897,0.00038147,-1.69190311,0.00114441,3.10296820,2.75155496,-1.60109719,0.01029968,-1.57746222,-0.00076294,3.10220526,2.75117349,-1.60071572,0.00991821,-1.57746219,-0.00114441,-0.00488281,-0.00488281,0.00488281,-0.01464844,0.01464844,-0.01464844,1.03302002,2.64663696,2.64625549,-0.02441406
0.45471811,2540,-3.09667523,2.76719521,-1.59117897,0.00038147,-1.69190311,0.00114441,3.10296820,2.75155496,-1.60109719,0.01029968,-1.57746220,-0.00076294,3.10220526,2.75117349,-1.60071572,0.00991821,-1.57746219,-0.00114441,-0.00976562,-0.00976562,0.00488281,0.00000000,0.01464844,-0.01464844,1.03302002,2.64663696,2.64625549,-0.02441406
0.46906805,2545,-3.09667523,2.76719521,-1.59117897,0.00038147,-1.69190311,0.00114441,3.10296820,2.75155496,-1.60109719,0.01029968,-1.57746219,-0.00076294,3.10220526,2.75117349,-1.60071572,0.00991821,-1.57746219,-0.00114441,-0.00488281,-0.00488281,0.00488281,0.00000000,0.01464844,-0.02929688,1.03302002,2.64671509,2.64625549,-0.02441406
0.48226571,2550,-3.09667523,2.76719521,-1.59117897,0.00038147,-1.69190311,0.00114441,3.10296820,2.75155496,-1.60109719,0.01029968,-1.57746219,-0.00076294,3.10220526,2.75117349,-1.60071572,0.00991821,-1.57746219,-0.00114441,-0.00488281,-0.00488281,0.00488281,-0.01464844,0.01464844,-0.01464844,1.03302002,2.64666256,2.64625549,-0.04882812
0.49798298,2555,-3.09667523,2.76719521,-1.59117897,0.00038147,-1.69190311,0.00114441,3.10296820,2.75155496,-1.60109719,0.01029968,-1.57746219,-0.00076294,3.10220526,2.75117349,-1.60071572,0.00991821,-1.57708072,-0.00114441,0.00000000,-0.00488281,-0.00000000,-0.01464844,0.02929688,0.00000000,1.03302002,2.64664535,2.64625549,-0.02441406
0.51170230,2560,-3.09667523,2.76719521,-1.59117897,0.00038147,-1.69190311,0.00114441,3.10296820,2.75155496,-1.60109719,0.01029968,-1.57746219,-0.00076294,3.10220526,2.75117349,-1.60071572,0.00991821,-1.57746219,-0.00114441,-0.00488281,-0.00488281,0.00488281,-0.01464844,-0.00000000,0.00000000,1.03302002,2.64663971,2.64625549,-0.07324219
0.52778196,2565,-3.09667523,2.76719521,-1.59117897,0.00038147,-1.69190311,0.00114441,3.10296820,2.75155496,-1.60109719,0.01029968,-1.57746219,-0.00076294,3.10220526,2.75117349,-1.60071572,0.00991821,-1.57746219,-0.00114441,-0.00488281,-0.00488281,0.00976562,-0.01464844,-0.00000000,-0.01464844,1.03302002,2.64663786,2.64625549,-0.02441406
0.54153943,2570,-3.09667523,2.76719521,-1.59117897,0.00038147,-1.69190311,0.00114441,3.10296820,2.75155496,-1.60109719,0.01029968,-1.57746219,-0.00076294,3.10220526,2.75117349,-1.60071572,0.00991821,-1.57708072,-0.00114441,-0.00488281,-0.00976562,0.00976562,-0.01464844,0.02929688,-0.02929688,1.03302002,2.64663726,2.64625549,-0.02441406
0.55643082,2575,-3.09667523,2.76719521,-1.59117897,0.00038147,-1.69190311,0.00114441,3.10296820,2.75155496,-1.60109719,0.01029968,-1.57746219,-0.00076294,3.10220526,2.75117349,-1.60071572,0.00991821,-1.57708072,-0.00114441,0.00000000,-0.00488281,0.00488281,0.00000000,0.01464844,-0.01464844,1.03302002,2.64663706,2.64625549,-0.02441406
0.57071090,2580,-3.09667523,2.76719521,-1.59117897,0.00038147,-1.69190311,0.00114441,3.10296820,2.75155496,-1.60109719,0.01029968,-1.57746219,-0.00076294,3.10220526,2.75117349,-1.60071572,0.00991821,-1.57708072,-0.00114441,0.00000000,-0.00488281,0.00488281,-0.02929688,-0.00000000,-0.02929688,1.03302002,2.64663699,2.64625549,0.00000000
0.58339429,2585,-3.09667523,2.76719521,-1.59117897,0.00038147,-1.69190311,0.00114441,3.10296820,2.75155496,-1.60109719,0.01029968,-1.57746219,-0.00076294,3.10220526,2.75117349,-1.60071572,0.00991821,-1.57708072,-0.00114441,-0.00488281,-0.00488281,0.00488281,-0.01464844,0.01464844,0.00000000,1.03302002,2.64663697,2.64625549,-0.02441406
0.59763074,2590,-3.09667523,2.76719521,-1.59117897,0.00038147,-1.69190311,0.00114441,3.10296820,2.75155496,-1.60109719,0.01029968,-1.57746219,-0.00076294,3.10220526,2.75117349,-1.60071572,0.00991821,-1.57708072,-0.00114441,-0.00488281,-0.00488281,0.00976562,0.00000000,0.01464844,0.00000000,1.03302002,2.64663697,2.64625549,-0.02441406
0.61112237,2595,-3.09667523,2.76719521,-1.59117897,0.00038147,-1.69190311,0.00114441,3.10296820,2.75155496,-1.60109719,0.01029968,-1.57746219,-0.00076294,3.10220526,2.75117349,-1.60071572,0.00991821,-1.57708072,-0.00114441,-0.00488281,-0.00488281,0.00488281,-0.01464844,0.01464844,-0.01464844,1.03263855,2.64648438,2.64625549,0.00000000
0.62607932,2600,-3.09667523,2.76719521,-1.59117897,0.00038147,-1.69190311,0.00114441,3.10296820,2.75155496,-1.60109719,0.01029968,-1.57746219,-0.00076294,3.10220526,2.75117349,-1.60071572,0.00991821,-1.57708072,-0.00114441,-0.00488281,0.00000000,0.00488281,-0.01464844,0.01464844,-0.01464844,1.03302002,2.64658696,2.64625549,-0.02441406
0.64001489,2605,-3.09667523,2.76719521,-1.59117897,0.00038147,-1.69190311,0.00114441,3.10296820,2.75155496,-1.60109719,0.01029968,-1.57746219,-0.00076294,3.10220526,2.75117349,-1.60071572,0.00991821,-1.57708072,-0.00114441,-0.00488281,-0.00488281,0.00488281,-0.02929688,0.02929688,0.00000000,1.03302002,2.64662058,2.64625549,-0.04882812
0.65564013,2610,-3.09667523,2.76719521,-1.59117897,0.00038147,-1.69190311,0.00114441,3.10296820,2.75155496,-1.60109719,0.01029968,-1.57746219,-0.00076294,3.10220526,2.75117349,-1.60071572,0.00991821,-1.57708072,-0.00114441,0.00000000,-0.00488281,0.00976562,-0.01464844,0.01464844,-0.01464844,1.03302002,2.64663159,2.64625549,-0.02441406
0.67050457,2615,-3.09667523,2.76719521,-1.59117897,0.00038147,-1.69190311,0.00114441,3.10296820,2.75155496,-1.60109719,0.01029968,-1.57746219,-0.00076294,3.10220526,2.75117349,-1.60071572,0.00991821,-1.57708072,-0.00114441,0.00000000,-0.00488281,0.00488281,-0.02929688,0.01464844,-0.02929688,1.03302002,2.64663520,2.64625549,-0.02441406
0.68482494,2620,-3.09667523,2.76719521,-1.59117897,0.00038147,-1.69190311,0.00114441,3.10296820,2.75155496,-1.60109719,0.01029968,-1.57746219,-0.00076294,3.10220526,2.75117349,-1.60071572,0.00991821,-1.57708072,-0.00114441,-0.00488281,-0.00488281,0.00488281,-0.01464844,0.02929688,-0.01464844,1.03302002,2.64663639,2.64625549,-0.02441406
0.69889569,2625,-3.09667523,2.76719521,-1.59117897,0.00038147,-1.69190311,0.00114441,3.10296820,2.75155496,-1.60109719,0.01029968,-1.57746219,-0.00076294,3.10220526,2.75117349,-1.60071572,0.00991821,-1.57708072,-0.00114441,0.00000000,-0.00488281,0.00976562,0.00000000,0.01464844,-0.01464844,1.03302002,2.64663677,2.64625549,-0.02441406
0.71365213,2630,-3.09667523,2.76719521,-1.59117897,0.00038147,-1.69190311,0.00114441,3.10296820,2.75155496,-1.60109719,0.01029968,-1.57746219,-0.00076294,3.10220526,2.75117349,-1.60071572,0.00991821,-1.57708072,-0.00114441,-0.00488281,-0.00488281,0.00488281,-0.01464844,0.02929688,-0.01464844,1.03302002,2.64663690,2.64625549,0.00000000
0.72749496,2635,-3.09667523,2.76719521,-1.59117897,0.00038147,-1.69190311,0.00114441,3.10296820,2.75155496,-1.60109719,0.01029968,-1.57746219,-0.00076294,3.10220526,2.75117349,-1.60071572,0.00991821,-1.57708072,-0.00114441,-0.00488281,-0.00488281,0.00488281,-0.01464844,0.01464844,-0.01464844,1.03302002,2.64663694,2.64625549,0.02441406
0.74522400,2640,-3.09667523,2.76719521,-1.59117897,0.00038147,-1.69190311,0.00114441,3.10296820,2.75155496,-1.60109719,0.01029968,-1.57746219,-0.00076294,3.10220526,2.75117349,-1.60071572,0.00991821,-1.57708072,-0.00114441,-0.00488281,-0.00976562,0.00976562,-0.01464844,0.01464844,-0.01464844,1.03302002,2.64663696,2.64587402,-0.04882812
0.75907946,2645,-3.09667523,2.76719521,-1.59117897,0.00076294,-1.69190311,0.00114441,3.10296820,2.75155496,-1.60109719,0.01052490,-1.57746219,-0.00076294,3.10220526,2.75117349,-1.60071572,0.00991821,-1.57708072,-0.00114441,-0.00488281,-0.00488281,0.00488281,-0.01464844,0.02929688,-0.01464844,1.03302002,2.64663696,2.64625549,-0.02441406
0.77289462,2650,-3.09667523,2.76719521,-1.59117897,0.00076294,-1.69190311,0.00114441,3.10296820,2.75155496,-1.60109719,0.01062995,-1.57746219,-0.00076294,3.10220526,2.75117349,-1.60071572,0.00991821,-1.57708072,-0.00114441,-0.00488281,-0.00488281,-0.00000000,0.00000000,0.02929688,-0.01464844,1.03302002,2.64663696,2.64625549,0.02441406
0.78821492,2655,-3.09667523,2.76719521,-1.59117897,0.00076294,-1.69190311,0.00114441,3.10296820,2.75155496,-1.60109719,0.01066438,-1.57746219,-0.00076294,3.10220526,2.75117349,-1.60071572,0.00991821,-1.57708072,-0.00114441,-0.00488281,-0.00488281,0.00488281,0.00000000,0.01464844,-0.01464844,1.03302002,2.64669946,2.64625549,-0.02441406
0.80151820,2660,-3.09667523,2.76719521,-1.59117897,0.00076294,-1.69190311,0.00114441,3.10296820,2.75155496,-1.60109719,0.01067565,-1.57746219,-0.00076294,3.10220526,2.75117349,-1.60071572,0.00991821,-1.57708072,-0.00114441,-0.00488281,-0.00488281,-0.00000000,-0.01464844,0.01464844,-0.01464844,1.03302002,2.64665744,2.64625549,-0.02441406
0.81422400,2665,-3.09667523,2.76719521,-1.59117897,0.00076294,-1.69190311,0.00114441,3.10296820,2.75155496,-1.60109719,0.01067935,-1.57746219,-0.00076294,3.10220526,2.75117349,-1.60071572,0.00991821,-1.57708072,-0.00114441,-0.00488281,-0.00488281,-0.00000000,-0.01464844,0.01464844,-0.01464844,1.03302002,2.64664367,2.64625549,-0.02441406
0.82906008,2670,-3.09667523,2.76719521,-1.59117897,0.00076294,-1.69190311,0.00114441,3.10296820,2.75155496,-1.60109719,0.01068056,-1.57746219,-0.00076294,3.10220526,2.75117349,-1.60071572,0.00991821,-1.57708072,-0.00114441,-0.00488281,-0.00488281,0.00488281,-0.01464844,-0.00000000,0.00000000,1.03302002,2.64663916,2.64625549,-0.02441406
0.84289217,2675,-3.09667523,2.76719521,-1.59117897,0.00076294,-1.69190311,0.00114441,3.10296820,2.75155496,-1.60109719,0.01068096,-1.57746219,-0.00076294,3.10220526,2.75117349,-1.60071572,0.00991821,-1.57708072,-0.00114441,-0.00488281,-0.00488281,-0.00000000,-0.01464844,0.02929688,-0.01464844,1.03302002,2.64663768,2.64625549,-0.04882812
0.85979605,2680,-3.09667523,2.76719521,-1.59117897,0.00076294,-1.69190311,0.00114441,3.10296820,2.75155496,-1.60109719,0.01068109,-1.57746219,-0.00076294,3.10220526,2.75117349,-1.60071572,0.00991821,-1.57708072,-0.00114441,-0.00488281,-0.00488281,0.00488281,-0.01464844,0.01464844,-0.01464844,1.03302002,2.64663720,2.64625549,0.00000000
0.87068915,2685,-3.09667523,2.76719521,-1.59117897,0.00076294,-1.69190311,0.00114441,3.10296820,2.75155496,-1.60109719,0.01068113,-1.57746219,-0.00076294,3.10220526,2.75117349,-1.60071572,0.00991821,-1.57708072,-0.00114441,-0.00488281,-0.00488281,-0.00000000,-0.01464844,0.01464844,0.00000000,1.03302002,2.64663704,2.64625549,-0.04882812
0.88609076,2690,-3.09667523,2.76719521,-1.59117897,0.00076294,-1.69190311,0.00114441,3.10296820,2.75155496,-1.60109719,0.01068115,-1.57746219,-0.00076294,3.10220526,2.75117349,-1.60071572,0.00991821,-1.57708072,-0.00114441,-0.00488281,-0.00488281,0.00488281,-0.02929688,-0.00000000,-0.01464844,1.03302002,2.64663699,2.64625549,-0.02441406
0.89980793,2695,-3.09667523,2.76719521,-1.59117897,0.00076294,-1.69190311,0.00114441,3.10296820,2.75155496,-1.60109719,0.01068115,-1.57746219,-0.00076294,3.10220526,2.75117349,-1.60071572,0.00991821,-1.57708072,-0.00114441,-0.00488281,-0.00488281,0.00488281,-0.01464844,0.01464844,-0.01464844,1.03302002,2.64663697,2.64625549,-0.02441406
0.91439509,2700,-3.09667523,2.76719521,-1.59117897,0.00076294,-1.69190311,0.00114441,3.10296820,2.75155496,-1.60109719,0.01068115,-1.57746219,-0.00076294,3.10220526,2.75117349,-1.60071572,0.00991821,-1.57708072,-0.00114441,-0.00488281,-0.00488281,0.00488281,-0.01464844,0.02929688,-0.01464844,1.03302002,2.64663697,2.64625549,-0.04882812
0.92523384,2705,-3.09667523,2.76719521,-1.59117897,0.00076294,-1.69190311,0.00114441,3.10296820,2.75155496,-1.60109719,0.01068115,-1.57746219,-0.00076294,3.10220526,2.75117349,-1.60071572,0.00991821,-1.57708072,-0.00114441,-0.00488281,-0.00488281,0.00488281,-0.01464844,0.02929688,-0.01464844,1.03302002,2.64663696,2.64625549,0.00000000
0.93964148,2710,-3.09667523,2.76719521,-1.59117897,0.00076294,-1.69190311,0.00114441,3.10296820,2.75155496,-1.60109719,0.01068115,-1.57746219,-0.00076294,3.10220526,2.75117349,-1.60071572,0.00991821,-1.57708072,-0.00114441,-0.00488281,0.00000000,0.00488281,-0.01464844,0.02929688,-0.01464844,1.03302002,2.64663696,2.64625549,0.00000000
0.95494366,2715,-3.09667523,2.76719521,-1.59117897,0.00076294,-1.69190311,0.00114441,3.10296820,2.75155496,-1.60109719,0.01068115,-1.57746219,-0.00076294,3.10220526,2.75117349,-1.60071572,0.00991821,-1.57708072,-0.00114441,-0.00976562,-0.00488281,-0.00000000,0.00000000,0.01464844,-0.01464844,1.03302002,2.64663696,2.64625549,-0.02441406
0.96842313,2720,-3.09667523,2.76719521,-1.59117897,0.00076294,-1.69190311,0.00114441,3.10296820,2.75155496,-1.60109719,0.01068115,-1.57746219,-0.00076294,3.10220526,2.75117349,-1.60071572,0.00991821,-1.57708072,-0.00114441,-0.00976562,-0.00488281,0.00488281,-0.01464844,0.01464844,-0.01464844,1.03302002,2.64663696,2.64625549,-0.02441406
0.98312426,2725,-3.09667523,2.76719521,-1.59117897,0.00076294,-1.69190311,0.00114441,3.10296820,2.75155496,-1.60109719,0.01068115,-1.57746219,-0.00076294,3.10220526,2.75117349,-1.60071572,0.00991821,-1.57708072,-0.00114441,-0.00976562,-0.00976562,0.00488281,-0.01464844,0.02929688,-0.02929688,1.03302002,2.64663696,2.64625549,-0.02441406
0.99654651,2730,-3.09667523,2.76719521,-1.59117897,0.00076294,-1.69190311,0.00114441,3.10296820,2.75155496,-1.60109719,0.01068115,-1.57746219,-0.00076294,3.10220526,2.75117349,-1.60071572,0.00991821,-1.57708072,-0.00114441,-0.00488281,-0.00488281,0.00488281,-0.02929688,-0.00000000,-0.02929688,1.03302002,2.64663696,2.64625549,0.00000000
1.00941324,2735,-3.09667523,2.76719521,-1.59117897,0.00076294,-1.69190311,0.00114441,3.10296820,2.75155496,-1.60109719,0.01068115,-1.57746219,-0.00076294,3.10220526,2.75117349,-1.60071572,0.00991821,-1.57708072,-0.00114441,0.00000000,-0.00488281,0.00488281,-0.02929688,0.01464844,-0.01464844,1.03302002,2.64663696,2.64625549,-0.04882812
1.02263784,2740,-3.09667523,2.76719521,-1.59117897,0.00076294,-1.69190311,0.00114441,3.10296820,2.75155496,-1.60109719,0.01068115,-1.57746219,-0.00076294,3.10220526,2.75117349,-1.60071572,0.00991821,-1.57708072,-0.00114441,-0.00488281,-0.00488281,-0.00000000,-0.02929688,0.01464844,-0.01464844,1.03302002,2.64663696,2.64625549,-0.04882812
1.03695703,2745,-3.09667523,2.76719521,-1.59117897,0.00076294,-1.69190311,0.00114441,3.10296820,2.75155496,-1.60109719,0.01068115,-1.57746219,-0.00076294,3.10220526,2.75117349,-1.60071572,0.00991821,-1.57708072,-0.00114441,0.00000000,-0.00488281,0.00488281,0.00000000,0.01464844,0.00000000,1.03302002,2.64663696,2.64625549,-0.02441406
1.05084395,2750,-3.09667523,2.76719521,-1.59117897,0.00076294,-1.69190311,0.00114441,3.10296820,2.75155496,-1.60109719,0.01068115,-1.57746219,-0.00076294,3.10220526,2.75117349,-1.60071572,0.00991821,-1.57708072,-0.00114441,-0.00488281,-0.00488281,0.00488281,-0.01464844,0.01464844,-0.01464844,1.03302002,2.64663696,2.64625549,-0.02441406
1.06766081,2755,-3.09667523,2.76719521,-1.59117897,0.00076294,-1.69190311,0.00114441,3.10296820,2.75155496,-1.60109719,0.01068115,-1.57746219,-0.00076294,3.10220526,2.75117349,-1.60071572,0.00991821,-1.57708072,-0.00114441,-0.00488281,-0.00488281,0.00488281,-0.01464844,0.01464844,-0.02929688,1.03302002,2.64663696,2.64625549,-0.02441406
1.08329010,2760,-3.09667523,2.76719521,-1.59117897,0.00076294,-1.69190311,0.00114441,3.10296820,2.75155496,-1.60109719,0.01068115,-1.57746219,-0.00076294,3.10220526,2.75117349,-1.60071572,0.00991821,-1.57708072,-0.00114441,-0.00488281,-0.00488281,0.00976562,0.00000000,0.02929688,-0.01464844,1.03302002,2.64663696,2.64625549,-0.02441406
1.09653091,2765,-3.09667523,2.76719521,-1.59117897,0.00076294,-1.69190311,0.00114441,3.10296820,2.75155496,-1.60109719,0.01068115,-1.57746219,-0.00076294,3.10220526,2.75117349,-1.60071572,0.00991821,-1.57708072,-0.00114441,-0.00488281,-0.00488281,0.00488281,-0.01464844,0.01464844,-0.01464844,1.03302002,2.64663696,2.64625549,0.00000000
1.11081862,2770,-3.09667523,2.76719521,-1.59117897,0.00076294,-1.69190311,0.00114441,3.10296820,2.75155496,-1.60109719,0.01068115,-1.57746219,-0.00076294,3.10220526,2.75117349,-1.60071572,0.00991821,-1.57708072,-0.00114441,0.00000000,-0.00488281,0.00488281,-0.01464844,0.01464844,-0.01464844,1.03302002,2.64663696,2.64625549,-0.02441406
1.12678194,2775,-3.09667523,2.76719521,-1.59117897,0.00076294,-1.69190311,0.00114441,3.10296820,2.75155496,-1.60109719,0.01068115,-1.57746219,-0.00076294,3.10220526,2.75117349,-1.60071572,0.00991821,-1.57708072,-0.00114441,-0.00488281,-0.00976562,0.00488281,-0.02929688,0.01464844,-0.02929688,1.03302002,2.64663696,2.64625549,0.00000000
1.13952661,2780,-3.09667523,2.76719521,-1.59117897,0.00076294,-1.69190311,0.00114441,3.10296820,2.75155496,-1.60109719,0.01068115,-1.57746219,-0.00076294,3.10220526,2.75117349,-1.60071572,0.00991821,-1.57708072,-0.00114441,-0.00488281,-0.00488281,0.00488281,-0.02929688,0.01464844,-0.01464844,1.03302002,2.64663696,2.64625549,-0.02441406
1.15389562,2785,-3.09667523,2.76719521,-1.59117897,0.00076294,-1.69190311,0.00114441,3.10296820,2.75155496,-1.60109719,0.01068115,-1.57746219,-0.00076294,3.10220526,2.75117349,-1.60071572,0.00991821,-1.57708072,-0.00114441,-0.00488281,0.00000000,0.00488281,-0.02929688,0.01464844,-0.01464844,1.03340149,2.64678955,2.64625549,-0.02441406
1.16690946,2790,-3.09667523,2.76719521,-1.59117897,0.00076294,-1.69190311,0.00114441,3.10296820,2.75155496,-1.60109719,0.01068115,-1.57746219,-0.00076294,3.10220526,2.75117349,-1.60071572,0.00991821,-1.57708072,-0.00114441,-0.00488281,-0.00488281,0.00976562,0.00000000,0.01464844,0.00000000,1.03302002,2.64668696,2.64625549,-0.02441406
1.18281221,2795,-3.09667523,2.76719521,-1.59117897,0.00076294,-1.69190311,0.00114441,3.10296820,2.75155496,-1.60109719,0.01068115,-1.57746219,-0.00076294,3.10220526,2.75117349,-1.60071572,0.01029968,-1.57708072,-0.00114441,-0.00488281,-0.00488281,0.00488281,-0.01464844,0.01464844,-0.01464844,1.03302002,2.64665335,2.64625549,0.00000000
1.19774199,2800,-3.09667523,2.76719521,-1.59117897,0.00076294,-1.69190311,0.00114441,3.10296820,2.75155496,-1.60109719,0.01068115,-1.57746219,-0.00076294,3.10220526,2.75117349,-1.60071572,0.00991821,-1.57708072,-0.00114441,-0.00488281,-0.00488281,0.00488281,-0.01464844,0.01464844,-0.02929688,1.03302002,2.64664233,2.64625549,0.00000000
1.21219277,2805,-3.09667523,2.76719521,-1.59117897,0.00038147,-1.69190311,0.00114441,3.10296820,2.75155496,-1.60109719,0.01045593,-1.57746219,-0.00076294,3.10220526,2.75117349,-1.60071572,0.00991821,-1.57708072,-0.00114441,0.00000000,-0.00488281,0.00488281,0.00000000,0.01464844,-0.01464844,1.03302002,2.64663872,2.64625549,-0.02441406
1.22748184,2810,-3.09667523,2.76719521,-1.59117897,0.00038147,-1.69190311,0.00114441,3.10296820,2.75155496,-1.60109719,0.01035088,-1.57746219,-0.00076294,3.10220526,2.75117349,-1.60071572,0.00991821,-1.57708072,-0.00114441,-0.00976562,-0.00488281,-0.00000000,-0.01464844,0.02929688,-0.01464844,1.03302002,2.64663754,2.64625549,0.00000000
1.24075961,2815,-3.09667523,2.76719521,-1.59117897,0.00038147,-1.69228458,0.00114441,3.10296820,2.75155496,-1.60109719,0.01031646,-1.57771866,-0.00076294,3.10220526,2.75117349,-1.60071572,0.00991821,-1.57708072,-0.00114441,-0.00488281,0.00000000,0.00976562,-0.01464844,0.01464844,-0.01464844,1.03302002,2.64663715,2.64587402,-0.04882812
1.25448561,2820,-3.09667523,2.76719521,-1.59117897,0.00038147,-1.69228458,0.00114441,3.10296820,2.75155496,-1.60109719,0.01030518,-1.57780270,-0.00076294,3.10220526,2.75117349,-1.60071572,0.01029968,-1.57708072,-0.00114441,-0.00488281,-0.00488281,0.00488281,0.00000000,0.01464844,-0.01464844,1.03302002,2.64663702,2.64625549,-0.02441406
1.26723051,2825,-3.09667523,2.76719521,-1.59117897,0.00076294,-1.69228458,0.00114441,3.10296820,2.75155496,-1.60109719,0.01037778,-1.57783024,-0.00076294,3.10220526,2.75117349,-1.60071572,0.01029968,-1.57708072,-0.00114441,-0.00488281,-0.00488281,0.00488281,-0.01464844,0.01464844,-0.01464844,1.03302002,2.64663698,2.64625549,-0.02441406
1.28374982,2830,-3.09667523,2.76719521,-1.59117897,0.00076294,-1.69228458,0.00114441,3.10296820,2.75155496,-1.60109719,0.01058174,-1.57783926,-0.00076294,3.10220526,2.75117349,-1.60071572,0.00991821,-1.57708072,-0.00114441,-0.00488281,-0.00488281,0.00488281,-0.01464844,0.01464844,-0.02929688,1.03302002,2.64663697,2.64625549,-0.02441406
1.29809093,2835,-3.09667523,2.76719521,-1.59117897,0.00076294,-1.69228458,0.00114441,3.10296820,2.75155496,-1.60109719,0.01064858,-1.57784222,-0.00076294,3.10220526,2.75117349,-1.60071572,0.01029968,-1.57708072,-0.00114441,-0.00488281,0.00000000,0.00488281,-0.01464844,0.01464844,-0.02929688,1.03302002,2.64663697,2.64587402,-0.07324219
1.31169415,2840,-3.09667523,2.76719521,-1.59117897,0.00076294,-1.69228458,0.00114441,3.10296820,2.75155496,-1.60109719,0.01067048,-1.57784319,-0.00076294,3.10220526,2.75117349,-1.60071572,0.00991821,-1.57708072,-0.00114441,-0.00488281,-0.00488281,0.00488281,-0.01464844,0.01464844,-0.01464844,1.03302002,2.64663696,2.64625549,-0.02441406
1.32444644,2845,-3.09667523,2.76719521,-1.59117897,0.00076294,-1.69228458,0.00114441,3.10296820,2.75155496,-1.60109719,0.01067765,-1.57784351,-0.00076294,3.10220526,2.75117349,-1.60071572,0.01029968,-1.57708072,-0.00114441,-0.00488281,-0.00488281,0.00488281,-0.01464844,-0.00000000,-0.01464844,1.03302002,2.64663696,2.64625549,-0.07324219
1.33718538,2850,-3.09667523,2.76719521,-1.59117897,0.00038147,-1.69228458,0.00114441,3.10296820,2.75155496,-1.60109719,0.01049385,-1.57784361,-0.00076294,3.10220526,2.75117349,-1.60071572,0.01029968,-1.57708072,-0.00114441,-0.00488281,-0.00488281,-0.00000000,-0.02929688,0.01464844,-0.01464844,1.03302002,2.64663696,2.64625549,-0.02441406
1.35050225,2855,-3.09667523,2.76719521,-1.59117897,0.00038147,-1.69266605,0.00114441,3.10296820,2.75155496,-1.60109719,0.01036331,-1.57802980,-0.00076294,3.10220526,2.75117349,-1.60071572,0.00991821,-1.57708072,-0.00114441,-0.00488281,-0.00488281,0.00488281,-0.02929688,0.01464844,-0.02929688,1.03302002,2.64663696,2.64625549,-0.04882812
1.36598420,2860,-3.09667523,2.76719521,-1.59117897,0.00038147,-1.69266605,0.00114441,3.10296820,2.75155496,-1.60109719,0.01032053,-1.57816113,-0.00076294,3.10220526,2.75117349,-1.60071572,0.00991821,-1.57708072,-0.00114441,0.00000000,-0.00488281,0.00488281,-0.02929688,0.01464844,-0.01464844,1.03302002,2.64663696,2.64625549,0.00000000
1.37992954,2865,-3.09667523,2.76719521,-1.59117897,0.00038147,-1.69266605,0.00114441,3.10296820,2.75155496,-1.60109719,0.01030651,-1.57820416,-0.00076294,3.10220526,2.75117349,-1.60071572,0.01029968,-1.57708072,-0.00114441,-0.00488281,-0.00488281,0.00488281,-0.01464844,0.01464844,-0.02929688,1.03302002,2.64663696,2.64625549,-0.04882812
1.39487123,2870,-3.09667523,2.76719521,-1.59117897,0.00038147,-1.69266605,0.00114441,3.10296820,2.75155496,-1.60109719,0.01030192,-1.57821826,-0.00076294,3.10220526,2.75117349,-1.60071572,0.01029968,-1.57708072,-0.00114441,-0.00488281,-0.00488281,0.00488281,0.00000000,0.02929688,0.00000000,1.03302002,2.64663696,2.64625549,-0.02441406
1.40810370,2875,-3.09667523,2.76719521,-1.59117897,0.00038147,-1.69266605,0.00114441,3.10296820,2.75155496,-1.60109719,0.01030042,-1.57822288,-0.00076294,3.10220526,2.75117349,-1.60071572,0.01029968,-1.57708072,-0.00114441,-0.00488281,-0.00488281,0.00488281,-0.01464844,0.01464844,0.00000000,1.03302002,2.64663696,2.64625549,-0.04882812
1.42215633,2880,-3.09667523,2.76719521,-1.59117897,0.00038147,-1.69228458,0.00114441,3.10296820,2.75155496,-1.60109719,0.01029992,-1.57799917,-0.00076294,3.10220526,2.75117349,-1.60071572,0.00991821,-1.57708072,-0.00114441,-0.00488281,0.00000000,0.00488281,-0.01464844,0.01464844,-0.01464844,1.03302002,2.64663696,2.64625549,0.02441406
1.43595409,2885,-3.09667523,2.76719521,-1.59117897,0.00038147,-1.69190311,0.00114441,3.10296820,2.75155496,-1.60109719,0.01029976,-1.57781833,-0.00076294,3.10220526,2.75117349,-1.60071572,0.01029968,-1.57708072,-0.00114441,-0.00488281,-0.00488281,0.00488281,-0.01464844,0.01464844,-0.01464844,1.03302002,2.64663696,2.64625549,-0.02441406
1.44982147,2890,-3.09667523,2.76719521,-1.59156044,0.00038147,-1.69152164,0.00114441,3.10296820,2.75155496,-1.60128334,0.01029971,-1.57744156,-0.00076294,3.10220526,2.75117349,-1.60071572,0.01029968,-1.57708072,-0.00114441,-0.00488281,-0.00976562,0.00488281,-0.01464844,0.01464844,-0.02929688,1.03302002,2.64663696,2.64587402,-0.04882812
1.46368027,2895,-3.09667523,2.76719521,-1.59194191,0.00000000,-1.69114017,0.00114441,3.10296820,2.75155496,-1.60155199,0.01007447,-1.57712267,-0.00076294,3.10220526,2.75117349,-1.60071572,0.00991821,-1.57708072,-0.00114441,-0.00488281,-0.00976562,0.00488281,-0.02929688,-0.00000000,-0.01464844,1.03302002,2.64663696,2.64625549,-0.04882812
1.47859716,2900,-3.09667523,2.76719521,-1.59346779,0.00000000,-1.69075870,0.00114441,3.10296820,2.75155496,-1.60241540,0.00996942,-1.57676170,-0.00076294,3.10220526,2.75117349,-1.60071572,0.00991821,-1.57708072,-0.00114441,-0.00488281,-0.00488281,-0.00000000,-0.02929688,0.02929688,-0.01464844,1.03302002,2.64663696,2.64587402,-0.04882812
1.49133706,2905,-3.09667523,2.76719521,-1.59499367,0.00038147,-1.68770694,0.00114441,3.10296820,2.75155496,-1.60381210,0.01007232,-1.57518200,-0.00076294,3.10220526,2.75117349,-1.60071572,0.01029968,-1.57708072,-0.00114441,0.00000000,-0.00976562,0.00488281,-0.01464844,0.01464844,-0.01464844,1.03302002,2.64663696,2.64625549,-0.07324219
1.50408769,2910,-3.09667523,2.76719521,-1.59651955,0.00038147,-1.68274784,0.00114441,3.10296820,2.75155496,-1.60529565,0.01022518,-1.57176238,-0.00076294,3.10220526,2.75117349,-1.60071572,0.00991821,-1.57708072,-0.00114441,-0.00488281,0.00000000,-0.00000000,-0.01464844,0.01464844,0.00000000,1.03302002,2.64663696,2.64625549,-0.02441406
1.51787162,2915,-3.09667523,2.76719521,-1.59957131,0.00305176,-1.67206668,0.00114441,3.10296820,2.75155496,-1.60742484,0.01142896,-1.56490991,-0.00076294,3.10220526,2.75117349,-1.60071572,0.01029968,-1.57708072,-0.00114441,0.00000000,-0.00488281,0.00488281,-0.01464844,0.01464844,0.00000000,1.03302002,2.64663696,2.64625549,-0.02441406
1.53387403,2920,-3.09667523,2.76719521,-1.60338600,0.00572205,-1.65413761,0.00114441,3.10296820,2.75155496,-1.61046604,0.01364799,-1.55238531,-0.00076294,3.10220526,2.75117349,-1.60071572,0.01029968,-1.57669925,-0.00114441,-0.00488281,-0.00976562,0.00488281,0.00000000,0.04394531,-0.01464844,1.03302002,2.64663696,2.64625549,-0.02441406
1.54779291,2925,-3.09667523,2.76719521,-1.60758217,0.00953674,-1.63582706,0.00114441,3.10296820,2.75155496,-1.61435309,0.01681141,-1.53502002,-0.00076294,3.10220526,2.75117349,-1.60071572,0.01029968,-1.57555484,-0.00114441,-0.00488281,0.00000000,-0.00000000,-0.01464844,0.11718750,-0.01464844,1.03302002,2.64663696,2.64625549,-0.04882812
1.56328416,2930,-3.09667523,2.76719521,-1.61330422,0.01411438,-1.61065006,0.00114441,3.10296820,2.75155496,-1.61903341,0.02071421,-1.51565516,-0.00076294,3.10220526,2.75117349,-1.60071572,0.01029968,-1.57517337,-0.00114441,-0.00976562,-0.00488281,0.00488281,-0.01464844,0.04394531,-0.01464844,1.03302002,2.64663696,2.64625549,-0.04882812
1.57658052,2935,-3.09667523,2.76719521,-1.61864479,0.01754761,-1.58738040,0.00114441,3.10296820,2.75155496,-1.62393742,0.02432181,-1.49580302,-0.00076294,3.10220526,2.75117349,-1.60071572,0.01029968,-1.57479190,-0.00114441,-0.00976562,-0.00488281,-0.00000000,0.00000000,0.04394531,-0.02929688,1.03302002,2.64663696,2.64587402,-0.02441406
1.59051108,2940,-3.09667523,2.76719521,-1.62512978,0.02136230,-1.55991458,0.00114441,3.10296820,2.75155496,-1.62992242,0.02813261,-1.47580302,-0.00076294,3.10220526,2.75117349,-1.60109719,0.01106262,-1.57174015,-0.00114441,-0.00488281,-0.00488281,-0.00976562,0.05859375,0.24902344,0.00000000,1.03302002,2.64663696,2.64625549,-0.02441406
1.60489392,2945,-3.09667523,2.76719521,-1.63275917,0.02555847,-1.53092288,0.00114441,3.10296820,2.75155496,-1.63668924,0.03201012,-1.45580302,-0.00076294,3.10220526,2.75117349,-1.60147866,0.01182556,-1.56563663,-0.00114441,-0.00488281,-0.01953125,-0.05371094,0.04394531,0.54199219,-0.01464844,1.03302002,2.64663696,2.64587402,-0.02441406
1.61773133,2950,-3.09667523,2.76719521,-1.64115151,0.02937317,-1.49849796,0.00114441,3.10296820,2.75155496,-1.64414171,0.03585712,-1.43580302,-0.00076294,3.10220526,2.75079202,-1.60224160,0.01258850,-1.55686283,-0.00114441,-0.00976562,-0.02441406,-0.03906250,0.07324219,0.70312500,-0.02929688,1.03302002,2.64657446,2.64587402,-0.02441406
1.63308334,2955,-3.09667523,2.76719521,-1.64954384,0.03318787,-1.46950626,0.00114441,3.10296820,2.75155496,-1.65259667,0.03996853,-1.41580302,-0.00076294,3.10220526,2.75079202,-1.60262307,0.01411438,-1.54656314,-0.00114441,-0.00488281,-0.00488281,-0.03906250,0.10253906,0.67382812,0.00000000,1.03302002,2.64661648,2.64625549,-0.02441406
1.64487219,2960,-3.09667523,2.76719521,-1.65869912,0.03776550,-1.43631839,0.00114441,3.10296820,2.75155496,-1.66144580,0.04423471,-1.39580302,-0.00076294,3.10220526,2.75079202,-1.60300454,0.01564026,-1.53740787,-0.00114441,-0.00488281,-0.00488281,-0.03906250,0.08789062,0.74707031,-0.01464844,1.03302002,2.64663025,2.64625549,-0.02441406
1.65916514,2965,-3.09667523,2.76757668,-1.66709145,0.04119873,-1.40656375,0.00076294,3.10296820,2.75169229,-1.67042142,0.04816451,-1.37580302,-0.00101941,3.10220526,2.75079202,-1.60376747,0.01716614,-1.52443790,-0.00114441,-0.00488281,-0.00488281,-0.03906250,0.10253906,0.87890625,-0.01464844,1.03302002,2.64663476,2.64625549,-0.02441406
1.67195845,2970,-3.09667523,2.76757668,-1.67662819,0.04501343,-1.37490177,0.00076294,3.10296820,2.75185643,-1.67939099,0.05189485,-1.35580302,-0.00110345,3.10220526,2.75079202,-1.60491188,0.01945496,-1.51451969,-0.00114441,-0.00488281,-0.00488281,-0.06347656,0.17578125,0.76171875,-0.01464844,1.03302002,2.64663624,2.64625549,-0.02441406
1.68701100,2975,-3.09667523,2.76757668,-1.68654641,0.04920959,-1.34056949,0.00076294,3.10296820,2.75191021,-1.68864630,0.05570547,-1.33580302,-0.00113099,3.10220526,2.75079202,-1.60567482,0.02212524,-1.50422000,-0.00114441,0.00000000,-0.00488281,-0.09277344,0.19042969,0.83496094,0.00000000,1.03302002,2.64663673,2.64625549,-0.04882812
1.70024252,2980,-3.09667523,2.76757668,-1.69684609,0.05416870,-1.30623722,0.00038147,3.10296820,2.75192784,-1.69897437,0.06048843,-1.31580302,-0.00136523,3.10220526,2.75079202,-1.60796364,0.02517700,-1.49163150,-0.00114441,-0.00488281,-0.00488281,-0.13183594,0.19042969,0.82031250,-0.01464844,1.03302002,2.64663689,2.64625549,0.00000000
1.71463943,2985,-3.09667523,2.76757668,-1.70829018,0.05989075,-1.26961612,0.00000000,3.10296820,2.75193361,-1.70904251,0.06537200,-1.29580302,-0.00161057,3.10220526,2.75079202,-1.60948952,0.02746582,-1.48209476,-0.00114441,-0.00488281,-0.00488281,-0.13183594,0.17578125,0.83496094,-0.01464844,1.03302002,2.64669944,2.64625549,0.00000000
1.72660732,2990,-3.09667523,2.76757668,-1.71668251,0.06332397,-1.24443912,-0.00038147,3.10296820,2.75193550,-1.71865682,0.06985176,-1.27580302,-0.00194743,3.10258673,2.75079202,-1.61139687,0.03089905,-1.47065067,-0.00114441,-0.00488281,0.00000000,-0.13183594,0.24902344,0.77636719,-0.01464844,1.03340149,2.64681002,2.64625549,-0.02441406
1.73966527,2995,-3.09667523,2.76757668,-1.72736367,0.06675720,-1.21392154,-0.00152588,3.10296820,2.75193612,-1.72887657,0.07373924,-1.25580302,-0.00269587,3.10258673,2.75079202,-1.61292275,0.03318787,-1.46187686,-0.00114441,0.00976562,-0.00488281,-0.12695312,0.19042969,0.76171875,-0.01464844,1.03302002,2.64669367,2.64625549,-0.02441406
1.75719237,3000,-3.09667523,2.76757668,-1.73957070,0.07057190,-1.18149661,-0.00190735,3.10296820,2.75193633,-1.73987577,0.07745865,-1.23580302,-0.00344808,3.10334967,2.75079202,-1.61521157,0.03547668,-1.44966983,-0.00114441,0.04394531,-0.00488281,-0.15625000,0.11718750,0.79101562,-0.01464844,1.03302002,2.64665555,2.64625549,-0.02441406
1.76794672,3005,-3.09667523,2.76757668,-1.74910744,0.07362366,-1.15746402,-0.00190735,3.10296820,2.75193639,-1.75019105,0.08070721,-1.21580302,-0.00369456,3.10334967,2.75079202,-1.61711891,0.03890991,-1.43898868,-0.00114441,-0.00488281,-0.00488281,-0.15625000,0.23437500,0.84960938,-0.01464844,1.03302002,2.64664305,2.64625549,-0.04882812
1.78353739,3010,-3.09667523,2.76872109,-1.76055153,0.07781982,-1.12809085,-0.00190735,3.10296820,2.75245534,-1.76125988,0.08442246,-1.19580302,-0.00377533,3.10334967,2.75079202,-1.61978920,0.04272461,-1.42640018,-0.00114441,-0.00976562,-0.00488281,-0.17578125,0.23437500,0.90820312,-0.01464844,1.03302002,2.64663896,2.64625549,0.00000000
1.79748011,3015,-3.09667523,2.77062844,-1.77123268,0.08163452,-1.10291385,-0.00190735,3.10296820,2.75383742,-1.77264522,0.08843357,-1.17580302,-0.00380180,3.10334967,2.75079202,-1.62284096,0.04463196,-1.41343021,-0.00152588,-0.00488281,-0.00488281,-0.20507812,0.16113281,0.87890625,-0.04394531,1.03302002,2.64663762,2.64625549,-0.02441406
1.81088185,3020,-3.09667523,2.77329873,-1.78153237,0.08544922,-1.08117008,-0.00190735,3.10296820,2.75585512,-1.78301598,0.09229359,-1.15580302,-0.00381047,3.10334967,2.75079202,-1.62512978,0.04844666,-1.40236759,-0.00152588,-0.00488281,-0.00488281,-0.18066406,0.29296875,0.82031250,-0.02929688,1.03302002,2.64663718,2.64625549,-0.02441406
1.82557821,3025,-3.09667523,2.77673196,-1.79068764,0.08888245,-1.06324100,-0.00190735,3.10296820,2.75875419,-1.79346603,0.09622702,-1.13580302,-0.00381331,3.10334967,2.75079202,-1.62856301,0.05264282,-1.39054203,-0.00152588,-0.00488281,-0.00488281,-0.21484375,0.23437500,0.79101562,-0.01464844,1.03302002,2.64663703,2.64625549,-0.02441406
1.84116364,3030,-3.09667523,2.78169106,-1.80136879,0.09231567,-1.04531192,-0.00190735,3.10296820,2.76252753,-1.80322233,0.09964397,-1.11580302,-0.00381424,3.10296820,2.75079202,-1.63123329,0.05493164,-1.38024234,-0.00152588,-0.00488281,-0.00488281,-0.19042969,0.16113281,0.77636719,-0.02929688,1.03302002,2.64663699,2.64625549,-0.02441406
1.85504913,3035,-3.09667523,2.78703164,-1.81052407,0.09498596,-1.03081607,-0.00190735,3.10296820,2.76722564,-1.81273129,0.10261166,-1.09580302,-0.00381455,3.10296820,2.75079202,-1.63466652,0.05874634,-1.36879825,-0.00152588,-0.00488281,-0.00976562,-0.23925781,0.24902344,0.82031250,-0.02929688,1.03302002,2.64663697,2.64625549,0.00000000
1.86811805,3040,-3.09667523,2.79313516,-1.82006081,0.09803772,-1.01860904,-0.00190735,3.10296820,2.77267674,-1.82210365,0.10547328,-1.07580302,-0.00381465,3.10334967,2.75079202,-1.63809975,0.06294250,-1.35659122,-0.00152588,-0.00488281,-0.00488281,-0.22949219,0.21972656,0.84960938,-0.01464844,1.03302002,2.64663697,2.64625549,0.00000000
1.88185096,3045,-3.09667523,2.79923867,-1.82845314,0.10032654,-1.00945377,-0.00190735,3.10296820,2.77847224,-1.83088109,0.10806893,-1.05580302,-0.00381468,3.10334967,2.75079202,-1.64077004,0.06561279,-1.34705448,-0.00152588,-0.00488281,0.00976562,-0.24902344,0.17578125,0.87890625,-0.01464844,1.03302002,2.64663696,2.64625549,-0.02441406
1.89563775,3050,-3.09667523,2.80686807,-1.83722695,0.10299683,-1.00335025,-0.00190735,3.10296820,2.78519894,-1.83974592,0.11068351,-1.03580302,-0.00381469,3.10334967,2.75117349,-1.64496620,0.06904602,-1.33561038,-0.00190735,-0.00488281,0.02441406,-0.24902344,0.23437500,0.77636719,-0.02929688,1.03302002,2.64663696,2.64625549,0.00000000
1.90961576,3055,-3.09667523,2.81449746,-1.84523781,0.10604858,-0.99877262,-0.00190735,3.10296820,2.79264680,-1.84834033,0.11355295,-1.01580302,-0.00381470,3.10334967,2.75155496,-1.64839943,0.07209778,-1.32454776,-0.00190735,-0.00488281,0.01953125,-0.26367188,0.19042969,0.82031250,-0.02929688,1.03302002,2.64663696,2.64625549,0.00000000
1.92239165,3060,-3.09667523,2.82288979,-1.85324868,0.10833740,-0.99114322,-0.00190735,3.10296820,2.80051969,-1.85657512,0.11618242,-0.99580302,-0.00381470,3.10334967,2.75231790,-1.65145119,0.07438660,-1.31424808,-0.00228882,-0.00488281,0.04394531,-0.26855469,0.19042969,0.89355469,-0.04394531,1.03302002,2.64663696,2.64625549,0.00000000
1.93689299,3065,-3.09667523,2.83166360,-1.86164101,0.11062622,-0.98503971,-0.00190735,3.10296820,2.80891136,-1.86479767,0.11866538,-0.97580302,-0.00381470,3.10334967,2.75308083,-1.65564736,0.07743835,-1.30356693,-0.00267029,-0.00488281,0.06347656,-0.25390625,0.19042969,0.82031250,-0.02929688,1.03302002,2.64663696,2.64625549,-0.02441406
1.95173931,3070,-3.09667523,2.84234475,-1.87194069,0.11329651,-0.98122501,-0.00152588,3.10296820,2.81866945,-1.87418283,0.12125280,-0.95580302,-0.00373840,3.10296820,2.75422524,-1.65984352,0.08049011,-1.28983402,-0.00305176,-0.00976562,0.05371094,-0.28320312,0.16113281,0.83496094,-0.05859375,1.03302002,2.64663696,2.64625549,0.00000000
1.96728992,3075,-3.09667523,2.85493325,-1.88300331,0.11367798,-0.97893619,-0.00152588,3.10296820,2.82916544,-1.88386131,0.12279706,-0.93580302,-0.00353323,3.10334967,2.75575112,-1.66442116,0.08468628,-1.27686405,-0.00419617,-0.00488281,0.08300781,-0.25878906,0.24902344,0.87890625,-0.07324219,1.03302002,2.64663696,2.64625549,0.00000000
1.98131609,3080,-3.09667523,2.86485146,-1.89101418,0.11329651,-0.97893619,-0.00152588,3.10296820,2.84079154,-1.89377848,0.12307786,-0.91580302,-0.00346600,3.10296820,2.75689553,-1.66823586,0.08811951,-1.26580142,-0.00419617,-0.00976562,0.08300781,-0.28808594,0.21972656,0.84960938,0.01464844,1.03302002,2.64663696,2.64625549,-0.02441406
1.99559832,3085,-3.09667523,2.87705850,-1.90016945,0.11329651,-0.97931766,-0.00152588,3.10296820,2.85163487,-1.90251154,0.12316988,-0.89580302,-0.00344396,3.10296820,2.75842141,-1.67281349,0.09078979,-1.25321292,-0.00419617,-0.00488281,0.10742188,-0.30273438,0.17578125,0.82031250,-0.01464844,1.03302002,2.64663696,2.64625549,-0.02441406
2.01061630,3090,-3.09667523,2.89002847,-1.91008766,0.11291504,-0.97931766,-0.00152588,3.10296820,2.86435231,-1.91232314,0.12312373,-0.87698956,-0.00343675,3.10296820,2.76032876,-1.67739113,0.09422302,-1.24138736,-0.00419617,-0.00976562,0.12207031,-0.29296875,0.19042969,0.83496094,-0.01464844,1.03302002,2.64663696,2.64625549,-0.04882812
2.02542162,3095,-3.09667523,2.90414285,-1.92076882,0.11291504,-0.97931766,-0.00152588,3.10296820,2.87802994,-1.92276183,0.12292844,-0.86884587,-0.00343438,3.10296820,2.76185464,-1.68196877,0.09613037,-1.23108768,-0.00419617,-0.00488281,0.12695312,-0.32226562,0.11718750,0.73242188,-0.02929688,1.03302002,2.64663696,2.64625549,-0.04882812
2.04124665,3100,-3.09667523,2.91825723,-1.93106850,0.11253357,-0.97931766,-0.00152588,3.10296820,2.89157885,-1.93288637,0.12263922,-0.86617735,-0.00343361,3.10296820,2.76452493,-1.68692787,0.09765625,-1.21735477,-0.00419617,-0.00488281,0.15136719,-0.33691406,0.07324219,0.77636719,-0.02929688,1.03302002,2.64663696,2.64625549,0.00000000
2.05447173,3105,-3.09667523,2.93351602,-1.94213112,0.11215210,-0.97931766,-0.00152588,3.10296820,2.90582324,-1.94325976,0.12232705,-0.86530292,-0.00343335,3.10334967,2.76643228,-1.69074257,0.09880066,-1.20781803,-0.00419617,-0.00488281,0.16113281,-0.31738281,0.07324219,0.83496094,-0.01464844,1.03302002,2.64663696,2.64625549,0.00000000
2.07066727,3110,-3.09667523,2.94686746,-1.95166787,0.11215210,-0.97931766,-0.00152588,3.10296820,2.91957275,-1.95313071,0.12215444,-0.86501639,-0.00343327,3.10296820,2.76948403,-1.69570168,0.10108948,-1.19408512,-0.00419617,-0.00488281,0.18554688,-0.31738281,0.14648438,0.90820312,-0.01464844,1.03302002,2.64663696,2.64625549,-0.04882812
2.08624482,3115,-3.09667523,2.96517800,-1.96425637,0.11215210,-0.97931766,-0.00152588,3.10296820,2.93555866,-1.96433117,0.12209788,-0.86492250,-0.00343324,3.10296820,2.77291726,-1.70256813,0.10261536,-1.18035221,-0.00419617,-0.00488281,0.20507812,-0.33691406,0.08789062,0.83496094,-0.01464844,1.03302002,2.64663696,2.64625549,0.00000000
2.10207820,3120,-3.09667523,2.97967385,-1.97417458,0.11215210,-0.97931766,-0.00152588,3.10296820,2.95164189,-1.97558654,0.12207935,-0.86489174,-0.00343323,3.10296820,2.77635049,-1.70790871,0.10490417,-1.16776370,-0.00419617,-0.00488281,0.22949219,-0.33691406,0.16113281,0.83496094,-0.01464844,1.03302002,2.64663696,2.64625549,-0.02441406
2.11481595,3125,-3.09667523,2.99531411,-1.98485573,0.11215210,-0.97931766,-0.00152588,3.10296820,2.96718853,-1.98614628,0.12207327,-0.86488166,-0.00343323,3.10296820,2.77902078,-1.71172341,0.10643005,-1.15860843,-0.00419617,-0.00488281,0.20996094,-0.35156250,0.10253906,0.79101562,-0.01464844,1.03302002,2.64663696,2.64625549,-0.04882812
2.12813139,3130,-3.09667523,3.01171731,-1.99591835,0.11177063,-0.97969913,-0.00152588,3.10296820,2.98255569,-1.99664178,0.12188513,-0.86510357,-0.00343323,3.10296820,2.78245400,-1.71706398,0.10833740,-1.14601993,-0.00419617,-0.00488281,0.23437500,-0.34179688,0.10253906,0.92285156,-0.01464844,1.03302002,2.64663696,2.64625549,0.00000000
2.14342833,3135,-3.09667523,3.02888345,-2.00736245,0.11138916,-0.97969913,-0.00152588,3.10296820,2.99924366,-2.00781996,0.12149669,-0.86520754,-0.00343323,3.10296820,2.78626870,-1.72202309,0.11024475,-1.13419437,-0.00419617,-0.00488281,0.27832031,-0.37109375,0.08789062,0.76171875,0.00000000,1.03302002,2.64663696,2.64625549,-0.02441406
2.15990639,3140,-3.09667523,3.04566812,-2.01804360,0.11100769,-0.97969913,-0.00152588,3.10296820,3.01679254,-2.01942618,0.12111294,-0.86524161,-0.00343323,3.10296820,2.79046487,-1.72812661,0.11100769,-1.12313175,-0.00419617,-0.00488281,0.27832031,-0.39062500,0.04394531,0.80566406,0.00000000,1.03302002,2.64663696,2.64587402,-0.04882812
2.17470455,3145,-3.09667523,3.06512307,-2.03063210,0.11100769,-0.97969913,-0.00152588,3.10296820,3.03533157,-2.03153119,0.12098719,-0.86525277,-0.00343323,3.10296820,2.79542397,-1.73461159,0.11215210,-1.10939884,-0.00419617,-0.00976562,0.29296875,-0.40039062,0.05859375,0.83496094,-0.01464844,1.03302002,2.64663696,2.64625549,-0.02441406
2.18890333,3150,-3.09667523,3.08305215,-2.04169472,0.11100769,-0.98008060,-0.00152588,3.10296820,3.05331973,-2.04284309,0.12094599,-0.86539376,-0.00343323,3.10296820,2.79962014,-1.74033364,0.11291504,-1.09871768,-0.00419617,-0.00488281,0.31250000,-0.41015625,0.05859375,0.79101562,-0.02929688,1.03302002,2.64663696,2.64625549,-0.02441406
2.20219135,3155,-3.09667523,3.09983682,-2.05237587,0.11100769,-0.98046207,-0.00152588,3.10296820,3.07107640,-2.05404197,0.12093248,-0.86569643,-0.00343323,3.10296820,2.80496072,-1.74605568,0.11291504,-1.08536624,-0.00419617,-0.00488281,0.32714844,-0.40039062,-0.02929688,0.89355469,-0.02929688,1.03302002,2.64663696,2.64625549,-0.02441406
2.21701932,3160,-3.09667523,3.11967324,-2.06496437,0.11100769,-0.98046207,-0.00152588,3.10296820,3.08867273,-2.06522736,0.12092806,-0.86591475,-0.00343323,3.10296820,2.81030129,-1.75254067,0.11291504,-1.07392215,-0.00419617,-0.00488281,0.35644531,-0.41503906,0.04394531,0.74707031,-0.01464844,1.03302002,2.64663696,2.64587402,-0.04882812
2.23043847,3165,-3.09667523,3.13607644,-2.07526406,0.11100769,-0.98046207,-0.00152588,3.10296820,3.10545030,-2.07579921,0.12092661,-0.86598628,-0.00343323,3.10296820,2.81449746,-1.75711830,0.11329651,-1.06400394,-0.00419617,-0.00488281,0.38085938,-0.40039062,0.01464844,0.84960938,0.00000000,1.03302002,2.64651489,2.64587402,-0.02441406
2.24433661,3170,-3.09667523,-3.12956126,-2.08594521,0.11100769,-0.98046207,-0.00152588,3.10296820,3.12374411,-2.08710323,0.12092613,-0.86600973,-0.00343323,3.10296820,2.81983804,-1.76245888,0.11329651,-1.05255985,-0.00419617,-0.00488281,0.40039062,-0.42968750,-0.02929688,0.82031250,-0.01464844,1.03302002,2.64659696,2.64625549,-0.02441406
2.25871587,3175,-3.09667523,-3.11163218,-2.09624489,0.11100769,-0.98046207,-0.00152588,3.10296820,3.14199193,-2.09803134,0.12092598,-0.86601741,-0.00343323,3.10296820,2.82594155,-1.76932534,0.11367798,-1.04073429,-0.00419617,-0.00488281,0.39550781,-0.41015625,0.00000000,0.86425781,0.01464844,1.03302002,2.64662386,2.64625549,-0.02441406
2.27204537,3180,-3.09667523,-3.09446604,-2.10616310,0.11062622,-0.98046207,-0.00152588,3.10296820,3.15924591,-2.10814912,0.12078860,-0.86601992,-0.00343323,3.10296820,2.83090066,-1.77504738,0.11367798,-1.03043460,-0.00419617,-0.00488281,0.40527344,-0.43457031,-0.02929688,0.83496094,0.00000000,1.03302002,2.64663267,2.64625549,-0.02441406
2.28837872,3185,-3.09667523,-3.07310374,-2.11875161,0.10871887,-0.98046207,-0.00152588,3.10296820,3.17803345,-2.11911747,0.11992315,-0.86602075,-0.00343323,3.10296820,2.83738564,-1.78153237,0.11367798,-1.01899051,-0.00419617,-0.00488281,0.42968750,-0.41015625,0.01464844,0.79101562,-0.01464844,1.03302002,2.64663556,2.64625549,-0.02441406
2.30205822,3190,-3.09667523,-3.05479319,-2.12943276,0.10604858,-0.98046207,-0.00152588,3.10296820,3.19719108,-2.13029947,0.11788333,-0.86602102,-0.00343323,3.10296820,2.84463357,-1.78878029,0.11405945,-1.00449466,-0.00419617,-0.00488281,0.43457031,-0.42968750,-0.01464844,0.84960938,-0.01464844,1.03302002,2.64663650,2.64625549,-0.02441406
2.31792498,3195,-3.09667523,-3.03571971,-2.14049538,0.10299683,-0.98046207,-0.00152588,3.10296820,3.21666803,-2.14185287,0.11506746,-0.86602111,-0.00343323,3.10296820,2.84997415,-1.79450234,0.11405945,-0.99648380,-0.00419617,-0.00976562,0.44433594,-0.45410156,0.01464844,0.67382812,-0.01464844,1.03302002,2.64663681,2.64625549,-0.02441406
2.33226347,3200,-3.09667523,-3.01664622,-2.15155800,0.10032654,-0.98046207,-0.00152588,3.10296820,3.23562540,-2.15288686,0.11227476,-0.86602114,-0.00343323,3.10296820,2.85684060,-1.80060585,0.11444092,-0.98503971,-0.00419617,-0.00488281,0.47363281,-0.45898438,0.00000000,0.80566406,-0.01464844,1.03302002,2.64663691,2.64625549,0.00000000
2.34684682,3205,-3.09667523,-2.99719126,-2.16300209,0.09689331,-0.98046207,-0.00152588,3.10296820,3.25460247,-2.16398123,0.10939127,-0.86602115,-0.00343323,3.10296820,2.86637734,-1.80976113,0.11444092,-0.97130680,-0.00419617,-0.00488281,0.50781250,-0.45898438,-0.02929688,0.70312500,-0.02929688,1.03302002,2.64663695,2.64587402,-0.04882812
2.35895133,3210,-3.09667523,-2.98422129,-2.17063149,0.09422302,-0.98046207,-0.00152588,3.10296820,3.27205534,-2.17405414,0.10624047,-0.86602115,-0.00343323,3.10296820,2.87095498,-1.81319435,0.11444092,-0.96596622,-0.00419617,0.00000000,0.51757812,-0.45898438,-0.01464844,0.62988281,0.00000000,1.03302002,2.64663696,2.64625549,-0.02441406
2.37487149,3215,-3.09667523,-2.95904429,-2.18474587,0.08773804,-0.98046207,-0.00152588,3.10296820,3.29181418,-2.18547019,0.10157020,-0.86602115,-0.00343323,3.10296820,2.88163613,-1.82311257,0.11405945,-0.95337772,-0.00419617,0.00000000,0.53222656,-0.46386719,-0.02929688,0.67382812,0.00000000,1.03302002,2.64663696,2.64625549,-0.04882812
2.38815188,3220,-3.09667523,-2.93997081,-2.19618996,0.08277893,-0.98046207,-0.00152588,3.10296820,3.31072866,-2.19648419,0.09686053,-0.86602115,-0.00343323,3.10296820,2.88850259,-1.82921608,0.11405945,-0.94651126,-0.00419617,-0.00488281,0.56152344,-0.46875000,-0.01464844,0.55664062,0.00000000,1.03302002,2.64663696,2.64625549,0.02441406
2.40393949,3225,-3.09667523,-2.92089732,-2.20725258,0.07858276,-0.98046207,-0.00152588,3.10296820,3.33010438,-2.20777307,0.09224365,-0.86602115,-0.00343323,3.10296820,2.89613198,-1.83570107,0.11405945,-0.94155216,-0.00419617,-0.00488281,0.55175781,-0.46386719,0.00000000,0.39550781,0.01464844,1.03302002,2.64663696,2.64587402,-0.04882812
2.41810393,3230,-3.09667523,-2.90182383,-2.21831520,0.07438660,-0.98008060,-0.00152588,3.10296820,3.34981805,-2.21927995,0.08772945,-0.86579593,-0.00343323,3.10296820,2.90528726,-1.84333046,0.11329651,-0.93583011,-0.00419617,-0.00488281,0.59082031,-0.48339844,-0.07324219,0.41015625,-0.01464844,1.03302002,2.64685669,2.64625549,-0.02441406
2.43285036,3235,-3.09667523,-2.87893565,-2.23128517,0.07019043,-0.98008060,-0.00152588,3.10296820,3.36981805,-2.23126903,0.08349011,-0.86569088,-0.00343323,3.10296820,2.91253518,-1.85019692,0.11291504,-0.92934513,-0.00419617,-0.00488281,0.57617188,-0.50292969,-0.05859375,0.49804688,-0.02929688,1.03302002,2.64670896,2.64625549,0.00000000
2.44597030,3240,-3.09667523,-2.85948069,-2.24234780,0.06637573,-0.98008060,-0.00152588,3.10296820,3.38824157,-2.24210203,0.07984632,-0.86565646,-0.00343323,3.10296820,2.92169045,-1.85782631,0.11177063,-0.92476749,-0.00419617,0.00000000,0.59570312,-0.50781250,-0.10253906,0.30761719,-0.01464844,1.03302002,2.64666056,2.64625549,-0.02441406
2.45969820,3245,-3.09667523,-2.84117015,-2.25302895,0.06370544,-0.98046207,-0.00152588,3.10296820,3.40824157,-2.25396721,0.07622618,-0.86583134,-0.00343323,3.10296820,2.92931985,-1.86431130,0.10948181,-0.92209720,-0.00419617,-0.00488281,0.60058594,-0.50292969,-0.20507812,0.20507812,-0.02929688,1.03302002,2.64664469,2.64625549,-0.02441406
2.47398782,3250,-3.09667523,-2.81866343,-2.26676186,0.06141663,-0.98046207,-0.00152588,3.10296820,3.42824157,-2.26623313,0.07333851,-0.86595895,-0.00343323,3.10296820,2.93885659,-1.87194069,0.10643005,-0.92018985,-0.00419617,-0.00488281,0.64453125,-0.52734375,-0.20507812,0.17578125,-0.01464844,1.03302002,2.64663950,2.64625549,-0.02441406
2.49004269,3255,-3.09667523,-2.79768260,-2.28011330,0.06027222,-0.98046207,-0.00152588,3.10296820,3.44824157,-2.27926109,0.07155256,-0.86600077,-0.00343323,3.10296820,2.94763040,-1.87957009,0.10337830,-0.91713809,-0.00419617,-0.00488281,0.63964844,-0.53222656,-0.21972656,0.23437500,-0.01464844,1.03302002,2.64663779,2.64625549,0.00000000
2.50296855,3260,-3.09667523,-2.77670176,-2.29384621,0.05989075,-0.98046207,-0.00152588,3.10296820,3.46824157,-2.29226447,0.07045062,-0.86601447,-0.00343323,3.10296820,2.95869302,-1.88796242,0.10070801,-0.91217899,-0.00419617,-0.00488281,0.65917969,-0.53710938,-0.17578125,0.33691406,-0.01464844,1.03302002,2.64663723,2.64625549,-0.02441406
2.51672268,3265,-3.09667523,-2.76144297,-2.30376442,0.05989075,-0.98046207,-0.00152588,3.10296820,3.48824157,-2.30447634,0.07001922,-0.86601896,-0.00343323,3.10296820,2.96708535,-1.89521035,0.09918213,-0.90721988,-0.00419617,-0.00488281,0.67871094,-0.53222656,-0.16113281,0.41015625,0.00000000,1.03302002,2.64663705,2.64625549,-0.02441406
2.52903152,3270,-3.09667523,-2.74503977,-2.31444558,0.05989075,-0.98046207,-0.00152588,3.10296820,3.50789431,-2.31646230,0.06987786,-0.86602043,-0.00343323,3.10296820,2.97509622,-1.90169533,0.09651184,-0.90264224,-0.00419617,0.00000000,0.67382812,-0.54199219,-0.21972656,0.39550781,0.00000000,1.03302002,2.64663699,2.64625549,-0.04882812
2.54432487,3275,-3.09667523,-2.72405894,-2.32855995,0.05989075,-0.98046207,-0.00152588,3.10296820,3.52761037,-2.32876840,0.06983154,-0.86602092,-0.00343323,3.10296820,2.98768472,-1.91085060,0.09346008,-0.89882755,-0.00419617,-0.00488281,0.72753906,-0.52246094,-0.16113281,0.19042969,-0.01464844,1.03302002,2.64655885,2.64625549,-0.02441406
2.55758357,3280,-3.09667523,-2.70269664,-2.34343727,0.05989075,-0.98046207,-0.00152588,3.10296820,3.54677740,-2.34158981,0.06981636,-0.86602107,-0.00343323,3.10296820,2.99455117,-1.91619118,0.09269714,-0.89692020,-0.00419617,-0.00488281,0.71289062,-0.52246094,-0.08789062,0.20507812,0.00000000,1.03302002,2.64661137,2.64625549,0.00000000
2.57030654,3285,-3.09667523,-2.68705638,-2.35411843,0.05989075,-0.98046207,-0.00152588,3.10296820,3.56598033,-2.35437071,0.06981138,-0.86602113,-0.00343323,3.10296820,3.00637673,-1.92496498,0.09117126,-0.89424991,-0.00419617,-0.00488281,0.75195312,-0.57128906,-0.14648438,0.20507812,-0.01464844,1.03302002,2.64662858,2.64625549,-0.02441406
2.58553600,3290,-3.09667523,-2.66569407,-2.36899575,0.05989075,-0.98046207,-0.00152588,3.10296820,3.58492191,-2.36761919,0.06980975,-0.86602114,-0.00343323,3.10296820,3.01858376,-1.93259438,0.08926392,-0.89157962,-0.00419617,-0.00488281,0.78125000,-0.55664062,-0.08789062,0.14648438,-0.01464844,1.03302002,2.64663421,2.64625549,-0.02441406
2.60043097,3295,-3.09667523,-2.64509471,-2.38311013,0.05989075,-0.98046207,-0.00152588,3.10296820,3.60450171,-2.38140246,0.06980922,-0.86602115,-0.00343323,3.10296820,3.02964639,-1.94213112,0.08811951,-0.89005374,-0.00419617,0.00000000,0.74707031,-0.58105469,-0.10253906,0.16113281,0.00000000,1.03302002,2.64663606,2.64587402,-0.04882812
2.61652780,3300,-3.09667523,-2.63059886,-2.39302834,0.05989075,-0.98046207,-0.00152588,3.10296820,3.62324365,-2.39389675,0.06980905,-0.86602115,-0.00343323,3.10296820,3.03842019,-1.94899758,0.08621216,-0.88776493,-0.00419617,-0.00488281,0.77636719,-0.60546875,-0.14648438,0.21972656,-0.01464844,1.03302002,2.64663667,2.64587402,-0.02441406
2.62867928,3305,-3.09667523,-2.61076243,-2.40676125,0.05989075,-0.98046207,-0.00152588,3.10296820,3.64155038,-2.40623258,0.06980899,-0.86602115,-0.00343323,3.10296820,3.05177163,-1.95929726,0.08506775,-0.88547611,-0.00419617,-0.00488281,0.78125000,-0.58105469,-0.07324219,0.13183594,-0.01464844,1.03302002,2.64663687,2.64625549,0.00000000
2.64220905,3310,-3.09667523,-2.59016307,-2.42049416,0.05989075,-0.98046207,-0.00152588,3.10296820,3.66090824,-2.41937537,0.06980897,-0.86602115,-0.00343323,3.10296820,3.06207131,-1.96730812,0.08430481,-0.88471317,-0.00419617,-0.00488281,0.76660156,-0.59082031,-0.10253906,0.04394531,-0.01464844,1.03302002,2.64663693,2.64587402,-0.04882812
2.65615869,3315,-3.09667523,-2.57261546,-2.43270119,0.05989075,-0.98046207,-0.00152588,3.10296820,3.67949927,-2.43209411,0.06980896,-0.86602115,-0.00343323,3.10296820,3.07275247,-1.97570046,0.08277893,-0.88433170,-0.00419617,-0.00488281,0.79101562,-0.60058594,-0.08789062,0.04394531,-0.01464844,1.03302002,2.64651488,2.64625549,-0.02441406
2.67039061,3320,-3.09667523,-2.55697520,-2.44300087,0.05989075,-0.98046207,-0.00152588,3.10296820,3.69745261,-2.44420307,0.06980896,-0.86602115,-0.00343323,3.10296820,3.08228921,-1.98294838,0.08239746,-0.88356876,-0.00419617,-0.00488281,0.80078125,-0.62500000,-0.02929688,0.10253906,0.00000000,1.03302002,2.64665946,2.64625549,-0.02441406
2.68397999,3325,-3.09667523,-2.53752024,-2.45673378,0.05989075,-0.98046207,-0.00152588,3.10296820,3.71476952,-2.45611966,0.06980896,-0.86602115,-0.00343323,3.10296820,3.09373330,-1.99172219,0.08201599,-0.88127994,-0.00419617,-0.00976562,0.78613281,-0.61523438,-0.04394531,0.19042969,-0.01464844,1.03302002,2.64676640,2.64587402,0.00000000
2.69972777,3330,-3.09667523,-2.51806529,-2.46970375,0.05989075,-0.98046207,-0.00152588,3.10296820,3.73332191,-2.46871761,0.06980896,-0.86602115,-0.00343323,3.10296820,3.10670327,-2.00202187,0.08125305,-0.87746524,-0.00419617,-0.00488281,0.80078125,-0.62500000,-0.07324219,0.26367188,-0.01464844,1.03302002,2.64667938,2.64625549,0.00000000
2.71455026,3335,-3.09667523,-2.50166209,-2.48076638,0.05989075,-0.98008060,-0.00152588,3.10296820,3.75166915,-2.48115490,0.06980896,-0.86579593,-0.00343323,3.10296820,3.12005471,-2.01155861,0.07934570,-0.87632083,-0.00419617,-0.00488281,0.81542969,-0.58105469,-0.14648438,0.07324219,-0.01464844,1.03302002,2.64665086,2.64587402,-0.04882812
2.72900867,3340,-3.09667523,-2.48258860,-2.49373635,0.05989075,-0.98008060,-0.00152588,3.10296820,3.77068408,-2.49399916,0.06980896,-0.86569088,-0.00343323,3.10296820,3.13188027,-2.02033242,0.07743835,-0.87593936,-0.00419617,-0.00488281,0.81542969,-0.59570312,-0.10253906,0.05859375,-0.01464844,1.03302002,2.64664152,2.64587402,-0.04882812
2.74225354,3345,-3.09667523,-2.46580394,-2.50479897,0.05989075,-0.98008060,-0.00152588,3.10296820,3.78823427,-2.50572859,0.06980896,-0.86565646,-0.00343323,3.10296820,3.14103555,-2.02758034,0.07667542,-0.87479495,-0.00419617,-0.00976562,0.79589844,-0.61523438,-0.10253906,0.11718750,-0.01464844,1.03302002,2.64663846,2.64625549,-0.02441406
2.75609708,3350,-3.09667523,-2.44787486,-2.51738747,0.05989075,-0.98008060,-0.00152588,3.10296820,3.80556777,-2.51760493,0.06980896,-0.86564518,-0.00343323,3.10296820,-3.13032420,-2.03711708,0.07591248,-0.87403202,-0.00419617,-0.00488281,0.79589844,-0.64453125,-0.05859375,0.04394531,-0.01464844,1.03302002,2.64663745,2.64625549,-0.02441406
2.77209330,3355,-3.09667523,-2.42613108,-2.53188332,0.05989075,-0.98008060,-0.00152588,3.10296820,3.82374327,-2.53034398,0.06980896,-0.86564148,-0.00343323,3.10296820,-3.11620982,-2.04856118,0.07591248,-0.87403202,-0.00419617,-0.00488281,0.81054688,-0.65917969,-0.01464844,-0.00000000,0.00000000,1.03302002,2.64663712,2.64587402,0.00000000
2.78518677,3360,-3.09667523,-2.41354258,-2.54065712,0.05989075,-0.98008060,-0.00152588,3.10296820,3.84212034,-2.54259241,0.06980896,-0.86564027,-0.00343323,3.10296820,-3.10934336,-2.05580910,0.07591248,-0.87403202,-0.00419617,-0.00488281,0.79101562,-0.67382812,-0.02929688,0.01464844,-0.01464844,1.03302002,2.64663702,2.64625549,-0.02441406
2.79997587,3365,-3.09667523,-2.39446910,-2.55400856,0.05989075,-0.98008060,-0.00152588,3.10296820,3.85976806,-2.55465615,0.06980896,-0.86563987,-0.00343323,3.10296820,-3.09561045,-2.06572731,0.07553101,-0.87365055,-0.00419617,-0.00488281,0.78613281,-0.63964844,-0.04394531,0.02929688,-0.02929688,1.03302002,2.64663698,2.64625549,0.00000000
2.81639504,3370,-3.09667523,-2.37425120,-2.56812294,0.05989075,-0.98008060,-0.00114441,3.10296820,3.87845993,-2.56780902,0.06980896,-0.86563974,-0.00317676,3.10296820,-3.08149607,-2.07717141,0.07514954,-0.87326908,-0.00419617,-0.00976562,0.80078125,-0.63476562,-0.05859375,0.05859375,-0.01464844,1.03302002,2.64663697,2.64625549,-0.02441406
2.83078384,3375,-3.09667523,-2.35784800,-2.58032997,0.05950928,-0.98008060,-0.00114441,3.10296820,3.89648910,-2.58068585,0.06962280,-0.86563970,-0.00309272,3.10296820,-3.07119639,-2.08708962,0.07514954,-0.87288761,-0.00381470,-0.00488281,0.77636719,-0.65917969,-0.02929688,0.02929688,0.00000000,1.03302002,2.64663696,2.64625549,0.00000000
2.84583783,3380,-3.09667523,-2.34030040,-2.59368141,0.05950928,-0.98008060,-0.00114441,3.10296820,3.91339684,-2.59324944,0.06949149,-0.86563969,-0.00306518,3.10296820,-3.05898936,-2.09586342,0.07476807,-0.87174320,-0.00419617,-0.00488281,0.76660156,-0.65917969,-0.04394531,0.08789062,0.00000000,1.03302002,2.64663696,2.64587402,-0.02441406
2.86042333,3385,-3.09667523,-2.32427867,-2.60626992,0.05950928,-0.98008060,-0.00114441,3.10296820,3.93008176,-2.60604170,0.06944846,-0.86563968,-0.00305616,3.10296820,-3.04945262,-2.10387429,0.07438660,-0.87136173,-0.00419617,-0.00488281,0.81054688,-0.66406250,-0.04394531,0.07324219,-0.01464844,1.03302002,2.64663696,2.64625549,0.00000000
2.87386847,3390,-3.09667523,-2.31092723,-2.61733254,0.05912781,-0.98008060,-0.00114441,3.10296820,3.94455090,-2.61751972,0.06924820,-0.86563968,-0.00305320,3.10296820,-3.03648265,-2.11379250,0.07400513,-0.87059879,-0.00381470,-0.00488281,0.82519531,-0.67382812,-0.04394531,0.02929688,-0.02929688,1.03302002,2.64663696,2.64625549,-0.02441406
2.89026928,3395,-3.09667523,-2.29414256,-2.63106545,0.05912781,-0.98008060,-0.00114441,3.10296820,3.96057291,-2.63060213,0.06911227,-0.86563968,-0.00305223,3.10296820,-3.02351268,-2.12485512,0.07324219,-0.87021732,-0.00381470,-0.00488281,0.80566406,-0.64941406,-0.05859375,0.05859375,-0.01464844,1.03302002,2.64663696,2.64625549,0.00000000
2.90572143,3400,-3.09667523,-2.27964671,-2.64289101,0.05912781,-0.97969913,-0.00076294,3.10296820,3.97581495,-2.64306414,0.06906773,-0.86545352,-0.00297562,3.10296820,-3.01016123,-2.13629921,0.07247925,-0.86983585,-0.00381470,-0.00976562,0.79589844,-0.65917969,-0.08789062,0.02929688,0.00000000,1.03302002,2.64663696,2.64625549,-0.02441406
2.92006040,3405,-3.09667523,-2.26286204,-2.65624245,0.05912781,-0.97969913,-0.00076294,3.10296820,3.99184657,-2.65597765,0.06905313,-0.86532221,-0.00277034,3.10296820,-2.99795420,-2.14621743,0.07133484,-0.86907291,-0.00419617,-0.00976562,0.81054688,-0.66894531,-0.08789062,0.05859375,-0.01464844,1.03302002,2.64663696,2.64625549,-0.04882812
2.93419623,3410,-3.09667523,-2.24645884,-2.66883095,0.05912781,-0.97969913,-0.00038147,3.10296820,4.00731844,-2.66823173,0.06904835,-0.86527918,-0.00262678,3.10296820,-2.99108775,-2.15079506,0.07095337,-0.86907291,-0.00381470,-0.00488281,0.77636719,-0.66894531,-0.04394531,0.02929688,-0.01464844,1.03302002,2.64663696,2.64625549,-0.02441406
2.94939899,3415,-3.09667523,-2.23120005,-2.68027504,0.05912781,-0.97969913,0.00000000,3.10296820,4.02369246,-2.68061800,0.06904678,-0.86526508,-0.00226223,3.10296820,-2.97582896,-2.16529091,0.07057190,-0.86869144,-0.00381470,-0.00488281,0.78125000,-0.69335938,-0.04394531,0.01464844,0.00000000,1.03302002,2.64673462,2.64625549,0.00000000
2.96269965,3420,-3.09667523,-2.21594126,-2.69057473,0.05912781,-0.97969913,0.00076294,3.10296820,4.03956669,-2.69209311,0.06904627,-0.86526046,-0.00166109,3.10296820,-2.96514781,-2.17482766,0.07019043,-0.86869144,-0.00381470,-0.00976562,0.79101562,-0.69335938,-0.04394531,0.01464844,-0.01464844,1.03302002,2.64666896,2.64625549,-0.02441406
2.97777891,3425,-3.09667523,-2.20106394,-2.70087441,0.05912781,-0.97969913,0.00114441,3.10296820,4.05460173,-2.70265442,0.06904610,-0.86525895,-0.00108849,3.10296820,-2.95294078,-2.18550881,0.07019043,-0.86869144,-0.00381470,-0.00488281,0.80078125,-0.69824219,-0.01464844,-0.00000000,0.00000000,1.03302002,2.64664745,2.64625549,-0.02441406
2.99269462,3430,-3.09667523,-2.18504222,-2.71193703,0.05912781,-0.97969913,0.00114441,3.10296820,4.07048813,-2.71366508,0.06904605,-0.86525845,-0.00086962,3.10296820,-2.94264109,-2.19466408,0.07019043,-0.86869144,-0.00381470,-0.00488281,0.78613281,-0.69824219,0.00000000,0.02929688,0.00000000,1.03302002,2.64664040,2.64625549,-0.02441406
3.00698829,3435,-3.09667523,-2.16825755,-2.72299965,0.05912781,-0.97969913,0.00114441,3.10296820,4.08653949,-2.72445189,0.06904603,-0.86525829,-0.00079790,3.10296820,-2.93195994,-2.20305641,0.06980896,-0.86869144,-0.00381470,0.00000000,0.80566406,-0.66894531,-0.02929688,0.04394531,0.00000000,1.03302002,2.64663809,2.64587402,-0.04882812
3.02100253,3440,-3.09667523,-2.15338023,-2.73329933,0.05912781,-0.97969913,0.00114441,3.10296820,4.10216773,-2.73502838,0.06904602,-0.86525824,-0.00077439,3.10296820,-2.92166026,-2.21068581,0.06980896,-0.86869144,-0.00381470,-0.00488281,0.80566406,-0.67871094,-0.01464844,0.01464844,-0.01464844,1.03302002,2.64663733,2.64625549,-0.02441406
3.03534937,3445,-3.09667523,-2.13926585,-2.74321755,0.05912781,-0.97969913,0.00114441,3.10296820,4.11638998,-2.74485126,0.06904602,-0.86525822,-0.00076669,3.10296820,-2.90678294,-2.22556313,0.06980896,-0.86830997,-0.00381470,-0.00488281,0.79589844,-0.69335938,0.00000000,0.05859375,-0.01464844,1.03302002,2.64663708,2.64625549,-0.02441406
3.04747105,3450,-3.09667523,-2.12629588,-2.75237282,0.05912781,-0.97969913,0.00114441,3.10296820,4.13088944,-2.75494649,0.06904602,-0.86525821,-0.00076417,3.10296820,-2.89648326,-2.23433693,0.06942749,-0.86754703,-0.00343323,-0.00488281,0.79101562,-0.68847656,-0.04394531,0.05859375,-0.01464844,1.03302002,2.64669950,2.64625549,-0.02441406
3.06265712,3455,-3.09667523,-2.11256297,-2.76267250,0.05912781,-0.97969913,0.00114441,3.10296820,4.14438428,-2.76471042,0.06904602,-0.86525821,-0.00076334,3.10296820,-2.88427623,-2.24387368,0.06942749,-0.86716556,-0.00343323,-0.00488281,0.80566406,-0.69335938,-0.02929688,0.04394531,0.00000000,1.03302002,2.64665746,2.64625549,-0.02441406
3.07601595,3460,-3.09667523,-2.10073741,-2.77144631,0.05874634,-0.97969913,0.00114441,3.10296820,4.15726660,-2.77426522,0.06878955,-0.86525821,-0.00076307,3.10296820,-2.87473948,-2.25302895,0.06942749,-0.86716556,-0.00343323,-0.00488281,0.80078125,-0.68847656,-0.02929688,0.01464844,0.00000000,1.03302002,2.64664368,2.64625549,0.00000000
3.09078074,3465,-3.09667523,-2.08853038,-2.78022011,0.05874634,-0.97931766,0.00114441,3.10296820,4.16935750,-2.78316896,0.06870551,-0.86518192,-0.00076298,3.10296820,-2.86405833,-2.26218422,0.06904602,-0.86678409,-0.00305176,-0.00488281,0.79589844,-0.67871094,-0.05859375,0.02929688,-0.01464844,1.03302002,2.64663916,2.64625549,-0.02441406
3.10347939,3470,-3.09667523,-2.07289012,-2.79013832,0.05874634,-0.97931766,0.00114441,3.10296820,4.18254613,-2.79217711,0.06867797,-0.86497674,-0.00076295,3.10296820,-2.85337718,-2.27133950,0.06904602,-0.86678409,-0.00305176,-0.00488281,0.81054688,-0.69335938,-0.01464844,0.02929688,0.00000000,1.03302002,2.64663768,2.64625549,0.00000000
3.11857080,3475,-3.09667523,-2.05839427,-2.79853066,0.05874634,-0.97893619,0.00114441,3.10296820,4.19770543,-2.80159790,0.06866895,-0.86468429,-0.00076294,3.10296820,-2.84040721,-2.28240212,0.06904602,-0.86678409,-0.00267029,-0.00488281,0.80566406,-0.69824219,0.00000000,0.01464844,0.00000000,1.03302002,2.64663720,2.64625549,-0.02441406
3.13246918,3480,-3.09667523,-2.04313548,-2.80730446,0.05874634,-0.97893619,0.00114441,3.10296820,4.21256345,-2.81033419,0.06866599,-0.86455721,-0.00076294,3.10296820,-2.82972605,-2.29232033,0.06904602,-0.86678409,-0.00228882,-0.00488281,0.77636719,-0.69335938,-0.01464844,0.01464844,0.02929688,1.03302002,2.64663704,2.64625549,-0.02441406
3.14722323,3485,-3.09667523,-2.02940257,-2.81531533,0.05874634,-0.97893619,0.00114441,3.10296820,4.22721094,-2.81888208,0.06866502,-0.86451557,-0.00076294,3.10296820,-2.81980784,-2.29918679,0.06904602,-0.86640262,-0.00152588,-0.00488281,0.78613281,-0.69335938,-0.02929688,0.01464844,0.04394531,1.03302002,2.64663699,2.64625549,0.00000000
3.16211295,3490,-3.09667523,-2.01414378,-2.82485207,0.05798340,-0.97931766,0.00114441,3.10296820,4.24102772,-2.82716267,0.06833194,-0.86468808,-0.00076294,3.10296820,-2.80454905,-2.31368264,0.06904602,-0.86640262,-0.00114441,-0.00488281,0.79589844,-0.69335938,0.01464844,-0.00000000,-0.01464844,1.03302002,2.64663697,2.64625549,0.00000000
3.17689490,3495,-3.09667523,-2.00308116,-2.83133705,0.05683899,-0.97931766,0.00114441,3.10296820,4.25477261,-2.83544600,0.06749392,-0.86481492,-0.00076294,3.10296820,-2.79348643,-2.32321938,0.06904602,-0.86640262,-0.00114441,-0.00488281,0.80566406,-0.69824219,-0.01464844,0.01464844,-0.01464844,1.03302002,2.64663697,2.64625549,-0.02441406
3.19020486,3500,-3.09667523,-1.99011119,-2.83934792,0.05455017,-0.97931766,0.00114441,3.10296820,4.26778459,-2.84331568,0.06586067,-0.86485648,-0.00076294,3.10296820,-2.78394969,-2.33199318,0.06866455,-0.86640262,-0.00114441,-0.00488281,0.79101562,-0.68847656,-0.01464844,-0.00000000,-0.01464844,1.03302002,2.64663696,2.64625549,-0.02441406
3.20438790,3505,-3.09667523,-1.97752269,-2.84697731,0.05111694,-0.97931766,0.00114441,3.10296820,4.28033363,-2.85097400,0.06327702,-0.86487010,-0.00076294,3.10296820,-2.77174266,-2.34191140,0.06866455,-0.86602115,-0.00152588,-0.00976562,0.80566406,-0.67382812,0.00000000,0.01464844,-0.01464844,1.03302002,2.64663696,2.64625549,0.02441406
3.22065020,3510,-3.09667523,-1.96493418,-2.85460671,0.04768372,-0.97931766,0.00114441,3.10296820,4.29277639,-2.85852206,0.06018322,-0.86487457,-0.00076294,3.10296820,-2.75915415,-2.34992226,0.06866455,-0.86602115,-0.00114441,-0.00488281,0.80078125,-0.68847656,-0.02929688,0.02929688,-0.01464844,1.03302002,2.64663696,2.64625549,-0.02441406
3.23541594,3515,-3.09667523,-1.95196421,-2.86261757,0.04310608,-0.97931766,0.00114441,3.10296820,4.30622400,-2.86687492,0.05600538,-0.86487603,-0.00076294,3.10296820,-2.74732859,-2.36289223,0.06828308,-0.86602115,-0.00114441,-0.00488281,0.77636719,-0.68359375,-0.02929688,0.02929688,-0.02929688,1.03302002,2.64663696,2.64625549,-0.02441406
3.24921894,3520,-3.09667523,-1.94280894,-2.86872109,0.03929138,-0.97931766,0.00114441,3.10296820,4.31744154,-2.87395622,0.05188566,-0.86487651,-0.00076294,3.10296820,-2.73550303,-2.37242897,0.06790161,-0.86563968,-0.00114441,-0.00488281,0.79101562,-0.64453125,-0.04394531,0.04394531,0.00000000,1.03302002,2.64663696,2.64625549,0.00000000
3.26357388,3525,-3.09667523,-1.93060191,-2.87711342,0.03356934,-0.97931766,0.00114441,3.10296820,4.32861926,-2.88129396,0.04716034,-0.86487667,-0.00076294,3.10296820,-2.72596629,-2.38043984,0.06752014,-0.86563968,-0.00114441,-0.00488281,0.81054688,-0.64941406,-0.04394531,0.02929688,0.00000000,1.03302002,2.64663696,2.64625549,-0.02441406
3.27670383,3530,-3.09667523,-1.91915782,-2.88474282,0.02899170,-0.97931766,0.00114441,3.10296820,4.33975488,-2.88874770,0.04244642,-0.86487672,-0.00076294,3.10296820,-2.71375926,-2.39073952,0.06637573,-0.86525821,-0.00152588,-0.00488281,0.79589844,-0.67871094,-0.08789062,0.04394531,0.00000000,1.03302002,2.64663696,2.64625549,-0.04882812
3.29050565,3535,-3.09667523,-1.90847666,-2.89199074,0.02555847,-0.97931766,0.00114441,3.10296820,4.35036620,-2.89591464,0.03860135,-0.86487673,-0.00076294,3.10296820,-2.70307811,-2.39951332,0.06484985,-0.86487674,-0.00114441,-0.00488281,0.80566406,-0.65917969,-0.14648438,0.04394531,-0.01464844,1.03302002,2.64663696,2.64625549,-0.02441406
3.30460787,3540,-3.09667523,-1.89588816,-2.90000161,0.02174377,-0.97931766,0.00114441,3.10296820,4.36152996,-2.90329496,0.03483920,-0.86487674,-0.00076294,3.10296820,-2.69010813,-2.41019448,0.06217957,-0.86449527,-0.00114441,-0.00488281,0.80566406,-0.66406250,-0.17578125,0.04394531,0.00000000,1.03302002,2.64663696,2.64625549,-0.04882812
3.32059598,3545,-3.09667523,-1.88329966,-2.90839394,0.01792908,-0.97931766,0.00114441,3.10296820,4.37322094,-2.91098458,0.03118137,-0.86487674,-0.00076294,3.10296820,-2.67980845,-2.41858681,0.05989075,-0.86373233,-0.00114441,-0.00488281,0.77636719,-0.62988281,-0.19042969,0.05859375,-0.01464844,1.03302002,2.64663696,2.64625549,-0.04882812
3.33389211,3550,-3.09667523,-1.87376292,-2.91449745,0.01487732,-0.97931766,0.00114441,3.10296820,4.38500265,-2.91860197,0.02753941,-0.86487674,-0.00076294,3.10296820,-2.66721995,-2.42926796,0.05760193,-0.86296939,-0.00114441,-0.00976562,0.77636719,-0.66894531,-0.16113281,0.04394531,-0.01464844,1.03302002,2.64663696,2.64625549,-0.07324219
3.34817743,3555,-3.09667523,-1.86498912,-2.92060097,0.01258850,-0.97931766,0.00114441,3.10296820,4.39520788,-2.92547206,0.02451764,-0.86487674,-0.00076294,3.10296820,-2.65615733,-2.43804177,0.05531311,-0.86296939,-0.00114441,0.00000000,0.81054688,-0.64453125,-0.16113281,0.04394531,-0.01464844,1.03302002,2.64663696,2.64625549,-0.04882812
3.35997725,3560,-3.09667523,-1.85621531,-2.92708596,0.00991821,-0.97931766,0.00114441,3.10296820,4.40436577,-2.93184496,0.02193922,-0.86487674,-0.00076294,3.10296820,-2.64662059,-2.44605263,0.05302429,-0.86296939,-0.00114441,0.00000000,0.79589844,-0.64453125,-0.19042969,0.01464844,-0.01464844,1.03302002,2.64663696,2.64625549,-0.04882812
3.37421966,3565,-3.09667523,-1.84667857,-2.93433388,0.00839233,-0.97931766,0.00114441,3.10296820,4.41321343,-2.93830225,0.01983016,-0.86487674,-0.00076294,3.10296820,-2.63403208,-2.45597084,0.05035400,-0.86296939,-0.00114441,-0.00488281,0.81542969,-0.63476562,-0.16113281,0.01464844,0.00000000,1.03302002,2.64663696,2.64625549,-0.02441406
3.38854575,3570,-3.09667523,-1.83981211,-2.94043740,0.00724792,-0.97931766,0.00114441,3.10296820,4.42160604,-2.94513838,0.01832082,-0.86487674,-0.00076294,3.10296820,-2.62525828,-2.46321877,0.04882812,-0.86296939,-0.00114441,0.00000000,0.81054688,-0.64941406,-0.14648438,-0.00000000,-0.01464844,1.03302002,2.64663696,2.64625549,-0.02441406
3.40385318,3575,-3.09667523,-1.83294566,-2.94654091,0.00686646,-0.97931766,0.00114441,3.10296820,4.42908929,-2.95156742,0.01731928,-0.86487674,-0.00076294,3.10296820,-2.61152537,-2.47428139,0.04692078,-0.86296939,-0.00114441,-0.00488281,0.79101562,-0.64941406,-0.14648438,0.02929688,-0.02929688,1.03302002,2.64663696,2.64625549,0.00000000
3.41894984,3580,-3.09667523,-1.82684214,-2.95302590,0.00686646,-0.97931766,0.00114441,3.10296820,4.43579237,-2.95786073,0.01695985,-0.86487674,-0.00076294,3.10296820,-2.59969981,-2.48343666,0.04386902,-0.86296939,-0.00114441,-0.00976562,0.77148438,-0.61523438,-0.23437500,0.02929688,-0.01464844,1.03302002,2.64663696,2.64625549,0.00000000
3.43332410,3585,-3.09667523,-1.82150157,-2.95912941,0.00686646,-0.97931766,0.00114441,3.10296820,4.44152082,-2.96400690,0.01684207,-0.86487674,-0.00076294,3.10296820,-2.58634837,-2.49335488,0.04081726,-0.86296939,-0.00114441,0.00000000,0.78125000,-0.64453125,-0.16113281,-0.00000000,0.00000000,1.03302002,2.64663696,2.64625549,0.00000000
3.44602108,3590,-3.09667523,-1.81692393,-2.96256264,0.00686646,-0.97931766,0.00114441,3.10296820,4.44656980,-2.96893409,0.01680348,-0.86487674,-0.00076294,3.10296820,-2.57795603,-2.50022133,0.04005432,-0.86296939,-0.00114441,-0.00488281,0.80566406,-0.63476562,-0.10253906,0.01464844,-0.02929688,1.03302002,2.64663696,2.64625549,-0.02441406
3.46080279,3595,-3.09667523,-1.80815013,-2.96675881,0.00686646,-0.97893619,0.00114441,3.10296820,4.45331104,-2.97340837,0.01679083,-0.86473941,-0.00076294,3.10296820,-2.56651194,-2.50975808,0.03852844,-0.86335086,-0.00114441,-0.00488281,0.79101562,-0.62011719,-0.13183594,-0.02929688,-0.02929688,1.03263855,2.64648438,2.64625549,-0.04882812
3.47678375,3600,-3.09667523,-1.80128367,-2.96942910,0.00686646,-0.97893619,0.00114441,3.10296820,4.46074047,-2.97695202,0.01678669,-0.86457527,-0.00076294,3.10296820,-2.55430491,-2.51815041,0.03585815,-0.86335086,-0.00114441,-0.00488281,0.79589844,-0.61035156,-0.19042969,0.01464844,-0.04394531,1.03302002,2.64658696,2.64625549,-0.04882812
3.48847628,3605,-3.09667523,-1.79250987,-2.97171791,0.00686646,-0.97931766,0.00114441,3.10296820,4.46877443,-2.97963932,0.01678533,-0.86470764,-0.00076294,3.10296820,-2.54400523,-2.52730568,0.03395081,-0.86335086,-0.00114441,-0.00488281,0.81054688,-0.61035156,-0.16113281,0.01464844,-0.02929688,1.03302002,2.64669870,2.64625549,-0.02441406
3.50438762,3610,-3.09629376,-1.78526194,-2.97362526,0.00686646,-0.97969913,0.00114441,3.10304450,4.47614613,-2.98174414,0.01678488,-0.86504655,-0.00076294,3.10296820,-2.52874644,-2.53836830,0.03280640,-0.86335086,-0.00114441,-0.00488281,0.79589844,-0.59082031,-0.05859375,0.01464844,-0.01464844,1.03302002,2.64665719,2.64625549,-0.04882812
3.52078271,3615,-3.09629376,-1.77877696,-2.97438820,0.00686646,-0.97969913,0.00114441,3.10324967,4.48315849,-2.98331642,0.01678474,-0.86518885,-0.00076294,3.10296820,-2.51768382,-2.54676064,0.03204346,-0.86335086,-0.00114441,-0.00488281,0.79101562,-0.60546875,-0.07324219,0.01464844,-0.01464844,1.03263855,2.64661307,2.64625549,-0.04882812
3.53554583,3620,-3.09591229,-1.77343638,-2.97476967,0.00686646,-0.97969913,0.00114441,3.10345423,4.48962159,-2.98423848,0.01678469,-0.86523548,-0.00076294,3.10296820,-2.50509532,-2.55591591,0.03051758,-0.86335086,-0.00114441,-0.00488281,0.81054688,-0.57128906,-0.10253906,-0.01464844,-0.01464844,1.03302002,2.64662914,2.64625549,-0.02441406
3.54870653,3625,-3.09553082,-1.76809581,-2.97476967,0.00686646,-0.97969913,0.00114441,3.10386563,4.49536466,-2.98454062,0.01678468,-0.86525076,-0.00076294,3.10296820,-2.49594004,-2.56240090,0.03013611,-0.86335086,-0.00114441,-0.00488281,0.79589844,-0.56152344,-0.07324219,0.02929688,-0.01464844,1.03302002,2.64663440,2.64625549,-0.02441406
3.56097054,3630,-3.09553082,-1.76351817,-2.97476967,0.00686646,-0.97969913,0.00114441,3.10403168,4.50055758,-2.98463963,0.01678467,-0.86525577,-0.00076294,3.10296820,-2.48525889,-2.56850441,0.02937317,-0.86335086,-0.00114441,-0.00488281,0.80566406,-0.54687500,-0.05859375,0.01464844,-0.01464844,1.03302002,2.64663612,2.64587402,-0.04882812
3.57447743,3635,-3.09553082,-1.75817759,-2.97476967,0.00686646,-0.97969913,0.00114441,3.10408609,4.50562859,-2.98467207,0.01678467,-0.86525741,-0.00076294,3.10296820,-2.47419627,-2.57727822,0.02861023,-0.86335086,-0.00114441,-0.00488281,0.80078125,-0.56152344,-0.08789062,0.02929688,-0.01464844,1.03302002,2.64663669,2.64625549,-0.02441406
3.58890581,3640,-3.09553082,-1.75398143,-2.97476967,0.00686646,-0.97969913,0.00114441,3.10410392,4.51046933,-2.98468270,0.01678467,-0.86525795,-0.00076294,3.10296820,-2.46237071,-2.58567055,0.02670288,-0.86335086,-0.00114441,-0.00488281,0.81054688,-0.55175781,-0.16113281,0.02929688,-0.01464844,1.03302002,2.64663687,2.64625549,-0.02441406
3.60356903,3645,-3.09553082,-1.74635203,-2.97476967,0.00686646,-0.97931766,0.00114441,3.10410977,4.51603748,-2.98468619,0.01678467,-0.86512080,-0.00076294,3.10296820,-2.45016368,-2.59406288,0.02517700,-0.86335086,-0.00114441,-0.00488281,0.78613281,-0.53222656,-0.10253906,0.02929688,-0.01464844,1.03302002,2.64663693,2.64663696,-0.04882812
3.61767054,3650,-3.09553082,-1.74177439,-2.97476967,0.00686646,-0.97931766,0.00114441,3.10411168,4.52141967,-2.98468733,0.01678467,-0.86495671,-0.00076294,3.10296820,-2.43910105,-2.60092934,0.02479553,-0.86335086,-0.00114441,-0.00488281,0.79101562,-0.49804688,-0.02929688,-0.01464844,-0.01464844,1.03302002,2.64663695,2.64625549,-0.04882812
3.63147283,3655,-3.09553082,-1.73643382,-2.97476967,0.00686646,-0.97931766,0.00114441,3.10411231,4.52680317,-2.98468770,0.01678467,-0.86490295,-0.00076294,3.10296820,-2.42841990,-2.60779579,0.02441406,-0.86335086,-0.00114441,-0.00488281,0.80566406,-0.49804688,-0.04394531,-0.00000000,0.00000000,1.03302002,2.64663696,2.64625549,-0.02441406
3.64559317,3660,-3.09553082,-1.73109324,-2.97438820,0.00686646,-0.97931766,0.00114441,3.10411251,4.53182725,-2.98461153,0.01678467,-0.86488533,-0.00076294,3.10296820,-2.41773875,-2.61466225,0.02326965,-0.86335086,-0.00114441,-0.00488281,0.77636719,-0.48828125,-0.08789062,0.01464844,-0.01464844,1.03302002,2.64671509,2.64625549,0.00000000
3.65850854,3665,-3.09553082,-1.72689707,-2.97438820,0.00686646,-0.97931766,0.00114441,3.10411258,4.53676639,-2.98440640,0.01678467,-0.86487956,-0.00076294,3.10296820,-2.40705760,-2.62038430,0.02288818,-0.86373233,-0.00114441,-0.00488281,0.80078125,-0.48828125,-0.04394531,-0.00000000,-0.02929688,1.03302002,2.64666256,2.64625549,-0.04882812
3.67227697,3670,-3.09553082,-1.72270091,-2.97438820,0.00648499,-0.97893619,0.00114441,3.10411260,4.54136422,-2.98433918,0.01670837,-0.86465244,-0.00076294,3.10296820,-2.39408763,-2.62915810,0.02288818,-0.86373233,-0.00114441,-0.00488281,0.82031250,-0.47363281,-0.01464844,0.02929688,0.00000000,1.03302002,2.64664535,2.64625549,-0.02441406
3.68640876,3675,-3.09553082,-1.71812327,-2.97438820,0.00648499,-0.97817325,0.00114441,3.10411261,4.54590745,-2.98431715,0.01650320,-0.86424526,-0.00076294,3.10296820,-2.38455088,-2.63449868,0.02250671,-0.86373233,-0.00114441,-0.00488281,0.78613281,-0.45410156,-0.04394531,-0.00000000,-0.01464844,1.03302002,2.64663971,2.64625549,-0.04882812
3.70143390,3680,-3.09553082,-1.71201976,-2.97438820,0.00610352,-0.97550296,0.00114441,3.10411261,4.55099237,-2.98430993,0.01624981,-0.86290541,-0.00076294,3.10296820,-2.37386973,-2.64098366,0.02250671,-0.86373233,-0.00114441,-0.00488281,0.80566406,-0.45898438,-0.02929688,-0.00000000,-0.02929688,1.03302002,2.64663786,2.64625549,-0.02441406
3.71321297,3685,-3.09553082,-1.70820506,-2.97438820,0.00534058,-0.97168827,0.00114441,3.10411261,4.55566226,-2.98430757,0.01579495,-0.86015363,-0.00076294,3.10296820,-2.36128123,-2.64785012,0.02250671,-0.86373233,-0.00114441,-0.00488281,0.81054688,-0.44433594,-0.02929688,0.04394531,0.00000000,1.03302002,2.64663726,2.64625549,-0.02441406
3.72751522,3690,-3.09553082,-1.70362742,-2.97438820,0.00419617,-0.96367740,0.00114441,3.10411261,4.56029161,-2.98430679,0.01503470,-0.85469760,-0.00076294,3.10296820,-2.35136302,-2.65357216,0.02212524,-0.86373233,-0.00114441,-0.00488281,0.79589844,-0.42968750,-0.02929688,0.02929688,-0.02929688,1.03302002,2.64663706,2.64625549,0.00000000
3.74135923,3695,-3.09553082,-1.69904978,-2.97438820,0.00114441,-0.95337772,0.00114441,3.10411261,4.56486422,-2.98430654,0.01315667,-0.84645872,-0.00076294,3.10296820,-2.33915599,-2.66005715,0.02174377,-0.86296939,-0.00114441,-0.00488281,0.80078125,-0.41992188,-0.02929688,0.05859375,-0.01464844,1.03302002,2.64663699,2.64625549,-0.02441406
3.75719595,3700,-3.09553082,-1.69447215,-2.97438820,-0.00267029,-0.94078922,0.00114441,3.10411261,4.56935232,-2.98430646,0.01009572,-0.83600351,-0.00076294,3.10296820,-2.32618602,-2.66692360,0.02098083,-0.86182498,-0.00114441,-0.00488281,0.79589844,-0.41015625,-0.05859375,0.10253906,-0.01464844,1.03302002,2.64663697,2.64625549,-0.02441406
3.76942492,3705,-3.09553082,-1.69180186,-2.97438820,-0.00381470,-0.93315982,0.00114441,3.10411261,4.57305430,-2.98430643,0.00769342,-0.82602579,-0.00076294,3.10296820,-2.31626780,-2.67264565,0.01983643,-0.86029911,-0.00114441,-0.00488281,0.80566406,-0.40527344,-0.10253906,0.17578125,-0.01464844,1.03302002,2.64663697,2.64625549,0.00000000
3.78211713,3710,-3.09553082,-1.68798716,-2.97438820,-0.00457764,-0.92209720,0.00114441,3.10411261,4.57685404,-2.98430642,0.00618187,-0.81523127,-0.00076294,3.10296820,-2.30711253,-2.67722329,0.01831055,-0.85839176,-0.00114441,-0.00488281,0.79101562,-0.43457031,-0.16113281,0.17578125,-0.01464844,1.03302002,2.64663696,2.64625549,0.00000000
3.79636240,3715,-3.09553082,-1.68417247,-2.97438820,-0.00457764,-0.91103458,0.00114441,3.10411261,4.58044704,-2.98430642,0.00561625,-0.80520083,-0.00076294,3.10296820,-2.29528697,-2.68332680,0.01678467,-0.85534000,-0.00114441,-0.00488281,0.80078125,-0.42968750,-0.10253906,0.23437500,0.00000000,1.03302002,2.64671509,2.64625549,-0.02441406
3.81183672,3720,-3.09553082,-1.67997630,-2.97438820,-0.00457764,-0.89653873,0.00152588,3.10411261,4.58432349,-2.98430642,0.00543091,-0.79287426,-0.00062561,3.10296820,-2.28307994,-2.68943032,0.01525879,-0.85076236,-0.00114441,-0.00488281,0.79101562,-0.42480469,-0.10253906,0.32226562,-0.01464844,1.03302002,2.64666256,2.64625549,0.00000000
3.82985520,3725,-3.09553082,-1.67654307,-2.97438820,-0.00457764,-0.88318729,0.00152588,3.10411261,4.58789414,-2.98430642,0.00537018,-0.77999635,-0.00046147,3.10296820,-2.26934703,-2.69629677,0.01449585,-0.84580326,-0.00114441,-0.00488281,0.78613281,-0.38574219,-0.04394531,0.26367188,-0.01464844,1.03302002,2.64664535,2.64625549,-0.02441406
3.84201550,3730,-3.09553082,-1.67387278,-2.97438820,-0.00495911,-0.87250614,0.00152588,3.10411261,4.59107918,-2.98430641,0.00516412,-0.76795278,-0.00040768,3.10296820,-2.25942881,-2.70087441,0.01449585,-0.84275150,-0.00114441,0.00000000,0.77148438,-0.38085938,-0.04394531,0.26367188,0.00000000,1.03302002,2.64663971,2.64625549,-0.02441406
3.85692716,3735,-3.09553082,-1.67043956,-2.97438820,-0.00534058,-0.85762882,0.00152588,3.10411261,4.59450921,-2.98430641,0.00484013,-0.75414416,-0.00039006,3.10296820,-2.24760325,-2.70659645,0.01373291,-0.83741092,-0.00114441,-0.00488281,0.76171875,-0.36132812,-0.07324219,0.39550781,-0.01464844,1.03302002,2.64663786,2.64625549,-0.04882812
3.87060452,3740,-3.09553082,-1.66738780,-2.97438820,-0.00610352,-0.84351444,0.00152588,3.10411261,4.59773375,-2.98430641,0.00440120,-0.74022177,-0.00038428,3.10296820,-2.23730357,-2.71193703,0.01296997,-0.83016300,-0.00114441,-0.00976562,0.75683594,-0.34667969,-0.07324219,0.55664062,-0.01464844,1.03302002,2.64663726,2.64625549,-0.04882812
3.88467646,3745,-3.09514935,-1.66395457,-2.97438820,-0.00877380,-0.82558536,0.00152588,3.10418891,4.60108101,-2.98430641,0.00295085,-0.72445033,-0.00038239,3.10296820,-2.22547801,-2.71727761,0.01220703,-0.82138919,-0.00114441,-0.00488281,0.74218750,-0.35644531,-0.05859375,0.57128906,-0.02929688,1.03340149,2.64685215,2.64625549,-0.04882812
3.89749503,3750,-3.09476788,-1.66242869,-2.97438820,-0.01220703,-0.81337833,0.00152588,3.10453141,4.60357335,-2.98430641,0.00022987,-0.71009583,-0.00038177,3.10296820,-2.21632273,-2.72223671,0.01182556,-0.81566715,-0.00114441,-0.00488281,0.74707031,-0.35644531,-0.05859375,0.48339844,0.00000000,1.03302002,2.64676997,2.64587402,-0.04882812
3.91198516,3755,-3.09286054,-1.65975840,-2.97438820,-0.01831055,-0.79430484,0.00152588,3.10569308,4.60602273,-2.98430641,-0.00440099,-0.69333086,-0.00038157,3.10296820,-2.20678599,-2.72643288,0.01106262,-0.80918216,-0.00114441,-0.00488281,0.72753906,-0.34179688,-0.05859375,0.54199219,-0.02929688,1.03302002,2.64668055,2.64625549,-0.02441406
3.92600012,3760,-3.09057172,-1.65746958,-2.97438820,-0.02441406,-0.77790164,0.00152588,3.10744459,4.60834659,-2.98430641,-0.00993650,-0.67673344,-0.00038150,3.10296820,-2.19724925,-2.73062905,0.01029968,-0.80078983,-0.00114441,-0.00488281,0.73242188,-0.33203125,-0.05859375,0.71777344,-0.01464844,1.03302002,2.64665124,2.64625549,-0.02441406
3.94199204,3765,-3.08866437,-1.65556224,-2.97438820,-0.03013611,-0.75653934,0.00152588,3.10968808,4.61050956,-2.98430641,-0.01589235,-0.65760461,-0.00038148,3.10296820,-2.18542369,-2.73673256,0.00915527,-0.78934574,-0.00114441,-0.00488281,0.70800781,-0.32714844,-0.13183594,0.68847656,0.01464844,1.03302002,2.64664164,2.64625549,-0.02441406
3.95546579,3770,-3.08790143,-1.65403636,-2.97438820,-0.03471375,-0.74013614,0.00152588,3.11099866,4.61237554,-2.98430641,-0.02105734,-0.63902385,-0.00038147,3.10296820,-2.17512400,-2.74092873,0.00648499,-0.77980899,-0.00114441,-0.00488281,0.68359375,-0.32714844,-0.16113281,0.62988281,-0.01464844,1.03302002,2.64663850,2.64625549,-0.02441406
3.97027850,3775,-3.08675702,-1.65327342,-2.97438820,-0.03852844,-0.72297000,0.00152588,3.11214870,4.61353118,-2.98430641,-0.02548393,-0.62168860,-0.00038147,3.10296820,-2.16558726,-2.74588784,0.00457764,-0.76836490,-0.00114441,0.00000000,0.67871094,-0.31738281,-0.14648438,0.82031250,-0.01464844,1.03302002,2.64663747,2.64625549,-0.04882812
3.98248529,3780,-3.08675702,-1.65212901,-2.97438820,-0.04158020,-0.70732974,0.00152588,3.11252554,4.61449909,-2.98430641,-0.02894957,-0.60621852,-0.00038147,3.10296820,-2.15643199,-2.75008400,0.00267029,-0.75768375,-0.00114441,0.00000000,0.64941406,-0.30761719,-0.16113281,0.77636719,-0.01464844,1.03302002,2.64663713,2.64625549,0.00000000
3.99780488,3785,-3.08523114,-1.65212901,-2.97438820,-0.04730225,-0.68673038,0.00152588,3.11328330,4.61511557,-2.98430641,-0.03326867,-0.58854911,-0.00038147,3.10296820,-2.14803965,-2.75389870,0.00000000,-0.74776554,-0.00114441,0.00000000,0.65429688,-0.29296875,-0.20507812,0.82031250,-0.01464844,1.03302002,2.64663702,2.64625549,0.00000000
4.01103044,3790,-3.08294232,-1.65212901,-2.97438820,-0.04997253,-0.66994571,0.00152588,3.11500988,4.61531758,-2.98430641,-0.03718920,-0.57067699,-0.00038147,3.10334967,-2.13888438,-2.75885781,-0.00267029,-0.73593997,-0.00114441,0.00000000,0.64941406,-0.31250000,-0.21972656,0.86425781,0.00000000,1.03302002,2.64663698,2.64587402,-0.04882812
4.02593851,3795,-3.08103497,-1.65212901,-2.97438820,-0.05187988,-0.64667606,0.00152588,3.11684822,4.61538378,-2.98430641,-0.03999695,-0.55194654,-0.00038147,3.10334967,-2.12896617,-2.76343544,-0.00495911,-0.72373294,-0.00114441,0.00000000,0.61523438,-0.26855469,-0.10253906,0.80566406,0.00000000,1.03302002,2.64663697,2.64587402,-0.02441406
4.03795671,3800,-3.07912763,-1.65212901,-2.97438820,-0.05302429,-0.62760257,0.00152588,3.11867193,4.61540547,-2.98430641,-0.04180554,-0.53257321,-0.00038147,3.10334967,-2.12133677,-2.76648720,-0.00610352,-0.71381473,-0.00114441,0.00488281,0.61523438,-0.31250000,-0.14648438,0.83496094,-0.01464844,1.03302002,2.64663696,2.64625549,-0.02441406
4.05175328,3805,-3.07722028,-1.65212901,-2.97438820,-0.05302429,-0.60852909,0.00152588,3.12077403,4.61541258,-2.98430641,-0.04267992,-0.51299390,-0.00038147,3.10373114,-2.11256297,-2.77106484,-0.00953674,-0.70198917,-0.00114441,0.00976562,0.60058594,-0.28808594,-0.29296875,0.82031250,-0.01464844,1.03302002,2.64663696,2.64625549,0.00000000
4.06610608,3810,-3.07569440,-1.65212901,-2.97438820,-0.05302429,-0.58030033,0.00152588,3.12257809,4.61541490,-2.98430641,-0.04296643,-0.49299390,-0.00038147,3.10373114,-2.10493357,-2.77526100,-0.01335144,-0.69130802,-0.00076294,0.01464844,0.60058594,-0.29785156,-0.24902344,0.82031250,-0.02929688,1.03302002,2.64663696,2.64625549,-0.02441406
4.08125973,3815,-3.07493146,-1.65212901,-2.97438820,-0.05378723,-0.55207157,0.00152588,3.12371343,4.61541567,-2.98430641,-0.04342287,-0.47299390,-0.00038147,3.10411261,-2.09539683,-2.77945717,-0.01564026,-0.67910098,-0.00114441,0.00976562,0.58105469,-0.26367188,-0.14648438,0.74707031,0.00000000,1.03302002,2.64669946,2.64625549,-0.02441406
4.09447646,3820,-3.07378705,-1.65212901,-2.97438820,-0.05378723,-0.52918338,0.00152588,3.12487244,4.61541592,-2.98430641,-0.04372282,-0.45299390,-0.00038147,3.10411261,-2.08814891,-2.78289040,-0.01716614,-0.66918277,-0.00076294,0.00976562,0.58105469,-0.25878906,-0.14648438,0.87890625,-0.02929688,1.03263855,2.64650486,2.64625549,-0.04882812
4.11044312,3825,-3.07264264,-1.65251048,-2.97438820,-0.05378723,-0.50782108,0.00152588,3.12597281,4.61527867,-2.98430641,-0.04382111,-0.43299390,-0.00038147,3.10487555,-2.07823069,-2.78746804,-0.01983643,-0.65506839,-0.00114441,0.03417969,0.59570312,-0.28320312,-0.17578125,0.84960938,-0.01464844,1.03302002,2.64659367,2.64625549,-0.04882812
4.12439656,3830,-3.07073529,-1.65251048,-2.97438820,-0.05378723,-0.48836612,0.00152588,3.12766456,4.61511456,-2.98430641,-0.04385332,-0.41299390,-0.00038147,3.10525702,-2.06869395,-2.79090126,-0.02174377,-0.64171695,-0.00114441,0.02441406,0.60058594,-0.23437500,-0.14648438,0.90820312,0.00000000,1.03302002,2.64662278,2.64625549,-0.04882812
4.13963652,3835,-3.06959088,-1.65251048,-2.97438820,-0.05378723,-0.46967411,0.00152588,3.12898832,4.61506078,-2.98430641,-0.04386387,-0.39299390,-0.00038147,3.10601996,-2.06182749,-2.79433449,-0.02288818,-0.63179874,-0.00114441,0.03906250,0.57128906,-0.24414062,-0.11718750,0.86425781,-0.01464844,1.03302002,2.64663231,2.64625549,0.00000000
4.15331626,3840,-3.06959088,-1.65251048,-2.97438820,-0.05378723,-0.44983768,0.00114441,3.12979172,4.61504316,-2.98430641,-0.04386733,-0.37299390,-0.00056763,3.10601996,-2.05343516,-2.79738625,-0.02403259,-0.61997318,-0.00114441,0.00488281,0.56640625,-0.22949219,-0.07324219,0.83496094,-0.01464844,1.03302002,2.64663544,2.64625549,-0.02441406
4.16815424,3845,-3.06959088,-1.65251048,-2.97438820,-0.05378723,-0.42847537,0.00114441,3.12996708,4.61503738,-2.98430641,-0.04386847,-0.35299390,-0.00069894,3.10678290,-2.04427989,-2.80158242,-0.02632141,-0.60395145,-0.00076294,0.03417969,0.51757812,-0.21972656,-0.20507812,0.95214844,0.00000000,1.03302002,2.64663646,2.64587402,-0.02441406
4.18039751,3850,-3.06959088,-1.65251048,-2.97438820,-0.05378723,-0.41359806,0.00114441,3.13002455,4.61503549,-2.98430641,-0.04386884,-0.33299390,-0.00074197,3.10716437,-2.03855784,-2.80425270,-0.02822876,-0.59479618,-0.00076294,0.01953125,0.49804688,-0.23437500,-0.14648438,0.83496094,0.00000000,1.03302002,2.64663680,2.64625549,-0.04882812
4.19273281,3855,-3.06959088,-1.65251048,-2.97438820,-0.05378723,-0.39833927,0.00114441,3.13004338,4.61503487,-2.98430641,-0.04386896,-0.31299390,-0.00075607,3.10716437,-2.03398020,-2.80692299,-0.02861023,-0.58678531,-0.00114441,0.03417969,0.50292969,-0.24414062,-0.10253906,0.83496094,-0.01464844,1.03302002,2.64663691,2.64625549,-0.02441406
4.20709205,3860,-3.06920941,-1.65212901,-2.97438820,-0.05416870,-0.37278079,0.00114441,3.13023570,4.61529114,-2.98430641,-0.04409422,-0.29299390,-0.00076069,3.10792731,-2.02596934,-2.81073769,-0.03013611,-0.57419681,-0.00076294,0.01464844,0.46875000,-0.23925781,-0.07324219,0.71777344,-0.01464844,1.03302002,2.64663695,2.64625549,-0.04882812
4.22183061,3865,-3.06959088,-1.65212901,-2.97438820,-0.05493164,-0.34798526,0.00114441,3.13023171,4.61537511,-2.98430641,-0.04464191,-0.27299390,-0.00076220,3.10792731,-2.01948436,-2.81378945,-0.03051758,-0.56427860,-0.00114441,0.01464844,0.45410156,-0.24902344,-0.02929688,0.77636719,-0.01464844,1.03302002,2.64663696,2.64625549,-0.02441406
4.23580003,3870,-3.06959088,-1.65212901,-2.97438820,-0.05493164,-0.32357120,0.00114441,3.13011126,4.61540263,-2.98430641,-0.04489169,-0.25299390,-0.00076270,3.10869025,-2.01261790,-2.81798561,-0.03089905,-0.55207157,-0.00076294,0.03417969,0.43457031,-0.25390625,-0.07324219,0.76171875,-0.01464844,1.03302002,2.64663696,2.64625549,-0.02441406
4.24853659,3875,-3.06959088,-1.65212901,-2.97438820,-0.05493164,-0.30030155,0.00114441,3.13007179,4.61541165,-2.98430641,-0.04497354,-0.23299390,-0.00076286,3.10869025,-2.00689585,-2.82065590,-0.03204346,-0.54367923,-0.00114441,0.01464844,0.45898438,-0.21972656,-0.10253906,0.73242188,0.00000000,1.03302002,2.64663696,2.64587402,-0.02441406
4.26331878,3880,-3.06959088,-1.65212901,-2.97438820,-0.05493164,-0.27207279,0.00076294,3.13005886,4.61541460,-2.98430641,-0.04500036,-0.21299390,-0.00090024,3.10945319,-2.00117381,-2.82408913,-0.03395081,-0.53261661,-0.00114441,0.02929688,0.43457031,-0.23437500,-0.19042969,0.77636719,-0.01464844,1.03302002,2.64663696,2.64625549,-0.04882812
4.27814770,3885,-3.06959088,-1.65212901,-2.97438820,-0.05493164,-0.24689578,0.00076294,3.13005462,4.61541557,-2.98430641,-0.04500914,-0.19299390,-0.00106440,3.10983466,-1.99430735,-2.82714089,-0.03623962,-0.52040958,-0.00114441,0.02441406,0.42968750,-0.19042969,-0.14648438,0.80566406,-0.02929688,1.03302002,2.64663696,2.64625549,-0.04882812
4.29169297,3890,-3.06959088,-1.65212901,-2.97438820,-0.05493164,-0.21790409,0.00076294,3.13005323,4.61541589,-2.98430641,-0.04501202,-0.17299390,-0.00111819,3.11021613,-1.98820384,-2.82981118,-0.03738403,-0.50972843,-0.00114441,0.01464844,0.43945312,-0.19531250,-0.10253906,0.80566406,-0.02929688,1.03302002,2.64663696,2.64625549,0.00000000
4.30818987,3895,-3.06959088,-1.65212901,-2.97438820,-0.05493164,-0.19501590,0.00076294,3.13005278,4.61541599,-2.98430641,-0.04501297,-0.15299390,-0.00113582,3.11059760,-1.98210032,-2.83324440,-0.03776550,-0.49752140,-0.00076294,0.02929688,0.43945312,-0.20996094,-0.01464844,0.87890625,0.00000000,1.03302002,2.64663696,2.64625549,0.00000000
4.32400799,3900,-3.06959088,-1.65212901,-2.97438820,-0.05493164,-0.16907596,0.00038147,3.13005263,4.61541602,-2.98430641,-0.04501328,-0.13299390,-0.00127892,3.11097907,-1.97523387,-2.83629616,-0.03776550,-0.48378848,-0.00076294,0.01464844,0.43945312,-0.19042969,-0.02929688,0.89355469,-0.02929688,1.03302002,2.64663696,2.64625549,-0.02441406
4.33724856,3905,-3.06959088,-1.65212901,-2.97438820,-0.05493164,-0.14428043,0.00000000,3.13005258,4.61541603,-2.98430641,-0.04501338,-0.11299390,-0.00158229,3.11136054,-1.96836741,-2.83934792,-0.03814697,-0.47196292,-0.00114441,0.03906250,0.43457031,-0.19042969,-0.04394531,0.80566406,-0.01464844,1.03302002,2.64663696,2.64625549,-0.02441406
4.35233736,3910,-3.06959088,-1.65212901,-2.97438820,-0.05493164,-0.12291812,-0.00114441,3.13005256,4.61541604,-2.98430641,-0.04501341,-0.09299390,-0.00213958,3.11212348,-1.96150096,-2.84201821,-0.03814697,-0.45861148,-0.00114441,0.03417969,0.41015625,-0.18066406,-0.01464844,0.82031250,-0.01464844,1.03302002,2.64663696,2.64625549,-0.07324219
4.36671472,3915,-3.06959088,-1.65212901,-2.97438820,-0.05493164,-0.10613346,-0.00190735,3.13005256,4.61541604,-2.98430641,-0.04501342,-0.07299390,-0.00311540,3.11250495,-1.95577891,-2.84430703,-0.03852844,-0.44678592,-0.00114441,0.01464844,0.41503906,-0.17578125,-0.02929688,0.84960938,-0.01464844,1.03302002,2.64663696,2.64625549,-0.02441406
4.38073874,3920,-3.06959088,-1.65212901,-2.97438820,-0.05493164,-0.08477115,-0.00190735,3.13005256,4.61541604,-2.98430641,-0.04501343,-0.05299390,-0.00358555,3.11250495,-1.95043833,-2.84697731,-0.03929138,-0.43572330,-0.00114441,0.00000000,0.39550781,-0.15625000,-0.07324219,0.83496094,-0.02929688,1.03302002,2.64663696,2.64625549,-0.02441406
4.39483428,3925,-3.06959088,-1.65136607,-2.97438820,-0.05493164,-0.06607913,-0.00190735,3.13005255,4.61567849,-2.98430641,-0.04501343,-0.03299390,-0.00373961,3.11288642,-1.94586070,-2.84964760,-0.03967285,-0.42313480,-0.00114441,0.01464844,0.36621094,-0.19042969,-0.05859375,0.90820312,0.00000000,1.03302002,2.64663696,2.64625549,-0.02441406
4.40982556,3930,-3.06959088,-1.64984019,-2.97438820,-0.05531311,-0.05005741,-0.00190735,3.13005255,4.61673226,-2.98430641,-0.04519958,-0.01299390,-0.00379009,3.11326789,-1.93899424,-2.85231789,-0.04043579,-0.41016483,-0.00114441,0.02441406,0.37109375,-0.17089844,-0.07324219,0.82031250,-0.01464844,1.03340149,2.64678955,2.64625549,-0.02441406
4.42435336,3935,-3.06959088,-1.64831431,-2.97438820,-0.05645752,-0.03289127,-0.00190735,3.13005255,4.61816936,-2.98430641,-0.04570871,0.00700610,-0.00380663,3.11364936,-1.93441661,-2.85460671,-0.04119873,-0.39948368,-0.00114441,0.01464844,0.35156250,-0.18066406,-0.04394531,0.82031250,-0.02929688,1.03302002,2.64668696,2.64625549,0.00000000
4.43911791,3940,-3.06959088,-1.64755137,-2.97438820,-0.05989075,-0.01572513,-0.00190735,3.13005255,4.61936464,-2.98430641,-0.04800212,0.02700610,-0.00381206,3.11364936,-1.92907603,-2.85727700,-0.04158020,-0.38918399,-0.00114441,0.00488281,0.34667969,-0.15136719,-0.04394531,0.77636719,-0.02929688,1.03302002,2.64665335,2.64625549,0.02441406
4.45405197,3945,-3.06959088,-1.64678843,-2.97438820,-0.06370544,-0.00389957,-0.00190735,3.13005255,4.62015010,-2.98430641,-0.05145797,0.04700610,-0.00381383,3.11403083,-1.92487986,-2.85956581,-0.04158020,-0.37812137,-0.00114441,0.02441406,0.35644531,-0.18066406,-0.02929688,0.86425781,-0.02929688,1.03302002,2.64664233,2.64625549,-0.02441406
4.46793723,3950,-3.06959088,-1.64411814,-2.97438820,-0.07209778,0.01326657,-0.00190735,3.13005255,4.62188978,-2.98430641,-0.05708819,0.06700610,-0.00381441,3.11441230,-1.91877635,-2.86261757,-0.04196167,-0.36515140,-0.00152588,0.01953125,0.32714844,-0.17089844,-0.05859375,0.76171875,-0.02929688,1.03302002,2.64663872,2.64625549,-0.02441406
4.48203397,3955,-3.06959088,-1.64182933,-2.97438820,-0.08125305,0.02776242,-0.00190735,3.13005255,4.62406116,-2.98430641,-0.06470702,0.08700610,-0.00381460,3.11479377,-1.91419871,-2.86452492,-0.04272461,-0.35485172,-0.00114441,0.00976562,0.31738281,-0.16601562,-0.10253906,0.84960938,0.00000000,1.03302002,2.64663754,2.64625549,-0.07324219
4.49680233,3960,-3.06997235,-1.63954051,-2.97438820,-0.09346008,0.04302121,-0.00190735,3.12986640,4.62621921,-2.98430641,-0.07453657,0.10700610,-0.00381467,3.11479377,-1.90923960,-2.86719521,-0.04539490,-0.34226322,-0.00152588,0.00976562,0.33691406,-0.17089844,-0.17578125,0.80566406,-0.02929688,1.03302002,2.64663715,2.64625549,-0.02441406
4.51009488,3965,-3.06997235,-1.63725169,-2.97438820,-0.10452271,0.05332089,-0.00228882,3.12973508,4.62845590,-2.98430641,-0.08572004,0.12700610,-0.00400084,3.11517524,-1.90466197,-2.86948403,-0.04692078,-0.33310794,-0.00152588,0.01953125,0.33691406,-0.14160156,-0.10253906,0.73242188,-0.01464844,1.03340149,2.64678961,2.64625549,-0.02441406
4.52492571,3970,-3.07073529,-1.63458140,-2.97438820,-0.11825562,0.06590939,-0.00228882,3.12929826,4.63106663,-2.98430641,-0.09819519,0.14700610,-0.00413216,3.11555670,-1.89932139,-2.87215432,-0.04844666,-0.31899356,-0.00152588,0.00976562,0.34667969,-0.18554688,-0.17578125,0.92285156,-0.02929688,1.03302002,2.64668698,2.64625549,0.02441406
4.53827834,3975,-3.07073529,-1.63191111,-2.97438820,-0.13008118,0.07506466,-0.00228882,3.12903598,4.63371349,-2.98430641,-0.11095089,0.16700610,-0.00417519,3.11555670,-1.89550669,-2.87406166,-0.05187988,-0.31021976,-0.00152588,0.00488281,0.31738281,-0.13671875,-0.26367188,0.71777344,0.00000000,1.03302002,2.64665335,2.64625549,-0.02441406
4.55126595,3980,-3.07073529,-1.62809642,-2.97438820,-0.14533997,0.08650876,-0.00228882,3.12895003,4.63681641,-2.98430641,-0.12445441,0.18659481,-0.00418929,3.11555670,-1.89131053,-2.87558754,-0.05607605,-0.30030155,-0.00152588,0.01464844,0.32714844,-0.15136719,-0.33691406,0.80566406,-0.04394531,1.03302002,2.64664233,2.64625549,0.00000000
4.56758809,3985,-3.07073529,-1.62313731,-2.97438820,-0.16288757,0.09795285,-0.00228882,3.12892187,4.64053887,-2.98430641,-0.13889609,0.20105374,-0.00419392,3.11631964,-1.88558848,-2.87787636,-0.06141663,-0.28580570,-0.00190735,0.02441406,0.33691406,-0.12695312,-0.36621094,0.82031250,-0.01464844,1.03302002,2.64663872,2.64625549,-0.02441406
4.58088183,3990,-3.07073529,-1.61817820,-2.97438820,-0.17623901,0.10672665,-0.00228882,3.12891264,4.64504099,-2.98430641,-0.15350468,0.21181983,-0.00419543,3.11631964,-1.88101084,-2.87940224,-0.06752014,-0.27398014,-0.00190735,0.00488281,0.31738281,-0.12695312,-0.43945312,0.89355469,-0.02929688,1.03302002,2.64663754,2.64625549,0.00000000
4.59588170,3995,-3.07073529,-1.61398204,-2.97438820,-0.18844604,0.11473752,-0.00228882,3.12890962,4.64996876,-2.98430641,-0.16821008,0.22223500,-0.00419593,3.11670111,-1.87605174,-2.88207253,-0.07438660,-0.26177310,-0.00190735,0.01464844,0.33203125,-0.13671875,-0.46875000,0.77636719,0.00000000,1.03302002,2.64663715,2.64625549,0.00000000
4.60997677,4000,-3.07073529,-1.60940440,-2.97438820,-0.19989014,0.12045956,-0.00267029,3.12890863,4.65434033,-2.98430641,-0.18006366,0.22941627,-0.00427238,3.11708258,-1.87147410,-2.88359841,-0.07934570,-0.25147342,-0.00190735,0.01464844,0.34179688,-0.12207031,-0.48339844,0.89355469,0.00000000,1.03302002,2.64663702,2.64625549,0.02441406
4.62536931,4005,-3.07035382,-1.60368235,-2.97438820,-0.21171570,0.12770749,-0.00267029,3.12913352,4.65969553,-2.98430641,-0.19243014,0.23635769,-0.00447761,3.11708258,-1.86727793,-2.88550576,-0.08621216,-0.24002933,-0.00228882,0.00488281,0.32226562,-0.14648438,-0.52734375,0.83496094,-0.05859375,1.03302002,2.64663698,2.64625549,-0.02441406
4.63814116,4010,-3.07035382,-1.59719737,-2.97438820,-0.22201538,0.13800717,-0.00305176,3.12923847,4.66531031,-2.98430641,-0.20321957,0.24465459,-0.00477008,3.11708258,-1.86308177,-2.88703163,-0.09498596,-0.23049259,-0.00267029,0.00488281,0.29785156,-0.10742188,-0.58593750,0.73242188,-0.04394531,1.03302002,2.64663697,2.64625549,0.00000000
4.65442443,4015,-3.07035382,-1.59223826,-2.97438820,-0.22926331,0.14487362,-0.00305176,3.12923379,4.67116884,-2.98430641,-0.21284673,0.25342776,-0.00489717,3.11746405,-1.85697825,-2.88970192,-0.10414124,-0.21523380,-0.00343323,0.00488281,0.31738281,-0.12695312,-0.51269531,0.89355469,-0.05859375,1.03302002,2.64663697,2.64625549,-0.02441406
4.66713166,4020,-3.07035382,-1.58575328,-2.97438820,-0.23422241,0.15250302,-0.00305176,3.12927132,4.67740753,-2.98430641,-0.22004737,0.26132990,-0.00493881,3.11746405,-1.85392649,-2.89046486,-0.10986328,-0.20760440,-0.00343323,0.00976562,0.32226562,-0.13671875,-0.60058594,0.86425781,-0.04394531,1.03302002,2.64663696,2.64625549,-0.04882812
4.68242002,4025,-3.07035382,-1.57812388,-2.97438820,-0.23345947,0.16585446,-0.00305176,3.12928362,4.68362663,-2.98430641,-0.22269570,0.27073458,-0.00495246,3.11822699,-1.84782298,-2.89313515,-0.12130737,-0.19196414,-0.00419617,0.02929688,0.30761719,-0.10742188,-0.62988281,0.84960938,-0.04394531,1.03302002,2.64663696,2.64587402,0.00000000
4.69621038,4030,-3.07035382,-1.57278331,-2.97438820,-0.23307800,0.17233944,-0.00305176,3.12928765,4.68983809,-2.98430641,-0.22307803,0.27991701,-0.00495693,3.11860846,-1.84438975,-2.89466103,-0.12779236,-0.18357181,-0.00419617,0.00976562,0.33203125,-0.10253906,-0.57128906,0.74707031,-0.02929688,1.03302002,2.64663696,2.64625549,0.00000000
4.71157503,4035,-3.07035382,-1.56553538,-2.97438820,-0.23269653,0.18149472,-0.00305176,3.12928897,4.69670781,-2.98430641,-0.22299567,0.28885316,-0.00495839,3.11898993,-1.83866770,-2.89656838,-0.13542175,-0.17136478,-0.00419617,0.02441406,0.33203125,-0.11718750,-0.54199219,0.86425781,-0.02929688,1.03302002,2.64663696,2.64625549,-0.02441406
4.72611308,4040,-3.07035382,-1.55790599,-2.97438820,-0.23117065,0.19332028,-0.00305176,3.12928940,4.70384706,-2.98430641,-0.22215423,0.29909959,-0.00495887,3.11898993,-1.83370860,-2.89847573,-0.14228821,-0.15915775,-0.00419617,0.00000000,0.34667969,-0.13183594,-0.51269531,0.76171875,0.00000000,1.03302002,2.64663696,2.64625549,-0.02441406
4.73986697,4045,-3.07035382,-1.55142100,-2.97438820,-0.22850037,0.20094967,-0.00305176,3.12928955,4.71100835,-2.98430641,-0.22027267,0.30895958,-0.00495903,3.11898993,-1.82951243,-2.90000161,-0.14686584,-0.14962100,-0.00419617,0.00000000,0.31738281,-0.10253906,-0.46875000,0.73242188,0.00000000,1.03302002,2.64663696,2.64587402,-0.04882812
4.75346732,4050,-3.07035382,-1.54493602,-2.97438820,-0.22544861,0.20819760,-0.00267029,3.12928959,4.71725108,-2.98430641,-0.21795690,0.31623921,-0.00473386,3.11898993,-1.82340892,-2.90152748,-0.15487671,-0.13588809,-0.00457764,0.00000000,0.33203125,-0.12207031,-0.35156250,0.83496094,-0.01464844,1.03302002,2.64663696,2.64625549,0.00000000
4.76551127,4055,-3.07035382,-1.53959544,-2.97438820,-0.22315979,0.21544552,-0.00267029,3.12928961,4.72324372,-2.98430641,-0.21526765,0.32376462,-0.00462883,3.11898993,-1.81997569,-2.90267189,-0.15754700,-0.12749576,-0.00419617,0.00000000,0.34667969,-0.09277344,-0.32226562,0.83496094,0.00000000,1.03302002,2.64663696,2.64625549,-0.02441406
4.77824521,4060,-3.07035382,-1.53272898,-2.97438820,-0.21934509,0.22498227,-0.00267029,3.12928961,4.72937951,-2.98430641,-0.21219430,0.33218574,-0.00459441,3.11937140,-1.81577952,-2.90381630,-0.16098022,-0.11681461,-0.00457764,0.00000000,0.33691406,-0.10253906,-0.36621094,0.96679688,-0.02929688,1.03340149,2.64678955,2.64625549,-0.02441406
4.79100966,4065,-3.07035382,-1.52700694,-2.97438820,-0.21362305,0.23108578,-0.00228882,3.12925836,4.73595978,-2.98430641,-0.20752768,0.34016295,-0.00439698,3.11937140,-1.81120188,-2.90572365,-0.16517639,-0.10575199,-0.00419617,0.00488281,0.35156250,-0.09765625,-0.24902344,0.77636719,0.00000000,1.03302002,2.64668696,2.64625549,-0.02441406
4.80572057,4070,-3.07073529,-1.51861460,-2.97438820,-0.20256042,0.24252987,-0.00228882,3.12909322,4.74275883,-2.98430641,-0.20013170,0.34873224,-0.00426197,3.11975287,-1.80624278,-2.90686806,-0.17013550,-0.09468936,-0.00457764,0.01464844,0.35644531,-0.08789062,-0.36621094,0.76171875,-0.02929688,1.03302002,2.64665335,2.64625549,-0.02441406
4.82180762,4075,-3.07073529,-1.51289256,-2.97438820,-0.19264221,0.25168515,-0.00228882,3.12896879,4.74974541,-2.98430641,-0.19020550,0.35888739,-0.00421773,3.12013434,-1.80013926,-2.90877541,-0.17280579,-0.08210086,-0.00457764,0.01464844,0.35644531,-0.12207031,-0.20507812,0.86425781,-0.01464844,1.03302002,2.64664233,2.64625549,-0.02441406
4.83447886,4080,-3.07111676,-1.50564463,-2.97438820,-0.17967224,0.26160336,-0.00228882,3.12879069,4.75631053,-2.98430641,-0.17934668,0.36814497,-0.00420323,3.12013434,-1.79518016,-2.90953835,-0.17433167,-0.07141971,-0.00457764,0.00000000,0.34667969,-0.06835938,-0.07324219,0.77636719,-0.01464844,1.03302002,2.64663872,2.64625549,0.02441406
4.84823203,4085,-3.07187970,-1.50030406,-2.97438820,-0.16860962,0.27152157,-0.00228882,3.12820181,4.76264465,-2.98430641,-0.16750807,0.37822610,-0.00419848,3.12013434,-1.79060252,-2.91106423,-0.17509460,-0.06112003,-0.00457764,0.00000000,0.36132812,-0.10253906,-0.08789062,0.82031250,-0.01464844,1.03302002,2.64671566,2.64625549,-0.02441406
4.86315894,4090,-3.07264264,-1.49381907,-2.97438820,-0.15335083,0.28334714,-0.00228882,3.12745684,4.76864807,-2.98430641,-0.15481775,0.38875397,-0.00419693,3.12013434,-1.78526194,-2.91259011,-0.17623901,-0.04967594,-0.00457764,0.00488281,0.36132812,-0.09277344,-0.05859375,0.76171875,-0.04394531,1.03302002,2.64666275,2.64587402,-0.04882812
4.87781477,4095,-3.07264264,-1.48618968,-2.97438820,-0.13732910,0.29746152,-0.00228882,3.12715023,4.77558744,-2.98430641,-0.13970114,0.40125025,-0.00419642,3.12051581,-1.78068431,-2.91373452,-0.17585754,-0.03746890,-0.00457764,0.01464844,0.37109375,-0.08789062,0.01464844,0.84960938,0.00000000,1.03302002,2.64664541,2.64625549,0.00000000
4.89227486,4100,-3.07264264,-1.48046763,-2.97438820,-0.12550354,0.30928708,-0.00228882,3.12704976,4.78205750,-2.98430641,-0.12611650,0.41369452,-0.00419625,3.12089728,-1.77458079,-2.91526039,-0.17547607,-0.02526187,-0.00457764,0.01464844,0.37109375,-0.08300781,0.05859375,0.83496094,-0.01464844,1.03302002,2.64663973,2.64625549,-0.02441406
4.90694118,4105,-3.07264264,-1.47398265,-2.97438820,-0.11253357,0.32340146,-0.00228882,3.12701684,4.78856982,-2.98430641,-0.11266143,0.42739494,-0.00419619,3.12089728,-1.76847727,-2.91678627,-0.17166138,-0.01191043,-0.00457764,-0.00488281,0.37109375,-0.08300781,0.26367188,0.86425781,-0.01464844,1.03340149,2.64679046,2.64625549,0.00000000
4.92084885,4110,-3.07264264,-1.46749766,-2.97438820,-0.09956360,0.33675290,-0.00228882,3.12700605,4.79487675,-2.98430641,-0.10015554,0.44049745,-0.00419618,3.12089728,-1.76351817,-2.91869362,-0.16746521,-0.00199222,-0.00457764,-0.00488281,0.35644531,-0.11230469,0.30761719,0.73242188,0.00000000,1.03302002,2.64668726,2.64625549,-0.02441406
4.93623257,4115,-3.07264264,-1.46253855,-2.97438820,-0.08964539,0.34857846,-0.00228882,3.12700252,4.80066472,-2.98430641,-0.08841919,0.45298168,-0.00419617,3.12089728,-1.75894053,-2.91945656,-0.16365051,0.00754452,-0.00457764,0.00000000,0.37109375,-0.07324219,0.29296875,0.74707031,-0.02929688,1.03302002,2.64665344,2.64625549,-0.02441406
4.94894481,4120,-3.07264264,-1.45719798,-2.97438820,-0.08049011,0.36040402,-0.00228882,3.12700136,4.80619096,-2.98430641,-0.07809588,0.46539270,-0.00419617,3.12089728,-1.75359996,-2.92060097,-0.15716553,0.01975155,-0.00457764,0.00000000,0.37109375,-0.07812500,0.45410156,0.89355469,0.01464844,1.03302002,2.64664236,2.64625549,-0.04882812
4.96112585,4125,-3.07264264,-1.45185740,-2.97438820,-0.07209778,0.37108517,-0.00228882,3.12700098,4.81135116,-2.98430641,-0.06924121,0.47650153,-0.00419617,3.12089728,-1.74902232,-2.92174538,-0.15220642,0.03005124,-0.00457764,0.00488281,0.35156250,-0.07812500,0.38085938,0.79101562,-0.01464844,1.03302002,2.64663873,2.64625549,-0.04882812
4.97571874,4130,-3.07264264,-1.44727977,-2.97438820,-0.06484985,0.38214779,-0.00228882,3.12700086,4.81638971,-2.98430641,-0.06107763,0.48775752,-0.00419617,3.12127875,-1.74368174,-2.92288979,-0.14610291,0.04263974,-0.00457764,0.00000000,0.35644531,-0.07324219,0.33691406,0.80566406,-0.02929688,1.03302002,2.64663754,2.64625549,-0.02441406
4.98949075,4135,-3.07264264,-1.44193919,-2.97438820,-0.05912781,0.39397336,-0.00228882,3.12700082,4.82146335,-2.98430641,-0.05414099,0.49909859,-0.00419617,3.12127875,-1.73948558,-2.92403420,-0.14228821,0.05026913,-0.00457764,0.00000000,0.37109375,-0.10253906,0.43945312,0.77636719,-0.02929688,1.03302002,2.64663715,2.64625549,-0.07324219
5.00434804,4140,-3.07264264,-1.43774302,-2.97438820,-0.05645752,0.40465451,-0.00228882,3.12700080,4.82615652,-2.98430641,-0.04958150,0.51032363,-0.00419617,3.12127875,-1.73261912,-2.92517861,-0.13275146,0.06514645,-0.00457764,-0.00488281,0.36621094,-0.08300781,0.49804688,0.80566406,-0.01464844,1.03340149,2.64678961,2.64587402,-0.04882812
5.01916814,4145,-3.07226117,-1.43316539,-2.97438820,-0.05378723,0.41533566,-0.00228882,3.12718696,4.83095415,-2.98430641,-0.04613200,0.52168983,-0.00419617,3.12127875,-1.72766001,-2.92632302,-0.12702942,0.07544613,-0.00457764,0.00488281,0.37109375,-0.05371094,0.42480469,0.80566406,-0.02929688,1.03302002,2.64668698,2.64625549,-0.02441406
5.03388572,4150,-3.07226117,-1.42820628,-2.97438820,-0.05111694,0.42945004,-0.00228882,3.12731827,4.83525878,-2.98430641,-0.04334749,0.53297889,-0.00419617,3.12127875,-1.72193797,-2.92708596,-0.12054443,0.08689023,-0.00457764,0.00488281,0.37109375,-0.05859375,0.38085938,0.79101562,0.01464844,1.03187561,2.64597586,2.64625549,-0.02441406
5.04782677,4155,-3.07226117,-1.42401011,-2.97438820,-0.04997253,0.43860531,-0.00228882,3.12736130,4.83985328,-2.98430641,-0.04146399,0.54428062,-0.00419617,3.12127875,-1.71697886,-2.92823037,-0.11520386,0.09871579,-0.00457764,0.00000000,0.35644531,-0.07324219,0.41015625,0.90820312,0.00000000,1.02615356,2.64092278,2.64625549,-0.07324219
5.06111932,4160,-3.07226117,-1.42019541,-2.97438820,-0.04806519,0.44890500,-0.00228882,3.12737539,4.84396012,-2.98430641,-0.03976612,0.55440085,-0.00419617,3.12166022,-1.71125682,-2.92937477,-0.10948181,0.11092282,-0.00457764,0.01464844,0.36132812,-0.05859375,0.36621094,0.77636719,-0.01464844,1.01394653,2.62522319,2.64625549,-0.04882812
5.07414198,4165,-3.07226117,-1.41714366,-2.97438820,-0.04692078,0.45806027,-0.00228882,3.12738001,4.84766913,-2.98430641,-0.03812883,0.56458325,-0.00419617,3.12166022,-1.70706065,-2.93013771,-0.10452271,0.12007809,-0.00457764,0.00488281,0.37597656,-0.06347656,0.39550781,0.83496094,0.01464844,1.00097656,2.60526620,2.64587402,-0.07324219
5.08858180,4170,-3.07226117,-1.41371043,-2.97438820,-0.04539490,0.46721554,-0.00228882,3.12733270,4.85104381,-2.98430641,-0.03662748,0.57393984,-0.00419617,3.12204169,-1.70210154,-2.93128212,-0.10032654,0.12999631,-0.00495911,0.00488281,0.37109375,-0.06835938,0.33691406,0.74707031,-0.04394531,0.98915100,2.58526620,2.64396667,-0.21972656
5.10238695,4175,-3.07226117,-1.40989573,-2.97438820,-0.04501343,0.47942257,-0.00228882,3.12733477,4.85485347,-2.98430641,-0.03559731,0.58523384,-0.00419617,3.12204169,-1.69637950,-2.93204506,-0.09498596,0.14258481,-0.00457764,0.00000000,0.36621094,-0.05371094,0.29296875,0.80566406,0.00000000,0.97885132,2.56526620,2.63786316,-0.31738281
5.11620784,4180,-3.07226117,-1.40608103,-2.97438820,-0.04501343,0.49162961,-0.00228882,3.12730567,4.85832033,-2.98430641,-0.03525974,0.59624911,-0.00419617,3.12204169,-1.69065745,-2.93357094,-0.09040833,0.15479184,-0.00457764,0.00000000,0.35156250,-0.07324219,0.30761719,0.79101562,-0.01464844,0.97007751,2.54526620,2.63137817,-0.43945312
5.13207483,4185,-3.07226117,-1.40264781,-2.97438820,-0.04501343,0.50383664,-0.00228882,3.12735717,4.86200140,-2.98430641,-0.03514913,0.60827802,-0.00419617,3.12204169,-1.68684275,-2.93395241,-0.08735657,0.16394711,-0.00457764,0.00488281,0.35156250,-0.03906250,0.23437500,0.80566406,-0.01464844,0.96549988,2.52573229,2.62413025,-0.70800781
5.14656615,4190,-3.07226117,-1.40035899,-2.97438820,-0.04501343,0.51337338,-0.00228882,3.12737404,4.86496713,-2.98430641,-0.03511288,0.61906988,-0.00419617,3.12242316,-1.68073924,-2.93547829,-0.08163452,0.17958737,-0.00457764,0.00488281,0.35644531,-0.06835938,0.32226562,0.87890625,-0.01464844,0.96435547,2.51561365,2.60963440,-0.87890625
5.16054249,4195,-3.07226117,-1.39807017,-2.97438820,-0.04539490,0.52443600,-0.00228882,3.12737957,4.86744797,-2.98430641,-0.03532622,0.62956526,-0.00419617,3.12242316,-1.67539866,-2.93624123,-0.07820129,0.18988705,-0.00457764,0.01464844,0.35644531,-0.05859375,0.23437500,0.71777344,-0.02929688,0.96168518,2.50830603,2.60124207,-0.46386719
5.17720580,4200,-3.07226117,-1.39501841,-2.97438820,-0.04539490,0.53626156,-0.00228882,3.12738138,4.87017984,-2.98430641,-0.03542738,0.64083092,-0.00419617,3.12280463,-1.67120249,-2.93738564,-0.07629395,0.19980527,-0.00457764,0.00976562,0.33691406,-0.07324219,0.16113281,0.82031250,-0.02929688,0.96168518,2.50538900,2.59628296,-0.61035156
5.18990159,4205,-3.07226117,-1.39272959,-2.97438820,-0.04539490,0.54579831,-0.00228882,3.12738198,4.87277204,-2.98430641,-0.03546053,0.65169690,-0.00419617,3.12280463,-1.66624339,-2.93853005,-0.07209778,0.21048642,-0.00457764,0.00000000,0.31250000,-0.06835938,0.24902344,0.71777344,-0.01464844,0.96206665,2.50458574,2.58216858,-0.87890625
5.20628762,4210,-3.07226117,-1.39044078,-2.97438820,-0.04539490,0.55609799,-0.00228882,3.12738217,4.87517443,-2.98430641,-0.03547139,0.66203370,-0.00419617,3.12280463,-1.66052134,-2.93929299,-0.06942749,0.22421933,-0.00457764,0.00000000,0.33691406,-0.04394531,0.07324219,0.86425781,0.00000000,0.96206665,2.50454226,2.57072449,-0.80566406
5.21950650,4215,-3.07226117,-1.38815196,-2.97438820,-0.04615784,0.56792355,-0.00228882,3.12738224,4.87760984,-2.98430641,-0.03579844,0.67362387,-0.00419617,3.12280463,-1.65594371,-2.94005593,-0.06752014,0.23413754,-0.00457764,0.00488281,0.34179688,-0.06835938,0.16113281,0.74707031,-0.01464844,0.96244812,2.50499700,2.56538391,-0.29296875
5.23370099,4220,-3.07226117,-1.38738902,-2.97438820,-0.04692078,0.58127499,-0.00228882,3.12738226,4.87917130,-2.98430641,-0.03645760,0.68525169,-0.00419617,3.12280463,-1.65136607,-2.94081887,-0.06408691,0.24558163,-0.00457764,-0.00488281,0.32226562,-0.03906250,0.23437500,0.82031250,-0.01464844,0.96244812,2.50515480,2.55966187,-0.56152344
5.24749422,4225,-3.07226117,-1.38548167,-2.97438820,-0.04844666,0.59310055,-0.00228882,3.12738226,4.88071483,-2.98430641,-0.03748024,0.69746265,-0.00419617,3.12318610,-1.64640696,-2.94196328,-0.06217957,0.25588131,-0.00457764,-0.00488281,0.34179688,-0.06835938,0.05859375,0.86425781,0.00000000,0.96244812,2.50526022,2.55393982,-0.31738281
5.26131201,4230,-3.07226117,-1.38395579,-2.97438820,-0.04959106,0.60187436,-0.00228882,3.12738227,4.88233438,-2.98430641,-0.03885281,0.70857271,-0.00419617,3.12318610,-1.64221080,-2.94234474,-0.06179810,0.26694394,-0.00457764,0.00000000,0.32714844,-0.04394531,0.05859375,0.76171875,-0.02929688,0.96244812,2.50541683,2.54936218,-0.61035156
5.27742290,4235,-3.07226117,-1.38242991,-2.97438820,-0.05035400,0.61713315,-0.00228882,3.12738227,4.88398323,-2.98430641,-0.03973691,0.72119176,-0.00419617,3.12318610,-1.63572581,-2.94310768,-0.05874634,0.28258420,-0.00457764,0.00488281,0.33203125,-0.04394531,0.10253906,0.82031250,-0.01464844,0.96244812,2.50546815,2.53982544,-0.48828125
5.28964949,4240,-3.07226117,-1.38128550,-2.97438820,-0.05035400,0.62590695,-0.00228882,3.12738227,4.88539450,-2.98430641,-0.04020678,0.73295947,-0.00419617,3.12318610,-1.63305552,-2.94387062,-0.05760193,0.28906918,-0.00457764,0.00488281,0.30761719,-0.03906250,0.14648438,0.74707031,-0.01464844,0.96244812,2.50548497,2.53639221,-0.34179688
5.30251002,4245,-3.07226117,-1.37937815,-2.97438820,-0.05073547,0.64002133,-0.00267029,3.12738227,4.88674770,-2.98430641,-0.04058597,0.74455294,-0.00445264,3.12356757,-1.62809642,-2.94463356,-0.05455017,0.30165768,-0.00457764,0.00488281,0.32226562,-0.03906250,0.16113281,0.92285156,-0.02929688,0.96244812,2.50549048,2.53295898,-0.07324219
5.31734252,4250,-3.07226117,-1.37823374,-2.97438820,-0.05035400,0.65337277,-0.00267029,3.12738227,4.88822077,-2.98430641,-0.04051625,0.75780977,-0.00453668,3.12356757,-1.62313731,-2.94539650,-0.05416870,0.31348324,-0.00457764,0.00000000,0.31738281,-0.05371094,0.01464844,0.74707031,-0.02929688,0.96244812,2.50549228,2.53257751,-0.02441406
5.33052850,4255,-3.07226117,-1.37708934,-2.97438820,-0.05035400,0.66557980,-0.00267029,3.12738227,4.88957298,-2.98430641,-0.04046216,0.77049898,-0.00456421,3.12356757,-1.61855967,-2.94615944,-0.05378723,0.32569027,-0.00457764,-0.00488281,0.28808594,-0.05371094,0.02929688,0.86425781,-0.01464844,0.96244812,2.50549288,2.52876282,-0.39062500
5.34676409,4260,-3.07226117,-1.37594493,-2.97438820,-0.05035400,0.67969418,-0.00267029,3.12738227,4.89066634,-2.98430641,-0.04044443,0.78393152,-0.00457324,3.12356757,-1.61474498,-2.94692238,-0.05302429,0.33751584,-0.00457764,-0.00488281,0.27343750,-0.04882812,0.02929688,0.83496094,-0.01464844,0.96244812,2.50549307,2.52685547,-0.09765625
5.36152148,4265,-3.07226117,-1.37441905,-2.97438820,-0.05035400,0.69151974,-0.00267029,3.12738227,4.89203828,-2.98430641,-0.04043862,0.79632272,-0.00457620,3.12356757,-1.61093028,-2.94768532,-0.05226135,0.34667111,-0.00457764,0.00000000,0.30761719,-0.02929688,0.02929688,0.76171875,-0.01464844,0.96244812,2.50549313,2.52380371,-0.34179688
5.37552571,4270,-3.07226117,-1.37289317,-2.97438820,-0.04997253,0.70639706,-0.00267029,3.12738227,4.89358403,-2.98430641,-0.04029939,0.80946839,-0.00457716,3.12356757,-1.60558970,-2.94882973,-0.05111694,0.36192990,-0.00457764,-0.00488281,0.30273438,-0.04394531,0.02929688,0.86425781,-0.01464844,0.96282959,2.50564574,2.52265930,-0.07324219
5.39041591,4275,-3.07226117,-1.37251170,-2.97438820,-0.04959106,0.71669674,-0.00267029,3.12738227,4.89437826,-2.98430641,-0.03990941,0.82222213,-0.00457748,3.12356757,-1.60177500,-2.94921120,-0.05073547,0.36994076,-0.00457764,-0.00488281,0.27832031,-0.03417969,0.02929688,0.71777344,-0.02929688,0.96244812,2.50568379,2.52265930,-0.04882812
5.40327263,4280,-3.07226117,-1.37213023,-2.97438820,-0.04920959,0.72890378,-0.00267029,3.12738227,4.89495602,-2.98430641,-0.03949390,0.83411222,-0.00457759,3.12356757,-1.59796031,-2.94997414,-0.04959106,0.38138485,-0.00457764,0.00000000,0.30273438,-0.05371094,0.10253906,0.89355469,-0.01464844,0.96282959,2.50583029,2.52189636,-0.07324219
5.41650963,4285,-3.07226117,-1.37060435,-2.97438820,-0.04920959,0.74339963,-0.00267029,3.12738227,4.89595979,-2.98430641,-0.03935774,0.84624591,-0.00457762,3.12356757,-1.59414561,-2.95035561,-0.04768372,0.39130307,-0.00457764,0.00000000,0.27343750,-0.03417969,0.13183594,0.79101562,0.00000000,0.96282959,2.50605407,2.52037048,-0.19531250
5.43096733,4290,-3.07226117,-1.37022288,-2.97438820,-0.04882812,0.75255490,-0.00267029,3.12738227,4.89680543,-2.98430641,-0.03912697,0.85882735,-0.00457763,3.12394904,-1.59071238,-2.95073708,-0.04692078,0.40083981,-0.00457764,-0.00488281,0.27343750,-0.01953125,0.04394531,0.77636719,-0.02929688,0.96359253,2.50683687,2.51693726,-0.12207031
5.44685340,4295,-3.07149823,-1.36869700,-2.97438820,-0.04882812,0.77048398,-0.00267029,3.12771503,4.89789698,-2.98430641,-0.03898104,0.87299630,-0.00457763,3.12394904,-1.58575328,-2.95188149,-0.04653931,0.41609860,-0.00457764,-0.00488281,0.26855469,-0.06835938,-0.02929688,0.83496094,-0.01464844,0.96778870,2.51018591,2.51617432,-0.09765625
5.46032429,4300,-3.07149823,-1.36869700,-2.97438820,-0.04882812,0.78192807,-0.00267029,3.12805307,4.89853640,-2.98430641,-0.03893322,0.88581374,-0.00457764,3.12394904,-1.58155711,-2.95226296,-0.04653931,0.42830563,-0.00457764,-0.00488281,0.25878906,-0.01953125,0.01464844,0.77636719,-0.01464844,0.98037720,2.52361680,2.51159668,-0.39062500
5.47581887,4305,-3.07149823,-1.36793406,-2.97400673,-0.04882812,0.79794980,-0.00267029,3.12818533,4.89913973,-2.98404995,-0.03891755,0.90054476,-0.00457764,3.12394904,-1.57812388,-2.95302590,-0.04615784,0.43860531,-0.00457764,-0.00488281,0.26367188,-0.06835938,0.00000000,0.79101562,-0.01464844,1.00784302,2.54361680,2.51159668,-0.02441406
5.49221230,4310,-3.07149823,-1.36717112,-2.97400673,-0.04882812,0.81244565,-0.00267029,3.12815835,4.89981911,-2.98396591,-0.03891241,0.91465576,-0.00457764,3.12394904,-1.57430918,-2.95378884,-0.04463196,0.45081235,-0.00457764,0.00488281,0.25878906,-0.05859375,0.05859375,0.84960938,0.00000000,1.03797913,2.56361680,2.51159668,-0.02441406
5.50596857,4315,-3.07149823,-1.36640818,-2.97400673,-0.04882812,0.82274533,-0.00267029,3.12814951,4.90058592,-2.98393837,-0.03891073,0.92745385,-0.00457764,3.12394904,-1.57049449,-2.95455178,-0.04463196,0.46187497,-0.00457764,0.00000000,0.23925781,-0.04394531,0.01464844,0.76171875,-0.01464844,1.03340149,2.58361680,2.51197815,0.00000000
5.51840043,4320,-3.07149823,-1.36640818,-2.97400673,-0.04882812,0.83380795,-0.00267029,3.12814662,4.90095633,-2.98392934,-0.03891018,0.93922626,-0.00457764,3.12433051,-1.56744273,-2.95493325,-0.04463196,0.47103024,-0.00457764,0.00976562,0.23437500,-0.02441406,-0.01464844,0.74707031,0.00000000,1.03340149,2.60361680,2.51274109,0.04882812
5.53172922,4325,-3.07149823,-1.36640818,-2.97400673,-0.04882812,0.84258175,-0.00267029,3.12814567,4.90107771,-2.98392639,-0.03891000,0.94917259,-0.00457764,3.12433051,-1.56400950,-2.95531472,-0.04425049,0.48171139,-0.00457764,0.00976562,0.24414062,-0.02929688,0.00000000,0.83496094,-0.01464844,1.03340149,2.62361680,2.51541138,0.21972656
5.54651213,4330,-3.07149823,-1.36640818,-2.97362526,-0.04882812,0.85517026,-0.00267029,3.12814536,4.90111748,-2.98384912,-0.03890994,0.96019999,-0.00457764,3.12471198,-1.55981333,-2.95607766,-0.04425049,0.49582577,-0.00457764,0.00488281,0.24902344,-0.03417969,0.00000000,0.82031250,-0.01464844,1.03302002,2.63904650,2.52990723,0.78125000
5.56064844,4335,-3.07149823,-1.36640818,-2.97324379,-0.04882812,0.86508847,-0.00267029,3.12814526,4.90113051,-2.98350630,-0.03890992,0.97085324,-0.00457764,3.12471198,-1.55638011,-2.95645912,-0.04386902,0.50688839,-0.00457764,0.00000000,0.22460938,-0.01953125,0.01464844,0.77636719,0.00000000,1.03302002,2.64414972,2.53753662,0.53710938
5.57472253,4340,-3.07149823,-1.36640818,-2.97324379,-0.04844666,0.87691403,-0.00267029,3.12814522,4.90113478,-2.98327482,-0.03865345,0.98187279,-0.00457764,3.12471198,-1.55332835,-2.95722206,-0.04386902,0.51718808,-0.00457764,-0.00976562,0.22949219,-0.04882812,-0.01464844,0.86425781,-0.01464844,1.03302002,2.64582194,2.54783630,0.73242188
5.58935475,4345,-3.07149823,-1.36640818,-2.97324379,-0.04844666,0.88950253,-0.00267029,3.12814521,4.90113618,-2.98319897,-0.03856940,0.99383878,-0.00457764,3.12471198,-1.54989512,-2.95760353,-0.04386902,0.52786923,-0.00457764,0.00000000,0.22949219,-0.00976562,0.01464844,0.74707031,-0.02929688,1.03302002,2.64636990,2.55889893,0.85449219
5.60266900,4350,-3.07149823,-1.36640818,-2.97324379,-0.04844666,0.90056515,-0.00267029,3.12814521,4.90113664,-2.98317412,-0.03854186,1.00579409,-0.00457764,3.12471198,-1.54760630,-2.95760353,-0.04348755,0.53588009,-0.00457764,0.00000000,0.22949219,-0.00976562,0.00000000,0.83496094,-0.01464844,1.03302002,2.64654945,2.56347656,0.87890625
5.61690259,4355,-3.07149823,-1.36640818,-2.97324379,-0.04844666,0.91048337,-0.00267029,3.12814521,4.90113679,-2.98316598,-0.03853284,1.01702973,-0.00457764,3.12471198,-1.54341014,-2.95798500,-0.04348755,0.55037594,-0.00457764,-0.00488281,0.21484375,-0.01464844,0.00000000,0.73242188,0.00000000,1.03340149,2.64676087,2.57644653,0.34179688
5.63221717,4360,-3.07149823,-1.36640818,-2.97324379,-0.04844666,0.92192746,-0.00267029,3.12814521,4.90113684,-2.98316331,-0.03852988,1.02783373,-0.00457764,3.12509345,-1.53997691,-2.95836647,-0.04310608,0.56334591,-0.00457764,0.00000000,0.22460938,-0.02441406,0.00000000,0.93750000,-0.02929688,1.03302002,2.64667757,2.58445740,0.58593750
5.64542294,4365,-3.07149823,-1.36640818,-2.97324379,-0.04844666,0.93222714,-0.00267029,3.12814521,4.90113686,-2.98316243,-0.03852891,1.03846225,-0.00457764,3.12509345,-1.53730662,-2.95912941,-0.04272461,0.57479001,-0.00457764,0.00000000,0.19042969,-0.03906250,0.00000000,0.74707031,-0.01464844,1.03302002,2.64665027,2.59132385,0.56152344
5.66028214,4370,-3.07149823,-1.36640818,-2.97324379,-0.04844666,0.94176388,-0.00267029,3.12814521,4.90113686,-2.98316215,-0.03852860,1.04905694,-0.00457764,3.12509345,-1.53463633,-2.95951088,-0.04234314,0.58356381,-0.00457764,0.00488281,0.19531250,-0.01464844,0.01464844,0.77636719,-0.01464844,1.03302002,2.64664132,2.59933472,0.56152344
5.67348933,4375,-3.07149823,-1.36640818,-2.97324379,-0.04844666,0.95282651,-0.00267029,3.12814521,4.90113686,-2.98316205,-0.03852849,1.05912785,-0.00457764,3.12547492,-1.53158457,-2.95989235,-0.04158020,0.59577084,-0.00457764,0.00000000,0.18554688,-0.03906250,0.05859375,0.77636719,-0.02929688,1.03302002,2.64663839,2.60581970,0.43945312
5.68763208,4380,-3.07149823,-1.36640818,-2.97324379,-0.04844666,0.96083737,-0.00267029,3.12814521,4.90113686,-2.98316202,-0.03852846,1.06891775,-0.00457764,3.12547492,-1.52853282,-2.96065529,-0.04043579,0.60721493,-0.00457764,-0.00488281,0.18066406,-0.02929688,0.04394531,0.82031250,-0.02929688,1.03302002,2.64673509,2.61001587,0.21972656
5.70058489,4385,-3.07149823,-1.36640818,-2.97324379,-0.04844666,0.96884823,-0.00267029,3.12814521,4.90113687,-2.98316201,-0.03852845,1.07709604,-0.00457764,3.12547492,-1.52662547,-2.96103676,-0.04043579,0.61637021,-0.00457764,-0.00488281,0.19042969,-0.05371094,0.01464844,0.89355469,-0.02929688,1.03302002,2.64674724,2.61039734,-0.02441406
5.71442175,4390,-3.07149823,-1.36640818,-2.97324379,-0.04844666,0.97724057,-0.00267029,3.12814521,4.90113687,-2.98316201,-0.03852844,1.08494559,-0.00457764,3.12547492,-1.52357371,-2.96179970,-0.04005432,0.62781430,-0.00457764,0.00000000,0.19042969,-0.02441406,-0.02929688,0.74707031,0.00000000,1.03302002,2.64667310,2.61154175,0.09765625
5.72978425,4395,-3.07149823,-1.36640818,-2.97324379,-0.04844666,0.98372555,-0.00228882,3.12814521,4.90113687,-2.98316201,-0.03852844,1.09253933,-0.00450134,3.12547492,-1.52128489,-2.96218117,-0.04005432,0.63925839,-0.00457764,0.00000000,0.16601562,-0.01953125,0.00000000,0.83496094,-0.01464844,1.03302002,2.64664880,2.61802673,0.31738281
5.74411917,4400,-3.07149823,-1.36640818,-2.97324379,-0.04844666,0.98868466,-0.00228882,3.12814521,4.90113687,-2.98316201,-0.03852844,1.09860296,-0.00429617,3.12547492,-1.51861460,-2.96256264,-0.04005432,0.65032101,-0.00457764,-0.00488281,0.17578125,-0.04882812,0.00000000,0.86425781,-0.02929688,1.03302002,2.64678147,2.62184143,0.19531250
5.75691915,4405,-3.07149823,-1.36640818,-2.97324379,-0.04844666,0.99478818,-0.00228882,3.12814521,4.90113687,-2.98316201,-0.03852844,1.10449126,-0.00422893,3.12547492,-1.51670726,-2.96294411,-0.04005432,0.65871335,-0.00457764,-0.00488281,0.17578125,-0.01953125,-0.01464844,0.80566406,-0.01464844,1.03302002,2.64676244,2.62184143,-0.02441406
5.77170873,4410,-3.07149823,-1.36640818,-2.97324379,-0.04844666,0.99936581,-0.00228882,3.12814521,4.90113687,-2.98316201,-0.03852844,1.11009213,-0.00420690,3.12547492,-1.51365550,-2.96332558,-0.03967285,0.67130185,-0.00457764,-0.00488281,0.17578125,-0.01464844,0.00000000,0.76171875,0.00000000,1.03302002,2.64674058,2.62527466,0.31738281
5.78503752,4415,-3.07149823,-1.36640818,-2.97324379,-0.04844666,1.00508786,-0.00228882,3.12814521,4.90113687,-2.98316201,-0.03852844,1.11533111,-0.00419969,3.12547492,-1.51060374,-2.96332558,-0.03967285,0.68350888,-0.00495911,-0.00488281,0.18066406,0.00488281,-0.01464844,0.76171875,-0.02929688,1.03302002,2.64676857,2.62985229,0.21972656
5.79913354,4420,-3.07149823,-1.36640818,-2.97324379,-0.04844666,1.00852109,-0.00228882,3.12814521,4.90113687,-2.98316201,-0.03852844,1.11972079,-0.00419732,3.12547492,-1.50831492,-2.96370705,-0.03967285,0.69495297,-0.00457764,0.00000000,0.18066406,-0.01464844,-0.01464844,0.89355469,-0.01464844,1.03302002,2.64682071,2.63442993,0.26855469
5.81395388,4425,-3.07149823,-1.36640818,-2.97324379,-0.04844666,1.01348019,-0.00228882,3.12814521,4.90113687,-2.98316201,-0.03852844,1.12429409,-0.00419654,3.12547492,-1.50602610,-2.96408852,-0.03967285,0.70601559,-0.00457764,-0.00488281,0.16113281,-0.02929688,0.00000000,0.80566406,0.00000000,1.03302002,2.64677530,2.63710022,-0.02441406
5.82819939,4430,-3.07149823,-1.36640818,-2.97324379,-0.04844666,1.01882077,-0.00228882,3.12814521,4.90113687,-2.98316201,-0.03852844,1.12911273,-0.00419629,3.12547492,-1.50335581,-2.96446999,-0.03967285,0.71745968,-0.00457764,-0.00488281,0.15625000,-0.00976562,0.00000000,0.80566406,0.00000000,1.03302002,2.64668229,2.63710022,-0.02441406
5.84629107,4435,-3.07149823,-1.36640818,-2.97324379,-0.04882812,1.02606869,-0.00228882,3.12814521,4.90113687,-2.98316201,-0.03866577,1.13521307,-0.00419621,3.12547492,-1.50068553,-2.96485146,-0.03967285,0.73004818,-0.00457764,-0.00488281,0.16601562,-0.02929688,-0.01464844,0.82031250,-0.01464844,1.03302002,2.64683639,2.63710022,0.00000000
5.86106372,4440,-3.07149823,-1.36640818,-2.97286232,-0.04882812,1.03369809,-0.00228882,3.12814521,4.90113687,-2.98302468,-0.03882991,1.14270715,-0.00419618,3.12547492,-1.49801524,-2.96523293,-0.03929138,0.74454403,-0.00457764,-0.00976562,0.14648438,-0.00976562,-0.01464844,0.80566406,-0.02929688,1.03302002,2.64679997,2.63710022,-0.04882812
5.87546349,4445,-3.07149823,-1.36640818,-2.97248085,-0.04882812,1.03827572,-0.00228882,3.12814521,4.90113687,-2.98272321,-0.03888370,1.14862814,-0.00419617,3.12547492,-1.49610789,-2.96561440,-0.03929138,0.75408078,-0.00457764,-0.00488281,0.14160156,-0.02441406,-0.01464844,0.79101562,-0.01464844,1.03340149,2.64714082,2.63748169,0.02441406
5.88921070,4450,-3.07149823,-1.36640818,-2.97133644,-0.04882812,1.04399777,-0.00228882,3.12814521,4.90113687,-2.98198636,-0.03890132,1.15432260,-0.00419617,3.12547492,-1.49420054,-2.96599587,-0.03929138,0.76514340,-0.00457764,0.00000000,0.14648438,-0.01953125,0.00000000,0.80566406,-0.01464844,1.03302002,2.64692414,2.63710022,-0.04882812
5.90405679,4455,-3.07149823,-1.36640818,-2.96981057,-0.04882812,1.04781247,-0.00228882,3.12814521,4.90113687,-2.98086942,-0.03890710,1.15908041,-0.00419617,3.12547492,-1.49191172,-2.96637734,-0.03890991,0.77773190,-0.00457764,-0.00976562,0.15625000,-0.03906250,0.00000000,0.82031250,-0.01464844,1.03302002,2.64673106,2.63786316,0.02441406
5.91692615,4460,-3.07149823,-1.36640818,-2.96790322,-0.04882812,1.05124569,-0.00228882,3.12814521,4.90113687,-2.97914100,-0.03890899,1.16309953,-0.00419617,3.12547492,-1.49000437,-2.96714028,-0.03929138,0.78803158,-0.00457764,0.00000000,0.13183594,-0.01464844,-0.01464844,0.82031250,0.00000000,1.03302002,2.64678987,2.63786316,0.00000000
5.93260288,4465,-3.07149823,-1.36640818,-2.96561440,-0.04882812,1.05353451,-0.00228882,3.12814521,4.90113687,-2.97723503,-0.03890961,1.16589674,-0.00419617,3.12547492,-1.48771556,-2.96714028,-0.03890991,0.79985714,-0.00457764,0.00000000,0.13183594,-0.00488281,0.00000000,0.80566406,-0.01464844,1.03302002,2.64668707,2.63900757,0.04882812
5.94688725,4470,-3.07149823,-1.36640818,-2.96294411,-0.04882812,1.05506039,-0.00228882,3.12814521,4.90113687,-2.97494654,-0.03890981,1.16816977,-0.00419617,3.12585639,-1.48618968,-2.96752175,-0.03890991,0.80901242,-0.00457764,0.00000000,0.14160156,-0.01464844,-0.01464844,0.77636719,-0.01464844,1.03302002,2.64665338,2.64167786,0.21972656
5.96269679,4475,-3.07149823,-1.36640818,-2.96027382,-0.04844666,1.05467892,-0.00228882,3.12814521,4.90113687,-2.97210204,-0.03883359,1.16887883,-0.00419617,3.12585639,-1.48390086,-2.96752175,-0.03852844,0.82198239,-0.00457764,-0.00488281,0.11230469,-0.00000000,0.00000000,0.83496094,0.00000000,1.03302002,2.64664234,2.64244080,-0.02441406
5.97744966,4480,-3.07149823,-1.36640818,-2.95722206,-0.04577637,1.05467892,-0.00228882,3.12814521,4.90113687,-2.96941752,-0.03741420,1.16904087,-0.00419617,3.12585639,-1.48199351,-2.96752175,-0.03852844,0.83151913,-0.00457764,-0.00488281,0.14648438,-0.01464844,-0.02929688,0.83496094,-0.02929688,1.03302002,2.64670123,2.64244080,0.00000000
5.99226117,4485,-3.07149823,-1.36640818,-2.95417031,-0.04386902,1.05429745,-0.00190735,3.12814521,4.90113687,-2.96648609,-0.03548657,1.16901767,-0.00397095,3.12585639,-1.47932322,-2.96790322,-0.03814697,0.84677792,-0.00457764,0.00000000,0.13183594,0.00488281,0.00000000,0.80566406,-0.01464844,1.03302002,2.64672052,2.64282227,0.00000000
6.00627255,4490,-3.07149823,-1.36640818,-2.95188149,-0.04348755,1.05429745,-0.00190735,3.12814521,4.90113687,-2.96389442,-0.03426789,1.16882989,-0.00386590,3.12585639,-1.47741587,-2.96790322,-0.03814697,0.85860348,-0.00457764,-0.00488281,0.12695312,-0.00488281,-0.02929688,0.82031250,-0.02929688,1.03340149,2.64693900,2.64282227,-0.02441406
6.02062917,4495,-3.07149823,-1.36640818,-2.94959267,-0.04234314,1.05429745,-0.00152588,3.12814521,4.90113687,-2.96156740,-0.03339846,1.16876836,-0.00357500,3.12585639,-1.47550852,-2.96790322,-0.03814697,0.86852170,-0.00457764,0.00000000,0.12207031,0.00976562,0.00000000,0.77636719,0.00000000,1.03302002,2.64673593,2.64282227,-0.02441406
6.03967619,4500,-3.07149823,-1.36640818,-2.94844826,-0.04158020,1.05315304,-0.00152588,3.12814521,4.90113687,-2.95958723,-0.03233256,1.16815066,-0.00347969,3.12585639,-1.47398265,-2.96790322,-0.03738403,0.87843991,-0.00457764,-0.00488281,0.11718750,0.00488281,0.02929688,0.84960938,-0.02929688,1.03340149,2.64711983,2.64282227,-0.02441406
6.05519223,4505,-3.07149823,-1.36640818,-2.94692238,-0.04005432,1.05086422,-0.00076294,3.12814521,4.90113687,-2.95802235,-0.03113758,1.16645827,-0.00311569,3.12623786,-1.47169383,-2.96790322,-0.03738403,0.89446164,-0.00457764,0.01464844,0.11718750,0.00488281,0.00000000,0.79101562,-0.01464844,1.03302002,2.64679519,2.64320374,-0.04882812
6.06908727,4510,-3.07149823,-1.36640818,-2.94692238,-0.03814697,1.05086422,0.00114441,3.12814521,4.90113687,-2.95722783,-0.02973173,1.16568300,-0.00203486,3.12623786,-1.47016795,-2.96790322,-0.03700256,0.90437985,-0.00457764,-0.00488281,0.12207031,0.00488281,0.00000000,0.89355469,0.00000000,1.03302002,2.64690854,2.64358521,0.02441406
6.08244300,4515,-3.07149823,-1.36640818,-2.94692238,-0.03547668,1.05086422,0.00190735,3.12814521,4.90113687,-2.95696748,-0.02750848,1.16542896,-0.00072928,3.12623786,-1.46826060,-2.96790322,-0.03700256,0.91811276,-0.00457764,0.00488281,0.11718750,0.00488281,-0.01464844,0.77636719,0.00000000,1.03302002,2.64672595,2.64511108,0.09765625
6.09628272,4520,-3.07149823,-1.36640818,-2.94692238,-0.03242493,1.05086422,0.00190735,3.12814521,4.90113687,-2.95688217,-0.02454804,1.16534571,-0.00023897,3.12623786,-1.46673472,-2.96790322,-0.03662109,0.93031979,-0.00457764,-0.00488281,0.09277344,0.00488281,0.01464844,0.87890625,-0.01464844,1.03302002,2.64672862,2.64701843,0.02441406
6.10900354,4525,-3.07149823,-1.36640818,-2.94692238,-0.02708435,1.05086422,0.00190735,3.12814521,4.90113687,-2.95685422,-0.02051521,1.16531844,-0.00007831,3.12623786,-1.46559031,-2.96790322,-0.03662109,0.93909360,-0.00457764,0.00000000,0.10253906,0.00488281,-0.01464844,0.84960938,-0.02929688,1.03302002,2.64672950,2.64663696,-0.04882812
6.12294555,4530,-3.07149823,-1.36640818,-2.94692238,-0.02136230,1.05086422,0.00152588,3.12814521,4.90113687,-2.95684506,-0.01584181,1.16530950,-0.00010195,3.12623786,-1.46406443,-2.96790322,-0.03623962,0.94863034,-0.00457764,-0.00488281,0.11230469,0.00488281,0.01464844,0.73242188,-0.01464844,1.03302002,2.64696514,2.64663696,0.00000000
6.13747549,4535,-3.07149823,-1.36640818,-2.94692238,-0.01754761,1.05086422,0.00152588,3.12814521,4.90113687,-2.95684206,-0.01117249,1.16530657,-0.00028988,3.12623786,-1.46215708,-2.96790322,-0.03509521,0.96121884,-0.00457764,-0.00976562,0.12695312,0.00488281,0.04394531,0.82031250,0.00000000,1.03340149,2.64689709,2.64663696,-0.02441406
6.15227866,4540,-3.07149823,-1.36640818,-2.94654091,-0.01487732,1.05086422,0.00152588,3.12814521,4.90113687,-2.95665492,-0.00760692,1.16530561,-0.00035146,3.12623786,-1.46063121,-2.96752175,-0.03356934,0.97189999,-0.00419617,-0.00488281,0.11230469,0.00976562,0.11718750,0.77636719,-0.01464844,1.03340149,2.64715701,2.64701843,0.00000000
6.16576123,4545,-3.07149823,-1.36640818,-2.94615944,-0.01106262,1.05277157,0.00190735,3.12814521,4.90113687,-2.95638595,-0.00432259,1.16618677,-0.00018548,3.12623786,-1.45948680,-2.96752175,-0.03166199,0.98258114,-0.00419617,-0.00488281,0.09765625,0.01953125,0.14648438,0.89355469,-0.01464844,1.03340149,2.64695996,2.64663696,-0.02441406
6.18002200,4550,-3.07111676,-1.36640818,-2.94577797,-0.00610352,1.05467892,0.00190735,3.12837043,4.90113687,-2.95599252,-0.00031316,1.16764799,-0.00006078,3.12623786,-1.45757945,-2.96714028,-0.02861023,0.99440671,-0.00419617,-0.00488281,0.08789062,0.01953125,0.16113281,0.76171875,0.00000000,1.03302002,2.64682093,2.64663696,-0.04882812
6.19329238,4555,-3.07035382,-1.36640818,-2.94463356,-0.00038147,1.05582333,0.00190735,3.12879896,4.90113687,-2.95530562,0.00499565,1.16918625,-0.00001992,3.12623786,-1.45643504,-2.96675881,-0.02632141,1.00432492,-0.00419617,-0.00488281,0.09277344,0.02929688,0.14648438,0.79101562,0.00000000,1.03340149,2.64694749,2.64663696,-0.02441406
6.20598149,4560,-3.06959088,-1.36640818,-2.94310768,0.00572205,1.05696774,0.00190735,3.12961053,4.90113687,-2.95413473,0.01100624,1.17042993,-0.00000653,3.12623786,-1.45490916,-2.96675881,-0.02441406,1.01576901,-0.00419617,-0.00488281,0.12207031,0.00976562,0.11718750,0.82031250,0.00000000,1.03302002,2.64681684,2.64663696,-0.02441406
6.22120214,4565,-3.06959088,-1.36640818,-2.94043740,0.01068115,1.05811215,0.00190735,3.12990771,4.90113687,-2.95210616,0.01666048,1.17167572,-0.00000214,3.12661933,-1.45338328,-2.96675881,-0.02250671,1.02721310,-0.00419617,0.00000000,0.09277344,0.02441406,0.19042969,0.80566406,-0.01464844,1.03340149,2.64684849,2.64663696,-0.02441406
6.23439050,4570,-3.06959088,-1.36640818,-2.93738564,0.01449585,1.05849362,0.00190735,3.13000509,4.90113687,-2.94960892,0.02111067,1.17252205,-0.00000070,3.12661933,-1.45185740,-2.96637734,-0.01983643,1.03903866,-0.00381470,-0.00488281,0.08789062,0.01464844,0.16113281,0.76171875,0.00000000,1.03302002,2.64688206,2.64701843,0.00000000
6.24678969,4575,-3.06959088,-1.36640818,-2.93471535,0.01640320,1.05887509,0.00190735,3.13003700,4.90113687,-2.94680295,0.02443232,1.17302459,-0.00000023,3.12661933,-1.45109446,-2.96637734,-0.01754761,1.04628659,-0.00381470,0.00000000,0.08789062,0.01953125,0.16113281,0.70312500,0.00000000,1.03302002,2.64671728,2.64663696,-0.04882812
6.26074743,4580,-3.06997235,-1.36640818,-2.92861183,0.01792908,1.05887509,0.00190735,3.12986130,4.90113687,-2.94235566,0.02644653,1.17322052,-0.00000008,3.12661933,-1.44995005,-2.96599587,-0.01449585,1.05544186,-0.00381470,-0.00488281,0.07812500,0.03906250,0.20507812,0.62988281,-0.01464844,1.03340149,2.64697602,2.64663696,-0.02441406
6.27394843,4585,-3.06997235,-1.36640818,-2.92288979,0.01869202,1.05887509,0.00228882,3.12973341,4.90113687,-2.93699029,0.02775084,1.17328472,0.00013730,3.12661933,-1.44880564,-2.96561440,-0.01144409,1.06421567,-0.00343323,-0.00976562,0.07324219,0.03417969,0.19042969,0.65917969,-0.01464844,1.03302002,2.64690822,2.64701843,0.00000000
6.28784442,4590,-3.07073529,-1.36640818,-2.91564186,0.01869202,1.05849362,0.00267029,3.12932896,4.90113687,-2.93091588,0.02832862,1.17308053,0.00037776,3.12661933,-1.44766123,-2.96485146,-0.00915527,1.07184506,-0.00343323,0.00000000,0.09765625,0.03906250,0.13183594,0.54199219,-0.01464844,1.03340149,2.64697609,2.64663696,-0.04882812
6.30401850,4595,-3.07111676,-1.36640818,-2.90534218,0.01754761,1.05696774,0.00419617,3.12885988,4.90113687,-2.92277124,0.02807911,1.17226509,0.00117383,3.12661933,-1.44651683,-2.96446999,-0.00610352,1.07985592,-0.00343323,0.00000000,0.08300781,0.04394531,0.20507812,0.54199219,-0.01464844,1.03340149,2.64708525,2.64701843,-0.02441406
6.31797099,4600,-3.07187970,-1.36640818,-2.89656838,0.01640320,1.05429745,0.00915527,3.12819323,4.90113687,-2.91386474,0.02711808,1.17051412,0.00397632,3.12661933,-1.44499095,-2.96370705,-0.00228882,1.08824826,-0.00305176,-0.00488281,0.06347656,0.03417969,0.20507812,0.45410156,0.02929688,1.03302002,2.64714421,2.64663696,-0.04882812
6.33177471,4605,-3.07226117,-1.36640818,-2.88474282,0.01487732,1.05086422,0.01335144,3.12767925,4.90113687,-2.90371395,0.02583832,1.16802374,0.00806395,3.12700080,-1.44346507,-2.96294411,-0.00038147,1.09358883,-0.00228882,0.00000000,0.09765625,0.08789062,0.13183594,0.38085938,0.02929688,1.03302002,2.64716353,2.64663696,-0.02441406
6.34621549,4610,-3.07226117,-1.36640818,-2.87444313,0.01449585,1.04590512,0.01716614,3.12747958,4.90113687,-2.89298845,0.02495108,1.16409868,0.01194610,3.12700080,-1.44193919,-2.96179970,0.00190735,1.09816647,-0.00076294,-0.00488281,0.11230469,0.09765625,0.11718750,0.33691406,0.08789062,1.03340149,2.64732245,2.64701843,-0.02441406
6.36046600,4615,-3.07226117,-1.36640818,-2.86376198,0.01335144,1.03942013,0.02021790,3.12741416,4.90113687,-2.88226982,0.02411994,1.15876894,0.01557368,3.12700080,-1.44079478,-2.96065529,0.00343323,1.10274411,-0.00038147,0.00000000,0.07324219,0.05859375,0.13183594,0.29296875,0.00000000,1.03340149,2.64727687,2.64663696,0.00000000
6.37602425,4620,-3.07264264,-1.36640818,-2.85079201,0.01144409,1.02950192,0.02326965,3.12713625,4.90113687,-2.87001315,0.02261798,1.15064822,0.01893326,3.12700080,-1.43965037,-2.95951088,0.00534058,1.10732174,0.00000000,-0.00488281,0.07812500,0.10253906,0.05859375,0.30761719,0.01464844,1.03340149,2.64735959,2.64663696,-0.04882812
6.38880873,4625,-3.07226117,-1.36640818,-2.83820351,0.00877380,1.01805783,0.02937317,3.12720155,4.90113687,-2.85739325,0.02037935,1.14039372,0.02376655,3.12700080,-1.43888743,-2.95798500,0.00610352,1.11113644,0.00038147,0.00488281,0.07812500,0.11718750,0.05859375,0.29296875,0.02929688,1.03340149,2.64716696,2.64663696,-0.02441406
6.40516949,4630,-3.07226117,-1.36640818,-2.82256325,0.00495911,1.00089169,0.03623962,3.12720391,4.90113687,-2.84459817,0.01757818,1.12818917,0.02886277,3.12738227,-1.43774302,-2.95531472,0.00801086,1.11495114,0.00228882,0.00000000,0.04882812,0.15136719,0.07324219,0.24902344,0.13183594,1.03340149,2.64714779,2.64663696,-0.02441406
6.41924715,4635,-3.07226117,-1.36640818,-2.81073769,0.00228882,0.98677731,0.04081726,3.12732382,4.90113687,-2.83080404,0.01450855,1.11279874,0.03465771,3.12738227,-1.43659861,-2.95340737,0.00839233,1.11685849,0.00381470,0.00000000,0.06835938,0.16601562,0.00000000,0.14648438,0.07324219,1.03340149,2.64731729,2.64663696,-0.02441406
6.43348932,4640,-3.07226117,-1.36640818,-2.79853066,-0.00038147,0.97113705,0.04692078,3.12736312,4.90113687,-2.81803544,0.01156630,1.09745861,0.04038862,3.12738227,-1.43583567,-2.95073708,0.00839233,1.11723996,0.00572205,-0.00976562,0.04394531,0.16113281,0.00000000,0.01464844,0.14648438,1.03340149,2.64737283,2.64701843,-0.02441406
6.44822764,4645,-3.07226117,-1.36640818,-2.78670510,-0.00190735,0.95664120,0.05187988,3.12737599,4.90113687,-2.80530956,0.00930872,1.08174861,0.04606841,3.12738227,-1.43469126,-2.94882973,0.00839233,1.11609555,0.00991821,-0.00488281,0.08789062,0.14648438,-0.01464844,-0.05859375,0.30761719,1.03340149,2.64721525,2.64663696,-0.02441406
6.46433210,4650,-3.07226117,-1.36640818,-2.77373513,-0.00305176,0.93871213,0.05569458,3.12738021,4.90113687,-2.79292543,0.00781713,1.06549785,0.05088683,3.12738227,-1.43354686,-2.94577797,0.00839233,1.11342526,0.01220703,0.00000000,0.05371094,0.20019531,0.00000000,-0.16113281,0.04394531,1.03340149,2.64733940,2.64663696,-0.02441406
6.47857094,4655,-3.07226117,-1.36640818,-2.76229103,-0.00343323,0.92345334,0.05569458,3.12738159,4.90113687,-2.78039694,0.00695275,1.04890180,0.05283683,3.12738227,-1.43240245,-2.94310768,0.00839233,1.11037350,0.01487732,-0.00488281,0.07324219,0.20507812,-0.01464844,-0.21972656,0.24902344,1.03340149,2.64723945,2.64701843,0.00000000
6.49189258,4660,-3.07226117,-1.36640818,-2.74817665,-0.00343323,0.90399838,0.05569458,3.12738205,4.90113687,-2.76773777,0.00663826,1.03168932,0.05347580,3.12738227,-1.43163951,-2.94005593,0.00839233,1.10694027,0.02059937,-0.00488281,0.05859375,0.22460938,0.00000000,-0.23437500,0.35156250,1.03302002,2.64719474,2.64701843,0.00000000
6.50414348,4665,-3.07226117,-1.36640818,-2.73558815,-0.00343323,0.88606930,0.05531311,3.12738219,4.90113687,-2.75596156,0.00653521,1.01506341,0.05360889,3.12738227,-1.43049510,-2.93700417,0.00839233,1.10198117,0.02174377,-0.00976562,0.08300781,0.24902344,0.00000000,-0.38085938,0.13183594,1.03340149,2.64711295,2.64663696,-0.02441406
6.51913834,4670,-3.07226117,-1.36640818,-2.72528847,-0.00343323,0.87195492,0.05531311,3.12738224,4.90113687,-2.74415852,0.00650144,0.99890487,0.05347232,3.12738227,-1.42973216,-2.93357094,0.00839233,1.09587765,0.02250671,-0.00488281,0.05371094,0.26367188,-0.01464844,-0.46875000,0.04394531,1.03340149,2.64718380,2.64701843,-0.02441406
6.53301501,4675,-3.07226117,-1.36640818,-2.71537026,-0.00343323,0.85898495,0.05531311,3.12738226,4.90113687,-2.73360120,0.00649038,0.98453557,0.05342757,3.12738227,-1.42858775,-2.93013771,0.00839233,1.08862973,0.02479553,-0.00488281,0.07324219,0.25390625,-0.02929688,-0.51269531,0.14648438,1.03302002,2.64693822,2.64701843,-0.02441406
6.54634261,4680,-3.07226117,-1.36640818,-2.70583351,-0.00381470,0.84715939,0.05493164,3.12738226,4.90113687,-2.72367486,0.00641046,0.97158107,0.05315644,3.12738227,-1.42782481,-2.92708596,0.00839233,1.08176327,0.02746582,-0.00488281,0.07324219,0.25390625,-0.01464844,-0.48339844,0.14648438,1.03302002,2.64695541,2.64701843,0.00000000
6.56106257,4685,-3.07226117,-1.36640818,-2.69629677,-0.00381470,0.83685971,0.05493164,3.12738227,4.90113687,-2.71355538,0.00620409,0.95947737,0.05306759,3.12738227,-1.42668040,-2.92365273,0.00839233,1.07489682,0.02784729,-0.00488281,0.06835938,0.26855469,0.00000000,-0.57128906,0.02929688,1.03340149,2.64715659,2.64663696,-0.02441406
6.57475519,4690,-3.07226117,-1.36640818,-2.68714150,-0.00381470,0.82884884,0.05455017,3.12738227,4.90113687,-2.70458464,0.00613647,0.95041443,0.05278201,3.12738227,-1.42629893,-2.91907509,0.00839233,1.06459714,0.02975464,0.00000000,0.03417969,0.30761719,0.00000000,-0.62988281,0.14648438,1.03340149,2.64711998,2.64663696,-0.02441406
6.58865190,4695,-3.07187970,-1.36640818,-2.67874916,-0.00381470,0.82045651,0.05416870,3.12760749,4.90113687,-2.69579867,0.00611432,0.94199766,0.05246321,3.12738227,-1.42553599,-2.91526039,0.00839233,1.05734921,0.03128052,-0.00488281,0.03906250,0.27832031,-0.01464844,-0.54199219,0.05859375,1.03302002,2.64705793,2.64701843,-0.02441406
6.60250235,4700,-3.07187970,-1.36640818,-2.67150124,-0.00381470,0.81397152,0.05416870,3.12771254,4.90113687,-2.68757215,0.00610705,0.93420340,0.05232750,3.12738227,-1.42477305,-2.91106423,0.00801086,1.04971982,0.03395081,-0.00976562,0.05371094,0.28808594,-0.02929688,-0.46875000,0.20507812,1.03302002,2.64707276,2.64701843,0.00000000
6.61738253,4705,-3.07149823,-1.36640818,-2.66310891,-0.00419617,0.80824948,0.05416870,3.12800343,4.90113687,-2.67967116,0.00596735,0.92771884,0.05228303,3.12738227,-1.42401011,-2.90610512,0.00839233,1.03903866,0.03662109,-0.00488281,0.04882812,0.32714844,-0.01464844,-0.61523438,0.10253906,1.03340149,2.64699485,2.64663696,-0.04882812
6.63229203,4710,-3.07149823,-1.36640818,-2.65662392,-0.00419617,0.80443478,0.05416870,3.12809875,4.90113687,-2.67227004,0.00580243,0.92259666,0.05226845,3.12738227,-1.42324717,-2.90152748,0.00839233,1.02988339,0.03738403,0.00000000,0.04394531,0.29785156,-0.01464844,-0.49804688,0.01464844,1.03340149,2.64698495,2.64701843,-0.02441406
6.64573622,4715,-3.07149823,-1.36640818,-2.65052040,-0.00419617,0.80062008,0.05378723,3.12812998,4.90113687,-2.66541368,0.00574838,0.91820070,0.05200721,3.12738227,-1.42248423,-2.89809426,0.00839233,1.02339840,0.03776550,-0.00488281,0.02929688,0.30761719,-0.01464844,-0.55664062,0.01464844,1.03302002,2.64701369,2.64663696,-0.04882812
6.65905166,4720,-3.07149823,-1.36640818,-2.64403542,-0.00419617,0.79527951,0.05378723,3.12814022,4.90113687,-2.65907409,0.00573068,0.91358274,0.05192161,3.12738227,-1.42172129,-2.89313515,0.00801086,1.01500607,0.03814697,-0.00488281,0.06835938,0.31250000,-0.04394531,-0.55664062,0.01464844,1.03302002,2.64696060,2.64663696,0.00000000
6.67615867,4725,-3.07149823,-1.36640818,-2.63716896,-0.00419617,0.79032040,0.05340576,3.12814357,4.90113687,-2.65250724,0.00572487,0.90868220,0.05170740,3.12738227,-1.42095835,-2.88817604,0.00801086,1.00623227,0.03967285,0.00000000,0.02929688,0.32226562,-0.01464844,-0.57128906,0.10253906,1.03302002,2.64688364,2.64701843,-0.02441406
6.69052768,4730,-3.07149823,-1.36640818,-2.63068398,-0.00419617,0.78612423,0.05302429,3.12814467,4.90113687,-2.64573468,0.00572297,0.90388754,0.05142956,3.12738227,-1.41981394,-2.88283547,0.00801086,0.99783993,0.04310608,-0.00488281,0.08300781,0.29785156,-0.01464844,-0.49804688,0.17578125,1.03302002,2.64683986,2.64663696,-0.04882812
6.70481110,4735,-3.07149823,-1.36640818,-2.62496193,-0.00419617,0.78269101,0.05226135,3.12814503,4.90113687,-2.63999018,0.00572235,0.90019863,0.05095693,3.12738227,-1.41905101,-2.87940224,0.00801086,0.99249936,0.04501343,-0.00976562,0.03417969,0.32714844,0.00000000,-0.42480469,0.11718750,1.03340149,2.64705623,2.64701843,0.00000000
6.71811914,4740,-3.07149823,-1.36640818,-2.62076577,-0.00419617,0.78116513,0.05149841,3.12814515,4.90113687,-2.63475443,0.00572215,0.89751182,0.05028912,3.12738227,-1.41828807,-2.87482460,0.00801086,0.98639584,0.04463196,-0.00488281,0.05859375,0.32226562,-0.04394531,-0.48339844,-0.02929688,1.03340149,2.64710272,2.64701843,-0.02441406
6.73131084,4745,-3.07149823,-1.36640818,-2.61618813,-0.00419617,0.78002072,0.05149841,3.12814519,4.90113687,-2.62975118,0.00572208,0.89565058,0.04981980,3.12738227,-1.41752513,-2.87024697,0.00801086,0.97952939,0.04501343,-0.00488281,0.05371094,0.31738281,0.00000000,-0.43945312,-0.01464844,1.03340149,2.64700467,2.64701843,0.00000000
6.74776006,4750,-3.07149823,-1.36640818,-2.61084755,-0.00419617,0.78002072,0.05149841,3.12814520,4.90113687,-2.62462319,0.00572206,0.89485123,0.04966602,3.12738227,-1.41676219,-2.86528786,0.00801086,0.97266293,0.04501343,-0.00488281,0.03906250,0.32714844,-0.02929688,-0.42480469,-0.02929688,1.03340149,2.64703211,2.64663696,-0.02441406
6.76207638,4755,-3.07149823,-1.36640818,-2.60703286,-0.00419617,0.78002072,0.05149841,3.12814520,4.90113687,-2.62014769,0.00572205,0.89458930,0.04961563,3.12738227,-1.41599925,-2.86109169,0.00801086,0.96617795,0.04501343,-0.00976562,0.04882812,0.32714844,-0.01464844,-0.48339844,0.00000000,1.03302002,2.64712680,2.64663696,-0.04882812
6.77701807,4760,-3.07149823,-1.36640818,-2.60207375,-0.00419617,0.78002072,0.05149841,3.12814521,4.90113687,-2.61585779,0.00572205,0.89450347,0.04959911,3.12738227,-1.41523631,-2.85575112,0.00801086,0.95931149,0.04501343,-0.00488281,0.02929688,0.32714844,-0.01464844,-0.39550781,-0.01464844,1.03302002,2.64709532,2.64663696,-0.02441406
6.79287982,4765,-3.07149823,-1.36640818,-2.59825905,-0.00419617,0.78002072,0.05149841,3.12814521,4.90113687,-2.61161931,0.00572205,0.89447534,0.04959370,3.12738227,-1.41485484,-2.85117348,0.00801086,0.95473385,0.04539490,-0.00488281,0.03417969,0.32714844,-0.01464844,-0.29296875,-0.01464844,1.03340149,2.64693975,2.64663696,0.00000000
6.80479383,4770,-3.07149823,-1.36640818,-2.59597023,-0.00457764,0.78002072,0.05149841,3.12814521,4.90113687,-2.60823753,0.00546558,0.89446613,0.04959193,3.12738227,-1.41447337,-2.84735878,0.00801086,0.95206357,0.04539490,-0.00488281,0.03417969,0.31738281,-0.01464844,-0.19042969,-0.01464844,1.03302002,2.64693637,2.64701843,-0.04882812
6.81983781,4775,-3.07149823,-1.36640818,-2.59329995,-0.00457764,0.78002072,0.05149841,3.12814521,4.90113687,-2.60528283,0.00538154,0.89446311,0.04959135,3.12738227,-1.41371043,-2.84201821,0.00801086,0.94824887,0.04539490,-0.00488281,0.04882812,0.32226562,0.00000000,-0.20507812,0.00000000,1.03340149,2.64718551,2.64701843,-0.02441406
6.83444333,4780,-3.07149823,-1.36640818,-2.59101113,-0.00457764,0.78002072,0.05149841,3.12814521,4.90113687,-2.60275677,0.00535400,0.89446212,0.04959116,3.12738227,-1.41332896,-2.83820351,0.00762939,0.94443417,0.04539490,-0.00488281,0.02441406,0.35644531,-0.01464844,-0.32226562,0.00000000,1.03340149,2.64696930,2.64663696,-0.02441406
6.84941959,4785,-3.07149823,-1.36640818,-2.58872231,-0.00457764,0.78002072,0.05149841,3.12814521,4.90113687,-2.60029793,0.00534497,0.89446180,0.04959109,3.12738227,-1.41256602,-2.83209999,0.00762939,0.93909360,0.04577637,-0.00488281,0.03906250,0.34179688,-0.01464844,-0.29296875,0.01464844,1.03302002,2.64684352,2.64663696,-0.04882812
6.86371231,4790,-3.07149823,-1.36640818,-2.58643349,-0.00495911,0.78002072,0.05149841,3.12814521,4.90113687,-2.59814578,0.00520469,0.89446169,0.04959107,3.12738227,-1.41180308,-2.82866677,0.00762939,0.93566037,0.04577637,-0.00488281,0.05371094,0.29296875,-0.02929688,-0.24902344,-0.01464844,1.03302002,2.64670465,2.64663696,-0.02441406
6.87615681,4795,-3.07149823,-1.36640818,-2.58528908,-0.00610352,0.78040219,0.05149841,3.12814521,4.90113687,-2.59645191,0.00455191,0.89464781,0.04959107,3.12738227,-1.41142161,-2.82447060,0.00762939,0.93222714,0.04577637,-0.00488281,0.03906250,0.29785156,-0.02929688,-0.23437500,0.01464844,1.03340149,2.64698751,2.64701843,-0.02441406
6.89355016,4800,-3.07149823,-1.36640818,-2.58376320,-0.00915527,0.78078366,0.05149841,3.12814521,4.90113687,-2.59501992,0.00289709,0.89485541,0.04959107,3.12738227,-1.41027720,-2.81989296,0.00762939,0.92803097,0.04615784,-0.00488281,0.03906250,0.33203125,-0.01464844,-0.23437500,0.00000000,1.03302002,2.64682996,2.64663696,-0.02441406
6.90478754,4805,-3.07149823,-1.36640818,-2.58185585,-0.01258850,0.78078366,0.05149841,3.12814521,4.90113687,-2.59327761,0.00008274,0.89510361,0.04959106,3.12738227,-1.40989573,-2.81531533,0.00762939,0.92650509,0.04653931,-0.00488281,0.02929688,0.31250000,-0.02929688,-0.07324219,0.01464844,1.03340149,2.64709107,2.64701843,0.00000000
6.91796565,4810,-3.07149823,-1.36640818,-2.58032997,-0.01678467,0.78040219,0.05187988,3.12814521,4.90113687,-2.59152261,-0.00360741,0.89495972,0.04966736,3.12738227,-1.40951426,-2.81150063,0.00724792,0.92650509,0.04653931,0.00000000,0.03417969,0.28320312,-0.05859375,-0.00000000,0.02929688,1.03340149,2.64701648,2.64663696,-0.04882812
6.93224382,4815,-3.07187970,-1.36640818,-2.57804116,-0.02326965,0.78040219,0.05187988,3.12806891,4.90113687,-2.58966896,-0.00869123,0.89488132,0.04987253,3.12738227,-1.40875132,-2.80692299,0.00686646,0.92574215,0.04653931,0.00000000,0.02929688,0.32226562,-0.05859375,-0.07324219,-0.01464844,1.03302002,2.64676132,2.64663696,0.00000000
6.94642663,4820,-3.07187970,-1.36640818,-2.57575234,-0.02861023,0.78040219,0.05264282,3.12786374,4.90113687,-2.58748319,-0.01437101,0.89485563,0.05030232,3.12738227,-1.40836985,-2.80310829,0.00648499,0.92307187,0.04692078,-0.00488281,0.02929688,0.30273438,-0.05859375,-0.19042969,0.00000000,1.03340149,2.64700608,2.64663696,-0.02441406
6.96064043,4825,-3.07226117,-1.36640818,-2.57308205,-0.03509521,0.77963925,0.05416870,3.12765918,4.90113687,-2.58513036,-0.02001451,0.89445341,0.05128885,3.12738227,-1.40798838,-2.79929360,0.00495911,0.92040158,0.04730225,-0.00976562,0.01464844,0.30273438,-0.13183594,-0.17578125,0.01464844,1.03302002,2.64711827,2.64701843,-0.04882812
6.97415853,4830,-3.07226117,-1.36640818,-2.57003029,-0.03929138,0.77963925,0.05455017,3.12740269,4.90113687,-2.58236818,-0.02536414,0.89420247,0.05212884,3.12738227,-1.40760691,-2.79547890,0.00305176,0.91773129,0.04768372,-0.00976562,0.02929688,0.27832031,-0.13183594,-0.14648438,0.01464844,1.03302002,2.64695483,2.64663696,-0.04882812
6.99070764,4835,-3.07226117,-1.36640818,-2.56697853,-0.04425049,0.77696896,0.05493164,3.12738896,4.90113687,-2.57923113,-0.03042973,0.89301539,0.05255069,3.12738227,-1.40684397,-2.79166420,0.00114441,0.91467953,0.04806519,-0.00488281,0.03417969,0.26367188,-0.19042969,-0.23437500,0.01464844,1.03340149,2.64703434,2.64701843,-0.02441406
7.00351453,4840,-3.07226117,-1.36678965,-2.56392678,-0.04692078,0.77353573,0.05531311,3.12732342,4.90099954,-2.57641168,-0.03431509,0.89060968,0.05300643,3.12738227,-1.40646250,-2.78670510,-0.00114441,0.91010190,0.04844666,-0.00488281,0.02441406,0.31738281,-0.17578125,-0.23437500,0.01464844,1.03302002,2.64690780,2.64663696,-0.02441406
7.01835108,4845,-3.07264264,-1.36717112,-2.55973061,-0.04882812,0.76590634,0.05607605,3.12710652,4.90069807,-2.57282679,-0.03695457,0.88557138,0.05357642,3.12738227,-1.40608103,-2.78289040,-0.00381470,0.90819455,0.04844666,-0.00488281,0.01464844,0.28320312,-0.20507812,-0.04394531,0.00000000,1.03340149,2.64700037,2.64663696,-0.02441406
7.03374290,4850,-3.07378705,-1.36717112,-2.55439003,-0.05111694,0.75522519,0.05989075,3.12669669,4.90048014,-2.56841210,-0.03919570,0.87742433,0.05543825,3.12738227,-1.40569956,-2.77869423,-0.00686646,0.90781308,0.04882812,-0.00488281,0.01953125,0.24902344,-0.23437500,-0.00000000,0.00000000,1.03302002,2.64693182,2.64701843,0.00000000
7.04854774,4855,-3.07569440,-1.36755259,-2.54981240,-0.05302429,0.74454403,0.06370544,3.12518142,4.90018351,-2.56340202,-0.04143166,0.86719123,0.05912572,3.12738227,-1.40531810,-2.77411660,-0.00915527,0.90743161,0.04882812,0.00000000,0.02441406,0.30761719,-0.21972656,-0.04394531,0.00000000,1.03340149,2.64698383,2.64663696,-0.04882812
7.06124973,4860,-3.07798322,-1.36907847,-2.54447182,-0.05264282,0.73157406,0.06484985,3.12306600,4.89924988,-2.55819757,-0.04248111,0.85506534,0.06159026,3.12738227,-1.40493663,-2.77030190,-0.01182556,0.90514279,0.04920959,-0.00976562,0.02441406,0.30273438,-0.19042969,-0.14648438,0.01464844,1.03340149,2.64690321,2.64663696,-0.02441406
7.07606769,4865,-3.07874616,-1.37022288,-2.53798683,-0.05264282,0.71517087,0.06599426,3.12163918,4.89810423,-2.55228307,-0.04264482,0.84075563,0.06305738,3.12738227,-1.40455516,-2.76648720,-0.01411438,0.90323544,0.04997253,-0.00488281,0.03417969,0.29785156,-0.21972656,-0.16113281,0.04394531,1.03340149,2.64711508,2.64701843,0.00000000
7.09043789,4870,-3.07912763,-1.37022288,-2.53112038,-0.05302429,0.69609738,0.06599426,3.12091517,4.89757844,-2.54631742,-0.04283579,0.82509421,0.06374956,3.12738227,-1.40417369,-2.76190956,-0.01678467,0.89942074,0.05111694,-0.00488281,0.01464844,0.29785156,-0.19042969,-0.23437500,0.07324219,1.03340149,2.64702434,2.64663696,-0.02441406
7.10471082,4875,-3.07912763,-1.37174876,-2.52349099,-0.05340576,0.67626095,0.06599426,3.12064667,4.89689100,-2.53940557,-0.04315484,0.80638843,0.06397637,3.12738227,-1.40379222,-2.75809487,-0.01907349,0.89484311,0.05302429,-0.00488281,0.03417969,0.27343750,-0.11718750,-0.38085938,0.07324219,1.03340149,2.64709227,2.64663696,-0.02441406
7.11971474,4880,-3.07950910,-1.37403758,-2.51586159,-0.05455017,0.65642453,0.06599426,3.12048240,4.89523630,-2.53225983,-0.04381737,0.78790614,0.06405069,3.12738227,-1.40341075,-2.75313576,-0.01983643,0.88454342,0.05340576,-0.00488281,0.01953125,0.31738281,-0.05859375,-0.58593750,0.01464844,1.03340149,2.64713894,2.64663696,0.00000000
7.13453269,4885,-3.08065350,-1.37518199,-2.50670632,-0.05722046,0.63506222,0.06599426,3.11989744,4.89360388,-2.52384605,-0.04541130,0.76826695,0.06407504,3.12738227,-1.40302928,-2.74970253,-0.02136230,0.87729550,0.05378723,-0.00488281,0.01464844,0.31738281,-0.16113281,-0.57128906,0.02929688,1.03340149,2.64719232,2.64663696,-0.02441406
7.15062904,4890,-3.08217938,-1.37747081,-2.49869545,-0.05836487,0.61675168,0.06599426,3.11848213,4.89167078,-2.51508451,-0.04738172,0.74826695,0.06408302,3.12738227,-1.40264781,-2.74474343,-0.02326965,0.86966610,0.05416870,-0.00488281,0.01953125,0.26855469,-0.14648438,-0.51269531,0.04394531,1.03340149,2.64725376,2.64663696,-0.02441406
7.16599679,4895,-3.08332379,-1.38090403,-2.48954018,-0.05798340,0.59577084,0.06599426,3.11735881,4.88905186,-2.50674624,-0.04791154,0.72831802,0.06408564,3.12700080,-1.40226634,-2.73940285,-0.02593994,0.85784054,0.05569458,-0.00976562,0.00000000,0.32226562,-0.19042969,-0.76171875,0.04394531,1.03340149,2.64728951,2.64663696,-0.02441406
7.17924023,4900,-3.08370526,-1.38319285,-2.48305519,-0.05798340,0.58165646,0.06561279,3.11647400,4.88630234,-2.49872965,-0.04801484,0.70956085,0.06383003,3.12700080,-1.40226634,-2.73558815,-0.02784729,0.84944821,0.05569458,-0.00976562,0.00000000,0.35156250,-0.17578125,-0.73242188,0.01464844,1.03340149,2.64730123,2.64701843,-0.02441406
7.19454503,4905,-3.08370526,-1.38624461,-2.47542580,-0.05798340,0.56754208,0.06523132,3.11611375,4.88349854,-2.49133715,-0.04804869,0.69369598,0.06356011,3.12700080,-1.40226634,-2.73139199,-0.02937317,0.84067441,0.05607605,-0.01953125,0.00976562,0.29296875,-0.13183594,-0.62988281,0.02929688,1.03302002,2.64711733,2.64663696,-0.04882812
7.20961118,4910,-3.08370526,-1.39044078,-2.46703347,-0.05798340,0.55342770,0.06446838,3.11599571,4.88012875,-2.48318504,-0.04805978,0.67876288,0.06306859,3.12661933,-1.40226634,-2.72566994,-0.03051758,0.82884884,0.05645752,-0.03417969,0.00000000,0.31738281,-0.07324219,-0.73242188,-0.01464844,1.03340149,2.64720965,2.64663696,-0.04882812
7.22293043,4915,-3.08370526,-1.39387400,-2.46131142,-0.05798340,0.54617978,0.06217957,3.11595703,4.87646972,-2.47631076,-0.04806341,0.66787949,0.06170855,3.12623786,-1.40226634,-2.72147377,-0.03051758,0.81893063,0.05683899,-0.02441406,-0.00488281,0.36621094,-0.02929688,-0.74707031,0.01464844,1.03340149,2.64711783,2.64663696,0.00000000
7.23618340,4920,-3.08370526,-1.39768870,-2.45558937,-0.05912781,0.54007626,0.06103516,3.11594435,4.87278416,-2.47019942,-0.04858353,0.65991625,0.06004378,3.12623786,-1.40226634,-2.71727761,-0.03128052,0.80786801,0.05722046,-0.00976562,-0.00976562,0.31250000,-0.07324219,-0.77636719,0.00000000,1.03340149,2.64716685,2.64663696,-0.02441406
7.24966431,4925,-3.08370526,-1.40035899,-2.45063027,-0.06179810,0.53549862,0.06103516,3.11594020,4.86956195,-2.46477682,-0.05029729,0.65406320,0.05942795,3.12623786,-1.40226634,-2.71384438,-0.03280640,0.79947568,0.05722046,-0.01464844,-0.00488281,0.33691406,-0.17578125,-0.77636719,0.00000000,1.03302002,2.64703032,2.64663696,-0.02441406
7.26463151,4930,-3.08370526,-1.40417369,-2.44567116,-0.06523132,0.53244687,0.06103516,3.11593884,4.86607030,-2.45945978,-0.05303037,0.64949098,0.05922616,3.12585639,-1.40226634,-2.70774086,-0.03700256,0.78497983,0.05722046,-0.02929688,0.00000000,0.34179688,-0.21972656,-0.77636719,0.00000000,1.03302002,2.64706371,2.64663696,-0.02441406
7.28090477,4935,-3.08370526,-1.40951426,-2.43994912,-0.06942749,0.53244687,0.06103516,3.11593839,4.86173939,-2.45404574,-0.05656254,0.64756062,0.05916004,3.12547492,-1.40226634,-2.70316323,-0.03814697,0.77353573,0.05722046,-0.02929688,-0.00488281,0.35156250,-0.07324219,-0.71777344,-0.01464844,1.03302002,2.64687446,2.64701843,-0.02441406
7.29485965,4940,-3.08370526,-1.41256602,-2.43689736,-0.07171631,0.53244687,0.06103516,3.11593825,4.85786468,-2.44978485,-0.05960155,0.64710826,0.05913837,3.12547492,-1.40226634,-2.69896706,-0.03852844,0.76438046,0.05760193,-0.01464844,-0.00488281,0.31738281,-0.04394531,-0.64453125,-0.01464844,1.03340149,2.64706757,2.64701843,0.00000000
7.30933976,4945,-3.08370526,-1.41638072,-2.43270119,-0.07362366,0.53320981,0.06103516,3.11593820,4.85419144,-2.44583017,-0.06203011,0.64722248,0.05913127,3.12547492,-1.40226634,-2.69400795,-0.03929138,0.75675107,0.05798340,-0.00488281,-0.00488281,0.34667969,-0.07324219,-0.57128906,0.01464844,1.03340149,2.64700878,2.64663696,0.00000000
7.32372808,4950,-3.08370526,-1.42019541,-2.42850502,-0.07591248,0.53320981,0.06103516,3.11587715,4.85042457,-2.44176343,-0.06417527,0.64751040,0.05912894,3.12547492,-1.40226634,-2.68790444,-0.04119873,0.74606991,0.05836487,-0.01464844,-0.01953125,0.38085938,-0.13183594,-0.58593750,0.02929688,1.03302002,2.64697853,2.64663696,-0.02441406
7.33751154,4955,-3.08408673,-1.42401011,-2.42507180,-0.07781982,0.53359128,0.06141663,3.11578085,4.84671343,-2.43806011,-0.06627969,0.64768104,0.05920447,3.12509345,-1.40226634,-2.68408974,-0.04310608,0.74072934,0.05950928,-0.01464844,-0.01953125,0.34667969,-0.17578125,-0.41015625,0.08789062,1.03340149,2.64707726,2.64663696,0.00000000
7.35128236,4960,-3.08408673,-1.42744334,-2.42202004,-0.07934570,0.53359128,0.06141663,3.11563015,4.84290203,-2.43454680,-0.06807522,0.64791713,0.05940940,3.12509345,-1.40264781,-2.67874916,-0.04577637,0.73424435,0.06027222,-0.02441406,-0.02929688,0.32226562,-0.16113281,-0.38085938,-0.02929688,1.03340149,2.64699633,2.64701843,-0.02441406
7.36437011,4965,-3.08523114,-1.43240245,-2.41782387,-0.08163452,0.53359128,0.06141663,3.11496175,4.83867691,-2.43096355,-0.07016138,0.64799449,0.05947655,3.12471198,-1.40302928,-2.67531594,-0.04692078,0.72966672,0.05989075,-0.02929688,-0.03906250,0.36132812,-0.11718750,-0.42480469,-0.02929688,1.03340149,2.64720516,2.64663696,-0.02441406
7.37782431,4970,-3.08599408,-1.43583567,-2.41477211,-0.08316040,0.53359128,0.06141663,3.11414972,4.83470636,-2.42738949,-0.07195093,0.64801984,0.05949855,3.12471198,-1.40417369,-2.67035683,-0.04768372,0.72241879,0.06027222,-0.00976562,-0.06835938,0.36621094,-0.07324219,-0.43945312,-0.01464844,1.03302002,2.64690127,2.64663696,-0.02441406
7.39152145,4975,-3.08561261,-1.44041331,-2.41095742,-0.08544922,0.53359128,0.06141663,3.11406978,4.83033694,-2.42358285,-0.07395701,0.64802815,0.05950576,3.12433051,-1.40493663,-2.66616066,-0.04920959,0.71707821,0.06027222,-0.01464844,-0.04882812,0.29785156,-0.13183594,-0.30761719,-0.02929688,1.03340149,2.64695429,2.64701843,-0.02441406
7.40620542,4980,-3.08561261,-1.44537242,-2.40676125,-0.08964539,0.53397275,0.06141663,3.11404359,4.82577272,-2.41976480,-0.07694285,0.64821702,0.05950813,3.12394904,-1.40608103,-2.66120156,-0.05073547,0.71326352,0.06027222,-0.02929688,-0.08789062,0.30273438,-0.13183594,-0.26367188,-0.01464844,1.03302002,2.64674094,2.64663696,-0.04882812
7.41951561,4985,-3.08599408,-1.44995005,-2.40332802,-0.09460449,0.53397275,0.06179810,3.11395872,4.82106862,-2.41602579,-0.08123583,0.64834923,0.05973412,3.12356757,-1.40684397,-2.65700539,-0.05302429,0.70754147,0.06027222,-0.03417969,-0.05859375,0.34667969,-0.17578125,-0.39550781,-0.02929688,1.03340149,2.64710585,2.64663696,-0.02441406
7.43401241,4990,-3.08599408,-1.45452769,-2.39951332,-0.09994507,0.53473568,0.06179810,3.11375073,4.81652327,-2.41234088,-0.08615939,0.64865500,0.05983942,3.12356757,-1.40836985,-2.65204628,-0.05569458,0.70105649,0.06027222,-0.00976562,-0.10742188,0.32714844,-0.16113281,-0.38085938,-0.01464844,1.03302002,2.64695076,2.64663696,-0.04882812
7.44771004,4995,-3.08599408,-1.45948680,-2.39646157,-0.10452271,0.53549862,0.06179810,3.11368257,4.81200346,-2.40910362,-0.09070488,0.64932917,0.05987393,3.12356757,-1.40951426,-2.64746865,-0.05760193,0.69724179,0.06027222,-0.01464844,-0.09765625,0.29296875,-0.13183594,-0.21972656,-0.01464844,1.03340149,2.64701445,2.64663696,-0.02441406
7.46347308,5000,-3.08675702,-1.46482737,-2.39302834,-0.10910034,0.53778744,0.06217957,3.11344662,4.80700409,-2.40572680,-0.09531104,0.65084623,0.06011046,3.12318610,-1.41027720,-2.64327248,-0.05989075,0.69419003,0.06027222,-0.01464844,-0.06347656,0.31738281,-0.19042969,-0.20507812,-0.01464844,1.03340149,2.64711344,2.64663696,-0.02441406
7.47714686,5005,-3.08942731,-1.47016795,-2.38959511,-0.11253357,0.54007626,0.06217957,3.11193583,4.80169525,-2.40237308,-0.09957832,0.65273323,0.06021921,3.12318610,-1.41180308,-2.63831337,-0.06332397,0.69075680,0.06027222,-0.01953125,-0.11230469,0.33203125,-0.21972656,-0.14648438,-0.01464844,1.03340149,2.64706775,2.64663696,0.00000000
7.49257851,5010,-3.09209760,-1.47588999,-2.38692482,-0.11405945,0.54312802,0.06217957,3.10944773,4.79635909,-2.39923764,-0.10239411,0.65522168,0.06025485,3.12280463,-1.41294749,-2.63373574,-0.06599426,0.68846798,0.05989075,-0.01953125,-0.09765625,0.29296875,-0.19042969,-0.13183594,-0.01464844,1.03340149,2.64729106,2.64701843,-0.04882812
7.50627589,5015,-3.09247907,-1.48046763,-2.38463600,-0.11444092,0.54694272,0.06179810,3.10794383,4.79105340,-2.39652101,-0.10364503,0.65853148,0.06004131,3.12280463,-1.41447337,-2.62877663,-0.06904602,0.68694211,0.06027222,-0.01953125,-0.07812500,0.33691406,-0.24902344,-0.10253906,-0.01464844,1.03302002,2.64694895,2.64663696,-0.04882812
7.52012825,5020,-3.09400494,-1.48580821,-2.38311013,-0.11749268,0.55419064,0.06179810,3.10687340,4.78610073,-2.39460348,-0.10525757,0.66341230,0.05994008,3.12242316,-1.41599925,-2.62419899,-0.07171631,0.68465329,0.05989075,-0.01953125,-0.11230469,0.34667969,-0.19042969,-0.16113281,-0.02929688,1.03302002,2.64709955,2.64663696,-0.02441406
7.53596544,5025,-3.09743817,-1.49000437,-2.38234719,-0.12130737,0.56296444,0.06179810,3.10455425,4.78137639,-2.39318193,-0.10852937,0.67075859,0.05990691,3.12204169,-1.41752513,-2.61962136,-0.07362366,0.68198300,0.06027222,-0.04394531,-0.11718750,0.30761719,-0.14648438,-0.14648438,-0.01464844,1.03302002,2.64685104,2.64663696,0.00000000
7.54976749,5030,-3.10010846,-1.49420054,-2.38158425,-0.12321472,0.57173825,0.06179810,3.10161182,4.77672151,-2.39223297,-0.11151371,0.67959686,0.05989604,3.12127875,-1.41866954,-2.61580666,-0.07591248,0.68083859,0.06027222,-0.02929688,-0.09277344,0.28808594,-0.23437500,-0.08789062,-0.01464844,1.03302002,2.64706746,2.64701843,0.00000000
7.56252003,5035,-3.10239728,-1.49877818,-2.38120278,-0.12550354,0.58165646,0.06179810,3.09896771,4.77188517,-2.39151661,-0.11396012,0.68956549,0.05989248,3.12127875,-1.42019541,-2.61199196,-0.07896423,0.67969418,0.06027222,-0.02441406,-0.10742188,0.31250000,-0.27832031,-0.07324219,0.00000000,1.03340149,2.64715034,2.64663696,-0.02441406
7.57691884,5040,-3.10544904,-1.50335581,-2.38120278,-0.12779236,0.59233761,0.06179810,3.09618088,4.76739317,-2.39125063,-0.11615166,0.69933347,0.05989132,3.12089728,-1.42172129,-2.60855873,-0.08087158,0.67893124,0.06027222,-0.03417969,-0.16113281,0.30273438,-0.21972656,-0.07324219,-0.02929688,1.03302002,2.64692726,2.64663696,-0.04882812
7.59342170,5045,-3.10811932,-1.50869639,-2.38120278,-0.13046265,0.60492611,0.06179810,3.09374096,4.76292049,-2.39116347,-0.11841409,0.70958955,0.05989093,3.12051581,-1.42439158,-2.60283669,-0.08392334,0.67931271,0.06027222,-0.02929688,-0.15136719,0.30273438,-0.16113281,0.07324219,-0.01464844,1.03302002,2.64691666,2.64701843,-0.02441406
7.60873508,5050,-3.11193402,-1.51403697,-2.38120278,-0.13465881,0.61713315,0.06179810,3.09063652,4.75797369,-2.39113491,-0.12164653,0.72131647,0.05989081,3.11975287,-1.42668040,-2.59864052,-0.08735657,0.68198300,0.05989075,-0.04882812,-0.14648438,0.28808594,-0.24902344,0.21972656,-0.02929688,1.03302002,2.64680674,2.64663696,-0.02441406
7.62174869,5055,-3.11460431,-1.51785166,-2.38120278,-0.13771057,0.62705136,0.06179810,3.08752465,4.75327874,-2.39112555,-0.12512713,0.73258712,0.05989077,3.11937140,-1.42858775,-2.59482582,-0.09002686,0.68541623,0.06027222,-0.03906250,-0.17089844,0.26855469,-0.21972656,0.21972656,-0.02929688,1.03302002,2.64683322,2.64663696,-0.02441406
7.63556147,5060,-3.11765607,-1.52204783,-2.38120278,-0.14076233,0.63658810,0.06179810,3.08446296,4.74885859,-2.39112248,-0.12830964,0.74297133,0.05989075,3.11898993,-1.43049510,-2.59101113,-0.09193420,0.68846798,0.06027222,-0.04882812,-0.14648438,0.30273438,-0.13183594,0.26367188,-0.01464844,1.03340149,2.64702964,2.64663696,-0.04882812
7.64969754,5065,-3.12032636,-1.52738841,-2.38120278,-0.14495850,0.64650631,0.06179810,3.08169566,4.74456864,-2.39112148,-0.13169270,0.75232300,0.05989075,3.11822699,-1.43240245,-2.58719643,-0.09460449,0.69266415,0.05989075,-0.04394531,-0.16113281,0.25878906,-0.21972656,0.33691406,-0.02929688,1.03302002,2.64700392,2.64663696,-0.04882812
7.66407967,5070,-3.12261517,-1.53158457,-2.38120278,-0.14801025,0.65451718,0.06179810,3.07907770,4.73960981,-2.39112115,-0.13528563,0.76174002,0.05989075,3.11746405,-1.43469126,-2.58338173,-0.09765625,0.69762326,0.06027222,-0.04882812,-0.14648438,0.25878906,-0.20507812,0.29296875,-0.01464844,1.03340149,2.64690979,2.64663696,-0.02441406
7.68014288,5075,-3.12528546,-1.53654368,-2.38120278,-0.15144348,0.66443539,0.06141663,3.07625805,4.73460783,-2.39112104,-0.13891572,0.77159752,0.05970459,3.11670111,-1.43659861,-2.57956704,-0.09956360,0.70105649,0.06027222,-0.06835938,-0.14648438,0.27343750,-0.17578125,0.26367188,-0.01464844,1.03302002,2.64686699,2.64663696,-0.04882812
7.69525433,5080,-3.12604840,-1.54264720,-2.38120278,-0.15373230,0.67320920,0.06141663,3.07467908,4.72950735,-2.39112101,-0.14159669,0.78046764,0.05957328,3.11593817,-1.43888743,-2.57575234,-0.10223389,0.70410824,0.05989075,-0.05371094,-0.16113281,0.25878906,-0.23437500,0.19042969,-0.02929688,1.03340149,2.64706512,2.64663696,-0.02441406
7.70916915,5085,-3.12681134,-1.54722483,-2.38120278,-0.15754700,0.67854977,0.06141663,3.07353888,4.72426962,-2.39112100,-0.14481478,0.78769768,0.05953025,3.11479377,-1.44079478,-2.57155617,-0.10681152,0.70944882,0.05989075,-0.08789062,-0.14648438,0.25390625,-0.21972656,0.36621094,-0.02929688,1.03340149,2.64707047,2.64663696,-0.02441406
7.72345376,5090,-3.12833722,-1.55180247,-2.38120278,-0.16021729,0.68503476,0.06141663,3.07225852,4.71939658,-2.39112099,-0.14813089,0.79438531,0.05951615,3.11403083,-1.44308360,-2.56888588,-0.10948181,0.71555234,0.05989075,-0.05371094,-0.14160156,0.20019531,-0.20507812,0.46875000,-0.02929688,1.03302002,2.64695480,2.64663696,-0.02441406
7.73608112,5095,-3.12986310,-1.55599864,-2.38120278,-0.16098022,0.68961239,0.06141663,3.07091319,4.71515196,-2.39112099,-0.14989011,0.79978178,0.05951153,3.11364936,-1.44499095,-2.56583412,-0.11138916,0.72165585,0.05989075,-0.05371094,-0.17089844,0.23437500,-0.19042969,0.42480469,-0.01464844,1.03340149,2.64717593,2.64701843,-0.02441406
7.75186467,5100,-3.12986310,-1.56210215,-2.38120278,-0.16098022,0.69419003,0.06141663,3.07011249,4.70962924,-2.39112099,-0.15067800,0.80501739,0.05951002,3.11250495,-1.44727977,-2.56278237,-0.11444092,0.72699643,0.05989075,-0.06835938,-0.16601562,0.24902344,-0.23437500,0.36621094,-0.01464844,1.03302002,2.64703330,2.64663696,-0.02441406
7.76493716,5105,-3.12986310,-1.56706126,-2.38082131,-0.16136169,0.69724179,0.06141663,3.06988918,4.70473204,-2.39098366,-0.15112234,0.80882820,0.05950952,3.11212348,-1.45033152,-2.55858620,-0.11787415,0.73233700,0.05989075,-0.03906250,-0.19042969,0.27343750,-0.20507812,0.39550781,-0.02929688,1.03302002,2.64676683,2.64701843,-0.02441406
7.77931929,5110,-3.12986310,-1.57202037,-2.38005837,-0.16174316,0.70105649,0.06141663,3.06981600,4.69966431,-2.39051801,-0.15159472,0.81251028,0.05950936,3.11097907,-1.45300181,-2.55515297,-0.12054443,0.74034787,0.05989075,-0.06835938,-0.17089844,0.20996094,-0.19042969,0.51269531,-0.02929688,1.03302002,2.64685530,2.64663696,-0.04882812
7.79407263,5115,-3.12986310,-1.57774241,-2.37967690,-0.16174316,0.70563412,0.06141663,3.06979202,4.69459710,-2.39007770,-0.15174951,0.81625394,0.05950930,3.11021613,-1.45529063,-2.55286415,-0.12168884,0.74721432,0.05989075,-0.07812500,-0.18554688,0.20507812,-0.19042969,0.52734375,0.00000000,1.03302002,2.64700636,2.64701843,-0.02441406
7.80933309,5120,-3.12986310,-1.58232005,-2.37929543,-0.16174316,0.71021176,0.06141663,3.06978417,4.68949869,-2.38952803,-0.15180023,0.82069794,0.05950929,3.10945319,-1.45834239,-2.54904946,-0.12512207,0.75293637,0.05989075,-0.04882812,-0.18554688,0.22949219,-0.13183594,0.27832031,0.00000000,1.03302002,2.64683613,2.64663696,-0.02441406
7.82205677,5125,-3.12986310,-1.58689769,-2.37891396,-0.16174316,0.71517087,0.06141663,3.06978159,4.68440079,-2.38909144,-0.15181685,0.82587742,0.05950928,3.10830878,-1.46063121,-2.54599770,-0.12626648,0.75560666,0.05989075,-0.07812500,-0.18554688,0.24414062,-0.10253906,0.20507812,0.00000000,1.03302002,2.64678035,2.64663696,-0.02441406
7.83600426,5130,-3.12986310,-1.59109385,-2.37853249,-0.16174316,0.72012997,0.06141663,3.06978075,4.68007467,-2.38869191,-0.15182230,0.83067241,0.05950928,3.10792731,-1.46253855,-2.54409035,-0.12779236,0.75713254,0.05989075,-0.06835938,-0.20019531,0.23437500,-0.16113281,0.17578125,-0.02929688,1.03340149,2.64689904,2.64701843,-0.04882812
7.84916115,5135,-3.12986310,-1.59529002,-2.37853249,-0.16174316,0.72547055,0.06141663,3.06978047,4.67568944,-2.38852974,-0.15182408,0.83568138,0.05950928,3.10716437,-1.46559031,-2.54027565,-0.13008118,0.76285458,0.05989075,-0.03417969,-0.20019531,0.20996094,-0.16113281,0.38085938,-0.01464844,1.03340149,2.64713812,2.64663696,-0.02441406
7.86339664,5140,-3.12986310,-1.59872325,-2.37853249,-0.16136169,0.73119259,0.06141663,3.06978038,4.67187395,-2.38847660,-0.15174837,0.84079183,0.05950928,3.10640143,-1.46826060,-2.53798683,-0.13237000,0.76819516,0.05989075,-0.07324219,-0.19042969,0.19531250,-0.17578125,0.43945312,-0.01464844,1.03340149,2.64725162,2.64701843,-0.02441406
7.87831640,5145,-3.12986310,-1.60215647,-2.37853249,-0.16098022,0.73882199,0.06103516,3.06978035,4.66819632,-2.38845919,-0.15128692,0.84753722,0.05928406,3.10563849,-1.47131236,-2.53493508,-0.13427734,0.77391720,0.05989075,-0.05371094,-0.19531250,0.19042969,-0.13183594,0.30761719,-0.01464844,1.03340149,2.64705346,2.64663696,-0.07324219
7.89077234,5150,-3.12948163,-1.60520823,-2.37853249,-0.16059875,0.74492550,0.06103516,3.06990546,4.66475930,-2.38845348,-0.15105942,0.85448535,0.05917901,3.10525702,-1.47321971,-2.53264626,-0.13542175,0.77773190,0.05989075,-0.04394531,-0.20507812,0.22949219,-0.11718750,0.38085938,-0.01464844,1.03302002,2.64697364,2.64663696,-0.02441406
7.90608072,5155,-3.12948163,-1.60864146,-2.37853249,-0.16059875,0.75102902,0.06103516,3.07007781,4.66155383,-2.38845161,-0.15080469,0.86059707,0.05914458,3.10449408,-1.47665293,-2.52921303,-0.13580322,0.78307248,0.05989075,-0.05859375,-0.20019531,0.20507812,-0.04394531,0.35156250,-0.01464844,1.03340149,2.64696237,2.64663696,0.00000000
7.91878915,5160,-3.12910016,-1.61093028,-2.37853249,-0.16059875,0.75636960,0.06103516,3.07050062,4.65866533,-2.38845100,-0.15072122,0.86606875,0.05913331,3.10373114,-1.47932322,-2.52692421,-0.13618469,0.78879452,0.05989075,-0.06835938,-0.21484375,0.21484375,-0.04394531,0.49804688,-0.02929688,1.03340149,2.64699384,2.64663696,-0.04882812
7.93413258,5165,-3.12910016,-1.61321910,-2.37853249,-0.16059875,0.76323605,0.06065369,3.07052930,4.65618782,-2.38845080,-0.15069387,0.87227553,0.05905332,3.10296820,-1.48199351,-2.52387245,-0.13732910,0.79566098,0.05989075,-0.04394531,-0.20019531,0.18066406,-0.11718750,0.48339844,-0.02929688,1.03302002,2.64711425,2.64701843,0.00000000
7.94796586,5170,-3.12910016,-1.61550791,-2.37853249,-0.16021729,0.76857663,0.06027222,3.07059973,4.65382936,-2.38845073,-0.15054758,0.87846586,0.05870960,3.10258673,-1.48466380,-2.52158364,-0.13885498,0.80290890,0.05989075,-0.02929688,-0.19531250,0.18554688,-0.14648438,0.43945312,-0.02929688,1.03302002,2.64685586,2.64663696,-0.02441406
7.96216059,5175,-3.12871869,-1.61703379,-2.37853249,-0.15869141,0.77086545,0.05836487,3.07072596,4.65201699,-2.38845071,-0.14986537,0.88261516,0.05779411,3.10182379,-1.48733409,-2.51929482,-0.14076233,0.80939389,0.05989075,-0.07812500,-0.20019531,0.19531250,-0.14648438,0.39550781,0.00000000,1.03302002,2.64694697,2.64663696,-0.02441406
7.97512555,5180,-3.12910016,-1.61855967,-2.37815102,-0.15754700,0.77162839,0.05722046,3.07073449,4.65041872,-2.38826455,-0.14862143,0.88481831,0.05638585,3.10144233,-1.49000437,-2.51662453,-0.14152527,0.81397152,0.05989075,-0.04394531,-0.20996094,0.18554688,-0.07324219,0.38085938,0.00000000,1.03302002,2.64686062,2.64663696,-0.04882812
7.98834705,5185,-3.12871869,-1.62046702,-2.37700661,-0.15640259,0.77200985,0.05531311,3.07081357,4.64857358,-2.38755328,-0.14743513,0.88591585,0.05493208,3.10067939,-1.49229319,-2.51395424,-0.14266968,0.81816769,0.05950928,-0.03417969,-0.19042969,0.18066406,-0.07324219,0.36621094,-0.02929688,1.03340149,2.64722319,2.64663696,-0.02441406
8.00167274,5190,-3.12871869,-1.62161143,-2.37586220,-0.15487671,0.77162839,0.05264282,3.07088832,4.64701011,-2.38651174,-0.14602199,0.88619919,0.05251296,3.10029792,-1.49534495,-2.51166542,-0.14266968,0.82465268,0.05950928,-0.04882812,-0.20507812,0.17578125,0.00000000,0.46875000,-0.02929688,1.03340149,2.64716622,2.64663696,-0.02441406
8.01623154,5195,-3.12871869,-1.62313731,-2.37395485,-0.15296936,0.77048398,0.05111694,3.07091281,4.64559056,-2.38506778,-0.14435471,0.88560222,0.05055181,3.09953498,-1.49763377,-2.50975808,-0.14266968,0.82694150,0.05950928,-0.05371094,-0.19042969,0.17089844,-0.01464844,0.26367188,-0.02929688,1.03302002,2.64681039,2.64663696,-0.02441406
8.03292537,5200,-3.12871869,-1.62580760,-2.37166603,-0.15029907,0.76819516,0.05111694,3.07092084,4.64369047,-2.38322671,-0.14230313,0.88410900,0.04964941,3.09915351,-1.50068553,-2.50708779,-0.14305115,0.82999325,0.05912781,-0.03906250,-0.21484375,0.18554688,-0.04394531,0.23437500,-0.04394531,1.03340149,2.64698700,2.64663696,-0.02441406
8.04565287,5205,-3.12871869,-1.62695201,-2.36975869,-0.14991760,0.76705075,0.05111694,3.07092347,4.64182871,-2.38142115,-0.14082459,0.88267988,0.04935371,3.09877204,-1.50411875,-2.50403603,-0.14305115,0.83418942,0.05798340,-0.02929688,-0.20507812,0.16601562,-0.01464844,0.24902344,-0.08789062,1.03302002,2.64697139,2.64663696,-0.04882812
8.05901003,5210,-3.12871869,-1.62733348,-2.36785134,-0.14991760,0.76628781,0.05111694,3.07092433,4.64077273,-2.37948613,-0.14026979,0.88151847,0.04925682,3.09800910,-1.50640757,-2.50212868,-0.14266968,0.83724118,0.05569458,-0.05371094,-0.20507812,0.15625000,-0.01464844,0.26367188,-0.23437500,1.03302002,2.64702877,2.64663696,0.00000000
8.07375336,5215,-3.12833722,-1.62733348,-2.36594399,-0.14991760,0.76628781,0.05111694,3.07106194,4.64039545,-2.37745057,-0.14008800,0.88098751,0.04922507,3.09724616,-1.50869639,-2.50022133,-0.14305115,0.84181881,0.05493164,-0.05371094,-0.16601562,0.16113281,-0.01464844,0.32226562,-0.07324219,1.03340149,2.64707810,2.64701843,0.00000000
8.08695292,5220,-3.12681134,-1.62847789,-2.36403664,-0.14991760,0.76590634,0.05111694,3.07192148,4.63980173,-2.37550121,-0.14002842,0.88062737,0.04921467,3.09686469,-1.51174815,-2.49793251,-0.14266968,0.84448910,0.05493164,-0.02441406,-0.20996094,0.16601562,0.00000000,0.16113281,-0.02929688,1.03302002,2.64684401,2.64663696,-0.02441406
8.10078359,5225,-3.12452252,-1.63038523,-2.36174782,-0.15068054,0.76552487,0.05149841,3.07354030,4.63842640,-2.37345497,-0.14034167,0.88025289,0.04934859,3.09648322,-1.51403697,-2.49564370,-0.14305115,0.84754086,0.05493164,-0.03417969,-0.19042969,0.19042969,-0.01464844,0.23437500,-0.02929688,1.03340149,2.64699802,2.64663696,0.00000000
8.11570621,5230,-3.12299664,-1.63114817,-2.36022194,-0.15068054,0.76438046,0.05149841,3.07545698,4.63716347,-2.37144706,-0.14062449,0.87951116,0.04951161,3.09610175,-1.51632579,-2.49335488,-0.14266968,0.85135556,0.05493164,-0.02929688,-0.18066406,0.18554688,0.00000000,0.23437500,-0.02929688,1.03302002,2.64691543,2.64663696,-0.02441406
8.13006353,5235,-3.12223370,-1.63191111,-2.35793312,-0.15029907,0.76247311,0.05149841,3.07676986,4.63625427,-2.36936943,-0.14057983,0.87798576,0.04956503,3.09572028,-1.51937754,-2.49068459,-0.14266968,0.85326291,0.05416870,-0.03906250,-0.16113281,0.16601562,-0.01464844,0.19042969,-0.05859375,1.03302002,2.64682587,2.64663696,0.00000000
8.14380002,5240,-3.12223370,-1.63305552,-2.35564431,-0.14953613,0.76171017,0.05149841,3.07720006,4.63549846,-2.36731094,-0.14018361,0.87682259,0.04958253,3.09533881,-1.52128489,-2.48839577,-0.14266968,0.85517026,0.05340576,-0.03417969,-0.16113281,0.18066406,-0.01464844,0.14648438,-0.10253906,1.03340149,2.64705165,2.64663696,-0.02441406
8.15816855,5245,-3.12185223,-1.63496287,-2.35411843,-0.14762878,0.76018429,0.05149841,3.07747836,4.63400898,-2.36546161,-0.13914105,0.87566605,0.04958827,3.09495734,-1.52319224,-2.48648842,-0.14266968,0.85669613,0.05302429,-0.02441406,-0.18554688,0.17089844,-0.01464844,0.14648438,-0.04394531,1.03302002,2.64689492,2.64701843,0.00000000
8.17307639,5250,-3.12032636,-1.63687022,-2.35259255,-0.14381409,0.75751401,0.05149841,3.07826486,4.63216824,-2.36384733,-0.13650426,0.87377889,0.04959015,3.09457587,-1.52624400,-2.48343666,-0.14266968,0.85822201,0.05302429,-0.02929688,-0.16113281,0.16113281,0.00000000,0.08789062,-0.04394531,1.03340149,2.64705865,2.64701843,-0.02441406
8.18994808,5255,-3.11689313,-1.63801463,-2.35144814,-0.14190674,0.75446225,0.05149841,3.08019800,4.63054517,-2.36257092,-0.13383006,0.87134215,0.04959076,3.09419440,-1.52891429,-2.48114785,-0.14266968,0.85822201,0.05302429,-0.01953125,-0.19042969,0.16601562,-0.01464844,-0.00000000,-0.02929688,1.03340149,2.64699023,2.64663696,-0.02441406
8.20123005,5260,-3.11460431,-1.63839610,-2.35068520,-0.14190674,0.75369931,0.05149841,3.08287222,4.62967678,-2.36143758,-0.13259196,0.86933006,0.04959097,3.09381293,-1.53120311,-2.47924050,-0.14266968,0.85822201,0.05302429,-0.02441406,-0.18554688,0.17578125,-0.02929688,0.02929688,-0.02929688,1.03302002,2.64675272,2.64701843,0.00000000
8.21564817,5265,-3.11155255,-1.64030345,-2.34992226,-0.14076233,0.75369931,0.05149841,3.08550046,4.62852833,-2.36048295,-0.13174742,0.86853011,0.04959103,3.09343146,-1.53349192,-2.47695168,-0.14228821,0.85860348,0.05302429,-0.04394531,-0.18554688,0.15136719,0.00000000,0.04394531,-0.01464844,1.03340149,2.64682748,2.64663696,-0.04882812
8.23000932,5270,-3.10888226,-1.64259227,-2.34915932,-0.13923645,0.75369931,0.05149841,3.08847680,4.62672452,-2.35968845,-0.13033493,0.86826798,0.04959105,3.09343146,-1.53654368,-2.47466286,-0.14228821,0.85936642,0.05264282,-0.00976562,-0.18066406,0.15136719,-0.01464844,0.05859375,-0.01464844,1.03302002,2.64688396,2.64663696,-0.02441406
8.24179554,5275,-3.10735639,-1.64411814,-2.34839638,-0.13885498,0.75369931,0.05149841,3.09085687,4.62468911,-2.35891517,-0.12939492,0.86818209,0.04959106,3.09343146,-1.53806956,-2.47313698,-0.14228821,0.85974789,0.05264282,-0.00488281,-0.17578125,0.16113281,-0.02929688,0.05859375,-0.01464844,1.03302002,2.64687806,2.64663696,-0.04882812
8.25495315,5280,-3.10392316,-1.64602549,-2.34725197,-0.13656616,0.75369931,0.05149841,3.09317058,4.62297661,-2.35816044,-0.12826585,0.86815394,0.04959106,3.09343146,-1.54035838,-2.47084816,-0.14190674,0.86012936,0.05264282,-0.00488281,-0.15625000,0.16113281,0.01464844,0.04394531,-0.02929688,1.03302002,2.64695425,2.64701843,0.00000000
8.26970387,5285,-3.10048993,-1.64793284,-2.34610756,-0.13389587,0.75369931,0.05149841,3.09653238,4.62115460,-2.35694596,-0.12585401,0.86814472,0.04959106,3.09343146,-1.54226573,-2.46894081,-0.14114380,0.86089230,0.05264282,-0.00488281,-0.14160156,0.16113281,0.04394531,0.07324219,-0.02929688,1.03302002,2.64702316,2.64701843,-0.02441406
8.28348565,5290,-3.09667523,-1.65022166,-2.34496315,-0.13046265,0.75369931,0.05149841,3.09996527,4.61911103,-2.35583963,-0.12303720,0.86814170,0.04959106,3.09304999,-1.54455455,-2.46627053,-0.14038086,0.86127377,0.05226135,-0.00488281,-0.17089844,0.17089844,0.04394531,0.02929688,-0.01464844,1.03302002,2.64682601,2.64663696,-0.04882812
8.29941106,5295,-3.09286054,-1.65289195,-2.34343727,-0.12588501,0.75369931,0.05149841,3.10382722,4.61664610,-2.35449029,-0.11910687,0.86814071,0.04959106,3.09304999,-1.54722483,-2.46398171,-0.13847351,0.86165524,0.05226135,-0.00488281,-0.16113281,0.16113281,0.11718750,0.02929688,-0.04394531,1.03340149,2.64692962,2.64701843,-0.02441406
8.31529665,5300,-3.08904584,-1.65594371,-2.34114846,-0.12092590,0.75369931,0.05149841,3.10748504,4.61389796,-2.35275200,-0.11465724,0.86814038,0.04959106,3.09343146,-1.54989512,-2.46131142,-0.13542175,0.86394406,0.05187988,-0.00488281,-0.17089844,0.15136719,0.20507812,0.14648438,-0.01464844,1.03302002,2.64679536,2.64663696,-0.02441406
8.32954335,5305,-3.08713849,-1.65785105,-2.33924111,-0.11940002,0.75369931,0.05149841,3.11028873,4.61158180,-2.35090786,-0.11156881,0.86814028,0.04959106,3.09343146,-1.55180247,-2.45978554,-0.13389587,0.86508847,0.05187988,0.00000000,-0.16113281,0.15625000,0.11718750,0.13183594,-0.01464844,1.03302002,2.64668887,2.64701843,0.00000000
8.34266496,5310,-3.08408673,-1.66052134,-2.33771523,-0.11558533,0.75369931,0.05149841,3.11297991,4.60906857,-2.34910728,-0.10852188,0.86814024,0.04959106,3.09343146,-1.55409129,-2.45787819,-0.13237000,0.86585141,0.05187988,0.00000000,-0.16113281,0.15136719,0.07324219,0.05859375,-0.02929688,1.03302002,2.64673210,2.64701843,0.02441406
8.35689926,5315,-3.08103497,-1.66242869,-2.33580788,-0.11100769,0.75369931,0.05149841,3.11620502,4.60681230,-2.34728375,-0.10441458,0.86814023,0.04959106,3.09343146,-1.55638011,-2.45597084,-0.13122559,0.86623288,0.05187988,0.00488281,-0.18066406,0.15136719,0.07324219,0.02929688,-0.02929688,1.03302002,2.64686833,2.64663696,0.00000000
8.37245417,5320,-3.07798322,-1.66509898,-2.33390053,-0.10643005,0.75369931,0.05149841,3.11915098,4.60441830,-2.34530621,-0.10013608,0.86814023,0.04959106,3.09381293,-1.55866893,-2.45368203,-0.13084412,0.86661435,0.05187988,0.00976562,-0.15625000,0.15625000,-0.01464844,0.02929688,-0.02929688,1.03340149,2.64716322,2.64701843,0.00000000
8.38538456,5325,-3.07531293,-1.66700633,-2.33237465,-0.10223389,0.75369931,0.05149841,3.12216209,4.60216203,-2.34350098,-0.09564877,0.86814023,0.04959106,3.09419440,-1.56095774,-2.45177468,-0.13008118,0.86699582,0.05149841,0.03906250,-0.15136719,0.14648438,0.04394531,0.04394531,-0.02929688,1.03302002,2.64699398,2.64663696,-0.02441406
8.40180492,5330,-3.07416852,-1.66815074,-2.33084877,-0.09841919,0.75408078,0.05149841,3.12425656,4.60040280,-2.34179567,-0.09131582,0.86832638,0.04959106,3.09495734,-1.56362803,-2.44910439,-0.12664795,0.86661435,0.05111694,0.01953125,-0.17578125,0.15136719,0.21972656,-0.00000000,-0.02929688,1.03340149,2.64720439,2.64663696,0.00000000
8.41601396,5335,-3.07111676,-1.67120249,-2.32779702,-0.09307861,0.75408078,0.05149841,3.12663721,4.59822428,-2.33952350,-0.08649488,0.86845770,0.04959106,3.09495734,-1.56591685,-2.44719704,-0.12321472,0.86661435,0.05111694,0.01464844,-0.17578125,0.16601562,0.24902344,-0.00000000,-0.02929688,1.03340149,2.64705361,2.64701843,-0.04882812
8.42930079,5340,-3.06920941,-1.67272837,-2.32627114,-0.09040833,0.75369931,0.05149841,3.12901801,4.59615398,-2.33750259,-0.08292895,0.86831457,0.04959106,3.09572028,-1.56820567,-2.44490822,-0.11901855,0.86699582,0.05073547,0.02929688,-0.16113281,0.15136719,0.29296875,0.02929688,-0.04394531,1.03302002,2.64691411,2.64701843,-0.02441406
8.44380879,5345,-3.06692059,-1.67349131,-2.32360085,-0.08735657,0.75369931,0.05149841,3.13092779,4.59481226,-2.33547575,-0.08006905,0.86819735,0.04959106,3.09648322,-1.57049449,-2.44300087,-0.11634827,0.86814023,0.05035400,0.05859375,-0.15625000,0.15625000,0.23437500,0.10253906,-0.04394531,1.03340149,2.64705615,2.64663696,-0.02441406
8.46101427,5350,-3.06386884,-1.67349131,-2.32169350,-0.08354187,0.75369931,0.05149841,3.13339685,4.59430229,-2.33339790,-0.07677572,0.86815895,0.04959106,3.09724616,-1.57316477,-2.44033058,-0.11367798,0.86814023,0.04997253,0.03906250,-0.17089844,0.15625000,0.08789062,-0.00000000,-0.07324219,1.03302002,2.64703702,2.64663696,-0.07324219
8.47560740,5355,-3.06234296,-1.67425425,-2.32054909,-0.08125305,0.75408078,0.05149841,3.13580063,4.59381169,-2.33164830,-0.07352786,0.86833252,0.04959106,3.09800910,-1.57545359,-2.43842324,-0.11215210,0.86814023,0.04844666,0.03417969,-0.17089844,0.13183594,0.08789062,-0.00000000,-0.11718750,1.03302002,2.64689012,2.64663696,-0.04882812
8.48857021,5360,-3.06158002,-1.67539866,-2.31902321,-0.07705688,0.75408078,0.05149841,3.13707146,4.59276239,-2.33007890,-0.07008531,0.86845971,0.04959106,3.09877204,-1.57736094,-2.43689736,-0.11062622,0.86852170,0.04844666,0.05859375,-0.17089844,0.13671875,0.14648438,0.01464844,-0.01464844,1.03340149,2.64707270,2.64663696,-0.02441406
8.50238228,5365,-3.06081708,-1.67501719,-2.31749733,-0.07286072,0.75408078,0.05149841,3.13806186,4.59253440,-2.32857001,-0.06618638,0.86850138,0.04959106,3.09953498,-1.57964976,-2.43460854,-0.10719299,0.86814023,0.04844666,0.04394531,-0.16113281,0.14648438,0.19042969,0.02929688,-0.01464844,1.03302002,2.64677975,2.64663696,-0.04882812
8.51732016,5370,-3.06081708,-1.67501719,-2.31597145,-0.06980896,0.75369931,0.05149841,3.13857585,4.59253000,-2.32709853,-0.06240341,0.86825857,0.04959106,3.09991645,-1.58193858,-2.43270119,-0.10375977,0.86814023,0.04844666,0.04394531,-0.16601562,0.14160156,0.21972656,-0.00000000,-0.01464844,1.03340149,2.64695841,2.64701843,0.00000000
8.53050137,5375,-3.06043561,-1.67501719,-2.31482704,-0.06675720,0.75369931,0.05149841,3.13888160,4.59252856,-2.32575466,-0.05931908,0.86817900,0.04959106,3.10067939,-1.58422740,-2.43079384,-0.09994507,0.86814023,0.04844666,0.03906250,-0.16601562,0.14160156,0.27832031,0.02929688,0.00000000,1.03340149,2.64689488,2.64701843,0.00000000
8.54533577,5380,-3.05929120,-1.67501719,-2.31291970,-0.06408691,0.75331784,0.05149841,3.13950071,4.59252809,-2.32422433,-0.05647649,0.86807664,0.04959106,3.10144233,-1.58613475,-2.42888649,-0.09651184,0.86852170,0.04844666,0.04394531,-0.15625000,0.14160156,0.20507812,0.01464844,0.00000000,1.03302002,2.64684355,2.64663696,-0.02441406
8.55712938,5385,-3.05776532,-1.67501719,-2.31215676,-0.06256104,0.75255490,0.05149841,3.14066842,4.59252793,-2.32302976,-0.05414953,0.86760047,0.04959106,3.10182379,-1.58804209,-2.42697914,-0.09498596,0.86852170,0.04844666,0.04394531,-0.16113281,0.15136719,0.14648438,0.01464844,-0.02929688,1.03302002,2.64692438,2.64663696,-0.02441406
8.57380319,5390,-3.05700238,-1.67501719,-2.31063088,-0.06256104,0.75141049,0.05149841,3.14196341,4.59252788,-2.32158266,-0.05313654,0.86675511,0.04959106,3.10258673,-1.59033091,-2.42430886,-0.09117126,0.86852170,0.04844666,0.04394531,-0.13183594,0.14160156,0.19042969,0.01464844,0.00000000,1.03340149,2.64688373,2.64663696,-0.02441406
8.58997130,5395,-3.05662091,-1.67501719,-2.30872353,-0.06256104,0.75102902,0.05149841,3.14264423,4.59252786,-2.32005513,-0.05280460,0.86601020,0.04959106,3.10373114,-1.59223826,-2.42240151,-0.08850098,0.86852170,0.04882812,0.06347656,-0.14648438,0.14160156,0.16113281,0.01464844,0.00000000,1.03302002,2.64678032,2.64663696,-0.02441406
8.60425448,5400,-3.05662091,-1.67501719,-2.30719765,-0.06217957,0.74950314,0.05149841,3.14289856,4.59252786,-2.31850967,-0.05261954,0.86505176,0.04959106,3.10449408,-1.59414561,-2.42049416,-0.08621216,0.86814023,0.04844666,0.02441406,-0.14160156,0.15136719,0.16113281,-0.00000000,-0.01464844,1.03302002,2.64668394,2.64663696,-0.02441406
8.61759782,5405,-3.05662091,-1.67501719,-2.30643471,-0.06141663,0.74645138,0.05149841,3.14298191,4.59252786,-2.31721004,-0.05201617,0.86291347,0.04959106,3.10525702,-1.59605296,-2.41858681,-0.08392334,0.86852170,0.04844666,0.06347656,-0.13183594,0.15625000,0.17578125,0.01464844,-0.01464844,1.03340149,2.64716530,2.64663696,-0.02441406
8.63415980,5410,-3.05662091,-1.67501719,-2.30529030,-0.05989075,0.74301816,0.05149841,3.14300922,4.59252786,-2.31611486,-0.05074376,0.85977811,0.04959106,3.10601996,-1.59796031,-2.41667946,-0.08049011,0.86814023,0.04882812,0.04882812,-0.12207031,0.14648438,0.16113281,-0.00000000,-0.01464844,1.03340149,2.64720096,2.64663696,-0.04882812
8.64680982,5415,-3.05662091,-1.67501719,-2.30490883,-0.05950928,0.73996640,0.05149841,3.14301816,4.59252786,-2.31542921,-0.04996878,0.85645823,0.04959106,3.10640143,-1.59986766,-2.41439064,-0.07781982,0.86814023,0.04882812,0.03906250,-0.12207031,0.14648438,0.17578125,0.02929688,0.00000000,1.03340149,2.64697436,2.64663696,-0.04882812
8.66027617,5420,-3.05662091,-1.67501719,-2.30452736,-0.05950928,0.73996640,0.05149841,3.14302110,4.59252786,-2.31479914,-0.04971483,0.85489918,0.04959106,3.10716437,-1.60177500,-2.41286476,-0.07591248,0.86775876,0.04844666,0.04394531,-0.13671875,0.14160156,0.13183594,0.01464844,-0.01464844,1.03302002,2.64674752,2.64701843,-0.04882812
8.67572618,5425,-3.05662091,-1.67501719,-2.30376442,-0.05950928,0.73996640,0.05149841,3.14302206,4.59252786,-2.31419888,-0.04963162,0.85456849,0.04959106,3.10792731,-1.60330088,-2.41057595,-0.07324219,0.86775876,0.04882812,0.04394531,-0.11230469,0.14160156,0.13183594,0.01464844,0.00000000,1.03340149,2.64688828,2.64663696,-0.02441406
8.69115734,5430,-3.05662091,-1.67501719,-2.30262001,-0.05989075,0.73958493,0.05149841,3.14302237,4.59252786,-2.31322302,-0.04986082,0.85427397,0.04959106,3.10869025,-1.60558970,-2.40905007,-0.07095337,0.86775876,0.04882812,0.04882812,-0.12207031,0.13183594,0.11718750,-0.00000000,0.01464844,1.03302002,2.64685994,2.64663696,-0.02441406
8.70647717,5435,-3.05662091,-1.67501719,-2.30147560,-0.05989075,0.73958493,0.05149841,3.14302248,4.59252786,-2.31224370,-0.04993593,0.85410715,0.04959106,3.10945319,-1.60711558,-2.40676125,-0.07019043,0.86699582,0.04882812,0.04394531,-0.12207031,0.12695312,0.04394531,-0.04394531,-0.01464844,1.03302002,2.64683210,2.64701843,-0.02441406
8.71990991,5440,-3.05662091,-1.67501719,-2.30033120,-0.05989075,0.73958493,0.05149841,3.14302251,4.59252786,-2.31123346,-0.04996054,0.85405249,0.04959106,3.11021613,-1.60864146,-2.40485390,-0.06980896,0.86623288,0.04882812,0.04882812,-0.12695312,0.12207031,0.01464844,-0.02929688,-0.01464844,1.03302002,2.64670090,2.64663696,-0.02441406
8.73478222,5445,-3.05662091,-1.67501719,-2.29994973,-0.05989075,0.73958493,0.05149841,3.14302252,4.59252786,-2.31034664,-0.04996860,0.85403458,0.04959106,3.11059760,-1.61016734,-2.40332802,-0.06942749,0.86508847,0.04844666,0.03417969,-0.12207031,0.12207031,0.01464844,-0.05859375,-0.02929688,1.03302002,2.64679854,2.64663696,-0.04882812
8.74927783,5450,-3.05662091,-1.67501719,-2.29956826,-0.05950928,0.73996640,0.05149841,3.14302252,4.59252786,-2.30988747,-0.04983392,0.85416604,0.04959106,3.11097907,-1.61207469,-2.40142067,-0.06828308,0.86356259,0.04882812,0.03417969,-0.13671875,0.14160156,0.08789062,-0.11718750,-0.01464844,1.03302002,2.64676803,2.64663696,-0.04882812
8.76363206,5455,-3.05662091,-1.67501719,-2.29918679,-0.05950928,0.73996640,0.05149841,3.14302252,4.59252786,-2.30943171,-0.04967064,0.85432825,0.04959106,3.11212348,-1.61360057,-2.39951332,-0.06599426,0.86012936,0.04844666,0.05859375,-0.11718750,0.12207031,0.11718750,-0.23437500,-0.02929688,1.03302002,2.64694261,2.64663696,-0.02441406
8.77928042,5460,-3.05662091,-1.67501719,-2.29804238,-0.05950928,0.73996640,0.05149841,3.14302253,4.59252786,-2.30874196,-0.04961714,0.85438141,0.04959106,3.11250495,-1.61550791,-2.39760598,-0.06294250,0.85898495,0.04882812,0.00976562,-0.11230469,0.11718750,0.16113281,-0.04394531,-0.01464844,1.03340149,2.64695220,2.64701843,-0.02441406
8.79300427,5465,-3.05662091,-1.67501719,-2.29689797,-0.05950928,0.73996640,0.05149841,3.14302253,4.59252786,-2.30781685,-0.04959961,0.85439883,0.04959106,3.11288642,-1.61665232,-2.39608010,-0.06217957,0.85822201,0.04882812,0.02929688,-0.08300781,0.13183594,0.02929688,-0.05859375,-0.02929688,1.03302002,2.64680276,2.64663696,0.00000000
8.80417752,5470,-3.05662091,-1.67501719,-2.29575356,-0.05989075,0.73958493,0.05149841,3.14302253,4.59252786,-2.30663444,-0.04978002,0.85421838,0.04959106,3.11364936,-1.61779673,-2.39493569,-0.06256104,0.85745907,0.04882812,0.05371094,-0.11718750,0.13183594,-0.02929688,-0.04394531,-0.01464844,1.03340149,2.64696595,2.64663696,-0.02441406
8.82077956,5475,-3.05662091,-1.67501719,-2.29384621,-0.05989075,0.73844052,0.05149841,3.14302253,4.59252786,-2.30492557,-0.04990945,0.85346992,0.04959106,3.11441230,-1.61932261,-2.39302834,-0.06217957,0.85707760,0.04882812,0.04394531,-0.09277344,0.12207031,0.01464844,0.01464844,0.00000000,1.03302002,2.64702699,2.64663696,-0.02441406
8.83682704,5480,-3.05662091,-1.67501719,-2.29193886,-0.05989075,0.73767758,0.05149841,3.14302253,4.59252786,-2.30323219,-0.04995186,0.85263164,0.04959106,3.11479377,-1.62046702,-2.39150246,-0.06179810,0.85745907,0.04882812,0.01464844,-0.07324219,0.13183594,0.02929688,0.04394531,-0.02929688,1.03302002,2.64706262,2.64663696,-0.02441406
8.85174751,5485,-3.05662091,-1.67501719,-2.29041298,-0.05989075,0.73691464,0.05149841,3.14302253,4.59252786,-2.30165142,-0.04996576,0.85195388,0.04959106,3.11517524,-1.62199290,-2.38921364,-0.06065369,0.85745907,0.04882812,0.03906250,-0.09277344,0.14160156,0.08789062,0.01464844,0.00000000,1.03302002,2.64707429,2.64663696,-0.02441406
8.86566687,5490,-3.05662091,-1.67501719,-2.28850563,-0.05989075,0.73538876,0.05149841,3.14302253,4.59252786,-2.29991359,-0.04997031,0.85092662,0.04959106,3.11555670,-1.62351878,-2.38730629,-0.05912781,0.85745907,0.04844666,0.01953125,-0.11230469,0.12207031,0.08789062,0.01464844,-0.02929688,1.03302002,2.64699999,2.64663696,-0.04882812
8.87938905,5495,-3.05662091,-1.67501719,-2.28659829,-0.05989075,0.73386288,0.05149841,3.14302253,4.59252786,-2.29803054,-0.04997181,0.84950309,0.04959106,3.11670111,-1.62466319,-2.38578041,-0.05683899,0.85745907,0.04882812,0.05371094,-0.10742188,0.10742188,0.13183594,0.04394531,-0.01464844,1.03302002,2.64681842,2.64701843,-0.02441406
8.89471722,5500,-3.05662091,-1.67501719,-2.28392800,-0.05989075,0.73119259,0.05187988,3.14302253,4.59252786,-2.29583745,-0.04997230,0.84739026,0.04984753,3.11708258,-1.62618907,-2.38387307,-0.05531311,0.85745907,0.04882812,0.02929688,-0.07812500,0.11718750,0.08789062,-0.04394531,0.00000000,1.03302002,2.64679408,2.64663696,-0.02441406
8.91038728,5505,-3.05662091,-1.67501719,-2.28087624,-0.05989075,0.72814084,0.05226135,3.14302253,4.59252786,-2.29314714,-0.04997246,0.84488885,0.05006890,3.11746405,-1.62771495,-2.38196572,-0.05493164,0.85707760,0.04882812,0.01953125,-0.10742188,0.13671875,0.00000000,-0.01464844,-0.01464844,1.03302002,2.64676657,2.64701843,0.00000000
8.92500877,5510,-3.05662091,-1.67501719,-2.27896889,-0.05989075,0.72470761,0.05226135,3.14302253,4.59252786,-2.29075422,-0.04997251,0.84182151,0.05026058,3.11784552,-1.62962229,-2.38005837,-0.05493164,0.85631466,0.04882812,0.03906250,-0.09277344,0.11718750,-0.01464844,-0.04394531,-0.01464844,1.03302002,2.64675756,2.64663696,-0.04882812
8.93997192,5515,-3.05662091,-1.67501719,-2.27668007,-0.05989075,0.71974850,0.05226135,3.14302253,4.59252786,-2.28860219,-0.04997253,0.83804480,0.05032339,3.11860846,-1.63000376,-2.37891396,-0.05493164,0.85631466,0.04882812,0.04394531,-0.08789062,0.09765625,-0.02929688,0.01464844,-0.01464844,1.03340149,2.64682907,2.64663696,-0.02441406
8.95484042,5520,-3.05662091,-1.67501719,-2.27439125,-0.05989075,0.71364499,0.05226135,3.14302253,4.59252786,-2.28615751,-0.04997253,0.83254503,0.05034397,3.11898993,-1.63152964,-2.37700661,-0.05493164,0.85555172,0.04882812,0.02441406,-0.05371094,0.11230469,-0.01464844,-0.02929688,0.00000000,1.03340149,2.64711519,2.64663696,-0.04882812
8.96966243,5525,-3.05662091,-1.67501719,-2.27210244,-0.05989075,0.71021176,0.05226135,3.14302253,4.59252786,-2.28381616,-0.04997253,0.82792927,0.05035072,3.11937140,-1.63267405,-2.37509926,-0.05493164,0.85402585,0.04882812,0.01464844,-0.09277344,0.13183594,0.02929688,-0.10253906,0.01464844,1.03340149,2.64730661,2.64663696,-0.02441406
8.98413754,5530,-3.05662091,-1.67501719,-2.26943215,-0.05989075,0.70677853,0.05226135,3.14302253,4.59252786,-2.28128490,-0.04997253,0.82388932,0.05035293,3.11975287,-1.63381846,-2.37281044,-0.05416870,0.85173703,0.04882812,0.03417969,-0.08300781,0.12207031,0.01464844,-0.11718750,-0.04394531,1.03340149,2.64716914,2.64663696,-0.04882812
8.99891019,5535,-3.05700238,-1.67501719,-2.26714333,-0.05989075,0.70334530,0.05226135,3.14279731,4.59252786,-2.27899672,-0.04997253,0.82061909,0.05035365,3.12013434,-1.63458140,-2.37128456,-0.05416870,0.85097409,0.04882812,0.02441406,-0.06835938,0.11718750,-0.01464844,-0.07324219,0.00000000,1.03340149,2.64732429,2.64663696,0.00000000
9.01204205,5540,-3.05738385,-1.67501719,-2.26561745,-0.05989075,0.70029355,0.05226135,3.14246704,4.59252786,-2.27692174,-0.04997253,0.81718422,0.05035389,3.12089728,-1.63534434,-2.36975869,-0.05416870,0.84982968,0.04882812,0.03906250,-0.06835938,0.12207031,0.01464844,-0.08789062,-0.01464844,1.03340149,2.64713684,2.64663696,-0.02441406
9.02687192,5545,-3.05738385,-1.67501719,-2.26294716,-0.05989075,0.69647885,0.05264282,3.14232756,4.59252786,-2.27465355,-0.04997253,0.81371323,0.05049130,3.12127875,-1.63648875,-2.36785134,-0.05416870,0.84715939,0.04882812,0.00488281,-0.08300781,0.12695312,0.00000000,-0.16113281,-0.02929688,1.03340149,2.64719163,2.64663696,-0.02441406
9.03964233,5550,-3.05738385,-1.67501719,-2.26027687,-0.06027222,0.69190121,0.05264282,3.14228186,4.59252786,-2.27211941,-0.05019775,0.80976286,0.05065546,3.12127875,-1.63763316,-2.36632546,-0.05378723,0.84525204,0.04882812,0.01953125,-0.08789062,0.13671875,0.02929688,-0.19042969,0.00000000,1.03302002,2.64697887,2.64663696,-0.04882812
9.05240250,5555,-3.05738385,-1.67501719,-2.25760659,-0.06027222,0.68617917,0.05264282,3.14226688,4.59252786,-2.26950155,-0.05030280,0.80454079,0.05070926,3.12166022,-1.63877757,-2.36441811,-0.05340576,0.84220028,0.04882812,0.02441406,-0.07812500,0.13183594,0.00000000,-0.20507812,0.00000000,1.03302002,2.64684666,2.64663696,0.00000000
9.06625891,5560,-3.05738385,-1.67501719,-2.25455483,-0.06027222,0.68198300,0.05264282,3.14226198,4.59252786,-2.26664080,-0.05033723,0.79988541,0.05072688,3.12204169,-1.63954051,-2.36289223,-0.05302429,0.83914853,0.04882812,0.01953125,-0.09277344,0.15136719,-0.01464844,-0.21972656,-0.02929688,1.03340149,2.64714049,2.64663696,-0.04882812
9.08165050,5565,-3.05738385,-1.67501719,-2.25188454,-0.06027222,0.67778683,0.05264282,3.14226037,4.59252786,-2.26393935,-0.05034851,0.79538985,0.05073266,3.12242316,-1.64068492,-2.36098488,-0.05264282,0.83571530,0.04882812,0.02929688,-0.05371094,0.13671875,0.00000000,-0.23437500,-0.01464844,1.03340149,2.64721724,2.64663696,-0.04882812
9.09286690,5570,-3.05738385,-1.67501719,-2.24921425,-0.06027222,0.67435360,0.05264282,3.14225984,4.59252786,-2.26141999,-0.05035220,0.79169933,0.05073455,3.12280463,-1.64144786,-2.35984047,-0.05226135,0.83228207,0.04920959,0.03906250,-0.08300781,0.11718750,0.01464844,-0.26367188,0.01464844,1.03302002,2.64682711,2.64663696,-0.04882812
9.10606360,5575,-3.05738385,-1.67501719,-2.24692543,-0.06027222,0.66939450,0.05264282,3.14225967,4.59252786,-2.25871432,-0.05035341,0.78730338,0.05073517,3.12318610,-1.64221080,-2.35793312,-0.05264282,0.82961178,0.04882812,0.01464844,-0.05371094,0.12207031,-0.01464844,-0.21972656,-0.04394531,1.03340149,2.64714971,2.64663696,-0.02441406
9.11931324,5580,-3.05738385,-1.67501719,-2.24387368,-0.06027222,0.66329098,0.05302429,3.14225961,4.59252786,-2.25602645,-0.05035381,0.78215051,0.05081167,3.12356757,-1.64297373,-2.35640724,-0.05226135,0.82656003,0.04920959,0.02929688,-0.06835938,0.12695312,0.01464844,-0.21972656,-0.01464844,1.03302002,2.64690264,2.64701843,0.00000000
9.13316035,5585,-3.05738385,-1.67501719,-2.24120339,-0.06027222,0.65833188,0.05340576,3.14225959,4.59252786,-2.25328009,-0.05035394,0.77684666,0.05115424,3.12394904,-1.64411814,-2.35449990,-0.05226135,0.82388974,0.04882812,0.00976562,-0.07812500,0.12207031,-0.02929688,-0.16113281,-0.02929688,1.03340149,2.64707680,2.64663696,-0.04882812
9.14958882,5590,-3.05738385,-1.67501719,-2.23738869,-0.06027222,0.65108395,0.05340576,3.14225959,4.59252786,-2.24991556,-0.05035398,0.77052776,0.05138563,3.12433051,-1.64488108,-2.35259255,-0.05226135,0.82198239,0.04920959,0.01953125,-0.07324219,0.13183594,0.00000000,-0.08789062,0.00000000,1.03340149,2.64693368,2.64663696,0.00000000
9.16400075,5595,-3.05738385,-1.67501719,-2.23471840,-0.06027222,0.64612485,0.05340576,3.14225959,4.59252786,-2.24707882,-0.05035400,0.76520365,0.05146146,3.12471198,-1.64602549,-2.35030373,-0.05226135,0.81816769,0.04920959,0.03417969,-0.06347656,0.14648438,-0.01464844,-0.26367188,-0.02929688,1.03340149,2.64688678,2.64701843,-0.02441406
9.17798162,5600,-3.05738385,-1.67501719,-2.23319252,-0.06027222,0.64078427,0.05340576,3.14225959,4.59252786,-2.24477282,-0.05035400,0.75985089,0.05148630,3.12547492,-1.64716990,-2.34763344,-0.05187988,0.81435299,0.04920959,0.02441406,-0.08789062,0.16601562,0.00000000,-0.27832031,-0.02929688,1.03302002,2.64678132,2.64663696,0.00000000
9.19204640,5605,-3.05738385,-1.67501719,-2.23128517,-0.06027222,0.63506222,0.05340576,3.14225959,4.59252786,-2.24279147,-0.05035400,0.75382602,0.05149445,3.12547492,-1.64793284,-2.34610756,-0.05187988,0.81091977,0.04920959,0.01464844,-0.06835938,0.16113281,-0.01464844,-0.29296875,0.00000000,1.03340149,2.64695892,2.64663696,-0.02441406
9.20677304,5610,-3.05738385,-1.67501719,-2.22861489,-0.06027222,0.63086606,0.05340576,3.14225959,4.59252786,-2.24054860,-0.05035400,0.74908824,0.05149711,3.12547492,-1.64869578,-2.34343727,-0.05187988,0.80557919,0.04920959,0.00000000,-0.06347656,0.13671875,0.00000000,-0.30761719,-0.02929688,1.03302002,2.64674246,2.64663696,-0.02441406
9.22093201,5615,-3.05738385,-1.67501719,-2.22670754,-0.06027222,0.62819577,0.05340576,3.14225959,4.59252786,-2.23835113,-0.05035400,0.74534106,0.05149799,3.12585639,-1.64907725,-2.34191140,-0.05187988,0.80138302,0.04920959,0.00488281,-0.04882812,0.14160156,-0.01464844,-0.33691406,0.00000000,1.03340149,2.64688662,2.64663696,-0.04882812
9.23439240,5620,-3.05738385,-1.67501719,-2.22518166,-0.06027222,0.62705136,0.05340576,3.14225959,4.59252786,-2.23656612,-0.05035400,0.74285501,0.05149827,3.12623786,-1.64984019,-2.34038552,-0.05226135,0.79680539,0.04959106,0.01464844,-0.04394531,0.12207031,-0.01464844,-0.26367188,-0.01464844,1.03302002,2.64691897,2.64663696,-0.04882812
9.24845505,5625,-3.05776532,-1.67501719,-2.22365578,-0.06027222,0.62705136,0.05340576,3.14218329,4.59252786,-2.23497291,-0.05035400,0.74193882,0.05149837,3.12661933,-1.65098460,-2.33847817,-0.05226135,0.79337216,0.04959106,0.01953125,-0.06835938,0.14160156,-0.02929688,-0.24902344,0.00000000,1.03302002,2.64708972,2.64701843,0.00000000
9.26123953,5630,-3.05776532,-1.67501719,-2.22289284,-0.06027222,0.62705136,0.05378723,3.14197812,4.59252786,-2.23358976,-0.05035400,0.74163860,0.05172362,3.12661933,-1.65174754,-2.33695229,-0.05226135,0.78917599,0.04959106,0.01464844,-0.06347656,0.14648438,-0.01464844,-0.35156250,-0.02929688,1.03340149,2.64705998,2.64663696,0.00000000
9.27621150,5635,-3.05776532,-1.67501719,-2.22212990,-0.06065369,0.62705136,0.05378723,3.14191088,4.59252786,-2.23270367,-0.05054016,0.74154022,0.05182868,3.12700080,-1.65251048,-2.33466347,-0.05187988,0.78536130,0.04959106,0.02441406,-0.06835938,0.16113281,0.01464844,-0.26367188,0.00000000,1.03302002,2.64685370,2.64663696,-0.02441406
9.29124594,5640,-3.05814679,-1.67501719,-2.22174843,-0.06065369,0.62705136,0.05378723,3.14181256,4.59252786,-2.23200646,-0.05067147,0.74150799,0.05186310,3.12776374,-1.65327342,-2.33199318,-0.05149841,0.78078366,0.04959106,0.01464844,-0.05859375,0.15136719,0.00000000,-0.21972656,0.00000000,1.03302002,2.64690818,2.64663696,0.00000000
9.30408072,5645,-3.05967267,-1.67501719,-2.22174843,-0.06103516,0.62743283,0.05378723,3.14090485,4.59252786,-2.23177799,-0.05093972,0.74157372,0.05187438,3.12776374,-1.65365489,-2.33046730,-0.05187988,0.77849484,0.04997253,0.00000000,-0.04394531,0.14160156,-0.01464844,-0.20507812,-0.01464844,1.03302002,2.64672584,2.64663696,-0.04882812
9.31777120,5650,-3.06005414,-1.67501719,-2.22174843,-0.06103516,0.62819577,0.05378723,3.14009069,4.59252786,-2.23170313,-0.05105887,0.74225712,0.05187808,3.12776374,-1.65441783,-2.32894142,-0.05149841,0.77658749,0.04997253,0.00976562,-0.05859375,0.14648438,0.00000000,-0.14648438,0.00000000,1.03302002,2.64666608,2.64663696,-0.04882812
9.33045745,5655,-3.06158002,-1.67501719,-2.22174843,-0.06179810,0.62819577,0.05378723,3.13899725,4.59252786,-2.23167860,-0.05146046,0.74251231,0.05187929,3.12814521,-1.65518077,-2.32703408,-0.05187988,0.77468014,0.04997253,0.01464844,-0.04882812,0.13671875,-0.02929688,-0.19042969,-0.01464844,1.03340149,2.64689675,2.64663696,-0.02441406
9.34677696,5660,-3.06539472,-1.67501719,-2.22174843,-0.06256104,0.62857724,0.05378723,3.13662845,4.59252786,-2.23167056,-0.05204396,0.74267222,0.05187969,3.12852668,-1.65556224,-2.32512673,-0.05149841,0.77200985,0.04997253,0.00488281,-0.05859375,0.13671875,-0.02929688,-0.11718750,-0.01464844,1.03302002,2.64696037,2.64663696,-0.02441406
9.35919785,5665,-3.06692059,-1.67501719,-2.22174843,-0.06370544,0.62895871,0.05378723,3.13440351,4.59252786,-2.23166793,-0.05284637,0.74298109,0.05187982,3.12852668,-1.65670665,-2.32321938,-0.05149841,0.77048398,0.05035400,0.00000000,-0.06835938,0.14648438,-0.02929688,-0.11718750,0.01464844,1.03340149,2.64699318,2.64663696,-0.02441406
9.37392735,5670,-3.06997235,-1.67501719,-2.22174843,-0.06637573,0.62895871,0.05378723,3.13204554,4.59252786,-2.23166707,-0.05454277,0.74326248,0.05187986,3.12852668,-1.65746958,-2.32169350,-0.05149841,0.76933957,0.05073547,0.00000000,-0.04882812,0.13671875,-0.02929688,-0.05859375,0.01464844,1.03340149,2.64718850,2.64663696,0.00000000
9.38753271,5675,-3.07264264,-1.67501719,-2.22136696,-0.06904602,0.62934018,0.05378723,3.12932427,4.59252786,-2.23152945,-0.05695497,0.74354084,0.05187988,3.12852668,-1.65823252,-2.32016762,-0.05149841,0.76857663,0.05264282,0.00000000,-0.06835938,0.11718750,-0.01464844,-0.04394531,0.08789062,1.03302002,2.64688019,2.64663696,-0.04882812
9.40034795,5680,-3.07531293,-1.67501719,-2.22136696,-0.07095337,0.63086606,0.05378723,3.12660895,4.59252786,-2.23136522,-0.05914836,0.74439768,0.05187988,3.12852668,-1.65899546,-2.31864174,-0.05187988,0.76666928,0.05226135,-0.00488281,-0.06347656,0.12207031,-0.02929688,-0.16113281,-0.02929688,1.03340149,2.64715148,2.64663696,-0.04882812
9.41607547,5685,-3.07912763,-1.67501719,-2.22136696,-0.07400513,0.63162900,0.05378723,3.12341427,4.59252786,-2.23131140,-0.06186611,0.74542039,0.05187988,3.12852668,-1.65937693,-2.31635292,-0.05187988,0.76361752,0.05264282,-0.00488281,-0.03906250,0.14648438,-0.01464844,-0.21972656,-0.02929688,1.03302002,2.64704384,2.64663696,-0.02441406
9.43112183,5690,-3.08294232,-1.67501719,-2.22136696,-0.07705688,0.63239193,0.05378723,3.11969043,4.59252786,-2.23129377,-0.06485969,0.74625088,0.05187988,3.12852668,-1.66013987,-2.31444558,-0.05187988,0.76094723,0.05264282,-0.00488281,-0.04394531,0.12207031,-0.02929688,-0.14648438,0.00000000,1.03302002,2.64689236,2.64663696,-0.04882812
9.44719577,5695,-3.08713849,-1.67501719,-2.22136696,-0.08010864,0.63353634,0.05378723,3.11584142,4.59252786,-2.23128799,-0.06771221,0.74708099,0.05187988,3.12852668,-1.66052134,-2.31291970,-0.05226135,0.76018429,0.05226135,-0.00976562,-0.04882812,0.09765625,-0.02929688,-0.01464844,-0.01464844,1.03340149,2.64717109,2.64663696,0.00000000
9.46798253,5700,-3.09057172,-1.67501719,-2.22136696,-0.08277893,0.63468075,0.05378723,3.11202146,4.59252786,-2.23128610,-0.07056135,0.74824156,0.05187988,3.12852668,-1.66090281,-2.31139382,-0.05226135,0.75865841,0.05226135,-0.00488281,-0.03417969,0.10253906,-0.01464844,-0.07324219,-0.01464844,1.03302002,2.64698777,2.64663696,-0.04882812
9.48190546,5705,-3.09514935,-1.67501719,-2.22136696,-0.08583069,0.63468075,0.05378723,3.10758224,4.59252786,-2.23128548,-0.07381917,0.74883328,0.05187988,3.12852668,-1.66204722,-2.30910500,-0.05302429,0.75636960,0.05226135,-0.00976562,-0.05371094,0.11718750,-0.05859375,-0.10253906,-0.02929688,1.03302002,2.64699020,2.64663696,-0.02441406
9.49630618,5710,-3.09858258,-1.67501719,-2.22136696,-0.08964539,0.63468075,0.05378723,3.10393850,4.59252786,-2.23128527,-0.07695823,0.74902717,0.05187988,3.12814521,-1.66281016,-2.30757912,-0.05455017,0.75560666,0.05226135,-0.00976562,-0.04394531,0.08300781,-0.11718750,-0.07324219,-0.02929688,1.03302002,2.64685037,2.64663696,-0.02441406
9.51345658,5715,-3.10087140,-1.67501719,-2.22136696,-0.09231567,0.63468075,0.05378723,3.10095375,4.59252786,-2.23128521,-0.08015615,0.74909070,0.05187988,3.12814521,-1.66357310,-2.30605324,-0.05645752,0.75522519,0.05226135,-0.02929688,-0.05859375,0.08300781,-0.11718750,-0.02929688,-0.02929688,1.03302002,2.64692662,2.64701843,-0.02441406
9.52819633,5720,-3.10392316,-1.67501719,-2.22136696,-0.09574890,0.63468075,0.05378723,3.09816663,4.59252786,-2.23128519,-0.08323981,0.74911152,0.05187988,3.12738227,-1.66395457,-2.30452736,-0.05760193,0.75408078,0.05226135,-0.03906250,-0.03906250,0.11718750,-0.10253906,-0.04394531,-0.01464844,1.03302002,2.64690766,2.64663696,-0.07324219
9.54252028,5725,-3.10621198,-1.67501719,-2.22136696,-0.09841919,0.63468075,0.05378723,3.09541521,4.59252786,-2.23128518,-0.08616469,0.74911835,0.05187988,3.12700080,-1.66471751,-2.30300148,-0.05950928,0.75217343,0.05226135,-0.01953125,-0.03417969,0.12695312,-0.16113281,-0.10253906,0.00000000,1.03340149,2.64694075,2.64701843,-0.04882812
9.55624175,5730,-3.10735639,-1.67501719,-2.22136696,-0.09956360,0.63468075,0.05378723,3.09358162,4.59252786,-2.23128518,-0.08828413,0.74912058,0.05187988,3.12661933,-1.66509898,-2.30185707,-0.06179810,0.75179196,0.05226135,-0.06347656,-0.03906250,0.10742188,-0.19042969,-0.02929688,-0.02929688,1.03302002,2.64697479,2.64663696,-0.02441406
9.57269788,5735,-3.10964520,-1.67501719,-2.22136696,-0.10147095,0.63468075,0.05378723,3.09170466,4.59252786,-2.23128518,-0.09011205,0.74912131,0.05187988,3.12585639,-1.66548045,-2.30033120,-0.06446838,0.75179196,0.05226135,-0.04882812,-0.03906250,0.08789062,-0.14648438,0.01464844,-0.04394531,1.03340149,2.64697837,2.64663696,0.00000000
9.58699512,5740,-3.11155255,-1.67501719,-2.22136696,-0.10223389,0.63468075,0.05378723,3.08961929,4.59252786,-2.23128517,-0.09153109,0.74912155,0.05187988,3.12509345,-1.66624339,-2.29880532,-0.06675720,0.75255490,0.05226135,-0.02929688,-0.04394531,0.09765625,-0.11718750,0.04394531,-0.01464844,1.03302002,2.64698712,2.64663696,-0.02441406
9.60102177,5745,-3.11231549,-1.67501719,-2.22136696,-0.10223389,0.63468075,0.05378723,3.08818033,4.59252786,-2.23128517,-0.09205858,0.74912163,0.05187988,3.12471198,-1.66662486,-2.29689797,-0.06790161,0.75255490,0.05226135,-0.04882812,-0.02441406,0.11718750,-0.11718750,-0.00000000,-0.02929688,1.03302002,2.64691186,2.64701843,0.00000000
9.61686063,5750,-3.11231549,-1.67501719,-2.22136696,-0.10299683,0.63429928,0.05378723,3.08760726,4.59252786,-2.23128517,-0.09249388,0.74898433,0.05187988,3.12356757,-1.66738780,-2.29537209,-0.06980896,0.75255490,0.05226135,-0.07324219,-0.04882812,0.09765625,-0.14648438,0.02929688,-0.01464844,1.03340149,2.64687963,2.64663696,-0.04882812
9.62981224,5755,-3.11231549,-1.67501719,-2.22136696,-0.10375977,0.63429928,0.05378723,3.08741947,4.59252786,-2.23128517,-0.09332964,0.74882020,0.05187988,3.12318610,-1.66776927,-2.29499062,-0.07133484,0.75255490,0.05226135,-0.04394531,-0.03906250,0.05859375,-0.17578125,0.01464844,0.01464844,1.03340149,2.64705364,2.64663696,-0.02441406
9.64310098,5760,-3.11231549,-1.67501719,-2.22136696,-0.10490417,0.63429928,0.05378723,3.08735794,4.59252786,-2.23128517,-0.09425376,0.74876641,0.05187988,3.12242316,-1.66815074,-2.29346474,-0.07400513,0.75217343,0.05226135,-0.04394531,-0.04882812,0.08300781,-0.16113281,-0.01464844,0.00000000,1.03340149,2.64702374,2.64663696,-0.02441406
9.65794897,5765,-3.11231549,-1.67501719,-2.22136696,-0.10528564,0.63429928,0.05378723,3.08733777,4.59252786,-2.23128517,-0.09497125,0.74874879,0.05187988,3.12166022,-1.66853221,-2.29270180,-0.07514954,0.75179196,0.05226135,-0.07812500,-0.02929688,0.07324219,-0.07324219,-0.00000000,-0.01464844,1.03340149,2.64710086,2.64663696,-0.02441406
9.67145967,5770,-3.11231549,-1.67501719,-2.22136696,-0.10528564,0.63429928,0.05378723,3.08747228,4.59252786,-2.23128517,-0.09523761,0.74874302,0.05187988,3.12089728,-1.66891368,-2.29155739,-0.07553101,0.75141049,0.05226135,-0.06347656,-0.04394531,0.09277344,-0.07324219,0.02929688,-0.01464844,1.03302002,2.64696475,2.64663696,-0.02441406
9.68574381,5775,-3.11193402,-1.67501719,-2.22136696,-0.10528564,0.63429928,0.05378723,3.08763171,4.59252786,-2.23128517,-0.09532489,0.74874112,0.05187988,3.12051581,-1.66967662,-2.29003151,-0.07705688,0.75179196,0.05226135,-0.03417969,-0.03417969,0.09765625,-0.14648438,0.02929688,-0.02929688,1.03302002,2.64700707,2.64663696,0.00000000
9.70002151,5780,-3.11193402,-1.67501719,-2.22136696,-0.10528564,0.63429928,0.05378723,3.08768395,4.59252786,-2.23128517,-0.09535349,0.74874050,0.05187988,3.11975287,-1.67005809,-2.28926857,-0.07934570,0.75179196,0.05226135,-0.06835938,-0.03906250,0.07324219,-0.19042969,0.02929688,-0.02929688,1.03302002,2.64699652,2.64663696,0.00000000
9.71462584,5785,-3.11193402,-1.67501719,-2.22136696,-0.10528564,0.63468075,0.05378723,3.08770107,4.59252786,-2.23128517,-0.09536286,0.74896552,0.05187988,3.11898993,-1.67043956,-2.28774269,-0.08163452,0.75217343,0.05226135,-0.05859375,-0.01953125,0.08789062,-0.17578125,0.02929688,-0.01464844,1.03302002,2.64687685,2.64663696,-0.02441406
9.72959161,5790,-3.11193402,-1.67501719,-2.22136696,-0.10490417,0.63468075,0.05378723,3.08770668,4.59252786,-2.23128517,-0.09517978,0.74907050,0.05187988,3.11860846,-1.67043956,-2.28659829,-0.08239746,0.75217343,0.05226135,-0.03417969,-0.01953125,0.09277344,-0.05859375,0.01464844,-0.01464844,1.03340149,2.64696581,2.64663696,-0.02441406
9.74338794,5795,-3.11193402,-1.67501719,-2.22136696,-0.10490417,0.63468075,0.05378723,3.08770852,4.59252786,-2.23128517,-0.09504947,0.74910490,0.05187988,3.11784552,-1.67082102,-2.28583535,-0.08277893,0.75141049,0.05226135,-0.05371094,-0.02441406,0.06835938,-0.02929688,-0.01464844,-0.02929688,1.03302002,2.64674472,2.64663696,-0.02441406
9.75819087,5800,-3.11193402,-1.67463572,-2.22136696,-0.10490417,0.63468075,0.05378723,3.08770912,4.59271401,-2.23128517,-0.09500677,0.74911618,0.05187988,3.11746405,-1.67120249,-2.28469094,-0.08316040,0.75141049,0.05226135,-0.05371094,-0.01953125,0.08300781,-0.02929688,-0.00000000,-0.02929688,1.03340149,2.64682486,2.64663696,-0.04882812
9.77137876,5805,-3.11193402,-1.67463572,-2.22098549,-0.10490417,0.63468075,0.05378723,3.08770932,4.59284533,-2.23120888,-0.09499278,0.74911987,0.05187988,3.11670111,-1.67120249,-2.28392800,-0.08354187,0.75141049,0.05226135,-0.04882812,-0.02929688,0.06835938,-0.04394531,-0.00000000,-0.02929688,1.03340149,2.64707085,2.64663696,0.02441406
9.78590250,5810,-3.11193402,-1.67463572,-2.22060402,-0.10452271,0.63468075,0.05378723,3.08770938,4.59288835,-2.23081755,-0.09485087,0.74912108,0.05187988,3.11593817,-1.67196543,-2.28240212,-0.08468628,0.75141049,0.05226135,-0.04882812,-0.03906250,0.08300781,-0.10253906,0.02929688,-0.01464844,1.03340149,2.64700985,2.64663696,0.00000000
9.80071855,5815,-3.11193402,-1.67463572,-2.21984108,-0.10414124,0.63391781,0.05378723,3.08770940,4.59290245,-2.23025645,-0.09460893,0.74872768,0.05187988,3.11555670,-1.67234690,-2.28163918,-0.08697510,0.75141049,0.05226135,-0.04882812,-0.01953125,0.07324219,-0.14648438,0.02929688,-0.01464844,1.03302002,2.64675915,2.64663696,-0.04882812
9.81339288,5820,-3.11193402,-1.67425425,-2.21907814,-0.10375977,0.63391781,0.05378723,3.08770941,4.59316354,-2.22952841,-0.09421215,0.74847963,0.05187988,3.11479377,-1.67272837,-2.28087624,-0.08850098,0.75179196,0.05226135,-0.06347656,-0.04394531,0.07812500,-0.14648438,0.02929688,-0.01464844,1.03302002,2.64685278,2.64663696,-0.04882812
9.82655931,5825,-3.11193402,-1.67387278,-2.21755226,-0.10223389,0.63391781,0.05378723,3.08770941,4.59343526,-2.22851445,-0.09330674,0.74839835,0.05187988,3.11441230,-1.67310984,-2.28011330,-0.08888245,0.75141049,0.05226135,-0.04882812,-0.03906250,0.04882812,-0.05859375,-0.02929688,0.00000000,1.03302002,2.64670768,2.64663696,-0.04882812
9.84106374,5830,-3.11193402,-1.67387278,-2.21640786,-0.10147095,0.63162900,0.05378723,3.08770941,4.59359460,-2.22732489,-0.09233891,0.74759413,0.05187988,3.11403083,-1.67349131,-2.27896889,-0.08926392,0.75102902,0.05187988,-0.02929688,-0.03417969,0.07812500,-0.02929688,0.01464844,-0.02929688,1.03340149,2.64699729,2.64663696,-0.02441406
9.85427856,5835,-3.11193402,-1.67387278,-2.21488198,-0.10108948,0.62857724,0.05378723,3.08770941,4.59364682,-2.22595805,-0.09167302,0.74524905,0.05187988,3.11364936,-1.67387278,-2.27820595,-0.08964539,0.75102902,0.05226135,-0.03417969,-0.03906250,0.04882812,-0.02929688,-0.02929688,-0.02929688,1.03302002,2.64695523,2.64663696,-0.02441406
9.86799765,5840,-3.11193402,-1.67349131,-2.21335610,-0.10032654,0.62476254,0.05378723,3.08770941,4.59380126,-2.22448429,-0.09103417,0.74177481,0.05187988,3.11288642,-1.67425425,-2.27706154,-0.08964539,0.75102902,0.05226135,-0.04882812,-0.01953125,0.07812500,0.00000000,0.02929688,-0.01464844,1.03302002,2.64702348,2.64663696,0.00000000
9.88140583,5845,-3.11193402,-1.67196543,-2.21183022,-0.09956360,0.62132931,0.05378723,3.08770941,4.59477618,-2.22297548,-0.09035095,0.73840822,0.05187988,3.11250495,-1.67463572,-2.27629860,-0.08964539,0.75064755,0.05187988,-0.04882812,-0.03417969,0.05371094,-0.02929688,-0.02929688,-0.01464844,1.03340149,2.64710077,2.64663696,-0.02441406
9.89621401,5850,-3.11193402,-1.67082102,-2.21030434,-0.09765625,0.61446286,0.05378723,3.08770941,4.59586505,-2.22143762,-0.08902637,0.73365735,0.05187988,3.11212348,-1.67463572,-2.27515419,-0.08964539,0.75026608,0.05187988,-0.02441406,-0.01953125,0.06835938,-0.01464844,0.01464844,-0.04394531,1.03302002,2.64697352,2.64663696,-0.02441406
9.90993738,5855,-3.11193402,-1.67005809,-2.20877846,-0.09727478,0.60683346,0.05378723,3.08770941,4.59688518,-2.21996446,-0.08797404,0.72685254,0.05187988,3.11174201,-1.67501719,-2.27439125,-0.08964539,0.74950314,0.05226135,-0.02441406,-0.01464844,0.05859375,-0.01464844,-0.05859375,-0.01464844,1.03302002,2.64702947,2.64663696,-0.02441406
9.92418790,5860,-3.11155255,-1.66929515,-2.20763405,-0.09727478,0.60301877,0.05378723,3.08789557,4.59759129,-2.21859318,-0.08755890,0.72100873,0.05187988,3.11136054,-1.67501719,-2.27324684,-0.08964539,0.74759579,0.05226135,-0.04394531,-0.01953125,0.07812500,-0.01464844,-0.13183594,-0.01464844,1.03340149,2.64699629,2.64663696,0.00000000
9.93886971,5865,-3.11078961,-1.66662486,-2.20610817,-0.09727478,0.59882260,0.05378723,3.08832840,4.59930496,-2.21714921,-0.08742287,0.71654658,0.05187988,3.11059760,-1.67539866,-2.27210244,-0.08964539,0.74530697,0.05226135,-0.05371094,-0.01464844,0.07812500,-0.01464844,-0.17578125,-0.01464844,1.03302002,2.64681721,2.64663696,-0.02441406
9.95251226,5870,-3.11117108,-1.66471751,-2.20534523,-0.09727478,0.59538937,0.05378723,3.08842518,4.60127238,-2.21613186,-0.08737829,0.71273128,0.05187988,3.11021613,-1.67539866,-2.27095803,-0.08964539,0.74378110,0.05187988,-0.03417969,-0.01953125,0.08789062,-0.01464844,-0.10253906,-0.01464844,1.03302002,2.64693431,2.64663696,-0.04882812
9.96813321,5875,-3.11117108,-1.66357310,-2.20458229,-0.09727478,0.58966733,0.05378723,3.08845690,4.60293696,-2.21518546,-0.08736369,0.70835767,0.05187988,3.10983466,-1.67578013,-2.26981362,-0.08964539,0.74187375,0.05187988,-0.02929688,-0.01464844,0.09277344,-0.01464844,-0.08789062,-0.02929688,1.03340149,2.64706277,2.64701843,-0.02441406
9.98139477,5880,-3.11117108,-1.66357310,-2.20420082,-0.09727478,0.58394528,0.05378723,3.08846729,4.60363280,-2.21453879,-0.08735890,0.70267562,0.05187988,3.10945319,-1.67578013,-2.26905068,-0.08964539,0.74034787,0.05187988,-0.03417969,-0.01464844,0.07812500,-0.02929688,-0.13183594,-0.01464844,1.03340149,2.64708923,2.64663696,-0.02441406
9.99620843,5885,-3.11117108,-1.66166575,-2.20267495,-0.09727478,0.57974911,0.05378723,3.08847069,4.60465440,-2.21360033,-0.08735733,0.69766248,0.05187988,3.10907172,-1.67578013,-2.26790627,-0.08964539,0.73767758,0.05187988,-0.03906250,-0.00488281,0.09277344,-0.01464844,-0.19042969,-0.02929688,1.03302002,2.64678516,2.64663696,-0.04882812
10.01000714,5890,-3.11117108,-1.65975840,-2.20191201,-0.09765625,0.57784176,0.05378723,3.08847181,4.60624025,-2.21256064,-0.08758204,0.69447766,0.05187988,3.10830878,-1.67578013,-2.26676186,-0.08964539,0.73424435,0.05226135,-0.04882812,0.00000000,0.07324219,-0.02929688,-0.23437500,-0.02929688,1.03302002,2.64676365,2.64663696,-0.02441406
10.02370858,5895,-3.11117108,-1.65861399,-2.20114907,-0.09765625,0.57669735,0.05378723,3.08847218,4.60782863,-2.21180711,-0.08768692,0.69260215,0.05187988,3.10792731,-1.67578013,-2.26561745,-0.08964539,0.72966672,0.05187988,-0.03417969,-0.00488281,0.08789062,-0.02929688,-0.29296875,0.00000000,1.03302002,2.64677613,2.64663696,-0.02441406
10.03968096,5900,-3.11117108,-1.65861399,-2.20076760,-0.09765625,0.57555295,0.05378723,3.08847230,4.60856981,-2.21112355,-0.08772129,0.69121818,0.05187988,3.10754584,-1.67578013,-2.26447304,-0.08964539,0.72547055,0.05187988,-0.02929688,-0.00976562,0.08789062,-0.01464844,-0.27832031,0.00000000,1.03302002,2.64674507,2.64701843,0.00000000
10.05402064,5905,-3.11117108,-1.65746958,-2.20038613,-0.09765625,0.57479001,0.05378723,3.08847234,4.60926129,-2.21064309,-0.08773255,0.68995242,0.05187988,3.10754584,-1.67578013,-2.26332863,-0.08964539,0.72241879,0.05187988,-0.01953125,-0.00488281,0.06347656,-0.01464844,-0.19042969,-0.02929688,1.03302002,2.64684817,2.64663696,-0.02441406
10.06630874,5910,-3.11117108,-1.65594371,-2.20000466,-0.09765625,0.57440854,0.05378723,3.08847235,4.61061385,-2.21022918,-0.08773624,0.68921087,0.05187988,3.10716437,-1.67578013,-2.26294716,-0.08964539,0.72089291,0.05187988,-0.02929688,-0.00488281,0.04394531,0.00000000,-0.21972656,-0.01464844,1.03340149,2.64715661,2.64663696,-0.02441406
10.08113337,5915,-3.11117108,-1.65441783,-2.20000466,-0.09765625,0.57440854,0.05378723,3.08847235,4.61197307,-2.21002324,-0.08773745,0.68896788,0.05187988,3.10678290,-1.67578013,-2.26218422,-0.08964539,0.71898556,0.05187988,-0.04882812,-0.00488281,0.05371094,0.00000000,-0.08789062,-0.01464844,1.03302002,2.64702697,2.64663696,-0.04882812
10.09710670,5920,-3.11117108,-1.65403636,-2.20000466,-0.09765625,0.57479001,0.05378723,3.08847235,4.61297425,-2.20995576,-0.08773784,0.68911348,0.05187988,3.10640143,-1.67578013,-2.26103981,-0.08964539,0.71784115,0.05187988,-0.01464844,-0.00488281,0.06835938,0.00000000,-0.07324219,0.00000000,1.03302002,2.64688683,2.64663696,-0.02441406
10.11206889,5925,-3.11117108,-1.65327342,-2.19962319,-0.09727478,0.57479001,0.05378723,3.08847235,4.61365705,-2.20974749,-0.08751275,0.68919244,0.05187988,3.10601996,-1.67578013,-2.25989540,-0.08926392,0.71707821,0.05187988,-0.03906250,-0.00488281,0.09277344,0.00000000,-0.02929688,0.00000000,1.03340149,2.64687143,2.64663696,-0.07324219
10.12545180,5930,-3.11117108,-1.65174754,-2.19962319,-0.09727478,0.57479001,0.05378723,3.08847235,4.61487542,-2.20960893,-0.08740775,0.68921831,0.05187988,3.10563849,-1.67578013,-2.25875099,-0.08926392,0.71555234,0.05187988,-0.01953125,-0.00488281,0.09277344,-0.01464844,-0.08789062,0.00000000,1.03302002,2.64683586,2.64663696,-0.02441406
10.13825607,5935,-3.11117108,-1.65060313,-2.19962319,-0.09727478,0.57479001,0.05378723,3.08847235,4.61611438,-2.20956353,-0.08737334,0.68922679,0.05187988,3.10563849,-1.67578013,-2.25760659,-0.08926392,0.71402646,0.05187988,-0.01953125,-0.00488281,0.07324219,0.00000000,-0.10253906,-0.01464844,1.03340149,2.64693285,2.64663696,-0.02441406
10.15166330,5940,-3.11117108,-1.65022166,-2.19962319,-0.09727478,0.57479001,0.05378723,3.08847235,4.61692722,-2.20954865,-0.08736206,0.68922957,0.05187988,3.10525702,-1.67578013,-2.25684365,-0.08926392,0.71173764,0.05187988,-0.02929688,0.00000000,0.08789062,0.00000000,-0.13183594,-0.01464844,1.03340149,2.64698416,2.64663696,-0.04882812
10.16608739,5945,-3.11117108,-1.65022166,-2.19962319,-0.09727478,0.57479001,0.05378723,3.08847235,4.61719357,-2.20954378,-0.08735837,0.68923048,0.05187988,3.10487555,-1.67578013,-2.25569924,-0.08926392,0.70944882,0.05187988,-0.03417969,-0.00488281,0.05371094,-0.02929688,-0.13183594,0.00000000,1.03302002,2.64711109,2.64663696,-0.02441406
10.17974615,5950,-3.11117108,-1.65022166,-2.19962319,-0.09727478,0.57479001,0.05378723,3.08847235,4.61728085,-2.20954218,-0.08735716,0.68923078,0.05187988,3.10449408,-1.67578013,-2.25531777,-0.08926392,0.70716000,0.05187988,-0.02929688,0.00000000,0.04394531,-0.01464844,-0.13183594,-0.02929688,1.03340149,2.64694491,2.64663696,-0.02441406
10.19463420,5955,-3.11117108,-1.65022166,-2.19962319,-0.09727478,0.57479001,0.05378723,3.08847235,4.61730945,-2.20954166,-0.08735676,0.68923088,0.05187988,3.10373114,-1.67578013,-2.25455483,-0.08926392,0.70487118,0.05187988,-0.04882812,0.00000000,0.05859375,-0.01464844,-0.19042969,-0.02929688,1.03302002,2.64681600,2.64663696,-0.02441406
10.20919180,5960,-3.11117108,-1.65022166,-2.19962319,-0.09727478,0.57479001,0.05378723,3.08847235,4.61731882,-2.20954148,-0.08735663,0.68923091,0.05187988,3.10373114,-1.67578013,-2.25379189,-0.08926392,0.70067502,0.05187988,-0.00976562,-0.00488281,0.06347656,-0.01464844,-0.24902344,0.00000000,1.03340149,2.64692634,2.64663696,-0.04882812
10.22354317,5965,-3.11117108,-1.65022166,-2.19962319,-0.09727478,0.57479001,0.05378723,3.08847235,4.61732189,-2.20954143,-0.08735659,0.68923092,0.05187988,3.10334967,-1.67578013,-2.25264748,-0.08926392,0.69876767,0.05187988,-0.01953125,-0.00488281,0.07812500,-0.02929688,-0.08789062,0.00000000,1.03302002,2.64689194,2.64663696,0.00000000
10.23696518,5970,-3.11117108,-1.65022166,-2.19962319,-0.09727478,0.57479001,0.05378723,3.08847235,4.61732290,-2.20954141,-0.08735657,0.68923092,0.05187988,3.10296820,-1.67578013,-2.25188454,-0.08926392,0.69876767,0.05187988,-0.02441406,0.00976562,0.05371094,0.00000000,0.02929688,0.00000000,1.03302002,2.64688067,2.64663696,-0.04882812
10.25030231,5975,-3.11117108,-1.65022166,-2.19962319,-0.09727478,0.57479001,0.05378723,3.08847235,4.61732323,-2.20954140,-0.08735657,0.68923092,0.05187988,3.10296820,-1.67539866,-2.25112160,-0.08926392,0.69876767,0.05187988,-0.01953125,0.00976562,0.05859375,0.00000000,-0.00000000,-0.01464844,1.03340149,2.64702957,2.64663696,-0.02441406
10.26462603,5980,-3.11117108,-1.65022166,-2.19962319,-0.09727478,0.57479001,0.05378723,3.08847235,4.61732334,-2.20954140,-0.08735657,0.68923092,0.05187988,3.10296820,-1.67539866,-2.24997719,-0.08926392,0.69876767,0.05187988,-0.01464844,0.00488281,0.06347656,-0.01464844,0.02929688,-0.01464844,1.03340149,2.64715648,2.64663696,-0.04882812
10.27844763,5985,-3.11117108,-1.65022166,-2.19924172,-0.09727478,0.57479001,0.05378723,3.08847235,4.61732337,-2.20946511,-0.08735657,0.68923092,0.05187988,3.10258673,-1.67539866,-2.24921425,-0.08926392,0.69953061,0.05187988,-0.02929688,0.00488281,0.07812500,-0.01464844,0.07324219,-0.01464844,1.03340149,2.64695979,2.64663696,-0.02441406
10.29076362,5990,-3.11117108,-1.65022166,-2.19886025,-0.09727478,0.57479001,0.05378723,3.08847235,4.61732338,-2.20907377,-0.08735657,0.68923092,0.05187988,3.10220526,-1.67501719,-2.24883278,-0.08926392,0.69953061,0.05187988,-0.04882812,0.00000000,0.06835938,0.00000000,0.02929688,-0.01464844,1.03340149,2.64707990,2.64663696,-0.04882812
10.30363441,5995,-3.11117108,-1.65022166,-2.19847878,-0.09727478,0.57479001,0.05378723,3.08847235,4.61732339,-2.20873790,-0.08735657,0.68923092,0.05187988,3.10182379,-1.67501719,-2.24806984,-0.08888245,0.69914914,0.05187988,-0.01953125,0.00000000,0.04882812,0.01464844,-0.01464844,0.01464844,1.03340149,2.64729505,2.64663696,-0.02441406
10.32045746,6000,-3.11117108,-1.65022166,-2.19733437,-0.09651184,0.57479001,0.05378723,3.08847235,4.61732339,-2.20795072,-0.08702380,0.68923092,0.05187988,3.10144233,-1.67501719,-2.24730690,-0.08926392,0.69838620,0.05187988,-0.03417969,0.00488281,0.04882812,-0.01464844,-0.04394531,-0.02929688,1.03302002,2.64707233,2.64663696,-0.02441406
10.33244181,6005,-3.11117108,-1.65022166,-2.19618996,-0.09536743,0.57479001,0.05378723,3.08847235,4.61732339,-2.20707229,-0.08635678,0.68923092,0.05187988,3.10106086,-1.67463572,-2.24654396,-0.08926392,0.69762326,0.05149841,-0.02929688,0.00976562,0.03906250,-0.01464844,-0.07324219,-0.01464844,1.03302002,2.64713998,2.64663696,0.00000000
10.34660625,6010,-3.11117108,-1.65022166,-2.19504555,-0.09384155,0.57479001,0.05378723,3.08847235,4.61732339,-2.20596328,-0.08516067,0.68923092,0.05187988,3.10106086,-1.67463572,-2.24578102,-0.08888245,0.69609738,0.05187988,-0.00488281,0.00488281,0.07324219,-0.01464844,-0.05859375,-0.02929688,1.03302002,2.64694242,2.64663696,0.00000000
10.35881233,6015,-3.11117108,-1.65022166,-2.19351967,-0.09346008,0.57440854,0.05378723,3.08847235,4.61732339,-2.20463503,-0.08407232,0.68897445,0.05187988,3.10106086,-1.67463572,-2.24501808,-0.08926392,0.69495297,0.05187988,-0.01464844,0.00488281,0.07324219,-0.01464844,-0.07324219,-0.01464844,1.03340149,2.64688964,2.64663696,-0.02441406
10.37399554,6020,-3.11117108,-1.65022166,-2.19237526,-0.09231567,0.57479001,0.05378723,3.08847235,4.61732339,-2.20339132,-0.08327684,0.68911563,0.05187988,3.10067939,-1.67425425,-2.24425515,-0.08888245,0.69457150,0.05187988,-0.01953125,0.00976562,0.05859375,-0.01464844,-0.00000000,0.01464844,1.03302002,2.64671976,2.64663696,-0.04882812
10.38982534,6025,-3.11117108,-1.65022166,-2.19123085,-0.09040833,0.57479001,0.05378723,3.08847235,4.61732339,-2.20207326,-0.08184321,0.68919315,0.05187988,3.10029792,-1.67387278,-2.24311074,-0.08888245,0.69495297,0.05149841,-0.03417969,0.00976562,0.06347656,-0.02929688,0.04394531,-0.04394531,1.03302002,2.64692679,2.64701843,-0.02441406
10.40508842,6030,-3.11117108,-1.65022166,-2.18932350,-0.09002686,0.57479001,0.05378723,3.08847235,4.61732339,-2.20060022,-0.08067703,0.68921855,0.05187988,3.09991645,-1.67387278,-2.24272927,-0.08888245,0.69495297,0.05149841,-0.02441406,0.00976562,0.03906250,0.00000000,0.01464844,-0.01464844,1.03302002,2.64693213,2.64663696,-0.04882812
10.42019939,6035,-3.11117108,-1.65022166,-2.18817910,-0.09002686,0.57479001,0.05378723,3.08847235,4.61732339,-2.19910692,-0.08029489,0.68922687,0.05187988,3.09991645,-1.67387278,-2.24158486,-0.08850098,0.69457150,0.05149841,-0.01953125,0.00000000,0.05859375,0.01464844,-0.00000000,-0.01464844,1.03340149,2.64696440,2.64663696,-0.04882812
10.43504024,6040,-3.11117108,-1.65022166,-2.18703469,-0.09002686,0.57479001,0.05378723,3.08847235,4.61732339,-2.19780912,-0.08016967,0.68922959,0.05187988,3.09953498,-1.67349131,-2.24082192,-0.08811951,0.69419003,0.05149841,-0.02441406,0.00000000,0.05371094,0.02929688,-0.02929688,-0.01464844,1.03302002,2.64674426,2.64663696,-0.02441406
10.44784307,6045,-3.11117108,-1.65022166,-2.18589028,-0.09002686,0.57479001,0.05378723,3.08847235,4.61732339,-2.19674579,-0.08012864,0.68923049,0.05187988,3.09915351,-1.67349131,-2.24044045,-0.08735657,0.69380856,0.05149841,-0.02441406,-0.00488281,0.06347656,0.04394531,-0.02929688,-0.01464844,1.03302002,2.64667212,2.64663696,0.00000000
10.46221304,6050,-3.11117108,-1.65022166,-2.18436440,-0.09002686,0.57479001,0.05378723,3.08847235,4.61732339,-2.19545938,-0.08011520,0.68923078,0.05187988,3.09915351,-1.67349131,-2.23929604,-0.08659363,0.69342709,0.05149841,-0.01464844,0.00000000,0.07324219,0.02929688,-0.01464844,-0.02929688,1.03302002,2.64677055,2.64663696,-0.02441406
10.47571015,6055,-3.11117108,-1.65022166,-2.18321999,-0.09002686,0.57479001,0.05378723,3.08847235,4.61732339,-2.19421961,-0.08011079,0.68923088,0.05187988,3.09915351,-1.67349131,-2.23853310,-0.08621216,0.69304562,0.05149841,-0.01953125,0.00000000,0.06835938,0.02929688,-0.02929688,0.00000000,1.03302002,2.64680281,2.64663696,0.00000000
10.48958921,6060,-3.11117108,-1.65022166,-2.18207558,-0.09002686,0.57479001,0.05378723,3.08847235,4.61732339,-2.19285596,-0.08010935,0.68923091,0.05187988,3.09877204,-1.67310984,-2.23738869,-0.08544922,0.69304562,0.05149841,-0.00976562,0.01464844,0.07324219,0.02929688,0.01464844,0.00000000,1.03302002,2.64669131,2.64663696,0.00000000
10.50228596,6065,-3.11117108,-1.65022166,-2.18093117,-0.09002686,0.57479001,0.05378723,3.08852118,4.61732339,-2.19165729,-0.08010887,0.68923092,0.05187988,3.09877204,-1.67310984,-2.23662575,-0.08506775,0.69304562,0.05149841,-0.00976562,0.01464844,0.06347656,0.01464844,0.01464844,-0.01464844,1.03302002,2.64675243,2.64663696,-0.02441406
10.51723623,6070,-3.11117108,-1.65022166,-2.17940529,-0.09002686,0.57479001,0.05378723,3.08848835,4.61732339,-2.19041881,-0.08010872,0.68923092,0.05187988,3.09877204,-1.67272837,-2.23586281,-0.08468628,0.69304562,0.05149841,-0.01953125,0.00976562,0.05859375,0.02929688,0.01464844,-0.02929688,1.03302002,2.64667480,2.64663696,-0.02441406
10.53199387,6075,-3.11117108,-1.65022166,-2.17749794,-0.09002686,0.57440854,0.05378723,3.08847760,4.61732339,-2.18880094,-0.08010867,0.68915463,0.05187988,3.09839057,-1.67272837,-2.23509987,-0.08316040,0.69266415,0.05149841,-0.02441406,0.00976562,0.05371094,0.10253906,-0.01464844,-0.01464844,1.03302002,2.64664936,2.64701843,-0.02441406
10.54534459,6080,-3.11117108,-1.65022166,-2.17635353,-0.09002686,0.57440854,0.05378723,3.08847407,4.61732339,-2.18725090,-0.08010865,0.68894945,0.05187988,3.09800910,-1.67234690,-2.23433693,-0.08163452,0.69266415,0.05149841,-0.02441406,0.00976562,0.06347656,0.04394531,-0.01464844,-0.01464844,1.03302002,2.64664103,2.64663696,-0.02441406
10.55994701,6085,-3.11117108,-1.65022166,-2.17520912,-0.08964539,0.57440854,0.05378723,3.08847292,4.61732339,-2.18603461,-0.07988343,0.68888222,0.05187988,3.09762763,-1.67234690,-2.23319252,-0.08163452,0.69190121,0.05149841,-0.02441406,-0.00488281,0.05859375,-0.01464844,-0.02929688,0.00000000,1.03302002,2.64663829,2.64663696,-0.07324219
10.57217145,6090,-3.11117108,-1.65022166,-2.17444619,-0.08926392,0.57479001,0.05378723,3.08847254,4.61732339,-2.18506209,-0.07959222,0.68911666,0.05187988,3.09762763,-1.67234690,-2.23242958,-0.08201599,0.69228268,0.05149841,-0.02441406,0.00488281,0.07324219,-0.01464844,0.01464844,-0.01464844,1.03302002,2.64663740,2.64663696,-0.02441406
10.58614039,6095,-3.11117108,-1.65022166,-2.17368325,-0.08850098,0.57479001,0.05378723,3.08847241,4.61732339,-2.18423047,-0.07912497,0.68919348,0.05187988,3.09724616,-1.67196543,-2.23166664,-0.08201599,0.69190121,0.05149841,-0.02441406,-0.00488281,0.05859375,-0.02929688,-0.00000000,-0.01464844,1.03302002,2.64663711,2.64663696,0.02441406
10.59960628,6100,-3.11117108,-1.65022166,-2.17253884,-0.08659363,0.57479001,0.05378723,3.08847237,4.61732339,-2.18322762,-0.07781793,0.68921866,0.05187988,3.09724616,-1.67196543,-2.23052224,-0.08163452,0.69228268,0.05149841,-0.00976562,0.00000000,0.07812500,-0.01464844,0.01464844,-0.02929688,1.03302002,2.64663701,2.64663696,0.00000000
10.61283207,6105,-3.11117108,-1.65022166,-2.17139443,-0.08506775,0.57479001,0.05378723,3.08847236,4.61732339,-2.18219063,-0.07624462,0.68922690,0.05187988,3.09724616,-1.67196543,-2.22975930,-0.08163452,0.69190121,0.05149841,-0.01464844,0.00488281,0.05859375,-0.02929688,0.01464844,-0.01464844,1.03302002,2.64651491,2.64663696,-0.02441406
10.62772775,6110,-3.11117108,-1.65022166,-2.17063149,-0.08125305,0.57479001,0.05340576,3.08847236,4.61732339,-2.18123779,-0.07384553,0.68922961,0.05169373,3.09686469,-1.67196543,-2.22899636,-0.08163452,0.69190121,0.05149841,-0.00976562,0.00488281,0.05859375,-0.02929688,0.02929688,-0.02929688,1.03302002,2.64671904,2.64663696,-0.07324219
10.64364362,6115,-3.11117108,-1.65022166,-2.16986855,-0.07705688,0.57479001,0.05340576,3.08847236,4.61732339,-2.18047366,-0.07046723,0.68923049,0.05156241,3.09686469,-1.67158396,-2.22785195,-0.08163452,0.69190121,0.05149841,-0.01953125,-0.00488281,0.07324219,-0.01464844,-0.00000000,-0.04394531,1.03302002,2.64666386,2.64663696,-0.02441406
10.65857196,6120,-3.11117108,-1.65022166,-2.16948708,-0.07400513,0.57479001,0.05340576,3.08847235,4.61732339,-2.17993555,-0.06716736,0.68923078,0.05151938,3.09648322,-1.67158396,-2.22708901,-0.08163452,0.69151974,0.05149841,-0.01953125,-0.00488281,0.07812500,0.01464844,-0.00000000,-0.01464844,1.03302002,2.64664578,2.64663696,-0.04882812
10.67496681,6125,-3.11117108,-1.65022166,-2.16910561,-0.07057190,0.57479001,0.05340576,3.08847235,4.61732339,-2.17944172,-0.06342725,0.68923088,0.05150529,3.09648322,-1.67158396,-2.22594460,-0.08087158,0.69151974,0.05149841,-0.00976562,-0.00488281,0.06347656,0.02929688,-0.00000000,0.00000000,1.03302002,2.64663985,2.64663696,-0.04882812
10.68818784,6130,-3.11117108,-1.65022166,-2.16910561,-0.06828308,0.57479001,0.05302429,3.08847235,4.61732339,-2.17916076,-0.06042605,0.68923091,0.05136334,3.09648322,-1.67158396,-2.22518166,-0.08010864,0.69151974,0.05149841,-0.00976562,0.00000000,0.07324219,0.05859375,0.02929688,-0.01464844,1.03302002,2.64663791,2.64663696,-0.02441406
10.70106912,6135,-3.11078961,-1.65022166,-2.16910561,-0.06599426,0.57479001,0.05302429,3.08872882,4.61732339,-2.17906869,-0.05781005,0.68923092,0.05119768,3.09610175,-1.67158396,-2.22403725,-0.07896423,0.69151974,0.05149841,-0.00976562,0.00488281,0.06835938,0.07324219,0.01464844,-0.02929688,1.03302002,2.64653962,2.64663696,-0.02441406
10.71360993,6140,-3.11078961,-1.65022166,-2.16910561,-0.06370544,0.57479001,0.05302429,3.08881286,4.61732339,-2.17903853,-0.05572555,0.68923092,0.05114340,3.09610175,-1.67120249,-2.22365578,-0.07781982,0.69151974,0.05149841,-0.01464844,0.01953125,0.07324219,0.08789062,0.04394531,-0.02929688,1.03302002,2.64636678,2.64663696,-0.02441406
10.72951674,6145,-3.11117108,-1.65022166,-2.16910561,-0.06217957,0.57479001,0.05302429,3.08876411,4.61732339,-2.17902864,-0.05367824,0.68923092,0.05112561,3.09572028,-1.67120249,-2.22251137,-0.07553101,0.69151974,0.05149841,-0.01953125,0.00488281,0.06347656,0.14648438,-0.00000000,0.00000000,1.03263855,2.64609799,2.64663696,-0.04882812
10.74231648,6150,-3.11117108,-1.65022166,-2.16910561,-0.06065369,0.57479001,0.05302429,3.08871688,4.61732339,-2.17902540,-0.05198150,0.68923092,0.05111978,3.09533881,-1.67082102,-2.22174843,-0.07324219,0.69113827,0.05149841,-0.03906250,0.00488281,0.04882812,0.11718750,-0.01464844,-0.01464844,1.03263855,2.64630776,2.64663696,-0.02441406
10.75780606,6155,-3.11117108,-1.65022166,-2.16910561,-0.05989075,0.57479001,0.05302429,3.08855248,4.61732339,-2.17902434,-0.05070114,0.68923092,0.05111787,3.09533881,-1.67082102,-2.22098549,-0.07095337,0.69113827,0.05111694,-0.00976562,0.00000000,0.06347656,0.14648438,-0.00000000,-0.02929688,1.03263855,2.64623588,2.64663696,-0.04882812
10.77166557,6160,-3.11117108,-1.65022166,-2.16910561,-0.06027222,0.57479001,0.05302429,3.08849861,4.61732339,-2.17902399,-0.05039744,0.68923092,0.05111725,3.09533881,-1.67082102,-2.22022255,-0.07019043,0.69075680,0.05149841,-0.00488281,0.00000000,0.05371094,0.05859375,0.01464844,-0.02929688,1.03302002,2.64624284,2.64663696,-0.02441406
10.78592896,6165,-3.11117108,-1.65022166,-2.16910561,-0.06027222,0.57479001,0.05302429,3.08848096,4.61732339,-2.17902388,-0.05036824,0.68923092,0.05111704,3.09533881,-1.67082102,-2.21907814,-0.07019043,0.69113827,0.05111694,-0.00488281,0.00000000,0.06835938,0.01464844,0.02929688,-0.01464844,1.03263855,2.64627710,2.64663696,-0.04882812
10.79988766,6170,-3.11117108,-1.65022166,-2.16910561,-0.06027222,0.57479001,0.05302429,3.08847517,4.61732339,-2.17902384,-0.05035867,0.68923092,0.05111698,3.09533881,-1.67082102,-2.21831520,-0.06942749,0.69075680,0.05111694,-0.00488281,0.00488281,0.04394531,0.02929688,0.01464844,-0.02929688,1.03302002,2.64635889,2.64663696,-0.04882812
10.81467104,6175,-3.11117108,-1.65022166,-2.16910561,-0.06027222,0.57479001,0.05302429,3.08847328,4.61732339,-2.17902383,-0.05035553,0.68923092,0.05111695,3.09495734,-1.67043956,-2.21755226,-0.06713867,0.69113827,0.05111694,-0.01464844,0.00488281,0.05859375,0.14648438,0.02929688,-0.02929688,1.03263855,2.64615497,2.64663696,-0.02441406
10.82795835,6180,-3.11117108,-1.65022166,-2.16910561,-0.06027222,0.57479001,0.05302429,3.08847266,4.61732339,-2.17902382,-0.05035450,0.68923092,0.05111695,3.09457587,-1.67043956,-2.21678933,-0.06523132,0.69113827,0.05111694,-0.03417969,0.00000000,0.06835938,0.13183594,0.02929688,-0.01464844,1.03302002,2.64624074,2.64663696,-0.02441406
10.84277225,6185,-3.11117108,-1.65022166,-2.16910561,-0.06027222,0.57479001,0.05302429,3.08847245,4.61732339,-2.17902382,-0.05035417,0.68923092,0.05111694,3.09457587,-1.67043956,-2.21640786,-0.06294250,0.69075680,0.05111694,-0.01464844,0.00000000,0.04882812,0.13183594,0.01464844,0.00000000,1.03263855,2.64619439,2.64663696,-0.02441406
10.85672045,6190,-3.11117108,-1.65022166,-2.16910561,-0.06027222,0.57479001,0.05302429,3.08847239,4.61732339,-2.17902382,-0.05035406,0.68923092,0.05111694,3.09457587,-1.67043956,-2.21564492,-0.06256104,0.69075680,0.05111694,-0.00976562,0.00000000,0.05371094,0.00000000,-0.00000000,-0.02929688,1.03302002,2.64635131,2.64663696,-0.02441406
10.87136436,6195,-3.11117108,-1.65022166,-2.16910561,-0.06027222,0.57517148,0.05302429,3.08847237,4.61732339,-2.17902382,-0.05035402,0.68930722,0.05111694,3.09457587,-1.67005809,-2.21488198,-0.06294250,0.69037533,0.05111694,-0.00976562,-0.00488281,0.06835938,-0.04394531,-0.01464844,-0.01464844,1.03263855,2.64615249,2.64663696,-0.04882812
10.88407803,6200,-3.11117108,-1.65022166,-2.16910561,-0.06027222,0.57555295,0.05302429,3.08847236,4.61732339,-2.17902382,-0.05035401,0.68969855,0.05111694,3.09457587,-1.67005809,-2.21411904,-0.06256104,0.69037533,0.05073547,-0.00976562,-0.00976562,0.06347656,0.01464844,0.01464844,-0.02929688,1.03263855,2.64596527,2.64663696,0.00000000
10.89881682,6205,-3.11117108,-1.65022166,-2.16834267,-0.06027222,0.57555295,0.05302429,3.08847236,4.61732339,-2.17872231,-0.05035401,0.68989710,0.05111694,3.09419440,-1.67005809,-2.21373757,-0.06179810,0.69037533,0.05073547,-0.00976562,-0.00488281,0.05371094,0.00000000,0.04394531,-0.02929688,1.03263855,2.64596642,2.64663696,0.00000000
10.91242385,6210,-3.11117108,-1.65022166,-2.16719826,-0.06027222,0.57517148,0.05302429,3.08847235,4.61732339,-2.17801230,-0.05035400,0.68988586,0.05111694,3.09419440,-1.67005809,-2.21297463,-0.06103516,0.68999386,0.05073547,-0.00976562,-0.00488281,0.03906250,0.04394531,-0.00000000,-0.01464844,1.03263855,2.64590430,2.64663696,0.00000000
10.92714953,6215,-3.11117108,-1.65022166,-2.16643532,-0.06065369,0.57517148,0.05302429,3.08847235,4.61732339,-2.17704747,-0.05049133,0.68970200,0.05111694,3.09419440,-1.67005809,-2.21221169,-0.05989075,0.69037533,0.05073547,-0.01464844,0.00000000,0.05859375,0.08789062,0.02929688,-0.01464844,1.03263855,2.64605973,2.64663696,-0.02441406
10.94094586,6220,-3.11117108,-1.65022166,-2.16452797,-0.06065369,0.57517148,0.05302429,3.08847235,4.61732339,-2.17573852,-0.05065547,0.68964176,0.05111694,3.09419440,-1.67005809,-2.21144875,-0.05874634,0.69037533,0.05073547,-0.01464844,0.00000000,0.06347656,0.07324219,0.01464844,0.00000000,1.03302002,2.64618512,2.64663696,-0.04882812
10.95410132,6225,-3.11117108,-1.65022166,-2.16300209,-0.06065369,0.57479001,0.05302429,3.08847235,4.61732339,-2.17412552,-0.05070926,0.68948469,0.05111694,3.09381293,-1.67005809,-2.21106728,-0.05798340,0.69037533,0.05073547,-0.01953125,-0.00488281,0.03417969,0.08789062,-0.00000000,-0.01464844,1.03263855,2.64597596,2.64663696,0.00000000
10.97041774,6230,-3.11117108,-1.65022166,-2.16071328,-0.06065369,0.57440854,0.05302429,3.08847235,4.61732339,-2.17230864,-0.05072688,0.68908886,0.05111694,3.09343146,-1.67005809,-2.21030434,-0.05531311,0.69037533,0.05073547,-0.02929688,0.00000000,0.04394531,0.07324219,-0.01464844,-0.01464844,1.03263855,2.64590743,2.64663696,-0.02441406
10.98643041,6235,-3.11117108,-1.65022166,-2.15956887,-0.06065369,0.57440854,0.05302429,3.08847235,4.61732339,-2.17064993,-0.05073266,0.68892790,0.05111694,3.09343146,-1.67005809,-2.20954140,-0.05531311,0.69037533,0.05035400,-0.00488281,-0.00488281,0.05859375,-0.01464844,0.01464844,-0.01464844,1.03263855,2.64598263,2.64663696,-0.04882812
11.00225496,6240,-3.11117108,-1.65022166,-2.15804299,-0.06065369,0.57440854,0.05302429,3.08847235,4.61732339,-2.16909273,-0.05073455,0.68887516,0.05111694,3.09343146,-1.67005809,-2.20877846,-0.05531311,0.68999386,0.04997253,-0.00488281,-0.00976562,0.04882812,0.00000000,-0.00000000,-0.02929688,1.03263855,2.64590961,2.64663696,0.00000000
11.01898909,6245,-3.11117108,-1.65022166,-2.15689858,-0.06027222,0.57440854,0.05302429,3.08847235,4.61732339,-2.16775202,-0.05059784,0.68885788,0.05111694,3.09343146,-1.67005809,-2.20801552,-0.05531311,0.68961239,0.04882812,-0.00976562,-0.00488281,0.05859375,-0.01464844,-0.01464844,-0.07324219,1.03263855,2.64600775,2.64663696,0.00000000
11.03462625,6250,-3.11117108,-1.65022166,-2.15613564,-0.06027222,0.57440854,0.05302429,3.08847235,4.61732339,-2.16668062,-0.05043390,0.68885221,0.05111694,3.09343146,-1.67005809,-2.20687111,-0.05493164,0.68961239,0.04882812,-0.00976562,0.00000000,0.05859375,-0.01464844,-0.01464844,-0.01464844,1.03302002,2.64614856,2.64663696,0.00000000
11.04895473,6255,-3.11117108,-1.65022166,-2.15613564,-0.06027222,0.57440854,0.05302429,3.08847235,4.61732339,-2.16625923,-0.05038019,0.68885036,0.05111694,3.09304999,-1.67005809,-2.20610817,-0.05493164,0.68961239,0.04882812,-0.01464844,0.00000000,0.07812500,0.01464844,-0.00000000,0.00000000,1.03302002,2.64627673,2.64663696,0.00000000
11.06363392,6260,-3.11117108,-1.65022166,-2.15613564,-0.06027222,0.57440854,0.05302429,3.08847235,4.61732339,-2.16612115,-0.05036258,0.68884975,0.05111694,3.09304999,-1.66967662,-2.20496376,-0.05493164,0.68961239,0.04882812,-0.01464844,0.00000000,0.05859375,0.00000000,0.01464844,-0.02929688,1.03302002,2.64631873,2.64663696,-0.02441406
11.07791305,6265,-3.11117108,-1.65022166,-2.15613564,-0.06027222,0.57440854,0.05302429,3.08847235,4.61732339,-2.16607590,-0.05035682,0.68884955,0.05111694,3.09266852,-1.66967662,-2.20420082,-0.05493164,0.68999386,0.04882812,-0.01953125,-0.00488281,0.05859375,-0.01464844,0.02929688,-0.01464844,1.03302002,2.64623483,2.64663696,-0.02441406
11.09234214,6270,-3.11117108,-1.65022166,-2.15613564,-0.06027222,0.57364560,0.05302429,3.08847235,4.61732339,-2.16606108,-0.05035493,0.68845569,0.05111694,3.09266852,-1.66967662,-2.20343788,-0.05493164,0.68999386,0.04882812,-0.00976562,-0.00488281,0.03906250,-0.01464844,0.02929688,-0.01464844,1.03302002,2.64638312,2.64663696,-0.04882812
11.10582018,6275,-3.11117108,-1.65022166,-2.15613564,-0.06027222,0.57173825,0.05302429,3.08847235,4.61732339,-2.16605622,-0.05035431,0.68745736,0.05111694,3.09266852,-1.66967662,-2.20305641,-0.05455017,0.68999386,0.04882812,-0.00976562,0.00488281,0.05371094,0.01464844,0.02929688,-0.01464844,1.03302002,2.64645613,2.64663696,0.00000000
11.12073064,6280,-3.11117108,-1.65022166,-2.15613564,-0.06027222,0.56677914,0.05302429,3.08847235,4.61732339,-2.16605463,-0.05035410,0.68455736,0.05111694,3.09266852,-1.66967662,-2.20229348,-0.05455017,0.68961239,0.04882812,-0.00976562,0.00488281,0.04882812,0.01464844,-0.02929688,0.00000000,1.03263855,2.64616242,2.64663696,0.00000000
11.13504815,6285,-3.11117108,-1.65022166,-2.15613564,-0.06027222,0.56143857,0.05302429,3.08847235,4.61732339,-2.16605411,-0.05035404,0.68021572,0.05111694,3.09266852,-1.66929515,-2.20191201,-0.05416870,0.68884945,0.04920959,-0.00976562,0.00000000,0.05371094,0.00000000,-0.02929688,0.01464844,1.03302002,2.64635940,2.64663696,-0.02441406
11.14977574,6290,-3.11117108,-1.65022166,-2.15613564,-0.06027222,0.55380917,0.05302429,3.08847235,4.61732339,-2.16605393,-0.05035401,0.67380331,0.05111694,3.09266852,-1.66929515,-2.20076760,-0.05378723,0.68846798,0.04920959,-0.00488281,0.00488281,0.05859375,0.04394531,-0.01464844,0.00000000,1.03263855,2.64613073,2.64625549,-0.02441406
11.16555333,6295,-3.11117108,-1.65022166,-2.15613564,-0.06027222,0.54808713,0.05302429,3.08847235,4.61732339,-2.16605388,-0.05035401,0.66766657,0.05111694,3.09266852,-1.66929515,-2.20000466,-0.05302429,0.68732358,0.04920959,-0.00976562,0.00000000,0.06347656,0.02929688,-0.05859375,-0.01464844,1.03263855,2.64622084,2.64663696,-0.02441406
11.18165088,6300,-3.11117108,-1.65022166,-2.15613564,-0.06027222,0.54274655,0.05302429,3.08847235,4.61732339,-2.16605386,-0.05035401,0.66154167,0.05111694,3.09266852,-1.66891368,-2.19924172,-0.05226135,0.68579770,0.04920959,-0.00488281,0.00488281,0.06347656,0.02929688,-0.08789062,0.00000000,1.03302002,2.64640295,2.64663696,-0.02441406
11.19341564,6305,-3.11117108,-1.65022166,-2.15613564,-0.06027222,0.53549862,0.05302429,3.08847235,4.61732339,-2.16605385,-0.05035400,0.65534533,0.05111694,3.09228705,-1.66891368,-2.19847878,-0.05226135,0.68427182,0.04920959,-0.00976562,0.00000000,0.05371094,0.00000000,-0.11718750,0.00000000,1.03302002,2.64641966,2.64663696,-0.04882812
11.20688796,6310,-3.11117108,-1.65022166,-2.15613564,-0.06027222,0.52634335,0.05302429,3.08847235,4.61732339,-2.16605385,-0.05035400,0.64693601,0.05111694,3.09228705,-1.66891368,-2.19809731,-0.05226135,0.68198300,0.04920959,-0.00976562,-0.00488281,0.03906250,-0.01464844,-0.16113281,-0.02929688,1.03302002,2.64656576,2.64663696,-0.04882812
11.22012043,6315,-3.11117108,-1.65022166,-2.15613564,-0.06027222,0.52100277,0.05302429,3.08847235,4.61732339,-2.16605385,-0.05035400,0.64032571,0.05111694,3.09228705,-1.66891368,-2.19771584,-0.05226135,0.68045712,0.04920959,-0.01464844,0.00488281,0.03417969,0.00000000,-0.13183594,-0.01464844,1.03302002,2.64643785,2.64663696,0.00000000
11.23474956,6320,-3.11117108,-1.65022166,-2.15613564,-0.06027222,0.51756955,0.05302429,3.08847235,4.61732339,-2.16605385,-0.05035400,0.63524741,0.05111694,3.09228705,-1.66891368,-2.19695290,-0.05226135,0.67702389,0.04920959,-0.01953125,-0.00488281,0.03906250,-0.01464844,-0.27832031,-0.02929688,1.03302002,2.64644965,2.64625549,-0.04882812
11.24923086,6325,-3.11117108,-1.65022166,-2.15613564,-0.06027222,0.51337338,0.05302429,3.08847235,4.61732339,-2.16605385,-0.05035400,0.63137303,0.05111694,3.09228705,-1.66891368,-2.19657143,-0.05226135,0.67244626,0.04920959,-0.01464844,-0.00976562,0.05859375,0.00000000,-0.32226562,-0.01464844,1.03263855,2.64612514,2.64663696,-0.02441406
11.26430917,6330,-3.11117108,-1.65022166,-2.15613564,-0.06065369,0.50917721,0.05302429,3.08847235,4.61732339,-2.16605385,-0.05061047,0.62707234,0.05111694,3.09190558,-1.66891368,-2.19580849,-0.05226135,0.66863156,0.04920959,-0.01464844,0.00000000,0.02929688,-0.02929688,-0.23437500,0.00000000,1.03263855,2.64614088,2.64663696,-0.02441406
11.27918839,6335,-3.11117108,-1.65022166,-2.15613564,-0.06065369,0.50498105,0.05302429,3.08847235,4.61732339,-2.16605385,-0.05069451,0.62287171,0.05111694,3.09190558,-1.66891368,-2.19542702,-0.05226135,0.66634274,0.04920959,-0.00976562,0.00488281,0.03906250,-0.01464844,-0.10253906,0.00000000,1.03263855,2.64619975,2.64625549,-0.02441406
11.29146004,6340,-3.11117108,-1.65022166,-2.15613564,-0.06065369,0.50269223,0.05302429,3.08847235,4.61732339,-2.16605385,-0.05072205,0.61945350,0.05111694,3.09190558,-1.66891368,-2.19504555,-0.05226135,0.66443539,0.04920959,-0.00488281,0.00000000,0.04394531,-0.01464844,-0.11718750,-0.01464844,1.03302002,2.64623100,2.64625549,-0.04882812
11.30510569,6345,-3.11117108,-1.65022166,-2.15613564,-0.06065369,0.50192929,0.05302429,3.08847235,4.61732339,-2.16605385,-0.05073108,0.61748210,0.05111694,3.09190558,-1.66853221,-2.19428261,-0.05187988,0.66176510,0.04920959,-0.01464844,0.00000000,0.05859375,0.00000000,-0.21972656,0.00000000,1.03263855,2.64599100,2.64625549,-0.04882812
11.31883264,6350,-3.11117108,-1.65022166,-2.15613564,-0.06065369,0.50116635,0.05302429,3.08847235,4.61732339,-2.16605385,-0.05073403,0.61634075,0.05111694,3.09190558,-1.66853221,-2.19390114,-0.05187988,0.65909482,0.04920959,-0.00488281,0.00488281,0.05859375,0.00000000,-0.19042969,-0.01464844,1.03263855,2.64627271,2.64625549,-0.02441406
11.33253121,6355,-3.11117108,-1.65022166,-2.15613564,-0.06065369,0.49964047,0.05302429,3.08847235,4.61732339,-2.16605385,-0.05073500,0.61515230,0.05111694,3.09152411,-1.66853221,-2.19275673,-0.05187988,0.65566159,0.04920959,-0.00976562,0.00000000,0.06347656,-0.01464844,-0.17578125,0.00000000,1.03263855,2.64636502,2.64663696,0.00000000
11.34628272,6360,-3.11117108,-1.65022166,-2.15613564,-0.06065369,0.49925900,0.05302429,3.08847235,4.61732339,-2.16605385,-0.05073532,0.61420709,0.05111694,3.09152411,-1.66853221,-2.19237526,-0.05187988,0.65299130,0.04920959,-0.01464844,0.00000000,0.02929688,-0.01464844,-0.21972656,-0.01464844,1.03302002,2.64645019,2.64663696,-0.02441406
11.36057234,6365,-3.11117108,-1.65022166,-2.15613564,-0.06065369,0.49925900,0.05302429,3.08847235,4.61732339,-2.16605385,-0.05073542,0.61386611,0.05111694,3.09152411,-1.66853221,-2.19199379,-0.05187988,0.64955807,0.04920959,-0.01464844,0.00000000,0.03906250,-0.02929688,-0.24902344,-0.01464844,1.03302002,2.64639998,2.64625549,0.00000000
11.37277246,6370,-3.11117108,-1.65022166,-2.15613564,-0.06065369,0.49925900,0.05302429,3.08847235,4.61732339,-2.16605385,-0.05073546,0.61375438,0.05111694,3.09152411,-1.66853221,-2.19161232,-0.05187988,0.64574338,0.04959106,-0.01464844,-0.00488281,0.02441406,-0.01464844,-0.21972656,-0.01464844,1.03302002,2.64643724,2.64663696,0.00000000
11.38870859,6375,-3.11117108,-1.65022166,-2.15613564,-0.06027222,0.49925900,0.05302429,3.08847235,4.61732339,-2.16605385,-0.05059814,0.61371776,0.05111694,3.09152411,-1.66853221,-2.19123085,-0.05187988,0.64269162,0.04959106,-0.00976562,-0.00976562,0.01953125,-0.01464844,-0.19042969,-0.01464844,1.03263855,2.64641893,2.64663696,0.00000000
11.40207338,6380,-3.11117108,-1.65022166,-2.15613564,-0.06027222,0.49925900,0.05302429,3.08847235,4.61732339,-2.16605385,-0.05043400,0.61370577,0.05111694,3.09114264,-1.66853221,-2.19084938,-0.05187988,0.64078427,0.04959106,-0.01464844,0.00000000,0.03417969,-0.01464844,-0.14648438,0.00000000,1.03302002,2.64648739,2.64663696,-0.02441406
11.41631150,6385,-3.11117108,-1.65022166,-2.15613564,-0.06027222,0.49925900,0.05340576,3.08847235,4.61732339,-2.16605385,-0.05038022,0.61370183,0.05134216,3.09114264,-1.66853221,-2.19046791,-0.05187988,0.63925839,0.04959106,-0.01953125,-0.00488281,0.03417969,-0.01464844,-0.05859375,-0.01464844,1.03302002,2.64658795,2.64625549,-0.04882812
11.43093014,6390,-3.11117108,-1.65022166,-2.15613564,-0.06027222,0.49925900,0.05340576,3.08847235,4.61732339,-2.16605385,-0.05036259,0.61370055,0.05144721,3.09076117,-1.66815074,-2.19008644,-0.05149841,0.63849545,0.04959106,-0.01464844,0.00000000,0.03417969,0.02929688,-0.01464844,-0.01464844,1.03263855,2.64639019,2.64625549,-0.02441406
11.44672346,6395,-3.11117108,-1.65022166,-2.15613564,-0.06027222,0.49925900,0.05340576,3.08847235,4.61732339,-2.16605385,-0.05035682,0.61370012,0.05148164,3.09076117,-1.66815074,-2.18932350,-0.05149841,0.63696957,0.04959106,-0.00976562,0.00000000,0.04394531,0.00000000,-0.05859375,-0.01464844,1.03263855,2.64632539,2.64625549,-0.02441406
11.46114659,6400,-3.11117108,-1.65022166,-2.15613564,-0.06027222,0.49925900,0.05340576,3.08847235,4.61732339,-2.16605385,-0.05035493,0.61369999,0.05149292,3.09076117,-1.66815074,-2.18856057,-0.05149841,0.63582516,0.04959106,-0.00976562,-0.00488281,0.05859375,-0.01464844,-0.08789062,-0.01464844,1.03302002,2.64641280,2.64625549,-0.02441406
11.47386456,6405,-3.11117108,-1.65022166,-2.15613564,-0.06027222,0.49925900,0.05340576,3.08847235,4.61732339,-2.16605385,-0.05035431,0.61369994,0.05149661,3.09076117,-1.66815074,-2.18817910,-0.05149841,0.63468075,0.04997253,-0.00976562,-0.00488281,0.04394531,-0.01464844,-0.10253906,0.00000000,1.03263855,2.64628885,2.64625549,0.00000000
11.48820210,6410,-3.11117108,-1.65022166,-2.15613564,-0.06027222,0.49925900,0.05340576,3.08847235,4.61732339,-2.16605385,-0.05035410,0.61369993,0.05149782,3.09076117,-1.66815074,-2.18779763,-0.05149841,0.63353634,0.04997253,-0.00488281,-0.00488281,0.04394531,-0.02929688,-0.07324219,-0.01464844,1.03302002,2.64652289,2.64663696,0.00000000
11.50252676,6415,-3.11117108,-1.65022166,-2.15613564,-0.06027222,0.49925900,0.05340576,3.08847235,4.61732339,-2.16605385,-0.05035404,0.61369992,0.05149822,3.09076117,-1.66815074,-2.18703469,-0.05149841,0.63124753,0.04997253,-0.00488281,-0.00488281,0.04394531,-0.01464844,-0.13183594,-0.01464844,1.03263855,2.64644700,2.64625549,-0.02441406
11.51698661,6420,-3.11117108,-1.65022166,-2.15613564,-0.06027222,0.49925900,0.05340576,3.08847235,4.61732339,-2.16605385,-0.05035401,0.61369992,0.05149835,3.09076117,-1.66815074,-2.18665322,-0.05149841,0.62895871,0.04997253,-0.00488281,-0.00976562,0.01953125,-0.01464844,-0.14648438,0.00000000,1.03302002,2.64657471,2.64663696,0.00000000
11.53114724,6425,-3.11117108,-1.65022166,-2.15613564,-0.06027222,0.49925900,0.05340576,3.08847235,4.61732339,-2.16605385,-0.05035401,0.61369992,0.05149839,3.09076117,-1.66815074,-2.18665322,-0.05149841,0.62705136,0.05035400,-0.00488281,-0.00488281,0.01464844,-0.02929688,-0.13183594,0.00000000,1.03302002,2.64661657,2.64663696,0.00000000
11.54507589,6430,-3.11117108,-1.65022166,-2.15613564,-0.06027222,0.49964047,0.05340576,3.08847235,4.61732339,-2.16605385,-0.05035401,0.61383725,0.05149841,3.09076117,-1.66815074,-2.18665322,-0.05149841,0.62476254,0.05073547,-0.00488281,-0.00488281,0.02441406,-0.01464844,-0.17578125,0.02929688,1.03302002,2.64653262,2.64625549,-0.04882812
11.55831552,6435,-3.11117108,-1.65022166,-2.15613564,-0.06027222,0.49964047,0.05340576,3.08847235,4.61732339,-2.16605385,-0.05035400,0.61400139,0.05149841,3.09076117,-1.66815074,-2.18589028,-0.05149841,0.62247372,0.05187988,-0.00488281,-0.00488281,0.04394531,0.00000000,-0.19042969,0.10253906,1.03302002,2.64660277,2.64625549,-0.02441406
11.57214260,6440,-3.11117108,-1.65022166,-2.15613564,-0.06027222,0.49964047,0.05340576,3.08847235,4.61732339,-2.16605385,-0.05035400,0.61405517,0.05149841,3.09076117,-1.66815074,-2.18550881,-0.05149841,0.62094784,0.05226135,-0.00488281,-0.00488281,0.04394531,-0.01464844,-0.10253906,0.00000000,1.03302002,2.64662576,2.64625549,-0.02441406
11.58548689,6445,-3.11117108,-1.65022166,-2.15613564,-0.06027222,0.49964047,0.05340576,3.08847235,4.61732339,-2.16605385,-0.05035400,0.61407280,0.05149841,3.09037970,-1.66815074,-2.18512734,-0.05149841,0.62094784,0.05226135,-0.00488281,-0.00488281,0.02441406,-0.02929688,-0.00000000,-0.02929688,1.03302002,2.64663329,2.64625549,-0.04882812
11.59982371,6450,-3.11117108,-1.65022166,-2.15613564,-0.06027222,0.49964047,0.05340576,3.08847235,4.61732339,-2.16605385,-0.05035400,0.61407857,0.05149841,3.09037970,-1.66815074,-2.18474587,-0.05111694,0.62132931,0.05226135,-0.00488281,0.00000000,0.01953125,0.00000000,0.02929688,-0.01464844,1.03263855,2.64648317,2.64625549,-0.04882812
11.61360836,6455,-3.11117108,-1.65022166,-2.15613564,-0.06027222,0.49964047,0.05340576,3.08847235,4.61732339,-2.16605385,-0.05035400,0.61408047,0.05149841,3.09037970,-1.66815074,-2.18436440,-0.05111694,0.62132931,0.05226135,-0.00976562,0.00000000,0.03906250,0.00000000,0.02929688,-0.01464844,1.03302002,2.64658657,2.64625549,-0.02441406
11.62795711,6460,-3.11117108,-1.65022166,-2.15613564,-0.06027222,0.49964047,0.05340576,3.08847235,4.61732339,-2.16605385,-0.05035400,0.61408109,0.05149841,3.09037970,-1.66815074,-2.18398293,-0.05111694,0.62132931,0.05226135,-0.01464844,-0.00488281,0.03906250,-0.01464844,-0.01464844,-0.01464844,1.03302002,2.64652279,2.64625549,-0.02441406
11.64316225,6465,-3.11117108,-1.65022166,-2.15613564,-0.06027222,0.49964047,0.05340576,3.08847235,4.61732339,-2.16605385,-0.05035400,0.61408129,0.05149841,3.09037970,-1.66815074,-2.18360146,-0.05111694,0.62132931,0.05226135,-0.00488281,-0.00976562,0.03417969,-0.01464844,0.02929688,-0.02929688,1.03302002,2.64659955,2.64625549,-0.02441406
11.65945005,6470,-3.11117108,-1.65022166,-2.15613564,-0.06027222,0.49964047,0.05340576,3.08847235,4.61732339,-2.16605385,-0.05035400,0.61408136,0.05149841,3.09037970,-1.66815074,-2.18321999,-0.05111694,0.62094784,0.05226135,-0.00976562,-0.00488281,0.02929688,-0.01464844,-0.01464844,-0.02929688,1.03302002,2.64644892,2.64625549,-0.04882812
11.67344236,6475,-3.11117108,-1.65022166,-2.15613564,-0.06027222,0.49964047,0.05340576,3.08847235,4.61732339,-2.16605385,-0.05035400,0.61408138,0.05149841,3.09037970,-1.66815074,-2.18321999,-0.05111694,0.62056637,0.05226135,-0.00976562,0.00000000,0.02441406,-0.02929688,-0.01464844,-0.01464844,1.03302002,2.64651285,2.64625549,-0.02441406
11.68769264,6480,-3.11117108,-1.65022166,-2.15613564,-0.06027222,0.49964047,0.05340576,3.08847235,4.61732339,-2.16605385,-0.05035400,0.61408138,0.05149841,3.09037970,-1.66776927,-2.18283852,-0.05111694,0.62056637,0.05226135,-0.00976562,0.00000000,0.01953125,-0.01464844,-0.00000000,-0.01464844,1.03302002,2.64659629,2.64625549,-0.04882812
11.70321941,6485,-3.11117108,-1.65022166,-2.15613564,-0.06027222,0.49964047,0.05340576,3.08847235,4.61732339,-2.16605385,-0.05035400,0.61408139,0.05149841,3.08999823,-1.66776927,-2.18245705,-0.05111694,0.61980343,0.05226135,-0.00976562,-0.00976562,0.03417969,-0.01464844,-0.02929688,-0.01464844,1.03302002,2.64654551,2.64663696,0.00000000
11.71604633,6490,-3.11117108,-1.65022166,-2.15613564,-0.06027222,0.49964047,0.05340576,3.08847235,4.61732339,-2.16605385,-0.05035400,0.61408139,0.05149841,3.08999823,-1.66776927,-2.18207558,-0.05111694,0.61942196,0.05226135,-0.00488281,-0.00976562,0.03417969,0.00000000,-0.01464844,-0.01464844,1.03302002,2.64648493,2.64625549,-0.02441406
11.73058772,6495,-3.11117108,-1.65022166,-2.15613564,-0.06027222,0.49964047,0.05340576,3.08847235,4.61732339,-2.16605385,-0.05035400,0.61408139,0.05149841,3.08999823,-1.66776927,-2.18131264,-0.05111694,0.61980343,0.05226135,-0.00488281,-0.00488281,0.03417969,-0.01464844,0.01464844,-0.01464844,1.03302002,2.64658714,2.64625549,-0.04882812
11.74429202,6500,-3.11117108,-1.65022166,-2.15613564,-0.06027222,0.49964047,0.05340576,3.08847235,4.61732339,-2.16605385,-0.05035400,0.61408139,0.05149841,3.08999823,-1.66776927,-2.18131264,-0.05073547,0.61980343,0.05226135,-0.00488281,-0.00488281,0.02441406,0.00000000,0.01464844,-0.01464844,1.03302002,2.64662064,2.64625549,-0.02441406
11.75910020,6505,-3.11117108,-1.65022166,-2.15613564,-0.06027222,0.49964047,0.05340576,3.08847235,4.61732339,-2.16605385,-0.05035400,0.61408139,0.05149841,3.08999823,-1.66776927,-2.18093117,-0.05073547,0.61980343,0.05226135,-0.00976562,0.00488281,0.02441406,0.00000000,0.01464844,-0.02929688,1.03302002,2.64656911,2.64625549,-0.02441406
11.77274227,6510,-3.11117108,-1.65022166,-2.15613564,-0.06027222,0.49964047,0.05340576,3.08847235,4.61732339,-2.16605385,-0.05035400,0.61408139,0.05149841,3.08999823,-1.66776927,-2.18093117,-0.05073547,0.61942196,0.05226135,-0.00976562,0.00000000,0.02929688,-0.01464844,-0.01464844,0.00000000,1.03302002,2.64661473,2.64625549,-0.02441406
11.78660178,6515,-3.11117108,-1.65022166,-2.15613564,-0.06027222,0.49964047,0.05340576,3.08847235,4.61732339,-2.16605385,-0.05035400,0.61408139,0.05149841,3.08999823,-1.66738780,-2.18054970,-0.05073547,0.61865902,0.05187988,-0.00976562,0.00488281,0.02929688,-0.01464844,-0.05859375,-0.01464844,1.03302002,2.64662968,2.64625549,-0.02441406
11.79994559,6520,-3.11117108,-1.65022166,-2.15613564,-0.06027222,0.49964047,0.05340576,3.08847235,4.61732339,-2.16605385,-0.05035400,0.61408139,0.05149841,3.08999823,-1.66738780,-2.18016823,-0.05073547,0.61751462,0.05226135,-0.00976562,0.00000000,0.02929688,-0.02929688,-0.07324219,0.00000000,1.03302002,2.64655645,2.64625549,-0.04882812
11.81415391,6525,-3.11117108,-1.65022166,-2.15613564,-0.06027222,0.49964047,0.05340576,3.08847235,4.61732339,-2.16605385,-0.05035400,0.61408139,0.05149841,3.08999823,-1.66738780,-2.17978676,-0.05073547,0.61713315,0.05226135,-0.00488281,-0.00488281,0.03906250,-0.01464844,-0.02929688,-0.01464844,1.03263855,2.64623827,2.64625549,-0.04882812
11.82688594,6530,-3.11117108,-1.65022166,-2.15613564,-0.06027222,0.49964047,0.05340576,3.08847235,4.61732339,-2.16605385,-0.05035400,0.61408139,0.05149841,3.08999823,-1.66738780,-2.17940529,-0.05073547,0.61637021,0.05187988,-0.00488281,0.00000000,0.01953125,0.00000000,-0.01464844,-0.02929688,1.03302002,2.64642819,2.64625549,-0.02441406
11.84200072,6535,-3.11117108,-1.65022166,-2.15613564,-0.06027222,0.49964047,0.05340576,3.08847235,4.61732339,-2.16605385,-0.05035400,0.61408139,0.05149841,3.08999823,-1.66738780,-2.17940529,-0.05073547,0.61637021,0.05187988,-0.00488281,0.00000000,0.01464844,-0.02929688,0.01464844,-0.02929688,1.03302002,2.64640840,2.64625549,-0.02441406
11.85724115,6540,-3.11117108,-1.65022166,-2.15613564,-0.06027222,0.49964047,0.05340576,3.08847235,4.61732339,-2.16605385,-0.05035400,0.61408139,0.05149841,3.08999823,-1.66738780,-2.17902382,-0.05073547,0.61637021,0.05187988,-0.00488281,0.00000000,0.01464844,-0.01464844,-0.00000000,-0.01464844,1.03302002,2.64638629,2.64625549,-0.02441406
11.87102938,6545,-3.11117108,-1.65022166,-2.15613564,-0.06027222,0.49964047,0.05340576,3.08847235,4.61732339,-2.16605385,-0.05035400,0.61408139,0.05149841,3.08999823,-1.66738780,-2.17902382,-0.05073547,0.61637021,0.05226135,-0.00488281,-0.00488281,0.02929688,-0.01464844,0.01464844,-0.01464844,1.03302002,2.64655482,2.64625549,0.00000000
11.88529253,6550,-3.11117108,-1.65022166,-2.15613564,-0.06027222,0.49964047,0.05340576,3.08847235,4.61732339,-2.16605385,-0.05035400,0.61408139,0.05149841,3.08961676,-1.66738780,-2.17864235,-0.05073547,0.61598874,0.05187988,-0.00488281,-0.00488281,0.02441406,0.00000000,-0.01464844,0.00000000,1.03302002,2.64661005,2.64625549,-0.02441406
11.89846611,6555,-3.11117108,-1.65022166,-2.15613564,-0.06027222,0.49964047,0.05340576,3.08847235,4.61732339,-2.16605385,-0.05035400,0.61408139,0.05149841,3.08961676,-1.66738780,-2.17826088,-0.05035400,0.61598874,0.05187988,-0.00488281,-0.00976562,0.01953125,-0.01464844,0.01464844,-0.02929688,1.03263855,2.64627536,2.64663696,-0.02441406
11.90969467,6560,-3.11117108,-1.65022166,-2.15613564,-0.06027222,0.49964047,0.05340576,3.08847235,4.61732339,-2.16605385,-0.05035400,0.61408139,0.05149841,3.08961676,-1.66700633,-2.17826088,-0.05035400,0.61637021,0.05187988,-0.00976562,0.00000000,0.02441406,-0.01464844,0.02929688,-0.01464844,1.03302002,2.64651847,2.64625549,-0.02441406
11.92469859,6565,-3.11117108,-1.65022166,-2.15613564,-0.06027222,0.49964047,0.05340576,3.08847235,4.61732339,-2.16605385,-0.05035400,0.61408139,0.05149841,3.08961676,-1.66700633,-2.17787941,-0.05035400,0.61637021,0.05187988,-0.00488281,-0.00488281,0.02441406,-0.01464844,0.02929688,0.00000000,1.03302002,2.64642235,2.64625549,0.00000000
11.93795657,6570,-3.11117108,-1.65022166,-2.15613564,-0.06027222,0.49964047,0.05340576,3.08847235,4.61732339,-2.16605385,-0.05035400,0.61408139,0.05149841,3.08961676,-1.66700633,-2.17749794,-0.05073547,0.61598874,0.05187988,-0.00488281,-0.00976562,0.02441406,-0.01464844,-0.00000000,0.00000000,1.03302002,2.64640648,2.64625549,-0.04882812
11.95125389,6575,-3.11117108,-1.65022166,-2.15613564,-0.06027222,0.50002194,0.05340576,3.08847235,4.61732339,-2.16605385,-0.05035400,0.61430661,0.05149841,3.08961676,-1.66738780,-2.17749794,-0.05035400,0.61598874,0.05187988,-0.00488281,-0.00488281,0.00976562,-0.01464844,0.01464844,-0.02929688,1.03302002,2.64648331,2.64625549,0.00000000
11.96557403,6580,-3.11117108,-1.65022166,-2.15613564,-0.06027222,0.50002194,0.05340576,3.08847235,4.61732339,-2.16605385,-0.05035400,0.61441166,0.05149841,3.08961676,-1.66700633,-2.17749794,-0.04997253,0.61598874,0.05187988,-0.00976562,-0.00488281,0.00976562,0.00000000,-0.00000000,-0.01464844,1.03302002,2.64658662,2.64625549,-0.04882812
11.98216200,6585,-3.11117108,-1.65022166,-2.15613564,-0.06027222,0.50002194,0.05340576,3.08847235,4.61732339,-2.16605385,-0.05035400,0.61444608,0.05149841,3.08961676,-1.66700633,-2.17749794,-0.04959106,0.61598874,0.05187988,0.00000000,-0.00488281,0.01464844,0.02929688,-0.01464844,-0.01464844,1.03302002,2.64662047,2.64625549,-0.07324219
11.99701524,6590,-3.11117108,-1.65022166,-2.15613564,-0.06027222,0.50002194,0.05340576,3.08847235,4.61732339,-2.16605385,-0.05035400,0.61445736,0.05149841,3.08961676,-1.66700633,-2.17711647,-0.04844666,0.61560727,0.05187988,-0.00976562,-0.00488281,0.01464844,0.04394531,0.02929688,0.00000000,1.03263855,2.64647897,2.64625549,-0.02441406
12.01065588,6595,-3.11117108,-1.65022166,-2.15613564,-0.06027222,0.50002194,0.05340576,3.08847235,4.61732339,-2.16605385,-0.05035400,0.61446106,0.05149841,3.08961676,-1.66700633,-2.17673500,-0.04844666,0.61560727,0.05187988,-0.00488281,-0.00488281,0.02929688,0.00000000,-0.00000000,0.01464844,1.03302002,2.64658519,2.64663696,0.02441406
12.02837443,6600,-3.11117108,-1.65022166,-2.15613564,-0.06027222,0.50002194,0.05340576,3.08847235,4.61732339,-2.16605385,-0.05035400,0.61446227,0.05149841,3.08961676,-1.66700633,-2.17635353,-0.04844666,0.61522580,0.05187988,-0.00488281,-0.00488281,0.01464844,-0.01464844,0.01464844,-0.01464844,1.03302002,2.64662000,2.64625549,0.00000000
12.04016566,6605,-3.11117108,-1.65022166,-2.15613564,-0.06027222,0.50002194,0.05340576,3.08847235,4.61732339,-2.16605385,-0.05035400,0.61446266,0.05149841,3.08961676,-1.66700633,-2.17635353,-0.04844666,0.61560727,0.05187988,-0.00976562,0.00000000,0.02441406,-0.01464844,0.04394531,-0.01464844,1.03302002,2.64649078,2.64625549,-0.04882812
12.05288696,6610,-3.11117108,-1.65022166,-2.15613564,-0.06027222,0.50002194,0.05340576,3.08847235,4.61732339,-2.16605385,-0.05035400,0.61446279,0.05149841,3.08961676,-1.66700633,-2.17597206,-0.04844666,0.61522580,0.05187988,-0.00488281,-0.00488281,0.02441406,-0.01464844,-0.00000000,-0.01464844,1.03302002,2.64658906,2.64625549,-0.02441406
12.06706095,6615,-3.11117108,-1.65022166,-2.15613564,-0.06027222,0.50002194,0.05340576,3.08847235,4.61732339,-2.16605385,-0.05035400,0.61446284,0.05149841,3.08961676,-1.66700633,-2.17559059,-0.04844666,0.61522580,0.05187988,-0.00488281,-0.00488281,0.01464844,-0.01464844,-0.00000000,-0.01464844,1.03302002,2.64662127,2.64625549,-0.02441406
12.07938147,6620,-3.11117108,-1.65022166,-2.15613564,-0.06027222,0.50002194,0.05340576,3.08847235,4.61732339,-2.16605385,-0.05035400,0.61446285,0.05149841,3.08961676,-1.66700633,-2.17559059,-0.04844666,0.61560727,0.05187988,-0.00976562,-0.00488281,0.00488281,-0.02929688,0.01464844,-0.01464844,1.03302002,2.64655369,2.64663696,-0.02441406
12.09514165,6625,-3.11117108,-1.65022166,-2.15613564,-0.06027222,0.50002194,0.05340576,3.08847235,4.61732339,-2.16605385,-0.05035400,0.61446286,0.05149841,3.08923529,-1.66700633,-2.17559059,-0.04844666,0.61522580,0.05187988,-0.00976562,-0.00488281,0.00488281,-0.01464844,0.01464844,0.00000000,1.03263855,2.64633502,2.64625549,-0.02441406
12.10966635,6630,-3.11117108,-1.65022166,-2.15613564,-0.06027222,0.50002194,0.05340576,3.08847235,4.61732339,-2.16605385,-0.05035400,0.61446286,0.05149841,3.08923529,-1.66700633,-2.17559059,-0.04844666,0.61522580,0.05187988,-0.02441406,-0.00488281,0.00976562,-0.01464844,-0.00000000,-0.01464844,1.03302002,2.64653802,2.64625549,-0.04882812
12.12507725,6635,-3.11117108,-1.65022166,-2.15613564,-0.06027222,0.50002194,0.05340576,3.08847235,4.61732339,-2.16605385,-0.05035400,0.61446286,0.05149841,3.08885382,-1.66700633,-2.17559059,-0.04844666,0.61484433,0.05187988,-0.00976562,0.00000000,0.00976562,-0.02929688,-0.00000000,-0.01464844,1.03302002,2.64660454,2.64663696,0.00000000
12.13863039,6640,-3.11117108,-1.65022166,-2.15613564,-0.06027222,0.50002194,0.05340576,3.08847235,4.61732339,-2.16605385,-0.05035400,0.61446286,0.05149841,3.08885382,-1.66700633,-2.17520912,-0.04844666,0.61484433,0.05187988,-0.00976562,0.00488281,0.01953125,-0.01464844,-0.00000000,-0.01464844,1.03302002,2.64645056,2.64625549,-0.02441406
12.15271187,6645,-3.11117108,-1.65022166,-2.15613564,-0.06027222,0.50002194,0.05340576,3.08847235,4.61732339,-2.16605385,-0.05035400,0.61446286,0.05149841,3.08885382,-1.66700633,-2.17520912,-0.04844666,0.61484433,0.05187988,-0.00488281,-0.00488281,0.02929688,-0.01464844,0.01464844,-0.01464844,1.03302002,2.64637569,2.64625549,-0.04882812
12.16707182,6650,-3.11117108,-1.65022166,-2.15613564,-0.06027222,0.50002194,0.05340576,3.08847235,4.61732339,-2.16605385,-0.05035400,0.61446286,0.05149841,3.08885382,-1.66700633,-2.17482766,-0.04844666,0.61484433,0.05187988,-0.00488281,-0.00488281,0.02441406,0.00000000,0.02929688,0.00000000,1.03302002,2.64639119,2.64625549,-0.02441406
12.18042207,6655,-3.11117108,-1.65022166,-2.15613564,-0.06027222,0.50002194,0.05340576,3.08847235,4.61732339,-2.16605385,-0.05035400,0.61446286,0.05149841,3.08885382,-1.66662486,-2.17444619,-0.04844666,0.61522580,0.05187988,-0.00976562,0.00488281,0.02929688,-0.01464844,0.01464844,-0.01464844,1.03302002,2.64643436,2.64663696,0.00000000
12.19506621,6660,-3.11117108,-1.65022166,-2.15613564,-0.06027222,0.50002194,0.05340576,3.08847235,4.61732339,-2.16605385,-0.05035400,0.61446286,0.05149841,3.08885382,-1.66662486,-2.17406472,-0.04844666,0.61522580,0.05149841,-0.00488281,0.00000000,0.02929688,-0.01464844,0.01464844,-0.04394531,1.03302002,2.64638600,2.64625549,0.00000000
12.20860934,6665,-3.11117108,-1.65022166,-2.15613564,-0.06027222,0.50002194,0.05340576,3.08847235,4.61732339,-2.16605385,-0.05035400,0.61446286,0.05149841,3.08885382,-1.66662486,-2.17368325,-0.04844666,0.61522580,0.05149841,-0.00488281,-0.00488281,0.01464844,-0.01464844,0.01464844,-0.01464844,1.03263855,2.64620195,2.64625549,-0.02441406
12.22313881,6670,-3.11117108,-1.65022166,-2.15613564,-0.06027222,0.50002194,0.05340576,3.08847235,4.61732339,-2.16605385,-0.05035400,0.61446286,0.05149841,3.08885382,-1.66662486,-2.17368325,-0.04882812,0.61522580,0.05187988,-0.00488281,-0.00488281,0.00488281,-0.02929688,0.01464844,-0.01464844,1.03302002,2.64631864,2.64625549,-0.02441406
12.23532319,6675,-3.11117108,-1.65022166,-2.15613564,-0.06027222,0.50002194,0.05340576,3.08847235,4.61732339,-2.16605385,-0.05035400,0.61446286,0.05149841,3.08885382,-1.66662486,-2.17368325,-0.04882812,0.61484433,0.05149841,-0.00488281,-0.00488281,0.00976562,-0.01464844,-0.01464844,-0.01464844,1.03302002,2.64653265,2.64625549,-0.02441406
12.25343966,6680,-3.11117108,-1.65022166,-2.15613564,-0.06027222,0.50002194,0.05340576,3.08847235,4.61732339,-2.16605385,-0.05035400,0.61446286,0.05149841,3.08885382,-1.66662486,-2.17368325,-0.04882812,0.61484433,0.05149841,-0.00488281,0.00000000,0.00488281,0.00000000,0.01464844,-0.01464844,1.03302002,2.64660278,2.64625549,0.00000000
12.26587772,6685,-3.11117108,-1.65022166,-2.15613564,-0.06027222,0.50002194,0.05340576,3.08847235,4.61732339,-2.16605385,-0.05035400,0.61446286,0.05149841,3.08885382,-1.66662486,-2.17368325,-0.04882812,0.61484433,0.05187988,-0.00488281,-0.00488281,0.00976562,-0.01464844,0.02929688,-0.01464844,1.03263855,2.64633255,2.64625549,-0.02441406
12.27973223,6690,-3.11117108,-1.65022166,-2.15613564,-0.06027222,0.50002194,0.05340576,3.08847235,4.61732339,-2.16605385,-0.05035400,0.61446286,0.05149841,3.08885382,-1.66662486,-2.17330178,-0.04882812,0.61484433,0.05149841,-0.00488281,-0.00488281,0.01464844,0.00000000,-0.00000000,-0.01464844,1.03263855,2.64620005,2.64625549,-0.04882812
12.29298997,6695,-3.11117108,-1.65022166,-2.15613564,-0.06027222,0.50002194,0.05340576,3.08847235,4.61732339,-2.16605385,-0.05035400,0.61446286,0.05149841,3.08885382,-1.66662486,-2.17330178,-0.04920959,0.61484433,0.05149841,-0.00488281,-0.00488281,0.02441406,-0.01464844,-0.00000000,0.00000000,1.03263855,2.64634121,2.64625549,-0.02441406
12.30850887,6700,-3.11117108,-1.65022166,-2.15613564,-0.06027222,0.50002194,0.05340576,3.08847235,4.61732339,-2.16605385,-0.05035400,0.61446286,0.05149841,3.08885382,-1.66662486,-2.17292031,-0.04920959,0.61484433,0.05149841,-0.00488281,-0.00488281,0.01953125,-0.01464844,-0.00000000,0.00000000,1.03302002,2.64654005,2.64625549,-0.02441406
12.32485819,6705,-3.11117108,-1.65022166,-2.15613564,-0.06027222,0.50002194,0.05340576,3.08847235,4.61732339,-2.16605385,-0.05035400,0.61446286,0.05149841,3.08885382,-1.66662486,-2.17253884,-0.04920959,0.61522580,0.05149841,-0.00488281,-0.00488281,0.01953125,-0.01464844,0.04394531,-0.01464844,1.03302002,2.64660521,2.64625549,-0.02441406
12.33858204,6710,-3.11117108,-1.65022166,-2.15613564,-0.06027222,0.50002194,0.05340576,3.08847235,4.61732339,-2.16605385,-0.05035400,0.61446286,0.05149841,3.08885382,-1.66662486,-2.17253884,-0.04920959,0.61522580,0.05149841,-0.00488281,-0.00488281,0.01953125,-0.04394531,-0.00000000,-0.01464844,1.03302002,2.64654843,2.64625549,-0.04882812
12.35190129,6715,-3.11117108,-1.65022166,-2.15613564,-0.06027222,0.50002194,0.05340576,3.08847235,4.61732339,-2.16605385,-0.05035400,0.61446286,0.05149841,3.08885382,-1.66624339,-2.17215737,-0.04920959,0.61484433,0.05149841,-0.00976562,0.00000000,0.01464844,-0.01464844,-0.01464844,-0.02929688,1.03302002,2.64660795,2.64625549,-0.02441406
12.36569285,6720,-3.11117108,-1.65022166,-2.15613564,-0.06027222,0.50002194,0.05340576,3.08847235,4.61732339,-2.16605385,-0.05035400,0.61446286,0.05149841,3.08885382,-1.66624339,-2.17215737,-0.04959106,0.61484433,0.05149841,-0.00488281,-0.00488281,0.01464844,-0.01464844,0.01464844,-0.01464844,1.03302002,2.64652980,2.64625549,-0.02441406
12.37939358,6725,-3.11117108,-1.65022166,-2.15613564,-0.06027222,0.50002194,0.05340576,3.08847235,4.61732339,-2.16605385,-0.05035400,0.61446286,0.05149841,3.08885382,-1.66624339,-2.17215737,-0.04959106,0.61484433,0.05149841,-0.00488281,-0.00488281,0.01464844,-0.01464844,0.01464844,0.00000000,1.03302002,2.64640165,2.64625549,-0.04882812
12.39268112,6730,-3.11117108,-1.65022166,-2.15613564,-0.06027222,0.50002194,0.05340576,3.08847235,4.61732339,-2.16605385,-0.05035400,0.61446286,0.05149841,3.08885382,-1.66624339,-2.17215737,-0.04959106,0.61484433,0.05149841,-0.00488281,-0.00488281,0.00488281,-0.01464844,0.01464844,0.00000000,1.03302002,2.64649736,2.64625549,-0.02441406
12.40884781,6735,-3.11117108,-1.65022166,-2.15613564,-0.06027222,0.50002194,0.05340576,3.08847235,4.61732339,-2.16605385,-0.05035400,0.61446286,0.05149841,3.08885382,-1.66624339,-2.17215737,-0.04959106,0.61484433,0.05149841,-0.00488281,-0.00976562,0.00976562,0.00000000,-0.00000000,-0.02929688,1.03302002,2.64659122,2.64625549,-0.02441406
12.42121696,6740,-3.11117108,-1.65022166,-2.15613564,-0.06027222,0.50002194,0.05340576,3.08847235,4.61732339,-2.16605385,-0.05035400,0.61446286,0.05149841,3.08885382,-1.66624339,-2.17177590,-0.04959106,0.61484433,0.05149841,-0.00488281,-0.00488281,0.00976562,-0.02929688,0.01464844,-0.01464844,1.03302002,2.64655947,2.64625549,-0.04882812
12.43556166,6745,-3.11117108,-1.65022166,-2.15613564,-0.06027222,0.50002194,0.05340576,3.08847235,4.61732339,-2.16605385,-0.05035400,0.61446286,0.05149841,3.08885382,-1.66624339,-2.17177590,-0.04959106,0.61484433,0.05149841,-0.00976562,0.00000000,0.00976562,-0.01464844,0.01464844,-0.01464844,1.03302002,2.64651391,2.64625549,-0.02441406
12.44966316,6750,-3.11117108,-1.65022166,-2.15613564,-0.06027222,0.50002194,0.05340576,3.08847235,4.61732339,-2.16605385,-0.05035400,0.61446286,0.05149841,3.08885382,-1.66624339,-2.17177590,-0.04997253,0.61484433,0.05149841,-0.00488281,-0.00976562,0.00976562,-0.01464844,0.01464844,-0.01464844,1.03302002,2.64651852,2.64625549,0.00000000
12.46532249,6755,-3.11117108,-1.65022166,-2.15613564,-0.06027222,0.50002194,0.05340576,3.08847235,4.61732339,-2.16605385,-0.05035400,0.61446286,0.05149841,3.08885382,-1.66662486,-2.17177590,-0.04997253,0.61484433,0.05149841,-0.00976562,-0.00488281,0.01464844,-0.02929688,0.01464844,-0.02929688,1.03302002,2.64659815,2.64663696,-0.02441406
12.47871447,6760,-3.11117108,-1.65022166,-2.15613564,-0.06027222,0.50002194,0.05340576,3.08847235,4.61732339,-2.16605385,-0.05035400,0.61446286,0.05149841,3.08885382,-1.66624339,-2.17177590,-0.05035400,0.61484433,0.05149841,-0.00488281,-0.00488281,0.00976562,-0.04394531,-0.00000000,0.01464844,1.03302002,2.64654612,2.64625549,-0.02441406
12.49147105,6765,-3.11117108,-1.65022166,-2.15613564,-0.06065369,0.49964047,0.05340576,3.08847235,4.61732339,-2.16605385,-0.05049133,0.61438656,0.05149841,3.08885382,-1.66624339,-2.17139443,-0.05073547,0.61484433,0.05149841,-0.00488281,-0.00488281,0.01464844,-0.02929688,0.01464844,0.00000000,1.03302002,2.64660720,2.64625549,-0.04882812
12.50638795,6770,-3.11117108,-1.65022166,-2.15613564,-0.06256104,0.49964047,0.05340576,3.08847235,4.61732339,-2.16605385,-0.05122005,0.61418139,0.05149841,3.08885382,-1.66624339,-2.17139443,-0.05111694,0.61484433,0.05149841,-0.00488281,-0.00488281,0.02441406,-0.05859375,0.02929688,-0.01464844,1.03302002,2.64662721,2.64625549,-0.04882812
12.52082801,6775,-3.11117108,-1.65022166,-2.15613564,-0.06561279,0.49964047,0.05340576,3.08847235,4.61732339,-2.16605385,-0.05348471,0.61411416,0.05149841,3.08885382,-1.66624339,-2.17101296,-0.05149841,0.61484433,0.05111694,-0.00488281,-0.00488281,0.01953125,-0.05859375,-0.00000000,-0.01464844,1.03302002,2.64663377,2.64625549,0.00000000
12.53624988,6780,-3.11117108,-1.65022166,-2.15613564,-0.07133484,0.49964047,0.05340576,3.08847235,4.61732339,-2.16605385,-0.05787511,0.61409213,0.05149841,3.08885382,-1.66624339,-2.17101296,-0.05187988,0.61484433,0.05111694,-0.00488281,0.00000000,0.01464844,-0.02929688,0.01464844,-0.01464844,1.03302002,2.64663592,2.64625549,-0.04882812
12.55050993,6785,-3.11117108,-1.65022166,-2.15613564,-0.07743835,0.49964047,0.05340576,3.08847235,4.61732339,-2.16605385,-0.06310966,0.61408491,0.05149841,3.08885382,-1.66624339,-2.17101296,-0.05187988,0.61484433,0.05149841,-0.00488281,0.00000000,0.01464844,-0.04394531,0.01464844,-0.01464844,1.03263855,2.64636196,2.64625549,-0.02441406
12.56413364,6790,-3.11117108,-1.65022166,-2.15613564,-0.08087158,0.49964047,0.05340576,3.08847235,4.61732339,-2.16605385,-0.06782260,0.61408254,0.05149841,3.08885382,-1.66624339,-2.17101296,-0.05226135,0.61484433,0.05149841,-0.00976562,-0.00976562,0.00976562,-0.02929688,0.01464844,-0.01464844,1.02996826,2.64367771,2.64625549,0.00000000
12.57717991,6795,-3.11117108,-1.65022166,-2.15613564,-0.08239746,0.49964047,0.05340576,3.08847235,4.61732339,-2.16605385,-0.07077172,0.61408177,0.05149841,3.08885382,-1.66624339,-2.17063149,-0.05264282,0.61484433,0.05111694,-0.00488281,-0.00488281,0.00976562,-0.05859375,-0.00000000,-0.01464844,1.01776123,2.62998759,2.64625549,0.00000000
12.59210944,6800,-3.11117108,-1.65022166,-2.15613564,-0.08239746,0.49964047,0.05340576,3.08847235,4.61732339,-2.16605385,-0.07191972,0.61408151,0.05149841,3.08885382,-1.66624339,-2.17063149,-0.05416870,0.61484433,0.05149841,-0.00488281,-0.00976562,0.00976562,-0.11718750,0.01464844,0.00000000,1.00402832,2.61064066,2.64625549,-0.02441406
12.60657549,6805,-3.11117108,-1.65022166,-2.15613564,-0.08125305,0.49964047,0.05340576,3.08847235,4.61732339,-2.16605385,-0.07180823,0.61408143,0.05149841,3.08885382,-1.66624339,-2.17063149,-0.05493164,0.61484433,0.05111694,-0.00488281,-0.00488281,0.00976562,-0.13183594,0.01464844,-0.01464844,0.98686218,2.59064066,2.64587402,-0.02441406
12.61982560,6810,-3.11117108,-1.65022166,-2.15613564,-0.08010864,0.49964047,0.05340576,3.08847235,4.61732339,-2.16605385,-0.07097104,0.61408140,0.05149841,3.08885382,-1.66624339,-2.17063149,-0.05645752,0.61446286,0.05111694,-0.00488281,-0.00488281,0.00976562,-0.05859375,-0.00000000,-0.01464844,0.97465515,2.57064066,2.64358521,-0.19531250
12.63390183,6815,-3.11117108,-1.65022166,-2.15613564,-0.07743835,0.49964047,0.05340576,3.08847235,4.61732339,-2.16605385,-0.06912212,0.61408139,0.05149841,3.08847235,-1.66624339,-2.17025002,-0.05683899,0.61446286,0.05111694,-0.00976562,-0.00488281,0.01464844,-0.04394531,0.01464844,-0.02929688,0.96282959,2.55064066,2.63671875,-0.48828125
12.65088367,6820,-3.11117108,-1.65022166,-2.15613564,-0.07514954,0.49964047,0.05340576,3.08847235,4.61732339,-2.16605385,-0.06675040,0.61408139,0.05149841,3.08847235,-1.66624339,-2.17025002,-0.05760193,0.61446286,0.05111694,-0.00976562,-0.00976562,0.01464844,-0.05859375,0.01464844,-0.01464844,0.95596313,2.53064066,2.62947083,-0.53710938
12.66466594,6825,-3.11117108,-1.65022166,-2.15613564,-0.07133484,0.49964047,0.05340576,3.08847235,4.61732339,-2.16605385,-0.06372787,0.61408139,0.05149841,3.08847235,-1.66624339,-2.17025002,-0.05912781,0.61484433,0.05111694,-0.00976562,-0.00488281,0.01464844,-0.13183594,0.01464844,-0.02929688,0.94146729,2.51064066,2.61611938,-0.90332031
12.67922854,6830,-3.11117108,-1.65022166,-2.15613564,-0.07019043,0.49964047,0.05340576,3.08847235,4.61732339,-2.16605385,-0.06165505,0.61408139,0.05149841,3.08847235,-1.66624339,-2.17025002,-0.06065369,0.61446286,0.05111694,-0.00488281,-0.00488281,0.01464844,-0.11718750,0.02929688,-0.01464844,0.93040466,2.49064066,2.60505676,-0.85449219
12.69325781,6835,-3.11117108,-1.65022166,-2.15613564,-0.07019043,0.49964047,0.05340576,3.08847235,4.61732339,-2.16605385,-0.06072535,0.61408139,0.05149841,3.08847235,-1.66624339,-2.16986855,-0.06179810,0.61484433,0.05111694,-0.00488281,-0.00488281,0.00488281,-0.07324219,0.02929688,-0.01464844,0.91857910,2.47064066,2.59590149,-0.65917969
12.70767808,6840,-3.11117108,-1.65022166,-2.15613564,-0.06942749,0.49964047,0.05340576,3.08847235,4.61732339,-2.16605385,-0.06002690,0.61408139,0.05149841,3.08847235,-1.66624339,-2.16986855,-0.06217957,0.61446286,0.05111694,-0.00976562,-0.00488281,-0.00000000,-0.04394531,0.01464844,-0.01464844,0.90599060,2.45064066,2.58445740,-0.95214844
12.72215056,6845,-3.11117108,-1.65022166,-2.15613564,-0.06790161,0.49964047,0.05340576,3.08847235,4.61732339,-2.16605385,-0.05887372,0.61408139,0.05149841,3.08847235,-1.66624339,-2.16986855,-0.06256104,0.61446286,0.05111694,-0.00488281,-0.00488281,-0.00000000,-0.01464844,0.01464844,-0.01464844,0.89378357,2.43064066,2.56881714,-0.92773438
12.73735237,6850,-3.11117108,-1.65022166,-2.15613564,-0.06790161,0.49964047,0.05340576,3.08847235,4.61732339,-2.16605385,-0.05827514,0.61408139,0.05149841,3.08847235,-1.66624339,-2.16986855,-0.06256104,0.61446286,0.05111694,-0.00976562,-0.00488281,0.00976562,-0.01464844,0.02929688,-0.01464844,0.88500977,2.41064066,2.55966187,-0.75683594
12.75345516,6855,-3.11117108,-1.65022166,-2.15613564,-0.06790161,0.49964047,0.05340576,3.08847235,4.61732339,-2.16605385,-0.05807900,0.61408139,0.05149841,3.08847235,-1.66624339,-2.16986855,-0.06217957,0.61446286,0.05111694,-0.00488281,-0.00488281,0.01464844,0.00000000,0.02929688,-0.01464844,0.87203979,2.39064066,2.54783630,-0.83007812
12.76884151,6860,-3.11117108,-1.65022166,-2.15613564,-0.06790161,0.49964047,0.05340576,3.08847235,4.61732339,-2.16605385,-0.05801472,0.61408139,0.05149841,3.08847235,-1.66624339,-2.16986855,-0.06217957,0.61446286,0.05111694,-0.00488281,-0.00488281,0.00976562,0.00000000,0.01464844,-0.01464844,0.86021423,2.37064066,2.53410339,-0.97656250
12.78205228,6865,-3.11117108,-1.65022166,-2.15613564,-0.06790161,0.49964047,0.05340576,3.08847235,4.61732339,-2.16605385,-0.05799366,0.61408139,0.05149841,3.08847235,-1.66624339,-2.16948708,-0.06217957,0.61446286,0.05111694,-0.00488281,-0.00488281,0.01464844,-0.01464844,0.01464844,0.00000000,0.85105896,2.35064066,2.52418518,-0.70800781
12.79581714,6870,-3.11117108,-1.65022166,-2.15613564,-0.06790161,0.49964047,0.05340576,3.08847235,4.61732339,-2.16605385,-0.05798676,0.61408139,0.05149841,3.08847235,-1.66624339,-2.16948708,-0.06217957,0.61446286,0.05111694,-0.00488281,-0.00488281,0.01464844,-0.01464844,-0.00000000,-0.01464844,0.83694458,2.33064066,2.51426697,-0.73242188
12.81090021,6875,-3.11117108,-1.65022166,-2.15613564,-0.06790161,0.49964047,0.05340576,3.08847235,4.61732339,-2.16605385,-0.05798450,0.61408139,0.05149841,3.08847235,-1.66624339,-2.16948708,-0.06217957,0.61446286,0.05111694,-0.00488281,-0.00488281,0.01953125,0.00000000,0.01464844,-0.01464844,0.82969666,2.31064066,2.49977112,-1.02539062
12.82562757,6880,-3.11117108,-1.65022166,-2.15613564,-0.06790161,0.49964047,0.05340576,3.08847235,4.61732339,-2.16605385,-0.05798376,0.61408139,0.05149841,3.08847235,-1.66624339,-2.16910561,-0.06217957,0.61446286,0.05111694,-0.00976562,0.00000000,0.01464844,-0.01464844,0.01464844,-0.02929688,0.82092285,2.29064066,2.48870850,-0.75683594
12.83883762,6885,-3.11117108,-1.65022166,-2.15613564,-0.06790161,0.49964047,0.05340576,3.08847235,4.61732339,-2.16605385,-0.05798352,0.61408139,0.05149841,3.08847235,-1.66624339,-2.16910561,-0.06217957,0.61446286,0.05111694,-0.00976562,0.00000000,0.00976562,0.00000000,-0.00000000,-0.01464844,0.81405640,2.27064066,2.48031616,-0.61035156
12.85249400,6890,-3.11117108,-1.65022166,-2.15613564,-0.06790161,0.49964047,0.05340576,3.08847235,4.61732339,-2.16605385,-0.05798344,0.61408139,0.05149841,3.08847235,-1.66624339,-2.16910561,-0.06217957,0.61446286,0.05111694,-0.00976562,-0.00488281,0.00976562,-0.01464844,0.01464844,0.00000000,0.80680847,2.25064066,2.46925354,-0.90332031
12.86641622,6895,-3.11117108,-1.65022166,-2.15613564,-0.06790161,0.49964047,0.05340576,3.08847235,4.61732339,-2.16605385,-0.05798341,0.61408139,0.05149841,3.08847235,-1.66624339,-2.16910561,-0.06217957,0.61446286,0.05111694,-0.00488281,0.00000000,0.00976562,0.00000000,0.01464844,-0.01464844,0.79956055,2.23064066,2.45437622,-0.97656250
12.88501477,6900,-3.11117108,-1.65022166,-2.15613564,-0.06790161,0.49964047,0.05340576,3.08847235,4.61732339,-2.16605385,-0.05798340,0.61408139,0.05149841,3.08847235,-1.66624339,-2.16910561,-0.06179810,0.61446286,0.05111694,-0.00976562,-0.00488281,-0.00000000,0.00000000,0.01464844,-0.02929688,0.79498291,2.21064066,2.44483948,-0.65917969
12.89860249,6905,-3.11117108,-1.65022166,-2.15613564,-0.06790161,0.49964047,0.05340576,3.08847235,4.61732339,-2.16605385,-0.05798340,0.61408139,0.05149841,3.08847235,-1.66624339,-2.16910561,-0.06179810,0.61446286,0.05111694,-0.00488281,-0.00488281,0.00488281,0.00000000,-0.00000000,-0.01464844,0.79536438,2.19064066,2.43110657,-0.92773438
12.91288614,6910,-3.11117108,-1.65022166,-2.15613564,-0.06790161,0.49964047,0.05340576,3.08847235,4.61732339,-2.16605385,-0.05798340,0.61408139,0.05149841,3.08847235,-1.66624339,-2.16910561,-0.06141663,0.61446286,0.05111694,-0.00488281,-0.00488281,0.00488281,-0.01464844,0.02929688,-0.01464844,0.79536438,2.17765481,2.41889954,-0.97656250
12.92621684,6915,-3.11117108,-1.65022166,-2.15613564,-0.06790161,0.49964047,0.05340576,3.08847235,4.61732339,-2.16605385,-0.05798340,0.61408139,0.05149841,3.08847235,-1.66624339,-2.16872414,-0.06141663,0.61446286,0.05111694,-0.00976562,-0.00488281,0.00976562,0.00000000,0.01464844,-0.01464844,0.79536438,2.17352168,2.41203308,-0.61035156
12.94003606,6920,-3.11117108,-1.65022166,-2.15613564,-0.06790161,0.49964047,0.05340576,3.08847235,4.61732339,-2.16605385,-0.05798340,0.61408139,0.05149841,3.08847235,-1.66624339,-2.16872414,-0.06103516,0.61446286,0.05111694,-0.00488281,-0.00488281,0.00976562,0.00000000,0.01464844,-0.01464844,0.79536438,2.17204527,2.40058899,-0.70800781
12.95537233,6925,-3.11117108,-1.65022166,-2.15613564,-0.06790161,0.49964047,0.05340576,3.08847235,4.61732339,-2.16605385,-0.05798340,0.61408139,0.05149841,3.08847235,-1.66624339,-2.16872414,-0.06103516,0.61446286,0.05111694,-0.00976562,-0.00488281,0.01464844,-0.01464844,0.02929688,-0.02929688,0.79536438,2.17156148,2.38571167,-1.07421875
12.96931243,6930,-3.11117108,-1.65022166,-2.15613564,-0.06752014,0.49964047,0.05340576,3.08847235,4.61732339,-2.16605385,-0.05784607,0.61408139,0.05149841,3.08847235,-1.66624339,-2.16834267,-0.06065369,0.61446286,0.05111694,-0.00488281,-0.00488281,0.01464844,0.01464844,-0.00000000,-0.02929688,0.79536438,2.17140295,2.37350464,-0.63476562
12.98408890,6935,-3.11117108,-1.65022166,-2.15613564,-0.06752014,0.49964047,0.05340576,3.08847235,4.61732339,-2.16605385,-0.05768193,0.61408139,0.05149841,3.08847235,-1.66624339,-2.16834267,-0.06027222,0.61446286,0.05111694,-0.00488281,-0.00488281,0.00976562,0.01464844,0.02929688,-0.01464844,0.79536438,2.17135100,2.36434937,-0.73242188
12.99735141,6940,-3.11117108,-1.65022166,-2.15613564,-0.06752014,0.49964047,0.05340576,3.08847235,4.61732339,-2.16605385,-0.05762814,0.61408139,0.05149841,3.08847235,-1.66624339,-2.16834267,-0.05989075,0.61446286,0.05111694,-0.00976562,-0.00976562,0.00976562,0.02929688,-0.00000000,0.00000000,0.79536438,2.17133398,2.35214233,-0.97656250
13.01014805,6945,-3.11117108,-1.65022166,-2.15613564,-0.06752014,0.49964047,0.05340576,3.08847235,4.61732339,-2.16605385,-0.05761052,0.61408139,0.05149841,3.08847235,-1.66624339,-2.16834267,-0.05989075,0.61446286,0.05111694,-0.00488281,-0.00488281,0.00488281,-0.01464844,0.01464844,-0.01464844,0.79536438,2.17132840,2.34107971,-0.92773438
13.02479529,6950,-3.11117108,-1.65022166,-2.15613564,-0.06752014,0.49964047,0.05340576,3.08847235,4.61732339,-2.16605385,-0.05760474,0.61408139,0.05149841,3.08847235,-1.66624339,-2.16834267,-0.05989075,0.61446286,0.05111694,-0.00488281,-0.00488281,0.00488281,0.00000000,0.01464844,0.00000000,0.79536438,2.17132657,2.33116150,-0.73242188
13.03823328,6955,-3.11117108,-1.65022166,-2.15613564,-0.06752014,0.49964047,0.05340576,3.08847235,4.61732339,-2.16605385,-0.05760285,0.61408139,0.05149841,3.08847235,-1.66624339,-2.16834267,-0.05950928,0.61446286,0.05111694,-0.00488281,0.00000000,0.00488281,-0.01464844,0.01464844,0.00000000,0.79536438,2.17132598,2.32124329,-0.83007812
13.05262184,6960,-3.11117108,-1.65022166,-2.15613564,-0.06752014,0.50002194,0.05378723,3.08847235,4.61732339,-2.16605385,-0.05760223,0.61415768,0.05175488,3.08847235,-1.66624339,-2.16834267,-0.05950928,0.61446286,0.05111694,-0.00488281,0.00000000,0.00488281,-0.01464844,0.01464844,-0.01464844,0.79498291,2.17117319,2.30598450,-1.00097656
13.06529570,6965,-3.11117108,-1.65022166,-2.15613564,-0.06752014,0.50002194,0.05378723,3.08847235,4.61732339,-2.16605385,-0.05760203,0.61436286,0.05183892,3.08847235,-1.66624339,-2.16834267,-0.05950928,0.61446286,0.05111694,-0.00488281,-0.00488281,0.00488281,-0.01464844,0.02929688,-0.02929688,0.79536438,2.17117806,2.29721069,-0.68359375
13.07867694,6970,-3.11117108,-1.65022166,-2.15613564,-0.06752014,0.50002194,0.05378723,3.08847235,4.61732339,-2.16605385,-0.05760196,0.61443009,0.05186646,3.08847235,-1.66624339,-2.16834267,-0.05950928,0.61446286,0.05111694,-0.00488281,-0.00488281,0.00488281,0.00000000,0.01464844,-0.01464844,0.79498291,2.17090500,2.28958130,-0.70800781
13.09441519,6975,-3.11117108,-1.65022166,-2.15613564,-0.06713867,0.50002194,0.05378723,3.08847235,4.61732339,-2.16605385,-0.05737672,0.61445212,0.05187548,3.08847235,-1.66624339,-2.16834267,-0.05912781,0.61446286,0.05111694,-0.00976562,0.00000000,0.00488281,0.00000000,0.01464844,-0.01464844,0.79498291,2.17085946,2.27432251,-0.95214844
13.10710669,6980,-3.11117108,-1.65022166,-2.15613564,-0.06713867,0.50002194,0.05378723,3.08847235,4.61732339,-2.16605385,-0.05727166,0.61445934,0.05187844,3.08809088,-1.66624339,-2.16834267,-0.05912781,0.61446286,0.05111694,-0.00488281,-0.00976562,0.00488281,-0.01464844,0.01464844,-0.01464844,0.79498291,2.17075763,2.26516724,-0.95214844
13.12283278,6985,-3.11117108,-1.65022166,-2.15613564,-0.06713867,0.50002194,0.05378723,3.08847235,4.61732339,-2.16605385,-0.05723724,0.61446170,0.05187941,3.08809088,-1.66624339,-2.16796120,-0.05912781,0.61446286,0.05111694,-0.00488281,0.00000000,0.00488281,0.00000000,0.01464844,-0.01464844,0.79498291,2.17076723,2.25524902,-0.53710938
13.13801003,6990,-3.11117108,-1.65022166,-2.15613564,-0.06713867,0.50002194,0.05378723,3.08847235,4.61732339,-2.16605385,-0.05722596,0.61446248,0.05187973,3.08809088,-1.66624339,-2.16796120,-0.05912781,0.61446286,0.05111694,-0.00488281,-0.00488281,0.00488281,-0.01464844,-0.00000000,-0.01464844,0.79536438,2.17084484,2.24571228,-0.78125000
13.15124965,6995,-3.11117108,-1.65022166,-2.15613564,-0.06713867,0.50002194,0.05378723,3.08847235,4.61732339,-2.16605385,-0.05722226,0.61446273,0.05187983,3.08809088,-1.66624339,-2.16796120,-0.05874634,0.61446286,0.05111694,-0.00488281,-0.00488281,0.00488281,0.01464844,0.01464844,-0.01464844,0.79498291,2.17065518,2.23503113,-0.80566406
13.16445303,7000,-3.11117108,-1.65022166,-2.15613564,-0.06713867,0.50002194,0.05378723,3.08847235,4.61732339,-2.16605385,-0.05722105,0.61446282,0.05187987,3.08809088,-1.66624339,-2.16796120,-0.05836487,0.61446286,0.05111694,-0.00488281,-0.00488281,0.00488281,0.00000000,-0.00000000,-0.02929688,0.79460144,2.17002052,2.22702026,-0.53710938
13.17731953,7005,-3.11117108,-1.65022166,-2.15613564,-0.06713867,0.50002194,0.05378723,3.08847235,4.61732339,-2.16605385,-0.05722065,0.61446284,0.05187988,3.08809088,-1.66624339,-2.16796120,-0.05798340,0.61446286,0.05111694,-0.00488281,-0.00488281,0.00488281,0.01464844,0.01464844,0.00000000,0.79078674,2.16698004,2.22587585,-0.12207031
13.19079256,7010,-3.11117108,-1.65022166,-2.15613564,-0.06713867,0.50002194,0.05378723,3.08847235,4.61732339,-2.16605385,-0.05722052,0.61446285,0.05187988,3.08809088,-1.66624339,-2.16796120,-0.05722046,0.61446286,0.05111694,-0.00488281,0.00000000,0.00976562,0.07324219,0.01464844,-0.02929688,0.77934265,2.15277719,2.21977234,-0.56152344
13.20451355,7015,-3.11117108,-1.65022166,-2.15613564,-0.06713867,0.50002194,0.05378723,3.08847235,4.61732339,-2.16605385,-0.05722048,0.61446286,0.05187988,3.08809088,-1.66624339,-2.16796120,-0.05569458,0.61446286,0.05111694,-0.00488281,-0.00488281,0.00976562,0.07324219,0.01464844,0.00000000,0.76980591,2.13346350,2.21328735,-0.43945312
13.21789718,7020,-3.11117108,-1.65022166,-2.15613564,-0.06713867,0.50002194,0.05378723,3.08847235,4.61732339,-2.16605385,-0.05722047,0.61446286,0.05187988,3.08809088,-1.66624339,-2.16796120,-0.05569458,0.61446286,0.05111694,-0.00488281,-0.00488281,0.01464844,-0.02929688,0.02929688,-0.02929688,0.75225830,2.11346350,2.20336914,-0.83007812
13.23252082,7025,-3.11117108,-1.65022166,-2.15613564,-0.06713867,0.50002194,0.05378723,3.08847235,4.61732339,-2.16605385,-0.05722046,0.61446286,0.05187988,3.08809088,-1.66624339,-2.16757973,-0.05569458,0.61446286,0.05111694,-0.00488281,-0.00488281,0.00976562,0.00000000,0.01464844,0.00000000,0.73738098,2.09346350,2.19268799,-0.73242188
13.24633455,7030,-3.11117108,-1.65022166,-2.15613564,-0.06752014,0.50002194,0.05378723,3.08847235,4.61732339,-2.16605385,-0.05740662,0.61446286,0.05187988,3.08809088,-1.66624339,-2.16757973,-0.05569458,0.61446286,0.05111694,-0.00488281,-0.00488281,0.00976562,-0.02929688,-0.00000000,0.00000000,0.72441101,2.07346350,2.18505859,-0.48828125
13.26148653,7035,-3.11117108,-1.65022166,-2.15613564,-0.06752014,0.50002194,0.05378723,3.08847235,4.61732339,-2.16605385,-0.05753793,0.61446286,0.05187988,3.08809088,-1.66624339,-2.16757973,-0.05607605,0.61446286,0.05111694,-0.00488281,0.00000000,0.01464844,-0.02929688,0.01464844,-0.02929688,0.71449280,2.05346350,2.17285156,-0.85449219
13.27594662,7040,-3.11117108,-1.65022166,-2.15613564,-0.06752014,0.50002194,0.05378723,3.08847235,4.61732339,-2.16605385,-0.05758096,0.61446286,0.05187988,3.08809088,-1.66624339,-2.16757973,-0.05569458,0.61446286,0.05111694,-0.00976562,-0.00976562,0.00976562,0.00000000,0.01464844,0.00000000,0.70838928,2.03346350,2.16102600,-0.97656250
13.29048967,7045,-3.11117108,-1.65022166,-2.15613564,-0.06752014,0.50002194,0.05378723,3.08847235,4.61732339,-2.16605385,-0.05759506,0.61446286,0.05187988,3.08809088,-1.66624339,-2.16757973,-0.05569458,0.61446286,0.05111694,-0.00488281,-0.00488281,0.00976562,0.01464844,0.01464844,-0.01464844,0.70915222,2.01375107,2.15110779,-0.73242188
13.30326486,7050,-3.11117108,-1.65022166,-2.15613564,-0.06752014,0.50002194,0.05378723,3.08847235,4.61732339,-2.16605385,-0.05759968,0.61446286,0.05187988,3.08809088,-1.66624339,-2.16719826,-0.05569458,0.61446286,0.05111694,-0.00488281,-0.00488281,0.00488281,0.00000000,0.02929688,-0.02929688,0.70915222,2.00376732,2.14309692,-0.65917969
13.31895661,7055,-3.11117108,-1.65022166,-2.15613564,-0.06752014,0.50002194,0.05378723,3.08847235,4.61732339,-2.16605385,-0.05760119,0.61446286,0.05187988,3.08809088,-1.66624339,-2.16719826,-0.05607605,0.61446286,0.05111694,-0.00488281,-0.00488281,0.00976562,-0.02929688,0.01464844,-0.01464844,0.70953369,2.00064843,2.12860107,-0.95214844
13.33167744,7060,-3.11117108,-1.65022166,-2.15613564,-0.06752014,0.50002194,0.05378723,3.08847235,4.61732339,-2.16605385,-0.05760169,0.61446286,0.05187988,3.08809088,-1.66624339,-2.16719826,-0.05607605,0.61446286,0.05111694,-0.00488281,0.00000000,0.00488281,-0.01464844,-0.00000000,0.00000000,0.70953369,1.99988913,2.11486816,-0.80566406
13.34536099,7065,-3.11117108,-1.65022166,-2.15613564,-0.06752014,0.50002194,0.05378723,3.08847235,4.61732339,-2.16605385,-0.05760185,0.61446286,0.05187988,3.08809088,-1.66624339,-2.16719826,-0.05607605,0.61446286,0.05111694,-0.00488281,-0.00488281,0.00488281,-0.01464844,0.01464844,-0.01464844,0.70915222,1.99958539,2.10609436,-0.68359375
13.35968924,7070,-3.11117108,-1.65022166,-2.15613564,-0.06752014,0.50002194,0.05378723,3.08847235,4.61732339,-2.16605385,-0.05760190,0.61446286,0.05187988,3.08809088,-1.66624339,-2.16719826,-0.05607605,0.61446286,0.05111694,-0.00488281,-0.00488281,0.00488281,-0.02929688,0.01464844,-0.01464844,0.70953369,1.99949782,2.09426880,-0.87890625
13.37302256,7075,-3.11117108,-1.65022166,-2.15613564,-0.06752014,0.50002194,0.05378723,3.08847235,4.61732339,-2.16605385,-0.05760192,0.61446286,0.05187988,3.08809088,-1.66624339,-2.16719826,-0.05607605,0.61446286,0.05111694,-0.00488281,-0.00976562,0.00488281,-0.02929688,0.01464844,-0.01464844,0.70915222,1.99935951,2.08168030,-0.87890625
13.38803887,7080,-3.11117108,-1.65022166,-2.15613564,-0.06752014,0.50002194,0.05378723,3.08847235,4.61732339,-2.16605385,-0.05760193,0.61446286,0.05187988,3.08809088,-1.66624339,-2.16719826,-0.05607605,0.61446286,0.05111694,-0.00488281,-0.00488281,0.00488281,0.00000000,0.01464844,-0.01464844,0.70915222,1.99928977,2.07519531,-0.51269531
13.40180993,7085,-3.11117108,-1.65022166,-2.15613564,-0.06752014,0.50002194,0.05378723,3.08847235,4.61732339,-2.16605385,-0.05760193,0.61446286,0.05187988,3.08809088,-1.66624339,-2.16719826,-0.05607605,0.61446286,0.05111694,-0.00488281,-0.00488281,0.00488281,-0.02929688,0.01464844,0.00000000,0.70915222,1.99938899,2.06832886,-0.46386719
13.41732168,7090,-3.11117108,-1.65022166,-2.15613564,-0.06752014,0.50002194,0.05378723,3.08847235,4.61732339,-2.16605385,-0.05760193,0.61446286,0.05187988,3.08809088,-1.66624339,-2.16719826,-0.05607605,0.61446286,0.05111694,-0.00488281,-0.00488281,0.00976562,-0.02929688,0.01464844,-0.01464844,0.70915222,1.99918322,2.05993652,-0.68359375
13.43272495,7095,-3.11117108,-1.65022166,-2.15613564,-0.06752014,0.50002194,0.05378723,3.08847235,4.61732339,-2.16605385,-0.05760193,0.61446286,0.05187988,3.08809088,-1.66624339,-2.16719826,-0.05607605,0.61446286,0.05111694,-0.00488281,0.00000000,0.00488281,-0.04394531,0.01464844,-0.01464844,0.70915222,1.99899373,2.05459595,-0.75683594
13.44645452,7100,-3.11117108,-1.65022166,-2.15613564,-0.06713867,0.50002194,0.05378723,3.08847235,4.61732339,-2.16605385,-0.05734546,0.61446286,0.05187988,3.08809088,-1.66624339,-2.16719826,-0.05607605,0.61446286,0.05111694,-0.00488281,-0.00488281,0.00488281,-0.01464844,-0.00000000,0.00000000,0.70953369,1.99922484,2.04277039,-0.48828125
13.46024179,7105,-3.11117108,-1.65022166,-2.15613564,-0.06713867,0.50002194,0.05378723,3.08847235,4.61732339,-2.16605385,-0.05726142,0.61446286,0.05187988,3.08809088,-1.66624339,-2.16719826,-0.05607605,0.61446286,0.05111694,-0.00488281,-0.00488281,0.00488281,-0.01464844,0.01464844,-0.01464844,0.70953369,1.99952030,2.04048157,-0.07324219
13.47394514,7110,-3.11117108,-1.65022166,-2.15613564,-0.06713867,0.50002194,0.05378723,3.08847235,4.61732339,-2.16605385,-0.05723388,0.61446286,0.05187988,3.08809088,-1.66624339,-2.16719826,-0.05645752,0.61446286,0.05111694,-0.00488281,-0.00488281,0.00976562,0.00000000,-0.00000000,0.00000000,0.70953369,1.99941692,2.03971863,-0.12207031
13.48764229,7115,-3.11117108,-1.65022166,-2.15613564,-0.06713867,0.50002194,0.05378723,3.08847235,4.61732339,-2.16605385,-0.05722486,0.61446286,0.05187988,3.08809088,-1.66624339,-2.16719826,-0.05645752,0.61446286,0.05111694,-0.00488281,-0.00488281,0.00488281,-0.01464844,0.02929688,-0.01464844,0.70915222,1.99923046,2.03399658,-0.53710938
13.50243258,7120,-3.11117108,-1.65022166,-2.15613564,-0.06713867,0.50002194,0.05378723,3.08847235,4.61732339,-2.16605385,-0.05722190,0.61446286,0.05187988,3.08809088,-1.66624339,-2.16719826,-0.05645752,0.61446286,0.05111694,-0.00976562,0.00000000,0.00976562,-0.01464844,0.01464844,-0.01464844,0.70915222,1.99929143,2.02941895,-0.36621094
13.51686358,7125,-3.11117108,-1.65022166,-2.15613564,-0.06713867,0.50002194,0.05378723,3.08847235,4.61732339,-2.16605385,-0.05722093,0.61446286,0.05187988,3.08809088,-1.66624339,-2.16681679,-0.05645752,0.61446286,0.05111694,-0.00488281,-0.00488281,0.00976562,0.00000000,0.02929688,-0.01464844,0.70915222,1.99902918,2.02789307,-0.14648438
13.53113127,7130,-3.11117108,-1.65022166,-2.15613564,-0.06713867,0.50002194,0.05378723,3.08847235,4.61732339,-2.16605385,-0.05722061,0.61446286,0.05187988,3.08809088,-1.66624339,-2.16681679,-0.05645752,0.61446286,0.05111694,-0.00488281,-0.00488281,0.00488281,0.00000000,0.01464844,-0.02929688,0.70953369,1.99928041,2.02140808,-0.39062500
13.54639578,7135,-3.11117108,-1.65022166,-2.15613564,-0.06713867,0.50002194,0.05378723,3.08847235,4.61732339,-2.16605385,-0.05722051,0.61446286,0.05187988,3.08809088,-1.66624339,-2.16681679,-0.05645752,0.61446286,0.05111694,-0.00488281,-0.00488281,0.00976562,-0.01464844,0.01464844,-0.01464844,0.70953369,1.99927582,2.01759338,-0.26855469
13.55895138,7140,-3.11117108,-1.65022166,-2.15613564,-0.06713867,0.50002194,0.05378723,3.08847235,4.61732339,-2.16605385,-0.05722048,0.61446286,0.05187988,3.08809088,-1.66624339,-2.16681679,-0.05645752,0.61446286,0.05111694,-0.00488281,0.00000000,0.00976562,-0.01464844,-0.00000000,-0.01464844,0.70953369,1.99927431,2.01759338,-0.07324219
13.57446074,7145,-3.11117108,-1.65022166,-2.15613564,-0.06713867,0.50002194,0.05378723,3.08847235,4.61732339,-2.16605385,-0.05722046,0.61446286,0.05187988,3.08809088,-1.66624339,-2.16681679,-0.05645752,0.61446286,0.05111694,-0.00488281,-0.00488281,0.00976562,0.00000000,0.02929688,-0.01464844,0.70915222,1.99920814,2.01187134,-0.48828125
13.58744049,7150,-3.11117108,-1.65022166,-2.15613564,-0.06713867,0.50002194,0.05378723,3.08847235,4.61732339,-2.16605385,-0.05722046,0.61446286,0.05187988,3.08809088,-1.66624339,-2.16643532,-0.05645752,0.61446286,0.05111694,-0.00488281,-0.00488281,0.00976562,-0.01464844,0.01464844,0.00000000,0.70953369,1.99933905,2.00729370,-0.29296875
13.60203075,7155,-3.11117108,-1.65022166,-2.15613564,-0.06713867,0.50002194,0.05378723,3.08847235,4.61732339,-2.16605385,-0.05722046,0.61446286,0.05187988,3.08809088,-1.66624339,-2.16643532,-0.05645752,0.61446286,0.05111694,-0.00488281,-0.00488281,-0.00000000,-0.01464844,-0.00000000,0.00000000,0.70915222,1.99916686,2.00767517,-0.04882812
13.61594748,7160,-3.11117108,-1.65022166,-2.15613564,-0.06713867,0.50002194,0.05378723,3.08847235,4.61732339,-2.16605385,-0.05722046,0.61446286,0.05187988,3.08809088,-1.66624339,-2.16643532,-0.05683899,0.61446286,0.05111694,-0.00488281,-0.00488281,0.00976562,-0.01464844,0.02929688,-0.01464844,0.70953369,1.99937923,2.00767517,-0.02441406
13.63223648,7165,-3.11117108,-1.65022166,-2.15613564,-0.06713867,0.50002194,0.05378723,3.08847235,4.61732339,-2.16605385,-0.05722046,0.61446286,0.05187988,3.08809088,-1.66624339,-2.16643532,-0.05683899,0.61446286,0.05111694,-0.00488281,-0.00488281,0.00488281,-0.01464844,0.01464844,-0.01464844,0.70953369,1.99935117,2.00767517,-0.02441406
13.64696169,7170,-3.11117108,-1.65022166,-2.15613564,-0.06713867,0.50002194,0.05378723,3.08847235,4.61732339,-2.16605385,-0.05722046,0.61446286,0.05187988,3.08809088,-1.66624339,-2.16643532,-0.05683899,0.61446286,0.05111694,-0.00488281,-0.00488281,0.00488281,-0.01464844,-0.00000000,-0.01464844,0.70953369,1.99932342,2.00767517,-0.02441406
13.66086340,7175,-3.11117108,-1.65022166,-2.15613564,-0.06713867,0.50002194,0.05378723,3.08847235,4.61732339,-2.16605385,-0.05722046,0.61446286,0.05187988,3.08809088,-1.66624339,-2.16643532,-0.05683899,0.61446286,0.05111694,-0.00488281,-0.00488281,0.00488281,-0.02929688,0.02929688,-0.02929688,0.70953369,1.99955260,2.00767517,-0.02441406
13.67626619,7180,-3.11117108,-1.65022166,-2.15613564,-0.06713867,0.50002194,0.05378723,3.08847235,4.61732339,-2.16605385,-0.05722046,0.61446286,0.05187988,3.08809088,-1.66624339,-2.16643532,-0.05683899,0.61446286,0.05111694,0.00000000,-0.00488281,0.00976562,-0.01464844,0.02929688,-0.01464844,0.70991516,1.99978029,2.00729370,-0.04882812
13.69154620,7185,-3.11117108,-1.65022166,-2.15613564,-0.06713867,0.50002194,0.05378723,3.08847235,4.61732339,-2.16605385,-0.05722046,0.61446286,0.05187988,3.08809088,-1.66624339,-2.16643532,-0.05683899,0.61446286,0.05111694,-0.00488281,-0.00488281,0.00976562,-0.01464844,0.02929688,-0.01464844,0.70991516,2.00007463,2.00691223,-0.07324219
13.70453405,7190,-3.11117108,-1.65022166,-2.15613564,-0.06713867,0.50002194,0.05378723,3.08847235,4.61732339,-2.16605385,-0.05722046,0.61446286,0.05187988,3.08809088,-1.66624339,-2.16643532,-0.05683899,0.61446286,0.05111694,-0.00976562,-0.00488281,0.00488281,-0.02929688,0.01464844,-0.02929688,0.71029663,2.00068401,2.00653076,-0.09765625
13.71936059,7195,-3.11117108,-1.65022166,-2.15613564,-0.06752014,0.50002194,0.05378723,3.08847235,4.61732339,-2.16605385,-0.05729675,0.61446286,0.05187988,3.08809088,-1.66624339,-2.16643532,-0.05683899,0.61446286,0.05111694,-0.00488281,-0.00488281,0.00488281,-0.01464844,-0.00000000,-0.01464844,0.71029663,2.00102432,2.00309753,-0.26855469
13.73515058,7200,-3.11117108,-1.65022166,-2.15613564,-0.06752014,0.50002194,0.05378723,3.08847235,4.61732339,-2.16605385,-0.05750193,0.61446286,0.05187988,3.08809088,-1.66624339,-2.16643532,-0.05722046,0.61446286,0.05149841,-0.00976562,-0.00488281,0.00488281,-0.02929688,0.02929688,0.00000000,0.71067810,2.00128842,2.00309753,-0.04882812
13.74735522,7205,-3.11117108,-1.65022166,-2.15613564,-0.06752014,0.50002194,0.05378723,3.08847235,4.61732339,-2.16605385,-0.05756916,0.61446286,0.05187988,3.08809088,-1.66624339,-2.16643532,-0.05722046,0.61446286,0.05111694,-0.00488281,-0.00488281,0.00488281,-0.02929688,0.01464844,0.00000000,0.71105957,2.00208810,2.00309753,-0.02441406
13.76168704,7210,-3.11117108,-1.65022166,-2.15613564,-0.06752014,0.50002194,0.05378723,3.08847235,4.61732339,-2.16605385,-0.05759119,0.61446286,0.05187988,3.08809088,-1.66624339,-2.16643532,-0.05722046,0.61446286,0.05111694,-0.00976562,-0.00976562,-0.00000000,-0.02929688,0.01464844,0.00000000,0.71144104,2.00288261,2.00347900,-0.04882812
13.77591300,7215,-3.11117108,-1.65022166,-2.15613564,-0.06752014,0.50002194,0.05378723,3.08847235,4.61732339,-2.16605385,-0.05759841,0.61446286,0.05187988,3.08809088,-1.66624339,-2.16643532,-0.05722046,0.61446286,0.05111694,-0.00488281,-0.00488281,0.00488281,-0.01464844,-0.00000000,0.00000000,0.71411133,2.00533314,2.00309753,-0.02441406
13.79171991,7220,-3.11117108,-1.65022166,-2.15613564,-0.06752014,0.50002194,0.05378723,3.08847235,4.61732339,-2.16605385,-0.05760078,0.61446286,0.05187988,3.08809088,-1.66624339,-2.16643532,-0.05722046,0.61446286,0.05149841,-0.00488281,0.00000000,0.00488281,-0.02929688,0.01464844,0.00000000,0.72593689,2.01740737,2.00309753,-0.04882812
13.80446959,7225,-3.11117108,-1.65022166,-2.15613564,-0.06752014,0.50002194,0.05378723,3.08847235,4.61732339,-2.16605385,-0.05760155,0.61446286,0.05187988,3.08809088,-1.66624339,-2.16643532,-0.05722046,0.61446286,0.05111694,-0.00488281,-0.00488281,0.00488281,-0.02929688,0.01464844,-0.02929688,0.73966980,2.03716694,2.00347900,0.00000000
13.81879711,7230,-3.11117108,-1.65022166,-2.15613564,-0.06752014,0.50002194,0.05378723,3.08847235,4.61732339,-2.16605385,-0.05760180,0.61446286,0.05187988,3.08809088,-1.66624339,-2.16643532,-0.05722046,0.61446286,0.05111694,-0.00488281,0.00000000,0.00488281,-0.02929688,0.01464844,-0.01464844,0.75492859,2.05716694,2.00347900,-0.04882812
13.83270741,7235,-3.11117108,-1.65022166,-2.15613564,-0.06752014,0.50002194,0.05378723,3.08847235,4.61732339,-2.16605385,-0.05760189,0.61446286,0.05187988,3.08809088,-1.66624339,-2.16643532,-0.05722046,0.61446286,0.05149841,-0.00488281,-0.00488281,0.00488281,-0.02929688,0.01464844,0.00000000,0.77056885,2.07716694,2.00386047,0.00000000
13.84750414,7240,-3.11117108,-1.65022166,-2.15613564,-0.06752014,0.50002194,0.05378723,3.08847235,4.61732339,-2.16605385,-0.05760192,0.61446286,0.05187988,3.08809088,-1.66624339,-2.16643532,-0.05760193,0.61446286,0.05149841,-0.00488281,-0.00488281,0.00488281,-0.04394531,0.01464844,-0.01464844,0.78811646,2.09716694,2.00462341,0.02441406
13.86148691,7245,-3.11117108,-1.65022166,-2.15613564,-0.06752014,0.50002194,0.05378723,3.08847235,4.61732339,-2.16605385,-0.05760192,0.61446286,0.05187988,3.08809088,-1.66624339,-2.16643532,-0.05760193,0.61484433,0.05149841,-0.00976562,0.00000000,0.00488281,-0.04394531,0.01464844,-0.02929688,0.80490112,2.11716694,2.01072693,0.43945312
13.87680411,7250,-3.11117108,-1.65022166,-2.15613564,-0.06752014,0.50002194,0.05378723,3.08847235,4.61732339,-2.16605385,-0.05760193,0.61446286,0.05187988,3.08809088,-1.66624339,-2.16643532,-0.05760193,0.61484433,0.05111694,-0.00976562,-0.00488281,0.00488281,-0.01464844,0.01464844,0.00000000,0.82397461,2.13716694,2.02064514,0.75683594
13.89005065,7255,-3.11117108,-1.65022166,-2.15613564,-0.06752014,0.50002194,0.05378723,3.08847235,4.61732339,-2.16605385,-0.05760193,0.61446286,0.05187988,3.08809088,-1.66624339,-2.16643532,-0.05798340,0.61446286,0.05111694,-0.00488281,-0.00488281,0.00488281,-0.01464844,-0.01464844,-0.02929688,0.83274841,2.15716694,2.02941895,0.92773438
13.90481567,7260,-3.11117108,-1.65022166,-2.15613564,-0.06752014,0.49964047,0.05378723,3.08847235,4.61732339,-2.16605385,-0.05760193,0.61427670,0.05187988,3.08809088,-1.66624339,-2.16643532,-0.05798340,0.61446286,0.05149841,-0.00488281,-0.00488281,0.00488281,-0.01464844,0.01464844,0.00000000,0.84838867,2.17716694,2.04582214,0.75683594
13.91973281,7265,-3.11117108,-1.65022166,-2.15613564,-0.06790161,0.49964047,0.05378723,3.08847235,4.61732339,-2.16605385,-0.05785840,0.61414539,0.05187988,3.08809088,-1.66624339,-2.16643532,-0.05798340,0.61484433,0.05111694,-0.00976562,-0.00488281,0.00488281,-0.02929688,0.01464844,0.00000000,0.86135864,2.19716694,2.05345154,0.56152344
13.93263149,7270,-3.11117108,-1.65022166,-2.15613564,-0.06790161,0.49964047,0.05378723,3.08847235,4.61732339,-2.16605385,-0.05794244,0.61410236,0.05187988,3.08809088,-1.66624339,-2.16643532,-0.05836487,0.61446286,0.05149841,-0.00488281,-0.00488281,0.00488281,-0.02929688,0.01464844,0.00000000,0.87356567,2.21716694,2.06298828,0.83007812
13.94784927,7275,-3.11117108,-1.65022166,-2.15613564,-0.06790161,0.49964047,0.05378723,3.08847235,4.61732339,-2.16605385,-0.05796998,0.61408826,0.05187988,3.08809088,-1.66624339,-2.16643532,-0.05836487,0.61446286,0.05149841,-0.00488281,-0.00488281,0.00488281,-0.04394531,0.02929688,0.00000000,0.88272095,2.23716694,2.07901001,0.95214844
13.96106672,7280,-3.11117108,-1.65022166,-2.15613564,-0.06790161,0.49964047,0.05378723,3.08847235,4.61732339,-2.16605385,-0.05797900,0.61408364,0.05187988,3.08809088,-1.66624339,-2.16643532,-0.05874634,0.61446286,0.05149841,0.00000000,-0.00488281,0.00488281,-0.02929688,-0.00000000,-0.01464844,0.88920593,2.25716694,2.08778381,0.58593750
13.97692490,7285,-3.11117108,-1.65022166,-2.15613564,-0.06790161,0.49964047,0.05378723,3.08847235,4.61732339,-2.16605385,-0.05798196,0.61408213,0.05187988,3.08809088,-1.66624339,-2.16643532,-0.05912781,0.61484433,0.05111694,-0.00488281,-0.00488281,0.00488281,-0.04394531,0.01464844,-0.01464844,0.90026855,2.27716694,2.10037231,0.75683594
13.98977709,7290,-3.11117108,-1.65022166,-2.15613564,-0.06790161,0.49964047,0.05378723,3.08847235,4.61732339,-2.16605385,-0.05798293,0.61408163,0.05187988,3.08809088,-1.66624339,-2.16643532,-0.05950928,0.61446286,0.05111694,-0.00488281,-0.00488281,0.00488281,-0.02929688,-0.00000000,-0.02929688,0.90980530,2.29716694,2.11296082,0.95214844
14.00423169,7295,-3.11117108,-1.65022166,-2.15613564,-0.06790161,0.49964047,0.05378723,3.08847235,4.61732339,-2.16605385,-0.05798324,0.61408147,0.05187988,3.08809088,-1.66624339,-2.16643532,-0.05989075,0.61446286,0.05111694,-0.00488281,-0.00488281,0.00976562,-0.02929688,-0.00000000,-0.02929688,0.91819763,2.31716694,2.12326050,0.78125000
14.01856518,7300,-3.11117108,-1.65022166,-2.15613564,-0.06790161,0.49964047,0.05378723,3.08847235,4.61732339,-2.16605385,-0.05798335,0.61408141,0.05187988,3.08809088,-1.66624339,-2.16643532,-0.05950928,0.61446286,0.05111694,-0.00488281,0.00000000,0.00488281,-0.01464844,0.01464844,-0.01464844,0.92506409,2.33716694,2.13165283,0.58593750
14.03275156,7305,-3.11117108,-1.65022166,-2.15613564,-0.06790161,0.49964047,0.05378723,3.08847235,4.61732339,-2.16605385,-0.05798338,0.61408140,0.05187988,3.08809088,-1.66624339,-2.16643532,-0.05989075,0.61446286,0.05111694,-0.00488281,-0.00488281,0.00488281,-0.02929688,0.01464844,-0.01464844,0.93154907,2.35716694,2.14385986,0.83007812
14.04669118,7310,-3.11117108,-1.65022166,-2.15613564,-0.06790161,0.49964047,0.05378723,3.08847235,4.61732339,-2.16605385,-0.05798339,0.61408139,0.05187988,3.08809088,-1.66624339,-2.16643532,-0.05950928,0.61446286,0.05149841,-0.00488281,-0.00976562,0.00488281,0.00000000,0.01464844,0.00000000,0.93994141,2.37716694,2.15797424,0.90332031
14.06096840,7315,-3.11117108,-1.65022166,-2.15613564,-0.06790161,0.49964047,0.05378723,3.08847235,4.61732339,-2.16605385,-0.05798340,0.61408139,0.05187988,3.08809088,-1.66624339,-2.16643532,-0.05989075,0.61446286,0.05149841,-0.00488281,-0.00488281,0.00488281,0.00000000,0.01464844,-0.01464844,0.94718933,2.39716694,2.16636658,0.58593750
14.07679510,7320,-3.11117108,-1.65022166,-2.15613564,-0.06790161,0.49964047,0.05378723,3.08847235,4.61732339,-2.16605385,-0.05798340,0.61408139,0.05187988,3.08809088,-1.66624339,-2.16643532,-0.05950928,0.61446286,0.05111694,-0.00488281,-0.00976562,0.00488281,-0.01464844,0.01464844,-0.04394531,0.95443726,2.41716694,2.18009949,0.78125000
14.08984661,7325,-3.11117108,-1.65022166,-2.15613564,-0.06790161,0.49964047,0.05378723,3.08847235,4.61732339,-2.16605385,-0.05798340,0.61408139,0.05187988,3.08809088,-1.66624339,-2.16643532,-0.05950928,0.61446286,0.05149841,-0.00488281,-0.00488281,0.00488281,-0.01464844,0.02929688,-0.01464844,0.95710754,2.43716694,2.19345093,0.92773438
14.10422611,7330,-3.11117108,-1.65022166,-2.15613564,-0.06790161,0.49964047,0.05378723,3.08847235,4.61732339,-2.16605385,-0.05798340,0.61408139,0.05187988,3.08809088,-1.66624339,-2.16643532,-0.05950928,0.61446286,0.05149841,-0.00488281,-0.00488281,0.00976562,-0.02929688,0.01464844,0.01464844,0.96435547,2.45716694,2.20222473,0.58593750
14.11903691,7335,-3.11117108,-1.65022166,-2.15613564,-0.06790161,0.49964047,0.05378723,3.08847235,4.61732339,-2.16605385,-0.05798340,0.61408139,0.05187988,3.08809088,-1.66624339,-2.16643532,-0.05989075,0.61446286,0.05149841,-0.00488281,-0.00488281,0.00976562,-0.01464844,0.01464844,0.00000000,0.97084045,2.47716694,2.21214294,0.73242188
14.13175726,7340,-3.11117108,-1.65022166,-2.15613564,-0.06790161,0.49964047,0.05378723,3.08847235,4.61732339,-2.16605385,-0.05798340,0.61408139,0.05187988,3.08809088,-1.66624339,-2.16643532,-0.05989075,0.61446286,0.05149841,-0.00488281,-0.00488281,0.00488281,-0.02929688,0.01464844,-0.01464844,0.97732544,2.49716694,2.22473145,1.00097656
14.14855433,7345,-3.11117108,-1.65022166,-2.15613564,-0.06790161,0.49964047,0.05378723,3.08847235,4.61732339,-2.16605385,-0.05798340,0.61408139,0.05187988,3.08809088,-1.66624339,-2.16643532,-0.05950928,0.61446286,0.05149841,-0.00488281,0.00000000,0.00488281,0.00000000,0.02929688,-0.01464844,0.98762512,2.51716694,2.23808289,0.58593750
14.16229224,7350,-3.11117108,-1.65022166,-2.15613564,-0.06790161,0.49964047,0.05378723,3.08847235,4.61732339,-2.16605385,-0.05798340,0.61408139,0.05187988,3.08809088,-1.66624339,-2.16643532,-0.05950928,0.61446286,0.05149841,-0.00488281,-0.00488281,0.00976562,0.00000000,-0.00000000,-0.01464844,0.99372864,2.53716694,2.24685669,0.78125000
14.17442536,7355,-3.11117108,-1.65022166,-2.15613564,-0.06790161,0.49964047,0.05378723,3.08847235,4.61732339,-2.16605385,-0.05798340,0.61408139,0.05187988,3.08809088,-1.66624339,-2.16643532,-0.05950928,0.61446286,0.05149841,-0.00488281,-0.00488281,0.00488281,-0.02929688,0.02929688,-0.01464844,1.00212097,2.55716694,2.25906372,0.90332031
14.18835926,7360,-3.11117108,-1.65022166,-2.15613564,-0.06790161,0.49964047,0.05378723,3.08847235,4.61732339,-2.16605385,-0.05798340,0.61408139,0.05187988,3.08809088,-1.66624339,-2.16643532,-0.05950928,0.61446286,0.05149841,-0.00488281,-0.00488281,0.00488281,0.00000000,0.02929688,-0.01464844,1.01127625,2.57716694,2.27203369,0.80566406
14.20322537,7365,-3.11117108,-1.65022166,-2.15613564,-0.06790161,0.49964047,0.05378723,3.08847235,4.61732339,-2.16605385,-0.05798340,0.61408139,0.05187988,3.08809088,-1.66624339,-2.16643532,-0.05950928,0.61446286,0.05111694,-0.00488281,-0.00488281,0.00488281,-0.01464844,0.01464844,-0.01464844,1.02195740,2.59716694,2.28042603,0.63476562
14.21760869,7370,-3.11117108,-1.65022166,-2.15613564,-0.06790161,0.49964047,0.05378723,3.08847235,4.61732339,-2.16605385,-0.05798340,0.61408139,0.05187988,3.08809088,-1.66624339,-2.16643532,-0.05950928,0.61446286,0.05149841,-0.00488281,-0.00488281,0.00976562,0.00000000,0.01464844,-0.01464844,1.03492737,2.61716694,2.29225159,0.83007812
14.23451614,7375,-3.11117108,-1.65022166,-2.15613564,-0.06790161,0.49964047,0.05378723,3.08847235,4.61732339,-2.16605385,-0.05798340,0.61408139,0.05187988,3.08809088,-1.66624339,-2.16643532,-0.05950928,0.61446286,0.05149841,-0.00488281,-0.00488281,0.00488281,-0.02929688,0.01464844,-0.01464844,1.03263855,2.63517434,2.30674744,0.85449219
14.24950838,7380,-3.11117108,-1.65022166,-2.15613564,-0.06828308,0.49964047,0.05378723,3.08847235,4.61732339,-2.16605385,-0.05820862,0.61408139,0.05187988,3.08809088,-1.66624339,-2.16643532,-0.05950928,0.61446286,0.05149841,0.00000000,-0.00488281,0.00488281,-0.01464844,0.01464844,0.00000000,1.03302002,2.64252054,2.31666565,0.63476562
14.26459813,7385,-3.11117108,-1.65022166,-2.15613564,-0.06828308,0.49925900,0.05378723,3.08847235,4.61732339,-2.16605385,-0.05831367,0.61382492,0.05187988,3.08809088,-1.66624339,-2.16643532,-0.05950928,0.61446286,0.05149841,-0.00488281,-0.00488281,0.00488281,-0.02929688,0.01464844,-0.02929688,1.03263855,2.64499488,2.32887268,0.83007812
14.27813148,7390,-3.11117108,-1.65022166,-2.15613564,-0.06828308,0.49925900,0.05378723,3.08847235,4.61732339,-2.16605385,-0.05834809,0.61374088,0.05187988,3.08809088,-1.66624339,-2.16643532,-0.05950928,0.61446286,0.05149841,-0.00488281,-0.00488281,0.00488281,-0.02929688,0.02929688,0.00000000,1.03263855,2.64570802,2.34298706,0.87890625
14.29131269,7395,-3.11117108,-1.65022166,-2.15613564,-0.06828308,0.49925900,0.05340576,3.08847235,4.61732339,-2.16605385,-0.05835937,0.61371334,0.05162341,3.08809088,-1.66624339,-2.16643532,-0.05950928,0.61446286,0.05149841,-0.00488281,0.00000000,0.00488281,-0.01464844,0.01464844,0.00000000,1.03302002,2.64605034,2.35214233,0.53710938
14.30624366,7400,-3.11117108,-1.65022166,-2.15613564,-0.06828308,0.49925900,0.05340576,3.08847235,4.61732339,-2.16605385,-0.05836307,0.61370432,0.05153937,3.08809088,-1.66624339,-2.16643532,-0.05950928,0.61446286,0.05149841,-0.00488281,0.00000000,0.00488281,-0.01464844,0.01464844,0.00000000,1.03263855,2.64619449,2.36320496,0.78125000
14.31944370,7405,-3.11117108,-1.65022166,-2.15613564,-0.06866455,0.49925900,0.05340576,3.08847235,4.61732339,-2.16605385,-0.05862075,0.61370136,0.05151183,3.08809088,-1.66624339,-2.16643532,-0.05950928,0.61446286,0.05149841,0.00000000,-0.00488281,0.00976562,-0.01464844,0.01464844,-0.01464844,1.03263855,2.64605716,2.37350464,0.90332031
14.33648825,7410,-3.11117108,-1.65022166,-2.15613564,-0.06866455,0.49925900,0.05340576,3.08847235,4.61732339,-2.16605385,-0.05870518,0.61370039,0.05150281,3.08809088,-1.66624339,-2.16643532,-0.05950928,0.61446286,0.05149841,-0.00976562,-0.00488281,0.00488281,-0.01464844,0.01464844,0.01464844,1.03263855,2.64603169,2.38800049,0.48828125
14.35065055,7415,-3.11117108,-1.65022166,-2.15613564,-0.06866455,0.49925900,0.05340576,3.08847235,4.61732339,-2.16605385,-0.05873285,0.61370007,0.05149985,3.08809088,-1.66624339,-2.16643532,-0.05950928,0.61446286,0.05111694,-0.00488281,-0.00976562,0.00488281,-0.01464844,0.01464844,-0.02929688,1.03263855,2.64598819,2.39906311,0.75683594
14.36602068,7420,-3.11117108,-1.65022166,-2.15613564,-0.06866455,0.49887753,0.05340576,3.08847235,4.61732339,-2.16605385,-0.05874192,0.61347475,0.05149889,3.08809088,-1.66624339,-2.16643532,-0.05950928,0.61446286,0.05149841,-0.00976562,-0.00488281,0.00976562,-0.01464844,-0.00000000,-0.02929688,1.03263855,2.64603350,2.41279602,0.97656250
14.37872505,7425,-3.11117108,-1.65022166,-2.15613564,-0.06866455,0.49887753,0.05340576,3.08847235,4.61732339,-2.16605385,-0.05874489,0.61336967,0.05149857,3.08809088,-1.66624339,-2.16643532,-0.05950928,0.61446286,0.05149841,-0.00488281,-0.00488281,0.00488281,-0.01464844,0.01464844,0.00000000,1.03302002,2.64607887,2.42385864,0.83007812
14.39149284,7430,-3.11117108,-1.65022166,-2.15613564,-0.06866455,0.49887753,0.05340576,3.08847235,4.61732339,-2.16605385,-0.05874586,0.61333523,0.05149846,3.08809088,-1.66624339,-2.16643532,-0.05950928,0.61446286,0.05149841,0.00000000,-0.00488281,0.00488281,0.00000000,0.01464844,-0.01464844,1.03263855,2.64594115,2.43110657,0.61035156
14.40736008,7435,-3.11117108,-1.65022166,-2.15613564,-0.06866455,0.49887753,0.05340576,3.08847235,4.61732339,-2.16605385,-0.05874618,0.61332395,0.05149843,3.08809088,-1.66624339,-2.16643532,-0.05950928,0.61446286,0.05149841,-0.00488281,-0.00976562,0.00488281,-0.01464844,0.01464844,-0.01464844,1.03263855,2.64589602,2.44216919,0.83007812
14.42306542,7440,-3.11117108,-1.65022166,-2.15613564,-0.06866455,0.49887753,0.05340576,3.08847235,4.61732339,-2.16605385,-0.05874629,0.61332025,0.05149842,3.08809088,-1.66624339,-2.16605385,-0.05950928,0.61446286,0.05149841,0.00000000,0.00000000,0.00488281,-0.02929688,-0.00000000,0.00000000,1.03263855,2.64588123,2.46009827,0.80566406
14.43502522,7445,-3.11117108,-1.65022166,-2.15613564,-0.06866455,0.49887753,0.05340576,3.08847235,4.61732339,-2.16605385,-0.05874632,0.61331904,0.05149841,3.08809088,-1.66624339,-2.16605385,-0.05950928,0.61446286,0.05149841,-0.00488281,-0.00488281,0.00488281,-0.01464844,-0.00000000,0.00000000,1.03263855,2.64587639,2.46582031,0.53710938
14.44980621,7450,-3.11117108,-1.65022166,-2.15613564,-0.06866455,0.49887753,0.05340576,3.08847235,4.61732339,-2.16605385,-0.05874633,0.61331864,0.05149841,3.08809088,-1.66624339,-2.16643532,-0.05950928,0.61446286,0.05149841,-0.00976562,-0.00976562,0.00488281,-0.01464844,0.01464844,-0.01464844,1.03302002,2.64621196,2.47535706,0.83007812
14.46333528,7455,-3.11117108,-1.65022166,-2.15613564,-0.06828308,0.49887753,0.05340576,3.08847235,4.61732339,-2.16605385,-0.05852112,0.61331851,0.05149841,3.08809088,-1.66624339,-2.16605385,-0.05950928,0.61446286,0.05111694,-0.00976562,-0.00488281,-0.00000000,-0.01464844,0.01464844,-0.01464844,1.03263855,2.64598476,2.49099731,1.00097656
14.47956610,7460,-3.11117108,-1.65022166,-2.15613564,-0.06828308,0.49887753,0.05340576,3.08847235,4.61732339,-2.16605385,-0.05841607,0.61331847,0.05149841,3.08809088,-1.66624339,-2.16605385,-0.05950928,0.61446286,0.05149841,-0.00488281,-0.00976562,0.00976562,-0.01464844,-0.00000000,-0.02929688,1.03263855,2.64600796,2.50205994,0.43945312
14.49619174,7465,-3.11117108,-1.65022166,-2.15613564,-0.06828308,0.49887753,0.05340576,3.08847235,4.61732339,-2.16605385,-0.05838165,0.61331846,0.05149841,3.08809088,-1.66624339,-2.16605385,-0.05950928,0.61446286,0.05149841,-0.00488281,-0.00488281,-0.00000000,-0.01464844,0.01464844,0.00000000,1.03263855,2.64598041,2.51502991,0.83007812
14.50734711,7470,-3.11117108,-1.65022166,-2.15613564,-0.06828308,0.49887753,0.05340576,3.08847235,4.61732339,-2.16605385,-0.05837037,0.61331845,0.05149841,3.08809088,-1.66624339,-2.16605385,-0.05950928,0.61446286,0.05149841,-0.00488281,-0.00488281,0.00488281,-0.01464844,0.01464844,-0.02929688,1.03263855,2.64590889,2.52571106,1.00097656
14.52040076,7475,-3.11117108,-1.65022166,-2.15613564,-0.06828308,0.49887753,0.05340576,3.08847235,4.61732339,-2.16605385,-0.05836667,0.61331845,0.05149841,3.08809088,-1.66624339,-2.16605385,-0.05950928,0.61446286,0.05149841,-0.00976562,-0.00488281,0.00976562,-0.01464844,0.02929688,0.00000000,1.03263855,2.64588545,2.53715515,0.70800781
14.53512979,7480,-3.11117108,-1.65022166,-2.15613564,-0.06828308,0.49887753,0.05340576,3.08847235,4.61732339,-2.16605385,-0.05836546,0.61331845,0.05149841,3.08809088,-1.66624339,-2.16605385,-0.05950928,0.61446286,0.05149841,-0.00488281,-0.00488281,0.00488281,-0.01464844,0.01464844,-0.01464844,1.03263855,2.64587777,2.54554749,0.65917969
14.54871011,7485,-3.11117108,-1.65022166,-2.15613564,-0.06828308,0.49887753,0.05340576,3.08847235,4.61732339,-2.16605385,-0.05836506,0.61331845,0.05149841,3.08809088,-1.66624339,-2.16605385,-0.05950928,0.61446286,0.05111694,-0.00488281,-0.00488281,0.00488281,0.00000000,0.01464844,-0.01464844,1.03302002,2.64602784,2.55737305,0.83007812
14.56221962,7490,-3.11117108,-1.65022166,-2.15613564,-0.06828308,0.49887753,0.05340576,3.08847235,4.61732339,-2.16605385,-0.05836493,0.61331845,0.05149841,3.08809088,-1.66624339,-2.16605385,-0.05950928,0.61446286,0.05111694,-0.00488281,-0.00488281,0.00488281,-0.02929688,0.02929688,-0.02929688,1.03302002,2.64619908,2.56919861,0.68359375
14.57654333,7495,-3.11117108,-1.65022166,-2.15613564,-0.06828308,0.49887753,0.05340576,3.08847235,4.61732339,-2.16605385,-0.05836489,0.61331845,0.05149841,3.08809088,-1.66624339,-2.16605385,-0.05950928,0.61446286,0.05111694,-0.00488281,-0.00488281,0.00976562,-0.01464844,0.02929688,-0.01464844,1.03263855,2.64598054,2.57530212,0.41503906
14.59382439,7500,-3.11117108,-1.65022166,-2.15613564,-0.06828308,0.49887753,0.05340576,3.08847235,4.61732339,-2.16605385,-0.05836487,0.61331845,0.05149841,3.08809088,-1.66624339,-2.16605385,-0.05912781,0.61446286,0.05111694,-0.00488281,-0.00488281,0.00488281,0.00000000,-0.00000000,-0.02929688,1.03263855,2.64590893,2.58102417,0.48828125
14.60945678,7505,-3.11117108,-1.65022166,-2.15613564,-0.06828308,0.49887753,0.05340576,3.08847235,4.61732339,-2.16605385,-0.05836487,0.61331845,0.05149841,3.08809088,-1.66624339,-2.16605385,-0.05912781,0.61446286,0.05111694,-0.00488281,-0.00488281,0.00976562,-0.01464844,-0.00000000,-0.01464844,1.03263855,2.64588546,2.59170532,0.53710938
14.62300086,7510,-3.11117108,-1.65022166,-2.15613564,-0.06828308,0.49887753,0.05340576,3.08847235,4.61732339,-2.16605385,-0.05836487,0.61331845,0.05149841,3.08809088,-1.66624339,-2.16605385,-0.05912781,0.61408139,0.05111694,-0.00488281,0.00000000,0.00976562,-0.01464844,0.01464844,-0.01464844,1.03302002,2.64603036,2.60009766,0.61035156
14.63601017,7515,-3.11117108,-1.65022166,-2.15613564,-0.06828308,0.49887753,0.05340576,3.08847235,4.61732339,-2.16605385,-0.05836487,0.61331845,0.05149841,3.08809088,-1.66624339,-2.16605385,-0.05950928,0.61446286,0.05111694,-0.00488281,-0.00488281,0.00488281,-0.01464844,0.01464844,-0.02929688,1.03263855,2.64604732,2.60543823,0.39062500
14.65097237,7520,-3.11117108,-1.65022166,-2.15613564,-0.06828308,0.49887753,0.05340576,3.08847235,4.61732339,-2.16605385,-0.05836487,0.61331845,0.05149841,3.08809088,-1.66624339,-2.16605385,-0.05912781,0.61408139,0.05111694,-0.00976562,-0.00488281,-0.00000000,-0.01464844,0.01464844,-0.02929688,1.03263855,2.64593081,2.60925293,0.21972656
14.66492105,7525,-3.11117108,-1.65022166,-2.15613564,-0.06828308,0.49887753,0.05340576,3.08847235,4.61732339,-2.16605385,-0.05836487,0.61331845,0.05149841,3.08809088,-1.66624339,-2.16605385,-0.05950928,0.61408139,0.05111694,-0.00976562,-0.00488281,0.00976562,-0.02929688,0.01464844,-0.01464844,1.03263855,2.64611236,2.61077881,0.02441406
14.67746663,7530,-3.11117108,-1.65022166,-2.15613564,-0.06828308,0.49887753,0.05340576,3.08847235,4.61732339,-2.16605385,-0.05836487,0.61331845,0.05149841,3.08809088,-1.66624339,-2.16605385,-0.05912781,0.61408139,0.05111694,-0.00488281,0.00000000,-0.00000000,0.00000000,0.01464844,-0.01464844,1.03302002,2.64638694,2.61154175,0.04882812
14.69199252,7535,-3.11117108,-1.65022166,-2.15613564,-0.06828308,0.49887753,0.05340576,3.08847235,4.61732339,-2.16605385,-0.05836487,0.61331845,0.05149841,3.08809088,-1.66624339,-2.16605385,-0.05912781,0.61408139,0.05111694,-0.00488281,0.00000000,0.00976562,0.00000000,-0.00000000,-0.02929688,1.03263855,2.64621788,2.61650085,0.41503906
14.70702910,7540,-3.11117108,-1.65022166,-2.15613564,-0.06828308,0.49887753,0.05340576,3.08847235,4.61732339,-2.16605385,-0.05836487,0.61331845,0.05149841,3.08809088,-1.66624339,-2.16605385,-0.05912781,0.61408139,0.05111694,-0.00488281,0.00000000,-0.00000000,-0.01464844,0.01464844,-0.02929688,1.03302002,2.64642151,2.62222290,0.34179688
14.72241616,7545,-3.11117108,-1.65022166,-2.15613564,-0.06828308,0.49887753,0.05340576,3.08847235,4.61732339,-2.16605385,-0.05836487,0.61331845,0.05149841,3.08809088,-1.66624339,-2.16605385,-0.05912781,0.61408139,0.05111694,-0.00488281,0.00000000,0.00488281,0.00000000,0.01464844,-0.02929688,1.03302002,2.64642574,2.62222290,0.04882812
14.73674560,7550,-3.11117108,-1.65022166,-2.15613564,-0.06828308,0.49887753,0.05340576,3.08847235,4.61732339,-2.16605385,-0.05836487,0.61331845,0.05149841,3.08809088,-1.66624339,-2.16605385,-0.05912781,0.61408139,0.05111694,-0.00488281,0.00000000,-0.00000000,-0.01464844,0.01464844,-0.02929688,1.03302002,2.64634802,2.62527466,0.26855469
14.75192213,7555,-3.11117108,-1.65022166,-2.15613564,-0.06828308,0.49887753,0.05340576,3.08847235,4.61732339,-2.16605385,-0.05836487,0.61331845,0.05149841,3.08809088,-1.66624339,-2.16605385,-0.05912781,0.61408139,0.05111694,-0.00488281,-0.00488281,0.00488281,-0.01464844,0.01464844,-0.02929688,1.03263855,2.64620512,2.62908936,0.19531250
14.76568127,7560,-3.11117108,-1.65022166,-2.15613564,-0.06828308,0.49887753,0.05340576,3.08847235,4.61732339,-2.16605385,-0.05836487,0.61331845,0.05149841,3.08809088,-1.66624339,-2.16605385,-0.05950928,0.61408139,0.05111694,-0.00488281,0.00000000,0.00488281,-0.01464844,0.02929688,-0.01464844,1.03302002,2.64637339,2.63366699,0.31738281
14.77923346,7565,-3.11117108,-1.65022166,-2.15613564,-0.06828308,0.49887753,0.05340576,3.08847235,4.61732339,-2.16605385,-0.05836487,0.61331845,0.05149841,3.08809088,-1.66624339,-2.16605385,-0.05950928,0.61408139,0.05111694,-0.00976562,0.00000000,0.00488281,-0.01464844,0.01464844,0.00000000,1.03302002,2.64655059,2.63786316,0.29296875
14.79273605,7570,-3.11117108,-1.65022166,-2.15613564,-0.06828308,0.49887753,0.05340576,3.08847235,4.61732339,-2.16605385,-0.05836487,0.61331845,0.05149841,3.08809088,-1.66624339,-2.16605385,-0.05912781,0.61408139,0.05111694,0.00000000,-0.00488281,0.00488281,0.00000000,0.01464844,0.00000000,1.03263855,2.64615822,2.63710022,-0.02441406
14.80544329,7575,-3.11117108,-1.65022166,-2.15613564,-0.06828308,0.49887753,0.05340576,3.08847235,4.61732339,-2.16605385,-0.05836487,0.61331845,0.05149841,3.08809088,-1.66624339,-2.16605385,-0.05912781,0.61408139,0.05111694,-0.00488281,-0.00488281,0.00488281,-0.01464844,0.01464844,-0.01464844,1.03263855,2.64615172,2.63710022,-0.04882812
14.82073736,7580,-3.11117108,-1.65022166,-2.15613564,-0.06828308,0.49887753,0.05340576,3.08847235,4.61732339,-2.16605385,-0.05836487,0.61331845,0.05149841,3.08809088,-1.66624339,-2.16605385,-0.05912781,0.61408139,0.05111694,-0.00488281,-0.00488281,0.00488281,0.00000000,0.01464844,-0.01464844,1.03263855,2.64604314,2.63748169,-0.02441406
14.83510041,7585,-3.11117108,-1.65022166,-2.15613564,-0.06828308,0.49887753,0.05340576,3.08847235,4.61732339,-2.16605385,-0.05836487,0.61331845,0.05149841,3.08809088,-1.66624339,-2.16605385,-0.05912781,0.61408139,0.05111694,-0.00488281,0.00000000,0.00976562,0.00000000,0.01464844,-0.01464844,1.03302002,2.64644238,2.63748169,-0.02441406
14.84915113,7590,-3.11117108,-1.65022166,-2.15613564,-0.06828308,0.49887753,0.05340576,3.08847235,4.61732339,-2.16605385,-0.05836487,0.61331845,0.05149841,3.08809088,-1.66624339,-2.16605385,-0.05912781,0.61408139,0.05111694,-0.00488281,0.00000000,0.00488281,-0.01464844,0.01464844,-0.01464844,1.03302002,2.64647555,2.63748169,0.00000000
14.86401033,7595,-3.11117108,-1.65022166,-2.15613564,-0.06828308,0.49887753,0.05340576,3.08847235,4.61732339,-2.16605385,-0.05836487,0.61331845,0.05149841,3.08809088,-1.66624339,-2.16605385,-0.05912781,0.61408139,0.05111694,-0.00488281,-0.00488281,0.00488281,-0.01464844,0.01464844,0.00000000,1.03302002,2.64636434,2.63786316,0.00000000
14.87732148,7600,-3.11117108,-1.65022166,-2.15613564,-0.06828308,0.49887753,0.05340576,3.08847235,4.61732339,-2.16605385,-0.05836487,0.61331845,0.05149841,3.08809088,-1.66624339,-2.16605385,-0.05912781,0.61408139,0.05111694,-0.00488281,-0.00488281,0.00488281,-0.01464844,0.01464844,-0.01464844,1.03263855,2.64621926,2.63786316,0.00000000
14.89258337,7605,-3.11117108,-1.65022166,-2.15613564,-0.06828308,0.49887753,0.05340576,3.08847235,4.61732339,-2.16605385,-0.05836487,0.61331845,0.05149841,3.08809088,-1.66624339,-2.16605385,-0.05912781,0.61408139,0.05111694,-0.00488281,-0.00488281,-0.00000000,-0.02929688,-0.00000000,0.00000000,1.03302002,2.64650009,2.63824463,-0.04882812
14.90648699,7610,-3.11117108,-1.65022166,-2.15613564,-0.06828308,0.49887753,0.05340576,3.08847235,4.61732339,-2.16605385,-0.05836487,0.61331845,0.05149841,3.08809088,-1.66624339,-2.16605385,-0.05912781,0.61408139,0.05111694,-0.00488281,-0.00488281,0.00976562,-0.02929688,0.01464844,-0.01464844,1.03302002,2.64652961,2.63900757,0.07324219
14.92157578,7615,-3.11117108,-1.65022166,-2.15613564,-0.06828308,0.49887753,0.05340576,3.08847235,4.61732339,-2.16605385,-0.05836487,0.61331845,0.05149841,3.08809088,-1.66624339,-2.16605385,-0.05912781,0.61408139,0.05111694,-0.00488281,-0.00488281,0.00488281,-0.01464844,0.02929688,-0.01464844,1.03302002,2.64652366,2.64282227,0.26855469
14.93543458,7620,-3.11117108,-1.65022166,-2.15613564,-0.06828308,0.49887753,0.05340576,3.08847235,4.61732339,-2.16605385,-0.05836487,0.61331845,0.05149841,3.08809088,-1.66624339,-2.16605385,-0.05912781,0.61408139,0.05111694,-0.00488281,-0.00488281,0.00488281,0.00000000,0.02929688,-0.01464844,1.03302002,2.64653734,2.64282227,-0.04882812
14.94997430,7625,-3.11117108,-1.65022166,-2.15613564,-0.06828308,0.49887753,0.05340576,3.08847235,4.61732339,-2.16605385,-0.05836487,0.61331845,0.05149841,3.08809088,-1.66624339,-2.16605385,-0.05912781,0.61408139,0.05111694,0.00000000,-0.00488281,0.00488281,-0.01464844,0.02929688,-0.01464844,1.03263855,2.64632966,2.64244080,-0.04882812
14.96320248,7630,-3.11117108,-1.65022166,-2.15613564,-0.06828308,0.49887753,0.05340576,3.08847235,4.61732339,-2.16605385,-0.05836487,0.61331845,0.05149841,3.08809088,-1.66624339,-2.16605385,-0.05912781,0.61408139,0.05111694,-0.00488281,-0.00488281,0.00488281,0.00000000,-0.00000000,-0.01464844,1.03302002,2.64653627,2.64282227,-0.02441406
14.97699928,7635,-3.11117108,-1.65022166,-2.15613564,-0.06828308,0.49887753,0.05340576,3.08847235,4.61732339,-2.16605385,-0.05836487,0.61331845,0.05149841,3.08809088,-1.66624339,-2.16605385,-0.05912781,0.61408139,0.05111694,-0.00488281,-0.00488281,0.00488281,-0.01464844,-0.00000000,-0.02929688,1.03302002,2.64648190,2.64282227,-0.02441406
14.99042392,7640,-3.11117108,-1.65022166,-2.15613564,-0.06828308,0.49925900,0.05340576,3.08847235,4.61732339,-2.16605385,-0.05836487,0.61339474,0.05149841,3.08809088,-1.66624339,-2.16605385,-0.05912781,0.61408139,0.05149841,-0.00488281,-0.00488281,0.00976562,-0.02929688,0.01464844,0.00000000,1.03302002,2.64648849,2.64282227,-0.07324219
15.00365806,7645,-3.11117108,-1.65022166,-2.15613564,-0.06828308,0.49925900,0.05340576,3.08847235,4.61732339,-2.16605385,-0.05836487,0.61359992,0.05149841,3.08809088,-1.66624339,-2.16605385,-0.05912781,0.61408139,0.05111694,-0.00488281,-0.00488281,0.00488281,-0.01464844,0.01464844,0.00000000,1.03302002,2.64632562,2.64282227,-0.04882812
15.01719022,7650,-3.11117108,-1.65022166,-2.15613564,-0.06828308,0.49925900,0.05340576,3.08847235,4.61732339,-2.16605385,-0.05836487,0.61366715,0.05149841,3.08809088,-1.66624339,-2.16605385,-0.05912781,0.61408139,0.05111694,-0.00488281,-0.00488281,0.00976562,-0.02929688,0.01464844,-0.01464844,1.03302002,2.64643728,2.64282227,-0.02441406
15.03171873,7655,-3.11117108,-1.65022166,-2.15613564,-0.06828308,0.49925900,0.05340576,3.08847235,4.61732339,-2.16605385,-0.05836487,0.61368918,0.05149841,3.08809088,-1.66624339,-2.16605385,-0.05912781,0.61408139,0.05111694,-0.00488281,-0.00488281,0.01464844,-0.01464844,-0.00000000,-0.04394531,1.03302002,2.64649341,2.64320374,0.00000000
15.04804230,7660,-3.11117108,-1.65022166,-2.15613564,-0.06828308,0.49925900,0.05340576,3.08847235,4.61732339,-2.16605385,-0.05836487,0.61369640,0.05149841,3.08809088,-1.66624339,-2.16605385,-0.05912781,0.61408139,0.05111694,-0.00488281,0.00000000,0.00488281,-0.01464844,0.01464844,-0.01464844,1.03302002,2.64652742,2.64358521,0.00000000
15.06332088,7665,-3.11117108,-1.65022166,-2.15613564,-0.06828308,0.49925900,0.05340576,3.08847235,4.61732339,-2.16605385,-0.05836487,0.61369877,0.05149841,3.08809088,-1.66624339,-2.16605385,-0.05912781,0.61408139,0.05111694,-0.00488281,-0.00976562,0.00488281,-0.01464844,-0.00000000,0.00000000,1.03263855,2.64637036,2.64396667,0.02441406
15.07706213,7670,-3.11117108,-1.65022166,-2.15613564,-0.06828308,0.49925900,0.05340576,3.08847235,4.61732339,-2.16605385,-0.05836487,0.61369954,0.05149841,3.08809088,-1.66624339,-2.16605385,-0.05912781,0.61369992,0.05111694,0.00000000,0.00000000,0.00976562,-0.04394531,0.01464844,-0.01464844,1.03302002,2.64654960,2.64663696,0.17089844
15.09194350,7675,-3.11117108,-1.65022166,-2.15613564,-0.06828308,0.49925900,0.05340576,3.08847235,4.61732339,-2.16605385,-0.05836487,0.61369979,0.05149841,3.08809088,-1.66624339,-2.16605385,-0.05912781,0.61408139,0.05111694,-0.00488281,-0.00488281,0.00976562,-0.01464844,0.01464844,-0.01464844,1.03302002,2.64648627,2.64701843,0.00000000
15.10728550,7680,-3.11117108,-1.65022166,-2.15613564,-0.06828308,0.49925900,0.05340576,3.08847235,4.61732339,-2.16605385,-0.05836487,0.61369988,0.05149841,3.08809088,-1.66624339,-2.16605385,-0.05912781,0.61408139,0.05111694,-0.00488281,-0.00976562,0.00488281,-0.01464844,0.02929688,-0.01464844,1.03263855,2.64615277,2.64701843,-0.04882812
15.12007689,7685,-3.11117108,-1.65022166,-2.15613564,-0.06828308,0.49925900,0.05340576,3.08847235,4.61732339,-2.16605385,-0.05836487,0.61369991,0.05149841,3.08809088,-1.66624339,-2.16605385,-0.05912781,0.61408139,0.05111694,-0.00488281,-0.00488281,0.00976562,-0.01464844,0.02929688,-0.02929688,1.03302002,2.64627811,2.64701843,-0.02441406
15.13389945,7690,-3.11117108,-1.65022166,-2.15613564,-0.06828308,0.49925900,0.05340576,3.08847235,4.61732339,-2.16605385,-0.05836487,0.61369991,0.05149841,3.08809088,-1.66624339,-2.16605385,-0.05912781,0.61408139,0.05111694,-0.00488281,-0.00488281,0.00488281,-0.01464844,0.02929688,-0.02929688,1.03263855,2.64606893,2.64701843,-0.02441406
15.14771867,7695,-3.11117108,-1.65022166,-2.15613564,-0.06828308,0.49925900,0.05340576,3.08847235,4.61732339,-2.16605385,-0.05836487,0.61369992,0.05149841,3.08809088,-1.66624339,-2.16605385,-0.05912781,0.61408139,0.05111694,-0.00488281,-0.00976562,0.00976562,-0.02929688,-0.00000000,-0.02929688,1.03302002,2.64631021,2.64701843,0.00000000
15.16253185,7700,-3.11117108,-1.65022166,-2.15613564,-0.06828308,0.49925900,0.05340576,3.08847235,4.61732339,-2.16605385,-0.05836487,0.61369992,0.05149841,3.08809088,-1.66624339,-2.16605385,-0.05912781,0.61408139,0.05111694,-0.00488281,-0.00976562,0.00488281,-0.01464844,0.01464844,-0.01464844,1.03263855,2.64601695,2.64701843,-0.02441406
15.17745018,7705,-3.11117108,-1.65022166,-2.15613564,-0.06828308,0.49925900,0.05340576,3.08847235,4.61732339,-2.16605385,-0.05836487,0.61369992,0.05149841,3.08809088,-1.66624339,-2.16605385,-0.05874634,0.61408139,0.05111694,0.00000000,-0.00488281,0.00488281,0.01464844,0.01464844,-0.01464844,1.03263855,2.64598336,2.64663696,-0.04882812
15.19253230,7710,-3.11117108,-1.65022166,-2.15613564,-0.06828308,0.49925900,0.05340576,3.08847235,4.61732339,-2.16605385,-0.05836487,0.61369992,0.05149841,3.08809088,-1.66624339,-2.16567238,-0.05874634,0.61408139,0.05111694,-0.00488281,-0.00488281,0.00488281,-0.01464844,-0.01464844,-0.01464844,1.03263855,2.64597235,2.64663696,-0.02441406
15.20685077,7715,-3.11117108,-1.65022166,-2.15613564,-0.06828308,0.49925900,0.05340576,3.08847235,4.61732339,-2.16605385,-0.05836487,0.61369992,0.05149841,3.08809088,-1.66624339,-2.16567238,-0.05874634,0.61408139,0.05111694,-0.00488281,-0.00976562,0.00488281,-0.01464844,0.01464844,-0.02929688,1.03263855,2.64590624,2.64701843,-0.02441406
15.22168803,7720,-3.11117108,-1.65022166,-2.15613564,-0.06828308,0.49925900,0.05340576,3.08847235,4.61732339,-2.16605385,-0.05836487,0.61369992,0.05149841,3.08809088,-1.66624339,-2.16567238,-0.05874634,0.61408139,0.05111694,-0.00488281,-0.00488281,0.00488281,-0.01464844,0.02929688,-0.01464844,1.03263855,2.64588458,2.64701843,-0.02441406
15.23904228,7725,-3.11117108,-1.65022166,-2.15613564,-0.06828308,0.49925900,0.05340576,3.08847235,4.61732339,-2.16605385,-0.05836487,0.61369992,0.05149841,3.08809088,-1.66624339,-2.16567238,-0.05874634,0.61408139,0.05111694,-0.00488281,-0.00488281,0.00488281,-0.02929688,0.02929688,-0.01464844,1.03302002,2.64603007,2.64701843,-0.02441406
15.25543213,7730,-3.11117108,-1.65022166,-2.15613564,-0.06828308,0.49925900,0.05340576,3.08847235,4.61732339,-2.16605385,-0.05836487,0.61369992,0.05149841,3.08809088,-1.66624339,-2.16567238,-0.05874634,0.61408139,0.05111694,-0.00488281,-0.00488281,0.00488281,-0.02929688,0.01464844,0.00000000,1.03302002,2.64614024,2.64663696,-0.02441406
15.26877689,7735,-3.11117108,-1.65022166,-2.15613564,-0.06828308,0.49925900,0.05340576,3.08847235,4.61732339,-2.16605385,-0.05836487,0.61369992,0.05149841,3.08809088,-1.66624339,-2.16567238,-0.05874634,0.61408139,0.05111694,-0.00488281,-0.00488281,0.00488281,-0.02929688,0.01464844,-0.01464844,1.03302002,2.64627400,2.64663696,-0.04882812
15.28258419,7740,-3.11117108,-1.65022166,-2.15613564,-0.06828308,0.49925900,0.05340576,3.08847235,4.61732339,-2.16605385,-0.05836487,0.61369992,0.05149841,3.08809088,-1.66624339,-2.16567238,-0.05874634,0.61408139,0.05111694,-0.00488281,-0.00488281,0.00488281,-0.01464844,0.02929688,0.00000000,1.03302002,2.64629830,2.64663696,-0.04882812
15.29631138,7745,-3.11117108,-1.65022166,-2.15613564,-0.06828308,0.49925900,0.05340576,3.08847235,4.61732339,-2.16605385,-0.05836487,0.61369992,0.05149841,3.08809088,-1.66624339,-2.16567238,-0.05874634,0.61408139,0.05111694,-0.00488281,-0.00488281,0.00488281,-0.01464844,0.02929688,-0.02929688,1.03302002,2.64638537,2.64663696,-0.02441406
15.30973268,7750,-3.11117108,-1.65022166,-2.15613564,-0.06828308,0.49925900,0.05340576,3.08847235,4.61732339,-2.16605385,-0.05836487,0.61369992,0.05149841,3.08809088,-1.66624339,-2.16567238,-0.05874634,0.61408139,0.05111694,-0.00488281,-0.00488281,0.00488281,-0.01464844,-0.00000000,0.00000000,1.03302002,2.64641389,2.64663696,0.00000000
15.32197905,7755,-3.11117108,-1.65022166,-2.15613564,-0.06828308,0.49925900,0.05340576,3.08847235,4.61732339,-2.16605385,-0.05836487,0.61369992,0.05149841,3.08809088,-1.66624339,-2.16567238,-0.05874634,0.61408139,0.05111694,-0.00488281,0.00000000,0.00488281,0.00000000,-0.00000000,0.00000000,1.03263855,2.64622671,2.64663696,-0.04882812
15.33623767,7760,-3.11117108,-1.65022166,-2.15613564,-0.06828308,0.49925900,0.05340576,3.08847235,4.61732339,-2.16605385,-0.05836487,0.61369992,0.05149841,3.08809088,-1.66624339,-2.16567238,-0.05874634,0.61408139,0.05111694,-0.00976562,-0.00488281,0.00488281,-0.01464844,-0.00000000,-0.01464844,1.03263855,2.64605209,2.64701843,-0.02441406
15.35112214,7765,-3.11117108,-1.65022166,-2.15613564,-0.06828308,0.49925900,0.05340576,3.08847235,4.61732339,-2.16605385,-0.05836487,0.61369992,0.05149841,3.08809088,-1.66624339,-2.16567238,-0.05874634,0.61408139,0.05111694,-0.00488281,-0.00976562,0.00488281,-0.01464844,0.01464844,-0.01464844,1.03302002,2.64626953,2.64663696,0.00000000
15.36400700,7770,-3.11117108,-1.65022166,-2.15613564,-0.06828308,0.49925900,0.05340576,3.08847235,4.61732339,-2.16605385,-0.05836487,0.61369992,0.05149841,3.08809088,-1.66624339,-2.16567238,-0.05874634,0.61408139,0.05111694,-0.00488281,-0.00488281,0.00976562,-0.01464844,0.01464844,-0.01464844,1.03263855,2.64606612,2.64663696,-0.02441406
15.37784004,7775,-3.11117108,-1.65022166,-2.15613564,-0.06828308,0.49925900,0.05340576,3.08847235,4.61732339,-2.16605385,-0.05836487,0.61369992,0.05149841,3.08809088,-1.66624339,-2.16567238,-0.05874634,0.61408139,0.05111694,-0.00488281,-0.00488281,-0.00000000,0.00000000,0.01464844,-0.01464844,1.03263855,2.64605904,2.64701843,0.02441406
15.39123654,7780,-3.11117108,-1.65022166,-2.15613564,-0.06828308,0.49925900,0.05340576,3.08847235,4.61732339,-2.16605385,-0.05836487,0.61369992,0.05149841,3.08809088,-1.66624339,-2.16567238,-0.05874634,0.61408139,0.05111694,-0.00488281,-0.00488281,0.00488281,-0.02929688,0.02929688,-0.01464844,1.03263855,2.64593465,2.64663696,0.00000000
15.40398097,7785,-3.11117108,-1.65022166,-2.15613564,-0.06828308,0.49925900,0.05340576,3.08847235,4.61732339,-2.16605385,-0.05836487,0.61369992,0.05149841,3.08809088,-1.66624339,-2.16567238,-0.05874634,0.61408139,0.05111694,-0.00976562,-0.00488281,0.00488281,-0.01464844,0.01464844,-0.02929688,1.03302002,2.64604648,2.64663696,0.00000000
15.41936350,7790,-3.11117108,-1.65022166,-2.15613564,-0.06828308,0.49925900,0.05340576,3.08847235,4.61732339,-2.16605385,-0.05836487,0.61369992,0.05149841,3.08809088,-1.66624339,-2.16567238,-0.05874634,0.61408139,0.05111694,0.00000000,-0.00488281,0.00488281,-0.01464844,0.01464844,-0.02929688,1.03302002,2.64608312,2.64663696,0.00000000
15.43312669,7795,-3.11117108,-1.65022166,-2.15613564,-0.06828308,0.49925900,0.05340576,3.08847235,4.61732339,-2.16605385,-0.05836487,0.61369992,0.05149841,3.08809088,-1.66624339,-2.16567238,-0.05874634,0.61408139,0.05111694,-0.00488281,-0.00488281,0.00488281,-0.02929688,-0.00000000,-0.01464844,1.03302002,2.64619278,2.64663696,0.00000000
15.44945145,7800,-3.11117108,-1.65022166,-2.15613564,-0.06828308,0.49925900,0.05340576,3.08847235,4.61732339,-2.16605385,-0.05836487,0.61369992,0.05149841,3.08809088,-1.66624339,-2.16567238,-0.05874634,0.61408139,0.05111694,-0.00488281,-0.00488281,0.00976562,-0.02929688,0.01464844,-0.01464844,1.03263855,2.64604098,2.64663696,-0.02441406
15.46284366,7805,-3.11117108,-1.65022166,-2.15613564,-0.06828308,0.49925900,0.05340576,3.08847235,4.61732339,-2.16605385,-0.05836487,0.61369992,0.05149841,3.08809088,-1.66624339,-2.16567238,-0.05874634,0.61408139,0.05111694,-0.00488281,-0.00488281,0.00976562,0.00000000,-0.00000000,-0.01464844,1.03263855,2.64602639,2.64663696,-0.04882812
15.47633195,7810,-3.11117108,-1.65022166,-2.15613564,-0.06828308,0.49925900,0.05340576,3.08847235,4.61732339,-2.16605385,-0.05836487,0.61369992,0.05149841,3.08809088,-1.66624339,-2.16567238,-0.05874634,0.61408139,0.05111694,-0.00976562,-0.00976562,0.00976562,-0.01464844,0.01464844,0.00000000,1.03263855,2.64600207,2.64663696,-0.04882812
15.49054551,7815,-3.11117108,-1.65022166,-2.15613564,-0.06828308,0.49925900,0.05340576,3.08847235,4.61732339,-2.16605385,-0.05836487,0.61369992,0.05149841,3.08809088,-1.66624339,-2.16567238,-0.05874634,0.61408139,0.05111694,-0.00488281,-0.00976562,0.00976562,-0.01464844,0.01464844,-0.01464844,1.03263855,2.64591598,2.64701843,-0.02441406
15.50504875,7820,-3.11117108,-1.65022166,-2.15613564,-0.06828308,0.49925900,0.05340576,3.08847235,4.61732339,-2.16605385,-0.05836487,0.61369992,0.05149841,3.08809088,-1.66624339,-2.16567238,-0.05874634,0.61408139,0.05111694,0.00000000,-0.00976562,0.00488281,-0.01464844,0.01464844,-0.01464844,1.03263855,2.64612605,2.64663696,-0.02441406
15.51783609,7825,-3.11117108,-1.65022166,-2.15613564,-0.06828308,0.49925900,0.05340576,3.08847235,4.61732339,-2.16605385,-0.05836487,0.61369992,0.05149841,3.08809088,-1.66624339,-2.16567238,-0.05874634,0.61408139,0.05111694,-0.00488281,-0.00488281,0.00488281,0.00000000,0.01464844,-0.02929688,1.03263855,2.64595661,2.64663696,0.00000000
15.53272629,7830,-3.11117108,-1.65022166,-2.15613564,-0.06828308,0.49925900,0.05340576,3.08847235,4.61732339,-2.16605385,-0.05836487,0.61369992,0.05149841,3.08809088,-1.66624339,-2.16567238,-0.05874634,0.61408139,0.05111694,-0.00488281,-0.00488281,0.00488281,0.00000000,-0.00000000,0.00000000,1.03263855,2.64610128,2.64701843,-0.02441406
15.54666328,7835,-3.11117108,-1.65022166,-2.15613564,-0.06828308,0.49925900,0.05340576,3.08847235,4.61732339,-2.16605385,-0.05836487,0.61369992,0.05149841,3.08809088,-1.66624339,-2.16567238,-0.05874634,0.61408139,0.05111694,-0.00976562,-0.00976562,-0.00000000,0.00000000,-0.00000000,-0.01464844,1.03302002,2.64617920,2.64663696,-0.02441406
15.55883431,7840,-3.11117108,-1.65022166,-2.15613564,-0.06828308,0.49925900,0.05340576,3.08847235,4.61732339,-2.16605385,-0.05836487,0.61369992,0.05149841,3.08809088,-1.66624339,-2.16567238,-0.05874634,0.61408139,0.05111694,-0.00488281,-0.00488281,0.00488281,0.00000000,0.02929688,-0.01464844,1.03263855,2.64609610,2.64663696,0.00000000
15.57374310,7845,-3.11117108,-1.65022166,-2.15613564,-0.06828308,0.49925900,0.05340576,3.08847235,4.61732339,-2.16605385,-0.05836487,0.61369992,0.05149841,3.08809088,-1.66624339,-2.16567238,-0.05874634,0.61408139,0.05111694,-0.00488281,0.00000000,0.00488281,0.00000000,0.01464844,0.00000000,1.03263855,2.64606886,2.64663696,-0.02441406
15.58751178,7850,-3.11117108,-1.65022166,-2.15613564,-0.06828308,0.49925900,0.05340576,3.08847235,4.61732339,-2.16605385,-0.05836487,0.61369992,0.05149841,3.08809088,-1.66624339,-2.16567238,-0.05874634,0.61408139,0.05111694,-0.00488281,-0.00976562,0.00488281,0.00000000,0.01464844,-0.02929688,1.03263855,2.64607849,2.64663696,-0.04882812
15.60126615,7855,-3.11117108,-1.65022166,-2.15613564,-0.06828308,0.49925900,0.05340576,3.08847235,4.61732339,-2.16605385,-0.05836487,0.61369992,0.05149841,3.08809088,-1.66624339,-2.16567238,-0.05874634,0.61408139,0.05111694,-0.00488281,-0.00488281,0.00488281,-0.01464844,0.01464844,-0.02929688,1.03263855,2.64610118,2.64663696,-0.02441406
15.61774230,7860,-3.11117108,-1.65022166,-2.15613564,-0.06828308,0.49925900,0.05340576,3.08847235,4.61732339,-2.16605385,-0.05836487,0.61369992,0.05149841,3.08809088,-1.66624339,-2.16567238,-0.05874634,0.61408139,0.05111694,-0.00488281,-0.00488281,0.00488281,-0.01464844,0.01464844,0.00000000,1.03263855,2.64602658,2.64663696,-0.02441406
15.63252854,7865,-3.11117108,-1.65022166,-2.15613564,-0.06790161,0.49925900,0.05340576,3.08847235,4.61732339,-2.16605385,-0.05822754,0.61369992,0.05149841,3.08809088,-1.66624339,-2.16567238,-0.05874634,0.61408139,0.05111694,-0.00976562,-0.00488281,0.00488281,-0.01464844,0.01464844,0.00000000,1.03302002,2.64607660,2.64663696,-0.02441406
15.64664650,7870,-3.11117108,-1.65022166,-2.15613564,-0.06790161,0.49925900,0.05340576,3.08847235,4.61732339,-2.16605385,-0.05806340,0.61369992,0.05149841,3.08809088,-1.66624339,-2.16567238,-0.05874634,0.61408139,0.05111694,-0.00488281,-0.00976562,-0.00000000,-0.01464844,0.01464844,-0.01464844,1.03263855,2.64600290,2.64663696,-0.04882812
15.66176796,7875,-3.11117108,-1.65022166,-2.15613564,-0.06790161,0.49925900,0.05340576,3.08847235,4.61732339,-2.16605385,-0.05800961,0.61369992,0.05149841,3.08809088,-1.66624339,-2.16567238,-0.05874634,0.61408139,0.05111694,-0.00488281,0.00000000,0.00488281,-0.01464844,0.01464844,0.00000000,1.03263855,2.64591626,2.64663696,0.00000000
15.67378378,7880,-3.11117108,-1.65022166,-2.15613564,-0.06790161,0.49925900,0.05340576,3.08847235,4.61732339,-2.16605385,-0.05799199,0.61369992,0.05149841,3.08809088,-1.66624339,-2.16567238,-0.05874634,0.61408139,0.05111694,-0.00488281,-0.00488281,-0.00000000,0.00000000,0.01464844,-0.01464844,1.03263855,2.64588786,2.64663696,-0.04882812
15.68830514,7885,-3.11117108,-1.65022166,-2.15613564,-0.06790161,0.49925900,0.05340576,3.08847235,4.61732339,-2.16605385,-0.05798621,0.61369992,0.05149841,3.08809088,-1.66624339,-2.16567238,-0.05874634,0.61408139,0.05111694,-0.00488281,-0.00488281,0.00976562,-0.02929688,0.01464844,-0.01464844,1.03302002,2.64609365,2.64663696,-0.04882812
15.70317054,7890,-3.11117108,-1.65022166,-2.15613564,-0.06790161,0.49925900,0.05340576,3.08847235,4.61732339,-2.16605385,-0.05798432,0.61369992,0.05149841,3.08809088,-1.66624339,-2.16567238,-0.05874634,0.61408139,0.05111694,-0.00488281,-0.00488281,0.00488281,-0.01464844,0.01464844,-0.01464844,1.03263855,2.64594599,2.64663696,-0.04882812
15.71730924,7895,-3.11117108,-1.65022166,-2.15613564,-0.06790161,0.49925900,0.05340576,3.08847235,4.61732339,-2.16605385,-0.05798370,0.61369992,0.05149841,3.08809088,-1.66624339,-2.16567238,-0.05874634,0.61408139,0.05111694,0.00000000,-0.00488281,0.00488281,-0.01464844,0.01464844,0.00000000,1.03263855,2.64599526,2.64663696,0.00000000
15.73176146,7900,-3.11117108,-1.65022166,-2.15613564,-0.06790161,0.49925900,0.05340576,3.08847235,4.61732339,-2.16605385,-0.05798350,0.61369992,0.05149841,3.08809088,-1.66624339,-2.16567238,-0.05874634,0.61408139,0.05111694,0.00000000,-0.00488281,0.00976562,-0.02929688,0.01464844,0.00000000,1.03263855,2.64609832,2.64663696,-0.04882812
15.74606395,7905,-3.11117108,-1.65022166,-2.15613564,-0.06790161,0.49925900,0.05340576,3.08847235,4.61732339,-2.16605385,-0.05798343,0.61369992,0.05149841,3.08809088,-1.66624339,-2.16567238,-0.05874634,0.61408139,0.05111694,-0.00488281,0.00000000,0.00488281,-0.01464844,0.01464844,-0.02929688,1.03302002,2.64622218,2.64663696,-0.02441406
15.75860000,7910,-3.11117108,-1.65022166,-2.15613564,-0.06790161,0.49925900,0.05340576,3.08847235,4.61732339,-2.16605385,-0.05798341,0.61369992,0.05149841,3.08809088,-1.66624339,-2.16567238,-0.05874634,0.61408139,0.05111694,-0.00976562,-0.00488281,0.00488281,-0.01464844,0.01464844,-0.01464844,1.03263855,2.64598811,2.64701843,-0.02441406
15.77183390,7915,-3.11117108,-1.65022166,-2.15613564,-0.06790161,0.49925900,0.05340576,3.08847235,4.61732339,-2.16605385,-0.05798340,0.61369992,0.05149841,3.08809088,-1.66624339,-2.16567238,-0.05874634,0.61408139,0.05111694,-0.00488281,-0.00488281,0.00488281,-0.01464844,0.02929688,-0.01464844,1.03263855,2.64617410,2.64663696,-0.02441406
15.78617668,7920,-3.11117108,-1.65022166,-2.15613564,-0.06790161,0.49925900,0.05340576,3.08847235,4.61732339,-2.16605385,-0.05798340,0.61369992,0.05149841,3.08809088,-1.66624339,-2.16567238,-0.05874634,0.61408139,0.05111694,-0.00488281,-0.00488281,0.00488281,-0.01464844,0.01464844,0.00000000,1.03302002,2.64626557,2.64663696,-0.02441406
15.80214047,7925,-3.11117108,-1.65022166,-2.15613564,-0.06790161,0.49925900,0.05340576,3.08847235,4.61732339,-2.16605385,-0.05798340,0.61369992,0.05149841,3.08809088,-1.66624339,-2.16567238,-0.05874634,0.61408139,0.05111694,-0.00488281,-0.00488281,0.00976562,-0.01464844,-0.00000000,-0.01464844,1.03263855,2.64609998,2.64663696,-0.02441406
15.81646419,7930,-3.11117108,-1.65022166,-2.15613564,-0.06828308,0.49925900,0.05340576,3.08847235,4.61732339,-2.16605385,-0.05805969,0.61369992,0.05149841,3.08809088,-1.66624339,-2.16567238,-0.05874634,0.61408139,0.05111694,-0.00488281,-0.00488281,-0.00000000,-0.01464844,0.01464844,-0.02929688,1.03263855,2.64602619,2.64663696,0.00000000
15.82922864,7935,-3.11117108,-1.65022166,-2.15613564,-0.06828308,0.49925900,0.05340576,3.08847235,4.61732339,-2.16605385,-0.05826487,0.61369992,0.05149841,3.08809088,-1.66624339,-2.16567238,-0.05874634,0.61408139,0.05111694,-0.00488281,-0.00488281,0.00488281,0.00000000,0.01464844,-0.01464844,1.03302002,2.64625225,2.64663696,-0.02441406
15.84315753,7940,-3.11117108,-1.65022166,-2.15613564,-0.06828308,0.49925900,0.05340576,3.08847235,4.61732339,-2.16605385,-0.05833210,0.61369992,0.05149841,3.08809088,-1.66624339,-2.16567238,-0.05874634,0.61408139,0.05111694,-0.00488281,0.00000000,0.00488281,-0.01464844,0.01464844,-0.02929688,1.03263855,2.64635831,2.64663696,-0.02441406
15.85689402,7945,-3.11117108,-1.65022166,-2.15613564,-0.06828308,0.49925900,0.05340576,3.08847235,4.61732339,-2.16605385,-0.05835413,0.61369992,0.05149841,3.08809088,-1.66624339,-2.16567238,-0.05874634,0.61408139,0.05111694,-0.00488281,-0.00488281,0.00488281,-0.01464844,0.01464844,-0.01464844,1.03263855,2.64609522,2.64663696,-0.02441406
15.87233162,7950,-3.11117108,-1.65022166,-2.15613564,-0.06828308,0.49925900,0.05340576,3.08847235,4.61732339,-2.16605385,-0.05836135,0.61369992,0.05149841,3.08809088,-1.66624339,-2.16567238,-0.05874634,0.61408139,0.05111694,-0.00488281,-0.00488281,0.00488281,0.00000000,0.01464844,-0.02929688,1.03302002,2.64629929,2.64663696,0.00000000
15.88581181,7955,-3.11117108,-1.65022166,-2.15613564,-0.06828308,0.49925900,0.05340576,3.08847235,4.61732339,-2.16605385,-0.05836372,0.61369992,0.05149841,3.08809088,-1.66624339,-2.16567238,-0.05874634,0.61408139,0.05111694,-0.00488281,-0.00488281,0.00976562,-0.01464844,0.01464844,-0.01464844,1.03263855,2.64637373,2.64663696,-0.02441406
15.90348959,7960,-3.11117108,-1.65022166,-2.15613564,-0.06828308,0.49925900,0.05340576,3.08847235,4.61732339,-2.16605385,-0.05836449,0.61369992,0.05149841,3.08809088,-1.66624339,-2.16567238,-0.05874634,0.61408139,0.05111694,-0.00488281,-0.00488281,0.00488281,-0.01464844,0.02929688,-0.01464844,1.03302002,2.64648821,2.64663696,-0.04882812
15.91747594,7965,-3.11117108,-1.65022166,-2.15613564,-0.06790161,0.49925900,0.05340576,3.08847235,4.61732339,-2.16605385,-0.05828845,0.61369992,0.05149841,3.08809088,-1.66624339,-2.16567238,-0.05874634,0.61408139,0.05111694,-0.00488281,0.00000000,0.00976562,-0.01464844,0.02929688,-0.01464844,1.03263855,2.64631356,2.64663696,0.00000000
15.93166065,7970,-3.11117108,-1.65022166,-2.15613564,-0.06790161,0.49925900,0.05340576,3.08847235,4.61732339,-2.16605385,-0.05808336,0.61369992,0.05149841,3.08809088,-1.66624339,-2.16567238,-0.05874634,0.61408139,0.05111694,-0.00488281,-0.00488281,0.00488281,-0.01464844,0.01464844,-0.02929688,1.03302002,2.64653099,2.64663696,-0.02441406
15.94492936,7975,-3.11117108,-1.65022166,-2.15613564,-0.06790161,0.49925900,0.05340576,3.08847235,4.61732339,-2.16605385,-0.05801615,0.61369992,0.05149841,3.08809088,-1.66624339,-2.16567238,-0.05874634,0.61408139,0.05111694,-0.00976562,-0.00488281,0.00488281,-0.01464844,0.01464844,-0.01464844,1.03302002,2.64640204,2.64663696,-0.04882812
15.95775509,7980,-3.11117108,-1.65022166,-2.15613564,-0.06790161,0.49925900,0.05340576,3.08847235,4.61732339,-2.16605385,-0.05799413,0.61369992,0.05149841,3.08809088,-1.66624339,-2.16567238,-0.05874634,0.61408139,0.05111694,-0.00488281,-0.00488281,-0.00000000,-0.01464844,-0.00000000,-0.01464844,1.03263855,2.64614470,2.64663696,-0.02441406
15.97266817,7985,-3.11117108,-1.65022166,-2.15613564,-0.06790161,0.49925900,0.05340576,3.08847235,4.61732339,-2.16605385,-0.05798692,0.61369992,0.05149841,3.08809088,-1.66624339,-2.16567238,-0.05836487,0.61408139,0.05111694,-0.00976562,-0.00488281,0.00488281,-0.01464844,0.01464844,-0.02929688,1.03263855,2.64612288,2.64663696,-0.04882812
15.98665452,7990,-3.11117108,-1.65060313,-2.15613564,-0.06790161,0.49925900,0.05340576,3.08847235,4.61713723,-2.16605385,-0.05798455,0.61369992,0.05149841,3.08809088,-1.66624339,-2.16567238,-0.05874634,0.61408139,0.05111694,-0.00488281,-0.00488281,0.00976562,-0.01464844,0.01464844,-0.01464844,1.03263855,2.64603369,2.64663696,-0.02441406
16.00005460,7995,-3.11117108,-1.65060313,-2.15613564,-0.06828308,0.49925900,0.05340576,3.08847235,4.61700592,-2.16605385,-0.05816993,0.61369992,0.05149841,3.08809088,-1.66624339,-2.16567238,-0.05874634,0.61408139,0.05111694,-0.00488281,-0.00976562,0.00488281,-0.02929688,0.01464844,-0.02929688,1.03302002,2.64615706,2.64663696,-0.02441406
16.01393390,8000,-3.11117108,-1.65060313,-2.15613564,-0.06828308,0.49925900,0.05340576,3.08847235,4.61696289,-2.16605385,-0.05830099,0.61369992,0.05149841,3.08809088,-1.66624339,-2.16567238,-0.05836487,0.61408139,0.05111694,-0.00488281,-0.00976562,-0.00000000,0.00000000,-0.00000000,0.00000000,1.03302002,2.64640158,2.64663696,-0.02441406
16.02889967,8005,-3.11117108,-1.65060313,-2.15651711,-0.06828308,0.49925900,0.05340576,3.08847235,4.61694879,-2.16627907,-0.05834394,0.61369992,0.05149841,3.08809088,-1.66624339,-2.16567238,-0.05836487,0.61408139,0.05111694,-0.00488281,-0.00488281,0.00488281,-0.01464844,0.01464844,-0.01464844,1.03302002,2.64649733,2.64663696,0.00000000
16.04228044,8010,-3.11117108,-1.65060313,-2.15651711,-0.06828308,0.49887753,0.05340576,3.08847235,4.61694417,-2.16638412,-0.05835801,0.61347470,0.05149841,3.08809088,-1.66624339,-2.16567238,-0.05836487,0.61408139,0.05111694,-0.00488281,-0.00488281,0.00976562,-0.01464844,-0.00000000,-0.01464844,1.03302002,2.64629336,2.64663696,-0.02441406
16.05599308,8015,-3.11117108,-1.65060313,-2.15689858,-0.06828308,0.49887753,0.05340576,3.08847235,4.61694266,-2.16664376,-0.05836262,0.61336965,0.05149841,3.08809088,-1.66624339,-2.16567238,-0.05836487,0.61408139,0.05111694,-0.00976562,-0.00488281,-0.00000000,0.00000000,-0.00000000,-0.01464844,1.03302002,2.64634859,2.64663696,-0.02441406
16.07323170,8020,-3.11117108,-1.65060313,-2.15728005,-0.06828308,0.49887753,0.05340576,3.08847235,4.61694216,-2.16689742,-0.05836413,0.61333523,0.05149841,3.08809088,-1.66624339,-2.16567238,-0.05836487,0.61408139,0.05111694,0.00000000,-0.00488281,0.00488281,-0.01464844,0.01464844,-0.02929688,1.03302002,2.64644481,2.64663696,-0.04882812
16.08775401,8025,-3.11117108,-1.65060313,-2.15728005,-0.06828308,0.49811459,0.05340576,3.08847235,4.61694200,-2.16709968,-0.05836463,0.61302243,0.05149841,3.08809088,-1.66624339,-2.16567238,-0.05836487,0.61408139,0.05111694,-0.00488281,-0.00976562,0.00976562,-0.01464844,0.02929688,-0.01464844,1.03302002,2.64657400,2.64663696,0.00000000
16.10155678,8030,-3.11117108,-1.65060313,-2.15728005,-0.06828308,0.49735165,0.05340576,3.08847235,4.61694194,-2.16716596,-0.05836479,0.61238502,0.05149841,3.08809088,-1.66624339,-2.16567238,-0.05836487,0.61408139,0.05111694,-0.00488281,0.00000000,0.00488281,-0.01464844,0.01464844,0.00000000,1.03302002,2.64661633,2.64663696,0.00000000
16.11582112,8035,-3.11117108,-1.65060313,-2.15728005,-0.06828308,0.49544430,0.05378723,3.08847235,4.61694193,-2.16718768,-0.05836484,0.61104420,0.05163574,3.08809088,-1.66624339,-2.16567238,-0.05836487,0.61408139,0.05111694,0.00000000,-0.00488281,0.00488281,-0.01464844,0.01464844,0.00000000,1.03302002,2.64663020,2.64663696,0.00000000
16.12955141,8040,-3.11117108,-1.65060313,-2.15728005,-0.06828308,0.49506283,0.05378723,3.08847235,4.61694192,-2.16719479,-0.05836486,0.61000853,0.05179988,3.08809088,-1.66624339,-2.16567238,-0.05836487,0.61408139,0.05111694,-0.00488281,-0.00488281,0.00488281,0.00000000,0.02929688,0.00000000,1.03263855,2.64648216,2.64663696,-0.02441406
16.14233494,8045,-3.11117108,-1.65060313,-2.15728005,-0.06828308,0.49506283,0.05378723,3.08847235,4.61694192,-2.16719712,-0.05836487,0.60966916,0.05185367,3.08809088,-1.66624339,-2.16567238,-0.05836487,0.61408139,0.05111694,-0.00488281,-0.00976562,0.00488281,-0.01464844,0.01464844,-0.01464844,1.03302002,2.64658624,2.64663696,-0.04882812
16.15697312,8050,-3.11117108,-1.65060313,-2.15728005,-0.06828308,0.49468136,0.05378723,3.08847235,4.61694192,-2.16719789,-0.05836487,0.60930148,0.05187129,3.08809088,-1.66624339,-2.16567238,-0.05836487,0.61408139,0.05111694,-0.00976562,-0.00488281,0.00488281,-0.01464844,-0.00000000,-0.02929688,1.03263855,2.64620506,2.64663696,0.00000000
16.17209435,8055,-3.11117108,-1.65060313,-2.15804299,-0.06828308,0.49468136,0.05378723,3.08847235,4.61694192,-2.16760952,-0.05836487,0.60918100,0.05187707,3.08809088,-1.66624339,-2.16567238,-0.05836487,0.61369992,0.05111694,-0.00488281,-0.00488281,0.00488281,0.00000000,-0.00000000,-0.01464844,1.03263855,2.64628035,2.64663696,-0.04882812
16.18689036,8060,-3.11117108,-1.65060313,-2.15880593,-0.06828308,0.49468136,0.05378723,3.08847235,4.61694192,-2.16817872,-0.05836487,0.60914152,0.05187896,3.08809088,-1.66624339,-2.16567238,-0.05836487,0.61369992,0.05111694,-0.00488281,-0.00488281,0.00488281,-0.01464844,-0.01464844,-0.01464844,1.03302002,2.64642245,2.64663696,0.02441406
16.20253944,8065,-3.11117108,-1.65060313,-2.16033181,-0.06828308,0.49468136,0.05378723,3.08847235,4.61694192,-2.16909180,-0.05836487,0.60912859,0.05187958,3.08809088,-1.66624339,-2.16567238,-0.05836487,0.61331845,0.05111694,0.00000000,-0.00488281,0.00488281,-0.01464844,-0.00000000,-0.01464844,1.03302002,2.64639089,2.64663696,-0.04882812
16.21430421,8070,-3.11117108,-1.65060313,-2.16147621,-0.06828308,0.49468136,0.05378723,3.08847235,4.61694192,-2.17035817,-0.05836487,0.60912435,0.05187978,3.08809088,-1.66624339,-2.16567238,-0.05836487,0.61331845,0.05111694,-0.00488281,-0.00488281,0.00488281,0.00000000,-0.01464844,-0.01464844,1.03302002,2.64639617,2.64663696,0.00000000
16.22846007,8075,-3.11117108,-1.65060313,-2.16338356,-0.06828308,0.49468136,0.05378723,3.08847235,4.61694192,-2.17188751,-0.05836487,0.60912296,0.05187985,3.08809088,-1.66624339,-2.16567238,-0.05836487,0.61293698,0.05111694,-0.00488281,-0.00488281,0.00488281,-0.01464844,-0.00000000,-0.01464844,1.03302002,2.64655806,2.64663696,-0.02441406
16.24332857,8080,-3.11117108,-1.65060313,-2.16567238,-0.06828308,0.49506283,0.05378723,3.08847235,4.61694192,-2.17381808,-0.05836487,0.60937897,0.05187987,3.08809088,-1.66624339,-2.16567238,-0.05836487,0.61293698,0.05111694,-0.00488281,-0.00488281,-0.00000000,-0.01464844,-0.00000000,-0.01464844,1.03263855,2.64633645,2.64663696,-0.02441406
16.25654101,8085,-3.11117108,-1.65060313,-2.16719826,-0.06828308,0.49544430,0.05378723,3.08847235,4.61694192,-2.17581495,-0.05836487,0.60968808,0.05187988,3.08809088,-1.66624339,-2.16567238,-0.05836487,0.61293698,0.05149841,-0.00488281,-0.00488281,0.00488281,0.00000000,0.01464844,0.00000000,1.03263855,2.64620133,2.64663696,-0.04882812
16.27210259,8090,-3.11117108,-1.65098460,-2.17063149,-0.06828308,0.49544430,0.05378723,3.08847235,4.61680459,-2.17829802,-0.05836487,0.60982062,0.05187988,3.08809088,-1.66624339,-2.16567238,-0.05836487,0.61293698,0.05111694,-0.00488281,0.00000000,0.00488281,-0.02929688,0.01464844,-0.02929688,1.03302002,2.64633406,2.64663696,-0.04882812
16.28741837,8095,-3.11117108,-1.65098460,-2.17253884,-0.06828308,0.49544430,0.05378723,3.08847235,4.61664045,-2.18063524,-0.05836487,0.60986405,0.05187988,3.08809088,-1.66624339,-2.16567238,-0.05836487,0.61255551,0.05149841,-0.00488281,-0.00488281,0.00488281,-0.02929688,-0.00000000,0.00000000,1.03302002,2.64637755,2.64663696,-0.02441406
16.30156255,8100,-3.11117108,-1.65174754,-2.17444619,-0.06828308,0.49544430,0.05378723,3.08847235,4.61625390,-2.18277280,-0.05836487,0.60987828,0.05187988,3.08809088,-1.66624339,-2.16567238,-0.05836487,0.61255551,0.05111694,-0.00976562,-0.00488281,0.00488281,0.00000000,0.01464844,-0.01464844,1.03302002,2.64648946,2.64663696,0.00000000
16.31328964,8105,-3.11117108,-1.65251048,-2.17635353,-0.06828308,0.49544430,0.05378723,3.08847235,4.61573344,-2.18460519,-0.05836487,0.60988295,0.05187988,3.08809088,-1.66624339,-2.16567238,-0.05836487,0.61255551,0.05111694,-0.00976562,-0.00488281,-0.00000000,-0.02929688,0.01464844,0.00000000,1.03302002,2.64638843,2.64625549,-0.07324219
16.32891655,8110,-3.11117108,-1.65327342,-2.17826088,-0.06828308,0.49544430,0.05378723,3.08847235,4.61493081,-2.18669501,-0.05836487,0.60988448,0.05187988,3.08809088,-1.66624339,-2.16605385,-0.05836487,0.61255551,0.05111694,-0.00488281,-0.00488281,-0.01464844,0.00000000,0.01464844,-0.01464844,1.03263855,2.64640294,2.64663696,-0.02441406
16.34382367,8115,-3.11117108,-1.65365489,-2.17978676,-0.06828308,0.49544430,0.05378723,3.08847235,4.61435030,-2.18831779,-0.05836487,0.60988498,0.05187988,3.08809088,-1.66624339,-2.16643532,-0.05836487,0.61255551,0.05111694,0.00000000,-0.00976562,-0.01464844,-0.01464844,0.01464844,-0.01464844,1.03302002,2.64629758,2.64663696,0.00000000
16.35652208,8120,-3.11117108,-1.65479930,-2.18131264,-0.06828308,0.49506283,0.05378723,3.08847235,4.61360210,-2.18991448,-0.05836487,0.60965992,0.05187988,3.08809088,-1.66624339,-2.16643532,-0.05836487,0.61217404,0.05111694,-0.00488281,0.00000000,-0.00488281,-0.01464844,-0.01464844,0.00000000,1.03302002,2.64640368,2.64625549,-0.04882812
16.37155223,8125,-3.11117108,-1.65594371,-2.18321999,-0.06828308,0.49544430,0.05378723,3.08847235,4.61250744,-2.19168098,-0.05836487,0.60969225,0.05187988,3.08809088,-1.66624339,-2.16681679,-0.05836487,0.61217404,0.05111694,-0.00488281,-0.00976562,-0.01953125,-0.01464844,-0.01464844,-0.01464844,1.03263855,2.64628586,2.64625549,-0.04882812
16.38532543,8130,-3.11117108,-1.65670665,-2.18474587,-0.06828308,0.49544430,0.05378723,3.08847235,4.61153570,-2.19331695,-0.05836487,0.60982199,0.05187988,3.08809088,-1.66624339,-2.16719826,-0.05836487,0.61179257,0.05111694,-0.00976562,0.00000000,-0.03417969,-0.01464844,-0.00000000,-0.01464844,1.03302002,2.64645941,2.64625549,-0.04882812
16.39872503,8135,-3.11117108,-1.65823252,-2.18589028,-0.06828308,0.49506283,0.05378723,3.08847235,4.61032275,-2.19474157,-0.05836487,0.60960803,0.05187988,3.08809088,-1.66624339,-2.16757973,-0.05836487,0.61217404,0.05111694,-0.00976562,-0.00976562,-0.02441406,-0.01464844,0.02929688,0.01464844,1.03302002,2.64657878,2.64625549,-0.02441406
16.41217327,8140,-3.11117108,-1.65937693,-2.18703469,-0.06828308,0.49506283,0.05378723,3.08847235,4.60915589,-2.19594655,-0.05836487,0.60953792,0.05187988,3.08809088,-1.66624339,-2.16834267,-0.05836487,0.61179257,0.05149841,-0.00976562,-0.00488281,-0.03417969,0.00000000,-0.00000000,0.00000000,1.03302002,2.64652024,2.64663696,-0.02441406
16.42638373,8145,-3.11117108,-1.66013987,-2.18856057,-0.06828308,0.49506283,0.05378723,3.08847235,4.60801010,-2.19728720,-0.05836487,0.60951495,0.05187988,3.08809088,-1.66624339,-2.16872414,-0.05836487,0.61179257,0.05111694,-0.00488281,-0.00488281,-0.02929688,0.00000000,-0.01464844,-0.01464844,1.03302002,2.64659872,2.64663696,-0.02441406
16.44070554,8150,-3.11117108,-1.66013987,-2.19008644,-0.06828308,0.49506283,0.05378723,3.08847235,4.60760340,-2.19871332,-0.05836487,0.60950742,0.05187988,3.08809088,-1.66624339,-2.16948708,-0.05836487,0.61102963,0.05111694,-0.00976562,-0.00488281,-0.03906250,-0.01464844,-0.02929688,-0.01464844,1.03302002,2.64656193,2.64663696,0.00000000
16.45365071,8155,-3.11117108,-1.66013987,-2.19161232,-0.06828308,0.49506283,0.05378723,3.08847235,4.60747013,-2.20024558,-0.05836487,0.60950495,0.05187988,3.08809088,-1.66662486,-2.16986855,-0.05836487,0.61064816,0.05149841,-0.00976562,-0.00976562,-0.04394531,-0.01464844,-0.01464844,-0.01464844,1.03302002,2.64653425,2.64625549,-0.04882812
16.47121286,8160,-3.11117108,-1.66166575,-2.19351967,-0.06828308,0.49506283,0.05378723,3.08847235,4.60672138,-2.20195189,-0.05836487,0.60950415,0.05187988,3.08809088,-1.66662486,-2.17063149,-0.05836487,0.61026669,0.05111694,-0.00488281,-0.00976562,-0.02929688,0.00000000,0.01464844,-0.01464844,1.03302002,2.64660331,2.64663696,0.00000000
16.48510242,8165,-3.11117108,-1.66204722,-2.19542702,-0.06828308,0.49506283,0.05378723,3.08847235,4.60589876,-2.20389346,-0.05836487,0.60950388,0.05187988,3.08809088,-1.66662486,-2.17101296,-0.05836487,0.60988522,0.05149841,-0.00976562,-0.01464844,-0.03417969,0.00000000,-0.01464844,0.00000000,1.03263855,2.64635128,2.64663696,0.00000000
16.49923754,8170,-3.11117108,-1.66204722,-2.19695290,-0.06828308,0.49506283,0.05378723,3.08847235,4.60562921,-2.20557459,-0.05836487,0.60950379,0.05187988,3.08809088,-1.66700633,-2.17177590,-0.05836487,0.60988522,0.05149841,-0.00488281,-0.01953125,-0.03906250,0.00000000,0.01464844,0.00000000,1.03263855,2.64603041,2.64625549,-0.02441406
16.51251721,8175,-3.11117108,-1.66204722,-2.19847878,-0.06828308,0.49506283,0.05378723,3.08847235,4.60554088,-2.20725144,-0.05836487,0.60950377,0.05187988,3.08809088,-1.66738780,-2.17215737,-0.05836487,0.60988522,0.05149841,-0.00488281,-0.02929688,-0.02441406,-0.01464844,0.02929688,-0.01464844,1.03302002,2.64623801,2.64625549,-0.04882812
16.52681279,8180,-3.11117108,-1.66204722,-2.20038613,-0.06828308,0.49506283,0.05378723,3.08847235,4.60551193,-2.20890309,-0.05836487,0.60950376,0.05187988,3.08809088,-1.66776927,-2.17253884,-0.05836487,0.60988522,0.05149841,-0.00488281,-0.04394531,-0.03417969,-0.02929688,-0.01464844,-0.01464844,1.03302002,2.64634608,2.64663696,-0.02441406
16.54076982,8185,-3.11117108,-1.66204722,-2.20229348,-0.06828308,0.49506283,0.05378723,3.08847235,4.60550245,-2.21072665,-0.05836487,0.60950375,0.05187988,3.08809088,-1.66815074,-2.17292031,-0.05836487,0.60988522,0.05111694,-0.00488281,-0.03417969,-0.03417969,0.00000000,-0.00000000,-0.01464844,1.03263855,2.64632656,2.64625549,-0.04882812
16.55464959,8190,-3.11117108,-1.66204722,-2.20420082,-0.06828308,0.49506283,0.05378723,3.08847235,4.60549934,-2.21249668,-0.05836487,0.60950375,0.05187988,3.08809088,-1.66853221,-2.17406472,-0.05836487,0.60988522,0.05149841,-0.00488281,-0.01953125,-0.06347656,0.00000000,0.01464844,-0.01464844,1.03302002,2.64645712,2.64625549,-0.02441406
16.56901526,8195,-3.11117108,-1.66204722,-2.20572670,-0.06828308,0.49506283,0.05378723,3.08847235,4.60549832,-2.21421242,-0.05836487,0.60950375,0.05187988,3.08809088,-1.66853221,-2.17482766,-0.05836487,0.61026669,0.05149841,-0.00488281,-0.00976562,-0.05371094,-0.01464844,-0.00000000,-0.01464844,1.03302002,2.64657803,2.64663696,-0.02441406
16.58372808,8200,-3.11117108,-1.66204722,-2.20763405,-0.06828308,0.49506283,0.05378723,3.08847235,4.60549799,-2.21596910,-0.05836487,0.60950375,0.05187988,3.08809088,-1.66853221,-2.17597206,-0.05836487,0.60988522,0.05149841,0.00000000,-0.00976562,-0.06835938,-0.01464844,0.01464844,-0.01464844,1.03263855,2.64632444,2.64663696,-0.02441406
16.59816551,8205,-3.11117108,-1.66204722,-2.20954140,-0.06828308,0.49506283,0.05378723,3.08847235,4.60549788,-2.21784465,-0.05836487,0.60950375,0.05187988,3.08809088,-1.66853221,-2.17635353,-0.05836487,0.60988522,0.05149841,-0.00488281,-0.00976562,-0.05371094,-0.01464844,0.01464844,-0.01464844,1.03263855,2.64624134,2.64625549,0.00000000
16.61002994,8210,-3.11117108,-1.66204722,-2.21106728,-0.06828308,0.49506283,0.05378723,3.08847235,4.60549784,-2.21960425,-0.05836487,0.60950375,0.05187988,3.08809088,-1.66853221,-2.17711647,-0.05836487,0.60950375,0.05149841,-0.00488281,-0.00488281,-0.05859375,0.00000000,-0.00000000,-0.02929688,1.03302002,2.64628760,2.64625549,-0.02441406
16.62291074,8215,-3.11117108,-1.66204722,-2.21259316,-0.06828308,0.49506283,0.05378723,3.08847235,4.60549783,-2.22122869,-0.05836487,0.60950375,0.05187988,3.08809088,-1.66853221,-2.17787941,-0.05836487,0.60950375,0.05111694,-0.00488281,-0.01464844,-0.04394531,-0.02929688,0.01464844,-0.02929688,1.03302002,2.64616213,2.64625549,-0.04882812
16.63729501,8220,-3.11117108,-1.66204722,-2.21488198,-0.06828308,0.49506283,0.05378723,3.08847235,4.60549783,-2.22304882,-0.05836487,0.60950375,0.05187988,3.08809088,-1.66891368,-2.17864235,-0.05836487,0.60950375,0.05111694,-0.00488281,-0.02929688,-0.04882812,-0.01464844,-0.00000000,-0.02929688,1.03302002,2.64648137,2.64625549,-0.02441406
16.65117669,8225,-3.11117108,-1.66204722,-2.21717079,-0.06828308,0.49544430,0.05378723,3.08847235,4.60549783,-2.22514500,-0.05836487,0.60964108,0.05187988,3.08809088,-1.66929515,-2.17940529,-0.05836487,0.60950375,0.05111694,-0.00488281,-0.02929688,-0.05371094,0.00000000,0.02929688,-0.01464844,1.03302002,2.64634770,2.64663696,-0.02441406
16.66480970,8230,-3.11117108,-1.66204722,-2.21831520,-0.06828308,0.49544430,0.05378723,3.08847235,4.60549783,-2.22693967,-0.05836487,0.60980522,0.05187988,3.08809088,-1.66967662,-2.18016823,-0.05836487,0.60988522,0.05149841,-0.00488281,-0.02929688,-0.03417969,-0.02929688,0.02929688,0.00000000,1.03302002,2.64647968,2.64625549,0.00000000
16.67708182,8235,-3.11117108,-1.66204722,-2.22022255,-0.06828308,0.49544430,0.05378723,3.08847235,4.60549783,-2.22865970,-0.05836487,0.60985901,0.05187988,3.08809088,-1.66967662,-2.18093117,-0.05874634,0.60988522,0.05111694,-0.00488281,-0.02929688,-0.05859375,-0.02929688,-0.00000000,-0.01464844,1.03302002,2.64648777,2.64663696,-0.02441406
16.69034171,8240,-3.11117108,-1.66204722,-2.22212990,-0.06828308,0.49544430,0.05378723,3.08847235,4.60549783,-2.23038799,-0.05836487,0.60987663,0.05187988,3.08809088,-1.67005809,-2.18169411,-0.05836487,0.60988522,0.05149841,-0.00488281,-0.01464844,-0.06835938,-0.01464844,0.02929688,-0.02929688,1.03263855,2.64633783,2.64625549,-0.02441406
16.70670891,8245,-3.11117108,-1.66204722,-2.22327431,-0.06828308,0.49544430,0.05378723,3.08847235,4.60549783,-2.23212314,-0.05836487,0.60988241,0.05187988,3.08809088,-1.67005809,-2.18283852,-0.05836487,0.60988522,0.05111694,-0.00488281,-0.01464844,-0.06347656,-0.01464844,-0.00000000,-0.02929688,1.03263855,2.64618616,2.64625549,-0.02441406
16.71941495,8250,-3.11117108,-1.66204722,-2.22518166,-0.06828308,0.49506283,0.05378723,3.08847235,4.60549783,-2.23380366,-0.05836487,0.60980800,0.05187988,3.08809088,-1.67043956,-2.18360146,-0.05836487,0.60988522,0.05149841,-0.00488281,-0.01464844,-0.04882812,-0.01464844,0.02929688,-0.01464844,1.03302002,2.64636717,2.64625549,0.00000000
16.73427510,8255,-3.11117108,-1.66204722,-2.22708901,-0.06828308,0.49506283,0.05378723,3.08847235,4.60549783,-2.23555660,-0.05836487,0.60960345,0.05187988,3.08809088,-1.67043956,-2.18474587,-0.05874634,0.60988522,0.05111694,-0.00488281,-0.00976562,-0.06347656,-0.01464844,0.01464844,-0.02929688,1.03302002,2.64648606,2.64625549,-0.02441406
16.74955440,8260,-3.11117108,-1.66204722,-2.22937783,-0.06828308,0.49544430,0.05378723,3.08847235,4.60549783,-2.23756972,-0.05836487,0.60972258,0.05187988,3.08809088,-1.67043956,-2.18550881,-0.05836487,0.60988522,0.05149841,-0.00488281,-0.00976562,-0.03906250,-0.01464844,0.01464844,-0.01464844,1.03263855,2.64607458,2.64625549,-0.02441406
16.76384616,8265,-3.11117108,-1.66204722,-2.23052224,-0.06828308,0.49544430,0.05378723,3.08847235,4.60549783,-2.23927907,-0.05836487,0.60983193,0.05187988,3.08809088,-1.67043956,-2.18665322,-0.05836487,0.60950375,0.05149841,-0.00488281,-0.00976562,-0.05859375,-0.01464844,0.01464844,-0.01464844,1.03263855,2.64630009,2.64625549,-0.02441406
16.77718830,8270,-3.11117108,-1.66204722,-2.23242958,-0.06828308,0.49506283,0.05378723,3.08847235,4.60549783,-2.24102143,-0.05836487,0.60968160,0.05187988,3.08809088,-1.67043956,-2.18741616,-0.05836487,0.60988522,0.05149841,-0.00488281,-0.00488281,-0.05371094,-0.01464844,0.04394531,-0.01464844,1.03302002,2.64646408,2.64663696,0.00000000
16.79229951,8275,-3.11117108,-1.66204722,-2.23471840,-0.06828308,0.49506283,0.05378723,3.08847235,4.60549783,-2.24313900,-0.05836487,0.60956203,0.05187988,3.08809088,-1.67043956,-2.18856057,-0.05836487,0.60988522,0.05149841,-0.00488281,-0.01464844,-0.07324219,-0.01464844,0.01464844,-0.01464844,1.03302002,2.64658031,2.64663696,-0.04882812
16.80494618,8280,-3.11117108,-1.66204722,-2.23662575,-0.06828308,0.49544430,0.05378723,3.08847235,4.60549783,-2.24505860,-0.05836487,0.60977932,0.05187988,3.08809088,-1.67082102,-2.18932350,-0.05836487,0.60988522,0.05149841,0.00000000,-0.01953125,-0.04882812,-0.01464844,0.02929688,-0.02929688,1.03302002,2.64635570,2.64625549,-0.02441406
16.81821489,8285,-3.11117108,-1.66204722,-2.23853310,-0.06828308,0.49544430,0.05378723,3.08847235,4.60549783,-2.24699974,-0.05836487,0.60985052,0.05187988,3.08809088,-1.67082102,-2.19008644,-0.05836487,0.60988522,0.05149841,-0.00976562,-0.02441406,-0.08789062,-0.01464844,-0.00000000,-0.01464844,1.03302002,2.64644714,2.64625549,-0.02441406
16.83357501,8290,-3.11117108,-1.66204722,-2.24082192,-0.06828308,0.49544430,0.05378723,3.08847235,4.60549783,-2.24912141,-0.05836487,0.60987385,0.05187988,3.08809088,-1.67120249,-2.19123085,-0.05874634,0.61026669,0.05149841,-0.00488281,-0.01953125,-0.05859375,-0.02929688,0.02929688,-0.02929688,1.03302002,2.64647711,2.64663696,-0.02441406
16.84621263,8295,-3.11117108,-1.66204722,-2.24349221,-0.06828308,0.49544430,0.05378723,3.08847235,4.60549783,-2.25142394,-0.05836487,0.60988149,0.05187988,3.08809088,-1.67158396,-2.19237526,-0.05836487,0.60988522,0.05149841,0.00000000,-0.02441406,-0.08300781,-0.01464844,0.01464844,-0.01464844,1.03302002,2.64640880,2.64625549,0.00000000
16.86102152,8300,-3.11117108,-1.66204722,-2.24616249,-0.06828308,0.49544430,0.05378723,3.08847235,4.60549783,-2.25400351,-0.05836487,0.60988400,0.05187988,3.08809088,-1.67158396,-2.19390114,-0.05874634,0.60988522,0.05149841,-0.00488281,-0.01953125,-0.07812500,-0.01464844,-0.00000000,-0.01464844,1.03263855,2.64640961,2.64625549,-0.02441406
16.87471318,8305,-3.11117108,-1.66204722,-2.24845131,-0.06828308,0.49544430,0.05378723,3.08847235,4.60549783,-2.25638760,-0.05836487,0.60988482,0.05187988,3.08809088,-1.67196543,-2.19504555,-0.05836487,0.60988522,0.05149841,0.00000000,-0.01464844,-0.07812500,-0.01464844,0.02929688,0.01464844,1.03302002,2.64629977,2.64625549,-0.02441406
16.89114904,8310,-3.11117108,-1.66204722,-2.25188454,-0.06828308,0.49544430,0.05378723,3.08847235,4.60549783,-2.25920898,-0.05836487,0.60988509,0.05187988,3.08809088,-1.67196543,-2.19618996,-0.05836487,0.61026669,0.05149841,-0.00488281,-0.01464844,-0.08300781,-0.01464844,0.04394531,-0.01464844,1.03302002,2.64642881,2.64625549,0.00000000
16.90432787,8315,-3.11117108,-1.66204722,-2.25379189,-0.06828308,0.49544430,0.05378723,3.08847235,4.60549783,-2.26180304,-0.05836487,0.60988518,0.05187988,3.08809088,-1.67196543,-2.19733437,-0.05836487,0.61026669,0.05149841,-0.00488281,-0.00976562,-0.07812500,0.00000000,0.01464844,-0.02929688,1.03302002,2.64640860,2.64625549,-0.02441406
16.91975498,8320,-3.11117108,-1.66204722,-2.25722512,-0.06828308,0.49544430,0.05378723,3.08847235,4.60549783,-2.26482067,-0.05836487,0.60988521,0.05187988,3.08809088,-1.67196543,-2.19886025,-0.05874634,0.60988522,0.05149841,-0.00488281,-0.00488281,-0.06835938,-0.02929688,-0.00000000,0.00000000,1.03263855,2.64628747,2.64625549,-0.04882812
16.93348575,8325,-3.11117108,-1.66204722,-2.25989540,-0.06828308,0.49544430,0.05378723,3.08847235,4.60549783,-2.26752616,-0.05836487,0.60988522,0.05187988,3.08809088,-1.67196543,-2.20000466,-0.05836487,0.60988522,0.05149841,-0.00488281,-0.00976562,-0.08300781,0.00000000,-0.00000000,-0.01464844,1.03302002,2.64640037,2.64625549,-0.04882812
16.94699454,8330,-3.11117108,-1.66204722,-2.26294716,-0.06828308,0.49544430,0.05378723,3.08847235,4.60549783,-2.27038438,-0.05836487,0.60988522,0.05187988,3.08809088,-1.67196543,-2.20076760,-0.05874634,0.60988522,0.05149841,-0.00488281,-0.00976562,-0.06347656,-0.01464844,0.04394531,-0.01464844,1.03302002,2.64637487,2.64625549,0.00000000
16.96248674,8335,-3.11117108,-1.66204722,-2.26599892,-0.06828308,0.49544430,0.05378723,3.08847235,4.60549783,-2.27355289,-0.05836487,0.60988522,0.05187988,3.08809088,-1.67234690,-2.20229348,-0.05874634,0.61026669,0.05149841,-0.00488281,-0.00976562,-0.07324219,0.00000000,0.04394531,-0.01464844,1.03263855,2.64627642,2.64625549,-0.02441406
16.97580695,8340,-3.11117108,-1.66204722,-2.26905068,-0.06828308,0.49544430,0.05378723,3.08847235,4.60549783,-2.27655502,-0.05836487,0.60988522,0.05187988,3.08809088,-1.67234690,-2.20381935,-0.05836487,0.61064816,0.05149841,-0.00488281,-0.00976562,-0.10253906,-0.02929688,0.02929688,-0.01464844,1.03263855,2.64624416,2.64625549,0.00000000
16.99248266,8345,-3.11117108,-1.66204722,-2.27324684,-0.06828308,0.49544430,0.05378723,3.08847235,4.60549783,-2.28007818,-0.05836487,0.60988522,0.05187988,3.08809088,-1.67234690,-2.20458229,-0.05836487,0.61064816,0.05111694,-0.00976562,-0.00976562,-0.07324219,-0.01464844,0.02929688,-0.01464844,1.03302002,2.64644575,2.64625549,-0.02441406
17.00637698,8350,-3.11117108,-1.66204722,-2.27629860,-0.06828308,0.49544430,0.05378723,3.08847235,4.60549783,-2.28340355,-0.05836487,0.60988522,0.05187988,3.08809088,-1.67234690,-2.20610817,-0.05874634,0.61026669,0.05149841,-0.00976562,-0.00976562,-0.07324219,-0.02929688,-0.01464844,-0.01464844,1.03302002,2.64639852,2.64625549,-0.02441406
17.02028775,8355,-3.11117108,-1.66204722,-2.28011330,-0.06828308,0.49544430,0.05378723,3.08847235,4.60549783,-2.28715019,-0.05836487,0.60988522,0.05187988,3.08809088,-1.67234690,-2.20763405,-0.05836487,0.60988522,0.05149841,0.00000000,-0.01464844,-0.10742188,-0.02929688,-0.01464844,-0.02929688,1.03302002,2.64649633,2.64625549,-0.02441406
17.03448772,8360,-3.11117108,-1.66204722,-2.28469094,-0.06828308,0.49544430,0.05378723,3.08847235,4.60549783,-2.29118941,-0.05836487,0.60988522,0.05187988,3.08809088,-1.67272837,-2.20954140,-0.05836487,0.61026669,0.05149841,-0.00488281,-0.01953125,-0.12207031,-0.02929688,0.02929688,-0.01464844,1.03302002,2.64641510,2.64625549,0.00000000
17.04816461,8365,-3.11117108,-1.66204722,-2.28850563,-0.06828308,0.49544430,0.05378723,3.08847235,4.60549783,-2.29504008,-0.05836487,0.60988522,0.05187988,3.08809088,-1.67272837,-2.21106728,-0.05874634,0.61064816,0.05149841,-0.00488281,-0.01953125,-0.10253906,0.00000000,-0.00000000,0.01464844,1.03263855,2.64631402,2.64625549,-0.04882812
17.06334758,8370,-3.11117108,-1.66204722,-2.29155739,-0.06828308,0.49544430,0.05378723,3.08847235,4.60549783,-2.29869640,-0.05836487,0.60988522,0.05187988,3.08809088,-1.67310984,-2.21259316,-0.05874634,0.61026669,0.05149841,-0.00976562,-0.02441406,-0.09277344,-0.02929688,-0.00000000,0.00000000,1.03302002,2.64640907,2.64625549,0.00000000
17.07706451,8375,-3.11117108,-1.66204722,-2.29613503,-0.06828308,0.49544430,0.05378723,3.08847235,4.60549783,-2.30286228,-0.05836487,0.60988522,0.05187988,3.08809088,-1.67310984,-2.21411904,-0.05836487,0.61026669,0.05149841,-0.00488281,-0.01953125,-0.10253906,-0.01464844,-0.00000000,-0.02929688,1.03302002,2.64620194,2.64625549,0.00000000
17.08930230,8380,-3.11117108,-1.66204722,-2.30071266,-0.06828308,0.49544430,0.05378723,3.08847235,4.60549783,-2.30707989,-0.05836487,0.60988522,0.05187988,3.08809088,-1.67349131,-2.21564492,-0.05874634,0.61064816,0.05111694,-0.00488281,-0.01953125,-0.12695312,-0.01464844,0.04394531,0.00000000,1.03263855,2.64624417,2.64625549,-0.04882812
17.10263395,8385,-3.11117108,-1.66204722,-2.30490883,-0.06828308,0.49544430,0.05378723,3.08847235,4.60549783,-2.31145984,-0.05836487,0.60988522,0.05187988,3.08809088,-1.67349131,-2.21717079,-0.05874634,0.61064816,0.05149841,-0.00976562,-0.01953125,-0.13183594,-0.02929688,0.01464844,0.00000000,1.03263855,2.64627754,2.64625549,-0.04882812
17.11534762,8390,-3.11117108,-1.66204722,-2.30986794,-0.06828308,0.49506283,0.05378723,3.08847235,4.60549783,-2.31601775,-0.05836487,0.60974789,0.05187988,3.08809088,-1.67349131,-2.21831520,-0.05836487,0.61064816,0.05149841,-0.00488281,-0.00976562,-0.11230469,0.00000000,0.01464844,0.01464844,1.03302002,2.64639712,2.64625549,-0.02441406
17.12969637,8395,-3.11117108,-1.66204722,-2.31558998,-0.06828308,0.49506283,0.05378723,3.08847235,4.60549783,-2.32115374,-0.05836487,0.60958375,0.05187988,3.08809088,-1.67387278,-2.22060402,-0.05836487,0.61026669,0.05149841,-0.00488281,-0.00976562,-0.12207031,0.00000000,0.01464844,-0.01464844,1.03263855,2.64634328,2.64625549,-0.02441406
17.14492059,8400,-3.11117108,-1.66204722,-2.32093056,-0.06828308,0.49506283,0.05378723,3.08847235,4.60549783,-2.32654935,-0.05836487,0.60952997,0.05187988,3.08809088,-1.67387278,-2.22212990,-0.05874634,0.61026669,0.05149841,-0.00976562,-0.00976562,-0.12207031,-0.01464844,0.01464844,0.00000000,1.03302002,2.64640010,2.64625549,-0.04882812
17.15718198,8405,-3.11117108,-1.66204722,-2.32741555,-0.06828308,0.49506283,0.05378723,3.08847235,4.60549783,-2.33240979,-0.05836487,0.60951234,0.05187988,3.08809088,-1.67387278,-2.22403725,-0.05874634,0.61064816,0.05149841,-0.00488281,-0.00488281,-0.13183594,-0.02929688,0.01464844,-0.01464844,1.03263855,2.64630911,2.64625549,-0.02441406
17.17216778,8410,-3.11117108,-1.66204722,-2.33618935,-0.06828308,0.49506283,0.05378723,3.08847235,4.60549783,-2.33983001,-0.05836487,0.60950657,0.05187988,3.08809088,-1.67387278,-2.22670754,-0.05874634,0.61026669,0.05149841,-0.00488281,-0.00976562,-0.13671875,-0.02929688,-0.00000000,0.00000000,1.03263855,2.64631444,2.64625549,-0.02441406
17.18599415,8415,-3.11117108,-1.66204722,-2.34381874,-0.06828308,0.49506283,0.05378723,3.08847235,4.60549783,-2.34757690,-0.05836487,0.60950467,0.05187988,3.08809088,-1.67387278,-2.22823342,-0.05836487,0.61064816,0.05149841,-0.00488281,-0.00976562,-0.14160156,-0.02929688,0.01464844,-0.01464844,1.03263855,2.64620291,2.64625549,-0.02441406
17.20018077,8420,-3.11117108,-1.66204722,-2.35106667,-0.06828308,0.49506283,0.05378723,3.08847235,4.60549783,-2.35532182,-0.05836487,0.60950405,0.05187988,3.08809088,-1.67387278,-2.23052224,-0.05874634,0.61064816,0.05149841,-0.00488281,-0.00488281,-0.17089844,-0.01464844,0.01464844,-0.01464844,1.03302002,2.64649473,2.64625549,-0.04882812
17.21640587,8425,-3.11117108,-1.66204722,-2.36174782,-0.06828308,0.49506283,0.05378723,3.08847235,4.60549783,-2.36393097,-0.05836487,0.60950385,0.05187988,3.08809088,-1.67387278,-2.23319252,-0.05874634,0.61064816,0.05149841,-0.00488281,-0.00976562,-0.15625000,-0.01464844,0.01464844,-0.01464844,1.03302002,2.64659036,2.64625549,-0.02441406
17.23254275,8430,-3.11117108,-1.66204722,-2.37281044,-0.06828308,0.49506283,0.05378723,3.08847235,4.60549783,-2.37409149,-0.05836487,0.60950378,0.05187988,3.08809088,-1.67387278,-2.23586281,-0.05874634,0.61064816,0.05149841,-0.00488281,-0.00488281,-0.16601562,-0.01464844,-0.00000000,-0.02929688,1.03302002,2.64644591,2.64625549,-0.02441406
17.24647379,8435,-3.11117108,-1.66204722,-2.38234719,-0.06790161,0.49506283,0.05378723,3.08847235,4.60549783,-2.38424133,-0.05828857,0.60950376,0.05187988,3.08809088,-1.67425425,-2.23815163,-0.05874634,0.61064816,0.05149841,0.00000000,-0.00488281,-0.17578125,-0.01464844,0.02929688,-0.02929688,1.03302002,2.64657436,2.64625549,-0.07324219
17.26169395,8440,-3.11117108,-1.66204722,-2.39302834,-0.06790161,0.49544430,0.05378723,3.08847235,4.60549783,-2.39416537,-0.05808340,0.60964108,0.05187988,3.08809088,-1.67425425,-2.24158486,-0.05836487,0.61026669,0.05149841,-0.00976562,-0.00976562,-0.19042969,0.00000000,-0.00000000,-0.01464844,1.03302002,2.64655395,2.64625549,0.00000000
17.27537966,8445,-3.11117108,-1.66204722,-2.40256508,-0.06790161,0.49544430,0.05378723,3.08847235,4.60549783,-2.40333293,-0.05801617,0.60980522,0.05187988,3.08809088,-1.67425425,-2.24425515,-0.05874634,0.61064816,0.05149841,-0.00488281,-0.00976562,-0.21484375,-0.01464844,0.05859375,-0.01464844,1.03302002,2.64660976,2.64625549,0.00000000
17.28772759,8450,-3.11117108,-1.66204722,-2.41057595,-0.06790161,0.49544430,0.05378723,3.08847235,4.60549783,-2.41308415,-0.05799414,0.60985901,0.05187988,3.08809088,-1.67425425,-2.24692543,-0.05874634,0.61102963,0.05149841,-0.00488281,-0.00976562,-0.20507812,0.01464844,0.02929688,-0.01464844,1.03263855,2.64637781,2.64625549,-0.02441406
17.30369568,8455,-3.11117108,-1.66166575,-2.42278298,-0.06790161,0.49544430,0.05378723,3.08847235,4.60563516,-2.42384583,-0.05798692,0.60987663,0.05187988,3.08809088,-1.67425425,-2.24997719,-0.05836487,0.61064816,0.05149841,-0.00976562,-0.00976562,-0.21972656,-0.01464844,0.01464844,0.01464844,1.03263855,2.64625883,2.64625549,0.00000000
17.31860280,8460,-3.11117108,-1.66166575,-2.43460854,-0.06790161,0.49544430,0.05378723,3.08847235,4.60579930,-2.43496585,-0.05798455,0.60988241,0.05187988,3.08809088,-1.67425425,-2.25379189,-0.05874634,0.61064816,0.05149841,-0.00488281,-0.00976562,-0.22949219,0.00000000,0.01464844,0.00000000,1.03302002,2.64643493,2.64625549,-0.02441406
17.33186197,8465,-3.11117108,-1.66166575,-2.44490822,-0.06790161,0.49544430,0.05378723,3.08847235,4.60585308,-2.44575211,-0.05798378,0.60988430,0.05187988,3.08809088,-1.67463572,-2.25722512,-0.05874634,0.61064816,0.05149841,-0.00488281,-0.01464844,-0.23437500,0.00000000,0.01464844,-0.01464844,1.03302002,2.64657076,2.64625549,-0.04882812
17.34508729,8470,-3.11117108,-1.66166575,-2.45406349,-0.06790161,0.49544430,0.05378723,3.08847235,4.60587071,-2.45594280,-0.05798352,0.60988492,0.05187988,3.08809088,-1.67463572,-2.26027687,-0.05874634,0.61102963,0.05149841,-0.00488281,-0.00976562,-0.23925781,0.01464844,0.02929688,-0.02929688,1.03263855,2.64646268,2.64625549,-0.04882812
17.36080670,8475,-3.11117108,-1.66166575,-2.46627053,-0.06790161,0.49544430,0.05378723,3.08847235,4.60587648,-2.46653258,-0.05798344,0.60988512,0.05187988,3.08809088,-1.67463572,-2.26409157,-0.05874634,0.61102963,0.05149841,-0.00488281,-0.01464844,-0.26367188,-0.01464844,0.04394531,-0.01464844,1.03263855,2.64642727,2.64625549,-0.04882812
17.37471747,8480,-3.11117108,-1.66166575,-2.47809609,-0.06752014,0.49544430,0.05378723,3.08847235,4.60587837,-2.47936579,-0.05772694,0.60988519,0.05187988,3.08809088,-1.67501719,-2.26828774,-0.05874634,0.61102963,0.05149841,-0.00488281,-0.00488281,-0.26855469,0.00000000,-0.00000000,0.00000000,1.03263855,2.64621547,2.64625549,0.00000000
17.38747764,8485,-3.11117108,-1.66166575,-2.49144753,-0.06752014,0.49544430,0.05378723,3.08847235,4.60587899,-2.49181598,-0.05764289,0.60988521,0.05187988,3.08809088,-1.67463572,-2.27172097,-0.05874634,0.61102963,0.05149841,-0.00488281,-0.00488281,-0.26367188,-0.01464844,0.02929688,-0.01464844,1.03302002,2.64627912,2.64625549,-0.02441406
17.40343094,8490,-3.11117108,-1.66166575,-2.50365456,-0.06752014,0.49506283,0.05378723,3.08847235,4.60587920,-2.50382339,-0.05761535,0.60969906,0.05187988,3.08809088,-1.67463572,-2.27515419,-0.05836487,0.61064816,0.05149841,-0.00488281,-0.00488281,-0.29296875,-0.01464844,-0.02929688,-0.02929688,1.03302002,2.64639763,2.64625549,-0.02441406
17.41874313,8495,-3.11117108,-1.66166575,-2.51662453,-0.06752014,0.49506283,0.05378723,3.08847235,4.60587926,-2.51714787,-0.05760633,0.60956775,0.05187988,3.08809088,-1.67501719,-2.28087624,-0.05874634,0.61064816,0.05149841,-0.00488281,-0.00976562,-0.31738281,-0.01464844,-0.00000000,-0.01464844,1.03263855,2.64632783,2.64625549,-0.02441406
17.43354201,8500,-3.11117108,-1.66166575,-2.52921303,-0.06752014,0.49506283,0.05378723,3.08847235,4.60587929,-2.52981250,-0.05760337,0.60952472,0.05187988,3.08809088,-1.67501719,-2.28507241,-0.05836487,0.61102963,0.05149841,-0.00488281,-0.00488281,-0.29785156,-0.01464844,0.02929688,0.00000000,1.03263855,2.64610085,2.64625549,-0.02441406
17.44833517,8505,-3.11117108,-1.66166575,-2.54332741,-0.06752014,0.49506283,0.05378723,3.08847235,4.60587929,-2.54265983,-0.05760240,0.60951062,0.05187988,3.08809088,-1.67501719,-2.29003151,-0.05836487,0.61064816,0.05149841,-0.00488281,0.00000000,-0.32226562,-0.01464844,0.01464844,-0.02929688,1.03263855,2.64613292,2.64625549,0.00000000
17.46175551,8510,-3.11117108,-1.66166575,-2.55553444,-0.06752014,0.49506283,0.05378723,3.08847235,4.60587930,-2.55483595,-0.05760208,0.60950600,0.05187988,3.08809088,-1.67501719,-2.29460915,-0.05836487,0.61064816,0.05149841,0.00000000,-0.00976562,-0.33203125,-0.01464844,-0.00000000,-0.01464844,1.03302002,2.64627160,2.64663696,0.00000000
17.47555637,8515,-3.11117108,-1.66128428,-2.56697853,-0.06752014,0.49506283,0.05378723,3.08847235,4.60601663,-2.56700429,-0.05760198,0.60950449,0.05187988,3.08809088,-1.67501719,-2.29994973,-0.05874634,0.61102963,0.05149841,-0.00488281,-0.00488281,-0.33691406,0.00000000,0.04394531,-0.01464844,1.03302002,2.64615689,2.64625549,0.02441406
17.49100828,8520,-3.11117108,-1.66090281,-2.57994850,-0.06752014,0.49468136,0.05378723,3.08847235,4.60631810,-2.57990445,-0.05760195,0.60936666,0.05187988,3.08809088,-1.67501719,-2.30376442,-0.05836487,0.61102963,0.05149841,-0.00488281,-0.00488281,-0.34179688,-0.01464844,0.02929688,-0.01464844,1.03263855,2.64632706,2.64625549,-0.02441406
17.50421071,8525,-3.11117108,-1.65937693,-2.59291848,-0.06752014,0.49468136,0.05378723,3.08847235,4.60719227,-2.59274462,-0.05760193,0.60920236,0.05187988,3.08809088,-1.67501719,-2.30986794,-0.05836487,0.61026669,0.05149841,-0.00488281,-0.00976562,-0.38085938,0.00000000,-0.02929688,-0.01464844,1.03263855,2.64616310,2.64625549,0.00000000
17.51918721,8530,-3.11117108,-1.65861399,-2.60359963,-0.06752014,0.49391842,0.05378723,3.08847235,4.60821090,-2.60442816,-0.05760193,0.60888607,0.05187988,3.08809088,-1.67501719,-2.31520851,-0.05836487,0.61102963,0.05149841,-0.00488281,-0.00488281,-0.39062500,-0.01464844,0.02929688,-0.02929688,1.03263855,2.64616894,2.64625549,0.00000000
17.53454900,8535,-3.11117108,-1.65746958,-2.61656960,-0.06752014,0.49201108,0.05378723,3.08847235,4.60913392,-2.61647171,-0.05760193,0.60769930,0.05187988,3.08809088,-1.67501719,-2.32169350,-0.05836487,0.61102963,0.05149841,-0.00488281,-0.00488281,-0.39062500,-0.01464844,-0.00000000,0.00000000,1.03263855,2.64626851,2.64625549,0.00000000
17.54915643,8540,-3.11117108,-1.65594371,-2.62763222,-0.06752014,0.48934079,0.05378723,3.08847235,4.61046225,-2.62872050,-0.05760193,0.60558544,0.05187988,3.08809088,-1.67501719,-2.32665261,-0.05836487,0.61064816,0.05149841,-0.00488281,-0.00976562,-0.38085938,-0.01464844,-0.00000000,0.00000000,1.03263855,2.64608142,2.64625549,-0.04882812
17.56244612,8545,-3.11117108,-1.65403636,-2.63945778,-0.06752014,0.48438168,0.05378723,3.08847235,4.61225848,-2.64089667,-0.05760193,0.60196394,0.05187988,3.08809088,-1.67501719,-2.33199318,-0.05836487,0.61064816,0.05149841,-0.00488281,-0.00488281,-0.39062500,-0.01464844,0.01464844,-0.01464844,1.03302002,2.64629476,2.64625549,-0.04882812
17.57583809,8550,-3.11117108,-1.65212901,-2.64823159,-0.06752014,0.47942257,0.05378723,3.08847235,4.61416067,-2.65128145,-0.05760193,0.59725027,0.05187988,3.08809088,-1.67501719,-2.33657082,-0.05836487,0.61064816,0.05149841,-0.00488281,-0.00488281,-0.41015625,0.01464844,0.01464844,-0.02929688,1.03263855,2.64601189,2.64625549,-0.07324219
17.58932757,8555,-3.11117108,-1.64945872,-2.66043862,-0.06752014,0.47064877,0.05378723,3.08847235,4.61629899,-2.66210328,-0.05760193,0.59054517,0.05187988,3.08809088,-1.67501719,-2.34343727,-0.05836487,0.60988522,0.05149841,-0.00488281,0.00000000,-0.41992188,-0.01464844,-0.04394531,-0.02929688,1.03302002,2.64607179,2.64625549,-0.04882812
17.60256529,8560,-3.11117108,-1.64716990,-2.67188271,-0.06752014,0.46187497,0.05378723,3.08847235,4.61848820,-2.67260470,-0.05760193,0.58318655,0.05187988,3.08809088,-1.67501719,-2.34954079,-0.05836487,0.60874081,0.05149841,-0.00488281,-0.00976562,-0.44433594,-0.01464844,-0.07324219,-0.02929688,1.03263855,2.64617711,2.64625549,-0.02441406
17.61765671,8565,-3.11117108,-1.64449961,-2.68218239,-0.06752014,0.45195675,0.05378723,3.08847235,4.62087878,-2.68320682,-0.05760193,0.57448303,0.05187988,3.08809088,-1.67501719,-2.35259255,-0.05836487,0.60759640,0.05149841,-0.00488281,-0.00488281,-0.40527344,0.00000000,-0.08789062,0.00000000,1.03263855,2.64603584,2.64625549,0.00000000
17.63387179,8570,-3.11117108,-1.64144786,-2.69438942,-0.06752014,0.43860531,0.05378723,3.08847235,4.62371681,-2.69468238,-0.05760193,0.56308090,0.05187988,3.08809088,-1.67501719,-2.36174782,-0.05836487,0.60492611,0.05149841,-0.00488281,-0.00488281,-0.44433594,0.00000000,-0.16113281,0.00000000,1.03263855,2.64628740,2.64625549,-0.02441406
17.64915347,8575,-3.11117108,-1.63801463,-2.70583351,-0.06752014,0.42525387,0.05378723,3.08847235,4.62690618,-2.70656940,-0.05760193,0.55005619,0.05187988,3.08809088,-1.67501719,-2.36937722,-0.05836487,0.60187436,0.05149841,0.00000000,-0.00488281,-0.45410156,0.00000000,-0.17578125,-0.02929688,1.03263855,2.64607198,2.64625549,-0.02441406
17.66367626,8580,-3.11078961,-1.63534434,-2.71537026,-0.06752014,0.41266537,0.05378723,3.08869757,4.62996336,-2.71703644,-0.05760193,0.53741753,0.05187988,3.08809088,-1.67501719,-2.37624367,-0.05836487,0.59729672,0.05149841,-0.00488281,0.00000000,-0.46875000,0.00000000,-0.30761719,-0.01464844,1.03263855,2.64600139,2.64625549,-0.02441406
17.67651725,8585,-3.11078961,-1.63229258,-2.72643288,-0.06752014,0.39626217,0.05378723,3.08880262,4.63263896,-2.72694931,-0.05760193,0.52410043,0.05187988,3.08809088,-1.67463572,-2.38158425,-0.05836487,0.59310055,0.05149841,-0.00488281,0.00000000,-0.44921875,0.00000000,-0.35156250,0.00000000,1.03263855,2.64621361,2.64625549,0.00000000
17.69531655,8590,-3.11078961,-1.63000376,-2.73520668,-0.06752014,0.38214779,0.05378723,3.08883705,4.63550276,-2.73733074,-0.05760193,0.50867651,0.05187988,3.08809088,-1.67425425,-2.38921364,-0.05836487,0.58775998,0.05149841,-0.00488281,0.02441406,-0.47851562,-0.02929688,-0.29296875,-0.01464844,1.03302002,2.64635761,2.64625549,-0.02441406
17.70766091,8595,-3.11002667,-1.62657054,-2.74665078,-0.06752014,0.36154843,0.05378723,3.08906195,4.63845985,-2.74823961,-0.05760193,0.49050887,0.05187988,3.08809088,-1.67387278,-2.39684304,-0.05836487,0.58280087,0.05149841,-0.00488281,0.03417969,-0.48828125,0.00000000,-0.35156250,0.00000000,1.03263855,2.64613014,2.64625549,0.00000000
17.72043777,8600,-3.10926373,-1.62428172,-2.75466164,-0.06790161,0.34628964,0.05378723,3.08979751,4.64116931,-2.75726406,-0.05773926,0.47422123,0.05187988,3.08809088,-1.67349131,-2.40256508,-0.05836487,0.57822323,0.05149841,-0.00488281,0.02441406,-0.46386719,-0.01464844,-0.45410156,-0.01464844,1.03263855,2.64622064,2.64625549,0.00000000
17.73453021,8605,-3.10888226,-1.62122996,-2.76419838,-0.06790161,0.32607174,0.05378723,3.09044540,4.64402638,-2.76671496,-0.05790340,0.45584905,0.05187988,3.08809088,-1.67272837,-2.40866860,-0.05836487,0.56944943,0.05149841,-0.00488281,0.03906250,-0.46386719,0.00000000,-0.62988281,-0.01464844,1.03302002,2.64631597,2.64625549,-0.04882812
17.74854207,8610,-3.10888226,-1.61894114,-2.77297219,-0.06752014,0.30661679,0.05378723,3.09065770,4.64673285,-2.77600019,-0.05770071,0.43667855,0.05187988,3.08809088,-1.67196543,-2.41553505,-0.05798340,0.56067563,0.05149841,-0.00976562,0.05859375,-0.46875000,-0.02929688,-0.57128906,-0.01464844,1.03302002,2.64629350,2.64625549,-0.02441406
17.76203346,8615,-3.10773786,-1.61665232,-2.78250893,-0.06752014,0.28411007,0.05378723,3.09122714,4.64904866,-2.78495451,-0.05763430,0.41704743,0.05187988,3.08809088,-1.67158396,-2.42087563,-0.05798340,0.55419064,0.05149841,-0.00488281,0.04394531,-0.49804688,-0.01464844,-0.54199219,0.00000000,1.03302002,2.64636426,2.64625549,-0.02441406
17.77694058,8620,-3.10583051,-1.61360057,-2.79204567,-0.06790161,0.26007748,0.05378723,3.09270585,4.65193006,-2.79519104,-0.05786901,0.39704743,0.05187988,3.08809088,-1.67043956,-2.42926796,-0.05798340,0.54312802,0.05149841,-0.00488281,0.04882812,-0.47851562,-0.01464844,-0.76171875,0.00000000,1.03302002,2.64630932,2.64625549,-0.02441406
17.79082179,8625,-3.10354169,-1.61093028,-2.80081948,-0.06790161,0.23604489,0.05378723,3.09448117,4.65457187,-2.80408867,-0.05794591,0.37704743,0.05187988,3.08809088,-1.66967662,-2.43613442,-0.05798340,0.53244687,0.05149841,-0.00488281,0.02441406,-0.46386719,0.00000000,-0.74707031,-0.01464844,1.03263855,2.64625494,2.64625549,0.00000000
17.80403781,8630,-3.10163434,-1.60787852,-2.81073769,-0.06790161,0.20514584,0.05378723,3.09645219,4.65729692,-2.81314415,-0.05797112,0.35704743,0.05187988,3.08809088,-1.66929515,-2.43918618,-0.05798340,0.52558041,0.05149841,-0.00488281,0.04394531,-0.47363281,-0.01464844,-0.77636719,-0.01464844,1.03302002,2.64622956,2.64625549,-0.02441406
17.81698251,8635,-3.10010846,-1.60597117,-2.81760414,-0.06790161,0.17882443,0.05378723,3.09812393,4.65980131,-2.82130749,-0.05797937,0.33704743,0.05187988,3.08809088,-1.66853221,-2.44872292,-0.05798340,0.51222897,0.05149841,-0.00488281,0.04394531,-0.49316406,-0.01464844,-0.77636719,-0.02929688,1.03263855,2.64621025,2.64625549,-0.04882812
17.83170629,8640,-3.09781964,-1.60291941,-2.82599648,-0.06790161,0.14144040,0.05378723,3.10006943,4.66256384,-2.82954178,-0.05798208,0.31704743,0.05187988,3.08809088,-1.66815074,-2.45558937,-0.05798340,0.50078488,0.05149841,0.00000000,0.02929688,-0.48828125,-0.01464844,-0.80566406,0.01464844,1.03263855,2.64610627,2.64625549,-0.02441406
17.84499216,8645,-3.09591229,-1.60063060,-2.83209999,-0.06790161,0.10787106,0.05378723,3.10216164,4.66508797,-2.83688989,-0.05798297,0.29704743,0.05187988,3.08847235,-1.66700633,-2.46321877,-0.05798340,0.48934079,0.05149841,0.00488281,0.06347656,-0.50292969,-0.01464844,-0.84960938,-0.01464844,1.03302002,2.64618084,2.64625549,-0.02441406
17.85716915,8650,-3.09476788,-1.59910472,-2.83782204,-0.06790161,0.07239438,0.05378723,3.10373577,4.66712113,-2.84316235,-0.05798326,0.27704743,0.05187988,3.08847235,-1.66624339,-2.46932228,-0.05798340,0.47942257,0.05149841,0.00488281,0.05859375,-0.49804688,-0.02929688,-0.76171875,-0.02929688,1.03302002,2.64630293,2.64625549,-0.02441406
17.87003541,8655,-3.09286054,-1.59757884,-2.84278115,-0.06790161,0.03462887,0.05378723,3.10541332,4.66886206,-2.84881060,-0.05798335,0.25704743,0.05187988,3.08885382,-1.66586192,-2.47580727,-0.05798340,0.46988583,0.05149841,0.01953125,0.04394531,-0.52734375,0.00000000,-0.74707031,-0.01464844,1.03263855,2.64617472,2.64625549,0.00000000
17.88438535,8660,-3.08942731,-1.59681590,-2.84812172,-0.06828308,-0.01953983,0.05378723,3.10798170,4.66996695,-2.85404203,-0.05805968,0.23704743,0.05187988,3.08885382,-1.66433604,-2.48267372,-0.05798340,0.45767880,0.05149841,0.00976562,0.07812500,-0.46386719,-0.01464844,-0.82031250,-0.01464844,1.03263855,2.64614834,2.64625549,-0.02441406
17.89866424,8665,-3.08790143,-1.59605296,-2.85193642,-0.06828308,-0.07332706,0.05378723,3.11006989,4.67085171,-2.85833220,-0.05826486,0.21704743,0.05187988,3.08923529,-1.66357310,-2.49030312,-0.05798340,0.44623471,0.05149841,0.01464844,0.07324219,-0.48828125,-0.01464844,-0.74707031,-0.02929688,1.03263855,2.64608598,2.64625549,-0.02441406
17.91257429,8670,-3.08599408,-1.59605296,-2.85460671,-0.06828308,-0.13092899,0.05378723,3.11189538,4.67128225,-2.86185213,-0.05833210,0.19704743,0.05187988,3.08961676,-1.66204722,-2.49564370,-0.05798340,0.43631650,0.05149841,0.03417969,0.08789062,-0.47851562,-0.02929688,-0.74707031,-0.01464844,1.03263855,2.64604113,2.64625549,-0.02441406
17.92571664,8675,-3.08332379,-1.59605296,-2.85727700,-0.06828308,-0.19234561,0.05378723,3.11425760,4.67142333,-2.86483209,-0.05835413,0.17704743,0.05187988,3.08999823,-1.66166575,-2.50136574,-0.05798340,0.42868710,0.05149841,0.03417969,0.08300781,-0.46386719,-0.01464844,-0.71777344,-0.01464844,1.03263855,2.64592878,2.64625549,0.00000000
17.93993664,8680,-3.08256085,-1.59605296,-2.85842141,-0.06828308,-0.25414371,0.05378723,3.11605533,4.67146956,-2.86690853,-0.05836135,0.15704743,0.05187988,3.09076117,-1.66013987,-2.51013954,-0.05798340,0.41457272,0.05149841,0.02929688,0.05371094,-0.45898438,-0.01464844,-0.76171875,-0.01464844,1.03263855,2.64589197,2.64625549,-0.04882812
17.95614457,8685,-3.08256085,-1.59605296,-2.85880287,-0.06866455,-0.33844852,0.05378723,3.11674597,4.67148471,-2.86805684,-0.05844001,0.13704743,0.05187988,3.09076117,-1.65899546,-2.51662453,-0.05798340,0.40274716,0.05149841,0.00976562,0.06835938,-0.42968750,-0.02929688,-0.77636719,-0.02929688,1.03263855,2.64587990,2.64625549,-0.02441406
17.97058749,8690,-3.08256085,-1.59605296,-2.85880287,-0.06866455,-0.40100955,0.05378723,3.11697228,4.67148967,-2.86850343,-0.05864596,0.11704743,0.05187988,3.09114264,-1.65823252,-2.52196511,-0.05798340,0.39435483,0.05149841,0.02441406,0.03906250,-0.47363281,-0.01464844,-0.73242188,-0.01464844,1.03302002,2.64609104,2.64625549,0.00000000
17.98505020,8695,-3.08256085,-1.59605296,-2.85880287,-0.06866455,-0.50209903,0.05378723,3.11704644,4.67149130,-2.86864976,-0.05871345,0.09704743,0.05187988,3.09228705,-1.65708811,-2.53073891,-0.05798340,0.37795163,0.05149841,0.03906250,0.04882812,-0.43457031,-0.02929688,-0.82031250,0.00000000,1.03263855,2.64600763,2.64625549,0.00000000
18.00062776,8700,-3.08256085,-1.59605296,-2.85880287,-0.06866455,-0.56847476,0.05378723,3.11707074,4.67149183,-2.86869772,-0.05873556,0.07704743,0.05187988,3.09266852,-1.65670665,-2.53684243,-0.05798340,0.36879635,0.05149841,0.03417969,0.02929688,-0.44433594,-0.01464844,-0.76171875,-0.01464844,1.03263855,2.64607796,2.64587402,-0.04882812
18.01374412,8705,-3.08256085,-1.59605296,-2.85880287,-0.06866455,-0.66040897,0.05378723,3.11707870,4.67149200,-2.86871343,-0.05874281,0.05704743,0.05187988,3.09304999,-1.65594371,-2.54409035,-0.05798340,0.35620785,0.05149841,0.01953125,0.05859375,-0.43945312,-0.01464844,-0.79101562,0.00000000,1.03263855,2.64611663,2.64625549,-0.04882812
18.02865553,8710,-3.08294232,-1.59605296,-2.85880287,-0.06866455,-0.73937320,0.05378723,3.11694398,4.67149206,-2.86871858,-0.05874518,0.03704743,0.05187988,3.09304999,-1.65518077,-2.54943093,-0.05798340,0.34667111,0.05149841,0.01953125,0.05859375,-0.41992188,0.00000000,-0.71777344,-0.02929688,1.03263855,2.64603165,2.64625549,-0.02441406
18.04203820,8715,-3.08294232,-1.59605296,-2.85880287,-0.06828308,-0.81948184,0.05378723,3.11678070,4.67149208,-2.86872027,-0.05848949,0.01704743,0.05187988,3.09381293,-1.65441783,-2.55591591,-0.05836487,0.33484555,0.05149841,0.03417969,0.02441406,-0.41503906,-0.02929688,-0.86425781,-0.01464844,1.03263855,2.64602333,2.64587402,-0.04882812
18.05554175,8720,-3.08294232,-1.59605296,-2.85880287,-0.06828308,-0.90569400,0.05378723,3.11672719,4.67149209,-2.86872082,-0.05840570,-0.00295257,0.05187988,3.09419440,-1.65365489,-2.56125649,-0.05836487,0.32378293,0.05149841,0.03417969,0.06835938,-0.38574219,-0.01464844,-0.74707031,0.00000000,1.03302002,2.64607554,2.64625549,-0.04882812
18.07199001,8725,-3.08294232,-1.59605296,-2.85880287,-0.06790161,-0.98770999,0.05378723,3.11670966,4.67149209,-2.86872100,-0.05830196,-0.02295257,0.05187988,3.09495734,-1.65251048,-2.56736000,-0.05836487,0.31157589,0.05149841,0.01464844,0.04882812,-0.40527344,-0.01464844,-0.67382812,-0.02929688,1.03263855,2.64600256,2.64625549,0.00000000
18.08395648,8730,-3.08294232,-1.59605296,-2.85880287,-0.06790161,-1.05370426,0.05378723,3.11670391,4.67149209,-2.86872106,-0.05808778,-0.04295257,0.05187988,3.09495734,-1.65174754,-2.57346352,-0.05836487,0.30127621,0.05149841,0.01464844,0.07812500,-0.37109375,-0.01464844,-0.77636719,-0.01464844,1.03302002,2.64625330,2.64625549,-0.02441406
18.10015941,8735,-3.08294232,-1.59605296,-2.85880287,-0.06790161,-1.13724613,0.05378723,3.11670203,4.67149209,-2.86872108,-0.05801760,-0.06295257,0.05187988,3.09572028,-1.65098460,-2.57994850,-0.05836487,0.28906918,0.05149841,0.02929688,0.04394531,-0.38574219,-0.02929688,-0.68847656,-0.01464844,1.03302002,2.64638917,2.64625549,-0.02441406
18.11265826,8740,-3.08332379,-1.59605296,-2.85880287,-0.06790161,-1.20781803,0.05378723,3.11644495,4.67149209,-2.86872108,-0.05799461,-0.08295257,0.05187988,3.09572028,-1.64984019,-2.58490761,-0.05836487,0.27953244,0.05149841,0.01464844,0.05859375,-0.39062500,-0.01464844,-0.80566406,-0.01464844,1.03263855,2.64640318,2.64625549,-0.02441406
18.12491441,8745,-3.08370526,-1.59643443,-2.85880287,-0.06790161,-1.27228641,0.05378723,3.11610423,4.67123562,-2.86872109,-0.05798707,-0.10295257,0.05187988,3.09610175,-1.64907725,-2.58910378,-0.05836487,0.26961422,0.05149841,0.03906250,0.04882812,-0.35644531,0.02929688,-0.79101562,0.00000000,1.03263855,2.64612554,2.64587402,0.00000000
18.14031672,8750,-3.08370526,-1.59643443,-2.85880287,-0.06790161,-1.36002445,0.05378723,3.11599259,4.67115158,-2.86872109,-0.05798460,-0.12295257,0.05187988,3.09686469,-1.64831431,-2.59558876,-0.05836487,0.25702572,0.05149841,0.01464844,0.04882812,-0.36621094,0.00000000,-0.73242188,-0.01464844,1.03302002,2.64634731,2.64587402,-0.02441406
18.15611362,8755,-3.08370526,-1.59643443,-2.85880287,-0.06790161,-1.42144107,0.05378723,3.11595601,4.67112404,-2.86872109,-0.05798379,-0.14295257,0.05187988,3.09686469,-1.64755137,-2.60016640,-0.05836487,0.24520016,0.05149841,0.01953125,0.03906250,-0.31250000,-0.02929688,-0.77636719,0.00000000,1.03263855,2.64638946,2.64587402,-0.02441406
18.17057037,8760,-3.08370526,-1.59681590,-2.85880287,-0.06790161,-1.48133182,0.05378723,3.11594402,4.67092886,-2.86872109,-0.05798353,-0.16295257,0.05187988,3.09724616,-1.64716990,-2.60550698,-0.05874634,0.23375607,0.05149841,0.01953125,0.01953125,-0.34667969,-0.01464844,-0.77636719,-0.01464844,1.03302002,2.64643379,2.64625549,-0.02441406
18.18378472,8765,-3.08370526,-1.59834178,-2.85880287,-0.06790161,-1.53550052,0.05378723,3.11594009,4.67007731,-2.86872109,-0.05798344,-0.18295257,0.05187988,3.09762763,-1.64678843,-2.61046608,-0.05836487,0.22269345,0.05149841,0.01953125,0.03906250,-0.35644531,-0.01464844,-0.80566406,-0.01464844,1.03302002,2.64642976,2.64625549,0.02441406
18.19952679,8770,-3.08370526,-1.59834178,-2.85880287,-0.06790161,-1.58356571,0.05378723,3.11593880,4.66948968,-2.86872109,-0.05798341,-0.20295257,0.05187988,3.09800910,-1.64640696,-2.61542519,-0.05836487,0.21163083,0.05149841,0.02929688,0.02929688,-0.35644531,0.00000000,-0.74707031,-0.01464844,1.03302002,2.64620872,2.64625549,-0.02441406
18.21278262,8775,-3.08370526,-1.59872325,-2.85880287,-0.06790161,-1.62896060,0.05378723,3.11593838,4.66922083,-2.86872109,-0.05798340,-0.22295257,0.05187988,3.09877204,-1.64564402,-2.62038430,-0.05836487,0.19980527,0.05149841,0.02929688,0.04394531,-0.32226562,-0.02929688,-0.83496094,0.00000000,1.03263855,2.64612432,2.64587402,0.00000000
18.22872686,8780,-3.08370526,-1.59986766,-2.85880287,-0.06790161,-1.67511844,0.05378723,3.11593824,4.66861381,-2.86872109,-0.05798340,-0.24295257,0.05187988,3.09915351,-1.64526255,-2.62572487,-0.05836487,0.18797970,0.05149841,0.02929688,0.03906250,-0.34179688,0.00000000,-0.74707031,-0.01464844,1.03302002,2.64617113,2.64625549,0.00000000
18.24200964,8785,-3.08370526,-1.60177500,-2.85880287,-0.06790161,-1.69037723,0.05378723,3.11593820,4.66710277,-2.86872109,-0.05798340,-0.26295257,0.05187988,3.09915351,-1.64411814,-2.63068398,-0.05836487,0.17615414,0.05149841,0.00488281,0.04394531,-0.33691406,-0.01464844,-0.77636719,0.00000000,1.03302002,2.64630854,2.64587402,-0.04882812
18.25575876,8790,-3.08370526,-1.60597117,-2.85880287,-0.06790161,-1.68351078,0.05378723,3.11593818,4.66444564,-2.86872109,-0.05798340,-0.28295257,0.05187988,3.09953498,-1.64373667,-2.63411721,-0.05836487,0.16623593,0.05149841,0.00488281,0.03417969,-0.29296875,-0.01464844,-0.83496094,-0.02929688,1.03302002,2.64652934,2.64587402,0.00000000
18.26767063,8795,-3.08370526,-1.60940440,-2.85880287,-0.06790161,-1.67435550,0.05378723,3.11593818,4.66082044,-2.86872109,-0.05798340,-0.30295257,0.05187988,3.09953498,-1.64335520,-2.63793190,-0.05836487,0.15669919,0.05149841,0.01464844,0.02929688,-0.30273438,-0.02929688,-0.76171875,-0.02929688,1.03302002,2.64642592,2.64625549,-0.02441406
18.28039408,8800,-3.08370526,-1.61321910,-2.85880287,-0.06790161,-1.66367435,0.05378723,3.11593818,4.65724362,-2.86872109,-0.05798340,-0.32295257,0.05187988,3.09991645,-1.64259227,-2.64174660,-0.05836487,0.14678097,0.05149841,0.02441406,0.05371094,-0.31250000,-0.01464844,-0.74707031,0.00000000,1.03263855,2.64633709,2.64625549,-0.02441406
18.29637003,8805,-3.08370526,-1.61627085,-2.85880287,-0.06828308,-1.65642642,0.05378723,3.11593817,4.65393045,-2.86872109,-0.05805969,-0.34295257,0.05187988,3.10029792,-1.64182933,-2.64708718,-0.05836487,0.13457394,0.05149841,0.00976562,0.03906250,-0.30273438,0.00000000,-0.73242188,0.00000000,1.03302002,2.64644105,2.64625549,0.00000000
18.31074619,8810,-3.08370526,-1.61855967,-2.85842141,-0.06904602,-1.65528202,0.05378723,3.11593817,4.65106476,-2.86846462,-0.05865867,-0.36295257,0.05187988,3.10067939,-1.64182933,-2.65052040,-0.05836487,0.12427426,0.05149841,0.00976562,0.01464844,-0.28320312,-0.01464844,-0.82031250,-0.02929688,1.03263855,2.64618190,2.64625549,0.00000000
18.32352972,8815,-3.08370526,-1.62199290,-2.85842141,-0.06904602,-1.65604495,0.05378723,3.11593817,4.64813880,-2.86838058,-0.05897408,-0.38295257,0.05187988,3.10067939,-1.64144786,-2.65471657,-0.05836487,0.11244870,0.05149841,0.01953125,0.01464844,-0.27832031,-0.01464844,-0.77636719,0.00000000,1.03302002,2.64630328,2.64625549,0.00000000
18.33583283,8820,-3.08370526,-1.62390025,-2.85842141,-0.06904602,-1.65680789,0.05378723,3.11593817,4.64551827,-2.86835304,-0.05907743,-0.40295257,0.05187988,3.10106086,-1.64144786,-2.65814980,-0.05836487,0.10405636,0.05149841,0.01953125,0.00976562,-0.28808594,-0.02929688,-0.71777344,-0.01464844,1.03302002,2.64626493,2.64587402,-0.04882812
18.35078144,8825,-3.08370526,-1.62733348,-2.85842141,-0.06904602,-1.65833377,0.05378723,3.11593817,4.64258426,-2.86834402,-0.05911130,-0.42295257,0.05187988,3.10144233,-1.64106639,-2.66234597,-0.05836487,0.09184933,0.05149841,0.00488281,0.00000000,-0.27832031,0.00000000,-0.82031250,-0.01464844,1.03302002,2.64643693,2.64625549,-0.02441406
18.36352444,8830,-3.08370526,-1.62924082,-2.85842141,-0.06904602,-1.65871524,0.05378723,3.11593817,4.64010758,-2.86834106,-0.05912240,-0.44295257,0.05187988,3.10144233,-1.64106639,-2.66577919,-0.05874634,0.08154965,0.05149841,0.00976562,-0.00488281,-0.25878906,0.00000000,-0.80566406,-0.02929688,1.03263855,2.64615613,2.64587402,-0.02441406
18.37802267,8835,-3.08408673,-1.63305552,-2.85842141,-0.06866455,-1.65871524,0.05378723,3.11576178,4.63712000,-2.86834009,-0.05893988,-0.46295257,0.05187988,3.10182379,-1.64106639,-2.67035683,-0.05874634,0.06857968,0.05149841,0.01953125,-0.00488281,-0.26367188,-0.01464844,-0.77636719,-0.02929688,1.03263855,2.64615104,2.64587402,-0.04882812
18.39120054,8840,-3.08484967,-1.63610728,-2.85842141,-0.06866455,-1.65871524,0.05378723,3.11547132,4.63424113,-2.86833977,-0.05880976,-0.48295257,0.05187988,3.10220526,-1.64106639,-2.67417153,-0.05874634,0.05713559,0.05149841,0.00976562,0.00000000,-0.28808594,-0.02929688,-0.79101562,-0.01464844,1.03302002,2.64617988,2.64625549,0.00000000
18.40458345,8845,-3.08561261,-1.63839610,-2.85842141,-0.06866455,-1.65871524,0.05378723,3.11465324,4.63132000,-2.86833967,-0.05876712,-0.50295257,0.05187988,3.10220526,-1.64106639,-2.67684182,-0.05874634,0.04988766,0.05149841,0.00488281,-0.00976562,-0.26855469,-0.02929688,-0.74707031,0.00000000,1.03302002,2.64620496,2.64625549,0.00000000
18.41673398,8850,-3.08637555,-1.64030345,-2.85842141,-0.06866455,-1.65871524,0.05378723,3.11379215,4.62874989,-2.86833963,-0.05875315,-0.52295257,0.05187988,3.10220526,-1.64106639,-2.68027504,-0.05874634,0.03768063,0.05149841,0.00488281,-0.00488281,-0.24414062,-0.02929688,-0.90820312,-0.01464844,1.03302002,2.64635478,2.64625549,-0.02441406
18.43049002,8855,-3.08904584,-1.64373667,-2.85842141,-0.06866455,-1.65871524,0.05378723,3.11193541,4.62571862,-2.86833962,-0.05874857,-0.54295257,0.05187988,3.10258673,-1.64106639,-2.68408974,-0.05912781,0.02814389,0.05149841,0.00488281,-0.00976562,-0.25390625,-0.02929688,-0.70312500,-0.01464844,1.03302002,2.64646637,2.64587402,-0.02441406
18.44533396,8860,-3.09286054,-1.64831431,-2.85842141,-0.06942749,-1.65871524,0.05378723,3.10907137,4.62216821,-2.86833962,-0.05914087,-0.56295257,0.05187988,3.10296820,-1.64106639,-2.68752297,-0.05912781,0.01517392,0.05149841,0.02441406,-0.00488281,-0.22949219,-0.02929688,-0.80566406,-0.02929688,1.03263855,2.64630641,2.64587402,-0.04882812
18.45770764,8865,-3.09591229,-1.65212901,-2.85842141,-0.06942749,-1.65871524,0.05378723,3.10626130,4.61851043,-2.86833962,-0.05938856,-0.58295257,0.05187988,3.10334967,-1.64106639,-2.69019326,-0.05912781,0.00678158,0.05149841,0.01953125,-0.00976562,-0.23437500,-0.01464844,-0.68847656,-0.01464844,1.03263855,2.64623543,2.64587402,-0.02441406
18.47089744,8870,-3.09934552,-1.65632518,-2.85842141,-0.06942749,-1.65909671,0.05378723,3.10297368,4.61458101,-2.86833962,-0.05946972,-0.60295257,0.05187988,3.10334967,-1.64106639,-2.69362648,-0.05912781,-0.00351810,0.05149841,0.00000000,-0.00976562,-0.22949219,0.00000000,-0.71777344,-0.02929688,1.03263855,2.64623073,2.64625549,-0.02441406
18.48614168,8875,-3.10277875,-1.66204722,-2.85842141,-0.06980896,-1.65947818,0.05378723,3.09966824,4.60965926,-2.86833962,-0.05968247,-0.62295257,0.05187988,3.10334967,-1.64144786,-2.69667824,-0.05912781,-0.01534366,0.05149841,0.00000000,-0.01953125,-0.20019531,-0.01464844,-0.83496094,-0.01464844,1.03302002,2.64628412,2.64625549,-0.02441406
18.49940681,8880,-3.10697492,-1.66700633,-2.85842141,-0.06980896,-1.66062259,0.05378723,3.09573416,4.60463769,-2.86833962,-0.05982250,-0.64295257,0.05187988,3.10334967,-1.64182933,-2.70011147,-0.05912781,-0.02678775,0.05149841,-0.00488281,-0.02441406,-0.23437500,-0.01464844,-0.76171875,-0.01464844,1.03302002,2.64644322,2.64625549,0.00000000
18.51459908,8885,-3.11193402,-1.67272837,-2.85842141,-0.06980896,-1.66252994,0.05378723,3.09137900,4.59917643,-2.86833962,-0.05986838,-0.66295257,0.05187988,3.10334967,-1.64182933,-2.70316323,-0.05950928,-0.03899478,0.05149841,-0.00488281,-0.02441406,-0.20507812,-0.02929688,-0.74707031,-0.02929688,1.03263855,2.64624511,2.64587402,-0.04882812
18.52946305,8890,-3.11613019,-1.67845042,-2.85842141,-0.06942749,-1.66367435,0.05378723,3.08702576,4.59355399,-2.86833962,-0.05962695,-0.68295257,0.05187988,3.10334967,-1.64259227,-2.70659645,-0.05950928,-0.05005741,0.05149841,-0.00976562,-0.04394531,-0.23437500,-0.01464844,-0.73242188,0.00000000,1.03263855,2.64621535,2.64625549,-0.04882812
18.54384971,8895,-3.12185223,-1.68569834,-2.85803994,-0.06942749,-1.66481876,0.05378723,3.08201591,4.58730014,-2.86808315,-0.05954784,-0.70295257,0.05187988,3.10296820,-1.64335520,-2.70964821,-0.05950928,-0.06073856,0.05149841,-0.00976562,-0.05859375,-0.20507812,-0.01464844,-0.80566406,0.00000000,1.03263855,2.64610794,2.64587402,-0.04882812
18.55684710,8900,-3.12604840,-1.69142039,-2.85727700,-0.06942749,-1.66558170,0.05378723,3.07720888,4.58091066,-2.86769759,-0.05952191,-0.72295257,0.05187988,3.10296820,-1.64411814,-2.71231850,-0.05950928,-0.07180118,0.05149841,-0.00976562,-0.06347656,-0.19042969,-0.01464844,-0.82031250,-0.02929688,1.03263855,2.64595067,2.64625549,-0.02441406
18.57122540,8905,-3.13177045,-1.69943125,-2.85689553,-0.06942749,-1.66558170,0.05378723,3.07228569,4.57402240,-2.86728354,-0.05951342,-0.74295257,0.05187988,3.10296820,-1.64564402,-2.71537026,-0.05950928,-0.08286380,0.05149841,-0.01953125,-0.10742188,-0.20996094,-0.01464844,-0.77636719,-0.01464844,1.03302002,2.64614938,2.64587402,-0.02441406
18.58601832,8910,-3.13711102,-1.70744212,-2.85651406,-0.06942749,-1.66558170,0.05378723,3.06723081,4.56667871,-2.86674246,-0.05951063,-0.76295257,0.05187988,3.10220526,-1.64678843,-2.71880349,-0.05950928,-0.09659671,0.05149841,-0.07812500,-0.10742188,-0.20507812,-0.01464844,-0.76171875,-0.01464844,1.03263855,2.64602675,2.64625549,0.00000000
18.60002613,8915,-3.14130719,-1.71430857,-2.85651406,-0.06904602,-1.66558170,0.05378723,3.06225423,4.55924718,-2.86653391,-0.05928450,-0.78295257,0.05187988,3.10106086,-1.64793284,-2.72147377,-0.05950928,-0.10575199,0.05149841,-0.06835938,-0.08300781,-0.21972656,-0.01464844,-0.73242188,-0.01464844,1.03263855,2.64620630,2.64587402,-0.02441406
18.61427760,8920,3.13730048,-1.72270091,-2.85651406,-0.06866455,-1.66558170,0.05378723,3.05754148,4.55155250,-2.86646558,-0.05904182,-0.80295257,0.05187988,3.10106086,-1.64984019,-2.72452553,-0.05950928,-0.11872196,0.05149841,-0.02441406,-0.10742188,-0.18554688,-0.01464844,-0.89355469,0.00000000,1.03263855,2.64612353,2.64625549,0.00000000
18.62648630,8925,3.13386725,-1.72956736,-2.85651406,-0.06866455,-1.66558170,0.05378723,3.05349025,4.54408457,-2.86644318,-0.05884316,-0.82295257,0.05187988,3.10029792,-1.65098460,-2.72681435,-0.05950928,-0.12787723,0.05149841,-0.05859375,-0.12695312,-0.19042969,-0.01464844,-0.84960938,-0.02929688,1.03263855,2.64615598,2.64625549,0.00000000
18.63986921,8930,3.13005255,-1.73834117,-2.85651406,-0.06866455,-1.66558170,0.05378723,3.04952919,4.53600479,-2.86643585,-0.05877807,-0.84295257,0.05187988,3.09953498,-1.65289195,-2.72948464,-0.05950928,-0.13970279,0.05149841,-0.07324219,-0.12207031,-0.17578125,0.00000000,-0.84960938,-0.01464844,1.03302002,2.64619713,2.64587402,-0.02441406
18.65457487,8935,3.12661933,-1.74749644,-2.85651406,-0.06866455,-1.66558170,0.05378723,3.04608121,4.52759402,-2.86643344,-0.05875673,-0.86295257,0.05187988,3.09877204,-1.65441783,-2.73177346,-0.05950928,-0.15076541,0.05149841,-0.04882812,-0.11230469,-0.18066406,-0.01464844,-0.80566406,-0.01464844,1.03263855,2.64615568,2.64587402,-0.02441406
18.66791844,8940,3.12394904,-1.75512583,-2.85651406,-0.06828308,-1.66558170,0.05378723,3.04266732,4.51878623,-2.86643265,-0.05849327,-0.88295257,0.05187988,3.09762763,-1.65632518,-2.73482521,-0.05950928,-0.16182804,0.05149841,-0.07324219,-0.12695312,-0.17578125,-0.01464844,-0.68847656,-0.01464844,1.03263855,2.64624854,2.64625549,0.00000000
18.68020868,8945,3.12166022,-1.76351817,-2.85651406,-0.06790161,-1.66558170,0.05378723,3.04019001,4.51072699,-2.86643240,-0.05833065,-0.90295257,0.05187988,3.09686469,-1.65823252,-2.73673256,-0.05989075,-0.17174625,0.05149841,-0.06835938,-0.13183594,-0.15136719,-0.01464844,-0.79101562,-0.02929688,1.03302002,2.64634953,2.64587402,-0.02441406
18.69343305,8950,3.11937140,-1.77152903,-2.85651406,-0.06790161,-1.66558170,0.05378723,3.03777839,4.50274715,-2.86643231,-0.05809719,-0.92295257,0.05187988,3.09610175,-1.65975840,-2.73825844,-0.05989075,-0.17899417,0.05149841,-0.07324219,-0.14648438,-0.16113281,0.00000000,-0.76171875,-0.02929688,1.03302002,2.64634258,2.64587402,-0.02441406
18.70677590,8955,3.11860846,-1.77915843,-2.85651406,-0.06790161,-1.66558170,0.05378723,3.03605676,4.49451953,-2.86643228,-0.05802068,-0.94295257,0.05187988,3.09457587,-1.66204722,-2.74092873,-0.05989075,-0.19081973,0.05149841,-0.09277344,-0.15136719,-0.17089844,-0.02929688,-0.79101562,-0.02929688,1.03263855,2.64616819,2.64587402,-0.04882812
18.72101378,8960,3.11860846,-1.78831370,-2.85651406,-0.06713867,-1.66558170,0.05378723,3.03539105,4.48633961,-2.86643227,-0.05778199,-0.96295257,0.05187988,3.09343146,-1.66433604,-2.74321755,-0.05950928,-0.20264530,0.05149841,-0.08789062,-0.17578125,-0.14648438,0.00000000,-0.79101562,0.00000000,1.03263855,2.64597041,2.64587402,-0.02441406
18.73639774,8965,3.11860846,-1.79708750,-2.85651406,-0.06446838,-1.66558170,0.05378723,3.03517291,4.47725797,-2.86643227,-0.05614140,-0.98295257,0.05187988,3.09228705,-1.66662486,-2.74550637,-0.05989075,-0.21370792,0.05149841,-0.08789062,-0.19042969,-0.16113281,-0.01464844,-0.79101562,-0.02929688,1.03302002,2.64618027,2.64587402,-0.02441406
18.74866390,8970,3.11898993,-1.80433543,-2.85651406,-0.06294250,-1.66558170,0.05378723,3.03517772,4.46944726,-2.86643227,-0.05441534,-1.00295257,0.05187988,3.09114264,-1.66967662,-2.74779518,-0.05950928,-0.22553348,0.05149841,-0.08300781,-0.18066406,-0.15625000,-0.01464844,-0.77636719,-0.01464844,1.03302002,2.64622462,2.64587402,-0.02441406
18.76361346,8975,3.11898993,-1.81272776,-2.85613259,-0.06141663,-1.66558170,0.05378723,3.03532823,4.46130655,-2.86635598,-0.05285511,-1.02295257,0.05187988,3.08999823,-1.67196543,-2.75008400,-0.05950928,-0.23507022,0.05149841,-0.09277344,-0.18554688,-0.17578125,-0.01464844,-0.67382812,0.00000000,1.03302002,2.64643935,2.64587402,-0.02441406
18.77606511,8980,3.11860846,-1.82073863,-2.85613259,-0.05950928,-1.66558170,0.05378723,3.03533250,4.45336690,-2.86615080,-0.05108348,-1.04295257,0.05187988,3.08923529,-1.67501719,-2.75199135,-0.05950928,-0.24765872,0.05149841,-0.06835938,-0.23437500,-0.13671875,-0.01464844,-0.90820312,0.00000000,1.03263855,2.64635712,2.64587402,0.00000000
18.79174662,8985,3.11898993,-1.82989390,-2.85613259,-0.05950928,-1.66558170,0.05378723,3.03541020,4.44435460,-2.86608357,-0.05008010,-1.06295257,0.05187988,3.08809088,-1.67806895,-2.75428017,-0.05950928,-0.25872135,0.05149841,-0.09277344,-0.22460938,-0.16601562,-0.01464844,-0.74707031,-0.01464844,1.03263855,2.64623252,2.64587402,-0.04882812
18.80554533,8990,3.11898993,-1.83790477,-2.85613259,-0.05989075,-1.66558170,0.05378723,3.03543565,4.43605123,-2.86606154,-0.04982761,-1.08295257,0.05187988,3.08694648,-1.68188365,-2.75695046,-0.05912781,-0.27130985,0.05149841,-0.06347656,-0.23437500,-0.14160156,0.01464844,-0.80566406,0.00000000,1.03263855,2.64635185,2.64587402,-0.04882812
18.81886315,8995,3.11898993,-1.84667857,-2.85613259,-0.06027222,-1.66558170,0.05378723,3.03544400,4.42764105,-2.86605432,-0.05000134,-1.10295257,0.05187988,3.08618354,-1.68417247,-2.75847634,-0.05912781,-0.27970218,0.05149841,-0.08300781,-0.22949219,-0.13183594,0.00000000,-0.71777344,-0.01464844,1.03263855,2.64621517,2.64625549,-0.02441406
18.83422446,9000,3.11975287,-1.85468943,-2.85613259,-0.06027222,-1.66558170,0.05378723,3.03574824,4.41915949,-2.86605195,-0.05023844,-1.12295257,0.05187988,3.08542060,-1.68798716,-2.76076516,-0.05874634,-0.29229068,0.05149841,-0.05371094,-0.24902344,-0.14648438,0.02929688,-0.84960938,0.01464844,1.03302002,2.64613840,2.64587402,-0.04882812
18.84733987,9005,3.11975287,-1.86117442,-2.85613259,-0.06027222,-1.66558170,0.05378723,3.03605937,4.41155152,-2.86605118,-0.05031614,-1.14295257,0.05187988,3.08465766,-1.69027598,-2.76190956,-0.05760193,-0.30030155,0.05149841,-0.07812500,-0.23925781,-0.09765625,0.05859375,-0.90820312,-0.01464844,1.03263855,2.64605831,2.64625549,0.00000000
18.86111927,9010,3.11975287,-1.87071116,-2.85613259,-0.06027222,-1.66558170,0.05378723,3.03616131,4.40309992,-2.86605092,-0.05034160,-1.16295257,0.05187988,3.08351325,-1.69523509,-2.76457985,-0.05569458,-0.31556034,0.05149841,-0.06347656,-0.26367188,-0.13183594,0.10253906,-0.76171875,0.00000000,1.03263855,2.64611019,2.64587402,0.00000000
18.87578678,9015,3.11975287,-1.87910350,-2.85613259,-0.06027222,-1.66558170,0.05378723,3.03619472,4.39478192,-2.86605084,-0.05034994,-1.18295257,0.05187988,3.08236884,-1.69866831,-2.76648720,-0.05569458,-0.32624149,0.05149841,-0.07812500,-0.25878906,-0.13671875,-0.02929688,-0.73242188,-0.01464844,1.03263855,2.64601391,2.64587402,-0.02441406
18.88992786,9020,3.11975287,-1.88864024,-2.85613259,-0.06027222,-1.66634464,0.05378723,3.03620567,4.38592773,-2.86605081,-0.05035267,-1.20295257,0.05187988,3.08122443,-1.70210154,-2.76877602,-0.05569458,-0.33730411,0.05149841,-0.07324219,-0.25878906,-0.14648438,0.00000000,-0.76171875,0.00000000,1.03302002,2.64633515,2.64587402,-0.02441406
18.90465021,9025,3.11975287,-1.89855845,-2.85613259,-0.06027222,-1.66710758,0.05378723,3.03620925,4.37684597,-2.86605080,-0.05035357,-1.22295257,0.05187988,3.08046149,-1.70591624,-2.77030190,-0.05569458,-0.35027408,0.05149841,-0.06835938,-0.24414062,-0.12695312,-0.01464844,-0.87890625,0.00000000,1.03263855,2.64602512,2.64587402,-0.04882812
18.91888142,9030,3.11975287,-1.90580638,-2.85613259,-0.05989075,-1.66748905,0.05378723,3.03621043,4.36821296,-2.86605080,-0.05012864,-1.24295257,0.05187988,3.07969855,-1.70896800,-2.77182778,-0.05569458,-0.35904788,0.05149841,-0.07324219,-0.28808594,-0.11718750,0.00000000,-0.79101562,0.00000000,1.03302002,2.64619819,2.64587402,0.00000000
18.93266225,9035,3.11975287,-1.91534312,-2.85613259,-0.05989075,-1.66863346,0.05378723,3.03621081,4.35963983,-2.86605080,-0.05002369,-1.26295257,0.05187988,3.07893561,-1.71316416,-2.77449807,-0.05569458,-0.37278079,0.05149841,-0.04882812,-0.27343750,-0.13183594,-0.02929688,-0.82031250,-0.01464844,1.03302002,2.64629299,2.64587402,-0.02441406
18.94699121,9040,3.11975287,-1.92373545,-2.85575112,-0.05989075,-1.66863346,0.05378723,3.03621094,4.35091726,-2.86597451,-0.04998930,-1.28295257,0.05187988,3.07817267,-1.71736033,-2.77564247,-0.05531311,-0.38460636,0.05149841,-0.06347656,-0.27343750,-0.09765625,0.00000000,-0.77636719,-0.01464844,1.03263855,2.64608944,2.64587402,-0.02441406
18.96033716,9045,3.11975287,-1.93136485,-2.85536965,-0.05836487,-1.66863346,0.05378723,3.03621098,4.34222115,-2.86554411,-0.04932178,-1.30295257,0.05187988,3.07740973,-1.72117503,-2.77716835,-0.05531311,-0.39452457,0.05149841,-0.06347656,-0.31250000,-0.09765625,-0.01464844,-0.74707031,0.01464844,1.03302002,2.64639505,2.64587402,-0.02441406
18.97617936,9050,3.11975287,-1.94090159,-2.85384377,-0.05531311,-1.66901493,0.05378723,3.03621100,4.33364542,-2.86471558,-0.04736427,-1.32295257,0.05187988,3.07664679,-1.72498973,-2.77869423,-0.05493164,-0.40520572,0.05149841,-0.05371094,-0.29785156,-0.08300781,-0.01464844,-0.80566406,-0.01464844,1.03263855,2.64634260,2.64549255,-0.02441406
18.98986340,9055,3.11975287,-1.94967540,-2.85155495,-0.05111694,-1.66901493,0.05378723,3.03621100,4.32491992,-2.86315575,-0.04422784,-1.34295257,0.05187988,3.07588385,-1.72918589,-2.78022011,-0.05493164,-0.41588687,0.05149841,-0.06835938,-0.29785156,-0.12207031,0.00000000,-0.73242188,-0.01464844,1.03302002,2.64654051,2.64587402,-0.04882812
19.00272274,9060,3.11975287,-1.95844920,-2.84926613,-0.04653931,-1.66939640,0.05378723,3.03621100,4.31609993,-2.86104917,-0.04008731,-1.36295257,0.05187988,3.07512091,-1.73376353,-2.78212746,-0.05455017,-0.42809390,0.05149841,-0.05859375,-0.30761719,-0.12207031,0.02929688,-0.87890625,-0.02929688,1.03302002,2.64654286,2.64587402,0.00000000
19.01605916,9065,3.11975287,-1.96722300,-2.84659584,-0.04119873,-1.66939640,0.05378723,3.03621100,4.30737105,-2.85862952,-0.03523566,-1.38295257,0.05187988,3.07435797,-1.73757823,-2.78327187,-0.05340576,-0.43801212,0.05149841,-0.04882812,-0.32226562,-0.11230469,0.07324219,-0.76171875,-0.01464844,1.03302002,2.64624577,2.64587402,-0.04882812
19.03004718,9070,3.11975287,-1.97866709,-2.84239968,-0.03433228,-1.66939640,0.05378723,3.03621100,4.29727908,-2.85515806,-0.02931018,-1.40295257,0.05187988,3.07359504,-1.74291880,-2.78517922,-0.05187988,-0.45174503,0.05187988,-0.06347656,-0.35156250,-0.11230469,0.07324219,-0.80566406,0.00000000,1.03302002,2.64650878,2.64587402,-0.02441406
19.04333639,9075,3.11975287,-1.98820384,-2.83820351,-0.02784729,-1.66939640,0.05378723,3.03621100,4.28695688,-2.85119936,-0.02281371,-1.42295257,0.05187988,3.07283210,-1.74711497,-2.78670510,-0.05111694,-0.46166324,0.05149841,-0.05859375,-0.33691406,-0.09765625,0.05859375,-0.77636719,-0.02929688,1.03302002,2.64633226,2.64587402,-0.02441406
19.05626941,9080,3.11975287,-1.99926646,-2.83324440,-0.02021790,-1.66977786,0.05378723,3.03621100,4.27675456,-2.84695821,-0.01596327,-1.44295257,0.05187988,3.07245063,-1.75169261,-2.78784951,-0.04882812,-0.47310733,0.05149841,-0.03417969,-0.34179688,-0.07812500,0.19042969,-0.79101562,-0.02929688,1.03263855,2.64618434,2.64587402,-0.02441406
19.06861305,9085,3.11975287,-2.00765879,-2.82904824,-0.01373291,-1.66977786,0.05378723,3.03621100,4.26662851,-2.84215745,-0.00872913,-1.46295257,0.05187988,3.07168769,-1.75588877,-2.78861245,-0.04615784,-0.48264408,0.05187988,-0.05371094,-0.35156250,-0.07324219,0.21972656,-0.84960938,0.01464844,1.03302002,2.64639099,2.64587402,0.00000000
19.08154440,9090,3.11975287,-2.02177317,-2.82180031,-0.00381470,-1.66977786,0.05378723,3.03621100,4.25618430,-2.83698388,-0.00125294,-1.48295257,0.05187988,3.07092475,-1.76046641,-2.78975685,-0.04386902,-0.49332523,0.05187988,-0.06835938,-0.38574219,-0.05371094,0.11718750,-0.79101562,-0.01464844,1.03302002,2.64649386,2.64587402,-0.02441406
19.09731746,9095,3.11975287,-2.03398020,-2.81493386,0.00534058,-1.66977786,0.05378723,3.03621100,4.24442942,-2.83088748,0.00730721,-1.50295257,0.05187988,3.07016181,-1.76618846,-2.79090126,-0.04234314,-0.50515079,0.05149841,-0.05859375,-0.37109375,-0.07324219,0.10253906,-0.77636719,-0.01464844,1.03302002,2.64638988,2.64587402,-0.04882812
19.11009622,9100,3.11975287,-2.04389842,-2.80921181,0.01220703,-1.66977786,0.05378723,3.03621100,4.23300996,-2.82452323,0.01544741,-1.52295257,0.05187988,3.06978034,-1.77114756,-2.79128273,-0.03814697,-0.51583194,0.05149841,-0.05371094,-0.37597656,-0.02929688,0.30761719,-0.73242188,0.00000000,1.03302002,2.64638022,2.64587402,-0.04882812
19.12554622,9105,3.11975287,-2.05572398,-2.80158242,0.01983643,-1.66977786,0.05378723,3.03621100,4.22083749,-2.81716143,0.02371195,-1.54222945,0.05187988,3.06901740,-1.77534373,-2.79204567,-0.03471375,-0.52498722,0.05187988,-0.05859375,-0.38085938,-0.05859375,0.24902344,-0.79101562,0.01464844,1.03302002,2.64649033,2.64587402,0.00000000
19.13948941,9110,3.11975287,-2.07060130,-2.79204567,0.02708435,-1.67015933,0.05378723,3.03621100,4.20851886,-2.80936325,0.03084037,-1.55117921,0.05187988,3.06825446,-1.78106578,-2.79242714,-0.03051758,-0.53833866,0.05149841,-0.06347656,-0.39062500,-0.03906250,0.29296875,-0.87890625,-0.02929688,1.03302002,2.64658891,2.64587402,-0.02441406
19.15162516,9115,3.11975287,-2.08128245,-2.78517922,0.03051758,-1.67054080,0.05378723,3.03621100,4.19584068,-2.80125594,0.03656061,-1.55436834,0.05187988,3.06787299,-1.78640635,-2.79319008,-0.02555847,-0.54825687,0.05149841,-0.03417969,-0.38574219,-0.02929688,0.33691406,-0.70312500,-0.01464844,1.03263855,2.64640613,2.64587402,-0.02441406
19.16607237,9120,3.11975287,-2.09615977,-2.77602394,0.03395081,-1.67092227,0.05378723,3.03621100,4.18252529,-2.79291819,0.04071590,-1.55566982,0.05187988,3.06711005,-1.79289134,-2.79319008,-0.01983643,-0.56237125,0.05187988,-0.05371094,-0.42480469,-0.00488281,0.30761719,-0.89355469,0.00000000,1.03263855,2.64614604,2.64587402,0.00000000
19.18039680,9125,3.11975287,-2.11065562,-2.76610573,0.03509521,-1.67092227,0.05378723,3.03621100,4.16922241,-2.78430692,0.04332347,-1.55621543,0.05187988,3.06672858,-1.79823191,-2.79319008,-0.01640320,-0.57190799,0.05187988,-0.04394531,-0.41015625,0.00976562,0.26367188,-0.68847656,0.00000000,1.03263855,2.64632351,2.64587402,-0.02441406
19.19521952,9130,3.11975287,-2.12286265,-2.75695046,0.03509521,-1.67092227,0.05378723,3.03621100,4.15569388,-2.77490022,0.04445966,-1.55639422,0.05187988,3.06596564,-1.80471690,-2.79319008,-0.01144409,-0.58411502,0.05187988,-0.03417969,-0.42480469,0.00488281,0.29296875,-0.80566406,-0.01464844,1.03263855,2.64622151,2.64587402,-0.02441406
19.20959353,9135,3.11975287,-2.13621409,-2.74741371,0.03433228,-1.67130374,0.05378723,3.03621100,4.14199535,-2.76506039,0.04438934,-1.55659013,0.05187988,3.06558417,-1.81005748,-2.79319008,-0.00801086,-0.59327030,0.05187988,-0.04882812,-0.43945312,0.00488281,0.26367188,-0.70312500,0.00000000,1.03302002,2.64650083,2.64587402,0.00000000
19.22216034,9140,3.11975287,-2.14918406,-2.73787697,0.03433228,-1.67168521,0.05378723,3.03621100,4.12875784,-2.75536134,0.04429599,-1.55699869,0.05187988,3.06520270,-1.81577952,-2.79319008,-0.00457764,-0.60318851,0.05149841,-0.04394531,-0.44921875,0.00488281,0.27832031,-0.73242188,-0.01464844,1.03263855,2.64614191,2.64587402,-0.02441406
19.23446512,9145,3.11975287,-2.16139109,-2.72872170,0.03433228,-1.67168521,0.05378723,3.03621100,4.11621851,-2.74603764,0.04426540,-1.55716382,0.05187988,3.06443976,-1.82226451,-2.79319008,0.00038147,-0.61539554,0.05187988,-0.04394531,-0.46386719,0.01464844,0.27832031,-0.92285156,-0.01464844,1.03302002,2.64637709,2.64587402,-0.02441406
19.24877501,9150,3.11975287,-2.17588694,-2.71727761,0.03318787,-1.67206668,0.05378723,3.03621100,4.10298145,-2.73601395,0.04381653,-1.55747439,0.05187988,3.06367682,-1.82874949,-2.79280861,0.00305176,-0.62722110,0.05187988,-0.05371094,-0.48339844,0.00976562,0.17578125,-0.73242188,-0.01464844,1.03302002,2.64635161,2.64587402,-0.02441406
19.26407242,9155,3.11975287,-2.18885691,-2.70735939,0.03280640,-1.67206668,0.05378723,3.03621100,4.08919105,-2.72547914,0.04315272,-1.55757616,0.05187988,3.06329535,-1.83523448,-2.79242714,0.00648499,-0.63790225,0.05149841,-0.03906250,-0.49316406,0.04882812,0.21972656,-0.84960938,0.00000000,1.03263855,2.64623072,2.64587402,0.00000000
19.27782917,9160,3.11975287,-2.20220835,-2.69667824,0.03280640,-1.67206668,0.05378723,3.03621100,4.07612741,-2.71519458,0.04286489,-1.55760951,0.05187988,3.06253241,-1.84210093,-2.79128273,0.00953674,-0.65010929,0.05187988,-0.06835938,-0.51757812,0.09277344,0.17578125,-0.86425781,0.01464844,1.03302002,2.64614349,2.64587402,-0.02441406
19.29110885,9165,3.11975287,-2.21174510,-2.68904885,0.03280640,-1.67206668,0.05378723,3.03621100,4.06370304,-2.70527473,0.04277058,-1.55762044,0.05187988,3.06176947,-1.84973033,-2.79013832,0.01106262,-0.66307926,0.05149841,-0.04882812,-0.50781250,0.10253906,0.10253906,-0.86425781,-0.02929688,1.03263855,2.64612248,2.64587402,-0.07324219
19.30372477,9170,3.11975287,-2.22891123,-2.67607888,0.03356934,-1.67244815,0.05378723,3.03621100,4.05041246,-2.69493508,0.04307244,-1.55770031,0.05187988,3.06176947,-1.85583384,-2.78861245,0.01335144,-0.67299747,0.05149841,-0.02441406,-0.51269531,0.11230469,0.14648438,-0.79101562,-0.02929688,1.03302002,2.64637072,2.64587402,-0.04882812
19.31929016,9175,3.11975287,-2.24417002,-2.66501625,0.03356934,-1.67244815,0.05378723,3.03621100,4.03605203,-2.68418309,0.04335152,-1.55790666,0.05187988,3.06138800,-1.86384471,-2.78670510,0.01640320,-0.68482303,0.05149841,-0.02441406,-0.50781250,0.11230469,0.16113281,-0.74707031,-0.01464844,1.03263855,2.64619694,2.64587402,0.02441406
19.33203530,9180,3.11975287,-2.25599559,-2.65662392,0.03318787,-1.67244815,0.05378723,3.03621100,4.02223765,-2.67427243,0.04318651,-1.55797428,0.05187988,3.06100653,-1.87032969,-2.78517922,0.01754761,-0.69550418,0.05149841,-0.05859375,-0.50292969,0.14648438,0.05859375,-0.83496094,-0.01464844,1.03263855,2.64605796,2.64587402,-0.02441406
19.34679270,9185,3.11975287,-2.27049144,-2.64632424,0.03318787,-1.67244815,0.05378723,3.03621100,4.00841334,-2.66436878,0.04313243,-1.55799644,0.05187988,3.06024359,-1.87834056,-2.78289040,0.01907349,-0.70656681,0.05149841,-0.03906250,-0.52734375,0.14648438,0.13183594,-0.71777344,-0.02929688,1.03263855,2.64607492,2.64587402,-0.04882812
19.36123800,9190,3.11975287,-2.28536875,-2.63602455,0.03318787,-1.67244815,0.05378723,3.03621100,3.99353634,-2.65385365,0.04311471,-1.55800370,0.05187988,3.05986212,-1.88635142,-2.78060158,0.02136230,-0.72029972,0.05149841,-0.02441406,-0.52246094,0.17089844,0.16113281,-0.87890625,-0.01464844,1.03263855,2.64611563,2.64587402,0.00000000
19.37530446,9195,3.11975287,-2.29795726,-2.62686928,0.03318787,-1.67244815,0.05378723,3.03621100,3.97928682,-2.64374643,0.04310891,-1.55800608,0.05187988,3.05948066,-1.89207347,-2.77869423,0.02403259,-0.72792911,0.05149841,-0.01953125,-0.54199219,0.16601562,0.19042969,-0.70312500,0.00000000,1.03263855,2.64621589,2.64587402,0.00000000
19.38958621,9200,3.11975287,-2.31397898,-2.61580666,0.03356934,-1.67244815,0.05378723,3.03621100,3.96516514,-2.63384111,0.04336348,-1.55800686,0.05187988,3.05909919,-1.90122874,-2.77564247,0.02593994,-0.74051761,0.05149841,-0.04882812,-0.55664062,0.18554688,0.08789062,-0.80566406,-0.02929688,1.03302002,2.64613863,2.64587402,0.00000000
19.40392208,9205,3.11975287,-2.32580455,-2.60741433,0.03356934,-1.67244815,0.05378723,3.03621100,3.95231131,-2.62482605,0.04344689,-1.55800711,0.05187988,3.05871772,-1.90962107,-2.77259072,0.02670288,-0.75272464,0.05149841,-0.03906250,-0.56152344,0.19531250,0.01464844,-0.76171875,-0.01464844,1.03302002,2.64639555,2.64587402,-0.02441406
19.41890526,9210,3.11975287,-2.34220774,-2.59558876,0.03356934,-1.67244815,0.05378723,3.03621100,3.93719372,-2.61407085,0.04347423,-1.55800719,0.05187988,3.05795478,-1.91801341,-2.76992043,0.02708435,-0.76416873,0.05149841,-0.04882812,-0.58593750,0.20507812,0.01464844,-0.77636719,-0.01464844,1.03302002,2.64619750,2.64587402,-0.02441406
19.43382311,9215,3.11975287,-2.35594065,-2.58567055,0.03356934,-1.67244815,0.05378723,3.03621100,3.92365552,-2.60436031,0.04348318,-1.55800722,0.05187988,3.05757331,-1.92640574,-2.76686867,0.02822876,-0.77675723,0.05149841,-0.02929688,-0.58593750,0.21972656,0.07324219,-0.83496094,-0.01464844,1.03302002,2.64621073,2.64587402,-0.04882812
19.44776273,9220,3.11975287,-2.37043650,-2.57498940,0.03356934,-1.67244815,0.05378723,3.03621100,3.90966830,-2.59409974,0.04348612,-1.55800723,0.05187988,3.05719184,-1.93517955,-2.76381691,0.02975464,-0.78896427,0.05149841,-0.03417969,-0.58593750,0.20996094,0.13183594,-0.79101562,0.00000000,1.03263855,2.64626658,2.64549255,-0.02441406
19.46223831,9225,3.11975287,-2.38149913,-2.56697853,0.03356934,-1.67244815,0.05378723,3.03621100,3.89620349,-2.58429017,0.04348708,-1.55800723,0.05187988,3.05681037,-1.94242747,-2.76114662,0.03166199,-0.79697513,0.05187988,-0.01953125,-0.59570312,0.23925781,0.07324219,-0.77636719,0.01464844,1.03302002,2.64623337,2.64587402,-0.02441406
19.47591305,9230,3.11975287,-2.39446910,-2.55820473,0.03356934,-1.67244815,0.05378723,3.03621100,3.88297763,-2.57494992,0.04348740,-1.55800723,0.05187988,3.05642890,-1.95043833,-2.75809487,0.03242493,-0.80994510,0.05149841,-0.03906250,-0.61035156,0.21972656,0.04394531,-0.77636719,-0.01464844,1.03263855,2.64625447,2.64587402,-0.02441406
19.48964691,9235,3.11975287,-2.40820201,-2.54828652,0.03356934,-1.67244815,0.05378723,3.03621100,3.87011204,-2.56581289,0.04348750,-1.55800723,0.05187988,3.05604743,-1.95921214,-2.75428017,0.03280640,-0.82215213,0.05149841,-0.04882812,-0.62011719,0.26367188,0.02929688,-0.82031250,-0.01464844,1.03302002,2.64624893,2.64587402,-0.02441406
19.50552630,9240,3.11975287,-2.42269786,-2.53798683,0.03318787,-1.67244815,0.05378723,3.03621100,3.85607568,-2.55590346,0.04323106,-1.55800723,0.05187988,3.05528449,-1.96874888,-2.75084694,0.03356934,-0.83435916,0.05149841,-0.04394531,-0.62500000,0.26367188,0.05859375,-0.80566406,0.00000000,1.03263855,2.64617265,2.64587402,-0.04882812
19.51887107,9245,3.11975287,-2.43604930,-2.52806862,0.03318787,-1.67244815,0.05378723,3.03621100,3.84246612,-2.54605990,0.04314703,-1.55800723,0.05187988,3.05528449,-1.97828562,-2.74665078,0.03471375,-0.84732913,0.05149841,-0.00976562,-0.63476562,0.24902344,0.05859375,-0.83496094,-0.01464844,1.03263855,2.64615645,2.64587402,-0.02441406
19.53218770,9250,3.11975287,-2.44825633,-2.51929482,0.03318787,-1.67244815,0.05378723,3.03621100,3.82934736,-2.53653615,0.04311950,-1.55800723,0.05187988,3.05490302,-1.98553355,-2.74359902,0.03509521,-0.85648441,0.05149841,-0.01953125,-0.63476562,0.27343750,0.00000000,-0.73242188,-0.01464844,1.03263855,2.64596657,2.64587402,-0.02441406
19.54704857,9255,3.11975287,-2.46465953,-2.50746926,0.03318787,-1.67244815,0.05378723,3.03621100,3.81538710,-2.52647949,0.04311048,-1.55800723,0.05187988,3.05452155,-1.99659617,-2.73940285,0.03509521,-0.87098026,0.05149841,-0.04394531,-0.63964844,0.26367188,-0.02929688,-0.86425781,-0.01464844,1.03302002,2.64627666,2.64587402,-0.02441406
19.56189919,9260,3.11975287,-2.47762950,-2.49755104,0.03318787,-1.67244815,0.05378723,3.03621100,3.80121617,-2.51592119,0.04310752,-1.55800723,0.05187988,3.05414008,-2.00536998,-2.73520668,0.03547668,-0.88242435,0.05149841,-0.03417969,-0.64453125,0.31250000,0.00000000,-0.79101562,-0.01464844,1.03302002,2.64622105,2.64587402,0.00000000
19.57575703,9265,3.11975287,-2.48907359,-2.48801430,0.03318787,-1.67244815,0.05378723,3.03621100,3.78805482,-2.50568788,0.04310655,-1.55800723,0.05187988,3.05375861,-2.01376231,-2.73139199,0.03585815,-0.89234256,0.05149841,-0.02929688,-0.62011719,0.28320312,0.01464844,-0.71777344,-0.01464844,1.03302002,2.64636005,2.64587402,-0.02441406
19.59018922,9270,3.11975287,-2.50128062,-2.47809609,0.03318787,-1.67282962,0.05378723,3.03621100,3.77549406,-2.49563517,0.04310623,-1.55823245,0.05187988,3.05337714,-2.02368052,-2.72643288,0.03623962,-0.90531253,0.05149841,-0.01953125,-0.64941406,0.32226562,0.02929688,-0.83496094,0.00000000,1.03302002,2.64637044,2.64587402,-0.04882812
19.60384297,9275,3.11975287,-2.51310618,-2.46741494,0.03318787,-1.67282962,0.05378723,3.03621100,3.76303550,-2.48487723,0.04310613,-1.55833750,0.05187988,3.05299567,-2.03283580,-2.72223671,0.03738403,-0.91446781,0.05149841,-0.01953125,-0.64453125,0.31738281,0.07324219,-0.74707031,0.00000000,1.03302002,2.64631135,2.64587402,-0.04882812
19.61897278,9280,3.11975287,-2.52302439,-2.45825966,0.03318787,-1.67282962,0.05378723,3.03621100,3.75235518,-2.47534719,0.04310610,-1.55837193,0.05187988,3.05299567,-2.04237254,-2.71765908,0.03852844,-0.92781925,0.05149841,-0.01464844,-0.65917969,0.31738281,0.07324219,-0.82031250,-0.01464844,1.03263855,2.64611498,2.64587402,-0.02441406
19.63229156,9285,3.11975287,-2.53523143,-2.44605263,0.03318787,-1.67282962,0.05378723,3.03621100,3.74080613,-2.46424538,0.04310608,-1.55838321,0.05187988,3.05261420,-2.04923899,-2.71384438,0.03890991,-0.93583011,0.05149841,-0.02929688,-0.66894531,0.34179688,0.01464844,-0.77636719,-0.02929688,1.03263855,2.64619126,2.64587402,-0.02441406
19.64550138,9290,3.11975287,-2.54629405,-2.43499001,0.03318787,-1.67282962,0.05378723,3.03621100,3.72994887,-2.45356591,0.04310608,-1.55838690,0.05187988,3.05223273,-2.05915721,-2.70926674,0.03890991,-0.94803714,0.05149841,-0.02929688,-0.68359375,0.34667969,-0.01464844,-0.79101562,0.00000000,1.03263855,2.64611860,2.64587402,-0.04882812
19.65873957,9295,3.11975287,-2.55544932,-2.42545327,0.03318787,-1.67282962,0.05378723,3.03621100,3.72001274,-2.44347064,0.04310608,-1.55838811,0.05187988,3.05185126,-2.06907542,-2.70430764,0.03967285,-0.96062564,0.05149841,-0.02929688,-0.68359375,0.34667969,0.04394531,-0.83496094,-0.01464844,1.03302002,2.64632648,2.64587402,0.00000000
19.67549872,9300,3.11975287,-2.56536753,-2.41477211,0.03318787,-1.67282962,0.05378723,3.03621100,3.70996707,-2.43290871,0.04310608,-1.55838851,0.05187988,3.05146979,-2.07784922,-2.70049294,0.04043579,-0.97130680,0.05149841,-0.04394531,-0.68847656,0.34179688,0.05859375,-0.79101562,-0.01464844,1.03263855,2.64611994,2.64587402,-0.02441406
19.68930721,9305,3.11975287,-2.57681163,-2.40142067,0.03318787,-1.67282962,0.05378723,3.03621100,3.69952028,-2.42133120,0.04310608,-1.55838864,0.05187988,3.05108832,-2.09005625,-2.69400795,0.04196167,-0.98656558,0.05149841,-0.02441406,-0.67871094,0.37597656,0.05859375,-0.79101562,-0.01464844,1.03302002,2.64634547,2.64587402,-0.02441406
19.70332360,9310,3.11975287,-2.58634837,-2.39112099,0.03318787,-1.67282962,0.05378723,3.03621100,3.68917117,-2.40992823,0.04310608,-1.55838868,0.05187988,3.05070685,-2.09883006,-2.68866738,0.04196167,-0.99686527,0.05149841,-0.02929688,-0.67871094,0.38085938,0.00000000,-0.79101562,-0.01464844,1.03263855,2.64615058,2.64587402,-0.02441406
19.71624303,9315,3.11975287,-2.59550364,-2.38158425,0.03318787,-1.67282962,0.05378723,3.03621100,3.67944062,-2.39937518,0.04310608,-1.55838870,0.05187988,3.05070685,-2.10912974,-2.68332680,0.04196167,-1.01021671,0.05149841,-0.02441406,-0.68847656,0.39062500,-0.02929688,-0.84960938,-0.01464844,1.03263855,2.64596465,2.64587402,0.00000000
19.73268509,9320,3.11975287,-2.60809214,-2.36975869,0.03318787,-1.67282962,0.05378723,3.03621100,3.66847221,-2.38848222,0.04310608,-1.55838870,0.05187988,3.05032538,-2.11866648,-2.67760475,0.04196167,-1.02089786,0.05149841,-0.01953125,-0.66894531,0.37597656,-0.01464844,-0.74707031,-0.01464844,1.03263855,2.64608829,2.64587402,0.00000000
19.74655437,9325,3.11975287,-2.62106211,-2.35831459,0.03318787,-1.67282962,0.05378723,3.03621100,3.65626602,-2.37720749,0.04310608,-1.55838870,0.05187988,3.04994391,-2.12896617,-2.67188271,0.04196167,-1.03386783,0.05149841,-0.02441406,-0.67871094,0.37597656,-0.01464844,-0.84960938,-0.01464844,1.03263855,2.64624209,2.64587402,0.00000000
19.75986147,9330,3.11975287,-2.63021739,-2.34992226,0.03318787,-1.67282962,0.05378723,3.03621100,3.64569842,-2.36753813,0.04310608,-1.55838870,0.05187988,3.04956244,-2.13735850,-2.66654213,0.04196167,-1.04416751,0.05149841,-0.04882812,-0.67382812,0.39062500,-0.01464844,-0.80566406,0.00000000,1.03263855,2.64613525,2.64587402,-0.04882812
19.77413225,9335,3.11975287,-2.64166148,-2.33885964,0.03318787,-1.67282962,0.05378723,3.03621100,3.63501517,-2.35753264,0.04310608,-1.55838870,0.05187988,3.04956244,-2.14575083,-2.66158303,0.04196167,-1.05370426,0.05149841,-0.01464844,-0.67382812,0.42480469,-0.01464844,-0.80566406,-0.01464844,1.03302002,2.64647256,2.64549255,-0.04882812
19.78950000,9340,3.11975287,-2.65386851,-2.32741555,0.03318787,-1.67282962,0.05378723,3.03621100,3.62359505,-2.34662831,0.04310608,-1.55838870,0.05187988,3.04918097,-2.15757640,-2.65471657,0.04196167,-1.06743717,0.05149841,-0.01953125,-0.67871094,0.42480469,-0.01464844,-0.74707031,-0.02929688,1.03302002,2.64632040,2.64587402,-0.02441406
19.80224752,9345,3.11975287,-2.66340525,-2.31826027,0.03318787,-1.67321109,0.05378723,3.03621100,3.61266675,-2.33622559,0.04310608,-1.55852603,0.05187988,3.04879950,-2.16596873,-2.64975746,0.04196167,-1.07735538,0.05149841,-0.02441406,-0.69824219,0.41992188,-0.01464844,-0.77636719,-0.02929688,1.03302002,2.64627054,2.64587402,-0.02441406
19.81664610,9350,3.11975287,-2.67484935,-2.30796059,0.03318787,-1.67321109,0.05378723,3.03621100,3.60155476,-2.32599419,0.04310608,-1.55869017,0.05187988,3.04879950,-2.17550547,-2.64403542,0.04196167,-1.08879947,0.05149841,-0.01953125,-0.68847656,0.41992188,-0.01464844,-0.80566406,0.00000000,1.03302002,2.64623467,2.64587402,-0.02441406
19.83241916,9355,3.11975287,-2.68629344,-2.29766091,0.03318787,-1.67359256,0.05378723,3.03621100,3.59004322,-2.31556259,0.04310608,-1.55893012,0.05187988,3.04841803,-2.18542369,-2.63793190,0.04196167,-1.10062503,0.05149841,-0.00976562,-0.68359375,0.41503906,0.00000000,-0.79101562,0.00000000,1.03302002,2.64640748,2.64587402,-0.04882812
19.84466720,9360,3.11975287,-2.69735606,-2.28812416,0.03318787,-1.67359256,0.05378723,3.03621100,3.57903271,-2.30585176,0.04310608,-1.55907905,0.05187988,3.04841803,-2.19457896,-2.63220986,0.04196167,-1.11245059,0.05149841,-0.01464844,-0.68847656,0.41015625,-0.01464844,-0.80566406,-0.02929688,1.03263855,2.64617090,2.64587402,-0.02441406
19.85835576,9365,3.11975287,-2.70803721,-2.27935036,0.03318787,-1.67359256,0.05378723,3.03621100,3.56798534,-2.29646134,0.04310608,-1.55912786,0.05187988,3.04803656,-2.20411570,-2.62572487,0.04196167,-1.12351322,0.05149841,-0.02441406,-0.69335938,0.42968750,0.00000000,-0.84960938,-0.01464844,1.03263855,2.64615587,2.64587402,0.00000000
19.87312150,9370,3.11975287,-2.71986277,-2.26905068,0.03280640,-1.67359256,0.05378723,3.03621100,3.55682151,-2.28681752,0.04291992,-1.55914385,0.05187988,3.04803656,-2.21403392,-2.62038430,0.04196167,-1.13457584,0.05149841,-0.02929688,-0.72265625,0.42480469,-0.01464844,-0.80566406,-0.01464844,1.03263855,2.64608845,2.64587402,0.02441406
19.88539600,9375,3.11975287,-2.73016246,-2.25989540,0.03280640,-1.67359256,0.05378723,3.03621100,3.54583388,-2.27727754,0.04278861,-1.55914909,0.05187988,3.04765509,-2.22318919,-2.61389931,0.04196167,-1.14525699,0.05149841,-0.03417969,-0.72265625,0.44433594,-0.02929688,-0.76171875,-0.01464844,1.03263855,2.64612007,2.64587402,-0.04882812
19.90116501,9380,3.11975287,-2.74275096,-2.24921425,0.03280640,-1.67359256,0.05378723,3.03621100,3.53411321,-2.26700207,0.04274558,-1.55915081,0.05187988,3.04727362,-2.23501475,-2.60741433,0.04196167,-1.15898990,0.05149841,-0.02441406,-0.72265625,0.43945312,-0.01464844,-0.90820312,0.00000000,1.03263855,2.64617437,2.64587402,-0.09765625
19.91348696,9385,3.11975287,-2.75266917,-2.24082192,0.03280640,-1.67359256,0.05378723,3.03621100,3.52298182,-2.25750927,0.04273148,-1.55915137,0.05187988,3.04689215,-2.24378855,-2.60169228,0.04196167,-1.16967105,0.05149841,-0.02929688,-0.72265625,0.46875000,-0.01464844,-0.82031250,-0.02929688,1.03263855,2.64605057,2.64587402,-0.04882812
19.92571354,9390,3.11975287,-2.76411326,-2.23166664,0.03280640,-1.67359256,0.05378723,3.03621100,3.51247710,-2.24888305,0.04272686,-1.55915155,0.05187988,3.04689215,-2.25218089,-2.59597023,0.04196167,-1.17958927,0.05149841,-0.02929688,-0.72265625,0.48828125,-0.01464844,-0.82031250,-0.02929688,1.03263855,2.64610765,2.64587402,-0.04882812
19.93990445,9395,3.11975287,-2.77593882,-2.22251137,0.03280640,-1.67359256,0.05378723,3.03621100,3.50075086,-2.23964576,0.04272535,-1.55915161,0.05187988,3.04689215,-2.26171763,-2.58948525,0.04196167,-1.19103336,0.05149841,-0.00976562,-0.71289062,0.48828125,0.00000000,-0.83496094,0.00000000,1.03302002,2.64616567,2.64587402,-0.02441406
19.95415163,9400,3.11975287,-2.79043467,-2.21106728,0.03280640,-1.67359256,0.05378723,3.03621100,3.48821675,-2.22975976,0.04272485,-1.55915163,0.05187988,3.04651068,-2.27354319,-2.58261879,0.04196167,-1.20476627,0.05149841,-0.01464844,-0.71289062,0.47851562,-0.01464844,-0.80566406,-0.02929688,1.03302002,2.64621983,2.64549255,-0.02441406
19.96988535,9405,3.11975287,-2.80149729,-2.20191201,0.03280640,-1.67321109,0.05378723,3.03621100,3.47574178,-2.21976396,0.04272469,-1.55896548,0.05187988,3.04651068,-2.28346141,-2.57575234,0.04196167,-1.21582889,0.05149841,-0.01464844,-0.69335938,0.47851562,-0.01464844,-0.71777344,0.00000000,1.03302002,2.64620243,2.64587402,-0.02441406
19.98686361,9410,3.11975287,-2.81904490,-2.18817910,0.03280640,-1.67321109,0.05378723,3.03621100,3.46094768,-2.20798659,0.04272464,-1.55883417,0.05187988,3.04651068,-2.29566844,-2.56697853,0.04196167,-1.23032474,0.05149841,-0.01953125,-0.68359375,0.46386719,-0.01464844,-0.77636719,0.00000000,1.03302002,2.64643207,2.64587402,-0.02441406
20.00116706,9415,3.11975287,-2.83010752,-2.17978676,0.03280640,-1.67321109,0.05378723,3.03621100,3.44740110,-2.19743378,0.04272462,-1.55879115,0.05187988,3.04612921,-2.30177195,-2.56240090,0.04196167,-1.23719119,0.05149841,-0.02441406,-0.68847656,0.50292969,-0.01464844,-0.79101562,-0.02929688,1.03263855,2.64613501,2.64587402,-0.04882812
20.01395965,9420,3.11975287,-2.84269602,-2.17025002,0.03280640,-1.67321109,0.05378723,3.03621100,3.43432580,-2.18748059,0.04272461,-1.55877705,0.05187988,3.04574775,-2.31512339,-2.55324562,0.04196167,-1.25168704,0.05149841,-0.02441406,-0.69335938,0.48339844,-0.01464844,-0.74707031,-0.01464844,1.03302002,2.64640998,2.64587402,0.02441406
20.03069305,9425,3.11975287,-2.85604747,-2.15995034,0.03280640,-1.67321109,0.05378723,3.03621100,3.42056387,-2.17693458,0.04272461,-1.55877243,0.05187988,3.04574775,-2.32504161,-2.54637917,0.04196167,-1.26236820,0.05149841,-0.01953125,-0.72265625,0.50292969,-0.02929688,-0.76171875,0.00000000,1.03263855,2.64611215,2.64587402,0.00000000
20.04358482,9430,3.11975287,-2.87054331,-2.14888771,0.03280640,-1.67321109,0.05378723,3.03621100,3.40713908,-2.16660375,0.04272461,-1.55877091,0.05187988,3.04536628,-2.33534129,-2.53913124,0.04196167,-1.27343082,0.05149841,-0.02441406,-0.71289062,0.50292969,-0.02929688,-0.79101562,-0.01464844,1.03302002,2.64610464,2.64587402,-0.04882812
20.05678010,9435,3.11975287,-2.88313182,-2.13973244,0.03242493,-1.67321109,0.05378723,3.03621100,3.39460027,-2.15721317,0.04253845,-1.55877042,0.05187988,3.04498481,-2.34373362,-2.53340920,0.04196167,-1.28258609,0.05149841,-0.02929688,-0.74218750,0.47851562,0.00000000,-0.77636719,0.00000000,1.03263855,2.64618787,2.64587402,-0.02441406
20.07027817,9440,3.11975287,-2.89686473,-2.12981423,0.03166199,-1.67321109,0.05378723,3.03621100,3.38140611,-2.14751668,0.04210563,-1.55877025,0.05187988,3.04498481,-2.35479624,-2.52577980,0.04196167,-1.29555606,0.05149841,-0.01953125,-0.73242188,0.50292969,-0.01464844,-0.84960938,0.00000000,1.03263855,2.64609894,2.64587402,-0.02441406
20.08641815,9445,3.11975287,-2.91326792,-2.11837014,0.02937317,-1.67282962,0.05378723,3.03621100,3.36647046,-2.13691086,0.04072430,-1.55851373,0.05187988,3.04460334,-2.36776622,-2.51700600,0.04234314,-1.30890750,0.05149841,-0.00976562,-0.74707031,0.52246094,0.00000000,-0.87890625,-0.02929688,1.03263855,2.64604538,2.64587402,0.00000000
20.10029292,9450,3.11975287,-2.92623790,-2.10959633,0.02784729,-1.67282962,0.05378723,3.03621100,3.35219134,-2.12701282,0.03904363,-1.55842967,0.05187988,3.04460334,-2.37768443,-2.51052101,0.04234314,-1.32111453,0.05149841,-0.00976562,-0.76660156,0.53222656,-0.01464844,-0.82031250,0.00000000,1.03263855,2.64593017,2.64549255,-0.04882812
20.11427999,9455,3.11975287,-2.94035227,-2.09967812,0.02517700,-1.67282962,0.05378723,3.03621100,3.33786184,-2.11702798,0.03681140,-1.55840213,0.05187988,3.04460334,-2.38836558,-2.50327309,0.04196167,-1.33332157,0.05149841,-0.00976562,-0.77636719,0.51269531,-0.01464844,-0.84960938,0.00000000,1.03302002,2.64614267,2.64587402,0.00000000
20.12801194,9460,3.11975287,-2.95522959,-2.08937844,0.02174377,-1.67282962,0.05378723,3.03621100,3.32405856,-2.10740910,0.03411985,-1.55839310,0.05187988,3.04460334,-2.39752085,-2.49716957,0.04196167,-1.34247684,0.05149841,-0.01464844,-0.76171875,0.52246094,-0.04394531,-0.84960938,-0.01464844,1.03263855,2.64622475,2.64587402,-0.04882812
20.14140105,9465,3.11975287,-2.96743663,-2.08098610,0.01907349,-1.67282962,0.05378723,3.03621100,3.31040562,-2.09793321,0.03123117,-1.55839015,0.05187988,3.04422187,-2.40820201,-2.49068459,0.04196167,-1.35392093,0.05149841,-0.01953125,-0.77148438,0.53222656,-0.01464844,-0.68847656,-0.01464844,1.03302002,2.64623919,2.64587402,-0.04882812
20.15521240,9470,3.11975287,-2.98040660,-2.07259377,0.01602173,-1.67282962,0.05378723,3.03621100,3.29717084,-2.08905105,0.02825629,-1.55838918,0.05187988,3.04422187,-2.41812022,-2.48343666,0.04196167,-1.36498355,0.05149841,-0.01464844,-0.77148438,0.52734375,-0.01464844,-0.89355469,-0.01464844,1.03263855,2.64599368,2.64587402,-0.02441406
20.16792536,9475,3.11975287,-2.99566539,-2.06343849,0.01182556,-1.67244815,0.05378723,3.03621100,3.28345272,-2.08043351,0.02482067,-1.55825153,0.05187988,3.04384040,-2.42841990,-2.47580727,0.04158020,-1.37833499,0.05149841,-0.01464844,-0.76660156,0.52734375,-0.01464844,-0.77636719,0.00000000,1.03263855,2.64599136,2.64587402,-0.02441406
20.18174911,9480,3.11975287,-3.00977977,-2.05466469,0.00762939,-1.67244815,0.05378723,3.03621100,3.26952971,-2.07177683,0.02093963,-1.55808729,0.05187988,3.04384040,-2.43986399,-2.46817787,0.04119873,-1.38977909,0.05149841,-0.01464844,-0.77636719,0.51757812,-0.07324219,-0.83496094,0.00000000,1.03263855,2.64597497,2.64587402,-0.02441406
20.19599748,9485,3.11975287,-3.02274974,-2.04665383,0.00419617,-1.67244815,0.05378723,3.03621100,3.25579921,-2.06329897,0.01708232,-1.55803347,0.05187988,3.04384040,-2.44978221,-2.46092995,0.04081726,-1.40160465,0.05149841,-0.01953125,-0.78125000,0.52734375,-0.05859375,-0.82031250,-0.01464844,1.03263855,2.64598523,2.64549255,-0.02441406
20.20798397,9490,3.11975287,-3.03495677,-2.03902443,0.00114441,-1.67244815,0.05378723,3.03621100,3.24256074,-2.05507076,0.01364746,-1.55801583,0.05187988,3.04345893,-2.46084483,-2.45368203,0.04043579,-1.41114139,0.05149841,-0.01953125,-0.77636719,0.53222656,-0.05859375,-0.73242188,-0.02929688,1.03263855,2.64613019,2.64587402,-0.02441406
20.22260284,9495,3.11975287,-3.04983409,-2.02986916,-0.00228882,-1.67244815,0.05378723,3.03621100,3.22896702,-2.04671389,0.01018391,-1.55801005,0.05187988,3.04307746,-2.47076304,-2.44681557,0.03814697,-1.42258548,0.05149841,-0.02929688,-0.79101562,0.54687500,-0.13183594,-0.87890625,-0.02929688,1.03302002,2.64628633,2.64587402,-0.04882812
20.23735595,9500,3.11975287,-3.06318553,-2.02185829,-0.00495911,-1.67244815,0.05378723,3.03621100,3.21463628,-2.03805351,0.00711111,-1.55800816,0.05187988,3.04307746,-2.48297007,-2.43842324,0.03585815,-1.43288516,0.05149841,-0.01464844,-0.80566406,0.57128906,-0.19042969,-0.67382812,0.00000000,1.03263855,2.64614975,2.64587402,-0.04882812
20.25065827,9505,3.11975287,-3.07577403,-2.01422890,-0.00724792,-1.67244815,0.05378723,3.03621100,3.20183480,-2.03025426,0.00456540,-1.55800754,0.05187988,3.04269599,-2.49174388,-2.43231972,0.03318787,-1.44165897,0.05149841,-0.01464844,-0.79101562,0.55175781,-0.23437500,-0.76171875,-0.01464844,1.03302002,2.64627712,2.64587402,-0.02441406
20.26375103,9510,3.11975287,-3.08874400,-2.00583657,-0.00915527,-1.67244815,0.05378723,3.03621100,3.18882580,-2.02214073,0.00237075,-1.55800733,0.05187988,3.04269599,-2.50471385,-2.42354592,0.03051758,-1.45310306,0.05149841,-0.00976562,-0.79589844,0.53222656,-0.16113281,-0.67382812,-0.01464844,1.03263855,2.64630396,2.64587402,0.00000000
20.27608347,9515,3.11975287,-3.09980662,-1.99858864,-0.00953674,-1.67244815,0.05378723,3.03621100,3.17681484,-2.01449784,0.00106457,-1.55800727,0.05187988,3.04269599,-2.51386912,-2.41744240,0.02861023,-1.46035098,0.05149841,-0.01464844,-0.78613281,0.52246094,-0.16113281,-0.58593750,0.00000000,1.03263855,2.64619948,2.64587402,-0.02441406
20.29001212,9520,3.11975287,-3.11315806,-1.99019631,-0.00991821,-1.67244815,0.05378723,3.03621100,3.16463117,-2.00675050,0.00034884,-1.55800725,0.05187988,3.04231452,-2.52455027,-2.41133889,0.02593994,-1.46836185,0.05149841,-0.01953125,-0.80078125,0.53222656,-0.17578125,-0.57128906,-0.02929688,1.03263855,2.64612129,2.64587402,0.00000000
20.30310273,9525,3.11975287,-3.12345774,-1.98371132,-0.00953674,-1.67244815,0.05378723,3.03621100,3.15320291,-1.99946222,0.00025164,-1.55800724,0.05187988,3.04231452,-2.53408702,-2.40409096,0.02403259,-1.47484683,0.05149841,-0.02441406,-0.82031250,0.54199219,-0.20507812,-0.54199219,0.00000000,1.03302002,2.64618576,2.64587402,0.00000000
20.31528497,9530,3.11975287,-3.13375743,-1.97722634,-0.00915527,-1.67206668,0.05378723,3.03621100,3.14269308,-1.99267592,0.00041522,-1.55786991,0.05187988,3.04231452,-2.54476817,-2.39684304,0.02250671,-1.48095035,0.05149841,-0.01464844,-0.81542969,0.55175781,-0.11718750,-0.43945312,-0.02929688,1.03263855,2.64621446,2.64549255,-0.04882812
20.32829285,9535,3.11975287,3.13989114,-1.97074135,-0.00915527,-1.67206668,0.05378723,3.03621100,3.13125886,-1.98528068,0.00064900,-1.55770577,0.05187988,3.04231452,-2.55430491,-2.39073952,0.02212524,-1.48400211,0.05149841,-0.00976562,-0.83496094,0.55175781,-0.07324219,-0.30761719,-0.02929688,1.03263855,2.64606370,2.64587402,-0.02441406
20.34150648,9540,3.11975287,3.12653970,-1.96234902,-0.00915527,-1.67206668,0.05378723,3.03621100,3.12035988,-1.97827220,0.00072560,-1.55765198,0.05187988,3.04193305,-2.56727488,-2.38196572,0.02021790,-1.48972415,0.05149841,-0.00488281,-0.82519531,0.53710938,-0.16113281,-0.30761719,-0.01464844,1.03302002,2.64638662,2.64549255,-0.02441406
20.35523772,9545,3.11975287,3.11738442,-1.95624550,-0.00915527,-1.67206668,0.05378723,3.03621100,3.10966252,-1.97134041,0.00075071,-1.55763436,0.05187988,3.04193305,-2.57681163,-2.37548073,0.01907349,-1.49506473,0.05149841,-0.00488281,-0.78125000,0.53222656,-0.11718750,-0.41015625,-0.01464844,1.03302002,2.64637915,2.64587402,-0.02441406
20.36924028,9550,3.11975287,3.10670327,-1.94937905,-0.00915527,-1.67206668,0.05378723,3.03621100,3.09929442,-1.96455850,0.00075893,-1.55762858,0.05187988,3.04193305,-2.58749278,-2.36823281,0.01754761,-1.50154972,0.05149841,-0.00976562,-0.78125000,0.55664062,-0.11718750,-0.43945312,-0.01464844,1.03263855,2.64639989,2.64587402,0.00000000
20.38314462,9555,3.11975287,3.09449624,-1.94136818,-0.00915527,-1.67206668,0.05378723,3.03621100,3.08800442,-1.95722671,0.00076163,-1.55762669,0.05187988,3.04193305,-2.59702952,-2.36022194,0.01564026,-1.50689029,0.05149841,-0.00976562,-0.78613281,0.55664062,-0.13183594,-0.29296875,-0.01464844,1.03263855,2.64610884,2.64587402,-0.02441406
20.39652252,9560,3.11975287,3.08457803,-1.93488320,-0.00915527,-1.67206668,0.05378723,3.03621100,3.07725242,-1.95022596,0.00076251,-1.55762607,0.05187988,3.04193305,-2.60923655,-2.35297402,0.01449585,-1.50803470,0.05149841,-0.00976562,-0.81054688,0.54199219,-0.08789062,-0.05859375,-0.01464844,1.03263855,2.64602909,2.64549255,-0.04882812
20.41075230,9565,3.11975287,3.07351541,-1.92763527,-0.00915527,-1.67206668,0.05378723,3.03621100,3.06711483,-1.94359711,0.00076280,-1.55762586,0.05187988,3.04193305,-2.61915477,-2.34648903,0.01335144,-1.50803470,0.05149841,-0.00976562,-0.82031250,0.55175781,-0.08789062,0.02929688,0.00000000,1.03302002,2.64634012,2.64587402,-0.02441406
20.42363262,9570,3.11975287,3.06397866,-1.92153176,-0.00953674,-1.67206668,0.05378723,3.03621100,3.05731675,-1.93718376,0.00068660,-1.55762580,0.05187988,3.04155158,-2.63098033,-2.34038552,0.01182556,-1.50879764,0.05149841,-0.01464844,-0.81542969,0.55175781,-0.10253906,-0.07324219,-0.01464844,1.03302002,2.64617934,2.64587402,0.00000000
20.43693471,9575,3.11975287,3.05520486,-1.91580971,-0.00953674,-1.67206668,0.05378723,3.03621100,3.04672342,-1.93029427,0.00048145,-1.55762578,0.05187988,3.04155158,-2.64166148,-2.33237465,0.01106262,-1.51184940,0.05149841,-0.01953125,-0.79101562,0.55175781,-0.07324219,-0.24902344,0.00000000,1.03263855,2.64597407,2.64549255,-0.02441406
20.45114636,9580,3.11975287,3.04261636,-1.90741738,-0.00953674,-1.67206668,0.05378723,3.03621100,3.03598743,-1.92323277,0.00041423,-1.55762577,0.05187988,3.04117011,-2.65386851,-2.32321938,0.01068115,-1.51909732,0.05149841,-0.02441406,-0.78613281,0.53710938,-0.04394531,-0.45410156,-0.01464844,1.03263855,2.64610700,2.64549255,-0.02441406
20.46380544,9585,3.11975287,3.03384255,-1.90131386,-0.00953674,-1.67206668,0.05378723,3.03621100,3.02595151,-1.91649552,0.00039221,-1.55762577,0.05187988,3.04117011,-2.66264231,-2.31711586,0.01029968,-1.52443790,0.05149841,-0.00976562,-0.77636719,0.53710938,-0.07324219,-0.48339844,-0.02929688,1.03263855,2.64613494,2.64549255,-0.02441406
20.47871518,9590,3.11975287,3.02430581,-1.89482888,-0.00953674,-1.67206668,0.05378723,3.03621100,3.01634105,-1.90986439,0.00038499,-1.55762577,0.05187988,3.04117011,-2.67561228,-2.30834206,0.00915527,-1.52977848,0.05149841,-0.00976562,-0.80078125,0.54687500,-0.11718750,-0.26367188,-0.02929688,1.03302002,2.64611211,2.64549255,-0.02441406
20.49297523,9595,3.11975287,3.01515054,-1.88834389,-0.00953674,-1.67206668,0.05378723,3.03621100,3.00671972,-1.90312693,0.00038262,-1.55762577,0.05187988,3.04117011,-2.68667491,-2.30109413,0.00801086,-1.53054141,0.05149841,-0.00976562,-0.84472656,0.55175781,-0.11718750,-0.02929688,-0.01464844,1.03263855,2.64617177,2.64549255,-0.04882812
20.51129699,9600,3.11975287,3.00752114,-1.88262184,-0.00953674,-1.67206668,0.05378723,3.03621100,2.99794249,-1.89694862,0.00038185,-1.55762577,0.05187988,3.04117011,-2.69811900,-2.29308327,0.00762939,-1.53130435,0.05149841,0.00000000,-0.83496094,0.54199219,-0.04394531,-0.07324219,-0.01464844,1.03263855,2.64597159,2.64549255,0.00000000
20.52544546,9605,3.11975287,2.99378823,-1.87308510,-0.00953674,-1.67206668,0.05378723,3.03621100,2.98741012,-1.88944693,0.00038159,-1.55762577,0.05187988,3.04078864,-2.71337779,-2.28507241,0.00686646,-1.53435611,0.05149841,-0.01953125,-0.80566406,0.52246094,-0.05859375,-0.17578125,-0.01464844,1.03263855,2.64590599,2.64549255,-0.02441406
20.54102993,9610,3.11975287,2.98577737,-1.86736306,-0.00953674,-1.67206668,0.05378723,3.03621100,2.97752857,-1.88247475,0.00038151,-1.55762577,0.05187988,3.04078864,-2.72482188,-2.27629860,0.00648499,-1.53664493,0.05149841,-0.01464844,-0.79101562,0.53710938,-0.05859375,-0.13183594,-0.04394531,1.03302002,2.64611521,2.64587402,-0.07324219
20.55446792,9615,3.11975287,2.97700356,-1.86164101,-0.00953674,-1.67206668,0.05378723,3.03621100,2.96869208,-1.87643631,0.00038148,-1.55762577,0.05187988,3.04040717,-2.73626597,-2.26866921,0.00610352,-1.53778934,0.05149841,-0.02441406,-0.77148438,0.54199219,-0.02929688,-0.07324219,-0.01464844,1.03263855,2.64601556,2.64549255,-0.02441406
20.56877303,9620,3.11975287,2.96937417,-1.85668190,-0.00953674,-1.67206668,0.05378723,3.03621100,2.96049673,-1.87099219,0.00038147,-1.55762577,0.05187988,3.04040717,-2.74389537,-2.26218422,0.00610352,-1.53931522,0.05149841,-0.01464844,-0.76171875,0.53222656,-0.04394531,-0.08789062,0.00000000,1.03263855,2.64609618,2.64549255,-0.04882812
20.58207226,9625,3.11975287,2.95983743,-1.85057839,-0.00953674,-1.67206668,0.05378723,3.03621100,2.95147424,-1.86514820,0.00038147,-1.55762577,0.05187988,3.04040717,-2.75572093,-2.25531777,0.00572205,-1.54084110,0.05149841,-0.00488281,-0.76171875,0.54687500,-0.05859375,-0.11718750,-0.01464844,1.03263855,2.64602495,2.64587402,0.00000000
20.59648180,9630,3.11975287,2.95182656,-1.84600075,-0.00953674,-1.67206668,0.05378723,3.03621100,2.94318365,-1.86010238,0.00038147,-1.55762577,0.05187988,3.04040717,-2.76792796,-2.24654396,0.00457764,-1.54236698,0.05111694,-0.00976562,-0.76660156,0.52734375,-0.05859375,-0.05859375,-0.02929688,1.03263855,2.64606410,2.64549255,-0.07324219
20.61123848,9635,3.11975287,2.94381570,-1.84142311,-0.00953674,-1.67206668,0.05378723,3.03621100,2.93486677,-1.85532299,0.00038147,-1.55762577,0.05187988,3.04002570,-2.77860911,-2.23891457,0.00419617,-1.54236698,0.05149841,-0.00976562,-0.78613281,0.51269531,-0.04394531,-0.01464844,-0.01464844,1.03263855,2.64617459,2.64549255,-0.04882812
20.62494111,9640,3.11975287,2.93580483,-1.83760842,-0.00915527,-1.67206668,0.05378723,3.03621100,2.92644996,-1.85079081,0.00063794,-1.55762577,0.05187988,3.04002570,-2.78929026,-2.23204811,0.00419617,-1.54274845,0.05149841,-0.00976562,-0.76660156,0.51269531,-0.01464844,-0.02929688,-0.01464844,1.03302002,2.64630967,2.64587402,0.00000000
20.63927364,9645,3.11975287,2.92779397,-1.83379372,-0.00915527,-1.67206668,0.05378723,3.03621100,2.91836712,-1.84667070,0.00072198,-1.55762577,0.05187988,3.04002570,-2.80035289,-2.22518166,0.00419617,-1.54465579,0.05149841,-0.00976562,-0.76171875,0.50292969,-0.01464844,-0.13183594,-0.01464844,1.03263855,2.64611443,2.64549255,-0.02441406
20.65247750,9650,3.11975287,2.92054604,-1.83036049,-0.00915527,-1.67206668,0.05378723,3.03621100,2.91055068,-1.84292450,0.00074952,-1.55762577,0.05187988,3.04002570,-2.80988963,-2.21869667,0.00381470,-1.54694461,0.05149841,-0.00976562,-0.76660156,0.50292969,-0.01464844,-0.17578125,-0.02929688,1.03302002,2.64628117,2.64587402,-0.02441406
20.66674519,9655,3.11975287,2.91139077,-1.82692726,-0.00915527,-1.67206668,0.05378723,3.03621100,2.90287855,-1.83967046,0.00075854,-1.55762577,0.05187988,3.04002570,-2.82209666,-2.21030434,0.00381470,-1.54961490,0.05149841,-0.00976562,-0.74707031,0.53222656,-0.01464844,-0.14648438,-0.02929688,1.03302002,2.64622253,2.64549255,-0.04882812
20.68012381,9660,3.11975287,2.90299844,-1.82311257,-0.00953674,-1.67206668,0.05378723,3.03621100,2.89454106,-1.83614934,0.00068520,-1.55762577,0.05187988,3.04002570,-2.83315928,-2.20305641,0.00381470,-1.55075931,0.05149841,-0.00976562,-0.76171875,0.52246094,-0.05859375,-0.01464844,0.00000000,1.03263855,2.64608588,2.64587402,0.00000000
20.69546461,9665,3.11975287,2.89498757,-1.82044228,-0.00953674,-1.67206668,0.05378723,3.03621100,2.88612971,-1.83287750,0.00048100,-1.55762577,0.05187988,3.04002570,-2.84040721,-2.19924172,0.00343323,-1.55037784,0.05149841,-0.00976562,-0.75195312,0.48828125,-0.01464844,0.02929688,0.00000000,1.03263855,2.64600594,2.64587402,0.00000000
20.71142483,9670,3.11975287,2.88697671,-1.81700905,-0.00953674,-1.67206668,0.05378723,3.03621100,2.87768684,-1.82949862,0.00041408,-1.55762577,0.05187988,3.04002570,-2.85604747,-2.18856057,0.00343323,-1.55075931,0.05149841,-0.00976562,-0.75195312,0.47851562,-0.02929688,-0.01464844,0.00000000,1.03263855,2.64610182,2.64587402,-0.02441406
20.72464561,9675,3.11975287,2.88087319,-1.81472023,-0.00953674,-1.67206668,0.05378723,3.03621100,2.87004430,-1.82656111,0.00039216,-1.55762577,0.05187988,3.04002570,-2.86520274,-2.18245705,0.00305176,-1.55152225,0.05149841,-0.00976562,-0.74707031,0.47851562,-0.02929688,-0.01464844,-0.01464844,1.03302002,2.64646161,2.64549255,-0.04882812
20.73903012,9680,3.11975287,2.87209939,-1.81166848,-0.00991821,-1.67206668,0.05378723,3.03621100,2.86222615,-1.82368008,0.00024764,-1.55762577,0.05187988,3.03964423,-2.87588389,-2.17559059,0.00305176,-1.55190372,0.05149841,-0.00976562,-0.73730469,0.48339844,-0.04394531,-0.01464844,-0.02929688,1.03302002,2.64639493,2.64587402,-0.04882812
20.75171494,9685,3.11975287,2.86637734,-1.80976113,-0.00991821,-1.67206668,0.05378723,3.03621100,2.85539440,-1.82129108,0.00008115,-1.55762577,0.05187988,3.03964423,-2.88580210,-2.16910561,0.00267029,-1.55190372,0.05149841,-0.01464844,-0.72265625,0.47851562,-0.04394531,0.02929688,0.00000000,1.03263855,2.64620487,2.64549255,-0.02441406
20.76523495,9690,3.11975287,2.85951089,-1.80747231,-0.00991821,-1.67206668,0.05378723,3.03621100,2.84885719,-1.81906954,0.00002659,-1.55762577,0.05187988,3.03964423,-2.89381297,-2.16376503,0.00228882,-1.55190372,0.05149841,-0.01464844,-0.73730469,0.49316406,-0.04394531,-0.00000000,-0.01464844,1.03302002,2.64613502,2.64587402,-0.04882812
20.77969074,9695,3.11975287,2.85073708,-1.80442055,-0.00991821,-1.67206668,0.05378723,3.03621100,2.84175231,-1.81663260,0.00000871,-1.55762577,0.05187988,3.03926276,-2.90411265,-2.15728005,0.00114441,-1.55190372,0.05149841,-0.00976562,-0.72265625,0.48339844,-0.08789062,0.01464844,-0.01464844,1.03302002,2.64629671,2.64587402,-0.02441406
20.79352880,9700,3.11975287,2.84577798,-1.80251320,-0.00991821,-1.67168521,0.05378723,3.03621100,2.83502415,-1.81421821,0.00000286,-1.55743961,0.05187988,3.03926276,-2.91517527,-2.15079506,0.00038147,-1.55228519,0.05149841,-0.00488281,-0.72753906,0.46875000,-0.07324219,0.01464844,-0.02929688,1.03263855,2.64625081,2.64549255,0.00000000
20.80884910,9705,3.11975287,2.83814858,-1.79984291,-0.00991821,-1.67168521,0.05378723,3.03621100,2.82840297,-1.81188276,0.00000094,-1.55730830,0.05187988,3.03926276,-2.92623790,-2.14354714,0.00000000,-1.55266666,0.05149841,-0.00488281,-0.73730469,0.46875000,-0.04394531,0.01464844,-0.01464844,1.03263855,2.64617327,2.64549255,-0.04882812
20.82315469,9710,3.11975287,2.83090066,-1.79717263,-0.00991821,-1.67168521,0.05378723,3.03621100,2.82118610,-1.80935148,0.00000031,-1.55726527,0.05187988,3.03926276,-2.93501170,-2.13744362,0.00000000,-1.55228519,0.05149841,-0.00976562,-0.70800781,0.46386719,0.00000000,0.01464844,-0.01464844,1.03263855,2.64619181,2.64587402,0.00000000
20.83738232,9715,3.11975287,2.82479714,-1.79488381,-0.00991821,-1.67168521,0.05378723,3.03621100,2.81435545,-1.80679523,0.00000010,-1.55725117,0.05187988,3.03926276,-2.94645579,-2.13057717,0.00000000,-1.55266666,0.05149841,-0.01464844,-0.71289062,0.44433594,-0.02929688,-0.00000000,-0.01464844,1.03302002,2.64642859,2.64587402,0.00000000
20.85456443,9720,3.11975287,2.81678628,-1.79183205,-0.00991821,-1.67130374,0.05378723,3.03621100,2.80743298,-1.80426619,0.00000003,-1.55717025,0.05187988,3.03926276,-2.95904429,-2.12332924,0.00000000,-1.55342960,0.05149841,-0.00488281,-0.71289062,0.42968750,0.00000000,-0.02929688,-0.01464844,1.03263855,2.64619637,2.64549255,-0.04882812
20.86776876,9725,3.11975287,2.81259011,-1.78954323,-0.00991821,-1.67130374,0.05378723,3.03621100,2.80138057,-1.80159934,0.00000001,-1.55696356,0.05187988,3.03888129,-2.96819956,-2.11760720,0.00000000,-1.55419254,0.05149841,-0.00976562,-0.69335938,0.42968750,-0.01464844,-0.05859375,0.00000000,1.03263855,2.64605778,2.64549255,-0.04882812
20.88267636,9730,3.11975287,2.80648660,-1.78725441,-0.00991821,-1.67130374,0.05378723,3.03621100,2.79576353,-1.79915540,0.00000000,-1.55689584,0.05187988,3.03888129,-2.97811778,-2.11150368,0.00000000,-1.55533695,0.05149841,-0.01464844,-0.70312500,0.43457031,-0.02929688,-0.04394531,-0.01464844,1.03263855,2.64593424,2.64587402,0.00000000
20.89715028,9735,3.11975287,2.80190896,-1.78458412,-0.01029968,-1.67092227,0.05378723,3.03621100,2.79039315,-1.79657832,-0.00022522,-1.55673631,0.05187988,3.03888129,-2.98841746,-2.10578163,0.00000000,-1.55571842,0.05149841,-0.01464844,-0.68359375,0.43945312,0.00000000,-0.00000000,0.00000000,1.03302002,2.64614400,2.64587402,0.00000000
20.91298389,9740,3.11975287,2.79656838,-1.78191384,-0.01029968,-1.67092227,0.05378723,3.03621100,2.78519173,-1.79396836,-0.00033027,-1.55656490,0.05187988,3.03888129,-2.99719126,-2.09967812,0.00000000,-1.55571842,0.05149841,-0.00976562,-0.68359375,0.42968750,-0.01464844,0.02929688,-0.01464844,1.03263855,2.64610311,2.64587402,0.00000000
20.92692804,9745,3.11975287,2.79275369,-1.77962502,-0.01106262,-1.67092227,0.05378723,3.03621100,2.78057596,-1.79149570,-0.00072724,-1.55650873,0.05187988,3.03888129,-3.00710948,-2.09357460,0.00000000,-1.55571842,0.05149841,-0.01464844,-0.69824219,0.41992188,-0.01464844,0.01464844,-0.01464844,1.03302002,2.64619934,2.64587402,0.00000000
20.94101238,9750,3.11975287,2.78855752,-1.77733620,-0.01144409,-1.67054080,0.05378723,3.03621100,2.77615001,-1.78896646,-0.00119387,-1.55623386,0.05187988,3.03849982,-3.01740916,-2.08708962,0.00000000,-1.55571842,0.05149841,-0.01953125,-0.67382812,0.41992188,-0.01464844,0.01464844,-0.01464844,1.03263855,2.64634097,2.64587402,-0.02441406
20.95740604,9755,3.11975287,2.78397988,-1.77504738,-0.01182556,-1.67054080,0.05378723,3.03621100,2.77200000,-1.78675756,-0.00149338,-1.55614379,0.05187988,3.03849982,-3.02847178,-2.08060463,0.00000000,-1.55609989,0.05149841,-0.00976562,-0.65429688,0.41503906,-0.01464844,0.01464844,-0.01464844,1.03302002,2.64625775,2.64587402,0.00000000
20.96890783,9760,3.11975287,2.78169106,-1.77314003,-0.01182556,-1.67015933,0.05378723,3.03621100,2.76862036,-1.78471038,-0.00177170,-1.55585780,0.05187988,3.03849982,-3.03457530,-2.07678994,-0.00038147,-1.55609989,0.05149841,-0.00488281,-0.63476562,0.37597656,-0.02929688,-0.00000000,-0.02929688,1.03302002,2.64629297,2.64549255,-0.02441406
20.98317742,9765,3.11975287,2.77825784,-1.77046974,-0.01182556,-1.67015933,0.05378723,3.03621100,2.76533750,-1.78227552,-0.00186290,-1.55576409,0.05187988,3.03849982,-3.04411204,-2.07106789,-0.00038147,-1.55571842,0.05149841,0.00000000,-0.63476562,0.38574219,-0.01464844,0.02929688,-0.01464844,1.03263855,2.64623103,2.64587402,-0.04882812
20.99793148,9770,3.11975287,2.77520608,-1.76818093,-0.01182556,-1.67015933,0.05378723,3.03621100,2.76192828,-1.77986853,-0.00189278,-1.55573338,0.05187988,3.03849982,-3.05364878,-2.06496437,-0.00038147,-1.55571842,0.05149841,-0.00976562,-0.64941406,0.40039062,0.00000000,0.02929688,-0.02929688,1.03302002,2.64628422,2.64587402,0.00000000
21.01245165,9775,3.11975287,2.77100991,-1.76551064,-0.01220703,-1.67015933,0.05378723,3.03621100,2.75846165,-1.77743492,-0.00212780,-1.55572332,0.05187988,3.03811835,-3.06394847,-2.05886086,-0.00038147,-1.55533695,0.05149841,-0.00976562,-0.63964844,0.39550781,-0.01464844,0.02929688,-0.02929688,1.03302002,2.64628310,2.64587402,0.00000000
21.02668476,9780,3.11975287,2.76872109,-1.76322182,-0.01182556,-1.67015933,0.05378723,3.03621100,2.75533426,-1.77495754,-0.00209873,-1.55572002,0.05187988,3.03811835,-3.07195933,-2.05390175,-0.00038147,-1.55533695,0.05149841,-0.00488281,-0.64941406,0.39550781,0.00000000,0.01464844,-0.01464844,1.03302002,2.64645851,2.64549255,0.00000000
21.04031229,9785,3.11975287,2.76795815,-1.76093300,-0.01182556,-1.67092227,0.05378723,3.03621100,2.75349575,-1.77264599,-0.00197006,-1.55598139,0.05187988,3.03811835,-3.08111460,-2.04856118,-0.00038147,-1.55609989,0.05149841,-0.00976562,-0.61035156,0.36621094,-0.01464844,-0.01464844,-0.02929688,1.03263855,2.64606555,2.64587402,0.02441406
21.05398011,9790,3.11975287,2.76757668,-1.75864418,-0.01182556,-1.67092227,0.05378723,3.03621100,2.75251770,-1.77030139,-0.00192790,-1.55631753,0.05187988,3.03811835,-3.08988841,-2.04398354,-0.00038147,-1.55609989,0.05149841,-0.00488281,-0.62011719,0.34179688,-0.02929688,-0.00000000,0.00000000,1.03263855,2.64612135,2.64587402,-0.04882812
21.06845331,9795,3.11975287,2.76757668,-1.75749977,-0.01182556,-1.67092227,0.05378723,3.03621100,2.75212690,-1.76855227,-0.00191408,-1.55642767,0.05187988,3.03811835,-3.09866221,-2.03826149,-0.00076294,-1.55648136,0.05149841,-0.00976562,-0.59570312,0.34667969,-0.02929688,-0.01464844,-0.01464844,1.03263855,2.64619335,2.64587402,-0.04882812
21.08221602,9800,3.11975287,2.76757668,-1.75673683,-0.01220703,-1.67054080,0.05378723,3.03621100,2.75199884,-1.76734704,-0.00209571,-1.55627761,0.05187988,3.03811835,-3.10591014,-2.03368386,-0.00076294,-1.55686283,0.05149841,-0.00488281,-0.60058594,0.39550781,-0.01464844,-0.01464844,-0.01464844,1.03263855,2.64619839,2.64549255,-0.02441406
21.09602356,9805,3.11975287,2.76757668,-1.75635537,-0.01220703,-1.67015933,0.05378723,3.03621100,2.75195688,-1.76669564,-0.00222554,-1.55590165,0.05187988,3.03811835,-3.11468394,-2.02872475,-0.00114441,-1.55686283,0.05149841,-0.00488281,-0.54687500,0.38085938,-0.05859375,0.04394531,0.00000000,1.03263855,2.64612094,2.64549255,-0.02441406
21.11040926,9810,3.11975287,2.76757668,-1.75521096,-0.01182556,-1.67015933,0.05378723,3.03621100,2.75194313,-1.76585390,-0.00213075,-1.55577846,0.05187988,3.03811835,-3.12269480,-2.02262123,-0.00114441,-1.55648136,0.05149841,-0.00488281,-0.55175781,0.37109375,-0.01464844,0.04394531,-0.02929688,1.03263855,2.64625278,2.64587402,0.02441406
21.12726521,9815,3.11975287,2.76757668,-1.75406655,-0.01220703,-1.67015933,0.05378723,3.03621100,2.75193862,-1.76484773,-0.00205685,-1.55573809,0.05187988,3.03811835,-3.13146861,-2.01689919,-0.00114441,-1.55609989,0.05149841,-0.00976562,-0.53710938,0.34667969,-0.01464844,0.04394531,-0.01464844,1.03263855,2.64626083,2.64587402,-0.02441406
21.13958883,9820,3.11975287,2.76757668,-1.75330361,-0.01220703,-1.67015933,0.05378723,3.03621100,2.75193715,-1.76396602,-0.00221281,-1.55572486,0.05187988,3.03811835,-3.13719065,-2.01613625,-0.00152588,-1.55571842,0.05149841,-0.00976562,-0.55175781,0.35156250,-0.01464844,0.02929688,-0.01464844,1.03263855,2.64600077,2.64549255,-0.02441406
21.15362215,9825,3.11975287,2.76757668,-1.75254067,-0.01220703,-1.67015933,0.05378723,3.03621100,2.75193666,-1.76307188,-0.00226391,-1.55572053,0.05187988,3.03811835,3.13836526,-2.00850685,-0.00152588,-1.55571842,0.05149841,-0.01464844,-0.52246094,0.35156250,-0.01464844,0.04394531,-0.01464844,1.03263855,2.64610013,2.64549255,-0.04882812
21.16734266,9830,3.11975287,2.76757668,-1.75215920,-0.01220703,-1.67054080,0.05378723,3.03621100,2.75193650,-1.76247359,-0.00228066,-1.55597558,0.05187988,3.03811835,3.13111733,-2.00431069,-0.00152588,-1.55609989,0.05149841,-0.00488281,-0.55175781,0.31738281,0.00000000,-0.02929688,-0.01464844,1.03263855,2.64612389,2.64587402,-0.02441406
21.18032718,9835,3.11975287,2.76757668,-1.75101479,-0.01220703,-1.67054080,0.05378723,3.03621100,2.75193645,-1.76168831,-0.00228614,-1.55605915,0.05187988,3.03811835,3.12425088,-1.99973305,-0.00152588,-1.55648136,0.05149841,-0.00488281,-0.52734375,0.31738281,-0.01464844,-0.02929688,0.00000000,1.03302002,2.64620615,2.64587402,0.00000000
21.19524169,9840,3.11975287,2.76757668,-1.75025185,-0.01220703,-1.67054080,0.05378723,3.03621100,2.75193643,-1.76087899,-0.00228794,-1.55608654,0.05187988,3.03773688,3.11624001,-1.99477394,-0.00190735,-1.55648136,0.05149841,-0.00976562,-0.50292969,0.34179688,-0.02929688,0.01464844,-0.01464844,1.03263855,2.64606098,2.64587402,0.00000000
21.20841265,9845,3.11975287,2.76757668,-1.75025185,-0.01220703,-1.67054080,0.05378723,3.03621100,2.75193643,-1.76040236,-0.00228853,-1.55609551,0.05187988,3.03773688,3.11051797,-1.99134072,-0.00190735,-1.55648136,0.05149841,-0.00976562,-0.50292969,0.31250000,-0.02929688,0.01464844,-0.01464844,1.03263855,2.64607591,2.64587402,-0.02441406
21.22435546,9850,3.11975287,2.76757668,-1.74910744,-0.01220703,-1.67015933,0.05378723,3.03621100,2.75193643,-1.75966623,-0.00228872,-1.55584198,0.05187988,3.03773688,3.10250710,-1.98600014,-0.00190735,-1.55686283,0.05149841,-0.00488281,-0.45898438,0.29785156,-0.01464844,-0.01464844,-0.02929688,1.03302002,2.64621484,2.64549255,-0.02441406
21.23859310,9855,3.11975287,2.76757668,-1.74758156,-0.01220703,-1.67015933,0.05378723,3.03621100,2.75193643,-1.75843038,-0.00228879,-1.55575891,0.05187988,3.03773688,3.09564065,-1.98142250,-0.00228882,-1.55648136,0.05149841,-0.00976562,-0.45410156,0.31250000,-0.04394531,0.01464844,0.00000000,1.03302002,2.64626036,2.64549255,0.00000000
21.25296211,9860,3.11975287,2.76757668,-1.74491127,-0.01296997,-1.67054080,0.05378723,3.03621100,2.75193643,-1.75648062,-0.00262157,-1.55591784,0.05187988,3.03773688,3.09068154,-1.97798928,-0.00228882,-1.55609989,0.05149841,-0.00976562,-0.44921875,0.30761719,-0.04394531,0.04394531,-0.01464844,1.03263855,2.64606312,2.64549255,-0.04882812
21.26780057,9865,3.11975287,2.76757668,-1.74300392,-0.01373291,-1.67130374,0.05378723,3.03621100,2.75193643,-1.75442802,-0.00323428,-1.55634175,0.05187988,3.03773688,3.08267068,-1.97264870,-0.00228882,-1.55609989,0.05149841,-0.00488281,-0.43457031,0.29296875,0.00000000,-0.00000000,-0.02929688,1.03263855,2.64613618,2.64549255,-0.04882812
21.28220224,9870,3.11975287,2.76757668,-1.74033364,-0.01525879,-1.67130374,0.05378723,3.03621100,2.75193643,-1.75222040,-0.00438085,-1.55669208,0.05187988,3.03735541,3.07733010,-1.96921547,-0.00228882,-1.55571842,0.05149841,-0.00488281,-0.45410156,0.31738281,-0.02929688,0.01464844,-0.02929688,1.03263855,2.64613571,2.64549255,-0.02441406
21.29654503,9875,3.11975287,2.76757668,-1.73728188,-0.01716614,-1.67130374,0.05378723,3.03621100,2.75193643,-1.74946526,-0.00597788,-1.55680688,0.05187988,3.03735541,3.06970071,-1.96387490,-0.00267029,-1.55571842,0.05149841,-0.00488281,-0.44433594,0.30761719,-0.02929688,0.01464844,-0.02929688,1.03263855,2.64595977,2.64549255,0.00000000
21.31102133,9880,3.11975287,2.76757668,-1.73384865,-0.02021790,-1.67130374,0.05378723,3.03621100,2.75193643,-1.74639681,-0.00815207,-1.55684449,0.05187988,3.03735541,3.06321572,-1.96006020,-0.00267029,-1.55609989,0.05149841,-0.00976562,-0.44921875,0.27343750,-0.01464844,-0.00000000,0.00000000,1.03302002,2.64633694,2.64549255,-0.02441406
21.32456088,9885,3.11975287,2.76757668,-1.73003395,-0.02326965,-1.67130374,0.05378723,3.03621100,2.75193643,-1.74290477,-0.01092603,-1.55685682,0.05187988,3.03735541,3.05863809,-1.95662697,-0.00267029,-1.55609989,0.05149841,-0.00488281,-0.42968750,0.29296875,-0.01464844,0.01464844,-0.02929688,1.03302002,2.64635408,2.64587402,-0.02441406
21.34035659,9890,3.11975287,2.76757668,-1.72621926,-0.02555847,-1.67168521,0.05378723,3.03621100,2.75193643,-1.73917578,-0.01367558,-1.55708608,0.05187988,3.03735541,3.05139016,-1.95204933,-0.00267029,-1.55686283,0.05149841,-0.00488281,-0.40527344,0.28320312,-0.02929688,-0.00000000,0.00000000,1.03302002,2.64635970,2.64549255,-0.02441406
21.35426521,9895,3.11975287,2.76757668,-1.72164162,-0.02822876,-1.67206668,0.05378723,3.03621100,2.75193643,-1.73501148,-0.01625807,-1.55737861,0.05187988,3.03735541,3.04604958,-1.94861611,-0.00343323,-1.55686283,0.05149841,-0.00976562,-0.41503906,0.28808594,-0.05859375,-0.00000000,-0.01464844,1.03263855,2.64621774,2.64549255,-0.02441406
21.37076926,9900,3.11975287,2.76757668,-1.71668251,-0.03089905,-1.67206668,0.05378723,3.03621100,2.75193643,-1.73051887,-0.01874236,-1.55754478,0.05187988,3.03735541,3.04032754,-1.94403847,-0.00419617,-1.55686283,0.05149841,-0.00488281,-0.38085938,0.29785156,-0.05859375,0.04394531,-0.01464844,1.03302002,2.64623690,2.64549255,-0.04882812
21.38257718,9905,3.11975287,2.76757668,-1.71210488,-0.03204346,-1.67244815,0.05378723,3.03621100,2.75193643,-1.72582798,-0.02082729,-1.55785570,0.05187988,3.03735541,3.03536843,-1.94060524,-0.00457764,-1.55686283,0.05149841,-0.00976562,-0.38574219,0.28808594,-0.04394531,-0.01464844,-0.01464844,1.03263855,2.64613355,2.64549255,-0.02441406
21.39667821,9910,3.11975287,2.76757668,-1.70676430,-0.03318787,-1.67244815,0.05378723,3.03621100,2.75193643,-1.72099473,-0.02221885,-1.55795758,0.05187988,3.03735541,3.02964639,-1.93602761,-0.00534058,-1.55648136,0.05149841,-0.00976562,-0.37109375,0.31738281,-0.08789062,0.04394531,0.00000000,1.03302002,2.64611165,2.64549255,-0.02441406
21.41105723,9915,3.11975287,2.76757668,-1.70104225,-0.03395081,-1.67244815,0.05378723,3.03621100,2.75193643,-1.71522896,-0.02328788,-1.55799096,0.05187988,3.03735541,3.02468728,-1.93259438,-0.00724792,-1.55648136,0.05149841,-0.00976562,-0.36621094,0.28808594,-0.16113281,0.01464844,-0.02929688,1.03302002,2.64618260,2.64549255,-0.04882812
21.42634630,9920,3.11975287,2.76757668,-1.69493874,-0.03471375,-1.67244815,0.05378723,3.03621100,2.75193643,-1.70958964,-0.02423119,-1.55800190,0.05187988,3.03735541,3.01858376,-1.92725380,-0.00991821,-1.55648136,0.05149841,-0.00976562,-0.37597656,0.27832031,-0.16113281,-0.01464844,-0.01464844,1.03263855,2.64613530,2.64549255,0.02441406
21.44004464,9925,3.11975287,2.76757668,-1.68883522,-0.03471375,-1.67282962,0.05378723,3.03621100,2.75193643,-1.70338334,-0.02461061,-1.55808178,0.05187988,3.03735541,3.01400613,-1.92305764,-0.01182556,-1.55609989,0.05149841,0.00000000,-0.35156250,0.31738281,-0.14648438,-0.00000000,0.00000000,1.03263855,2.64602214,2.64549255,-0.04882812
21.45380163,9930,3.11975287,2.76757668,-1.68273171,-0.03471375,-1.67282962,0.05378723,3.03621100,2.75193643,-1.69746978,-0.02473494,-1.55828813,0.05187988,3.03735541,3.00904702,-1.91924294,-0.01220703,-1.55648136,0.05149841,-0.01464844,-0.37109375,0.29296875,-0.05859375,0.01464844,0.00000000,1.03302002,2.64619722,2.64549255,-0.04882812
21.46852756,9935,3.11975287,2.76757668,-1.67624672,-0.03471375,-1.67282962,0.05378723,3.03621100,2.75193643,-1.69123161,-0.02477568,-1.55835575,0.05187988,3.03735541,3.00332498,-1.91466530,-0.01411438,-1.55648136,0.05149841,-0.00976562,-0.36621094,0.27832031,-0.11718750,-0.01464844,-0.01464844,1.03263855,2.64597993,2.64587402,0.00000000
21.48543143,9940,3.11975287,2.76757668,-1.66823586,-0.03471375,-1.67321109,0.05378723,3.03621100,2.75193643,-1.68401159,-0.02478903,-1.55851523,0.05187988,3.03735541,2.99836587,-1.91161354,-0.01525879,-1.55686283,0.05149841,-0.00488281,-0.35644531,0.30273438,-0.08789062,-0.00000000,-0.02929688,1.03302002,2.64615897,2.64587402,0.00000000
21.49918318,9945,3.11975287,2.76757668,-1.66251381,-0.03471375,-1.67321109,0.05378723,3.03621100,2.75193643,-1.67750571,-0.02479340,-1.55868664,0.05187988,3.03735541,2.99302529,-1.90551003,-0.01564026,-1.55686283,0.05149841,-0.00488281,-0.32714844,0.30761719,-0.05859375,-0.00000000,0.00000000,1.03302002,2.64628014,2.64549255,0.00000000
21.51260257,9950,3.11975287,2.76757668,-1.65679177,-0.03471375,-1.67321109,0.05378723,3.03621100,2.75193643,-1.67143405,-0.02479483,-1.55874280,0.05187988,3.03735541,2.98921060,-1.90245827,-0.01640320,-1.55724430,0.05149841,-0.00976562,-0.34179688,0.31738281,-0.05859375,-0.00000000,-0.02929688,1.03302002,2.64634426,2.64549255,-0.04882812
21.52633452,9955,3.11975287,2.76757668,-1.64992531,-0.03471375,-1.67359256,0.05378723,3.03621100,2.75193643,-1.66499698,-0.02479530,-1.55883750,0.05187988,3.03697394,2.98387002,-1.89711769,-0.01754761,-1.55724430,0.05149841,-0.00976562,-0.32226562,0.32226562,-0.11718750,0.01464844,-0.02929688,1.03263855,2.64610623,2.64549255,0.00000000
21.54028845,9960,3.11975287,2.76757668,-1.64420327,-0.03471375,-1.67359256,0.05378723,3.03621100,2.75193643,-1.65900547,-0.02479546,-1.55904870,0.05187988,3.03697394,2.97967385,-1.89292153,-0.01831055,-1.55724430,0.05149841,-0.00488281,-0.31738281,0.32226562,-0.05859375,0.01464844,-0.01464844,1.03263855,2.64604777,2.64549255,-0.02441406
21.55509067,9965,3.11975287,2.76757668,-1.63848122,-0.03471375,-1.67397403,0.05378723,3.03621100,2.75193643,-1.65295392,-0.02479551,-1.55925524,0.05187988,3.03697394,2.97547769,-1.88910683,-0.01869202,-1.55724430,0.05149841,-0.00488281,-0.30761719,0.32714844,-0.02929688,0.01464844,-0.01464844,1.03302002,2.64625933,2.64587402,-0.04882812
21.56893134,9970,3.11975287,2.76757668,-1.63237770,-0.03471375,-1.67397403,0.05378723,3.03621100,2.75193643,-1.64714429,-0.02479552,-1.55944206,0.05187988,3.03697394,2.97128152,-1.88376625,-0.01907349,-1.55724430,0.05149841,-0.00976562,-0.30273438,0.33691406,-0.05859375,0.01464844,-0.01464844,1.03263855,2.64609794,2.64549255,-0.02441406
21.58224106,9975,3.11975287,2.76757668,-1.62741860,-0.03471375,-1.67397403,0.05378723,3.03621100,2.75193643,-1.64192504,-0.02479553,-1.55950328,0.05187988,3.03697394,2.96708535,-1.87957009,-0.01907349,-1.55724430,0.05149841,-0.01464844,-0.30761719,0.31738281,-0.02929688,0.02929688,0.00000000,1.03302002,2.64609998,2.64549255,-0.02441406
21.59745979,9980,3.11975287,2.76757668,-1.62284096,-0.03471375,-1.67435550,0.05378723,3.03621100,2.75193643,-1.63672260,-0.02479553,-1.55970949,0.05187988,3.03659247,2.96327065,-1.87537392,-0.01907349,-1.55724430,0.05149841,-0.02441406,-0.29785156,0.30761719,-0.01464844,-0.00000000,-0.01464844,1.03302002,2.64633893,2.64549255,-0.02441406
21.61069632,9985,3.11975287,2.76757668,-1.61826332,-0.03471375,-1.67435550,0.05378723,3.03621100,2.75193643,-1.63168486,-0.02479553,-1.55984738,0.05187988,3.03659247,2.95945596,-1.87079628,-0.01907349,-1.55724430,0.05149841,-0.00976562,-0.28808594,0.34179688,-0.02929688,-0.00000000,-0.02929688,1.03263855,2.64632422,2.64549255,-0.02441406
21.62390733,9990,3.11975287,2.76757668,-1.61368569,-0.03471375,-1.67435550,0.05378723,3.03621100,2.75193643,-1.62715519,-0.02479553,-1.55989256,0.05187988,3.03659247,2.95564126,-1.86660012,-0.01945496,-1.55800723,0.05149841,-0.00488281,-0.28808594,0.32226562,-0.04394531,-0.00000000,0.00000000,1.03263855,2.64602154,2.64549255,-0.04882812
21.63823462,9995,3.11975287,2.76757668,-1.60948952,-0.03471375,-1.67435550,0.05378723,3.03621100,2.75193643,-1.62299867,-0.02479553,-1.55990737,0.05187988,3.03659247,2.95182656,-1.86240395,-0.01945496,-1.55800723,0.05149841,-0.00488281,-0.27832031,0.31738281,-0.02929688,-0.00000000,-0.01464844,1.03302002,2.64627515,2.64549255,-0.04882812
21.65079236,10000,3.11975287,2.76757668,-1.60605629,-0.03471375,-1.67435550,0.05378723,3.03621100,2.75193643,-1.61917560,-0.02479553,-1.55991222,0.05187988,3.03659247,2.94839333,-1.85782631,-0.01983643,-1.55800723,0.05149841,-0.00488281,-0.25390625,0.33203125,-0.04394531,0.01464844,0.00000000,1.03302002,2.64633383,2.64587402,0.00000000
21.66359782,10005,3.11975287,2.76757668,-1.60376747,-0.03471375,-1.67435550,0.05378723,3.03621100,2.75193643,-1.61577564,-0.02479553,-1.55991381,0.05187988,3.03659247,2.94457864,-1.85439308,-0.02059937,-1.55800723,0.05149841,-0.00488281,-0.26367188,0.30761719,-0.04394531,-0.01464844,-0.01464844,1.03302002,2.64629935,2.64587402,0.00000000
21.67733264,10010,3.11975287,2.76757668,-1.60033425,-0.03471375,-1.67435550,0.05378723,3.03621100,2.75193643,-1.61235331,-0.02479553,-1.55991433,0.05187988,3.03659247,2.94190835,-1.84981545,-0.02098083,-1.55800723,0.05149841,-0.00488281,-0.25390625,0.33691406,-0.05859375,0.01464844,-0.02929688,1.03263855,2.64601340,2.64549255,-0.02441406
21.69201827,10015,3.11975287,2.76757668,-1.59613808,-0.03433228,-1.67435550,0.05378723,3.03621100,2.75193643,-1.60860993,-0.02453906,-1.55991450,0.05187988,3.03659247,2.93809365,-1.84523781,-0.02174377,-1.55762577,0.05149841,-0.00488281,-0.25390625,0.35156250,-0.04394531,0.02929688,-0.01464844,1.03263855,2.64615797,2.64549255,-0.04882812
21.70536351,10020,3.11975287,2.76757668,-1.59384926,-0.03395081,-1.67321109,0.05378723,3.03621100,2.75193643,-1.60555738,-0.02426887,-1.55940491,0.05187988,3.03659247,2.93427896,-1.84142311,-0.02174377,-1.55800723,0.05149841,-0.00488281,-0.25390625,0.30761719,-0.01464844,-0.00000000,-0.01464844,1.03302002,2.64640188,2.64549255,0.00000000
21.71861935,10025,3.11975287,2.76757668,-1.59346779,-0.03051758,-1.67359256,0.05378723,3.03621100,2.75193643,-1.60409752,-0.02251565,-1.55905446,0.05187988,3.03659247,2.93122720,-1.83646401,-0.02212524,-1.55800723,0.05149841,-0.00976562,-0.26855469,0.30273438,-0.01464844,0.01464844,0.01464844,1.03263855,2.64628527,2.64549255,-0.02441406
21.73261142,10030,3.11975287,2.76757668,-1.59346779,-0.02784729,-1.67359256,0.05378723,3.03621100,2.75193643,-1.60361915,-0.01990320,-1.55911980,0.05187988,3.03659247,2.92779397,-1.83188637,-0.02250671,-1.55800723,0.05149841,-0.00976562,-0.24414062,0.32714844,-0.04394531,0.02929688,-0.01464844,1.03302002,2.64636157,2.64587402,0.00000000
21.74936342,10035,3.11975287,2.76757668,-1.59346779,-0.02479553,-1.67359256,0.05378723,3.03621100,2.75193643,-1.60346240,-0.01691727,-1.55914121,0.05187988,3.03659247,2.92359780,-1.82654579,-0.02212524,-1.55838870,0.05149841,-0.00488281,-0.22949219,0.30761719,0.00000000,0.01464844,-0.01464844,1.03263855,2.64609628,2.64549255,-0.02441406
21.76213574,10040,3.11975287,2.76757668,-1.59346779,-0.02326965,-1.67359256,0.05378723,3.03621100,2.75193643,-1.60341104,-0.01478942,-1.55914822,0.05187988,3.03659247,2.92054604,-1.82311257,-0.02212524,-1.55838870,0.05149841,-0.00488281,-0.24902344,0.29296875,-0.01464844,0.01464844,-0.02929688,1.03263855,2.64624470,2.64587402,0.00000000
21.77512598,10045,3.11975287,2.76757668,-1.59346779,-0.02288818,-1.67359256,0.05378723,3.03621100,2.75193643,-1.60339421,-0.01356617,-1.55915052,0.05187988,3.03659247,2.91749429,-1.81891640,-0.02212524,-1.55838870,0.05149841,-0.00488281,-0.22460938,0.31250000,-0.02929688,0.01464844,-0.01464844,1.03302002,2.64630823,2.64549255,-0.02441406
21.79182053,10050,3.11975287,2.76757668,-1.59346779,-0.02288818,-1.67359256,0.05378723,3.03621100,2.75193643,-1.60338869,-0.01316533,-1.55915128,0.05187988,3.03659247,2.91444253,-1.81472023,-0.02212524,-1.55877017,0.05149841,-0.00488281,-0.22460938,0.29296875,-0.01464844,-0.00000000,-0.01464844,1.03263855,2.64629853,2.64587402,-0.02441406
21.80429339,10055,3.11975287,2.76757668,-1.59346779,-0.02288818,-1.67359256,0.05378723,3.03621100,2.75193643,-1.60338689,-0.01303399,-1.55915152,0.05187988,3.03659247,2.91139077,-1.81052407,-0.02212524,-1.55838870,0.05149841,-0.00488281,-0.21484375,0.28808594,0.00000000,0.02929688,0.00000000,1.03302002,2.64635028,2.64549255,-0.02441406
21.81825733,10060,3.11975287,2.76757668,-1.59346779,-0.02288818,-1.67359256,0.05378723,3.03621100,2.75193643,-1.60338629,-0.01299095,-1.55915160,0.05187988,3.03659247,2.90833901,-1.80670937,-0.02174377,-1.55800723,0.05149841,0.00000000,-0.21972656,0.29785156,0.00000000,0.04394531,0.00000000,1.03302002,2.64634283,2.64549255,-0.02441406
21.83389449,10065,3.11975287,2.76757668,-1.59346779,-0.02288818,-1.67359256,0.05378723,3.03621100,2.75193643,-1.60338610,-0.01297684,-1.55915163,0.05187988,3.03659247,2.90566873,-1.80289467,-0.02174377,-1.55838870,0.05149841,-0.00488281,-0.20019531,0.26367188,-0.01464844,-0.00000000,-0.01464844,1.03302002,2.64624273,2.64587402,-0.02441406
21.84621596,10070,3.11975287,2.76757668,-1.59346779,-0.02288818,-1.67359256,0.05378723,3.03621100,2.75193643,-1.60338604,-0.01297222,-1.55915164,0.05187988,3.03659247,2.90261697,-1.79907997,-0.02174377,-1.55838870,0.05149841,0.00000000,-0.21484375,0.27832031,-0.01464844,0.01464844,-0.01464844,1.03302002,2.64620993,2.64549255,-0.04882812
21.85945344,10075,3.11975287,2.76757668,-1.59346779,-0.02288818,-1.67359256,0.05378723,3.03621100,2.75193643,-1.60338601,-0.01297071,-1.55915164,0.05187988,3.03659247,2.89956521,-1.79526528,-0.02136230,-1.55838870,0.05149841,-0.00488281,-0.21972656,0.25878906,0.00000000,0.01464844,-0.01464844,1.03302002,2.64639938,2.64549255,0.00000000
21.87465477,10080,3.11975287,2.76757668,-1.59346779,-0.02288818,-1.67359256,0.05378723,3.03621100,2.75193643,-1.60338601,-0.01297021,-1.55915164,0.05187988,3.03659247,2.89689492,-1.79183205,-0.02136230,-1.55838870,0.05149841,-0.00488281,-0.20507812,0.26855469,-0.01464844,0.02929688,-0.02929688,1.03263855,2.64628445,2.64549255,-0.02441406
21.88844872,10085,3.11975287,2.76757668,-1.59346779,-0.02212524,-1.67359256,0.05378723,3.03621100,2.75193643,-1.60338601,-0.01266854,-1.55915164,0.05187988,3.03659247,2.89422463,-1.78801735,-0.02136230,-1.55838870,0.05149841,-0.00976562,-0.18554688,0.26855469,-0.02929688,-0.00000000,-0.01464844,1.03302002,2.64639938,2.64587402,0.00000000
21.90097380,10090,3.11975287,2.76757668,-1.59346779,-0.02136230,-1.67359256,0.05378723,3.03621100,2.75193643,-1.60338601,-0.01202549,-1.55915164,0.05187988,3.03659247,2.89193582,-1.78496559,-0.02098083,-1.55838870,0.05149841,-0.00488281,-0.18066406,0.25878906,0.00000000,0.02929688,-0.02929688,1.03302002,2.64646146,2.64549255,-0.02441406
21.91603470,10095,3.11975287,2.76757668,-1.59346779,-0.02136230,-1.67359256,0.05378723,3.03621100,2.75193643,-1.60338600,-0.01163461,-1.55915164,0.05187988,3.03659247,2.88888406,-1.78153237,-0.02021790,-1.55838870,0.05149841,-0.00488281,-0.19531250,0.24414062,0.02929688,0.04394531,-0.01464844,1.03302002,2.64639488,2.64587402,-0.04882812
21.93180323,10100,3.11975287,2.76757668,-1.59346779,-0.02136230,-1.67321109,0.05378723,3.03621100,2.75193643,-1.60338600,-0.01150652,-1.55892642,0.05187988,3.03659247,2.88621377,-1.77771767,-0.01945496,-1.55800723,0.05149841,-0.00488281,-0.19042969,0.22460938,0.04394531,0.02929688,-0.01464844,1.03302002,2.64649514,2.64587402,-0.02441406
21.94507957,10105,3.11975287,2.76757668,-1.59346779,-0.02136230,-1.67282962,0.05378723,3.03621100,2.75193643,-1.60338600,-0.01146455,-1.55874508,0.05187988,3.03659247,2.88392495,-1.77466591,-0.01869202,-1.55800723,0.05149841,-0.00488281,-0.18066406,0.25390625,0.01464844,0.01464844,0.00000000,1.03263855,2.64621818,2.64549255,-0.04882812
21.96214700,10110,3.11975287,2.76757668,-1.59346779,-0.02059937,-1.67282962,0.05378723,3.03621100,2.75193643,-1.60338600,-0.01112731,-1.55850548,0.05187988,3.03621100,2.88087319,-1.77046974,-0.01831055,-1.55877017,0.05149841,-0.00488281,-0.19042969,0.21972656,-0.01464844,0.01464844,-0.01464844,1.03302002,2.64642161,2.64549255,-0.04882812
21.97609091,10115,3.11975287,2.76757668,-1.59346779,-0.01907349,-1.67282962,0.05378723,3.03621100,2.75193643,-1.60338600,-0.01008321,-1.55842697,0.05187988,3.03621100,2.87782144,-1.76665505,-0.01831055,-1.55838870,0.05149841,-0.00488281,-0.18066406,0.22949219,0.00000000,0.04394531,0.00000000,1.03302002,2.64630370,2.64549255,-0.02441406
21.98938632,10120,3.11975287,2.76757668,-1.59346779,-0.01792908,-1.67282962,0.05378723,3.03621100,2.75193643,-1.60338600,-0.00897167,-1.55840124,0.05187988,3.03621100,2.87629556,-1.76512917,-0.01792908,-1.55838870,0.05149841,-0.00488281,-0.18066406,0.21484375,0.01464844,-0.00000000,-0.01464844,1.03302002,2.64640569,2.64549255,0.00000000
22.00256443,10125,3.11975287,2.76757668,-1.59346779,-0.01716614,-1.67282962,0.05378723,3.03621100,2.75193643,-1.60338600,-0.00784401,-1.55839281,0.05187988,3.03621100,2.87400674,-1.76169594,-0.01792908,-1.55838870,0.05149841,-0.00488281,-0.16113281,0.21972656,-0.02929688,0.01464844,-0.01464844,1.03263855,2.64611074,2.64587402,0.00000000
22.01584268,10130,3.11975287,2.76757668,-1.59346779,-0.01525879,-1.67282962,0.05378723,3.03621100,2.75193643,-1.60338600,-0.00653053,-1.55839005,0.05187988,3.03621100,2.87209939,-1.75902565,-0.01754761,-1.55838870,0.05149841,0.00000000,-0.14648438,0.21484375,0.01464844,-0.01464844,0.00000000,1.03263855,2.64612737,2.64549255,-0.04882812
22.03183150,10135,3.11975287,2.76757668,-1.59346779,-0.01411438,-1.67282962,0.05378723,3.03621100,2.75193643,-1.60338600,-0.00518179,-1.55838915,0.05187988,3.03621100,2.86981057,-1.75559243,-0.01678467,-1.55838870,0.05149841,-0.00488281,-0.14160156,0.21972656,0.01464844,0.04394531,0.00000000,1.03302002,2.64620728,2.64549255,-0.07324219
22.04492950,10140,3.11975287,2.76757668,-1.59346779,-0.01296997,-1.67282962,0.05378723,3.03621100,2.75193643,-1.60338600,-0.00411936,-1.55838885,0.05187988,3.03621100,2.86714028,-1.75254067,-0.01564026,-1.55838870,0.05149841,-0.00488281,-0.16601562,0.21972656,0.10253906,0.02929688,-0.02929688,1.03302002,2.64635554,2.64549255,-0.02441406
22.05841637,10145,3.11975287,2.76757668,-1.59346779,-0.01182556,-1.67282962,0.05378723,3.03621100,2.75193643,-1.60338600,-0.00295298,-1.55838875,0.05187988,3.03621100,2.86561440,-1.75063332,-0.01449585,-1.55838870,0.05149841,-0.00488281,-0.16601562,0.19531250,0.10253906,0.02929688,0.00000000,1.03263855,2.64625153,2.64549255,-0.04882812
22.07365465,10150,3.11975287,2.76757668,-1.59346779,-0.01068115,-1.67282962,0.05378723,3.03621100,2.75193643,-1.60338600,-0.00163096,-1.55838872,0.05187988,3.03621100,2.86256265,-1.74681862,-0.01296997,-1.55800723,0.05149841,-0.00488281,-0.15136719,0.20507812,0.07324219,0.01464844,-0.02929688,1.03263855,2.64621745,2.64549255,-0.02441406
22.08664346,10155,3.11975287,2.76757668,-1.59346779,-0.00915527,-1.67282962,0.05378723,3.03621100,2.75193643,-1.60338600,-0.00038331,-1.55838871,0.05187988,3.03621100,2.86065530,-1.74452980,-0.01144409,-1.55877017,0.05149841,-0.00976562,-0.15625000,0.19042969,0.10253906,-0.01464844,-0.01464844,1.03263855,2.64628441,2.64549255,-0.02441406
22.10139132,10160,3.11975287,2.76757668,-1.59346779,-0.00686646,-1.67244815,0.05378723,3.03621100,2.75193643,-1.60338600,0.00134510,-1.55816349,0.05187988,3.03621100,2.85874795,-1.74185952,-0.01068115,-1.55838870,0.05149841,-0.00488281,-0.14160156,0.20019531,0.04394531,0.02929688,-0.01464844,1.03302002,2.64652144,2.64549255,-0.02441406
22.11589026,10165,3.11975287,2.76757668,-1.59346779,-0.00495911,-1.67206668,0.05378723,3.03632087,2.75193643,-1.60338600,0.00337399,-1.55792111,0.05187988,3.03621100,2.85684060,-1.73918923,-0.01029968,-1.55838870,0.05149841,-0.00488281,-0.13183594,0.18554688,0.01464844,0.02929688,-0.01464844,1.03302002,2.64659911,2.64549255,-0.02441406
22.12874722,10170,3.12013434,2.76757668,-1.59308632,-0.00190735,-1.67168521,0.05378723,3.03650347,2.75193643,-1.60324868,0.00584790,-1.55764625,0.05187988,3.03621100,2.85493325,-1.73690041,-0.01029968,-1.55800723,0.05149841,-0.00488281,-0.14648438,0.18554688,0.01464844,0.05859375,0.00000000,1.03263855,2.64617412,2.64587402,-0.02441406
22.14293575,10175,3.12051581,2.76757668,-1.59308632,0.00000000,-1.67130374,0.05378723,3.03674947,2.75193643,-1.60308454,0.00821336,-1.55718985,0.05187988,3.03621100,2.85302590,-1.73423012,-0.00953674,-1.55762577,0.05149841,-0.00488281,-0.14648438,0.19531250,0.02929688,0.02929688,-0.01464844,1.03263855,2.64597236,2.64549255,-0.02441406
22.15568781,10180,3.12089728,2.76757668,-1.59308632,0.00038147,-1.67015933,0.05378723,3.03715685,2.75193643,-1.60303075,0.00961604,-1.55645106,0.05187988,3.03621100,2.85111855,-1.73155983,-0.00877380,-1.55800723,0.05149841,-0.00488281,-0.14160156,0.18066406,0.04394531,-0.00000000,0.00000000,1.03263855,2.64626660,2.64587402,0.02441406
22.16991568,10185,3.12166022,2.76757668,-1.59308632,0.00038147,-1.66977786,0.05378723,3.03765290,2.75193643,-1.60301312,0.01007567,-1.55577233,0.05187988,3.03621100,2.84921121,-1.72927101,-0.00762939,-1.55800723,0.05149841,-0.00976562,-0.14160156,0.18066406,0.07324219,-0.01464844,-0.01464844,1.03263855,2.64622239,2.64549255,-0.02441406
22.18505239,10190,3.12166022,2.76757668,-1.59308632,0.00038147,-1.66939640,0.05378723,3.03796583,2.75193643,-1.60300735,0.01022628,-1.55522314,0.05187988,3.03621100,2.84730386,-1.72660073,-0.00534058,-1.55838870,0.05149841,0.00000000,-0.13671875,0.18066406,0.13183594,-0.01464844,-0.01464844,1.03302002,2.64637904,2.64549255,-0.02441406
22.20021844,10195,3.12166022,2.76757668,-1.59308632,0.00038147,-1.66939640,0.05378723,3.03806837,2.75193643,-1.60300546,0.01027563,-1.55504319,0.05187988,3.03621100,2.84539651,-1.72469338,-0.00343323,-1.55800723,0.05149841,-0.00488281,-0.12695312,0.16113281,0.16113281,0.02929688,-0.01464844,1.03302002,2.64643038,2.64587402,-0.02441406
22.21386170,10200,3.12166022,2.76757668,-1.59308632,0.00038147,-1.66939640,0.05378723,3.03810197,2.75193643,-1.60300484,0.01029180,-1.55498422,0.05187988,3.03621100,2.84348916,-1.72202309,-0.00190735,-1.55800723,0.05149841,-0.00488281,-0.12207031,0.17089844,0.07324219,0.01464844,-0.01464844,1.03263855,2.64624090,2.64549255,-0.02441406
22.22987270,10205,3.12166022,2.76757668,-1.59308632,0.00038147,-1.66939640,0.05378723,3.03811298,2.75193643,-1.60300463,0.01029710,-1.55496489,0.05187988,3.03621100,2.84158181,-1.71935280,-0.00038147,-1.55800723,0.05149841,-0.00488281,-0.12207031,0.18066406,0.10253906,0.02929688,0.00000000,1.03263855,2.64605674,2.64549255,0.00000000
22.24419713,10210,3.12166022,2.76757668,-1.59308632,0.00038147,-1.66939640,0.05378723,3.03811659,2.75193643,-1.60300457,0.01029884,-1.55495856,0.05187988,3.03621100,2.83967446,-1.71668251,0.00076294,-1.55724430,0.05149841,-0.00488281,-0.12207031,0.17089844,0.02929688,0.05859375,-0.01464844,1.03302002,2.64622711,2.64549255,-0.04882812
22.25907373,10215,3.12166022,2.76757668,-1.59308632,0.00038147,-1.66939640,0.05378723,3.03811777,2.75193643,-1.60300455,0.01029941,-1.55495649,0.05187988,3.03621100,2.83814858,-1.71477516,0.00076294,-1.55724430,0.05149841,-0.00488281,-0.10742188,0.16601562,0.00000000,-0.01464844,-0.01464844,1.03302002,2.64632688,2.64587402,-0.04882812
22.27292109,10220,3.12166022,2.76757668,-1.59308632,0.00038147,-1.66939640,0.05378723,3.03811816,2.75193643,-1.60300454,0.01029959,-1.55495581,0.05187988,3.03621100,2.83700417,-1.71286782,0.00076294,-1.55762577,0.05149841,0.00000000,-0.10253906,0.14648438,0.00000000,-0.00000000,-0.01464844,1.03302002,2.64631563,2.64549255,-0.02441406
22.28640342,10225,3.12166022,2.76757668,-1.59308632,0.00038147,-1.66939640,0.05378723,3.03811829,2.75193643,-1.60300454,0.01029965,-1.55495559,0.05187988,3.03621100,2.83509683,-1.71096047,0.00114441,-1.55724430,0.05149841,0.00000000,-0.12207031,0.13671875,0.01464844,0.04394531,-0.02929688,1.03263855,2.64630096,2.64549255,-0.02441406
22.30027366,10230,3.12166022,2.76757668,-1.59308632,0.00038147,-1.66939640,0.05378723,3.03811833,2.75193643,-1.60300454,0.01029967,-1.55495551,0.05187988,3.03621100,2.83318948,-1.70867165,0.00114441,-1.55686283,0.05149841,-0.00976562,-0.13183594,0.15136719,0.02929688,0.02929688,-0.01464844,1.03263855,2.64637427,2.64587402,0.00000000
22.31543970,10235,3.12166022,2.76757668,-1.59308632,0.00000000,-1.66939640,0.05378723,3.03811834,2.75193643,-1.60300454,0.01004321,-1.55495549,0.05187988,3.03621100,2.83128213,-1.70600136,0.00190735,-1.55686283,0.05149841,-0.00488281,-0.13183594,0.17089844,0.04394531,0.01464844,0.00000000,1.03302002,2.64633116,2.64587402,-0.02441406
22.33025432,10240,3.12166022,2.76757668,-1.59308632,0.00000000,-1.66939640,0.05378723,3.03811835,2.75193643,-1.60300454,0.00995917,-1.55495548,0.05187988,3.03621100,2.82975625,-1.70409401,0.00228882,-1.55686283,0.05149841,0.00000000,-0.13183594,0.15625000,0.01464844,0.04394531,-0.01464844,1.03302002,2.64636098,2.64587402,0.00000000
22.34403992,10245,3.12166022,2.76757668,-1.59308632,0.00000000,-1.66939640,0.05378723,3.03811835,2.75193643,-1.60300454,0.00993163,-1.55495548,0.05187988,3.03621100,2.82823037,-1.70218666,0.00343323,-1.55686283,0.05149841,-0.00976562,-0.11230469,0.14160156,0.07324219,0.01464844,-0.02929688,1.03302002,2.64634633,2.64549255,-0.02441406
22.35857511,10250,3.12166022,2.76757668,-1.59308632,0.00000000,-1.66939640,0.05378723,3.03811835,2.75193643,-1.60300454,0.00992261,-1.55495548,0.05187988,3.03621100,2.82708596,-1.70027932,0.00495911,-1.55686283,0.05149841,-0.00488281,-0.07812500,0.13183594,0.07324219,0.01464844,-0.01464844,1.03302002,2.64630345,2.64587402,0.02441406
22.37206221,10255,3.12166022,2.76757668,-1.59308632,0.00000000,-1.66939640,0.05378723,3.03811835,2.75193643,-1.60300454,0.00991965,-1.55495548,0.05187988,3.03621100,2.82556008,-1.69875344,0.00534058,-1.55648136,0.05149841,-0.00488281,-0.06835938,0.11718750,-0.01464844,0.05859375,-0.01464844,1.03263855,2.64611239,2.64587402,-0.02441406
22.38473463,10260,3.12166022,2.76757668,-1.59308632,0.00000000,-1.66939640,0.05378723,3.03811835,2.75193643,-1.60300454,0.00991869,-1.55495548,0.05187988,3.03621100,2.82441567,-1.69722756,0.00610352,-1.55609989,0.05149841,-0.00488281,-0.10742188,0.13183594,0.07324219,0.04394531,-0.01464844,1.03302002,2.64640257,2.64549255,-0.02441406
22.39855504,10265,3.12166022,2.76757668,-1.59308632,0.00000000,-1.66939640,0.05378723,3.03811835,2.75193643,-1.60300454,0.00991837,-1.55495548,0.05187988,3.03621100,2.82327126,-1.69532021,0.00686646,-1.55609989,0.05149841,-0.00488281,-0.10253906,0.15136719,0.02929688,0.01464844,-0.01464844,1.03302002,2.64635996,2.64587402,-0.02441406
22.41317081,10270,3.12166022,2.76757668,-1.59308632,-0.00038147,-1.66977786,0.05378723,3.03811835,2.75193643,-1.60300454,0.00966179,-1.55503177,0.05187988,3.03621100,2.82174539,-1.69341286,0.00724792,-1.55609989,0.05149841,-0.00488281,-0.11718750,0.15136719,-0.01464844,0.02929688,-0.01464844,1.03263855,2.64623345,2.64549255,-0.02441406
22.42814016,10275,3.12166022,2.76757668,-1.59308632,-0.00038147,-1.66977786,0.05378723,3.03811835,2.75193643,-1.60300454,0.00957772,-1.55523695,0.05187988,3.03621100,2.82021951,-1.69150551,0.00724792,-1.55571842,0.05149841,-0.00488281,-0.11718750,0.14160156,-0.01464844,0.04394531,0.00000000,1.03302002,2.64650474,2.64549255,-0.02441406
22.44096065,10280,3.12166022,2.76757668,-1.59308632,-0.00076294,-1.66977786,0.05378723,3.03811835,2.75193643,-1.60300454,0.00936401,-1.55530418,0.05187988,3.03621100,2.81907510,-1.68997963,0.00762939,-1.55571842,0.05149841,-0.00976562,-0.10253906,0.12207031,0.01464844,-0.00000000,0.00000000,1.03302002,2.64651551,2.64549255,-0.04882812
22.45468283,10285,3.12166022,2.76757668,-1.59308632,-0.00076294,-1.66977786,0.05378723,3.03811835,2.75193643,-1.60300454,0.00922367,-1.55532621,0.05187988,3.03621100,2.81754922,-1.68845375,0.00762939,-1.55609989,0.05149841,-0.00488281,-0.08300781,0.11718750,0.00000000,-0.00000000,0.00000000,1.03302002,2.64651904,2.64549255,-0.02441406
22.47153330,10290,3.12166022,2.76757668,-1.59308632,-0.00076294,-1.66977786,0.05378723,3.03811835,2.75193643,-1.60300454,0.00917769,-1.55533343,0.05187988,3.03621100,2.81640481,-1.68692787,0.00762939,-1.55571842,0.05149841,-0.00488281,-0.06347656,0.09277344,0.00000000,0.02929688,-0.01464844,1.03302002,2.64647625,2.64587402,-0.02441406
22.48470211,10295,3.12166022,2.76757668,-1.59308632,-0.00076294,-1.66977786,0.05378723,3.03811835,2.75193643,-1.60300454,0.00916262,-1.55533579,0.05187988,3.03659247,2.81526040,-1.68540200,0.00762939,-1.55533695,0.05149841,-0.00488281,-0.09277344,0.11230469,-0.01464844,0.01464844,-0.01464844,1.03302002,2.64634602,2.64549255,-0.02441406
22.49752092,10300,3.12166022,2.76757668,-1.59308632,-0.00114441,-1.66977786,0.05378723,3.03811835,2.75193643,-1.60300454,0.00893246,-1.55533657,0.05187988,3.03621100,2.81449746,-1.68387612,0.00762939,-1.55533695,0.05149841,-0.00488281,-0.05859375,0.12695312,-0.01464844,0.02929688,-0.01464844,1.03263855,2.64609119,2.64549255,-0.02441406
22.51187468,10305,3.12166022,2.76757668,-1.59308632,-0.00114441,-1.66977786,0.05378723,3.03811835,2.75193643,-1.60300454,0.00882579,-1.55533682,0.05187988,3.03621100,2.81335305,-1.68235024,0.00762939,-1.55533695,0.05149841,-0.00488281,-0.10742188,0.12695312,0.00000000,0.01464844,0.00000000,1.03263855,2.64612096,2.64587402,-0.02441406
22.52520776,10310,3.12242316,2.76757668,-1.59308632,-0.00152588,-1.66977786,0.05378723,3.03851215,2.75193643,-1.60300454,0.00860468,-1.55533691,0.05187988,3.03621100,2.81220864,-1.68044289,0.00762939,-1.55533695,0.05149841,-0.00976562,-0.07812500,0.11718750,0.00000000,0.01464844,-0.01464844,1.03302002,2.64637022,2.64587402,-0.02441406
22.54023075,10315,3.12394904,2.76757668,-1.59308632,-0.00228882,-1.66977786,0.05378723,3.03935554,2.75193643,-1.60300454,0.00816040,-1.55533693,0.05187988,3.03621100,2.81068276,-1.67891701,0.00762939,-1.55533695,0.05149841,-0.00976562,-0.06835938,0.10253906,-0.01464844,0.04394531,-0.02929688,1.03302002,2.64654956,2.64549255,-0.02441406
22.55511522,10320,3.12623786,2.76757668,-1.59308632,-0.00457764,-1.66977786,0.05378723,3.04098909,2.75193643,-1.60300454,0.00680657,-1.55533694,0.05187988,3.03659247,2.80953835,-1.67777260,0.00762939,-1.55533695,0.05149841,-0.00488281,-0.08789062,0.08789062,0.00000000,0.01464844,-0.02929688,1.03302002,2.64648625,2.64549255,-0.04882812
22.56831527,10325,3.12890815,2.76757668,-1.59346779,-0.00648499,-1.66977786,0.05378723,3.04339827,2.75193643,-1.60319069,0.00500980,-1.55533695,0.05187988,3.03659247,2.80877542,-1.67662819,0.00801086,-1.55533695,0.05149841,-0.00488281,-0.07324219,0.11230469,0.00000000,-0.00000000,0.00000000,1.03263855,2.64643499,2.64587402,-0.02441406
22.58107710,10330,3.13195990,2.76757668,-1.59346779,-0.00839233,-1.66977786,0.05378723,3.04596359,2.75193643,-1.60332200,0.00310743,-1.55533695,0.05187988,3.03659247,2.80724954,-1.67510231,0.00762939,-1.55533695,0.05149841,-0.00488281,-0.09277344,0.11230469,-0.02929688,0.01464844,-0.01464844,1.03263855,2.64619847,2.64587402,-0.02441406
22.59486294,10335,3.13615607,2.76757668,-1.59346779,-0.00991821,-1.66977786,0.05378723,3.04960387,2.75193643,-1.60336503,0.00133904,-1.55533695,0.05187988,3.03659247,2.80648660,-1.67395790,0.00762939,-1.55533695,0.05149841,-0.00488281,-0.08300781,0.09765625,-0.02929688,0.01464844,-0.02929688,1.03302002,2.64613292,2.64587402,0.00000000
22.60870361,10340,3.14111518,2.76757668,-1.59346779,-0.01144409,-1.66977786,0.05378723,3.05379977,2.75193643,-1.60337913,-0.00025653,-1.55533695,0.05187988,3.03659247,2.80534219,-1.67243203,0.00762939,-1.55495548,0.05149841,0.00000000,-0.06347656,0.08789062,-0.01464844,0.02929688,-0.01464844,1.03263855,2.64602136,2.64587402,-0.04882812
22.62363338,10345,-3.13634808,2.76757668,-1.59346779,-0.01220703,-1.66977786,0.05378723,3.05886206,2.75193643,-1.60338375,-0.00155257,-1.55533695,0.05187988,3.03659247,2.80457925,-1.67090615,0.00762939,-1.55533695,0.05149841,0.00488281,-0.06347656,0.10253906,-0.01464844,0.01464844,0.00000000,1.03302002,2.64637274,2.64587402,0.00000000
22.63692331,10350,-3.13100751,2.76757668,-1.59346779,-0.01258850,-1.66977786,0.05378723,3.06444202,2.75193643,-1.60338527,-0.00230403,-1.55533695,0.05187988,3.03735541,2.80381631,-1.66976174,0.00762939,-1.55533695,0.05149841,0.03417969,-0.06835938,0.09765625,-0.02929688,0.01464844,-0.01464844,1.03263855,2.64633530,2.64549255,-0.04882812
22.65196109,10355,-3.12452252,2.76757668,-1.59346779,-0.01220703,-1.66977786,0.05378723,3.07028767,2.75193643,-1.60338576,-0.00236412,-1.55533695,0.05187988,3.03811835,2.80305337,-1.66861733,0.00724792,-1.55495548,0.05149841,0.03417969,-0.07324219,0.07812500,0.00000000,0.01464844,-0.02929688,1.03302002,2.64647561,2.64587402,0.00000000
22.66472888,10360,-3.11803754,2.76757668,-1.59346779,-0.01220703,-1.66977786,0.05378723,3.07637859,2.75193643,-1.60338593,-0.00231349,-1.55533695,0.05187988,3.03849982,2.80190896,-1.66747292,0.00686646,-1.55495548,0.05149841,0.03906250,-0.09277344,0.10253906,-0.02929688,0.02929688,-0.01464844,1.03263855,2.64643150,2.64587402,-0.04882812
22.67945910,10365,-3.11155255,2.76757668,-1.59346779,-0.01220703,-1.66977786,0.05378723,3.08293952,2.75193643,-1.60338598,-0.00229690,-1.55533695,0.05187988,3.03888129,2.80076455,-1.66594704,0.00686646,-1.55495548,0.05149841,0.02929688,-0.09765625,0.09765625,-0.04394531,-0.00000000,-0.02929688,1.03263855,2.64631939,2.64549255,-0.02441406
22.69634461,10370,-3.10468610,2.76757668,-1.59346779,-0.01220703,-1.66977786,0.05378723,3.08962188,2.75193643,-1.60338600,-0.00229147,-1.55533695,0.05187988,3.04002570,2.79962014,-1.66480263,0.00648499,-1.55495548,0.05149841,0.06835938,-0.05859375,0.06835938,-0.02929688,0.01464844,-0.01464844,1.03302002,2.64627021,2.64549255,0.00000000
22.70963526,10375,-3.09743817,2.76757668,-1.59346779,-0.01182556,-1.66977786,0.05378723,3.09691886,2.75193643,-1.60338600,-0.00210353,-1.55533695,0.05187988,3.04078864,2.79847573,-1.66365822,0.00572205,-1.55495548,0.05149841,0.03417969,-0.07812500,0.09277344,-0.07324219,0.02929688,0.00000000,1.03302002,2.64621893,2.64549255,-0.02441406
22.72390652,10380,-3.09095319,2.76757668,-1.59346779,-0.01182556,-1.66977786,0.05378723,3.10358349,2.75193643,-1.60338600,-0.00197163,-1.55533695,0.05187988,3.04155158,2.79771279,-1.66251381,0.00457764,-1.55495548,0.05149841,0.06347656,-0.05371094,0.09277344,-0.08789062,0.02929688,-0.01464844,1.03302002,2.64635936,2.64549255,-0.02441406
22.73780036,10385,-3.08446820,2.76757668,-1.59346779,-0.01182556,-1.66977786,0.05378723,3.11005068,2.75193643,-1.60338600,-0.00192841,-1.55533695,0.05187988,3.04269599,2.79694985,-1.66136940,0.00419617,-1.55495548,0.05149841,0.05859375,-0.08300781,0.07812500,-0.02929688,-0.01464844,-0.02929688,1.03302002,2.64628330,2.64549255,-0.04882812
22.75497937,10390,-3.07798322,2.76757668,-1.59346779,-0.01182556,-1.66977786,0.05378723,3.11671440,2.75193643,-1.60338600,-0.00191425,-1.55533695,0.05187988,3.04422187,2.79618691,-1.65984352,0.00305176,-1.55457401,0.05149841,0.09765625,-0.05371094,0.07812500,-0.05859375,0.04394531,-0.01464844,1.03263855,2.64616829,2.64549255,0.00000000
22.76917267,10395,-3.07302411,2.76757668,-1.59346779,-0.01144409,-1.66977786,0.05378723,3.12248013,2.75193643,-1.60338600,-0.00172345,-1.55533695,0.05187988,3.04574775,2.79504250,-1.65869912,0.00305176,-1.55495548,0.05149841,0.08789062,-0.07324219,0.07324219,-0.04394531,-0.01464844,-0.01464844,1.03263855,2.64623314,2.64587402,-0.02441406
22.78398514,10400,-3.06806500,2.76757668,-1.59346779,-0.01144409,-1.66977786,0.05378723,3.12765032,2.75193643,-1.60338600,-0.00159062,-1.55533695,0.05187988,3.04727362,2.79427957,-1.65755471,0.00305176,-1.55495548,0.05149841,0.10742188,-0.05859375,0.07812500,-0.02929688,-0.00000000,0.00000000,1.03263855,2.64606983,2.64587402,0.00000000
22.79723907,10405,-3.06463178,2.76757668,-1.59346779,-0.01144409,-1.66977786,0.05378723,3.13180702,2.75193643,-1.60338600,-0.00154709,-1.55533695,0.05187988,3.04879950,2.79389810,-1.65679177,0.00267029,-1.55495548,0.05149841,0.11230469,-0.05371094,0.07812500,-0.01464844,-0.00000000,-0.04394531,1.03302002,2.64616890,2.64549255,-0.02441406
22.81096029,10410,-3.06196149,2.76757668,-1.59346779,-0.01144409,-1.66977786,0.05378723,3.13529347,2.75193643,-1.60338600,-0.00153283,-1.55533695,0.05187988,3.04994391,2.79275369,-1.65564736,0.00267029,-1.55495548,0.05149841,0.09765625,-0.05859375,0.08789062,-0.01464844,-0.00000000,-0.02929688,1.03263855,2.64626850,2.64587402,0.00000000
22.82538652,10415,-3.05929120,2.76757668,-1.59346779,-0.00991821,-1.66977786,0.05378723,3.13811353,2.75193643,-1.60338600,-0.00083284,-1.55533695,0.05187988,3.05185126,2.79237222,-1.65450295,0.00228882,-1.55495548,0.05149841,0.12695312,-0.04882812,0.08789062,-0.01464844,0.02929688,-0.01464844,1.03263855,2.64622301,2.64549255,-0.04882812
22.83931136,10420,-3.05776532,2.76757668,-1.59346779,-0.00839233,-1.66977786,0.05378723,3.14024366,2.75193643,-1.60338600,0.00035209,-1.55533695,0.05187988,3.05337714,2.79122781,-1.65374001,0.00190735,-1.55457401,0.05149841,0.12207031,-0.07324219,0.05859375,-0.04394531,0.01464844,0.00000000,1.03302002,2.64637925,2.64549255,-0.07324219
22.85206628,10425,-3.05738385,2.76757668,-1.59346779,-0.00724792,-1.66977786,0.05378723,3.14159901,2.75193643,-1.60338600,0.00169924,-1.55533695,0.05187988,3.05490302,2.79046487,-1.65297707,0.00152588,-1.55457401,0.05149841,0.10253906,-0.05859375,0.07324219,-0.07324219,0.04394531,-0.01464844,1.03263855,2.64639993,2.64587402,0.00000000
22.86583972,10430,-3.05738385,2.76757668,-1.59346779,-0.00686646,-1.66977786,0.05378723,3.14204313,2.75193643,-1.60338600,0.00257731,-1.55533695,0.05187988,3.05642890,2.79008340,-1.65183266,0.00076294,-1.55457401,0.05149841,0.10253906,-0.05859375,0.07812500,-0.07324219,-0.00000000,-0.01464844,1.03263855,2.64632858,2.64549255,0.00000000
22.88023043,10435,-3.05738385,2.76757668,-1.59346779,-0.00610352,-1.66977786,0.05378723,3.14218866,2.75193643,-1.60338600,0.00325884,-1.55533695,0.05187988,3.05795478,2.78893899,-1.65145119,0.00000000,-1.55495548,0.05149841,0.11718750,-0.07812500,0.07324219,-0.08789062,-0.00000000,-0.01464844,1.03302002,2.64653591,2.64587402,-0.02441406
22.89302254,10440,-3.05738385,2.76757668,-1.59346779,-0.00495911,-1.66977786,0.05378723,3.14223634,2.75193643,-1.60338600,0.00412023,-1.55533695,0.05187988,3.05986212,2.78817605,-1.65030678,0.00000000,-1.55495548,0.05149841,0.11230469,-0.04882812,0.08300781,-0.01464844,0.01464844,-0.01464844,1.03302002,2.64642807,2.64587402,-0.04882812
22.90585375,10445,-3.05738385,2.76757668,-1.59346779,-0.00419617,-1.66977786,0.05378723,3.14225197,2.75193643,-1.60338600,0.00500771,-1.55533695,0.05187988,3.06100653,2.78741311,-1.64916237,0.00000000,-1.55533695,0.05149841,0.09765625,-0.07812500,0.08789062,-0.02929688,-0.00000000,-0.01464844,1.03263855,2.64619620,2.64549255,-0.02441406
22.92077398,10450,-3.05738385,2.76757668,-1.59346779,-0.00381470,-1.66977786,0.05378723,3.14214723,2.75193643,-1.60338600,0.00571319,-1.55533695,0.05187988,3.06253241,2.78665017,-1.64801796,0.00000000,-1.55495548,0.05149841,0.10253906,-0.04394531,0.07324219,-0.01464844,0.04394531,-0.01464844,1.03263855,2.64616416,2.64549255,-0.07324219
22.93574190,10455,-3.05738385,2.76757668,-1.59346779,-0.00343323,-1.66977786,0.05378723,3.14222277,2.75193643,-1.60338600,0.00616177,-1.55533695,0.05187988,3.06405829,2.78588723,-1.64763649,0.00000000,-1.55495548,0.05149841,0.09765625,-0.05371094,0.07324219,0.00000000,0.02929688,-0.02929688,1.03263855,2.64632945,2.64587402,0.00000000
22.94733834,10460,-3.05738385,2.76757668,-1.59308632,-0.00305176,-1.66977786,0.05378723,3.14224752,2.75193643,-1.60316079,0.00651640,-1.55533695,0.05187988,3.06558417,2.78550576,-1.64687355,0.00038147,-1.55457401,0.05149841,0.08300781,-0.03906250,0.05371094,0.00000000,0.01464844,0.00000000,1.03302002,2.64647370,2.64549255,-0.02441406
22.95966673,10465,-3.05738385,2.76757668,-1.59308632,-0.00267029,-1.66977786,0.05378723,3.14225563,2.75193643,-1.60305574,0.00688908,-1.55533695,0.05187988,3.06672858,2.78512429,-1.64611061,0.00038147,-1.55495548,0.05149841,0.12207031,-0.04882812,0.04394531,0.00000000,0.02929688,-0.01464844,1.03302002,2.64652096,2.64587402,0.00000000
22.97447085,10470,-3.05738385,2.76757668,-1.59308632,-0.00190735,-1.66977786,0.05378723,3.14225829,2.75193643,-1.60302131,0.00743185,-1.55533695,0.05187988,3.06825446,2.78474282,-1.64534767,0.00038147,-1.55457401,0.05149841,0.09765625,-0.03906250,0.06835938,0.00000000,0.01464844,-0.04394531,1.03302002,2.64623860,2.64587402,0.00000000
22.98801470,10475,-3.05738385,2.76757668,-1.59308632,-0.00114441,-1.66977786,0.05378723,3.14225916,2.75193643,-1.60301003,0.00826376,-1.55533695,0.05187988,3.06978034,2.78359841,-1.64458474,0.00038147,-1.55533695,0.05149841,0.08789062,-0.05859375,0.07324219,-0.01464844,-0.01464844,0.00000000,1.03302002,2.64628670,2.64549255,-0.02441406
23.00341702,10480,-3.05738385,2.76757668,-1.59308632,-0.00038147,-1.66977786,0.05378723,3.14225945,2.75193643,-1.60300634,0.00908836,-1.55533695,0.05187988,3.07092475,2.78283547,-1.64344033,0.00038147,-1.55495548,0.05149841,0.10742188,-0.06347656,0.07812500,-0.01464844,0.04394531,-0.02929688,1.03263855,2.64630710,2.64587402,-0.04882812
23.01519132,10485,-3.05738385,2.76757668,-1.59308632,-0.00038147,-1.66977786,0.05378723,3.14225954,2.75193643,-1.60300513,0.00938982,-1.55533695,0.05187988,3.07206916,2.78245400,-1.64267739,0.00076294,-1.55495548,0.05149841,0.08300781,-0.04882812,0.07812500,0.00000000,-0.00000000,0.00000000,1.03263855,2.64601593,2.64549255,-0.04882812
23.02934909,10490,-3.05738385,2.76757668,-1.59308632,-0.00038147,-1.66939640,0.05378723,3.14225957,2.75193643,-1.60300473,0.00948860,-1.55519962,0.05187988,3.07359504,2.78207253,-1.64191445,0.00114441,-1.55495548,0.05149841,0.09277344,-0.03906250,0.07324219,0.00000000,0.02929688,-0.01464844,1.03263855,2.64615881,2.64587402,-0.02441406
23.04450989,10495,-3.05738385,2.76757668,-1.59308632,-0.00038147,-1.66939640,0.05378723,3.14225958,2.75193643,-1.60300460,0.00952097,-1.55503548,0.05187988,3.07512091,2.78130959,-1.64115151,0.00152588,-1.55457401,0.05149841,0.08300781,-0.04394531,0.04882812,0.00000000,0.01464844,-0.01464844,1.03302002,2.64629571,2.64587402,0.00000000
23.06099606,10500,-3.05738385,2.76757668,-1.59308632,-0.00038147,-1.66939640,0.05378723,3.14225958,2.75193643,-1.60300456,0.00953157,-1.55498169,0.05187988,3.07626532,2.78092812,-1.64077004,0.00190735,-1.55457401,0.05149841,0.07324219,-0.02929688,0.03417969,0.01464844,-0.00000000,-0.02929688,1.03302002,2.64634936,2.64549255,-0.02441406
23.07445240,10505,-3.05738385,2.76757668,-1.59308632,-0.00038147,-1.66939640,0.05378723,3.14225959,2.75193643,-1.60300454,0.00953505,-1.55496407,0.05187988,3.07740973,2.78054666,-1.64000710,0.00305176,-1.55457401,0.05149841,0.09277344,-0.04882812,0.04882812,0.10253906,0.02929688,-0.01464844,1.03302002,2.64648022,2.64549255,-0.04882812
23.08848858,10510,-3.05738385,2.76757668,-1.59308632,-0.00038147,-1.66939640,0.05378723,3.14225959,2.75193643,-1.60300454,0.00953619,-1.55495829,0.05187988,3.07855414,2.77978372,-1.63924416,0.00457764,-1.55495548,0.05149841,0.07324219,-0.05371094,0.06347656,0.10253906,0.01464844,-0.01464844,1.03302002,2.64646353,2.64549255,-0.02441406
23.10075378,10515,-3.05738385,2.76757668,-1.59308632,-0.00038147,-1.66939640,0.05378723,3.14225959,2.75193643,-1.60300454,0.00953656,-1.55495640,0.05187988,3.07969855,2.77902078,-1.63848122,0.00495911,-1.55495548,0.05149841,0.08789062,-0.04394531,0.04394531,0.01464844,-0.00000000,-0.02929688,1.03302002,2.64643951,2.64549255,-0.04882812
23.11444211,10520,-3.05738385,2.76757668,-1.59308632,-0.00076294,-1.66977786,0.05378723,3.14225959,2.75193643,-1.60300454,0.00935053,-1.55509311,0.05187988,3.08122443,2.77863931,-1.63771828,0.00495911,-1.55533695,0.05149841,0.08300781,-0.05371094,0.06347656,-0.01464844,-0.00000000,-0.01464844,1.03263855,2.64641967,2.64587402,-0.04882812
23.12770438,10525,-3.05738385,2.76757668,-1.59308632,-0.00076294,-1.66977786,0.05378723,3.14225959,2.75193643,-1.60300454,0.00921925,-1.55525705,0.05187988,3.08198737,2.77825784,-1.63695534,0.00534058,-1.55495548,0.05149841,0.07324219,-0.03417969,0.05859375,0.02929688,0.02929688,-0.04394531,1.03263855,2.64622860,2.64549255,-0.07324219
23.14058423,10530,-3.05738385,2.76757668,-1.59308632,-0.00076294,-1.66977786,0.05378723,3.14225959,2.75193643,-1.60300454,0.00917624,-1.55531076,0.05187988,3.08313178,2.77787637,-1.63657387,0.00572205,-1.55495548,0.05149841,0.06835938,-0.04394531,0.04882812,0.02929688,0.04394531,0.00000000,1.03263855,2.64615037,2.64587402,0.00000000
23.15329814,10535,-3.05738385,2.76757668,-1.59308632,-0.00076294,-1.66977786,0.05378723,3.14225959,2.75193643,-1.60300454,0.00916214,-1.55532837,0.05187988,3.08427619,2.77749490,-1.63581093,0.00572205,-1.55457401,0.05149841,0.08789062,-0.02441406,0.05371094,0.00000000,0.02929688,-0.02929688,1.03263855,2.64622727,2.64549255,-0.04882812
23.16799641,10540,-3.05738385,2.76757668,-1.59308632,-0.00038147,-1.66977786,0.05378723,3.14225959,2.75193643,-1.60300454,0.00938274,-1.55533414,0.05187988,3.08542060,2.77673196,-1.63504799,0.00610352,-1.55457401,0.05149841,0.07324219,-0.04882812,0.05859375,0.01464844,-0.00000000,-0.02929688,1.03302002,2.64634256,2.64549255,-0.02441406
23.18184829,10545,-3.05738385,2.76757668,-1.59308632,-0.00038147,-1.66977786,0.05378723,3.14225959,2.75193643,-1.60300454,0.00948628,-1.55533603,0.05187988,3.08656501,2.77596902,-1.63466652,0.00610352,-1.55457401,0.05149841,0.08300781,-0.04882812,0.03906250,0.00000000,0.02929688,-0.02929688,1.03263855,2.64629025,2.64587402,0.02441406
23.19621301,10550,-3.05738385,2.76757668,-1.59308632,-0.00038147,-1.66977786,0.05378723,3.14225959,2.75193643,-1.60300454,0.00952021,-1.55533665,0.05187988,3.08732795,2.77558755,-1.63428505,0.00610352,-1.55457401,0.05149841,0.06347656,-0.03417969,0.04394531,0.00000000,0.01464844,0.00000000,1.03302002,2.64632316,2.64549255,-0.02441406
23.21082973,10555,-3.05738385,2.76757668,-1.59308632,-0.00038147,-1.66977786,0.05378723,3.14225959,2.75193643,-1.60300454,0.00953132,-1.55533685,0.05187988,3.08847235,2.77520608,-1.63352211,0.00648499,-1.55495548,0.05149841,0.07324219,-0.03906250,0.04882812,0.00000000,-0.02929688,-0.01464844,1.03263855,2.64619698,2.64549255,-0.02441406
23.22714257,10560,-3.05738385,2.76757668,-1.59308632,-0.00038147,-1.66977786,0.05378723,3.14225959,2.75193643,-1.60300454,0.00953497,-1.55533691,0.05187988,3.08961676,2.77444314,-1.63314064,0.00648499,-1.55533695,0.05149841,0.05371094,-0.03906250,0.03417969,0.00000000,0.01464844,-0.01464844,1.03263855,2.64619958,2.64587402,0.00000000
23.24101639,10565,-3.05738385,2.76757668,-1.59308632,-0.00038147,-1.66939640,0.05378723,3.14225959,2.75193643,-1.60300454,0.00953616,-1.55519961,0.05187988,3.09076117,2.77406167,-1.63237770,0.00686646,-1.55495548,0.05149841,0.07324219,-0.04882812,0.05859375,0.01464844,0.04394531,0.00000000,1.03302002,2.64643114,2.64587402,-0.04882812
23.25558972,10570,-3.05738385,2.76757668,-1.59308632,-0.00038147,-1.66939640,0.05378723,3.14225959,2.75193643,-1.60300454,0.00953655,-1.55503547,0.05187988,3.09152411,2.77368020,-1.63161476,0.00724792,-1.55495548,0.05149841,0.05371094,-0.02441406,0.06347656,0.01464844,-0.00000000,0.01464844,1.03302002,2.64628729,2.64587402,-0.02441406
23.26938057,10575,-3.05738385,2.76757668,-1.59308632,-0.00038147,-1.66901493,0.05378723,3.14225959,2.75193643,-1.60300454,0.00953668,-1.55484436,0.05187988,3.09266852,2.77329873,-1.63123329,0.00724792,-1.55495548,0.05149841,0.08300781,-0.02929688,0.03906250,-0.01464844,0.01464844,-0.01464844,1.03302002,2.64632219,2.64587402,-0.02441406
23.28312182,10580,-3.05738385,2.76757668,-1.59308632,-0.00038147,-1.66901493,0.05378723,3.14225959,2.75193643,-1.60300454,0.00953672,-1.55466260,0.05187988,3.09343146,2.77291726,-1.63047036,0.00762939,-1.55495548,0.05149841,0.03906250,-0.03417969,0.05371094,-0.01464844,0.01464844,-0.01464844,1.03302002,2.64637366,2.64587402,-0.02441406
23.29587340,10585,-3.05738385,2.76757668,-1.59308632,0.00038147,-1.66901493,0.05378723,3.14225959,2.75193643,-1.60300454,0.00975036,-1.55460304,0.05187988,3.09419440,2.77253579,-1.62970742,0.00762939,-1.55457401,0.05149841,0.07324219,-0.02929688,0.06347656,0.00000000,0.01464844,-0.01464844,1.03302002,2.64655068,2.64587402,-0.02441406
23.30910635,10590,-3.05738385,2.76757668,-1.59308632,0.00076294,-1.66901493,0.05378723,3.14225959,2.75193643,-1.60300454,0.01030584,-1.55458352,0.05187988,3.09533881,2.77215432,-1.62932595,0.00762939,-1.55495548,0.05149841,0.04882812,-0.04394531,0.03417969,-0.02929688,0.01464844,-0.02929688,1.03302002,2.64646807,2.64587402,-0.02441406
23.32333350,10595,-3.05738385,2.76757668,-1.59308632,0.00038147,-1.66901493,0.05378723,3.14225959,2.75193643,-1.60300454,0.01037201,-1.55457712,0.05187988,3.09610175,2.77177285,-1.62894448,0.00762939,-1.55457401,0.05149841,0.05371094,-0.02441406,0.04394531,0.00000000,0.02929688,0.00000000,1.03263855,2.64642903,2.64587402,0.00000000
23.33606172,10600,-3.05738385,2.76757668,-1.59346779,0.00038147,-1.66901493,0.05378723,3.14225959,2.75193643,-1.60314186,0.01032338,-1.55457503,0.05187988,3.09686469,2.77139138,-1.62818154,0.00801086,-1.55457401,0.05149841,0.06835938,-0.03417969,0.03906250,0.01464844,0.01464844,-0.01464844,1.03302002,2.64642820,2.64549255,-0.02441406
23.35056901,10605,-3.05738385,2.76757668,-1.59346779,0.00038147,-1.66901493,0.05378723,3.14225959,2.75193643,-1.60330600,0.01030745,-1.55457434,0.05187988,3.09762763,2.77100991,-1.62780007,0.00801086,-1.55495548,0.05149841,0.04394531,-0.03417969,0.04882812,-0.02929688,0.01464844,-0.02929688,1.03263855,2.64629390,2.64587402,-0.02441406
23.36381245,10610,-3.05738385,2.76757668,-1.59346779,0.00038147,-1.66901493,0.05378723,3.14225959,2.75193643,-1.60335979,0.01030223,-1.55457412,0.05187988,3.09839057,2.77062844,-1.62741860,0.00801086,-1.55457401,0.05149841,0.06347656,-0.02929688,0.01953125,0.00000000,0.02929688,-0.01464844,1.03302002,2.64636439,2.64549255,-0.02441406
23.37936974,10615,-3.05738385,2.76757668,-1.59346779,0.00038147,-1.66901493,0.05378723,3.14225959,2.75193643,-1.60337741,0.01030052,-1.55457404,0.05187988,3.09953498,2.77024697,-1.62703713,0.00801086,-1.55457401,0.05149841,0.05371094,-0.03906250,0.03417969,-0.01464844,-0.00000000,0.00000000,1.03302002,2.64646952,2.64587402,0.00000000
23.39374542,10620,-3.05738385,2.76757668,-1.59346779,0.00038147,-1.66901493,0.05378723,3.14225959,2.75193643,-1.60338319,0.01029996,-1.55457402,0.05187988,3.10029792,2.76986550,-1.62665566,0.00801086,-1.55457401,0.05149841,0.05371094,-0.01953125,0.03906250,0.00000000,-0.01464844,-0.01464844,1.03263855,2.64642951,2.64549255,-0.02441406
23.40757537,10625,-3.05738385,2.76757668,-1.59346779,0.00000000,-1.66901493,0.05378723,3.14225959,2.75193643,-1.60338508,0.01011361,-1.55457401,0.05187988,3.10106086,2.76986550,-1.62627419,0.00801086,-1.55495548,0.05149841,0.04882812,-0.02929688,0.04394531,-0.01464844,0.01464844,0.00000000,1.03263855,2.64635390,2.64549255,-0.02441406
23.42137623,10630,-3.05738385,2.76757668,-1.59346779,0.00000000,-1.66901493,0.05378723,3.14225959,2.75193643,-1.60338570,0.00998224,-1.55457401,0.05187988,3.10182379,2.76910256,-1.62589272,0.00801086,-1.55495548,0.05149841,0.03417969,-0.03417969,0.02929688,-0.01464844,0.02929688,-0.01464844,1.03302002,2.64654421,2.64587402,0.00000000
23.43582821,10635,-3.05738385,2.76757668,-1.59346779,0.00000000,-1.66901493,0.05378723,3.14225959,2.75193643,-1.60338591,0.00993919,-1.55457401,0.05187988,3.10258673,2.76910256,-1.62512978,0.00801086,-1.55419254,0.05149841,0.03906250,-0.02441406,0.04394531,-0.01464844,0.04394531,-0.01464844,1.03263855,2.64635632,2.64587402,-0.02441406
23.45016170,10640,-3.05738385,2.76757668,-1.59346779,0.00038147,-1.66901493,0.05378723,3.14225959,2.75193643,-1.60338597,0.01015031,-1.55457401,0.05187988,3.10334967,2.76872109,-1.62474831,0.00839233,-1.55419254,0.05149841,0.07324219,-0.02441406,0.03906250,0.00000000,0.01464844,-0.01464844,1.03263855,2.64619222,2.64549255,-0.02441406
23.46550226,10645,-3.05738385,2.76757668,-1.59346779,0.00038147,-1.66901493,0.05378723,3.14225959,2.75193643,-1.60338599,0.01025074,-1.55457401,0.05187988,3.10411261,2.76833962,-1.62398537,0.00839233,-1.55381107,0.05149841,0.04394531,-0.02929688,0.04882812,-0.01464844,0.04394531,-0.02929688,1.03263855,2.64627614,2.64587402,-0.04882812
23.47941589,10650,-3.05738385,2.76757668,-1.59346779,0.00038147,-1.66939640,0.05378723,3.14225959,2.75193643,-1.60338600,0.01028364,-1.55465030,0.05187988,3.10487555,2.76795815,-1.62398537,0.00839233,-1.55381107,0.05149841,0.03906250,-0.02441406,0.01953125,0.00000000,0.01464844,-0.01464844,1.03302002,2.64615838,2.64549255,-0.02441406
23.49424100,10655,-3.05738385,2.76757668,-1.59346779,0.00038147,-1.66939640,0.05378723,3.14225959,2.75193643,-1.60338600,0.01029443,-1.55485548,0.05187988,3.10563849,2.76757668,-1.62360390,0.00839233,-1.55419254,0.05149841,0.05859375,-0.02929688,0.02929688,0.00000000,0.01464844,0.00000000,1.03302002,2.64631998,2.64587402,-0.04882812
23.50797129,10660,-3.05738385,2.76757668,-1.59346779,-0.00038147,-1.66939640,0.05378723,3.14225959,2.75193643,-1.60338600,0.01003551,-1.55492271,0.05187988,3.10640143,2.76719521,-1.62322243,0.00839233,-1.55419254,0.05149841,0.02929688,-0.03417969,0.03906250,0.00000000,0.02929688,-0.02929688,1.03263855,2.64622035,2.64587402,-0.04882812
23.52280760,10665,-3.05738385,2.76757668,-1.59346779,-0.00038147,-1.66939640,0.05378723,3.14225959,2.75193643,-1.60338600,0.00970018,-1.55494474,0.05187988,3.10678290,2.76719521,-1.62284096,0.00839233,-1.55419254,0.05149841,0.05371094,-0.02929688,0.02441406,-0.01464844,-0.00000000,-0.01464844,1.03302002,2.64643795,2.64587402,0.00000000
23.53541517,10670,-3.05738385,2.76757668,-1.59346779,-0.00038147,-1.66939640,0.05378723,3.14225959,2.75193643,-1.60338600,0.00959030,-1.55495196,0.05187988,3.10754584,2.76681375,-1.62245949,0.00839233,-1.55419254,0.05149841,0.04394531,-0.03417969,0.04882812,-0.01464844,0.02929688,-0.02929688,1.03263855,2.64629709,2.64549255,-0.04882812
23.55004096,10675,-3.05738385,2.76757668,-1.59346779,-0.00038147,-1.66939640,0.05378723,3.14225959,2.75193643,-1.60338600,0.00955429,-1.55495432,0.05187988,3.10830878,2.76643228,-1.62207802,0.00839233,-1.55419254,0.05149841,0.02441406,-0.02929688,0.01953125,-0.01464844,0.02929688,-0.02929688,1.03302002,2.64646309,2.64549255,-0.07324219
23.56627846,10680,-3.05738385,2.76757668,-1.59346779,-0.00038147,-1.66939640,0.05378723,3.14225959,2.75193643,-1.60338600,0.00954249,-1.55495510,0.05187988,3.10907172,2.76605081,-1.62169655,0.00839233,-1.55381107,0.05149841,0.04394531,-0.00976562,0.02441406,-0.02929688,0.02929688,-0.01464844,1.03302002,2.64657999,2.64587402,0.00000000
23.58014941,10685,-3.05738385,2.76757668,-1.59346779,-0.00038147,-1.66939640,0.05378723,3.14225959,2.75193643,-1.60338600,0.00953863,-1.55495535,0.05187988,3.10945319,2.76605081,-1.62131508,0.00877380,-1.55419254,0.05149841,0.03417969,-0.01464844,0.02929688,0.00000000,-0.01464844,-0.01464844,1.03302002,2.64661829,2.64549255,-0.02441406
23.59719920,10690,-3.05738385,2.76757668,-1.59346779,-0.00038147,-1.66939640,0.05378723,3.14225959,2.75193643,-1.60338600,0.00953736,-1.55495544,0.05187988,3.11021613,2.76566934,-1.62093361,0.00877380,-1.55419254,0.05149841,0.02929688,-0.02441406,0.02441406,-0.01464844,0.01464844,-0.01464844,1.03263855,2.64625853,2.64587402,0.00000000
23.60884166,10695,-3.05738385,2.76757668,-1.59346779,-0.00076294,-1.66939640,0.05378723,3.14225959,2.75193643,-1.60338600,0.00935079,-1.55495546,0.05187988,3.11059760,2.76528787,-1.62093361,0.00877380,-1.55419254,0.05149841,0.03906250,-0.04394531,0.02929688,-0.01464844,-0.00000000,-0.02929688,1.03302002,2.64651296,2.64587402,-0.02441406
23.62368488,10700,-3.05738385,2.76757668,-1.59346779,-0.00152588,-1.66977786,0.05378723,3.14225959,2.75193643,-1.60338600,0.00889585,-1.55514163,0.05187988,3.11136054,2.76490640,-1.62017067,0.00877380,-1.55419254,0.05149841,0.03417969,-0.04882812,0.03417969,-0.01464844,-0.01464844,-0.02929688,1.03263855,2.64622401,2.64587402,0.00000000
23.63859272,10705,-3.05738385,2.76757668,-1.59346779,-0.00343323,-1.66977786,0.05378723,3.14225959,2.75193643,-1.60338600,0.00782478,-1.55527295,0.05187988,3.11212348,2.76452493,-1.62017067,0.00877380,-1.55457401,0.05149841,0.04394531,-0.01953125,0.02441406,-0.01464844,0.01464844,-0.01464844,1.03302002,2.64642352,2.64549255,-0.04882812
23.65365195,10710,-3.05738385,2.76757668,-1.59346779,-0.00534058,-1.66977786,0.05378723,3.14225959,2.75193643,-1.60338600,0.00596246,-1.55531597,0.05187988,3.11288642,2.76414346,-1.61978920,0.00877380,-1.55457401,0.05149841,0.02929688,-0.01464844,0.02929688,-0.01464844,-0.01464844,-0.02929688,1.03302002,2.64656702,2.64549255,-0.02441406
23.66637158,10715,-3.05738385,2.76757668,-1.59346779,-0.00762939,-1.66977786,0.05378723,3.14225959,2.75193643,-1.60338600,0.00395451,-1.55533007,0.05187988,3.11326789,2.76414346,-1.61940773,0.00877380,-1.55495548,0.05149841,0.02929688,-0.00976562,0.02929688,-0.02929688,-0.00000000,-0.02929688,1.03302002,2.64631619,2.64549255,-0.02441406
23.68220234,10720,-3.05776532,2.76757668,-1.59346779,-0.01029968,-1.66977786,0.05378723,3.14218329,2.75193643,-1.60338600,0.00162968,-1.55533470,0.05187988,3.11364936,2.76414346,-1.61902626,0.00877380,-1.55457401,0.05149841,0.02441406,-0.00976562,0.02441406,-0.02929688,0.04394531,0.00000000,1.03302002,2.64645373,2.64549255,-0.02441406
23.69592595,10725,-3.05776532,2.76757668,-1.59346779,-0.01220703,-1.66977786,0.05378723,3.14201718,2.75193643,-1.60338600,-0.00060393,-1.55533621,0.05187988,3.11441230,2.76376199,-1.61864479,0.00839233,-1.55419254,0.05149841,0.03906250,-0.01953125,0.03417969,-0.01464844,0.05859375,-0.02929688,1.03263855,2.64628371,2.64587402,-0.02441406
23.70983768,10730,-3.05776532,2.76757668,-1.59346779,-0.01373291,-1.66977786,0.05378723,3.14192368,2.75193643,-1.60338600,-0.00243203,-1.55533671,0.05187988,3.11479377,2.76376199,-1.61826332,0.00839233,-1.55419254,0.05149841,0.01953125,-0.03417969,0.02929688,-0.01464844,0.01464844,-0.01464844,1.03263855,2.64629050,2.64587402,-0.02441406
23.72363853,10735,-3.05776532,2.76757668,-1.59346779,-0.01411438,-1.66977786,0.05378723,3.14189305,2.75193643,-1.60338600,-0.00349895,-1.55533687,0.05187988,3.11517524,2.76338052,-1.61826332,0.00839233,-1.55419254,0.05149841,0.03417969,-0.03417969,0.03417969,-0.01464844,0.02929688,0.00000000,1.03263855,2.64630834,2.64587402,0.00000000
23.73852992,10740,-3.05852826,2.76757668,-1.59346779,-0.01487732,-1.66977786,0.05378723,3.14148921,2.75193643,-1.60338600,-0.00436150,-1.55533692,0.05187988,3.11555670,2.76261758,-1.61788185,0.00839233,-1.55419254,0.05149841,0.01953125,-0.03417969,0.02929688,-0.01464844,-0.00000000,0.00000000,1.03263855,2.64625462,2.64587402,-0.02441406
23.75277781,10745,-3.05852826,2.76757668,-1.59346779,-0.01487732,-1.66977786,0.05378723,3.14123774,2.75193643,-1.60338600,-0.00476328,-1.55533694,0.05187988,3.11631964,2.76261758,-1.61750038,0.00801086,-1.55495548,0.05149841,0.03417969,-0.01953125,0.02441406,-0.02929688,-0.04394531,0.00000000,1.03302002,2.64644918,2.64549255,-0.02441406
23.76537299,10750,-3.05967267,2.76757668,-1.59346779,-0.01487732,-1.66977786,0.05378723,3.14059735,2.75193643,-1.60338600,-0.00489494,-1.55533694,0.05187988,3.11670111,2.76261758,-1.61711891,0.00762939,-1.55495548,0.05149841,0.01953125,-0.00976562,0.01953125,-0.04394531,-0.01464844,-0.01464844,1.03302002,2.64657543,2.64549255,-0.02441406
23.77756262,10755,-3.05967267,2.76757668,-1.59346779,-0.01487732,-1.66977786,0.05378723,3.14029523,2.75193643,-1.60338600,-0.00493808,-1.55533695,0.05187988,3.11708258,2.76223611,-1.61673745,0.00724792,-1.55495548,0.05149841,0.03417969,-0.00488281,0.03417969,-0.02929688,0.02929688,-0.01464844,1.03302002,2.64641660,2.64549255,-0.04882812
23.79327965,10760,-3.05929120,2.76757668,-1.59346779,-0.01525879,-1.66977786,0.05378723,3.14030231,2.75193643,-1.60338600,-0.00508955,-1.55533695,0.05187988,3.11746405,2.76223611,-1.61673745,0.00724792,-1.55495548,0.05149841,0.01464844,-0.00976562,0.02441406,-0.02929688,0.02929688,0.00000000,1.03263855,2.64634967,2.64549255,-0.04882812
23.80818629,10765,-3.05929120,2.76757668,-1.59346779,-0.01525879,-1.66977786,0.05378723,3.14033588,2.75193643,-1.60338600,-0.00525832,-1.55533695,0.05187988,3.11822699,2.76223611,-1.61635598,0.00648499,-1.55457401,0.05149841,0.03906250,-0.01953125,0.02441406,-0.05859375,0.04394531,-0.01464844,1.03302002,2.64628013,2.64587402,0.00000000
23.82211971,10770,-3.05929120,2.76757668,-1.59346779,-0.01525879,-1.66977786,0.05378723,3.14034688,2.75193643,-1.60338600,-0.00531362,-1.55533695,0.05187988,3.11860846,2.76185464,-1.61597451,0.00572205,-1.55419254,0.05149841,0.02441406,-0.01953125,0.03417969,-0.08789062,0.02929688,0.00000000,1.03302002,2.64630031,2.64549255,-0.02441406
23.83637166,10775,-3.05929120,2.76757668,-1.59346779,-0.01525879,-1.66977786,0.05378723,3.14035048,2.75193643,-1.60338600,-0.00533174,-1.55533695,0.05187988,3.11898993,2.76147317,-1.61559304,0.00457764,-1.55457401,0.05149841,0.03906250,-0.02441406,0.02441406,-0.10253906,-0.01464844,-0.02929688,1.03263855,2.64611136,2.64587402,-0.04882812
23.84904480,10780,-3.05929120,2.76757668,-1.59346779,-0.01525879,-1.66977786,0.05378723,3.14035166,2.75193643,-1.60338600,-0.00533768,-1.55533695,0.05187988,3.11937140,2.76147317,-1.61559304,0.00381470,-1.55457401,0.05149841,0.00488281,-0.02929688,0.01953125,-0.07324219,-0.00000000,0.00000000,1.03302002,2.64634266,2.64587402,-0.02441406
23.86230397,10785,-3.05929120,2.76757668,-1.59346779,-0.01564026,-1.66977786,0.05378723,3.14035205,2.75193643,-1.60338600,-0.00552579,-1.55533695,0.05187988,3.11937140,2.76109170,-1.61521157,0.00305176,-1.55457401,0.05149841,0.01464844,-0.03417969,0.01464844,-0.05859375,0.01464844,-0.01464844,1.03302002,2.64646240,2.64587402,-0.02441406
23.87618494,10790,-3.05929120,2.76757668,-1.59346779,-0.01564026,-1.66977786,0.05378723,3.14035218,2.75193643,-1.60338600,-0.00565774,-1.55533695,0.05187988,3.12013434,2.76071023,-1.61521157,0.00267029,-1.55457401,0.05149841,0.03417969,-0.01953125,0.01953125,-0.05859375,0.02929688,0.00000000,1.03302002,2.64648211,2.64549255,0.00000000
23.89186502,10795,-3.05929120,2.76757668,-1.59346779,-0.01525879,-1.66977786,0.05378723,3.14035222,2.75193643,-1.60338600,-0.00551482,-1.55533695,0.05187988,3.12051581,2.76071023,-1.61483010,0.00152588,-1.55495548,0.05149841,0.01464844,-0.01464844,0.01953125,-0.11718750,-0.00000000,0.00000000,1.03263855,2.64619535,2.64549255,-0.02441406
23.90783453,10800,-3.05929120,2.76757668,-1.59346779,-0.01525879,-1.66977786,0.05378723,3.14035223,2.75193643,-1.60338600,-0.00539767,-1.55533695,0.05187988,3.12089728,2.76071023,-1.61483010,0.00038147,-1.55495548,0.05149841,0.02929688,-0.00976562,0.01464844,-0.08789062,0.02929688,-0.02929688,1.03302002,2.64622956,2.64587402,0.00000000
23.92261648,10805,-3.05929120,2.76757668,-1.59346779,-0.01564026,-1.66977786,0.05378723,3.14035224,2.75193643,-1.60338600,-0.00549661,-1.55533695,0.05187988,3.12127875,2.76032876,-1.61444863,-0.00038147,-1.55457401,0.05149841,0.00976562,-0.01464844,0.01464844,-0.05859375,0.02929688,-0.02929688,1.03263855,2.64622881,2.64587402,-0.02441406
23.93544173,10810,-3.05929120,2.76757668,-1.59346779,-0.01564026,-1.66977786,0.05378723,3.14035224,2.75193643,-1.60338600,-0.00564818,-1.55533695,0.05187988,3.12127875,2.76032876,-1.61444863,-0.00076294,-1.55457401,0.05149841,0.00976562,-0.00488281,0.01464844,-0.04394531,0.01464844,0.00000000,1.03263855,2.64622856,2.64587402,0.00000000
23.95241499,10815,-3.05929120,2.76757668,-1.59346779,-0.01564026,-1.66977786,0.05378723,3.14035224,2.75193643,-1.60338600,-0.00569784,-1.55533695,0.05187988,3.12166022,2.76032876,-1.61444863,-0.00114441,-1.55457401,0.05149841,0.01953125,-0.01464844,0.01464844,-0.02929688,-0.00000000,-0.02929688,1.03302002,2.64634298,2.64587402,0.02441406
23.96570611,10820,-3.05929120,2.76757668,-1.59346779,-0.01564026,-1.66977786,0.05378723,3.14035224,2.75193643,-1.60338600,-0.00571411,-1.55533695,0.05187988,3.12204169,2.75994729,-1.61406716,-0.00114441,-1.55457401,0.05149841,0.00976562,-0.02929688,0.01953125,-0.01464844,0.01464844,-0.01464844,1.03302002,2.64654063,2.64587402,-0.02441406
23.97974873,10825,-3.05929120,2.76757668,-1.59346779,-0.01564026,-1.66977786,0.05378723,3.14035224,2.75193643,-1.60338600,-0.00571945,-1.55533695,0.05187988,3.12242316,2.75956582,-1.61406716,-0.00152588,-1.55495548,0.05149841,0.01953125,-0.02441406,0.03417969,-0.04394531,0.02929688,0.00000000,1.03263855,2.64633074,2.64549255,-0.02441406
23.99639058,10830,-3.05929120,2.76757668,-1.59346779,-0.01564026,-1.66977786,0.05378723,3.14035224,2.75193643,-1.60338600,-0.00572119,-1.55533695,0.05187988,3.12280463,2.75918435,-1.61368569,-0.00228882,-1.55495548,0.05149841,0.02441406,-0.03417969,0.02441406,-0.04394531,-0.00000000,0.00000000,1.03263855,2.64618384,2.64549255,-0.02441406
24.01159716,10835,-3.05929120,2.76757668,-1.59346779,-0.01602173,-1.66977786,0.05378723,3.14035224,2.75193643,-1.60338600,-0.00597824,-1.55533695,0.05187988,3.12318610,2.75880288,-1.61292275,-0.00267029,-1.55495548,0.05149841,0.02441406,-0.00976562,0.02929688,-0.02929688,0.01464844,0.00000000,1.03302002,2.64641036,2.64587402,-0.02441406
24.02470684,10840,-3.05929120,2.76757668,-1.59346779,-0.01602173,-1.66977786,0.05378723,3.14035224,2.75193643,-1.60338600,-0.00606246,-1.55533695,0.05187988,3.12356757,2.75880288,-1.61292275,-0.00267029,-1.55495548,0.05149841,0.02441406,-0.00976562,0.01953125,-0.01464844,-0.00000000,-0.01464844,1.03302002,2.64634298,2.64587402,-0.04882812
24.03885317,10845,-3.05929120,2.76757668,-1.59346779,-0.01602173,-1.66977786,0.05378723,3.14035224,2.75193643,-1.60338600,-0.00609006,-1.55533695,0.05187988,3.12394904,2.75880288,-1.61292275,-0.00267029,-1.55495548,0.05149841,0.00488281,-0.00488281,0.00976562,-0.01464844,0.02929688,-0.01464844,1.03263855,2.64626597,2.64587402,-0.02441406
24.05215335,10850,-3.05929120,2.76757668,-1.59346779,-0.01602173,-1.66977786,0.05378723,3.14035224,2.75193643,-1.60338600,-0.00609911,-1.55533695,0.05187988,3.12394904,2.75880288,-1.61254128,-0.00267029,-1.55457401,0.05149841,0.01464844,0.00000000,0.01464844,-0.02929688,0.02929688,0.00000000,1.03263855,2.64617824,2.64587402,-0.02441406
24.06470418,10855,-3.05929120,2.76757668,-1.59346779,-0.01640320,-1.66977786,0.05378723,3.14035224,2.75193643,-1.60338600,-0.00632729,-1.55533695,0.05187988,3.12433051,2.75880288,-1.61254128,-0.00267029,-1.55457401,0.05149841,0.02441406,-0.00976562,0.01464844,0.00000000,-0.00000000,0.01464844,1.03302002,2.64648665,2.64587402,0.02441406
24.07893443,10860,-3.05929120,2.76757668,-1.59346779,-0.01716614,-1.66977786,0.05378723,3.14035224,2.75193643,-1.60338600,-0.00679586,-1.55533695,0.05187988,3.12471198,2.75880288,-1.61254128,-0.00305176,-1.55495548,0.05149841,0.01464844,-0.00976562,0.01464844,-0.02929688,-0.00000000,-0.02929688,1.03263855,2.64615289,2.64549255,-0.07324219
24.09178114,10865,-3.05929120,2.76757668,-1.59346779,-0.01831055,-1.66977786,0.05378723,3.14035224,2.75193643,-1.60338600,-0.00767975,-1.55533695,0.05187988,3.12509345,2.75880288,-1.61215981,-0.00305176,-1.55495548,0.05149841,0.01953125,-0.01464844,0.02441406,-0.02929688,0.02929688,0.00000000,1.03302002,2.64638069,2.64549255,-0.02441406
24.10509253,10870,-3.05929120,2.76757668,-1.59346779,-0.01945496,-1.66977786,0.05378723,3.14035224,2.75193643,-1.60338600,-0.00867775,-1.55533695,0.05187988,3.12547492,2.75842141,-1.61215981,-0.00343323,-1.55495548,0.05149841,0.02441406,-0.01464844,0.02441406,-0.04394531,0.01464844,0.00000000,1.03263855,2.64618067,2.64549255,-0.02441406
24.12017155,10875,-3.05929120,2.76757668,-1.59346779,-0.02021790,-1.66977786,0.05378723,3.14035224,2.75193643,-1.60338600,-0.00955678,-1.55533695,0.05187988,3.12547492,2.75842141,-1.61177834,-0.00381470,-1.55495548,0.05149841,0.00488281,-0.00976562,0.01953125,-0.02929688,0.02929688,-0.01464844,1.03263855,2.64619423,2.64549255,-0.04882812
24.13297820,10880,-3.05929120,2.76757668,-1.59346779,-0.02021790,-1.66977786,0.05378723,3.14035224,2.75193643,-1.60338600,-0.01005625,-1.55533695,0.05187988,3.12585639,2.75842141,-1.61177834,-0.00381470,-1.55495548,0.05149841,0.00488281,-0.01953125,0.01953125,-0.02929688,0.02929688,0.00000000,1.03263855,2.64626118,2.64549255,-0.02441406
24.14815593,10885,-3.05929120,2.76757668,-1.59346779,-0.02021790,-1.66977786,0.05378723,3.14035224,2.75193643,-1.60338600,-0.01021991,-1.55533695,0.05187988,3.12585639,2.75803994,-1.61139687,-0.00381470,-1.55495548,0.05149841,0.00976562,-0.01953125,0.02441406,0.00000000,0.02929688,0.01464844,1.03263855,2.64622061,2.64549255,-0.04882812
24.16324782,10890,-3.05929120,2.76757668,-1.59346779,-0.02021790,-1.66977786,0.05378723,3.14035224,2.75193643,-1.60338600,-0.01027354,-1.55533695,0.05187988,3.12661933,2.75765847,-1.61101540,-0.00419617,-1.55495548,0.05149841,0.01464844,-0.01953125,0.01953125,-0.02929688,0.01464844,-0.01464844,1.03263855,2.64628545,2.64587402,-0.02441406
24.17785978,10895,-3.05929120,2.76757668,-1.59346779,-0.02021790,-1.66977786,0.05378723,3.14035224,2.75193643,-1.60338600,-0.01029112,-1.55533695,0.05187988,3.12661933,2.75765847,-1.61101540,-0.00457764,-1.55495548,0.05149841,0.01464844,-0.01464844,0.01464844,-0.04394531,0.01464844,0.00000000,1.03302002,2.64638115,2.64587402,-0.02441406
24.19109726,10900,-3.05929120,2.76757668,-1.59346779,-0.02021790,-1.66977786,0.05378723,3.14035224,2.75193643,-1.60338600,-0.01029688,-1.55533695,0.05187988,3.12700080,2.75765847,-1.61101540,-0.00534058,-1.55495548,0.05149841,0.00976562,-0.00976562,0.00488281,-0.07324219,0.02929688,0.00000000,1.03302002,2.64647501,2.64587402,0.00000000
24.20482183,10905,-3.05929120,2.76757668,-1.59346779,-0.02021790,-1.66977786,0.05378723,3.14035224,2.75193643,-1.60338600,-0.01029876,-1.55533695,0.05187988,3.12700080,2.75765847,-1.61101540,-0.00648499,-1.55495548,0.05149841,0.01953125,-0.00976562,0.00488281,-0.08789062,-0.00000000,-0.01464844,1.03263855,2.64624674,2.64587402,0.00000000
24.21935344,10910,-3.05929120,2.76757668,-1.59346779,-0.01983643,-1.66977786,0.05378723,3.14035224,2.75193643,-1.60338600,-0.01007416,-1.55533695,0.05187988,3.12738227,2.75727700,-1.61063393,-0.00762939,-1.55495548,0.05149841,0.01464844,-0.01464844,0.00976562,-0.10253906,0.01464844,-0.01464844,1.03263855,2.64627838,2.64587402,-0.02441406
24.23237681,10915,-3.05929120,2.76757668,-1.59346779,-0.01945496,-1.66977786,0.05378723,3.14035224,2.75193643,-1.60338600,-0.00974409,-1.55533695,0.05187988,3.12776374,2.75727700,-1.61063393,-0.00839233,-1.55495548,0.05149841,0.00976562,-0.01464844,0.01464844,-0.10253906,0.01464844,-0.02929688,1.03302002,2.64623724,2.64587402,-0.02441406
24.24792218,10920,-3.05929120,2.76757668,-1.59346779,-0.01907349,-1.66977786,0.05378723,3.14035224,2.75193643,-1.60338600,-0.00937947,-1.55533695,0.05187988,3.12776374,2.75727700,-1.61063393,-0.00991821,-1.55495548,0.05149841,0.00488281,-0.00976562,0.02441406,-0.10253906,0.01464844,0.00000000,1.03263855,2.64619324,2.64587402,0.00000000
24.26118493,10925,-3.05929120,2.76757668,-1.59346779,-0.01907349,-1.66977786,0.05378723,3.14035224,2.75193643,-1.60338600,-0.00922874,-1.55533695,0.05187988,3.12814521,2.75689553,-1.61025246,-0.01029968,-1.55533695,0.05149841,0.00976562,-0.00976562,0.02441406,-0.04394531,-0.01464844,-0.02929688,1.03302002,2.64639391,2.64549255,-0.04882812
24.27593350,10930,-3.05929120,2.76757668,-1.59346779,-0.01907349,-1.66977786,0.05378723,3.14035224,2.75193643,-1.60338600,-0.00917935,-1.55533695,0.05187988,3.12852668,2.75689553,-1.60987099,-0.01068115,-1.55495548,0.05149841,0.01464844,-0.01464844,0.01464844,-0.04394531,0.02929688,-0.01464844,1.03263855,2.64628266,2.64587402,-0.02441406
24.29158521,10935,-3.05929120,2.76757668,-1.59346779,-0.01907349,-1.66977786,0.05378723,3.14035224,2.75193643,-1.60338600,-0.00916316,-1.55533695,0.05187988,3.12852668,2.75689553,-1.60987099,-0.01068115,-1.55495548,0.05149841,0.00488281,-0.00976562,0.00976562,-0.02929688,0.01464844,-0.01464844,1.03302002,2.64623864,2.64587402,-0.02441406
24.30521703,10940,-3.05929120,2.76757668,-1.59346779,-0.01907349,-1.66977786,0.05378723,3.14035224,2.75193643,-1.60338600,-0.00915786,-1.55533695,0.05187988,3.12852668,2.75689553,-1.60987099,-0.01068115,-1.55495548,0.05149841,0.00488281,-0.00488281,0.01464844,0.00000000,0.01464844,-0.01464844,1.03302002,2.64633066,2.64587402,0.00000000
24.31949663,10945,-3.05929120,2.76757668,-1.59346779,-0.01907349,-1.66977786,0.05378723,3.14035224,2.75193643,-1.60338600,-0.00915612,-1.55533695,0.05187988,3.12890815,2.75689553,-1.60948952,-0.01068115,-1.55495548,0.05149841,0.00976562,-0.00976562,0.01464844,-0.01464844,0.01464844,-0.01464844,1.03263855,2.64610178,2.64587402,-0.02441406
24.33230448,10950,-3.05929120,2.76757668,-1.59346779,-0.01869202,-1.66977786,0.05378723,3.14035224,2.75193643,-1.60338600,-0.00889908,-1.55533695,0.05187988,3.12890815,2.75689553,-1.60948952,-0.01068115,-1.55495548,0.05149841,0.02441406,-0.01464844,0.01464844,0.00000000,-0.00000000,-0.01464844,1.03263855,2.64618694,2.64549255,-0.04882812
24.34551454,10955,-3.05929120,2.76757668,-1.59346779,-0.01869202,-1.66977786,0.05378723,3.14035224,2.75193643,-1.60338600,-0.00881485,-1.55533695,0.05187988,3.12928962,2.75651406,-1.60910805,-0.01068115,-1.55495548,0.05149841,0.02441406,-0.01464844,0.01464844,0.00000000,0.01464844,-0.01464844,1.03263855,2.64617675,2.64587402,0.00000000
24.35812855,10960,-3.05929120,2.76757668,-1.59346779,-0.01869202,-1.66977786,0.05378723,3.14035224,2.75193643,-1.60338600,-0.00878726,-1.55533695,0.05187988,3.12967108,2.75651406,-1.60910805,-0.01068115,-1.55495548,0.05149841,0.01464844,-0.02441406,0.00976562,0.01464844,-0.00000000,-0.02929688,1.03302002,2.64642366,2.64587402,-0.04882812
24.37389565,10965,-3.05929120,2.76757668,-1.59346779,-0.01869202,-1.66977786,0.05378723,3.14035224,2.75193643,-1.60338600,-0.00877821,-1.55533695,0.05187988,3.13005255,2.75613259,-1.60910805,-0.01029968,-1.55495548,0.05149841,0.01464844,-0.01953125,0.00976562,0.01464844,0.02929688,-0.02929688,1.03263855,2.64619475,2.64587402,-0.02441406
24.38666821,10970,-3.05929120,2.76757668,-1.59346779,-0.01869202,-1.66977786,0.05378723,3.14035224,2.75193643,-1.60338600,-0.00877525,-1.55533695,0.05187988,3.13005255,2.75613259,-1.60910805,-0.01029968,-1.55495548,0.05149841,0.00976562,-0.00976562,0.00488281,-0.01464844,0.01464844,0.00000000,1.03302002,2.64620983,2.64587402,0.00000000
24.40359139,10975,-3.05929120,2.76757668,-1.59346779,-0.01869202,-1.66977786,0.05378723,3.14035224,2.75193643,-1.60338600,-0.00877428,-1.55533695,0.05187988,3.13043402,2.75575112,-1.60910805,-0.01029968,-1.55533695,0.05149841,0.00488281,-0.01464844,0.00488281,-0.02929688,0.01464844,0.00000000,1.03302002,2.64635638,2.64587402,-0.02441406
24.41554976,10980,-3.05929120,2.76757668,-1.59346779,-0.01869202,-1.66939640,0.05378723,3.14035224,2.75193643,-1.60338600,-0.00877396,-1.55519962,0.05187988,3.13043402,2.75575112,-1.60910805,-0.01068115,-1.55495548,0.05149841,0.00488281,-0.00488281,0.00976562,-0.02929688,0.01464844,-0.01464844,1.03263855,2.64620786,2.64587402,-0.02441406
24.42998910,10985,-3.05929120,2.76757668,-1.59346779,-0.01869202,-1.66939640,0.05378723,3.14035224,2.75193643,-1.60338600,-0.00877385,-1.55503548,0.05187988,3.13043402,2.75575112,-1.60910805,-0.01029968,-1.55495548,0.05149841,0.00488281,-0.00488281,0.00488281,-0.01464844,0.01464844,-0.01464844,1.03302002,2.64633620,2.64587402,-0.02441406
24.44364452,10990,-3.05929120,2.76757668,-1.59346779,-0.01869202,-1.66939640,0.05378723,3.14035224,2.75193643,-1.60338600,-0.00877382,-1.55498169,0.05187988,3.13043402,2.75575112,-1.60872658,-0.01029968,-1.55495548,0.05149841,0.00488281,-0.00488281,0.01464844,-0.01464844,0.01464844,0.00000000,1.03302002,2.64617806,2.64587402,-0.02441406
24.46013951,10995,-3.05929120,2.76757668,-1.59346779,-0.01869202,-1.66939640,0.05378723,3.14035224,2.75193643,-1.60338600,-0.00877381,-1.55496407,0.05187988,3.13081549,2.75575112,-1.60872658,-0.01029968,-1.55495548,0.05149841,0.00976562,-0.00976562,0.01953125,0.00000000,0.01464844,-0.02929688,1.03263855,2.64611427,2.64549255,-0.02441406
24.47464347,11000,-3.05929120,2.76757668,-1.59346779,-0.01869202,-1.66939640,0.05378723,3.14035224,2.75193643,-1.60338600,-0.00877381,-1.55495829,0.05187988,3.13119696,2.75575112,-1.60872658,-0.01029968,-1.55495548,0.05149841,0.01464844,-0.01464844,0.01953125,-0.01464844,-0.00000000,-0.01464844,1.03302002,2.64616784,2.64549255,-0.02441406
24.48892117,11005,-3.05929120,2.76757668,-1.59346779,-0.01869202,-1.66939640,0.05378723,3.14035224,2.75193643,-1.60338600,-0.00877380,-1.55495640,0.05187988,3.13119696,2.75575112,-1.60834511,-0.01068115,-1.55495548,0.05149841,0.00976562,-0.01464844,0.01464844,-0.01464844,0.01464844,-0.01464844,1.03302002,2.64622054,2.64587402,0.00000000
24.50275254,11010,-3.05929120,2.76757668,-1.59346779,-0.01869202,-1.66939640,0.05378723,3.14035224,2.75193643,-1.60338600,-0.00877380,-1.55495578,0.05187988,3.13157843,2.75536965,-1.60834511,-0.01068115,-1.55495548,0.05149841,0.01953125,-0.01464844,0.00976562,-0.01464844,0.02929688,-0.02929688,1.03302002,2.64642239,2.64549255,-0.02441406
24.51500964,11015,-3.05929120,2.76757668,-1.59346779,-0.01869202,-1.66939640,0.05378723,3.14035224,2.75193643,-1.60338600,-0.00877380,-1.55495558,0.05187988,3.13195990,2.75536965,-1.60834511,-0.01029968,-1.55495548,0.05149841,0.01464844,-0.00976562,0.00976562,-0.01464844,0.02929688,0.00000000,1.03302002,2.64639087,2.64549255,-0.02441406
24.52933097,11020,-3.05929120,2.76757668,-1.59346779,-0.01831055,-1.66939640,0.05378723,3.14035224,2.75193643,-1.60338600,-0.00858765,-1.55495551,0.05187988,3.13195990,2.75536965,-1.60796364,-0.01029968,-1.55495548,0.05149841,0.00976562,-0.00976562,0.00976562,0.01464844,0.02929688,-0.01464844,1.03302002,2.64643425,2.64587402,-0.02441406
24.54351878,11025,-3.05929120,2.76757668,-1.59346779,-0.01831055,-1.66939640,0.05378723,3.14035224,2.75193643,-1.60338600,-0.00845633,-1.55495549,0.05187988,3.13195990,2.75536965,-1.60796364,-0.01029968,-1.55495548,0.05149841,-0.00488281,-0.00488281,0.00976562,-0.01464844,0.02929688,0.00000000,1.03302002,2.64649241,2.64549255,-0.02441406
24.55733061,11030,-3.05929120,2.76757668,-1.59346779,-0.01754761,-1.66939640,0.05378723,3.14035224,2.75193643,-1.60338600,-0.00801951,-1.55495548,0.05187988,3.13234137,2.75536965,-1.60796364,-0.01029968,-1.55495548,0.05149841,0.00000000,-0.00488281,0.00976562,0.00000000,0.01464844,-0.01464844,1.03263855,2.64621728,2.64549255,0.02441406
24.57170725,11035,-3.05929120,2.76757668,-1.59346779,-0.01602173,-1.66939640,0.05378723,3.14035224,2.75193643,-1.60338600,-0.00710098,-1.55495548,0.05187988,3.13234137,2.75536965,-1.60796364,-0.01029968,-1.55495548,0.05149841,0.00000000,-0.00488281,0.00976562,-0.02929688,-0.00000000,-0.01464844,1.03302002,2.64649944,2.64549255,-0.02441406
24.58645630,11040,-3.05929120,2.76757668,-1.59346779,-0.01411438,-1.66939640,0.05378723,3.14035224,2.75193643,-1.60338600,-0.00560993,-1.55495548,0.05187988,3.13234137,2.75536965,-1.60796364,-0.01029968,-1.55495548,0.05149841,0.00488281,-0.00488281,0.00976562,-0.01464844,-0.00000000,0.00000000,1.03263855,2.64627916,2.64549255,-0.02441406
24.60071993,11045,-3.05929120,2.76757668,-1.59346779,-0.01296997,-1.66939640,0.05378723,3.14035224,2.75193643,-1.60338600,-0.00422059,-1.55495548,0.05187988,3.13234137,2.75536965,-1.60758217,-0.01029968,-1.55495548,0.05149841,0.00000000,-0.00488281,0.01464844,0.00000000,0.02929688,0.00000000,1.03302002,2.64642206,2.64587402,-0.02441406
24.61311293,11050,-3.05929120,2.76757668,-1.59346779,-0.01068115,-1.66939640,0.05378723,3.14035224,2.75193643,-1.60338600,-0.00229682,-1.55495548,0.05187988,3.13272284,2.75498818,-1.60758217,-0.01029968,-1.55495548,0.05149841,0.00488281,-0.00488281,0.01464844,-0.01464844,0.01464844,-0.02929688,1.03302002,2.64632826,2.64587402,-0.02441406
24.62843800,11055,-3.05929120,2.76757668,-1.59346779,-0.00877380,-1.66939640,0.05378723,3.14035224,2.75193643,-1.60338600,-0.00038409,-1.55495548,0.05187988,3.13272284,2.75498818,-1.60758217,-0.00991821,-1.55495548,0.05149841,0.00488281,-0.00976562,0.01464844,-0.01464844,0.01464844,0.00000000,1.03263855,2.64632072,2.64549255,-0.04882812
24.64471364,11060,-3.05929120,2.76757668,-1.59346779,-0.00686646,-1.66939640,0.05378723,3.14035224,2.75193643,-1.60338600,0.00155627,-1.55495548,0.05187988,3.13272284,2.75498818,-1.60758217,-0.00991821,-1.55495548,0.05149841,0.00976562,-0.00488281,0.01464844,0.00000000,0.01464844,-0.02929688,1.03263855,2.64609852,2.64587402,0.00000000
24.65702796,11065,-3.05929120,2.76757668,-1.59308632,-0.00534058,-1.66939640,0.05378723,3.14035224,2.75193643,-1.60319985,0.00339814,-1.55495548,0.05187988,3.13310431,2.75498818,-1.60720070,-0.00953674,-1.55495548,0.05149841,0.00488281,-0.00976562,0.01464844,0.01464844,-0.00000000,0.00000000,1.03302002,2.64610018,2.64549255,-0.04882812
24.67084146,11070,-3.05929120,2.76757668,-1.59308632,-0.00381470,-1.66939640,0.05378723,3.14035224,2.75193643,-1.60306854,0.00499632,-1.55495548,0.05187988,3.13310431,2.75498818,-1.60720070,-0.00915527,-1.55495548,0.05149841,0.00488281,-0.00488281,0.00976562,0.02929688,0.01464844,-0.01464844,1.03263855,2.64616786,2.64549255,-0.02441406
24.68592167,11075,-3.05929120,2.76757668,-1.59308632,-0.00267029,-1.66939640,0.05378723,3.14035224,2.75193643,-1.60302551,0.00639098,-1.55495548,0.05187988,3.13348578,2.75498818,-1.60720070,-0.00724792,-1.55457401,0.05149841,0.00488281,-0.00976562,0.00976562,0.08789062,0.01464844,-0.02929688,1.03302002,2.64626352,2.64587402,0.00000000
24.69989920,11080,-3.05929120,2.76757668,-1.59308632,-0.00152588,-1.66939640,0.05378723,3.14035224,2.75193643,-1.60301141,0.00748604,-1.55495548,0.05187988,3.13348578,2.75498818,-1.60720070,-0.00572205,-1.55457401,0.05149841,0.00976562,0.00000000,0.00488281,0.10253906,0.02929688,-0.02929688,1.03263855,2.64628388,2.64549255,0.00000000
24.71539545,11085,-3.05929120,2.76757668,-1.59308632,-0.00076294,-1.66939640,0.05378723,3.14035224,2.75193643,-1.60300679,0.00835781,-1.55495548,0.05187988,3.13386725,2.75498818,-1.60720070,-0.00305176,-1.55495548,0.05149841,0.01464844,-0.01464844,0.00488281,0.16113281,-0.00000000,0.00000000,1.03263855,2.64607083,2.64587402,0.00000000
24.73021007,11090,-3.05929120,2.76757668,-1.59308632,-0.00038147,-1.66901493,0.05378723,3.14035224,2.75193643,-1.60300527,0.00911918,-1.55473026,0.05187988,3.13386725,2.75460671,-1.60720070,-0.00190735,-1.55457401,0.05149841,0.01953125,-0.01464844,0.00976562,0.01464844,0.01464844,-0.01464844,1.03302002,2.64627567,2.64549255,-0.02441406
24.74504900,11095,-3.05929120,2.76757668,-1.59308632,-0.00038147,-1.66901493,0.05378723,3.14035224,2.75193643,-1.60300478,0.00939992,-1.55462521,0.05187988,3.13424872,2.75460671,-1.60720070,-0.00114441,-1.55495548,0.05149841,0.00488281,-0.00976562,0.00976562,0.04394531,-0.00000000,-0.01464844,1.03263855,2.64600563,2.64587402,0.02441406
24.76116562,11100,-3.05929120,2.76757668,-1.59308632,-0.00038147,-1.66901493,0.05378723,3.14035224,2.75193643,-1.60300461,0.00949191,-1.55459078,0.05187988,3.13424872,2.75460671,-1.60681923,0.00000000,-1.55457401,0.05149841,0.00000000,-0.01464844,0.00976562,0.04394531,0.02929688,0.00000000,1.03302002,2.64614786,2.64587402,-0.02441406
24.77502155,11105,-3.05929120,2.76757668,-1.59308632,-0.00038147,-1.66901493,0.05378723,3.14035224,2.75193643,-1.60300456,0.00952205,-1.55457951,0.05187988,3.13424872,2.75460671,-1.60681923,0.00000000,-1.55457401,0.05149841,-0.00488281,-0.01464844,0.01953125,0.00000000,0.04394531,-0.02929688,1.03302002,2.64627650,2.64587402,0.00000000
24.78939271,11110,-3.05929120,2.76757668,-1.59308632,-0.00038147,-1.66901493,0.05378723,3.14035224,2.75193643,-1.60300454,0.00953193,-1.55457581,0.05187988,3.13424872,2.75422524,-1.60643776,0.00000000,-1.55457401,0.05149841,0.00000000,-0.00976562,0.02441406,-0.01464844,0.01464844,-0.01464844,1.03302002,2.64651885,2.64549255,-0.02441406
24.80313706,11115,-3.05929120,2.76757668,-1.59308632,-0.00038147,-1.66901493,0.05378723,3.14035224,2.75193643,-1.60300454,0.00953517,-1.55457460,0.05187988,3.13424872,2.75422524,-1.60643776,0.00038147,-1.55457401,0.05149841,0.00000000,-0.01464844,0.01953125,-0.01464844,0.01464844,-0.01464844,1.03263855,2.64614782,2.64549255,-0.02441406
24.81675172,11120,-3.05929120,2.76757668,-1.59308632,-0.00038147,-1.66901493,0.05378723,3.14035224,2.75193643,-1.60300454,0.00953623,-1.55457420,0.05187988,3.13424872,2.75422524,-1.60643776,0.00076294,-1.55457401,0.05149841,0.00000000,-0.00976562,0.01464844,0.00000000,0.02929688,-0.01464844,1.03302002,2.64641418,2.64549255,-0.02441406
24.83017135,11125,-3.05929120,2.76757668,-1.59308632,-0.00038147,-1.66901493,0.05378723,3.14035224,2.75193643,-1.60300454,0.00953657,-1.55457407,0.05187988,3.13424872,2.75422524,-1.60643776,0.00076294,-1.55419254,0.05149841,0.00000000,-0.00488281,0.00976562,0.01464844,0.02929688,-0.01464844,1.03263855,2.64641137,2.64587402,0.02441406
24.84348941,11130,-3.05929120,2.76757668,-1.59308632,-0.00038147,-1.66901493,0.05378723,3.14035224,2.75193643,-1.60300454,0.00953669,-1.55457403,0.05187988,3.13463019,2.75422524,-1.60605629,0.00152588,-1.55419254,0.05149841,0.00488281,0.00000000,0.00976562,0.02929688,0.01464844,-0.01464844,1.03302002,2.64640289,2.64549255,-0.02441406
24.85630679,11135,-3.05929120,2.76757668,-1.59308632,-0.00038147,-1.66901493,0.05378723,3.14035224,2.75193643,-1.60300454,0.00953672,-1.55457401,0.05187988,3.13463019,2.75422524,-1.60605629,0.00190735,-1.55419254,0.05149841,0.00976562,-0.00976562,0.00488281,0.02929688,-0.00000000,-0.01464844,1.03263855,2.64631002,2.64587402,-0.02441406
