time_s,loop_count,master_q1,master_q2,master_q3,master_q4,master_q5,master_q6,slave_target_q1,slave_target_q2,slave_target_q3,slave_target_q4,slave_target_q5,slave_target_q6,slave_actual_q1,slave_actual_q2,slave_actual_q3,slave_actual_q4,slave_actual_q5,slave_actual_q6,slave_actual_v1,slave_actual_v2,slave_actual_v3,slave_actual_v4,slave_actual_v5,slave_actual_v6,master_tool,slave_tool_target,slave_tool_actual,slave_tool_actual_vel
0.03439713,5,3.09991645,-1.69447215,-3.09912880,0.00457764,1.47925473,-0.00038147,3.09979145,-1.64611814,-3.09925380,0.00283350,1.48664975,-0.00038147,3.09953498,-1.65022166,-3.09951027,-0.00038147,1.50023556,-0.00038147,-0.00488281,-0.00976562,-0.00000000,-0.01464844,0.01464844,-0.01464844,1.00097656,2.58103711,2.57949829,-0.02441406
0.04919410,10,3.09991645,-1.69447215,-3.09912880,0.00457764,1.47658444,-0.00038147,3.09987549,-1.64477350,-3.09916976,0.00400612,1.48043391,-0.00038147,3.09953498,-1.65022166,-3.09951027,-0.00038147,1.50023556,-0.00038147,-0.00488281,-0.00488281,0.00488281,-0.02929688,-0.00000000,-0.01464844,1.00097656,2.58154135,2.57949829,-0.02441406
0.06205034,15,3.09991645,-1.69447215,-3.09912880,0.00457764,1.47505856,-0.00038147,3.09990302,-1.64433289,-3.09914222,0.00439036,1.47704066,-0.00038147,3.09953498,-1.65022166,-3.09951027,-0.00038147,1.49947262,-0.00038147,-0.00488281,-0.00488281,-0.00000000,0.00000000,-0.04394531,-0.02929688,1.00097656,2.58170658,2.57949829,-0.02441406
0.07746410,20,3.09991645,-1.69447215,-3.09912880,0.00457764,1.47391415,-0.00038147,3.09991205,-1.64418851,-3.09913320,0.00451627,1.47518913,-0.00042053,3.09953498,-1.65022166,-3.09951027,-0.00038147,1.49718381,-0.00038147,-0.00488281,-0.00488281,0.00488281,0.00000000,-0.13183594,-0.02929688,1.00097656,2.58176072,2.57949829,-0.02441406
0.09152317,25,3.09991645,-1.69447215,-3.09912880,0.00457764,1.47315121,-0.00038147,3.09991501,-1.64414120,-3.09913024,0.00455753,1.47406949,-0.00039427,3.09953498,-1.65022166,-3.09951027,-0.00038147,1.49489499,-0.00038147,-0.00488281,-0.00488281,0.00488281,-0.01464844,-0.13183594,-0.01464844,1.00097656,2.58177846,2.57949829,0.00000000
0.10722351,30,3.09991645,-1.69447215,-3.09912880,0.00457764,1.47238827,-0.00038147,3.09991597,-1.64412570,-3.09912927,0.00457105,1.47315060,-0.00038566,3.09953498,-1.65022166,-3.09951027,-0.00038147,1.49260617,-0.00038147,-0.00488281,-0.00488281,0.00488281,-0.01464844,-0.14648438,-0.01464844,1.00097656,2.58178428,2.57949829,-0.02441406
0.12116337,35,3.09991645,-1.69447215,-3.09912880,0.00419617,1.47162533,-0.00038147,3.09991629,-1.64412062,-3.09912896,0.00431901,1.47227552,-0.00041409,3.09953498,-1.65022166,-3.09951027,0.00000000,1.49069882,-0.00038147,-0.00488281,0.00000000,0.00976562,-0.01464844,-0.14648438,-0.01464844,1.00135803,2.58211455,2.57987976,-0.02441406
0.13470173,40,3.09991645,-1.69447215,-3.09912880,0.00419617,1.47124386,-0.00038147,3.09991640,-1.64411896,-3.09912885,0.00423642,1.47165223,-0.00042341,3.09953498,-1.65022166,-3.09951027,0.00000000,1.48879147,-0.00038147,0.00000000,0.00000000,0.00488281,-0.01464844,-0.10253906,-0.02929688,1.00135803,2.58232922,2.57949829,-0.02441406
0.14668179,45,3.09991645,-1.69447215,-3.09912880,0.00419617,1.47086239,-0.00038147,3.09991643,-1.64411841,-3.09912882,0.00420936,1.47115246,-0.00039521,3.09953498,-1.65022166,-3.09951027,0.00000000,1.48726559,-0.00038147,-0.00488281,0.00488281,0.00488281,-0.01464844,-0.10253906,-0.02929688,1.00097656,2.58222744,2.57987976,-0.02441406
0.16008186,50,3.09991645,-1.69447215,-3.09912880,0.00381470,1.47009945,-0.00038147,3.09991644,-1.64411823,-3.09912881,0.00412420,1.47059489,-0.00038597,3.09953498,-1.64984019,-3.09951027,0.00000000,1.48612118,-0.00038147,-0.00488281,0.00488281,0.00488281,0.00000000,-0.07324219,-0.01464844,1.00097656,2.58219409,2.57987976,0.00000000
0.17433929,55,3.09953498,-1.69447215,-3.09912880,0.00419617,1.46933652,-0.00038147,3.09977912,-1.64411817,-3.09912880,0.00408469,1.46981136,-0.00038295,3.09953498,-1.64984019,-3.09951027,0.00000000,1.48497677,-0.00038147,-0.00488281,0.00976562,0.00488281,0.00000000,-0.02929688,0.00000000,1.00135803,2.58219513,2.57987976,-0.04882812
0.18660951,60,3.09953498,-1.69447215,-3.09912880,0.00381470,1.46819211,-0.00038147,3.09965404,-1.64411815,-3.09912880,0.00397348,1.46900444,-0.00042102,3.09953498,-1.64945872,-3.09951027,0.00000000,1.48497677,-0.00038147,0.00000000,0.01464844,0.00488281,-0.01464844,-0.00000000,-0.02929688,1.00135803,2.58223355,2.57987976,0.02441406
0.19813085,65,3.09953498,-1.69447215,-3.09912880,0.00419617,1.46704770,-0.00038147,3.09964430,-1.64411815,-3.09912880,0.00400406,1.46787834,-0.00046474,3.09953498,-1.64945872,-3.09951027,0.00038147,1.48497677,-0.00038147,-0.00488281,0.01464844,0.00488281,0.00000000,0.01464844,0.00000000,1.00097656,2.58203106,2.58026123,0.00000000
0.21124530,70,3.09991645,-1.69447215,-3.09874733,0.00419617,1.46590329,-0.00076294,3.09979602,-1.64411815,-3.09887233,0.00413322,1.46680096,-0.00048505,3.09953498,-1.64907725,-3.09951027,0.00038147,1.48459530,-0.00038147,-0.00488281,0.00488281,0.00976562,0.00000000,-0.01464844,0.00000000,1.00135803,2.58208213,2.58026123,0.00000000
0.22595024,75,3.09991645,-1.69447215,-3.09874733,0.00419617,1.46552182,-0.00038147,3.09987699,-1.64411814,-3.09878829,0.00412671,1.46597222,-0.00044666,3.09953498,-1.64907725,-3.09951027,0.00038147,1.48345089,-0.00038147,-0.00488281,0.00000000,0.00488281,-0.01464844,-0.07324219,-0.02929688,1.00135803,2.58209887,2.58445740,0.31738281
0.23799324,80,3.09991645,-1.69447215,-3.09874733,0.00419617,1.46552182,-0.00038147,3.09990352,-1.64411814,-3.09876075,0.00406354,1.46566940,-0.00040283,3.09953498,-1.64907725,-3.09951027,0.00038147,1.48192502,-0.00038147,-0.00488281,0.00000000,0.00488281,-0.01464844,-0.11718750,-0.01464844,1.00135803,2.58230455,2.58445740,0.00000000
0.25079489,85,3.09991645,-1.69447215,-3.09874733,0.00419617,1.46552182,-0.00038147,3.09991221,-1.64411814,-3.09875173,0.00415271,1.46557018,-0.00038847,3.09953498,-1.64907725,-3.09951027,0.00038147,1.48039914,-0.00038147,-0.00976562,0.00488281,0.00488281,-0.01464844,-0.11718750,-0.02929688,1.00135803,2.58246960,2.58445740,-0.02441406
0.26479053,90,3.09991645,-1.69447215,-3.09874733,0.00419617,1.46552182,-0.00038147,3.09991506,-1.64411814,-3.09874877,0.00418193,1.46553766,-0.00038376,3.09953498,-1.64907725,-3.09951027,0.00076294,1.47887326,-0.00038147,-0.00488281,-0.00488281,0.00488281,-0.01464844,-0.05859375,0.00000000,1.00135803,2.58252369,2.58445740,-0.02441406
0.28078938,95,3.09991645,-1.69447215,-3.09874733,0.00419617,1.46552182,-0.00038147,3.09991599,-1.64411814,-3.09874781,0.00419150,1.46552701,-0.00038222,3.09953498,-1.64907725,-3.09951027,0.00076294,1.47811032,-0.00038147,-0.00488281,0.00000000,-0.00000000,-0.02929688,-0.01464844,-0.01464844,1.00135803,2.58254141,2.58445740,-0.02441406
0.29395199,100,3.09991645,-1.69447215,-3.09874733,0.00419617,1.46590329,-0.00038147,3.09991630,-1.64411814,-3.09874749,0.00419464,1.46566085,-0.00038172,3.09953498,-1.64907725,-3.09951027,0.00076294,1.47811032,-0.00038147,-0.00488281,-0.00488281,0.00488281,-0.01464844,0.01464844,-0.01464844,1.00173950,2.58291953,2.58445740,-0.02441406
0.31127262,105,3.09991645,-1.69447215,-3.09836586,0.00419617,1.46590329,-0.00038147,3.09991640,-1.64411814,-3.09867109,0.00419567,1.46582385,-0.00038155,3.09953498,-1.64869578,-3.09951027,0.00114441,1.47811032,-0.00038147,-0.00488281,0.00976562,0.00976562,-0.01464844,-0.00000000,-0.02929688,1.00250244,2.58370896,2.58445740,0.00000000
0.32531905,110,3.09991645,-1.69447215,-3.09798439,0.00419617,1.46628476,-0.00038147,3.09991643,-1.64411814,-3.09838959,0.00419600,1.46613373,-0.00038150,3.09953498,-1.64831431,-3.09951027,0.00114441,1.47772885,-0.00038147,-0.00488281,0.00488281,0.00976562,0.00000000,-0.02929688,-0.01464844,1.00593567,2.58686144,2.58445740,0.00000000
0.33907580,115,3.09991645,-1.69447215,-3.09760292,0.00419617,1.46628476,-0.00038147,3.09991644,-1.64411814,-3.09797984,0.00419611,1.46623527,-0.00038148,3.09953498,-1.64831431,-3.09951027,0.00114441,1.47658444,-0.00038147,-0.00488281,0.00976562,0.00488281,0.00000000,-0.05859375,-0.02929688,1.01051331,2.59386808,2.58445740,0.00000000
0.35172749,120,3.09991645,-1.69447215,-3.09760292,0.00419617,1.46628476,-0.00038147,3.09991644,-1.64411814,-3.09772643,0.00419615,1.46626854,-0.00038147,3.09953498,-1.64831431,-3.09951027,0.00114441,1.47544003,-0.00038147,-0.00488281,0.00000000,0.00488281,0.00000000,-0.08789062,-0.01464844,1.01394653,2.60222090,2.58445740,-0.02441406
0.36759210,125,3.09991645,-1.69447215,-3.09645851,0.00419617,1.46628476,-0.00038147,3.09991645,-1.64411814,-3.09708541,0.00419616,1.46627944,-0.00038147,3.09953498,-1.64793284,-3.09951027,0.00152588,1.47467709,-0.00038147,-0.00488281,0.00000000,0.00488281,-0.01464844,-0.04394531,-0.01464844,1.01814270,2.60931904,2.58483887,-0.02441406
0.38195395,130,3.09991645,-1.69447215,-3.09569558,0.00419617,1.46628476,-0.00076294,3.09991645,-1.64411814,-3.09645031,0.00414734,1.46628302,-0.00051880,3.09953498,-1.64793284,-3.09951027,0.00190735,1.47353268,-0.00038147,-0.00488281,0.00488281,0.00488281,0.01464844,-0.04394531,-0.01464844,1.02424622,2.61909124,2.58522034,0.02441406
0.39669061,135,3.09991645,-1.69447215,-3.09455117,0.00381470,1.46628476,-0.00076294,3.09991645,-1.64411814,-3.09554311,0.00401598,1.46628419,-0.00068294,3.09953498,-1.64793284,-3.09951027,0.00190735,1.47315121,-0.00038147,-0.00976562,0.00000000,0.00488281,0.01464844,-0.04394531,-0.01464844,1.02844238,2.62888202,2.58827209,0.26855469
0.41319680,140,3.09991645,-1.69447215,-3.09302529,0.00381470,1.46628476,-0.00076294,3.09991645,-1.64411814,-3.09413206,0.00391972,1.46628457,-0.00070548,3.09953498,-1.64793284,-3.09951027,0.00228882,1.47238827,-0.00038147,-0.00976562,-0.00488281,0.00488281,0.01464844,-0.01464844,-0.01464844,1.03111267,2.63681756,2.59056091,0.09765625
0.42917633,145,3.09991645,-1.69447215,-3.09073647,0.00381470,1.46628476,-0.00076294,3.09991645,-1.64411814,-3.09236916,0.00384911,1.46628470,-0.00074411,3.09953498,-1.64793284,-3.09951027,0.00305176,1.47162533,-0.00038147,-0.00488281,-0.00488281,0.00488281,0.02929688,-0.04394531,-0.01464844,1.03340149,2.64325137,2.59819031,0.56152344
0.44267583,150,3.09991645,-1.69447215,-3.08921059,0.00381470,1.46628476,-0.00076294,3.09991645,-1.64411814,-3.09061522,0.00382597,1.46628474,-0.00069573,3.09953498,-1.64793284,-3.09951027,0.00381470,1.47086239,-0.00038147,-0.00488281,-0.00488281,-0.00000000,0.08789062,-0.05859375,-0.01464844,1.03340149,2.64564964,2.60124207,0.04882812
0.45731688,155,3.09953498,-1.69447215,-3.08654030,0.00305176,1.46628476,-0.00076294,3.09977912,-1.64411814,-3.08860702,0.00360477,1.46628475,-0.00074092,3.09953498,-1.64793284,-3.09951027,0.00457764,1.47009945,-0.00038147,-0.00488281,0.00000000,0.00488281,0.01464844,-0.01464844,-0.01464844,1.03378296,2.64656368,2.60543823,0.39062500
0.47238946,160,3.09991645,-1.69447215,-3.08463295,0.00228882,1.46628476,-0.00076294,3.09979137,-1.64411814,-3.08630627,0.00293145,1.46628476,-0.00075572,3.09953498,-1.64793284,-3.09951027,0.00457764,1.47009945,-0.00076294,-0.00488281,-0.00488281,0.00488281,-0.02929688,0.01464844,-0.02929688,1.03340149,2.64661295,2.61001587,0.29296875
0.48640251,165,3.09953498,-1.69447215,-3.08196266,0.00152588,1.46628476,-0.00076294,3.09970688,-1.64411814,-3.08386693,0.00213685,1.46628476,-0.00076057,3.09953498,-1.64793284,-3.09951027,0.00457764,1.47009945,-0.00038147,-0.00488281,0.00000000,0.01464844,-0.01464844,0.01464844,-0.01464844,1.03340149,2.64680488,2.61192322,0.04882812
0.50187564,170,3.09953498,-1.69447215,-3.07929238,0.00038147,1.46628476,-0.00076294,3.09959131,-1.64411814,-3.08146471,0.00120716,1.46628476,-0.00076216,3.09953498,-1.64793284,-3.09912880,0.00457764,1.46971798,-0.00038147,-0.00488281,0.00000000,0.01464844,-0.01464844,0.01464844,0.00000000,1.03340149,2.64698984,2.61459351,0.19531250
0.51415896,175,3.09991645,-1.69447215,-3.07662209,-0.00038147,1.46628476,-0.00076294,3.09966879,-1.64411814,-3.07882122,0.00025823,1.46628476,-0.00071386,3.09953498,-1.64755137,-3.09912880,0.00457764,1.46971798,-0.00038147,-0.00488281,0.00000000,0.03417969,-0.01464844,-0.00000000,0.00000000,1.03340149,2.64685025,2.61764526,0.07324219
0.52786112,180,3.09953498,-1.69447215,-3.07471474,-0.00038147,1.46628476,-0.00076294,3.09961007,-1.64411814,-3.07653154,-0.00017185,1.46628476,-0.00074686,3.09953498,-1.64755137,-3.09874733,0.00457764,1.46971798,-0.00038147,0.00000000,0.00488281,0.02929688,0.00000000,0.01464844,0.00000000,1.03340149,2.64670685,2.61993408,0.17089844
0.54385591,185,3.09953498,-1.69447215,-3.07204445,-0.00114441,1.46628476,-0.00076294,3.09955958,-1.64411814,-3.07412709,-0.00061430,1.46628476,-0.00075767,3.09953498,-1.64755137,-3.09836586,0.00457764,1.46933652,-0.00038147,-0.00488281,0.00000000,0.04394531,-0.02929688,-0.01464844,0.00000000,1.03340149,2.64692256,2.62222290,0.02441406
0.55737638,190,3.09953498,-1.69447215,-3.06937416,-0.00190735,1.46590329,-0.00076294,3.09954304,-1.64411814,-3.07169283,-0.00127222,1.46620846,-0.00076121,3.09953498,-1.64755137,-3.09760292,0.00419617,1.46895505,-0.00038147,-0.00488281,0.00488281,0.02929688,-0.02929688,-0.00000000,0.00000000,1.03378296,2.64724349,2.62260437,0.02441406
0.57396340,195,3.09953498,-1.69447215,-3.06670388,-0.00190735,1.46590329,-0.00076294,3.09953762,-1.64411814,-3.06892899,-0.00169923,1.46600329,-0.00076237,3.09953498,-1.64716990,-3.09722145,0.00419617,1.46895505,-0.00038147,0.00000000,0.00488281,0.03417969,-0.02929688,0.02929688,-0.01464844,1.03378296,2.64734865,2.62374878,0.04882812
0.58807707,200,3.09953498,-1.69447215,-3.06479653,-0.00190735,1.46590329,-0.00076294,3.09959688,-1.64411814,-3.06652028,-0.00183915,1.46593606,-0.00076275,3.09953498,-1.64716990,-3.09683998,0.00419617,1.46857358,-0.00038147,-0.00488281,0.00488281,0.03906250,-0.02929688,-0.02929688,-0.01464844,1.03378296,2.64732061,2.62451172,0.04882812
0.60167336,205,3.09991645,-1.69447215,-3.06288918,-0.00190735,1.46590329,-0.00076294,3.09969259,-1.64411814,-3.06444865,-0.00188500,1.46591402,-0.00063153,3.09953498,-1.64716990,-3.09607704,0.00381470,1.46819211,-0.00038147,-0.00488281,0.00000000,0.05859375,-0.02929688,-0.02929688,-0.01464844,1.03378296,2.64737392,2.62565613,0.07324219
0.61547208,210,3.09991645,-1.69447215,-3.06136330,-0.00152588,1.46590329,-0.00038147,3.09984309,-1.64411814,-3.06259501,-0.00171387,1.46590681,-0.00046341,3.09953498,-1.64716990,-3.09569558,0.00381470,1.46781064,-0.00038147,-0.00488281,0.00000000,0.03417969,-0.02929688,-0.00000000,-0.01464844,1.03340149,2.64717630,2.62641907,0.02441406
0.63211823,215,3.09991645,-1.69447215,-3.05983742,-0.00152588,1.46590329,-0.00038147,3.09989241,-1.64411814,-3.06096173,-0.00162654,1.46590444,-0.00050842,3.09953498,-1.64716990,-3.09493264,0.00343323,1.46819211,-0.00038147,-0.00488281,-0.00488281,0.04394531,-0.04394531,0.01464844,-0.01464844,1.03340149,2.64717404,2.62718201,0.02441406
0.64472795,220,3.09991645,-1.69447215,-3.05831154,-0.00152588,1.46590329,-0.00038147,3.09990857,-1.64411814,-3.05951052,-0.00155886,1.46590367,-0.00060324,3.09953498,-1.64716990,-3.09416970,0.00343323,1.46781064,-0.00038147,-0.00976562,-0.00488281,0.04882812,-0.02929688,-0.00000000,-0.01464844,1.03378296,2.64732589,2.62794495,0.02441406
0.66073537,225,3.09991645,-1.69447215,-3.05716713,-0.00152588,1.46590329,-0.00038147,3.09991387,-1.64411814,-3.05821675,-0.00153669,1.46590341,-0.00060307,3.09953498,-1.64716990,-3.09378823,0.00305176,1.46742917,-0.00038147,-0.00976562,-0.00488281,0.03417969,-0.01464844,-0.00000000,-0.01464844,1.03378296,2.64737565,2.62832642,0.02441406
0.67485285,230,3.09991645,-1.69447215,-3.05602272,-0.00152588,1.46590329,-0.00076294,3.09991560,-1.64411814,-3.05695309,-0.00152942,1.46590333,-0.00071055,3.09953498,-1.64678843,-3.09302529,0.00228882,1.46742917,-0.00038147,-0.00488281,0.00488281,0.04882812,-0.05859375,0.02929688,-0.02929688,1.03378296,2.64721617,2.62870789,-0.02441406
0.68892717,235,3.09991645,-1.69447215,-3.05525978,-0.00152588,1.46590329,-0.00076294,3.09991617,-1.64411814,-3.05606513,-0.00166815,1.46590330,-0.00074577,3.09953498,-1.64678843,-3.09264382,0.00152588,1.46742917,-0.00038147,-0.00488281,0.00000000,0.04882812,-0.08789062,-0.01464844,-0.02929688,1.03378296,2.64719907,2.62947083,0.04882812
0.70280409,240,3.09991645,-1.69447215,-3.05411537,-0.00190735,1.46590329,-0.00076294,3.09991636,-1.64411814,-3.05500476,-0.00182897,1.46590329,-0.00075731,3.09953498,-1.64678843,-3.09188088,0.00076294,1.46666623,-0.00076294,-0.00488281,0.00000000,0.05371094,-0.08789062,-0.01464844,-0.02929688,1.03378296,2.64725597,2.63023376,0.02441406
0.71573043,245,3.09991645,-1.69447215,-3.05335244,-0.00190735,1.46590329,-0.00076294,3.09991642,-1.64411814,-3.05414436,-0.00188167,1.46590329,-0.00076110,3.09953498,-1.64678843,-3.09111794,0.00000000,1.46666623,-0.00038147,-0.00488281,0.00000000,0.05859375,-0.05859375,0.02929688,-0.01464844,1.03378296,2.64713301,2.63099670,0.04882812
0.73150754,250,3.09991645,-1.69447215,-3.05182656,-0.00190735,1.46590329,-0.00076294,3.09991644,-1.64411814,-3.05295568,-0.00189893,1.46590329,-0.00076234,3.09953498,-1.64678843,-3.09035500,0.00000000,1.46666623,-0.00076294,-0.00488281,0.00488281,0.06835938,-0.02929688,-0.00000000,-0.01464844,1.03340149,2.64715986,2.63175964,0.02441406
0.74279833,255,3.09991645,-1.69447215,-3.05106362,-0.00190735,1.46590329,-0.00076294,3.09991644,-1.64411814,-3.05193410,-0.00190459,1.46590329,-0.00076274,3.09953498,-1.64678843,-3.08959206,0.00000000,1.46666623,-0.00076294,-0.00488281,0.00000000,0.05859375,-0.01464844,0.01464844,-0.01464844,1.03378296,2.64725875,2.63214111,0.02441406
0.75695205,260,3.09991645,-1.69447215,-3.05030068,-0.00228882,1.46590329,-0.00076294,3.09991645,-1.64411814,-3.05098631,-0.00203157,1.46590329,-0.00076287,3.09953498,-1.64640696,-3.08882912,0.00000000,1.46666623,-0.00076294,0.00000000,0.00000000,0.05859375,-0.01464844,0.01464844,-0.01464844,1.03340149,2.64720106,2.63252258,-0.02441406
0.77108860,265,3.09991645,-1.69447215,-3.04915627,-0.00267029,1.46590329,-0.00076294,3.09991645,-1.64411814,-3.04990633,-0.00239068,1.46590329,-0.00076292,3.09953498,-1.64640696,-3.08806618,0.00000000,1.46666623,-0.00076294,-0.00488281,0.00488281,0.04394531,-0.01464844,0.01464844,-0.01464844,1.03340149,2.64718216,2.63290405,0.00000000
0.78724670,270,3.09991645,-1.69447215,-3.04724892,-0.00419617,1.46590329,-0.00076294,3.09991645,-1.64411814,-3.04855964,-0.00320367,1.46590329,-0.00076293,3.09953498,-1.64640696,-3.08730324,0.00000000,1.46666623,-0.00076294,-0.00488281,0.00000000,0.06347656,-0.01464844,0.02929688,-0.02929688,1.03340149,2.64717596,2.63328552,-0.02441406
0.80103230,275,3.09991645,-1.69447215,-3.04572304,-0.00534058,1.46590329,-0.00076294,3.09991645,-1.64411814,-3.04689521,-0.00439768,1.46590329,-0.00076294,3.09953498,-1.64640696,-3.08654030,-0.00038147,1.46666623,-0.00076294,-0.00488281,-0.00976562,0.05859375,-0.04394531,-0.01464844,-0.01464844,1.03378296,2.64702867,2.63366699,-0.02441406
0.81490612,280,3.09991645,-1.69485362,-3.04419716,-0.00686646,1.46590329,-0.00076294,3.09991645,-1.64437461,-3.04531954,-0.00574889,1.46590329,-0.00076294,3.09953498,-1.64640696,-3.08615883,-0.00038147,1.46628476,-0.00038147,-0.00488281,-0.00488281,0.04394531,-0.01464844,0.02929688,0.00000000,1.03378296,2.64727826,2.63404846,0.02441406
0.83017516,285,3.09991645,-1.69485362,-3.04267128,-0.00762939,1.46590329,-0.00076294,3.09991645,-1.64445865,-3.04375977,-0.00686280,1.46590329,-0.00076294,3.09953498,-1.64640696,-3.08539589,-0.00038147,1.46628476,-0.00076294,-0.00976562,-0.00488281,0.05859375,-0.01464844,0.04394531,-0.02929688,1.03378296,2.64736004,2.63442993,0.02441406
0.84200287,290,3.09991645,-1.69485362,-3.04076393,-0.00839233,1.46590329,-0.00076294,3.09991645,-1.64442516,-3.04207618,-0.00782082,1.46590329,-0.00076294,3.09953498,-1.64640696,-3.08463295,-0.00076294,1.46628476,-0.00076294,-0.00488281,-0.00488281,0.06835938,-0.04394531,-0.00000000,-0.01464844,1.03378296,2.64738684,2.63481140,0.00000000
0.85541058,295,3.09991645,-1.69485362,-3.03961953,-0.00915527,1.46590329,-0.00076294,3.09991645,-1.64447522,-3.04064522,-0.00859886,1.46590329,-0.00076294,3.09953498,-1.64640696,-3.08348854,-0.00114441,1.46628476,-0.00076294,0.00000000,-0.00976562,0.07324219,-0.05859375,0.02929688,-0.02929688,1.03378296,2.64739562,2.63481140,0.02441406
0.86822963,300,3.09991645,-1.69485362,-3.03771218,-0.00991821,1.46590329,-0.00076294,3.09991645,-1.64449162,-3.03907416,-0.00933550,1.46590329,-0.00076294,3.09953498,-1.64640696,-3.08310707,-0.00190735,1.46628476,-0.00076294,-0.00488281,-0.00488281,0.06835938,-0.07324219,-0.01464844,-0.01464844,1.03378296,2.64739850,2.63481140,0.00000000
0.88293815,305,3.09991645,-1.69485362,-3.03542336,-0.01106262,1.46590329,-0.00076294,3.09991645,-1.64449699,-3.03706936,-0.01019736,1.46590329,-0.00076294,3.09953498,-1.64640696,-3.08196266,-0.00267029,1.46628476,-0.00076294,-0.00488281,0.00000000,0.06835938,-0.07324219,0.01464844,-0.01464844,1.03378296,2.64739944,2.63557434,0.00000000
0.89701939,310,3.09991645,-1.69485362,-3.03275307,-0.01220703,1.46399594,-0.00038147,3.09991645,-1.64449876,-3.03463862,-0.01135905,1.46509213,-0.00068665,3.09953498,-1.64640696,-3.08119973,-0.00305176,1.46628476,-0.00076294,-0.00488281,0.00488281,0.06347656,-0.02929688,0.01464844,-0.01464844,1.03378296,2.64739975,2.63595581,0.00000000
0.90930581,315,3.09991645,-1.69485362,-3.03084572,-0.01296997,1.46208859,-0.00076294,3.09991645,-1.64449933,-3.03242842,-0.01232296,1.46345170,-0.00073794,3.09953498,-1.64602549,-3.08043679,-0.00343323,1.46628476,-0.00076294,0.00000000,-0.00488281,0.05371094,-0.05859375,-0.00000000,-0.02929688,1.03378296,2.64739985,2.63671875,0.02441406
0.92151213,320,3.09991645,-1.69561656,-3.02817543,-0.01449585,1.45979977,-0.00038147,3.09991645,-1.64489332,-3.03014230,-0.01354116,1.46147739,-0.00067845,3.09953498,-1.64602549,-3.07967385,-0.00343323,1.46628476,-0.00076294,-0.00976562,0.00488281,0.07324219,-0.04394531,0.02929688,-0.01464844,1.03378296,2.64739989,2.63710022,0.00000000
0.93558359,325,3.09991645,-1.69599803,-3.02512368,-0.01564026,1.45674801,-0.00076294,3.09991645,-1.64536678,-3.02744298,-0.01467069,1.45886268,-0.00064297,3.09953498,-1.64602549,-3.07891091,-0.00381470,1.46590329,-0.00076294,-0.00488281,-0.00488281,0.07812500,-0.04394531,-0.01464844,-0.01464844,1.03378296,2.64739990,2.63710022,0.00000000
0.94922900,330,3.09991645,-1.69637950,-3.02207192,-0.01602173,1.45255185,-0.00076294,3.09991645,-1.64580965,-3.02452234,-0.01550871,1.45532925,-0.00072363,3.09953498,-1.64602549,-3.07776650,-0.00419617,1.46552182,-0.00076294,0.00000000,-0.00976562,0.08300781,-0.02929688,-0.01464844,-0.01464844,1.03378296,2.64739990,2.63786316,0.02441406
0.96192145,335,3.09991645,-1.69714244,-3.01863869,-0.01640320,1.44721127,-0.00076294,3.09991645,-1.64634856,-3.02121948,-0.01611009,1.45088602,-0.00075006,3.09953498,-1.64602549,-3.07700356,-0.00495911,1.46552182,-0.00076294,0.00000000,-0.00488281,0.07812500,-0.05859375,0.01464844,-0.02929688,1.03378296,2.64739990,2.63786316,0.00000000
0.97780561,340,3.09991645,-1.69904978,-3.01406105,-0.01678467,1.44110776,-0.00076294,3.09991645,-1.64770594,-3.01699852,-0.01656362,1.44517567,-0.00075872,3.09953498,-1.64602549,-3.07585915,-0.00610352,1.46475888,-0.00076294,-0.00488281,-0.00488281,0.08789062,-0.10253906,-0.02929688,-0.01464844,1.03378296,2.64739990,2.63824463,0.02441406
0.99175978,345,3.09991645,-1.70057566,-3.00910195,-0.01678467,1.43653012,-0.00076294,3.09991645,-1.64911557,-3.01271049,-0.01671224,1.44020391,-0.00076156,3.09953498,-1.64602549,-3.07471474,-0.00762939,1.46285153,-0.00076294,-0.00488281,-0.00488281,0.06347656,-0.13183594,-0.16113281,0.00000000,1.03378296,2.64739990,2.63862610,0.02441406
1.00631666,350,3.09991645,-1.70248301,-3.00376137,-0.01678467,1.42966366,-0.00076294,3.09991645,-1.65063082,-3.00806735,-0.01676093,1.43468048,-0.00076249,3.09953498,-1.64602549,-3.07357033,-0.00915527,1.46094418,-0.00076294,-0.00488281,0.00000000,0.09277344,-0.13183594,-0.14648438,-0.02929688,1.03378296,2.64739990,2.63862610,-0.02441406
1.02042747,355,3.09953498,-1.70439036,-2.99880226,-0.01716614,1.42279721,-0.00076294,3.09979132,-1.65248830,-3.00296227,-0.01695328,1.42820821,-0.00076279,3.09953498,-1.64602549,-3.07242592,-0.01106262,1.45789242,-0.00076294,-0.00488281,-0.00488281,0.09277344,-0.11718750,-0.13183594,-0.01464844,1.03378296,2.64739990,2.63862610,-0.02441406
1.03529167,360,3.09953498,-1.70706065,-2.99155434,-0.01716614,1.41249753,-0.00076294,3.09979915,-1.65470426,-2.99684132,-0.01709639,1.41981455,-0.00076289,3.09953498,-1.64602549,-3.07128151,-0.01106262,1.45560360,-0.00076294,-0.00488281,-0.00488281,0.08300781,-0.01464844,-0.17578125,-0.01464844,1.03378296,2.64739990,2.63900757,0.02441406
1.05066657,365,3.09991645,-1.70973094,-2.98430641,-0.01716614,1.40486813,-0.00114441,3.09987801,-1.65717685,-2.99013358,-0.01714328,1.41155581,-0.00083922,3.09953498,-1.64602549,-3.06937416,-0.01106262,1.45369626,-0.00076294,-0.00488281,-0.00488281,0.13671875,-0.01464844,-0.13183594,-0.02929688,1.03378296,2.64739990,2.63900757,-0.02441406
1.06636739,370,3.09991645,-1.71316416,-2.97743996,-0.01716614,1.39571286,-0.00114441,3.09986479,-1.66049304,-2.98257304,-0.01715865,1.40221775,-0.00090329,3.09953498,-1.64602549,-3.06746682,-0.01106262,1.45217038,-0.00076294,-0.00976562,-0.00488281,0.12695312,-0.01464844,-0.10253906,-0.01464844,1.03378296,2.64739990,2.63938904,0.00000000
1.08096838,375,3.09953498,-1.71621592,-2.97019204,-0.01678467,1.38579464,-0.00114441,3.09982323,-1.66349034,-2.97574758,-0.01708739,1.39305801,-0.00099509,3.09953498,-1.64602549,-3.06594094,-0.01144409,1.45026303,-0.00076294,0.00000000,-0.00488281,0.12207031,-0.02929688,-0.08789062,-0.01464844,1.03378296,2.64739990,2.63938904,0.00000000
1.09633684,380,3.09991645,-1.72079356,-2.95989235,-0.01678467,1.37587643,-0.00114441,3.09988590,-1.66709261,-2.96754824,-0.01688386,1.38401577,-0.00109548,3.09953498,-1.64602549,-3.06441506,-0.01144409,1.44644833,-0.00076294,-0.00488281,-0.00488281,0.12207031,-0.04394531,-0.26367188,-0.01464844,1.03378296,2.64739990,2.63977051,0.00000000
1.11128521,385,3.09991645,-1.72422679,-2.95378884,-0.01678467,1.36824704,-0.00114441,3.09986737,-1.67094012,-2.95956900,-0.01681717,1.37497663,-0.00112838,3.09953498,-1.64640696,-3.06212624,-0.01182556,1.44072629,-0.00076294,-0.00488281,-0.01464844,0.15625000,-0.04394531,-0.41015625,-0.01464844,1.03416443,2.64775269,2.63977051,-0.02441406
1.12627602,390,3.09991645,-1.72880442,-2.94425209,-0.01678467,1.35680295,-0.00114441,3.09990037,-1.67528778,-2.95058217,-0.01679532,1.36413945,-0.00113916,3.09953498,-1.64640696,-3.06021889,-0.01258850,1.43309689,-0.00076294,-0.00976562,-0.01464844,0.12207031,-0.02929688,-0.42480469,-0.01464844,1.03378296,2.64751550,2.63977051,0.02441406
1.14205384,395,3.09991645,-1.73376353,-2.93509682,-0.01678467,1.34688473,-0.00114441,3.09991118,-1.67985269,-2.94184147,-0.01678816,1.35435956,-0.00114269,3.09953498,-1.64678843,-3.05831154,-0.01296997,1.42699338,-0.00076294,-0.00488281,-0.01953125,0.13183594,-0.04394531,-0.33691406,-0.01464844,1.03416443,2.64759037,2.63977051,0.00000000
1.15761924,400,3.09991645,-1.73986705,-2.92517861,-0.01678467,1.33467770,-0.00114441,3.09991472,-1.68511365,-2.93265237,-0.01678581,1.34357285,-0.00114385,3.09953498,-1.64755137,-3.05564125,-0.01373291,1.42203427,-0.00076294,-0.00488281,-0.03906250,0.18066406,-0.05859375,-0.24902344,0.00000000,1.03416443,2.64761490,2.64015198,-0.02441406
1.16845393,405,3.09991645,-1.74368174,-2.91793068,-0.01678467,1.32628537,-0.00152588,3.09991588,-1.68989542,-2.92416582,-0.01678504,1.33348968,-0.00133038,3.09953498,-1.64793284,-3.05373391,-0.01373291,1.41707516,-0.00076294,-0.00488281,-0.04394531,0.17578125,-0.04394531,-0.45410156,-0.01464844,1.03378296,2.64747035,2.64015198,-0.02441406
1.18196535,410,3.09991645,-1.74864085,-2.90991982,-0.01678467,1.31598568,-0.00152588,3.09991626,-1.69450248,-2.91619537,-0.01678479,1.32380001,-0.00146182,3.09953498,-1.64869578,-3.05106362,-0.01411438,1.41287900,-0.00076294,-0.00488281,-0.05859375,0.18554688,-0.02929688,-0.27832031,0.00000000,1.03378296,2.64748549,2.64053345,-0.02441406
1.19595981,415,3.09991645,-1.75398143,-2.90152748,-0.01678467,1.30416012,-0.00152588,3.09991639,-1.69954605,-2.90807653,-0.01678471,1.31309914,-0.00150489,3.09953498,-1.64945872,-3.04877480,-0.01449585,1.40753842,-0.00076294,-0.00488281,-0.07324219,0.20019531,-0.04394531,-0.38085938,-0.02929688,1.03378296,2.64750607,2.64015198,-0.02441406
1.21062016,420,3.09991645,-1.75817759,-2.89466103,-0.01678467,1.29691220,-0.00190735,3.09991643,-1.70464636,-2.89985390,-0.01678468,1.30304446,-0.00177547,3.09953498,-1.65060313,-3.04572304,-0.01449585,1.39990902,-0.00076294,-0.00488281,-0.08300781,0.18554688,-0.01464844,-0.48339844,-0.01464844,1.03416443,2.64770935,2.64053345,-0.02441406
1.22596931,425,3.09991645,-1.76504405,-2.88359841,-0.01678467,1.28508664,-0.00305176,3.09991644,-1.71012061,-2.89084249,-0.01678467,1.29291979,-0.00233423,3.09953498,-1.65136607,-3.04305275,-0.01487732,1.39266110,-0.00076294,-0.00488281,-0.06835938,0.19531250,-0.02929688,-0.51269531,-0.01464844,1.03378296,2.64750130,2.64091492,-0.02441406
1.24057698,430,3.09991645,-1.76962168,-2.87635048,-0.01678467,1.27822018,-0.00419617,3.09980658,-1.71547691,-2.88236387,-0.01672363,1.28423128,-0.00336534,3.09953498,-1.65289195,-3.04000099,-0.01487732,1.38350583,-0.00114441,-0.00488281,-0.11230469,0.20019531,-0.02929688,-0.58593750,-0.02929688,1.03378296,2.64743313,2.64091492,-0.04882812
1.25783181,435,3.09991645,-1.77572520,-2.86605080,-0.01640320,1.26868344,-0.00419617,3.09988045,-1.72073206,-2.87387722,-0.01662734,1.27607894,-0.00407285,3.09953498,-1.65403636,-3.03694924,-0.01525879,1.37549496,-0.00114441,-0.00488281,-0.09277344,0.22949219,-0.02929688,-0.58593750,-0.01464844,1.03378296,2.64758657,2.64091492,-0.02441406
1.27053857,440,3.09953498,-1.77915843,-2.86071022,-0.01640320,1.26334286,-0.00419617,3.09982836,-1.72549863,-2.86609559,-0.01647664,1.26857774,-0.00415576,3.09953498,-1.65556224,-3.03351601,-0.01525879,1.36748410,-0.00114441,-0.00488281,-0.06835938,0.20507812,-0.02929688,-0.45410156,-0.01464844,1.03416443,2.64773573,2.64091492,0.00000000
1.28601265,445,3.09991645,-1.78411753,-2.85346230,-0.01602173,1.25723935,-0.00419617,3.09988758,-1.72998546,-2.85916057,-0.01624111,1.26227503,-0.00423175,3.09953498,-1.65708811,-3.03084572,-0.01487732,1.36214352,-0.00114441,-0.00976562,-0.11718750,0.21972656,0.00000000,-0.38085938,-0.02929688,1.03378296,2.64750995,2.64129639,-0.02441406
1.30162287,450,3.09991645,-1.78983958,-2.84468849,-0.01564026,1.25151730,-0.00419617,3.09990699,-1.73525441,-2.85115043,-0.01586840,1.25618741,-0.00420783,3.09953498,-1.65861399,-3.02703102,-0.01525879,1.35298825,-0.00114441,0.00000000,-0.11230469,0.22949219,-0.01464844,-0.51269531,-0.02929688,1.03378296,2.64743596,2.64129639,-0.02441406
1.31522250,455,3.09991645,-1.79327281,-2.83858498,-0.01487732,1.24732113,-0.00419617,3.09991335,-1.73960558,-2.84419657,-0.01541350,1.25113952,-0.00419999,3.09953498,-1.65975840,-3.02359780,-0.01564026,1.34688473,-0.00114441,-0.00976562,-0.09765625,0.24902344,-0.02929688,-0.45410156,-0.01464844,1.03378296,2.64741172,2.64167786,-0.02441406
1.32814026,460,3.09991645,-1.79746897,-2.83248146,-0.01449585,1.24426938,-0.00419617,3.09991543,-1.74386035,-2.83745406,-0.01491569,1.24707186,-0.00419742,3.09953498,-1.66128428,-3.02054604,-0.01602173,1.34001828,-0.00114441,-0.00488281,-0.09765625,0.22460938,-0.02929688,-0.52734375,-0.02929688,1.03378296,2.64740377,2.64167786,0.00000000
1.34344578,465,3.09991645,-1.80166514,-2.82599648,-0.01449585,1.24045468,-0.00381470,3.09991611,-1.74800150,-2.83103752,-0.01463342,1.24337202,-0.00412028,3.09953498,-1.66281016,-3.01749428,-0.01602173,1.33162594,-0.00152588,-0.00488281,-0.11718750,0.25878906,0.00000000,-0.52734375,-0.02929688,1.03378296,2.64740117,2.64167786,-0.02441406
1.35764289,470,3.09991645,-1.80509837,-2.81989296,-0.01411438,1.23778439,-0.00381470,3.09991634,-1.75195234,-2.82467860,-0.01428446,1.24016661,-0.00391483,3.09953498,-1.66471751,-3.01291664,-0.01602173,1.32437802,-0.00152588,0.00000000,-0.12695312,0.26367188,-0.01464844,-0.49804688,-0.01464844,1.03378296,2.64740032,2.64205933,0.00000000
1.37195659,475,3.09991645,-1.80815013,-2.81417092,-0.01411438,1.23549557,-0.00381470,3.09986758,-1.75544129,-2.81845489,-0.01408222,1.23742706,-0.00384751,3.09953498,-1.66662486,-3.00910195,-0.01602173,1.31865597,-0.00152588,-0.00488281,-0.13183594,0.24414062,-0.01464844,-0.29296875,-0.01464844,1.03378296,2.64740004,2.64205933,0.00000000
1.38453627,480,3.09991645,-1.81196482,-2.80806740,-0.01373291,1.23320675,-0.00381470,3.09990043,-1.75870296,-2.81282078,-0.01387862,1.23505304,-0.00382545,3.09953498,-1.66776927,-3.00681313,-0.01602173,1.31560422,-0.00152588,0.00000000,-0.11718750,0.23437500,-0.01464844,-0.32226562,-0.02929688,1.03378296,2.64739995,2.64205933,0.00000000
1.39870501,485,3.09953498,-1.81539805,-2.80158242,-0.01373291,1.23091794,-0.00381470,3.09976459,-1.76203456,-2.80687780,-0.01378066,1.23288377,-0.00381822,3.09953498,-1.66929515,-3.00299843,-0.01602173,1.30950070,-0.00190735,-0.00488281,-0.11718750,0.29296875,-0.02929688,-0.39550781,-0.01464844,1.03378296,2.64754054,2.64205933,-0.02441406
1.41196394,490,3.09991645,-1.81844981,-2.79624184,-0.01373291,1.22901059,-0.00381470,3.09973534,-1.76544901,-2.80093894,-0.01374856,1.23079977,-0.00381585,3.09953498,-1.67120249,-2.99956520,-0.01602173,1.30263424,-0.00190735,-0.00488281,-0.12695312,0.28808594,-0.01464844,-0.49804688,-0.01464844,1.03378296,2.64754364,2.64244080,0.00000000
1.42523456,495,3.09953498,-1.82073863,-2.79090126,-0.01373291,1.22634030,-0.00381470,3.09960063,-1.76818627,-2.79549315,-0.01373804,1.22848420,-0.00381508,3.09953498,-1.67310984,-2.99613198,-0.01602173,1.29767514,-0.00190735,-0.00488281,-0.12695312,0.27832031,-0.02929688,-0.35156250,-0.02929688,1.03416443,2.64772166,2.64244080,-0.02441406
1.43948889,500,3.09953498,-1.82379039,-2.78479775,-0.01373291,1.22367001,-0.00381470,3.09955649,-1.77109591,-2.78942058,-0.01373459,1.22580661,-0.00381482,3.09953498,-1.67463572,-2.99231728,-0.01602173,1.29347897,-0.00228882,-0.00488281,-0.12695312,0.25390625,-0.01464844,-0.26367188,-0.04394531,1.03416443,2.64792062,2.64282227,0.00000000
1.45296359,505,3.09953498,-1.82607920,-2.77907570,-0.01373291,1.22138119,-0.00381470,3.09954203,-1.77365700,-2.78374823,-0.01373346,1.22331227,-0.00381474,3.09953498,-1.67654307,-2.98850258,-0.01602173,1.28775693,-0.00267029,-0.00488281,-0.13183594,0.27343750,0.00000000,-0.39550781,-0.02929688,1.03416443,2.64802097,2.64282227,-0.02441406
1.46906972,510,3.09953498,-1.82951243,-2.77182778,-0.01335144,1.21642209,-0.00381470,3.09953729,-1.77671656,-2.77738475,-0.01359576,1.21978094,-0.00381471,3.09953498,-1.67845042,-2.98392495,-0.01564026,1.28317929,-0.00305176,0.00000000,-0.14648438,0.31738281,-0.02929688,-0.33691406,-0.05859375,1.03416443,2.64811635,2.64396667,0.04882812
1.48512459,515,3.09953498,-1.83256419,-2.76457985,-0.01220703,1.21146298,-0.00343323,3.09953573,-1.77969226,-2.77080994,-0.01296141,1.21550501,-0.00367737,3.09953498,-1.68112071,-2.97934731,-0.01564026,1.27707577,-0.00419617,-0.00488281,-0.14160156,0.28320312,-0.01464844,-0.27832031,-0.10253906,1.03416443,2.64814761,2.64396667,-0.02441406
1.50174284,520,3.09953498,-1.83599742,-2.75695046,-0.01144409,1.20574093,-0.00343323,3.09953522,-1.78309373,-2.76310961,-0.01213074,1.21013037,-0.00359331,3.09953498,-1.68302806,-2.97476967,-0.01564026,1.27249814,-0.00457764,-0.00488281,-0.13671875,0.25390625,-0.01464844,-0.27832031,-0.01464844,1.03416443,2.64815785,2.64396667,-0.04882812
1.51607347,525,3.09953498,-1.83904917,-2.74970253,-0.01068115,1.20078183,-0.00381470,3.09953506,-1.78630061,-2.75535602,-0.01122647,1.20469526,-0.00361080,3.09953498,-1.68531687,-2.97057350,-0.01564026,1.26753903,-0.00457764,-0.00488281,-0.15625000,0.29785156,0.00000000,-0.33691406,-0.01464844,1.03416443,2.64816121,2.64396667,0.00000000
1.53069854,530,3.09953498,-1.84171946,-2.74283608,-0.00991821,1.19467831,-0.00381470,3.09953500,-1.78925659,-2.74810658,-0.01046604,1.19900949,-0.00367757,3.09953498,-1.68760569,-2.96637734,-0.01564026,1.26257992,-0.00457764,-0.00488281,-0.15136719,0.30273438,0.00000000,-0.33691406,-0.02929688,1.03416443,2.64816231,2.64434814,-0.02441406
1.54344487,535,3.09953498,-1.84438975,-2.73558815,-0.00915527,1.18895627,-0.00343323,3.09953499,-1.79199852,-2.74085328,-0.00983527,1.19322414,-0.00369347,3.09953498,-1.68913157,-2.96218117,-0.01564026,1.25838376,-0.00457764,0.00000000,-0.13671875,0.30273438,-0.01464844,-0.27832031,-0.01464844,1.03454590,2.64841291,2.64434814,-0.02441406
1.55728960,540,3.09953498,-1.84629710,-2.73101052,-0.00877380,1.18552304,-0.00381470,3.09953498,-1.79443765,-2.73489985,-0.00924077,1.18852896,-0.00374372,3.09953498,-1.69103892,-2.95874794,-0.01564026,1.25495053,-0.00457764,-0.00488281,-0.14648438,0.29785156,-0.01464844,-0.26367188,-0.02929688,1.03454590,2.64851944,2.64434814,-0.02441406
1.57260656,545,3.09953498,-1.85125621,-2.72071083,-0.00839233,1.17674923,-0.00381470,3.09953498,-1.79789132,-2.72709809,-0.00867035,1.18199496,-0.00379144,3.09953498,-1.69332774,-2.95493325,-0.01525879,1.24922848,-0.00457764,-0.00488281,-0.15625000,0.28320312,-0.01464844,-0.38085938,-0.01464844,1.03454590,2.64879263,2.64434814,-0.04882812
1.58689070,550,3.09953498,-1.85430796,-2.71231850,-0.00801086,1.16950131,-0.00381470,3.09953498,-1.80113581,-2.71942759,-0.00822696,1.17561085,-0.00371919,3.09953498,-1.69561656,-2.94882973,-0.01487732,1.24274350,-0.00457764,-0.00488281,-0.13183594,0.29785156,0.01464844,-0.36621094,-0.01464844,1.03454590,2.64888215,2.64434814,-0.07324219
1.59910345,555,3.09953498,-1.85697825,-2.70583351,-0.00801086,1.16416073,-0.00343323,3.09953498,-1.80424474,-2.71176312,-0.00808168,1.16924718,-0.00363679,3.09953498,-1.69714244,-2.94577797,-0.01487732,1.23931027,-0.00457764,-0.00976562,-0.14160156,0.31250000,-0.01464844,-0.23437500,-0.01464844,1.03454590,2.64891148,2.64472961,0.00000000
1.61360264,560,3.09953498,-1.86041148,-2.69820412,-0.00762939,1.15729428,-0.00343323,3.09953498,-1.80714104,-2.70469352,-0.00780885,1.16297565,-0.00349993,3.09953498,-1.69904978,-2.94196328,-0.01449585,1.23549557,-0.00457764,0.00000000,-0.14160156,0.27832031,0.02929688,-0.32226562,-0.01464844,1.03454590,2.64882344,2.64472961,0.00000000
1.62628984,565,3.09953498,-1.86308177,-2.69210060,-0.00762939,1.15233517,-0.00343323,3.09953498,-1.81026771,-2.69779736,-0.00768820,1.15714167,-0.00345509,3.09953498,-1.70095713,-2.93814858,-0.01449585,1.23091794,-0.00457764,-0.00488281,-0.16601562,0.35156250,-0.01464844,-0.38085938,0.00000000,1.03454590,2.64889225,2.64472961,-0.02441406
1.64111972,570,3.09953498,-1.86651499,-2.68561562,-0.00724792,1.14737607,-0.00343323,3.09953498,-1.81360830,-2.69086026,-0.00739219,1.15136707,-0.00344039,3.09953498,-1.70324595,-2.93280800,-0.01449585,1.22405148,-0.00457764,-0.00488281,-0.16601562,0.34179688,0.00000000,-0.42480469,-0.02929688,1.03454590,2.64891479,2.64472961,-0.02441406
1.65410471,575,3.09953498,-1.86956675,-2.67951210,-0.00724792,1.14241696,-0.00343323,3.09953498,-1.81675470,-2.68433272,-0.00729520,1.14613098,-0.00343557,3.09953498,-1.70515330,-2.92823037,-0.01411438,1.21871090,-0.00457764,-0.00488281,-0.13671875,0.29785156,0.01464844,-0.39550781,-0.01464844,1.03454590,2.64884406,2.64472961,0.00000000
1.66962147,580,3.09953498,-1.87338145,-2.67150124,-0.00724792,1.13555050,-0.00343323,3.09953498,-1.81995051,-2.67781914,-0.00726342,1.14076898,-0.00346525,3.09953498,-1.70706065,-2.92403420,-0.01373291,1.21451474,-0.00457764,-0.00488281,-0.13671875,0.32714844,-0.01464844,-0.30761719,-0.01464844,1.03454590,2.64889900,2.64511108,-0.02441406
1.68274879,585,3.09953498,-1.87643321,-2.66501625,-0.00724792,1.13135434,-0.00343323,3.09953498,-1.82322037,-2.67098152,-0.00725300,1.13562829,-0.00344372,3.09953498,-1.70896800,-2.91983803,-0.01373291,1.20917416,-0.00457764,-0.00488281,-0.13671875,0.33203125,0.01464844,-0.41015625,0.00000000,1.03454590,2.64891701,2.64511108,0.00000000
1.69766426,590,3.09953498,-1.88024790,-2.65891274,-0.00724792,1.12677670,-0.00343323,3.09953498,-1.82662509,-2.66448170,-0.00724959,1.13068061,-0.00343667,3.09953498,-1.71163829,-2.91411599,-0.01296997,1.20230771,-0.00457764,0.00000000,-0.16113281,0.33691406,0.02929688,-0.39550781,-0.01464844,1.03454590,2.64892291,2.64511108,-0.02441406
1.71349716,595,3.09953498,-1.88406260,-2.65166481,-0.00724792,1.12334347,-0.00343323,3.09953498,-1.83046364,-2.65761074,-0.00724847,1.12656997,-0.00343435,3.09953498,-1.71430857,-2.90839394,-0.01220703,1.19620419,-0.00457764,-0.00976562,-0.15625000,0.33203125,0.04394531,-0.35156250,0.00000000,1.03416443,2.64877225,2.64511108,-0.02441406
1.72825956,600,3.09953498,-1.88749583,-2.64632424,-0.00724792,1.11952878,-0.00343323,3.09953498,-1.83418301,-2.65121156,-0.00724810,1.12260654,-0.00354346,3.09953498,-1.71621592,-2.90381630,-0.01144409,1.19162655,-0.00457764,-0.00488281,-0.14648438,0.35156250,0.02929688,-0.33691406,-0.02929688,1.03416443,2.64860081,2.64511108,-0.02441406
1.73999286,605,3.09953498,-1.89054759,-2.64060219,-0.00724792,1.11685849,-0.00343323,3.09953498,-1.83754142,-2.64529351,-0.00720892,1.11927424,-0.00356163,3.09953498,-1.71812327,-2.90000161,-0.01106262,1.18743039,-0.00457764,-0.00976562,-0.15136719,0.33691406,0.00000000,-0.30761719,-0.01464844,1.03416443,2.64856905,2.64511108,-0.02441406
1.75375819,610,3.09953498,-1.89398081,-2.63526162,-0.00724792,1.11495114,-0.00343323,3.09953498,-1.84063324,-2.64004154,-0.00723514,1.11699761,-0.00352413,3.09953498,-1.72041209,-2.89504250,-0.01068115,1.18247128,-0.00457764,0.00000000,-0.15625000,0.32714844,0.02929688,-0.32226562,-0.01464844,1.03454590,2.64880889,2.64511108,-0.02441406
1.76803017,615,3.09953498,-1.89703257,-2.63068398,-0.00724792,1.11228085,-0.00381470,3.09953498,-1.84398816,-2.63490945,-0.00724374,1.11437771,-0.00363159,3.09953498,-1.72270091,-2.89008339,-0.01106262,1.17827511,-0.00457764,-0.00488281,-0.17089844,0.36621094,-0.02929688,-0.30761719,-0.01464844,1.03454590,2.64888748,2.64549255,-0.02441406
1.78144026,620,3.09953498,-1.90046580,-2.62534340,-0.00724792,1.11037350,-0.00381470,3.09953498,-1.84742259,-2.62950486,-0.00724655,1.11199859,-0.00368439,3.09953498,-1.72498973,-2.88512429,-0.01106262,1.17255307,-0.00457764,-0.00488281,-0.18066406,0.37597656,-0.01464844,-0.38085938,-0.01464844,1.03454590,2.64891323,2.64549255,0.00000000
1.79447246,625,3.09953498,-1.90351756,-2.62000283,-0.00724792,1.10808468,-0.00381470,3.09953498,-1.85077991,-2.62415112,-0.00724748,1.10979932,-0.00365286,3.09953498,-1.72727854,-2.88054665,-0.01068115,1.16797543,-0.00457764,-0.00488281,-0.17089844,0.33691406,-0.01464844,-0.33691406,-0.01464844,1.03454590,2.64892167,2.64549255,-0.02441406
1.80754113,630,3.09953498,-1.90695079,-2.61466225,-0.00724792,1.10579587,-0.00343323,3.09953498,-1.85396757,-2.61891707,-0.00724778,1.10756133,-0.00353645,3.09953498,-1.72918589,-2.87673195,-0.01068115,1.16454220,-0.00457764,-0.00488281,-0.16113281,0.31738281,0.00000000,-0.23437500,0.00000000,1.03454590,2.64892443,2.64549255,-0.02441406
1.82342553,635,3.09953498,-1.91076548,-2.60779579,-0.00724792,1.10274411,-0.00343323,3.09953498,-1.85738832,-2.61314412,-0.00724788,1.10500523,-0.00357691,3.09953498,-1.73185618,-2.87139138,-0.01068115,1.16072751,-0.00457764,-0.00488281,-0.17578125,0.36132812,-0.02929688,-0.21972656,-0.01464844,1.03454590,2.64892534,2.64549255,-0.04882812
1.83694220,640,3.09953498,-1.91419871,-2.60207375,-0.00724792,1.10045529,-0.00343323,3.09953498,-1.86081746,-2.60701379,-0.00724791,1.10248821,-0.00354135,3.09953498,-1.73414500,-2.86719521,-0.01068115,1.15691281,-0.00419617,-0.00488281,-0.18066406,0.35156250,0.00000000,-0.26367188,0.00000000,1.03416443,2.64877305,2.64549255,-0.07324219
1.85186863,645,3.09953498,-1.91763194,-2.59597023,-0.00724792,1.09740353,-0.00343323,3.09953498,-1.86432942,-2.60111145,-0.00724792,1.09971177,-0.00357852,3.09953498,-1.73681529,-2.86147316,-0.01068115,1.15271664,-0.00457764,-0.00976562,-0.19042969,0.35156250,-0.01464844,-0.26367188,0.00000000,1.03454590,2.64879761,2.64587402,0.00000000
1.86664867,650,3.09915351,-1.92144664,-2.58910378,-0.00724792,1.09397030,-0.00343323,3.09939765,-1.86806250,-2.59468396,-0.00724792,1.09663438,-0.00359998,3.09953498,-1.73948558,-2.85727700,-0.01029968,1.14813901,-0.00457764,-0.00488281,-0.17089844,0.35156250,0.00000000,-0.29296875,-0.01464844,1.03454590,2.64882128,2.64587402,0.00000000
1.87960410,655,3.09915351,-1.92411692,-2.58376320,-0.00724792,1.09168149,-0.00343323,3.09923351,-1.87118260,-2.58869767,-0.00724792,1.09406568,-0.00348787,3.09953498,-1.74177439,-2.85117348,-0.01029968,1.14356137,-0.00457764,-0.00976562,-0.17578125,0.36621094,-0.01464844,-0.35156250,0.00000000,1.03454590,2.64879388,2.64587402,0.00000000
1.89472938,660,3.09877204,-1.92716868,-2.57765969,-0.00724792,1.08977414,-0.00343323,3.09892325,-1.87423771,-2.58274732,-0.00724792,1.09176144,-0.00349996,3.09953498,-1.74444468,-2.84621437,-0.01029968,1.13936520,-0.00457764,-0.00488281,-0.16601562,0.36132812,0.00000000,-0.23437500,0.00000000,1.03454590,2.64888256,2.64587402,-0.02441406
1.90855002,665,3.09839057,-1.92983897,-2.57270058,-0.00724792,1.08786679,-0.00343323,3.09856512,-1.87732560,-2.57688234,-0.00729675,1.08951262,-0.00345509,3.09953498,-1.74673350,-2.84125527,-0.01029968,1.13631344,-0.00419617,-0.00488281,-0.18554688,0.35644531,-0.01464844,-0.17578125,0.00000000,1.03454590,2.64891162,2.64587402,-0.02441406
1.92062306,670,3.09762763,-1.93250926,-2.56697853,-0.00724792,1.08557797,-0.00343323,3.09808521,-1.88003898,-2.57137128,-0.00726392,1.08733065,-0.00344039,3.09953498,-1.74902232,-2.83667763,-0.01029968,1.13402463,-0.00457764,-0.00488281,-0.18554688,0.35156250,-0.01464844,-0.20507812,-0.02929688,1.03454590,2.64892114,2.64587402,0.00000000
1.93538666,675,3.09762763,-1.93479808,-2.56278237,-0.00724792,1.08367062,-0.00343323,3.09777757,-1.88256067,-2.56636680,-0.00725317,1.08512971,-0.00343558,3.09953498,-1.75092967,-2.83248146,-0.00991821,1.13173581,-0.00457764,-0.00488281,-0.18554688,0.39550781,0.01464844,-0.20507812,-0.01464844,1.03454590,2.64892426,2.64587402,-0.02441406
1.94982028,680,3.09724616,-1.93708689,-2.55629738,-0.00724792,1.08100033,-0.00305176,3.09753943,-1.88492580,-2.56094849,-0.00724964,1.08293450,-0.00317753,3.09953498,-1.75398143,-2.82714089,-0.00991821,1.12868405,-0.00457764,-0.00976562,-0.18554688,0.38085938,0.00000000,-0.16113281,0.00000000,1.03454590,2.64886278,2.64587402,-0.04882812
1.96299338,685,3.09686469,-1.93937571,-2.55171974,-0.00724792,1.07947445,-0.00228882,3.09715610,-1.88727868,-2.55552800,-0.00724849,1.08082895,-0.00269917,3.09953498,-1.75665171,-2.82180031,-0.00991821,1.12525082,-0.00457764,0.00000000,-0.19042969,0.35156250,-0.01464844,-0.23437500,-0.02929688,1.03454590,2.64890514,2.64625549,-0.02441406
1.97862101,690,3.09610175,-1.94166453,-2.54561623,-0.00724792,1.07756711,-0.00076294,3.09665866,-1.88953966,-2.55014537,-0.00724811,1.07908565,-0.00172797,3.09953498,-1.75894053,-2.81722267,-0.00991821,1.12067318,-0.00457764,-0.00976562,-0.20019531,0.34667969,0.00000000,-0.33691406,0.00000000,1.03416443,2.64846858,2.64625549,0.00000000
1.99153280,695,3.09533881,-1.94319041,-2.54065712,-0.00724792,1.07680417,0.00000000,3.09602179,-1.89135525,-2.54510998,-0.00724799,1.07770215,-0.00066778,3.09953498,-1.76199229,-2.81111916,-0.00953674,1.11609555,-0.00419617,-0.00976562,-0.17578125,0.34667969,-0.01464844,-0.23437500,-0.01464844,1.03416443,2.64826303,2.64625549,-0.02441406
2.00854826,700,3.09419440,-1.94471629,-2.53493508,-0.00724792,1.07642270,0.00000000,3.09507494,-1.89305614,-2.53950112,-0.00724794,1.07691226,-0.00021882,3.09953498,-1.76428111,-2.80692299,-0.00953674,1.11380673,-0.00419617,-0.00976562,-0.17089844,0.36132812,-0.01464844,-0.13183594,-0.01464844,1.03416443,2.64825817,2.64625549,0.00000000
2.02164578,705,3.09343146,-1.94624217,-2.53150185,-0.00724792,1.07642270,0.00000000,3.09412039,-1.89467843,-2.53474463,-0.00727918,1.07658312,-0.00007170,3.09953498,-1.76656993,-2.80234536,-0.00953674,1.11113644,-0.00419617,-0.00976562,-0.18066406,0.35644531,0.00000000,-0.17578125,0.00000000,1.03416443,2.64829174,2.64625549,-0.04882812
2.03469229,710,3.09266852,-1.94738658,-2.52577980,-0.00724792,1.07680417,0.00000000,3.09324583,-1.89611078,-2.52971300,-0.00725817,1.07655156,-0.00002350,3.09915351,-1.76962168,-2.79624184,-0.00915527,1.10961056,-0.00419617,-0.00976562,-0.19042969,0.35156250,0.01464844,-0.07324219,-0.01464844,1.03416443,2.64830273,2.64663696,0.00000000
2.04892850,715,3.09228705,-1.94738658,-2.52158364,-0.00762939,1.07680417,0.00038147,3.09263247,-1.89673052,-2.52498038,-0.00735882,1.07672139,0.00017846,3.09915351,-1.77191050,-2.79090126,-0.00877380,1.10922909,-0.00419617,-0.00976562,-0.17578125,0.36132812,0.00000000,-0.05859375,0.01464844,1.03416443,2.64827118,2.64663696,0.00000000
2.06275249,720,3.09190558,-1.94738658,-2.51700600,-0.00762939,1.07680417,0.00152588,3.09214377,-1.89693360,-2.52049111,-0.00750948,1.07677704,0.00083387,3.09915351,-1.77381785,-2.78632363,-0.00877380,1.10732174,-0.00419617,-0.00976562,-0.16601562,0.40039062,0.00000000,-0.14648438,0.00000000,1.03454590,2.64844859,2.64625549,-0.02441406
2.07895756,725,3.09152411,-1.94738658,-2.51204689,-0.00762939,1.07718564,0.00381470,3.09172716,-1.89700014,-2.51577386,-0.00755104,1.07702050,0.00231792,3.09915351,-1.77686961,-2.77983864,-0.00839233,1.10350705,-0.00381470,-0.00976562,-0.16113281,0.38085938,0.00000000,-0.17578125,0.00000000,1.03416443,2.64825647,2.64663696,-0.02441406
2.09261203,730,3.09114264,-1.94738658,-2.50785073,-0.00762939,1.07794858,0.00534058,3.09133418,-1.89702195,-2.51129219,-0.00760372,1.07754290,0.00406837,3.09915351,-1.77839549,-2.77678688,-0.00839233,1.10121823,-0.00381470,-0.00976562,-0.16113281,0.34667969,0.00000000,-0.17578125,0.00000000,1.03416443,2.64819352,2.64663696,-0.02441406
2.10817099,735,3.09114264,-1.94738658,-2.50365456,-0.00801086,1.07871152,0.00724792,3.09120540,-1.89702909,-2.50720804,-0.00769728,1.07814841,0.00576611,3.09877204,-1.78106578,-2.77106484,-0.00801086,1.09740353,-0.00305176,-0.00976562,-0.16601562,0.32714844,-0.02929688,-0.23437500,0.02929688,1.03416443,2.64817290,2.64663696,-0.02441406
2.12105870,740,3.09114264,-1.94738658,-2.50022133,-0.00801086,1.07871152,0.00877380,3.09116321,-1.89703143,-2.50319335,-0.00790811,1.07852700,0.00750650,3.09877204,-1.78335459,-2.76572426,-0.00801086,1.09435177,-0.00228882,-0.01464844,-0.16113281,0.35644531,-0.01464844,-0.19042969,0.07324219,1.03416443,2.64816614,2.64663696,0.00000000
2.13335228,745,3.09114264,-1.94700511,-2.49678810,-0.00839233,1.07909298,0.01068115,3.09114938,-1.89684604,-2.49961842,-0.00820241,1.07876641,0.00913014,3.09877204,-1.78564341,-2.76114662,-0.00801086,1.09320736,-0.00076294,-0.00976562,-0.17089844,0.36621094,0.00000000,-0.07324219,0.02929688,1.03416443,2.64816392,2.64663696,-0.02441406
2.14893866,750,3.09114264,-1.94662364,-2.49182900,-0.00915527,1.07871152,0.01258850,3.09114485,-1.89663869,-2.49551376,-0.00869265,1.07879054,0.01110321,3.09839057,-1.78793223,-2.75695046,-0.00762939,1.09244443,-0.00076294,-0.01953125,-0.15136719,0.34179688,0.00000000,-0.00000000,0.00000000,1.03416443,2.64816320,2.64663696,0.00000000
2.16290426,755,3.09114264,-1.94662364,-2.48725136,-0.00991821,1.07871152,0.01411438,3.09114337,-1.89639056,-2.49112089,-0.00930519,1.07873741,0.01279711,3.09839057,-1.78983958,-2.75084694,-0.00762939,1.09244443,-0.00076294,-0.01464844,-0.15136719,0.35156250,-0.01464844,-0.01464844,0.00000000,1.03416443,2.64816296,2.64701843,0.00000000
2.17819619,760,3.09114264,-1.94624217,-2.48305519,-0.01068115,1.07871152,0.01487732,3.09114288,-1.89608404,-2.48654973,-0.01012872,1.07872000,0.01409412,3.09800910,-1.79212840,-2.74588784,-0.00762939,1.09206296,0.00000000,-0.01464844,-0.16601562,0.35156250,0.00000000,0.01464844,0.01464844,1.03416443,2.64816288,2.64663696,0.02441406
2.19329000,765,3.09114264,-1.94624217,-2.47771462,-0.01106262,1.07871152,0.01487732,3.09114272,-1.89595235,-2.48172006,-0.01068629,1.07871430,0.01462068,3.09800910,-1.79441722,-2.74092873,-0.00762939,1.09168149,0.00076294,-0.01464844,-0.12695312,0.37597656,-0.02929688,-0.02929688,0.04394531,1.03416443,2.64816285,2.64663696,-0.02441406
2.20729327,770,3.09114264,-1.94624217,-2.47313698,-0.01106262,1.07871152,0.01487732,3.09114267,-1.89590920,-2.47673366,-0.01093930,1.07871243,0.01479322,3.09800910,-1.79594310,-2.73558815,-0.00762939,1.09091855,0.00190735,-0.01953125,-0.13183594,0.35644531,-0.02929688,-0.04394531,0.07324219,1.03416443,2.64816285,2.64663696,-0.02441406
2.22120643,775,3.09076117,-1.94624217,-2.46817787,-0.01144409,1.07833005,0.01487732,3.09088618,-1.89594388,-2.47213573,-0.01115954,1.07863552,0.01484976,3.09762763,-1.79823191,-2.73062905,-0.00762939,1.08977414,0.00267029,-0.03417969,-0.13183594,0.32714844,-0.01464844,-0.07324219,0.04394531,1.03454590,2.64831543,2.64701843,-0.02441406
2.23771787,780,3.09076117,-1.94662364,-2.46360024,-0.01144409,1.07833005,0.01487732,3.09080214,-1.89603154,-2.46737859,-0.01135085,1.07843014,0.01486829,3.09724616,-1.80013926,-2.72528847,-0.00762939,1.08824826,0.00305176,-0.01464844,-0.12695312,0.33203125,-0.01464844,-0.08789062,0.00000000,1.03416443,2.64831050,2.64701843,0.00000000
2.25082183,785,3.09076117,-1.94662364,-2.45978554,-0.01144409,1.07833005,0.01487732,3.09077460,-1.89619162,-2.46299531,-0.01141354,1.07836285,0.01487436,3.09724616,-1.80204661,-2.72071083,-0.00801086,1.08672238,0.00381470,-0.00488281,-0.14648438,0.37597656,-0.02929688,-0.08789062,0.02929688,1.03416443,2.64821123,2.64701843,-0.02441406
2.26547956,790,3.09076117,-1.94662364,-2.45482643,-0.01144409,1.07794858,0.01487732,3.09076557,-1.89624407,-2.45841630,-0.01143408,1.07820346,0.01487635,3.09724616,-1.80395396,-2.71498879,-0.00801086,1.08634091,0.00457764,-0.00976562,-0.12695312,0.35644531,-0.04394531,-0.01464844,0.07324219,1.03416443,2.64817870,2.64701843,0.00000000
2.27929187,795,3.09037970,-1.94662364,-2.45101174,-0.01144409,1.07756711,0.01487732,3.09050614,-1.89626126,-2.45423982,-0.01144081,1.07780688,0.01487700,3.09724616,-1.80547984,-2.71079262,-0.00801086,1.08595944,0.00648499,-0.00976562,-0.12207031,0.33691406,-0.02929688,0.01464844,0.14648438,1.03416443,2.64816804,2.64701843,0.00000000
2.29496646,800,3.08923529,-1.94662364,-2.44567116,-0.01144409,1.07680417,0.01487732,3.08979235,-1.89626689,-2.44928167,-0.01144302,1.07720305,0.01487722,3.09686469,-1.80776866,-2.70468911,-0.00801086,1.08519650,0.00801086,-0.00976562,-0.13183594,0.34179688,-0.02929688,-0.04394531,0.01464844,1.03416443,2.64816454,2.64701843,-0.02441406
2.30990529,805,3.08770941,-1.94662364,-2.44033058,-0.01106262,1.07642270,0.01487732,3.08872252,-1.89626873,-2.44436475,-0.01130641,1.07679754,0.01487729,3.09686469,-1.80967601,-2.69973000,-0.00801086,1.08519650,0.00801086,-0.00976562,-0.11718750,0.34667969,0.00000000,-0.01464844,-0.01464844,1.03416443,2.64816340,2.64701843,-0.02441406
2.32484698,810,3.08694648,-1.94662364,-2.43689736,-0.01106262,1.07565976,0.01487732,3.08767884,-1.89626934,-2.44018509,-0.01114251,1.07618298,0.01487731,3.09686469,-1.81120188,-2.69477089,-0.00801086,1.08519650,0.00877380,-0.01953125,-0.10742188,0.36621094,-0.01464844,0.01464844,0.01464844,1.03416443,2.64816302,2.64739990,-0.04882812
2.33922887,815,3.08618354,-1.94662364,-2.43193825,-0.01106262,1.07489682,0.01487732,3.08670477,-1.89626954,-2.43564009,-0.01108880,1.07543741,0.01487732,3.09648322,-1.81310923,-2.68943032,-0.00801086,1.08443356,0.00991821,-0.01953125,-0.11230469,0.37109375,-0.01464844,-0.02929688,0.07324219,1.03416443,2.64816290,2.64739990,0.00000000
2.35366249,820,3.08580207,-1.94662364,-2.42850502,-0.01106262,1.07451535,0.01487732,3.08612911,-1.89626960,-2.43173269,-0.01107120,1.07499766,0.01487732,3.09648322,-1.81463511,-2.68523415,-0.00839233,1.08405209,0.01029968,-0.01464844,-0.12695312,0.34179688,-0.02929688,-0.02929688,0.01464844,1.03416443,2.64816286,2.64701843,-0.02441406
2.36753178,825,3.08542060,-1.94662364,-2.42507180,-0.01144409,1.07413388,0.01487732,3.08565276,-1.89626962,-2.42788823,-0.01132190,1.07448724,0.01487732,3.09610175,-1.81577952,-2.68141945,-0.00877380,1.08405209,0.01029968,-0.01953125,-0.12695312,0.34667969,-0.02929688,0.01464844,0.00000000,1.03416443,2.64810035,2.64739990,0.00000000
2.38363123,830,3.08503913,-1.94662364,-2.42163857,-0.01182556,1.07375241,0.01487732,3.08535934,-1.89626963,-2.42419866,-0.01148035,1.07402445,0.01487732,3.09610175,-1.81768687,-2.67531594,-0.00915527,1.08405209,0.01029968,-0.02441406,-0.11718750,0.36132812,-0.04394531,-0.00000000,0.00000000,1.03416443,2.64814236,2.64701843,-0.02441406
2.39899015,835,3.08465766,-1.94662364,-2.41782387,-0.01220703,1.07375241,0.01487732,3.08491884,-1.89626963,-2.42062663,-0.01189860,1.07384155,0.01487732,3.09572028,-1.81921275,-2.66997536,-0.00953674,1.08290768,0.01029968,-0.02929688,-0.10742188,0.37109375,-0.04394531,-0.05859375,-0.01464844,1.03416443,2.64803406,2.64739990,-0.04882812
2.41039181,840,3.08427619,-1.94662364,-2.41515358,-0.01296997,1.07375241,0.01487732,3.08448677,-1.89626963,-2.41746701,-0.01236842,1.07378162,0.01487732,3.09533881,-1.82073863,-2.66501625,-0.00953674,1.08214474,0.01068115,-0.01464844,-0.09765625,0.32226562,-0.02929688,-0.02929688,0.00000000,1.03416443,2.64793607,2.64739990,-0.02441406
2.42751646,845,3.08389472,-1.94662364,-2.41210183,-0.01449585,1.07375241,0.01525879,3.08411997,-1.89626963,-2.41439895,-0.01352920,1.07376198,0.01501465,3.09495734,-1.82226451,-2.66005715,-0.00991821,1.08138180,0.01106262,-0.01464844,-0.08300781,0.31250000,-0.05859375,-0.07324219,0.00000000,1.03416443,2.64808853,2.64739990,0.00000000
2.44149160,850,3.08313178,-1.94662364,-2.40905007,-0.01602173,1.07375241,0.01564026,3.08352590,-1.89626963,-2.41125250,-0.01499355,1.07375554,0.01531612,3.09495734,-1.82340892,-2.65547951,-0.01068115,1.07985592,0.01106262,-0.01464844,-0.12207031,0.35156250,-0.04394531,-0.08789062,0.00000000,1.03416443,2.64795392,2.64739990,-0.02441406
2.45441961,855,3.08236884,-1.94662364,-2.40676125,-0.01602173,1.07375241,0.01564026,3.08277924,-1.89626963,-2.40877493,-0.01568482,1.07375344,0.01553404,3.09457587,-1.82455332,-2.65166481,-0.01068115,1.07871152,0.01106262,-0.03417969,-0.09765625,0.33203125,-0.01464844,-0.10253906,0.00000000,1.03378296,2.64774160,2.64739990,0.00000000
2.46906924,860,3.08084296,-1.94662364,-2.40409096,-0.01640320,1.07375241,0.01564026,3.08180800,-1.89626963,-2.40623811,-0.01598762,1.07375275,0.01560545,3.09457587,-1.82646067,-2.64632424,-0.01068115,1.07756711,0.01106262,-0.00976562,-0.08789062,0.31250000,-0.02929688,-0.02929688,-0.01464844,1.03416443,2.64780508,2.64739990,0.00000000
2.48313236,865,3.08008002,-1.94662364,-2.40180214,-0.01678467,1.07375241,0.01564026,3.08079664,-1.89626963,-2.40383677,-0.01645318,1.07375252,0.01562885,3.09457587,-1.82760508,-2.64212807,-0.01068115,1.07718564,0.01144409,-0.01464844,-0.10253906,0.33203125,0.00000000,-0.00000000,0.00000000,1.03378296,2.64763033,2.64739990,-0.02441406
2.49666834,870,3.07969855,-1.94662364,-2.39989479,-0.01716614,1.07375241,0.01564026,3.08005837,-1.89626963,-2.40165769,-0.01686220,1.07375244,0.01563652,3.09419440,-1.82913096,-2.63793190,-0.01068115,1.07718564,0.01144409,-0.01464844,-0.11718750,0.32714844,-0.01464844,-0.00000000,0.00000000,1.03378296,2.64755353,2.64739990,-0.02441406
2.51223874,875,3.07931708,-1.94624217,-2.39760598,-0.01945496,1.07375241,0.01640320,3.07955999,-1.89619334,-2.39948345,-0.01816542,1.07375242,0.01597180,3.09381293,-1.83065684,-2.63373574,-0.01068115,1.07680417,0.01182556,-0.02929688,-0.11230469,0.29785156,-0.02929688,-0.00000000,0.01464844,1.03378296,2.64745024,2.64739990,-0.02441406
2.52668428,880,3.07931708,-1.94662364,-2.39569863,-0.02212524,1.07337094,0.01754761,3.07939668,-1.89615674,-2.39733972,-0.02028619,1.07353501,0.01674951,3.09343146,-1.83218272,-2.62801369,-0.01068115,1.07718564,0.01220703,-0.03417969,-0.08789062,0.31250000,-0.01464844,0.01464844,0.02929688,1.03378296,2.64741640,2.64739990,-0.04882812
2.54011536,885,3.07931708,-1.94662364,-2.39379128,-0.02479553,1.07337094,0.02021790,3.07934316,-1.89623264,-2.39544280,-0.02263969,1.07342470,0.01852229,3.09343146,-1.83332713,-2.62419899,-0.01106262,1.07680417,0.01258850,-0.01953125,-0.08300781,0.33691406,-0.02929688,-0.00000000,0.04394531,1.03378296,2.64704496,2.64778137,0.00000000
2.55391645,890,3.07931708,-1.94662364,-2.39226540,-0.02822876,1.07337094,0.02365112,3.07932563,-1.89625751,-2.39375628,-0.02555602,1.07338856,0.02109795,3.09304999,-1.83447154,-2.61962136,-0.01182556,1.07680417,0.01449585,-0.02441406,-0.08789062,0.30273438,-0.07324219,-0.00000000,0.13183594,1.03340149,2.64689272,2.64739990,-0.02441406
2.56911945,895,3.07931708,-1.94662364,-2.39073952,-0.03166199,1.07337094,0.02670288,3.07931988,-1.89626566,-2.39198782,-0.02894244,1.07337671,0.02421782,3.09266852,-1.83523448,-2.61580666,-0.01220703,1.07680417,0.01678467,-0.03417969,-0.05859375,0.29785156,-0.05859375,-0.00000000,0.13183594,1.03340149,2.64698347,2.64778137,0.00000000
2.58198690,900,3.07931708,-1.94662364,-2.38959511,-0.03395081,1.07375241,0.02861023,3.07931800,-1.89626833,-2.39052954,-0.03200888,1.07359805,0.02690139,3.09228705,-1.83599742,-2.61199196,-0.01335144,1.07642270,0.01792908,-0.01464844,-0.09277344,0.31738281,-0.11718750,-0.00000000,0.08789062,1.03378296,2.64708766,2.64778137,-0.02441406
2.59509492,905,3.07931708,-1.94662364,-2.38806923,-0.03700256,1.07375241,0.03051758,3.07931738,-1.89623014,-2.38906488,-0.03481496,1.07370183,0.02914317,3.09228705,-1.83752330,-2.60741433,-0.01525879,1.07565976,0.01792908,-0.01953125,-0.08300781,0.29785156,-0.13183594,-0.04394531,-0.01464844,1.03340149,2.64696043,2.64739990,0.00000000
2.60990095,910,3.07931708,-1.94662364,-2.38692482,-0.03967285,1.07375241,0.03128052,3.07926835,-1.89622544,-2.38784678,-0.03750827,1.07373583,0.03039998,3.09228705,-1.83828623,-2.60398110,-0.01678467,1.07565976,0.01831055,-0.01953125,-0.10742188,0.31738281,-0.14648438,0.02929688,-0.01464844,1.03340149,2.64704081,2.64778137,-0.02441406
2.62696457,915,3.07931708,-1.94624217,-2.38539894,-0.04348755,1.07375241,0.03242493,3.07930111,-1.89611782,-2.38642175,-0.04097699,1.07374698,0.03157194,3.09190558,-1.84019358,-2.59825905,-0.01907349,1.07604123,0.01869202,-0.02441406,-0.10253906,0.28808594,-0.11718750,0.04394531,0.00000000,1.03340149,2.64696949,2.64739990,-0.04882812
2.64277196,920,3.07931708,-1.94624217,-2.38387307,-0.04692078,1.07375241,0.03471375,3.07931185,-1.89603373,-2.38489767,-0.04448288,1.07375063,0.03334439,3.09152411,-1.84133799,-2.59406288,-0.01983643,1.07527829,0.01869202,-0.01953125,-0.08300781,0.28320312,-0.08789062,-0.05859375,0.00000000,1.03378296,2.64718074,2.64739990,-0.02441406
2.65782619,925,3.07931708,-1.94624217,-2.38234719,-0.04997253,1.07375241,0.03700256,3.07931537,-1.89598469,-2.38355256,-0.04749107,1.07375183,0.03504262,3.09114264,-1.84248240,-2.58910378,-0.02174377,1.07489682,0.01945496,-0.03417969,-0.07812500,0.28808594,-0.11718750,-0.01464844,0.04394531,1.03340149,2.64687765,2.64739990,-0.02441406
2.67007732,930,3.07931708,-1.94662364,-2.38120278,-0.05264282,1.07375241,0.03929138,3.07931652,-1.89599609,-2.38225449,-0.05034239,1.07375222,0.03728684,3.09076117,-1.84362681,-2.58528908,-0.02288818,1.07527829,0.02021790,-0.02929688,-0.08789062,0.28808594,-0.10253906,0.04394531,0.02929688,1.03340149,2.64677833,2.64739990,-0.02441406
2.68460727,935,3.07931708,-1.94662364,-2.37967690,-0.05645752,1.07375241,0.04196167,3.07931690,-1.89599982,-2.38085209,-0.05357334,1.07375235,0.03999769,3.09076117,-1.84438975,-2.58261879,-0.02441406,1.07527829,0.02136230,-0.01464844,-0.06347656,0.26367188,-0.14648438,-0.00000000,0.10253906,1.03340149,2.64680536,2.64739990,-0.04882812
2.69995761,940,3.07931708,-1.94624217,-2.37853249,-0.05912781,1.07375241,0.04348755,3.07931702,-1.89592475,-2.37954306,-0.05674424,1.07375239,0.04206225,3.09037970,-1.84553416,-2.57765969,-0.02784729,1.07489682,0.02288818,-0.01464844,-0.07324219,0.27832031,-0.20507812,-0.00000000,0.02929688,1.03340149,2.64669214,2.64778137,-0.02441406
2.71366453,945,3.07931708,-1.94624217,-2.37738808,-0.06141663,1.07337094,0.04653931,3.07931706,-1.89590015,-2.37828368,-0.05956478,1.07367611,0.04451318,3.09037970,-1.84629710,-2.57384499,-0.03051758,1.07451535,0.02365112,-0.00976562,-0.05859375,0.26855469,-0.14648438,-0.01464844,0.07324219,1.03340149,2.64665504,2.64739990,-0.04882812
2.72758245,950,3.07931708,-1.94624217,-2.37624367,-0.06256104,1.07337094,0.04959106,3.07931707,-1.89589209,-2.37712357,-0.06136780,1.07365111,0.04732412,3.08999823,-1.84744151,-2.57079323,-0.03128052,1.07451535,0.02517700,-0.03417969,-0.08300781,0.27832031,-0.11718750,0.01464844,0.16113281,1.03340149,2.64664289,2.64778137,0.00000000
2.74089289,955,3.07931708,-1.94624217,-2.37586220,-0.06370544,1.07337094,0.05073547,3.07931708,-1.89588945,-2.37630678,-0.06274999,1.07346275,0.04933590,3.08999823,-1.84820445,-2.56736000,-0.03395081,1.07451535,0.02670288,-0.01464844,-0.05859375,0.24902344,-0.16113281,0.02929688,0.01464844,1.03340149,2.64663890,2.64739990,0.00000000
2.75758815,960,3.07931708,-1.94586070,-2.37548073,-0.06523132,1.07375241,0.05226135,3.07931708,-1.89566337,-2.37578266,-0.06417556,1.07356960,0.05113087,3.08961676,-1.84934886,-2.56316384,-0.03662109,1.07451535,0.02784729,-0.00976562,-0.07812500,0.26367188,-0.24902344,0.01464844,0.05859375,1.03340149,2.64663760,2.64739990,-0.04882812
2.77185631,965,3.07931708,-1.94471629,-2.37509926,-0.06675720,1.07375241,0.05340576,3.07931708,-1.89493901,-2.37539351,-0.06562951,1.07369251,0.05248015,3.08961676,-1.85011180,-2.55934914,-0.03967285,1.07375241,0.02975464,-0.01464844,-0.05371094,0.26367188,-0.16113281,-0.01464844,0.13183594,1.03340149,2.64663717,2.64739990,-0.02441406
2.78542638,970,3.07931708,-1.94433482,-2.37509926,-0.06752014,1.07375241,0.05378723,3.07931708,-1.89432605,-2.37519568,-0.06675023,1.07373278,0.05332768,3.08923529,-1.85125621,-2.55629738,-0.04119873,1.07337094,0.03089905,-0.03906250,-0.08789062,0.24414062,-0.14648438,-0.01464844,0.07324219,1.03340149,2.64663703,2.64739990,-0.02441406
2.79922462,975,3.07931708,-1.94357188,-2.37509926,-0.06790161,1.07413388,0.05531311,3.07931708,-1.89370014,-2.37513086,-0.06752433,1.07388331,0.05433196,3.08885382,-1.85201915,-2.55248268,-0.04272461,1.07375241,0.03356934,-0.02929688,-0.04882812,0.25390625,-0.11718750,0.04394531,0.19042969,1.03340149,2.64657449,2.64739990,-0.02441406
2.81324792,980,3.07931708,-1.94204600,-2.37471779,-0.06790161,1.07413388,0.05645752,3.07931708,-1.89270745,-2.37497229,-0.06777798,1.07405177,0.05549148,3.08847235,-1.85240061,-2.54981240,-0.04463196,1.07375241,0.03585815,-0.01953125,-0.05859375,0.23437500,-0.16113281,-0.00000000,0.14648438,1.03340149,2.64661649,2.64739990,-0.04882812
2.82785344,985,3.07931708,-1.94013865,-2.37471779,-0.06790161,1.07489682,0.05683899,3.07931708,-1.89114327,-2.37485001,-0.06786110,1.07450077,0.05639744,3.08847235,-1.85354502,-2.54561623,-0.04692078,1.07375241,0.03738403,-0.02441406,-0.07812500,0.24414062,-0.16113281,-0.00000000,0.02929688,1.03340149,2.64663025,2.64739990,-0.02441406
2.84161067,990,3.07931708,-1.93899424,-2.37471779,-0.06790161,1.07604123,0.05722046,3.07931708,-1.88982078,-2.37476112,-0.06788834,1.07517610,0.05677060,3.08809088,-1.85430796,-2.54294594,-0.04844666,1.07337094,0.03776550,-0.02929688,-0.05371094,0.22949219,-0.11718750,0.01464844,0.04394531,1.03340149,2.64663476,2.64739990,-0.02441406
2.85513592,995,3.07931708,-1.93746836,-2.37471779,-0.06790161,1.07680417,0.05760193,3.07931708,-1.88851194,-2.37473199,-0.06789726,1.07612029,0.05714934,3.08809088,-1.85507090,-2.53951271,-0.04920959,1.07375241,0.03852844,-0.00488281,-0.06347656,0.22949219,-0.08789062,0.02929688,0.05859375,1.03340149,2.64663624,2.64739990,0.00000000
2.87191081,1000,3.07931708,-1.93479808,-2.37471779,-0.06790161,1.07756711,0.05798340,3.07931708,-1.88640643,-2.37472244,-0.06790019,1.07697387,0.05759095,3.08809088,-1.85583384,-2.53607949,-0.04997253,1.07375241,0.04196167,-0.00488281,-0.04882812,0.22460938,-0.08789062,-0.00000000,0.20507812,1.03340149,2.64663673,2.64739990,0.00000000
2.88693142,1005,3.07931708,-1.93212779,-2.37471779,-0.06828308,1.07909298,0.05912781,3.07931708,-1.88372394,-2.37471932,-0.06797744,1.07806803,0.05829365,3.08770941,-1.85621531,-2.53264626,-0.05187988,1.07413388,0.04539490,-0.00488281,-0.05371094,0.23437500,-0.11718750,0.04394531,0.19042969,1.03340149,2.64663689,2.64739990,-0.02441406
2.90278721,1010,3.07931708,-1.92869456,-2.37471779,-0.06828308,1.08061886,0.05989075,3.07931708,-1.88065585,-2.37471829,-0.06815168,1.07956230,0.05933616,3.08770941,-1.85697825,-2.52921303,-0.05416870,1.07375241,0.04539490,-0.00976562,-0.03417969,0.21484375,-0.14648438,0.01464844,0.00000000,1.03340149,2.64663694,2.64739990,-0.02441406
2.91828609,1015,3.07931708,-1.92487986,-2.37471779,-0.06866455,1.08214474,0.06065369,3.07931708,-1.87738805,-2.37471796,-0.06849649,1.08104804,0.06004178,3.08770941,-1.85735972,-2.52616127,-0.05531311,1.07375241,0.04539490,-0.00976562,-0.03417969,0.21484375,-0.10253906,0.01464844,-0.01464844,1.03340149,2.64663695,2.64739990,0.00000000
2.93110037,1020,3.07931708,-1.92106517,-2.37471779,-0.06904602,1.08367062,0.06141663,3.07931708,-1.87389319,-2.37471785,-0.06883470,1.08234934,0.06071563,3.08770941,-1.85774119,-2.52425392,-0.05607605,1.07375241,0.04539490,-0.01464844,-0.04394531,0.21484375,-0.07324219,0.01464844,-0.01464844,1.03340149,2.64663696,2.64739990,-0.04882812
2.94502997,1025,3.07931708,-1.91801341,-2.37471779,-0.06942749,1.08481503,0.06217957,3.07931708,-1.87048529,-2.37471781,-0.06920200,1.08375658,0.06148844,3.08732795,-1.85850413,-2.52082070,-0.05645752,1.07489682,0.04653931,-0.03417969,-0.03417969,0.20507812,-0.02929688,0.08789062,0.05859375,1.03340149,2.64663696,2.64739990,-0.02441406
2.95966840,1030,3.07931708,-1.91267283,-2.37471779,-0.06980896,1.08634091,0.06446838,3.07931708,-1.86626581,-2.37471780,-0.06953976,1.08517328,0.06298166,3.08694648,-1.85888560,-2.51738747,-0.05683899,1.07604123,0.04844666,-0.01464844,-0.02441406,0.19531250,-0.04394531,0.08789062,0.05859375,1.03340149,2.64663696,2.64778137,0.00000000
2.97684884,1035,3.07931708,-1.90809519,-2.37471779,-0.06980896,1.08748532,0.06446838,3.07931708,-1.86142858,-2.37471779,-0.06978178,1.08651628,0.06398121,3.08656501,-1.85888560,-2.51433571,-0.05798340,1.07718564,0.04920959,-0.01464844,-0.01464844,0.19042969,-0.07324219,0.05859375,0.04394531,1.03340149,2.64663696,2.64739990,0.02441406
2.99093056,1040,3.07931708,-1.90275462,-2.37471779,-0.07019043,1.08901120,0.06446838,3.07931708,-1.85646974,-2.37471779,-0.07002527,1.08789435,0.06430875,3.08656501,-1.85926707,-2.51128395,-0.05950928,1.07680417,0.04997253,-0.01464844,-0.00976562,0.20019531,-0.13183594,0.01464844,0.04394531,1.03340149,2.64663696,2.64739990,-0.04882812
3.00401330,1045,3.07931708,-1.89893992,-2.37471779,-0.07019043,1.08939267,0.06446838,3.07931708,-1.85175132,-2.37471779,-0.07013631,1.08887045,0.06441607,3.08656501,-1.85926707,-2.50899514,-0.06103516,1.07718564,0.05111694,-0.01953125,-0.00488281,0.19531250,-0.11718750,0.05859375,0.07324219,1.03340149,2.64663696,2.64739990,-0.04882812
3.01792789,1050,3.07931708,-1.89321788,-2.37471779,-0.06980896,1.08977414,0.06408691,3.07931708,-1.84706176,-2.37471779,-0.07009640,1.08947802,0.06422602,3.08618354,-1.85926707,-2.50670632,-0.06217957,1.07794858,0.05302429,-0.01464844,0.00000000,0.18066406,-0.08789062,0.05859375,0.13183594,1.03340149,2.64663696,2.64739990,-0.02441406
3.03179288,1055,3.07931708,-1.88864024,-2.37471779,-0.06980896,1.08977414,0.06408691,3.07931708,-1.84233074,-2.37471779,-0.06990315,1.08967710,0.06416375,3.08618354,-1.85926707,-2.50441750,-0.06294250,1.07794858,0.05302429,-0.01464844,-0.00488281,0.18066406,-0.07324219,0.02929688,-0.01464844,1.03340149,2.64663696,2.64739990,-0.04882812
3.04844880,1060,3.07931708,-1.88291819,-2.37471779,-0.06980896,1.08939267,0.06408691,3.07931708,-1.83701596,-2.37471779,-0.06983982,1.08960501,0.06417313,3.08618354,-1.85926707,-2.50136574,-0.06370544,1.07871152,0.05340576,-0.01464844,-0.00488281,0.17089844,-0.04394531,0.04394531,0.01464844,1.03340149,2.64663696,2.64739990,-0.02441406
3.06266570,1065,3.07969855,-1.87872203,-2.37471779,-0.06942749,1.08939267,0.06446838,3.07957355,-1.83222717,-2.37471779,-0.06974278,1.08946225,0.06419146,3.08580207,-1.85888560,-2.49869545,-0.06408691,1.07947445,0.05416870,-0.00976562,0.00488281,0.17578125,-0.02929688,0.07324219,0.05859375,1.03340149,2.64663696,2.64739990,-0.07324219
3.08021975,1070,3.08008002,-1.87299998,-2.37471779,-0.06866455,1.08901120,0.06408691,3.07979492,-1.82702480,-2.37471779,-0.06916826,1.08924689,0.06412117,3.08580207,-1.85850413,-2.49602516,-0.06408691,1.08138180,0.05531311,-0.01464844,0.02441406,0.16601562,-0.04394531,0.13183594,0.04394531,1.03340149,2.64663696,2.64739990,-0.04882812
3.09294844,1075,3.08046149,-1.86956675,-2.37471779,-0.06790161,1.08901120,0.06408691,3.08021182,-1.82237661,-2.37471779,-0.06843581,1.08908843,0.06409814,3.08580207,-1.85812266,-2.49411782,-0.06408691,1.08328915,0.05569458,-0.00976562,0.02441406,0.16601562,-0.02929688,0.16113281,0.02929688,1.03340149,2.64663696,2.64739990,0.00000000
3.10633516,1080,3.08046149,-1.86575206,-2.37471779,-0.06713867,1.08862973,0.06408691,3.08037968,-1.81832834,-2.37471779,-0.06763403,1.08885035,0.06417067,3.08580207,-1.85774119,-2.49182900,-0.06446838,1.08481503,0.05607605,-0.00976562,0.02929688,0.17578125,-0.02929688,0.11718750,0.00000000,1.03340149,2.64663696,2.64739990,-0.02441406
3.12206292,1085,3.08046149,-1.86079295,-2.37471779,-0.06561279,1.08710385,0.06408691,3.08043468,-1.81412668,-2.37471779,-0.06654464,1.08804577,0.06411436,3.08580207,-1.85697825,-2.48877724,-0.06446838,1.08519650,0.05645752,-0.00976562,0.04882812,0.16601562,-0.02929688,0.04394531,0.01464844,1.03340149,2.64663696,2.64739990,-0.02441406
3.13776112,1090,3.08046149,-1.85659678,-2.37471779,-0.06294250,1.08443356,0.06408691,3.08045271,-1.80982715,-2.37471779,-0.06476201,1.08630520,0.06409591,3.08542060,-1.85583384,-2.48686989,-0.06446838,1.08519650,0.05683899,-0.01464844,0.06347656,0.16113281,-0.02929688,-0.00000000,0.00000000,1.03340149,2.64663696,2.64739990,-0.02441406
3.15118241,1095,3.08084296,-1.85354502,-2.37471779,-0.05989075,1.08214474,0.06408691,3.08071508,-1.80597785,-2.37471779,-0.06220913,1.08405003,0.06408986,3.08542060,-1.85468943,-2.48496254,-0.06484985,1.08519650,0.05722046,-0.01953125,0.06347656,0.13183594,-0.04394531,0.01464844,0.01464844,1.03340149,2.64663696,2.64739990,-0.04882812
3.16503501,1100,3.08084296,-1.85087474,-2.37471779,-0.05836487,1.07947445,0.06370544,3.08080106,-1.80292123,-2.37471779,-0.05993754,1.08171743,0.06401159,3.08503913,-1.85354502,-2.48267372,-0.06484985,1.08481503,0.05760193,-0.01464844,0.07324219,0.14648438,-0.02929688,-0.01464844,0.01464844,1.03302002,2.64648437,2.64739990,-0.04882812
3.17894149,1105,3.08122443,-1.84744151,-2.37471779,-0.05569458,1.07680417,0.06370544,3.08090552,-1.79968172,-2.37471779,-0.05775825,1.07906551,0.06398594,3.08503913,-1.85278208,-2.48076638,-0.06484985,1.08443356,0.05912781,-0.00976562,0.05371094,0.15136719,-0.01464844,-0.00000000,0.11718750,1.03340149,2.64658696,2.64739990,-0.02441406
3.19319272,1110,3.08160590,-1.84477122,-2.37471779,-0.05340576,1.07451535,0.06370544,3.08130609,-1.79667598,-2.37471779,-0.05539546,1.07650879,0.06379736,3.08503913,-1.85201915,-2.47885903,-0.06446838,1.08443356,0.06065369,-0.00976562,0.06835938,0.16113281,0.00000000,0.01464844,0.05859375,1.03340149,2.64662058,2.64739990,-0.02441406
3.20707798,1115,3.08198737,-1.84171946,-2.37471779,-0.05073547,1.07184506,0.06370544,3.08169381,-1.79383706,-2.37471779,-0.05276490,1.07396360,0.06379660,3.08503913,-1.85125621,-2.47657021,-0.06446838,1.08481503,0.06065369,-0.00976562,0.03906250,0.15625000,0.00000000,0.07324219,-0.01464844,1.03340149,2.64663159,2.64739990,-0.02441406
3.22137809,1120,3.08236884,-1.83981211,-2.37471779,-0.04844666,1.06879330,0.06370544,3.08211640,-1.79123285,-2.37471779,-0.05025033,1.07111885,0.06373531,3.08503913,-1.84973033,-2.47466286,-0.06408691,1.08481503,0.06065369,-0.00976562,0.07324219,0.15625000,-0.01464844,-0.00000000,-0.02929688,1.03340149,2.64653755,2.64739990,0.00000000
3.23681450,1125,3.08275031,-1.83790477,-2.37471779,-0.04463196,1.06536007,0.06370544,3.08247228,-1.78904832,-2.37471779,-0.04734506,1.06793901,0.06371523,3.08465766,-1.84896739,-2.47237404,-0.06408691,1.08405209,0.06065369,-0.00976562,0.04882812,0.14160156,0.00000000,-0.04394531,-0.01464844,1.03340149,2.64660439,2.64739990,-0.02441406
3.25126505,1130,3.08313178,-1.83637889,-2.37471779,-0.04119873,1.06192685,0.06332397,3.08291567,-1.78734617,-2.37471779,-0.04396325,1.06464740,0.06357132,3.08465766,-1.84782298,-2.47084816,-0.06370544,1.08328915,0.06065369,-0.01464844,0.08300781,0.12207031,0.00000000,-0.01464844,0.01464844,1.03340149,2.64662629,2.64739990,-0.02441406
3.27025819,1135,3.08351325,-1.83485301,-2.37471779,-0.03700256,1.05582333,0.06332397,3.08319829,-1.78580159,-2.37471779,-0.04035326,1.06011519,0.06344409,3.08465766,-1.84629710,-2.46855934,-0.06332397,1.08176327,0.06103516,-0.01953125,0.08300781,0.12695312,0.00000000,-0.07324219,0.00000000,1.03340149,2.64663347,2.64739990,-0.02441406
3.28326631,1140,3.08427619,-1.83409007,-2.37471779,-0.03318787,1.05200863,0.06332397,3.08373353,-1.78459307,-2.37471779,-0.03628436,1.05544478,0.06336333,3.08427619,-1.84515269,-2.46665200,-0.06294250,1.07909298,0.06103516,-0.01953125,0.06835938,0.14648438,0.02929688,-0.19042969,-0.01464844,1.03340149,2.64663582,2.64739990,-0.02441406
3.29963160,1145,3.08542060,-1.83370860,-2.37471779,-0.03166199,1.04781247,0.06332397,3.08453721,-1.78387956,-2.37471779,-0.03336610,1.05112495,0.06333687,3.08427619,-1.84400828,-2.46474465,-0.06179810,1.07604123,0.06141663,-0.00488281,0.08300781,0.12207031,0.07324219,-0.13183594,0.00000000,1.03340149,2.64663659,2.64739990,-0.04882812
3.31359959,1150,3.08656501,-1.83332713,-2.37471779,-0.03089905,1.04514218,0.06370544,3.08565005,-1.78327015,-2.37471779,-0.03195794,1.04760359,0.06351436,3.08427619,-1.84248240,-2.46283730,-0.05950928,1.07413388,0.06141663,-0.00488281,0.09277344,0.10253906,0.14648438,-0.13183594,-0.01464844,1.03340149,2.64663684,2.64739990,-0.02441406
3.32737470,1155,3.08847235,-1.83294566,-2.37471779,-0.03013611,1.04209042,0.06370544,3.08717791,-1.78281398,-2.37471779,-0.03080340,1.04454834,0.06364283,3.08427619,-1.84133799,-2.46131142,-0.05607605,1.07222653,0.06179810,-0.00976562,0.07812500,0.11718750,0.24902344,-0.14648438,0.00000000,1.03340149,2.64663692,2.64739990,-0.02441406
3.34020424,1160,3.08923529,-1.83294566,-2.37471779,-0.02975464,1.04018307,0.06370544,3.08841074,-1.78266451,-2.37471779,-0.03012955,1.04195333,0.06368493,3.08427619,-1.84057505,-2.45978554,-0.05416870,1.06955624,0.06217957,-0.00488281,0.07812500,0.14160156,0.16113281,-0.23437500,0.00000000,1.03340149,2.64663695,2.64739990,-0.02441406
3.35603499,1165,3.09076117,-1.83294566,-2.37471779,-0.02899170,1.03789425,0.06370544,3.08962135,-1.78261553,-2.37471779,-0.02951494,1.03965646,0.06369872,3.08427619,-1.83943064,-2.45787819,-0.05149841,1.06650448,0.06256104,0.00000000,0.07812500,0.13671875,0.11718750,-0.19042969,0.01464844,1.03340149,2.64663696,2.64739990,-0.04882812
3.37058187,1170,3.09228705,-1.83294566,-2.37471779,-0.02784729,1.03598691,0.06370544,3.09105174,-1.78259948,-2.37471779,-0.02860517,1.03755116,0.06370324,3.08427619,-1.83790477,-2.45635231,-0.04920959,1.06497860,0.06256104,-0.00976562,0.05371094,0.10742188,0.13183594,-0.10253906,0.00000000,1.03340149,2.64663696,2.64739990,-0.02441406
3.38567352,1175,3.09381293,-1.83294566,-2.37471779,-0.02784729,1.03446103,0.06370544,3.09256830,-1.78259422,-2.37471779,-0.02809563,1.03592331,0.06370472,3.08427619,-1.83676036,-2.45482643,-0.04768372,1.06345273,0.06256104,0.00000000,0.08789062,0.10742188,0.05859375,-0.05859375,-0.01464844,1.03340149,2.64663696,2.64739990,-0.04882812
3.39767599,1180,3.09533881,-1.83294566,-2.37471779,-0.02784729,1.03369809,0.06408691,3.09414923,-1.78259249,-2.37471779,-0.02792867,1.03457764,0.06384254,3.08427619,-1.83637889,-2.45368203,-0.04653931,1.06154538,0.06256104,-0.00488281,0.04394531,0.09765625,0.07324219,-0.13183594,-0.01464844,1.03340149,2.64663696,2.64739990,-0.02441406
3.41706491,1185,3.09686469,-1.83294566,-2.37471779,-0.02670288,1.03217221,0.06408691,3.09569315,-1.78259193,-2.37471779,-0.02746490,1.03342233,0.06400684,3.08427619,-1.83485301,-2.45177468,-0.04501343,1.05963803,0.06256104,0.00000000,0.07324219,0.10253906,0.07324219,-0.10253906,-0.01464844,1.03340149,2.64663696,2.64739990,0.00000000
3.42893124,1190,3.09800910,-1.83294566,-2.37471779,-0.02555847,1.03102780,0.06408691,3.09699972,-1.78259175,-2.37471779,-0.02650397,1.03213324,0.06395081,3.08427619,-1.83409007,-2.45024880,-0.04386902,1.05849362,0.06294250,-0.00488281,0.06347656,0.10253906,0.05859375,-0.07324219,-0.01464844,1.03340149,2.64663696,2.64739990,-0.04882812
3.44406104,1195,3.09915351,-1.83294566,-2.37471779,-0.02479553,1.03064633,0.06370544,3.09819727,-1.78259168,-2.37471779,-0.02547449,1.03120387,0.06392696,3.08465766,-1.83294566,-2.44834145,-0.04348755,1.05696774,0.06294250,0.00000000,0.07324219,0.12207031,0.01464844,-0.08789062,-0.01464844,1.03340149,2.64663696,2.64778137,-0.02441406
3.45892811,1200,3.10029792,-1.83294566,-2.37471779,-0.02403259,1.03064633,0.06408691,3.09931026,-1.78259166,-2.37471779,-0.02475556,1.03082903,0.06403450,3.08465766,-1.83180125,-2.44719704,-0.04348755,1.05544186,0.06294250,0.00976562,0.06835938,0.12207031,-0.01464844,-0.11718750,-0.01464844,1.03340149,2.64651489,2.64739990,-0.07324219
3.47292256,1205,3.10106086,-1.83294566,-2.37471779,-0.02288818,1.03064633,0.06408691,3.10023673,-1.78259166,-2.37471779,-0.02378182,1.03070620,0.06399943,3.08503913,-1.83065684,-2.44567116,-0.04310608,1.05353451,0.06294250,0.03906250,0.06835938,0.11230469,0.01464844,-0.11718750,0.00000000,1.03302002,2.64608402,2.64739990,-0.02441406
3.48736739,1210,3.10144233,-1.83294566,-2.37471779,-0.02174377,1.03064633,0.06408691,3.10086710,-1.78259166,-2.37471779,-0.02254442,1.03066595,0.06396596,3.08580207,-1.82989390,-2.44414528,-0.04196167,1.05124569,0.06294250,0.02441406,0.05859375,0.08789062,0.08789062,-0.13183594,0.00000000,1.03302002,2.64594284,2.64739990,-0.02441406
3.50112367,1215,3.10182379,-1.83294566,-2.37471779,-0.01907349,1.03064633,0.06370544,3.10133013,-1.78259166,-2.37471779,-0.02096231,1.03065276,0.06379081,3.08618354,-1.82913096,-2.44300087,-0.03929138,1.04895688,0.06294250,0.02441406,0.05371094,0.08789062,0.13183594,-0.13183594,0.00000000,1.03302002,2.64589657,2.64739990,-0.07324219
3.51669192,1220,3.10182379,-1.83294566,-2.37471779,-0.01602173,1.03064633,0.06370544,3.10166203,-1.78259165,-2.37471779,-0.01818265,1.03070947,0.06373342,3.08618354,-1.82836802,-2.44147499,-0.03700256,1.04704953,0.06294250,-0.00488281,0.04394531,0.09765625,0.14648438,-0.11718750,0.00000000,1.03302002,2.64588141,2.64739990,-0.04882812
3.53166223,1225,3.10182379,-1.83294566,-2.37471779,-0.01296997,1.03064633,0.06370544,3.10177079,-1.78259165,-2.37471779,-0.01536068,1.03066702,0.06371461,3.08618354,-1.82760508,-2.44033058,-0.03585815,1.04476071,0.06294250,0.00488281,0.03906250,0.08789062,0.05859375,-0.13183594,-0.01464844,1.03302002,2.64587644,2.64739990,-0.02441406
3.54863739,1230,3.10182379,-1.83294566,-2.37471779,-0.01029968,1.03064633,0.06332397,3.10180643,-1.78259165,-2.37471779,-0.01257037,1.03071414,0.06363215,3.08656501,-1.82646067,-2.43880471,-0.03471375,1.04247189,0.06332397,0.00488281,0.02929688,0.06835938,0.02929688,-0.13183594,0.00000000,1.03225708,2.64520929,2.64739990,-0.04882812
3.56247211,1235,3.10182379,-1.83294566,-2.37471779,-0.00572205,1.03102780,0.06294250,3.10181810,-1.78259165,-2.37471779,-0.00889140,1.03078391,0.06328763,3.08694648,-1.82569773,-2.43766030,-0.03395081,1.04132748,0.06294250,0.02441406,0.07324219,0.09277344,0.08789062,-0.08789062,0.00000000,1.03263855,2.64514326,2.64739990,-0.02441406
3.57723904,1240,3.10182379,-1.83256419,-2.37433632,-0.00305176,1.03064633,0.06294250,3.10182193,-1.78233519,-2.37458046,-0.00572652,1.03074024,0.06305560,3.08694648,-1.82493479,-2.43689736,-0.03204346,1.04018307,0.06294250,0.01464844,0.04394531,0.07812500,0.13183594,-0.05859375,-0.01464844,1.03263855,2.64512163,2.64739990,-0.04882812
3.58869576,1245,3.10220526,-1.83256419,-2.37395485,-0.00152588,1.03064633,0.06294250,3.10204840,-1.78225115,-2.37427899,-0.00332080,1.03070835,0.06297956,3.08732795,-1.82379039,-2.43537148,-0.02937317,1.03980160,0.06294250,0.00488281,0.07812500,0.10742188,0.20507812,-0.05859375,-0.01464844,1.03263855,2.64511454,2.64739990,-0.02441406
3.60280108,1250,3.10220526,-1.83256419,-2.37395485,0.00114441,1.03064633,0.06256104,3.10215386,-1.78222361,-2.37406107,-0.00087783,1.03066665,0.06281732,3.08732795,-1.82302745,-2.43422707,-0.02708435,1.03942013,0.06294250,0.01464844,0.04394531,0.10742188,0.11718750,0.01464844,-0.01464844,1.03263855,2.64511222,2.64739990,-0.04882812
3.61611104,1255,3.10296820,-1.83256419,-2.37395485,0.00381470,1.03064633,0.06217957,3.10252119,-1.78221458,-2.37398966,0.00169599,1.03065299,0.06245886,3.08770941,-1.82226451,-2.43308266,-0.02517700,1.03903866,0.06294250,0.02929688,0.05859375,0.07324219,0.11718750,0.01464844,-0.01464844,1.03263855,2.64501380,2.64701843,-0.04882812
3.62948966,1260,3.10296820,-1.83256419,-2.37395485,0.00572205,1.03064633,0.06103516,3.10282172,-1.78221163,-2.37396626,0.00394088,1.03064851,0.06180099,3.08809088,-1.82150157,-2.43193825,-0.02326965,1.03942013,0.06294250,0.00488281,0.05859375,0.08300781,0.13183594,0.02929688,-0.02929688,1.03225708,2.64492662,2.64739990,-0.02441406
3.64602304,1265,3.10334967,-1.83218272,-2.37395485,0.00915527,1.03064633,0.05912781,3.10299650,-1.78195419,-2.37395859,0.00641293,1.03064704,0.06057553,3.08847235,-1.82073863,-2.43079384,-0.02059937,1.03942013,0.06294250,0.00488281,0.04394531,0.08789062,0.07324219,-0.00000000,-0.02929688,1.03225708,2.64453770,2.64739990,0.00000000
3.65820432,1270,3.10373114,-1.83180125,-2.37395485,0.01220703,1.03064633,0.05683899,3.10342010,-1.78173250,-2.37395608,0.00980451,1.03064656,0.05852676,3.08847235,-1.81997569,-2.42964943,-0.01945496,1.03903866,0.06294250,0.01464844,0.04394531,0.08789062,0.11718750,-0.04394531,0.00000000,1.03225708,2.64470811,2.64739990,0.00000000
3.67309785,1275,3.10411261,-1.83180125,-2.37395485,0.01564026,1.03064633,0.05455017,3.10376655,-1.78154072,-2.37395525,0.01290867,1.03064641,0.05619306,3.08885382,-1.81921275,-2.42850502,-0.01754761,1.03827572,0.06294250,0.01464844,0.05371094,0.08789062,0.08789062,-0.01464844,-0.02929688,1.03225708,2.64482645,2.64739990,-0.02441406
3.68731451,1280,3.10525702,-1.83141978,-2.37395485,0.01869202,1.03064633,0.05378723,3.10451814,-1.78134055,-2.37395498,0.01608746,1.03064635,0.05464589,3.08923529,-1.81883128,-2.42774208,-0.01602173,1.03751278,0.06294250,0.00488281,0.03906250,0.05859375,0.10253906,-0.04394531,-0.01464844,1.03263855,2.64492016,2.64701843,-0.04882812
3.70174575,1285,3.10563849,-1.83103831,-2.37395485,0.02021790,1.03064633,0.05264282,3.10520106,-1.78096966,-2.37395490,0.01861248,1.03049741,0.05351989,3.08923529,-1.81806834,-2.42659767,-0.01373291,1.03674985,0.06294250,0.00976562,0.03906250,0.08789062,0.16113281,-0.01464844,-0.01464844,1.03263855,2.64504852,2.64739990,-0.02441406
3.71510315,1290,3.10678290,-1.83027537,-2.37395485,0.02174377,1.03026486,0.05226135,3.10601408,-1.78038401,-2.37395487,0.02043597,1.03034106,0.05270500,3.08961676,-1.81730540,-2.42583474,-0.01106262,1.03636838,0.06256104,0.02441406,0.05371094,0.04394531,0.16113281,-0.02929688,-0.02929688,1.03225708,2.64484034,2.64739990,-0.02441406
3.72959995,1295,3.10792731,-1.82913096,-2.37395485,0.02365112,1.03026486,0.05226135,3.10701864,-1.77958529,-2.37395486,0.02224553,1.03028983,0.05240673,3.09037970,-1.81654246,-2.42469033,-0.00915527,1.03598691,0.06256104,0.02441406,0.05859375,0.07324219,0.08789062,-0.00000000,-0.02929688,1.03263855,2.64494424,2.64739990,0.00000000
3.74445462,1300,3.10869025,-1.82798655,-2.37395485,0.02593994,1.02950192,0.05226135,3.10802336,-1.77852291,-2.37395485,0.02431090,1.02987924,0.05230899,3.09037970,-1.81577952,-2.42392739,-0.00686646,1.03522397,0.06217957,0.01464844,0.04882812,0.05371094,0.17578125,-0.05859375,-0.02929688,1.03263855,2.64505641,2.64701843,-0.02441406
3.75919318,1305,3.10945319,-1.82684214,-2.37395485,0.02784729,1.02873898,0.05226135,3.10873417,-1.77740538,-2.37395485,0.02628761,1.02936311,0.05227696,3.09076117,-1.81539805,-2.42278298,-0.00419617,1.03484250,0.06179810,0.01464844,0.02929688,0.07812500,0.19042969,-0.02929688,-0.04394531,1.03263855,2.64515567,2.64701843,-0.02441406
3.77267790,1310,3.10945319,-1.82569773,-2.37395485,0.02937317,1.02835751,0.05226135,3.10921758,-1.77630103,-2.37395485,0.02804910,1.02886720,0.05226647,3.09076117,-1.81463511,-2.42202004,-0.00152588,1.03407956,0.06141663,0.00976562,0.04394531,0.06835938,0.11718750,-0.01464844,-0.05859375,1.03263855,2.64520382,2.64701843,-0.02441406
3.78753614,1315,3.10983466,-1.82455332,-2.37395485,0.03089905,1.02797604,0.05226135,3.10960121,-1.77510871,-2.37395485,0.02971323,1.02833837,0.05226303,3.09114264,-1.81387217,-2.42087563,0.00076294,1.03446103,0.06027222,0.01464844,0.04882812,0.06835938,0.14648438,0.01464844,-0.07324219,1.03263855,2.64514147,2.64701843,-0.02441406
3.80268216,1320,3.11021613,-1.82226451,-2.37395485,0.03280640,1.02683163,0.05187988,3.10994432,-1.77327148,-2.37395485,0.03151109,1.02747575,0.05200543,3.09190558,-1.81349070,-2.42011269,0.00267029,1.03446103,0.05989075,0.04394531,0.03417969,0.05371094,0.11718750,0.02929688,-0.02929688,1.03302002,2.64527363,2.64701843,-0.04882812
3.81485128,1325,3.11021613,-1.82073863,-2.37395485,0.03471375,1.02568722,0.05149841,3.11012706,-1.77158108,-2.37395485,0.03338256,1.02648471,0.05166455,3.09228705,-1.81234629,-2.41934975,0.00495911,1.03407956,0.05989075,0.02441406,0.05371094,0.06347656,0.14648438,0.01464844,-0.01464844,1.03302002,2.64550151,2.64701843,-0.02441406
3.83036113,1330,3.11059760,-1.81921275,-2.37395485,0.03662109,1.02377987,0.05111694,3.11041216,-1.77011261,-2.37395485,0.03507893,1.02509832,0.05142773,3.09266852,-1.81196482,-2.41858681,0.00610352,1.03407956,0.05912781,0.02929688,0.04394531,0.05371094,0.08789062,-0.01464844,-0.07324219,1.03302002,2.64575196,2.64701843,0.00000000
3.84239149,1335,3.11059760,-1.81692393,-2.37395485,0.03814697,1.02263547,0.05073547,3.11053684,-1.76831185,-2.37395485,0.03674076,1.02372423,0.05108145,3.09266852,-1.81120188,-2.41782387,0.00801086,1.03331662,0.05874634,0.00488281,0.05371094,0.06835938,0.11718750,-0.04394531,-0.04394531,1.03302002,2.64583402,2.64701843,-0.02441406
3.85795712,1340,3.11059760,-1.81463511,-2.37395485,0.03852844,1.02110959,0.04997253,3.11057769,-1.76614389,-2.37395485,0.03791140,1.02224809,0.05045505,3.09304999,-1.81005748,-2.41667946,0.00991821,1.03217221,0.05798340,0.00976562,0.04882812,0.05371094,0.08789062,-0.01464844,-0.07324219,1.03302002,2.64586092,2.64701843,0.00000000
3.87271476,1345,3.11059760,-1.81234629,-2.37395485,0.03890991,1.01958371,0.04920959,3.11059107,-1.76399478,-2.37395485,0.03840255,1.02096752,0.04979788,3.09304999,-1.80929454,-2.41553505,0.01258850,1.03217221,0.05531311,0.01464844,0.06835938,0.07812500,0.16113281,-0.00000000,-0.23437500,1.03302002,2.64586973,2.64701843,0.00000000
3.88799071,1350,3.11136054,-1.80967601,-2.37395485,0.03890991,1.01843930,0.04882812,3.11092822,-1.76146548,-2.37395485,0.03874366,1.01954948,0.04921621,3.09381293,-1.80815013,-2.41477211,0.01487732,1.03179074,0.05493164,0.03417969,0.05859375,0.04882812,0.14648438,-0.00000000,-0.02929688,1.03302002,2.64577496,2.64701843,-0.04882812
3.90113449,1355,3.11136054,-1.80700572,-2.37395485,0.03890991,1.01576901,0.04882812,3.11121888,-1.75874911,-2.37395485,0.03885543,1.01747899,0.04895529,3.09381293,-1.80738719,-2.41362770,0.01678467,1.03179074,0.05455017,0.01464844,0.06347656,0.07812500,0.07324219,-0.00000000,-0.04394531,1.03302002,2.64584156,2.64701843,-0.02441406
3.91460252,1360,3.11174201,-1.80471690,-2.37395485,0.03890991,1.01348019,0.04844666,3.11157059,-1.75638122,-2.37395485,0.03889206,1.01522265,0.04869340,3.09419440,-1.80662425,-2.41324623,0.01754761,1.03140927,0.05455017,0.02929688,0.05371094,0.06835938,0.05859375,-0.01464844,-0.02929688,1.03302002,2.64586339,2.64663696,-0.04882812
3.93446708,1365,3.11174201,-1.80166514,-2.37395485,0.03890991,1.00966549,0.04806519,3.11168584,-1.75350619,-2.37395485,0.03890406,1.01226136,0.04845122,3.09495734,-1.80509837,-2.41248329,0.01983643,1.03026486,0.05416870,0.00488281,0.06835938,0.04882812,0.08789062,-0.04394531,-0.05859375,1.03302002,2.64587054,2.64663696,-0.07324219
3.94805813,1370,3.11174201,-1.79823191,-2.37395485,0.03890991,1.00546933,0.04768372,3.11172360,-1.75055519,-2.37395485,0.03890800,1.00892736,0.04805435,3.09495734,-1.80433543,-2.41172036,0.02136230,1.02797604,0.05302429,0.00976562,0.06347656,0.04882812,0.11718750,-0.16113281,-0.08789062,1.03302002,2.64575081,2.64663696,0.00000000
3.96210837,1375,3.11174201,-1.79556163,-2.37395485,0.03890991,1.00127316,0.04768372,3.11173598,-1.74762886,-2.37395485,0.03890928,1.00478080,0.04780517,3.09533881,-1.80357249,-2.41095742,0.02326965,1.02568722,0.05264282,0.01464844,0.06347656,0.04882812,0.14648438,-0.23437500,-0.05859375,1.03302002,2.64583365,2.64663696,-0.02441406
3.97944236,1380,3.11174201,-1.79212840,-2.37395485,0.03890991,0.99631405,0.04730225,3.11174003,-1.74440665,-2.37395485,0.03890971,0.99996197,0.04753736,3.09572028,-1.80242808,-2.41019448,0.02441406,1.02301693,0.05264282,0.01464844,0.06347656,0.06835938,0.04394531,-0.11718750,-0.02929688,1.03302002,2.64586079,2.64663696,-0.04882812
3.99515581,1385,3.11174201,-1.78945811,-2.37395485,0.03890991,0.99173642,0.04692078,3.11174136,-1.74128159,-2.37395485,0.03890984,0.99509241,0.04730299,3.09610175,-1.80090220,-2.40943154,0.02555847,1.02034665,0.05264282,0.01953125,0.08300781,0.03906250,0.07324219,-0.11718750,0.00000000,1.03302002,2.64586969,2.64663696,-0.02441406
4.00827026,1390,3.11174201,-1.78678782,-2.37395485,0.03890991,0.98677731,0.04692078,3.11174180,-1.73848571,-2.37395485,0.03890989,0.99050737,0.04704602,3.09648322,-1.79975779,-2.40866860,0.02632141,1.01767636,0.05226135,0.03417969,0.07812500,0.05371094,0.02929688,-0.17578125,-0.02929688,1.03302002,2.64587260,2.64663696,-0.04882812
4.02179527,1395,3.11174201,-1.78449900,-2.37395485,0.03890991,0.98296261,0.04653931,3.11174194,-1.73603856,-2.37395485,0.03890990,0.98621906,0.04682449,3.09686469,-1.79861338,-2.40790566,0.02708435,1.01576901,0.05226135,0.00976562,0.06347656,0.06835938,0.02929688,-0.14648438,-0.01464844,1.03302002,2.64595168,2.64663696,0.00000000
4.03537893,1400,3.11174201,-1.78182872,-2.37395485,0.03890991,0.97838498,0.04653931,3.11174198,-1.73349021,-2.37395485,0.03890991,0.98181191,0.04663275,3.09686469,-1.79746897,-2.40714272,0.02784729,1.01309872,0.05226135,0.01464844,0.09277344,0.04394531,0.07324219,-0.16113281,0.00000000,1.03302002,2.64589947,2.64663696,-0.02441406
4.05000854,1405,3.11174201,-1.77953990,-2.37395485,0.03890991,0.97304440,0.04653931,3.11174200,-1.73106752,-2.37395485,0.03890991,0.97720787,0.04656993,3.09724616,-1.79632456,-2.40676125,0.02861023,1.01195431,0.05187988,0.01953125,0.06347656,0.04882812,0.05859375,-0.04394531,-0.02929688,1.03302002,2.64600443,2.64663696,-0.02441406
4.06299114,1410,3.11174201,-1.77763255,-2.37395485,0.03890991,0.96922970,0.04653931,3.11174201,-1.72899131,-2.37395485,0.03890991,0.97269604,0.04654934,3.09762763,-1.79518016,-2.40637978,0.02975464,1.01004696,0.05187988,0.00488281,0.09765625,0.03417969,0.08789062,-0.13183594,-0.04394531,1.03302002,2.64591676,2.64663696,-0.02441406
4.07956481,1415,3.11174201,-1.77534373,-2.37395485,0.03890991,0.96541501,0.04653931,3.11174201,-1.72679413,-2.37395485,0.03880005,0.96857576,0.04654259,3.09762763,-1.79441722,-2.40561684,0.03051758,1.00852109,0.05149841,0.00488281,0.06347656,0.05859375,0.07324219,-0.14648438,-0.04394531,1.03302002,2.64588803,2.64663696,-0.02441406
4.09250283,1420,3.11174201,-1.77305491,-2.37395485,0.03890991,0.96083737,0.04653931,3.11174201,-1.72462323,-2.37395485,0.03887391,0.96434525,0.04654038,3.09800910,-1.79289134,-2.40523537,0.03166199,1.00546933,0.05111694,0.01464844,0.07812500,0.04394531,0.04394531,-0.11718750,-0.04394531,1.03340149,2.64603120,2.64663696,-0.02441406
4.10732698,1425,3.11174201,-1.77114756,-2.37395485,0.03852844,0.95702267,0.04653931,3.11174201,-1.72266858,-2.37395485,0.03878276,0.96052614,0.04653966,3.09839057,-1.79174693,-2.40447243,0.03204346,1.00356198,0.05073547,0.02441406,0.08300781,0.03906250,0.01464844,-0.14648438,-0.04394531,1.03302002,2.64592553,2.64663696,-0.02441406
4.12052488,1430,3.11174201,-1.76962168,-2.37395485,0.03852844,0.95358944,0.04615784,3.11174201,-1.72078297,-2.37395485,0.03864303,0.95655436,0.04631420,3.09839057,-1.79060252,-2.40370949,0.03204346,1.00127316,0.05035400,0.01464844,0.08300781,0.05859375,-0.01464844,-0.17578125,-0.04394531,1.03302002,2.64589090,2.64663696,-0.02441406
4.13504028,1435,3.11174201,-1.76847727,-2.37395485,0.03852844,0.94939328,0.04577637,3.11174201,-1.71918425,-2.37395485,0.03856599,0.95248835,0.04607175,3.09877204,-1.78907664,-2.40332802,0.03204346,0.99745846,0.04844666,0.01953125,0.10253906,0.05371094,0.00000000,-0.23437500,-0.16113281,1.03302002,2.64600162,2.64663696,-0.02441406
4.15087175,1440,3.11174201,-1.76695140,-2.37395485,0.03852844,0.94481564,0.04501343,3.11174201,-1.71772679,-2.37395485,0.03854075,0.94848267,0.04561071,3.09915351,-1.78755076,-2.40218361,0.03280640,0.99326230,0.04806519,0.00976562,0.09765625,0.05371094,0.02929688,-0.29296875,-0.01464844,1.03302002,2.64591584,2.64663696,-0.02441406
4.16445780,1445,3.11174201,-1.76580699,-2.37395485,0.03852844,0.94252682,0.04425049,3.11174201,-1.71638752,-2.37395485,0.03853247,0.94508634,0.04488566,3.09953498,-1.78602488,-2.40180214,0.03356934,0.98754025,0.04806519,0.00488281,0.11718750,0.03906250,0.05859375,-0.33691406,-0.01464844,1.03302002,2.64588772,2.64663696,0.00000000
4.17780161,1450,3.11174201,-1.76466258,-2.37395485,0.03852844,0.94100094,0.04310608,3.11174201,-1.71524029,-2.37395485,0.03852976,0.94262139,0.04393970,3.09953498,-1.78488047,-2.40142067,0.03395081,0.98448849,0.04806519,0.00488281,0.09277344,0.04394531,0.02929688,-0.20507812,-0.02929688,1.03302002,2.64587851,2.64663696,0.00000000
4.18993211,1455,3.11174201,-1.76389964,-2.37395485,0.03814697,0.93947506,0.04234314,3.11174201,-1.71435143,-2.37395485,0.03827241,0.94067793,0.04311679,3.09953498,-1.78335459,-2.40103920,0.03433228,0.98143673,0.04806519,0.00488281,0.08300781,0.03417969,0.01464844,-0.17578125,-0.01464844,1.03302002,2.64587549,2.64663696,-0.02441406
4.20470023,1460,3.11174201,-1.76313670,-2.37395485,0.03814697,0.93718625,0.04043579,3.11174201,-1.71336705,-2.37395485,0.03818807,0.93873128,0.04165414,3.09991645,-1.78182872,-2.40027626,0.03433228,0.97914792,0.04768372,0.01953125,0.09277344,0.04394531,-0.01464844,-0.13183594,-0.02929688,1.03302002,2.64587451,2.64625549,-0.04882812
4.21906090,1465,3.11174201,-1.76237376,-2.37395485,0.03814697,0.93527890,0.03967285,3.11174201,-1.71258038,-2.37395485,0.03816044,0.93692043,0.04039239,3.10029792,-1.78068431,-2.40027626,0.03433228,0.97762204,0.04768372,0.01953125,0.08789062,0.02441406,0.00000000,-0.07324219,-0.04394531,1.03302002,2.64587418,2.64663696,0.00000000
4.23272467,1470,3.11174201,-1.76161082,-2.37395485,0.03776550,0.93413449,0.03967285,3.11174201,-1.71194101,-2.37395485,0.03807509,0.93529787,0.03990863,3.10029792,-1.77953990,-2.39951332,0.03433228,0.97495175,0.04692078,0.00976562,0.08300781,0.02441406,0.00000000,-0.20507812,-0.05859375,1.03302002,2.64599615,2.64625549,-0.04882812
4.24730754,1475,3.11174201,-1.76122935,-2.37395485,0.03776550,0.93337155,0.03929138,3.11174201,-1.71129486,-2.37395485,0.03786695,0.93407308,0.03949364,3.10029792,-1.77877696,-2.39913185,0.03433228,0.97342587,0.04653931,0.00488281,0.07324219,0.06347656,-0.01464844,-0.13183594,-0.05859375,1.03302002,2.64569431,2.64625549,-0.04882812
4.26185131,1480,3.11174201,-1.76084788,-2.37395485,0.03738403,0.93260861,0.03814697,3.11174201,-1.71082665,-2.37395485,0.03754228,0.93320763,0.03883874,3.10067939,-1.77725108,-2.39836891,0.03471375,0.97037411,0.04577637,0.00976562,0.07324219,0.06347656,-0.01464844,-0.20507812,-0.05859375,1.03302002,2.64581514,2.64663696,-0.04882812
4.27762222,1485,3.11174201,-1.76084788,-2.37395485,0.03738403,0.93222714,0.03623962,3.11174201,-1.71060292,-2.37395485,0.03738706,0.93261874,0.03753124,3.10106086,-1.77610667,-2.39798745,0.03471375,0.96541501,0.04501343,0.02441406,0.07812500,0.03417969,-0.02929688,-0.26367188,-0.04394531,1.03302002,2.64595238,2.64663696,-0.02441406
4.29466081,1490,3.11174201,-1.76046641,-2.37395485,0.03738403,0.93146420,0.03471375,3.11174201,-1.71027314,-2.37395485,0.03738502,0.93202270,0.03606765,3.10106086,-1.77419932,-2.39760598,0.03471375,0.96160031,0.04501343,0.00000000,0.09277344,0.03906250,-0.01464844,-0.23437500,-0.01464844,1.03302002,2.64589970,2.64663696,-0.02441406
4.30729294,1495,3.11136054,-1.76046641,-2.37395485,0.03700256,0.93146420,0.03242493,3.11151679,-1.71016508,-2.37395485,0.03712789,0.93153734,0.03412883,3.10144233,-1.77305491,-2.39684304,0.03471375,0.95931149,0.04463196,0.00000000,0.10742188,0.03417969,-0.01464844,-0.11718750,-0.02929688,1.03340149,2.64603503,2.64663696,-0.02441406
4.32311964,1500,3.11136054,-1.76008494,-2.37395485,0.03700256,0.93146420,0.02975464,3.11141174,-1.70996109,-2.37395485,0.03704363,0.93136903,0.03169579,3.10144233,-1.77191050,-2.39646157,0.03509521,0.95587826,0.04386902,0.00976562,0.07812500,0.04394531,0.01464844,-0.17578125,-0.04394531,1.03302002,2.64610256,2.64625549,-0.04882812
4.34065151,1505,3.11136054,-1.76008494,-2.37395485,0.03700256,0.93108273,0.02708435,3.11137732,-1.70980635,-2.37395485,0.03701602,0.93117654,0.02900558,3.10182379,-1.77038462,-2.39608010,0.03509521,0.95435238,0.04348755,0.00976562,0.05859375,0.03906250,0.00000000,-0.05859375,-0.07324219,1.03302002,2.64594891,2.64663696,0.00000000
4.35502005,1510,3.11136054,-1.76008494,-2.37395485,0.03662109,0.93108273,0.02517700,3.11136604,-1.70975565,-2.37395485,0.03693068,0.93111347,0.02668350,3.10220526,-1.76924021,-2.39531716,0.03547668,0.95435238,0.04272461,0.01464844,0.08300781,0.03417969,0.00000000,0.01464844,-0.07324219,1.03302002,2.64589856,2.64625549,-0.02441406
4.36698961,1515,3.11136054,-1.76008494,-2.37395485,0.03623962,0.93031979,0.02479553,3.11136234,-1.70973903,-2.37395485,0.03658521,0.93076004,0.02541418,3.10220526,-1.76847727,-2.39493569,0.03547668,0.95320797,0.04081726,0.00488281,0.05859375,0.04394531,-0.01464844,-0.02929688,-0.17578125,1.03302002,2.64597972,2.64625549,0.00000000
4.38368368,1520,3.11136054,-1.75970347,-2.37395485,0.03471375,0.93031979,0.02479553,3.11136113,-1.70954743,-2.37395485,0.03576693,0.93046405,0.02499825,3.10220526,-1.76695140,-2.39455422,0.03547668,0.95320797,0.03929138,0.00000000,0.08300781,0.03906250,-0.01464844,-0.00000000,-0.13183594,1.03302002,2.64590866,2.64625549,-0.02441406
4.39894986,1525,3.11136054,-1.75932200,-2.37395485,0.03280640,0.92993832,0.02479553,3.11136073,-1.70927701,-2.37395485,0.03402846,0.93014184,0.02486196,3.10220526,-1.76580699,-2.39417275,0.03547668,0.95206357,0.03623962,-0.00488281,0.07324219,0.02929688,-0.01464844,-0.02929688,-0.21972656,1.03302002,2.64604553,2.64625549,-0.02441406
4.41287446,1530,3.11136054,-1.75894053,-2.37395485,0.03128052,0.92993832,0.02479553,3.11136060,-1.70884403,-2.37395485,0.03245049,0.93000501,0.02481730,3.10258673,-1.76504405,-2.39379128,0.03547668,0.95053769,0.03585815,0.00000000,0.06835938,0.03417969,-0.01464844,-0.10253906,-0.01464844,1.03302002,2.64605229,2.64625549,-0.02441406
4.42823815,1535,3.11136054,-1.75855906,-2.37395485,0.02937317,0.92993832,0.02479553,3.11136056,-1.70844569,-2.37395485,0.03078243,0.92996017,0.02480266,3.10258673,-1.76389964,-2.39340981,0.03547668,0.94710446,0.03585815,0.01464844,0.06835938,0.01953125,0.00000000,-0.21972656,-0.02929688,1.03302002,2.64593244,2.64625549,-0.02441406
4.44187856,1540,3.11136054,-1.75779612,-2.37395485,0.02822876,0.92993832,0.02479553,3.11136054,-1.70798239,-2.37395485,0.02934728,0.92994548,0.02479787,3.10296820,-1.76275523,-2.39302834,0.03509521,0.94481564,0.03509521,0.02441406,0.05371094,0.02441406,-0.01464844,-0.16113281,-0.05859375,1.03302002,2.64603379,2.64625549,-0.04882812
4.45505095,1545,3.11136054,-1.75741465,-2.37395485,0.02708435,0.92993832,0.02479553,3.11136054,-1.70743300,-2.37395485,0.02801532,0.92994067,0.02479630,3.10334967,-1.76161082,-2.39264687,0.03509521,0.94252682,0.03356934,0.00976562,0.07812500,0.02441406,-0.02929688,-0.16113281,-0.13183594,1.03340149,2.64614146,2.64625549,0.00000000
4.46911621,1550,3.11136054,-1.75665171,-2.37395485,0.02555847,0.92993832,0.02517700,3.11136054,-1.70682011,-2.37395485,0.02669410,0.92993909,0.02487208,3.10334967,-1.76084788,-2.39264687,0.03509521,0.94100094,0.03318787,0.00488281,0.05859375,0.02441406,-0.01464844,-0.08789062,-0.05859375,1.03302002,2.64596166,2.64625549,-0.02441406
4.48553610,1555,3.11136054,-1.75588877,-2.37395485,0.02403259,0.92993832,0.02479553,3.11136054,-1.70607509,-2.37395485,0.02523528,0.92993857,0.02488165,3.10373114,-1.75970347,-2.39226540,0.03509521,0.93833066,0.03280640,0.00976562,0.07812500,0.02929688,-0.01464844,-0.20507812,-0.04394531,1.03340149,2.64641568,2.64625549,-0.04882812
4.49868965,1560,3.11136054,-1.75512583,-2.37395485,0.02212524,0.92955685,0.02517700,3.11136054,-1.70534927,-2.37395485,0.02354522,0.92975225,0.02498794,3.10373114,-1.75855906,-2.39150246,0.03471375,0.93718625,0.03204346,0.00976562,0.07324219,0.04394531,-0.04394531,-0.02929688,-0.05859375,1.03340149,2.64636426,2.64625549,-0.02441406
4.51442075,1565,3.11136054,-1.75398143,-2.37395485,0.01983643,0.92917538,0.02517700,3.11136054,-1.70434203,-2.37395485,0.02157174,0.92954459,0.02511505,3.10373114,-1.75741465,-2.39112099,0.03471375,0.93680478,0.03051758,0.00000000,0.05371094,0.04394531,-0.01464844,-0.01464844,-0.13183594,1.03340149,2.64654760,2.64625549,0.02441406
4.52697825,1570,3.11136054,-1.75398143,-2.37395485,0.01831055,0.92879391,0.02517700,3.11136054,-1.70386158,-2.37395485,0.01966091,0.92922007,0.02515670,3.10411261,-1.75665171,-2.39073952,0.03433228,0.93642331,0.02822876,0.00000000,0.07812500,0.02929688,-0.02929688,-0.01464844,-0.16113281,1.03340149,2.64660768,2.64625549,0.00000000
4.54036856,1575,3.11136054,-1.75283702,-2.37395485,0.01754761,0.92841244,0.02517700,3.11136054,-1.70318523,-2.37395485,0.01831041,0.92874740,0.02517035,3.10411261,-1.75550730,-2.39073952,0.03433228,0.93642331,0.02822876,0.00488281,0.06835938,0.01464844,-0.01464844,0.04394531,-0.01464844,1.03340149,2.64650530,2.64625549,-0.02441406
4.55413961,1580,3.11097907,-1.75169261,-2.37395485,0.01678467,0.92764950,0.02517700,3.11110407,-1.70219419,-2.37395485,0.01743501,0.92807957,0.02517482,3.10411261,-1.75474436,-2.39035805,0.03356934,0.93718625,0.02822876,0.00000000,0.06347656,0.02441406,-0.05859375,0.05859375,-0.01464844,1.03340149,2.64639362,2.64625549,-0.04882812
4.56733775,1585,3.11097907,-1.75092967,-2.37395485,0.01487732,0.92726803,0.02517700,3.11102003,-1.70128620,-2.37395485,0.01608505,0.92760427,0.02517629,3.10411261,-1.75359996,-2.38997658,0.03356934,0.93642331,0.02822876,0.00000000,0.05371094,0.03417969,-0.04394531,-0.04394531,-0.01464844,1.03340149,2.64655723,2.64625549,-0.04882812
4.58255386,1590,3.11021613,-1.74978526,-2.37395485,0.01296997,0.92726803,0.02517700,3.11065973,-1.70025051,-2.37395485,0.01430371,0.92737821,0.02517677,3.10411261,-1.75245555,-2.38959511,0.03204346,0.93604184,0.02822876,0.00000000,0.06347656,0.02929688,-0.10253906,-0.02929688,-0.02929688,1.03340149,2.64654833,2.64625549,0.00000000
4.59688282,1595,3.10945319,-1.74825938,-2.37395485,0.01068115,0.92688656,0.02517700,3.11005997,-1.69895557,-2.37395485,0.01222024,0.92716681,0.02517693,3.10411261,-1.75169261,-2.38921364,0.03051758,0.93527890,0.02822876,-0.00488281,0.05371094,0.02929688,-0.10253906,-0.04394531,-0.01464844,1.03302002,2.64645533,2.64625549,-0.02441406
4.61163616,1600,3.10869025,-1.74711497,-2.37395485,0.01029968,0.92650509,0.02517700,3.10925822,-1.69773058,-2.37395485,0.01092901,0.92690210,0.02517698,3.10449408,-1.75054820,-2.38883217,0.02975464,0.93489743,0.02784729,0.00488281,0.07324219,0.01464844,-0.07324219,-0.01464844,-0.04394531,1.03340149,2.64647979,2.64625549,-0.04882812
4.62571621,1605,3.10754584,-1.74520762,-2.37395485,0.00991821,0.92612362,0.02479553,3.10835744,-1.69616597,-2.37395485,0.01028068,0.92644903,0.02496935,3.10449408,-1.74978526,-2.38883217,0.02861023,0.93489743,0.02708435,0.00488281,0.04882812,0.01464844,-0.10253906,0.02929688,-0.05859375,1.03340149,2.64658546,2.64625549,-0.04882812
4.63837099,1610,3.10678290,-1.74330027,-2.37395485,0.00839233,0.92574215,0.02479553,3.10740041,-1.69446321,-2.37395485,0.00940271,0.92600503,0.02488374,3.10487555,-1.74864085,-2.38845070,0.02593994,0.93489743,0.02670288,0.01464844,0.06347656,0.00976562,-0.14648438,-0.00000000,-0.04394531,1.03340149,2.64662009,2.64625549,-0.02441406
4.65099788,1615,3.10601996,-1.74215586,-2.37395485,0.00686646,0.92574215,0.02479553,3.10659145,-1.69304356,-2.37395485,0.00811599,0.92582829,0.02482444,3.10487555,-1.74787791,-2.38845070,0.02479553,0.93451596,0.02670288,0.00976562,0.03906250,0.02441406,-0.13183594,-0.01464844,-0.01464844,1.03340149,2.64663143,2.64625549,0.00000000
4.66830420,1620,3.10563849,-1.73986705,-2.37395485,0.00457764,0.92574215,0.02517700,3.10598201,-1.69115088,-2.37395485,0.00621804,0.92581921,0.02496138,3.10487555,-1.74673350,-2.38806923,0.02326965,0.93413449,0.02632141,-0.00488281,0.06347656,0.02441406,-0.10253906,-0.01464844,-0.02929688,1.03340149,2.64663515,2.64625549,-0.02441406
4.68139696,1625,3.10525702,-1.73757823,-2.37357338,0.00152588,0.92574215,0.02517700,3.10552584,-1.68890398,-2.37369838,0.00349554,0.92576740,0.02507510,3.10487555,-1.74597056,-2.38768776,0.02250671,0.93375302,0.02632141,-0.00488281,0.04394531,0.01953125,-0.04394531,0.01464844,-0.01464844,1.03378296,2.64685146,2.64625549,0.00000000
4.69483519,1630,3.10525702,-1.73605235,-2.37319191,-0.00152588,0.92574215,0.02517700,3.10534511,-1.68693041,-2.37353805,0.00058292,0.92575043,0.02509478,3.10487555,-1.74444468,-2.38768776,0.02212524,0.93375302,0.02632141,-0.00488281,0.08789062,0.01953125,-0.05859375,-0.01464844,-0.02929688,1.03340149,2.64692697,2.64625549,-0.02441406
4.70894217,1635,3.10487555,-1.73414500,-2.37281044,-0.00495911,0.92574215,0.02517700,3.10502942,-1.68522060,-2.37322904,-0.00243362,0.92574487,0.02505777,3.10487555,-1.74368174,-2.38730629,0.02098083,0.93337155,0.02632141,-0.00488281,0.07812500,0.03417969,-0.11718750,-0.02929688,0.00000000,1.03340149,2.64679449,2.64625549,-0.02441406
4.72449374,1640,3.10449408,-1.73185618,-2.37204750,-0.00839233,0.92574215,0.02479553,3.10466950,-1.68312151,-2.37268516,-0.00591537,0.92574304,0.02488146,3.10487555,-1.74215586,-2.38692482,0.01907349,0.93222714,0.02632141,0.00000000,0.07324219,0.02441406,-0.16113281,-0.07324219,-0.02929688,1.03340149,2.64675108,2.64625549,-0.02441406
4.73843265,1645,3.10449408,-1.73033030,-2.37166603,-0.00953674,0.92497922,0.02479553,3.10455156,-1.68119637,-2.37211912,-0.00816064,0.92534865,0.02482369,3.10487555,-1.74062998,-2.38692482,0.01564026,0.93070126,0.02632141,-0.00488281,0.09765625,0.01953125,-0.23437500,-0.05859375,-0.01464844,1.03340149,2.64687455,2.64625549,-0.02441406
4.75742269,1650,3.10449408,-1.72918589,-2.37166603,-0.01029968,0.92421628,0.02441406,3.10451292,-1.67970825,-2.37181450,-0.00938733,0.92465764,0.02457954,3.10487555,-1.73948558,-2.38654335,0.01411438,0.92993832,0.02632141,-0.00976562,0.08300781,0.01464844,-0.11718750,-0.02929688,-0.01464844,1.03378296,2.64686740,2.64625549,-0.04882812
4.77236676,1655,3.10373114,-1.72689707,-2.37090309,-0.01182556,0.92307187,0.02441406,3.10410646,-1.67780094,-2.37123299,-0.01078393,0.92374188,0.02446829,3.10525702,-1.73834117,-2.38616188,0.01182556,0.92955685,0.02593994,-0.00488281,0.06347656,0.02929688,-0.14648438,-0.00000000,-0.01464844,1.03340149,2.64671247,2.64625549,-0.02441406
4.78603220,1660,3.10334967,-1.72575267,-2.37090309,-0.01182556,0.92230893,0.02441406,3.10366797,-1.67625615,-2.37101120,-0.01148424,0.92295865,0.02443183,3.10525702,-1.73719676,-2.38578041,0.01029968,0.92879391,0.02593994,0.00000000,0.06347656,0.02929688,-0.13183594,-0.01464844,-0.01464844,1.03340149,2.64673983,2.64625549,-0.02441406
4.80055547,1665,3.10182379,-1.72422679,-2.37090309,-0.01144409,0.92192746,0.02441406,3.10275866,-1.67502339,-2.37093852,-0.01145725,0.92244554,0.02441988,3.10487555,-1.73643382,-2.38539894,0.00801086,0.92879391,0.02593994,-0.00488281,0.07324219,0.04394531,-0.17578125,-0.01464844,-0.01464844,1.03340149,2.64667067,2.64625549,-0.02441406
4.81857061,1670,3.10029792,-1.72308238,-2.37090309,-0.01106262,0.92078305,0.02365112,3.10142505,-1.67373089,-2.37091470,-0.01137211,0.92164861,0.02415352,3.10487555,-1.73490794,-2.38501747,0.00648499,0.92879391,0.02593994,-0.00976562,0.05371094,0.02441406,-0.10253906,0.01464844,-0.01464844,1.03340149,2.64664801,2.64625549,-0.04882812
4.83358645,1675,3.09953498,-1.72231944,-2.37090309,-0.01106262,0.91963864,0.02212524,3.10033449,-1.67272412,-2.37090690,-0.01116403,0.92054776,0.02311067,3.10487555,-1.73376353,-2.38463600,0.00534058,0.92879391,0.02593994,-0.00488281,0.09765625,0.02441406,-0.13183594,0.04394531,-0.01464844,1.03340149,2.64664058,2.64625549,0.00000000
4.84704328,1680,3.09953498,-1.72231944,-2.37090309,-0.01106262,0.91849423,0.02059937,3.09979696,-1.67221404,-2.37090434,-0.01109585,0.91949770,0.02148477,3.10487555,-1.73261912,-2.38425454,0.00381470,0.92841244,0.02593994,-0.00488281,0.06835938,0.02929688,-0.08789062,-0.00000000,-0.01464844,1.03340149,2.64663815,2.64625549,0.00000000
4.86042142,1685,3.09953498,-1.72193797,-2.37090309,-0.01106262,0.91773129,0.02021790,3.09962082,-1.67190957,-2.37090350,-0.01107351,0.91838042,0.02063302,3.10487555,-1.73147471,-2.38425454,0.00343323,0.92764950,0.02593994,-0.00488281,0.07812500,0.02441406,-0.05859375,-0.02929688,-0.02929688,1.03340149,2.64663735,2.64625549,-0.02441406
4.87415910,1690,3.09953498,-1.72193797,-2.37090309,-0.01106262,0.91696835,0.02021790,3.09956311,-1.67169066,-2.37090323,-0.01106619,0.91750137,0.02030510,3.10487555,-1.72994883,-2.38387307,0.00267029,0.92726803,0.02555847,-0.01464844,0.09765625,0.02441406,-0.07324219,-0.01464844,-0.01464844,1.03340149,2.64663709,2.64625549,-0.02441406
4.88793635,1695,3.09953498,-1.72193797,-2.37090309,-0.01106262,0.91620541,0.02021790,3.09954419,-1.67161893,-2.37090314,-0.01106379,0.91670038,0.02024647,3.10487555,-1.72918589,-2.38349160,0.00152588,0.92688656,0.02555847,-0.00976562,0.05859375,0.02929688,-0.14648438,-0.01464844,-0.02929688,1.03378296,2.64691166,2.64625549,-0.04882812
4.90223908,1700,3.09953498,-1.72193797,-2.37090309,-0.01106262,0.91582394,0.02021790,3.09953800,-1.67159542,-2.37090311,-0.01106301,0.91618145,0.02022726,3.10487555,-1.72766001,-2.38311013,-0.00038147,0.92650509,0.02517700,-0.00488281,0.07324219,0.01953125,-0.11718750,-0.02929688,-0.04394531,1.03340149,2.64672698,2.64625549,-0.02441406
4.91548252,1705,3.09953498,-1.72193797,-2.37090309,-0.01106262,0.91582394,0.02021790,3.09953597,-1.67158772,-2.37090310,-0.01106275,0.91594109,0.02022096,3.10487555,-1.72689707,-2.38311013,-0.00152588,0.92650509,0.02517700,-0.00488281,0.07324219,0.01464844,-0.10253906,-0.00000000,-0.02929688,1.03378296,2.64681905,2.64625549,0.00000000
4.92914009,1710,3.09953498,-1.72193797,-2.37090309,-0.01106262,0.91582394,0.02021790,3.09953530,-1.67158519,-2.37090310,-0.01106266,0.91586233,0.02021890,3.10487555,-1.72575267,-2.38311013,-0.00228882,0.92612362,0.02479553,-0.00976562,0.06835938,0.01953125,-0.07324219,-0.00000000,-0.02929688,1.03340149,2.64669663,2.64625549,-0.02441406
4.94402313,1715,3.09953498,-1.72193797,-2.37090309,-0.01106262,0.91544247,0.02021790,3.09953508,-1.67158437,-2.37090310,-0.01106264,0.91576023,0.02021822,3.10487555,-1.72498973,-2.38272866,-0.00267029,0.92536068,0.02441406,-0.00488281,0.06835938,0.02929688,-0.02929688,-0.05859375,-0.04394531,1.03340149,2.64665651,2.64625549,-0.02441406
4.95993304,1720,3.09953498,-1.72193797,-2.37090309,-0.01106262,0.91582394,0.01983643,3.09953501,-1.67158410,-2.37090309,-0.01106263,0.91580306,0.02014171,3.10487555,-1.72384532,-2.38234719,-0.00305176,0.92307187,0.02365112,-0.00976562,0.05371094,0.01953125,-0.01464844,-0.13183594,-0.05859375,1.03340149,2.64664337,2.64625549,-0.04882812
4.97143054,1725,3.09953498,-1.72193797,-2.37090309,-0.01106262,0.91582394,0.02021790,3.09953499,-1.67158401,-2.37090309,-0.01106262,0.91581710,0.02013190,3.10487555,-1.72308238,-2.38196572,-0.00343323,0.92230893,0.02288818,-0.00976562,0.07324219,0.02441406,-0.02929688,-0.07324219,-0.08789062,1.03340149,2.64651699,2.64625549,-0.02441406
4.98589087,1730,3.09915351,-1.72193797,-2.37052162,-0.01106262,0.91582394,0.01983643,3.09934882,-1.67158398,-2.37067787,-0.01106262,0.91582170,0.01993325,3.10487555,-1.72193797,-2.38196572,-0.00381470,0.92154599,0.02174377,-0.01464844,0.06835938,0.01464844,-0.02929688,-0.05859375,-0.08789062,1.03340149,2.64637792,2.64625549,0.02441406
5.00007010,1735,3.09839057,-1.72193797,-2.37014016,-0.01106262,0.91544247,0.01945496,3.09891599,-1.67158397,-2.37034761,-0.01106262,0.91563705,0.01979186,3.10449408,-1.72117503,-2.38158425,-0.00419617,0.92002011,0.02174377,-0.00976562,0.07812500,0.01953125,-0.04394531,-0.05859375,-0.01464844,1.03340149,2.64648958,2.64625549,0.00000000
5.01368952,1740,3.09762763,-1.72193797,-2.36975869,-0.01106262,0.91544247,0.01907349,3.09830029,-1.67158397,-2.36998291,-0.01106262,0.91550623,0.01937919,3.10449408,-1.72003062,-2.38158425,-0.00419617,0.91963864,0.02174377,-0.01953125,0.04394531,0.01953125,-0.01464844,-0.02929688,-0.01464844,1.03340149,2.64649101,2.64625549,-0.04882812
5.02747869,1745,3.09724616,-1.72193797,-2.36899575,-0.01106262,0.91544247,0.01792908,3.09771072,-1.67158396,-2.36942078,-0.01106262,0.91546336,0.01862495,3.10373114,-1.71926768,-2.38120278,-0.00457764,0.91963864,0.02174377,-0.04394531,0.06835938,0.01464844,-0.04394531,0.02929688,-0.01464844,1.03340149,2.64658914,2.64625549,-0.02441406
5.04134893,1750,3.09572028,-1.72193797,-2.36785134,-0.01106262,0.91506100,0.01716614,3.09680317,-1.67158396,-2.36861610,-0.01106262,0.91531199,0.01785559,3.10373114,-1.71850474,-2.38120278,-0.00495911,0.91963864,0.02174377,-0.00976562,0.05371094,0.01464844,-0.04394531,0.01464844,-0.01464844,1.03340149,2.64662129,2.64625549,-0.04882812
5.05721688,1755,3.09419440,-1.72193797,-2.36632546,-0.01106262,0.91353512,0.01449585,3.09545012,-1.67158396,-2.36747693,-0.01106262,0.91456707,0.01647714,3.10373114,-1.71736033,-2.38120278,-0.00610352,0.91925717,0.02174377,-0.00976562,0.05859375,0.00976562,-0.08789062,-0.00000000,-0.01464844,1.03340149,2.64670995,2.64625549,-0.04882812
5.07231879,1760,3.09228705,-1.72193797,-2.36479958,-0.01029968,0.91124631,0.01144409,3.09381669,-1.67158396,-2.36607777,-0.01076111,0.91294676,0.01376813,3.10373114,-1.71659739,-2.38082131,-0.00724792,0.91925717,0.02136230,-0.00488281,0.05371094,0.02441406,-0.07324219,-0.01464844,-0.04394531,1.03340149,2.64678295,2.64625549,-0.02441406
5.08572197,1765,3.09076117,-1.72193797,-2.36289223,-0.00915527,0.90857602,0.00877380,3.09227315,-1.67158396,-2.36448587,-0.00993196,0.91076945,0.01102265,3.10373114,-1.71583445,-2.38043984,-0.00839233,0.91887570,0.02098083,-0.01464844,0.04882812,0.02929688,-0.08789062,-0.00000000,-0.04394531,1.03378296,2.64697801,2.64625549,-0.02441406
5.10135531,1770,3.08923529,-1.72193797,-2.36098488,-0.00762939,0.90590573,0.00572205,3.09069265,-1.67158396,-2.36253297,-0.00863439,0.90826070,0.00815914,3.10334967,-1.71545298,-2.38005837,-0.00877380,0.91887570,0.02059937,-0.01464844,0.04882812,0.02929688,-0.05859375,0.01464844,-0.05859375,1.03378296,2.64719916,2.64625549,-0.02441406
5.11699295,1775,3.08656501,-1.72193797,-2.35869606,-0.00686646,0.90132809,0.00190735,3.08849861,-1.67158396,-2.36035422,-0.00765720,0.90455045,0.00460730,3.10296820,-1.71430857,-2.37967690,-0.00953674,0.91849423,0.01945496,-0.02441406,0.05371094,0.02929688,-0.02929688,-0.02929688,-0.10253906,1.03378296,2.64733412,2.64625549,0.00000000
5.13086224,1780,3.08503913,-1.72193797,-2.35602578,-0.00572205,0.89598752,-0.00114441,3.08657361,-1.67158396,-2.35814431,-0.00668672,0.90028610,0.00165193,3.10296820,-1.71354563,-2.37929543,-0.00953674,0.91773129,0.01831055,-0.01464844,0.04882812,0.02441406,-0.02929688,-0.05859375,-0.08789062,1.03378296,2.64737835,2.64625549,0.00000000
5.14624095,1785,3.08351325,-1.72193797,-2.35297402,-0.00572205,0.89064694,-0.00343323,3.08491695,-1.67158396,-2.35544849,-0.00603815,0.89519808,-0.00124690,3.10296820,-1.71240123,-2.37891396,-0.00991821,0.91620541,0.01792908,-0.01953125,0.04882812,0.03417969,-0.02929688,-0.10253906,-0.05859375,1.03378296,2.64739284,2.64625549,-0.02441406
5.16033149,1790,3.08160590,-1.72193797,-2.34992226,-0.00572205,0.88454342,-0.00610352,3.08306049,-1.67158396,-2.35231415,-0.00582563,0.88937703,-0.00411122,3.10220526,-1.71163829,-2.37853249,-0.01029968,0.91315365,0.01678467,-0.05371094,0.05371094,0.02929688,-0.01464844,-0.17578125,-0.07324219,1.03416443,2.64755018,2.64663696,0.00000000
5.17306685,1795,3.08046149,-1.72193797,-2.34801491,-0.00534058,0.88072873,-0.00724792,3.08153383,-1.67158396,-2.34971470,-0.00561866,0.88410557,-0.00599939,3.10182379,-1.71087535,-2.37815102,-0.00991821,0.91048337,0.01564026,-0.02929688,0.03417969,0.04882812,0.00000000,-0.20507812,-0.11718750,1.03378296,2.64744914,2.64625549,0.00000000
5.18924761,1800,3.07893561,-1.72193797,-2.34343727,-0.00495911,0.87081051,-0.01106262,3.08000770,-1.67158396,-2.34617639,-0.00524554,0.87665044,-0.00885272,3.10144233,-1.71011241,-2.37738808,-0.00991821,0.90781308,0.01335144,-0.03417969,0.05859375,0.02929688,-0.01464844,-0.11718750,-0.14648438,1.03378296,2.64753811,2.64625549,-0.02441406
5.20406914,1805,3.07740973,-1.72193797,-2.33962258,-0.00495911,0.86279965,-0.01449585,3.07848174,-1.67158396,-2.34241515,-0.00505297,0.86851845,-0.01215208,3.10106086,-1.70934947,-2.37700661,-0.00991821,0.90666867,0.01068115,-0.01953125,0.05859375,0.04882812,0.00000000,-0.11718750,-0.23437500,1.03416443,2.64788000,2.64625549,-0.02441406
5.21720815,1810,3.07588385,-1.72193797,-2.33618935,-0.00495911,0.85555172,-0.01678467,3.07706569,-1.67158396,-2.33896087,-0.00498986,0.86133387,-0.01468561,3.10106086,-1.70858653,-2.37624367,-0.00991821,0.90437985,0.00839233,-0.02441406,0.04394531,0.04882812,-0.01464844,-0.17578125,-0.13183594,1.03378296,2.64773300,2.64625549,0.00000000
5.23173308,1815,3.07397650,-1.72193797,-2.33275612,-0.00457764,0.84906674,-0.01831055,3.07517041,-1.67158396,-2.33548168,-0.00474396,0.85432227,-0.01679216,3.10029792,-1.70782359,-2.37548073,-0.00991821,0.90170956,0.00724792,-0.04882812,0.03906250,0.04882812,0.00000000,-0.14648438,-0.13183594,1.03416443,2.64802199,2.64625549,-0.04882812
5.24649191,1820,3.07206916,-1.72193797,-2.32932289,-0.00343323,0.84143735,-0.02250671,3.07334514,-1.67158396,-2.33200165,-0.00405218,0.84704327,-0.01976210,3.09991645,-1.70744212,-2.37433632,-0.00991821,0.90018368,0.00534058,-0.03906250,0.02929688,0.06835938,-0.01464844,-0.08789062,-0.13183594,1.03416443,2.64801903,2.64625549,-0.04882812
5.26127148,1825,3.07016181,-1.72193797,-2.32588967,-0.00267029,0.83495236,-0.02632141,3.07160580,-1.67158396,-2.32853600,-0.00315436,0.84002905,-0.02352850,3.09915351,-1.70667918,-2.37395485,-0.00953674,0.89751339,0.00305176,-0.03906250,0.05859375,0.05859375,0.00000000,-0.14648438,-0.23437500,1.03416443,2.64801806,2.64625549,0.00000000
5.27606487,1830,3.06863593,-1.72193797,-2.32360085,-0.00267029,0.83037472,-0.02822876,3.06992990,-1.67158396,-2.32561888,-0.00282891,0.83433025,-0.02640684,3.09877204,-1.70553477,-2.37281044,-0.00953674,0.89331723,-0.00114441,-0.02929688,0.04882812,0.07324219,-0.01464844,-0.27832031,-0.23437500,1.03416443,2.64811540,2.64625549,0.00000000
5.29217291,1835,3.06672858,-1.72193797,-2.32093056,-0.00190735,0.82579709,-0.02937317,3.06817065,-1.67158396,-2.32301028,-0.00235972,0.82961765,-0.02807060,3.09839057,-1.70477183,-2.37166603,-0.00953674,0.88721371,-0.00152588,-0.04882812,0.03906250,0.06835938,-0.02929688,-0.41015625,-0.02929688,1.03416443,2.64814730,2.64625549,0.02441406
5.30684543,1840,3.06558417,-1.72193797,-2.31940468,-0.00114441,0.82350827,-0.03051758,3.06671345,-1.67158396,-2.32091673,-0.00175407,0.82605218,-0.02938518,3.09762763,-1.70439036,-2.37128456,-0.00877380,0.88149167,-0.00190735,-0.05859375,0.04882812,0.07324219,0.01464844,-0.39550781,-0.07324219,1.03416443,2.64815775,2.64625549,-0.02441406
5.32073712,1845,3.06482123,-1.72193797,-2.31864174,-0.00076294,0.82198239,-0.03089905,3.06551159,-1.67158396,-2.31950635,-0.00122883,0.82346637,-0.03033267,3.09686469,-1.70362742,-2.37014016,-0.00801086,0.87576962,-0.00495911,-0.03906250,0.03417969,0.07324219,0.04394531,-0.33691406,-0.21972656,1.03416443,2.64816117,2.64625549,-0.02441406
5.33691692,1850,3.06367682,-1.72193797,-2.31787880,-0.00114441,0.82198239,-0.03089905,3.06451632,-1.67158396,-2.31856251,-0.00105293,0.82243741,-0.03071346,3.09610175,-1.70286448,-2.36899575,-0.00762939,0.87081051,-0.00762939,-0.04394531,0.03906250,0.08300781,0.01464844,-0.27832031,-0.13183594,1.03416443,2.64816229,2.64625549,-0.04882812
5.35118556,1855,3.06253241,-1.72193797,-2.31787880,-0.00076294,0.82198239,-0.03089905,3.06343299,-1.67158396,-2.31810284,-0.00092828,0.82213149,-0.03083823,3.09572028,-1.70248301,-2.36823281,-0.00724792,0.86775876,-0.00877380,-0.05859375,0.02929688,0.07812500,0.01464844,-0.24902344,-0.13183594,1.03416443,2.64816266,2.64625549,-0.02441406
5.36263704,1860,3.06176947,-1.72193797,-2.31787880,-0.00076294,0.82198239,-0.03089905,3.06246496,-1.67158396,-2.31795221,-0.00081712,0.82203125,-0.03087912,3.09495734,-1.70210154,-2.36708840,-0.00648499,0.86546994,-0.00915527,-0.03906250,0.02929688,0.09277344,0.02929688,-0.14648438,-0.04394531,1.03416443,2.64816278,2.64625549,-0.04882812
5.37788439,1865,3.06138800,-1.72193797,-2.31787880,-0.00076294,0.82274533,-0.03089905,3.06177215,-1.67158396,-2.31790286,-0.00078069,0.82237999,-0.03089252,3.09457587,-1.70172007,-2.36632546,-0.00610352,0.86279965,-0.01029968,-0.04882812,0.01953125,0.05859375,0.01464844,-0.16113281,-0.08789062,1.03416443,2.64816282,2.64625549,-0.02441406
5.39304280,1870,3.06100653,-1.72231944,-2.31787880,-0.00076294,0.82274533,-0.03089905,3.06125741,-1.67172129,-2.31788669,-0.00076876,0.82262561,-0.03089691,3.09381293,-1.70095713,-2.36518105,-0.00495911,0.86089230,-0.01258850,-0.05371094,0.03906250,0.07812500,0.05859375,-0.16113281,-0.19042969,1.03416443,2.64816284,2.64625549,-0.02441406
5.40450287,1875,3.06062506,-1.72231944,-2.31787880,-0.00038147,0.82312680,-0.03089905,3.06090258,-1.67188543,-2.31788139,-0.00053963,0.82293132,-0.03089835,3.09343146,-1.70057566,-2.36441811,-0.00343323,0.85784054,-0.01449585,-0.05859375,0.01953125,0.07812500,0.13183594,-0.24902344,-0.19042969,1.03416443,2.64816284,2.64625549,-0.02441406
5.41869879,1880,3.06062506,-1.72231944,-2.31787880,-0.00038147,0.82350827,-0.03089905,3.06071600,-1.67193922,-2.31787965,-0.00043329,0.82324890,-0.03089882,3.09266852,-1.69981272,-2.36327370,-0.00305176,0.85478879,-0.01716614,-0.06347656,0.04882812,0.08300781,0.00000000,-0.20507812,-0.21972656,1.03416443,2.64816284,2.64625549,-0.02441406
5.43343902,1885,3.06024359,-1.72231944,-2.31787880,-0.00038147,0.82427121,-0.03128052,3.06039839,-1.67195684,-2.31787908,-0.00039845,0.82372479,-0.03112419,3.09228705,-1.69904978,-2.36251076,-0.00305176,0.85135556,-0.01754761,-0.03906250,0.05371094,0.03906250,0.00000000,-0.21972656,-0.02929688,1.03416443,2.64816284,2.64625549,-0.04882812
5.44780707,1890,3.06024359,-1.72231944,-2.31787880,-0.00038147,0.82465268,-0.03128052,3.06029432,-1.67196262,-2.31787889,-0.00038703,0.82431738,-0.03122929,3.09152411,-1.69828685,-2.36174782,-0.00305176,0.84944821,-0.01869202,-0.04882812,0.04394531,0.06835938,-0.02929688,-0.11718750,-0.08789062,1.03416443,2.64810034,2.64625549,-0.07324219
5.46215892,1895,3.06024359,-1.72231944,-2.31787880,-0.00038147,0.82617856,-0.03128052,3.06026022,-1.67196451,-2.31787883,-0.00038329,0.82526937,-0.03126373,3.09076117,-1.69790538,-2.36098488,-0.00305176,0.84868527,-0.01983643,-0.05859375,0.02441406,0.06835938,0.00000000,-0.05859375,-0.10253906,1.03416443,2.64814236,2.64625549,0.00000000
5.47785354,1900,3.06024359,-1.72231944,-2.31787880,0.00000000,0.82770443,-0.03128052,3.06024904,-1.67196513,-2.31787881,-0.00012560,0.82644460,-0.03123595,3.09037970,-1.69752391,-2.36022194,-0.00305176,0.84754086,-0.02021790,-0.03417969,0.03906250,0.05371094,0.00000000,-0.05859375,-0.04394531,1.03416443,2.64815613,2.64625549,-0.04882812
5.49123716,1905,3.06024359,-1.72231944,-2.31787880,0.00038147,0.82884884,-0.03128052,3.06024538,-1.67196534,-2.31787881,0.00009617,0.82773045,-0.03119560,3.08961676,-1.69714244,-2.35945900,-0.00305176,0.84639645,-0.02136230,-0.04882812,0.02929688,0.05859375,-0.01464844,-0.05859375,-0.08789062,1.03416443,2.64816064,2.64625549,-0.02441406
5.50525570,1910,3.06024359,-1.72231944,-2.31787880,0.00076294,0.83037472,-0.03128052,3.06024418,-1.67196540,-2.31787880,0.00042531,0.82916841,-0.03113355,3.08923529,-1.69676097,-2.35869606,-0.00267029,0.84563351,-0.02365112,-0.05371094,0.02441406,0.04882812,0.00000000,-0.07324219,-0.21972656,1.03416443,2.64816212,2.64625549,-0.02441406
5.51882172,1915,3.06024359,-1.72270091,-2.31787880,0.00114441,0.83190060,-0.03128052,3.06024379,-1.67219064,-2.31787880,0.00083846,0.83067475,-0.03105218,3.08847235,-1.69637950,-2.35755165,-0.00267029,0.84448910,-0.02555847,-0.04882812,0.01953125,0.07324219,0.00000000,-0.05859375,-0.10253906,1.03416443,2.64816261,2.64625549,0.00000000
5.53578711,1920,3.06024359,-1.72270091,-2.31787880,0.00190735,0.83342648,-0.03089905,3.06024366,-1.67229570,-2.31787880,0.00134567,0.83227284,-0.03094923,3.08770941,-1.69599803,-2.35678871,-0.00267029,0.84220028,-0.02555847,-0.03417969,0.01464844,0.04882812,-0.01464844,-0.14648438,-0.01464844,1.03416443,2.64816276,2.64625549,-0.02441406
5.54708791,1925,3.06024359,-1.72308238,-2.31787880,0.00305176,0.83495236,-0.03089905,3.06024362,-1.67255535,-2.31787880,0.00219339,0.83374377,-0.03100338,3.08770941,-1.69561656,-2.35640724,-0.00305176,0.84105588,-0.02555847,-0.02929688,0.03417969,0.07324219,-0.01464844,-0.08789062,-0.04394531,1.03416443,2.64816282,2.64625549,-0.04882812
5.55916405,1930,3.06024359,-1.72384532,-2.31787880,0.00419617,0.83609677,-0.03089905,3.06024360,-1.67293413,-2.31787880,0.00325816,0.83507525,-0.03093324,3.08694648,-1.69485362,-2.35564431,-0.00305176,0.84029294,-0.02593994,-0.06347656,0.03417969,0.05859375,-0.02929688,-0.04394531,-0.04394531,1.03416443,2.64816283,2.64625549,-0.02441406
5.57298303,1935,3.06024359,-1.72460826,-2.31749733,0.00495911,0.83724118,-0.03089905,3.06024360,-1.67361025,-2.31780251,0.00425135,0.83634981,-0.03097129,3.08618354,-1.69447215,-2.35526284,-0.00267029,0.83953000,-0.02632141,-0.04394531,0.03417969,0.03417969,0.01464844,-0.02929688,-0.04394531,1.03416443,2.64816284,2.64625549,-0.02441406
5.58560753,1940,3.06024359,-1.72460826,-2.31749733,0.00534058,0.83838559,-0.03089905,3.06024360,-1.67404323,-2.31759733,0.00495241,0.83761694,-0.03092272,3.08580207,-1.69409068,-2.35449990,-0.00267029,0.83953000,-0.02670288,-0.02441406,0.00976562,0.04394531,0.00000000,0.01464844,-0.02929688,1.03416443,2.64816284,2.64625549,-0.02441406
5.59974289,1945,3.06024359,-1.72537120,-2.31749733,0.00686646,0.83991147,-0.03089905,3.06024359,-1.67444755,-2.31753010,0.00586963,0.83878997,-0.03090680,3.08580207,-1.69409068,-2.35373696,-0.00228882,0.83914853,-0.02670288,-0.02441406,0.01464844,0.05371094,0.00000000,-0.01464844,-0.02929688,1.03416443,2.64816284,2.64625549,-0.02441406
5.61531663,1950,3.06024359,-1.72689707,-2.31749733,0.00839233,0.84067441,-0.03128052,3.06024359,-1.67545553,-2.31750807,0.00730593,0.83980642,-0.03115806,3.08503913,-1.69332774,-2.35297402,-0.00190735,0.83876706,-0.02670288,-0.04882812,0.02441406,0.05371094,0.02929688,-0.01464844,-0.01464844,1.03416443,2.64836304,2.64625549,0.00000000
5.62769222,1955,3.06024359,-1.72804148,-2.31749733,0.00991821,0.84067441,-0.03128052,3.06024359,-1.67676666,-2.31750085,0.00873165,0.84038999,-0.03124039,3.08465766,-1.69332774,-2.35221108,-0.00114441,0.83876706,-0.02708435,-0.03906250,0.01464844,0.06835938,0.05859375,0.02929688,-0.02929688,1.03454590,2.64845915,2.64625549,0.00000000
5.64014125,1960,3.06024359,-1.72918589,-2.31749733,0.01106262,0.84067441,-0.03128052,3.06024359,-1.67803602,-2.31749849,0.01004832,0.84058121,-0.03126737,3.08389472,-1.69294627,-2.35144814,0.00000000,0.83876706,-0.02708435,-0.04882812,0.02441406,0.06347656,0.04394531,0.02929688,-0.04394531,1.03454590,2.64853460,2.64625549,-0.02441406
5.65433550,1965,3.06024359,-1.73071177,-2.31749733,0.01144409,0.84105588,-0.03166199,3.06024359,-1.67922735,-2.31749771,0.01095548,0.84082026,-0.03135250,3.08389472,-1.69256480,-2.35106667,0.00038147,0.83876706,-0.02708435,-0.02929688,0.02929688,0.03906250,0.02929688,0.01464844,-0.02929688,1.03416443,2.64828466,2.64625549,-0.02441406
5.66875362,1970,3.06024359,-1.73338206,-2.31711586,0.01182556,0.84105588,-0.03128052,3.06024359,-1.68128948,-2.31742116,0.01154045,0.84097867,-0.03134317,3.08351325,-1.69218333,-2.35030373,0.00076294,0.83876706,-0.02746582,-0.03906250,0.01464844,0.05859375,0.00000000,0.02929688,-0.02929688,1.03416443,2.64828088,2.64625549,-0.02441406
5.68276668,1975,3.06024359,-1.73567088,-2.31673439,0.01182556,0.84105588,-0.03166199,3.06024359,-1.68347716,-2.31713961,0.01173214,0.84103058,-0.03137734,3.08275031,-1.69218333,-2.34954079,0.00114441,0.83876706,-0.02746582,-0.03417969,0.00976562,0.05859375,0.02929688,0.01464844,-0.02929688,1.03416443,2.64832359,2.64625549,-0.02441406
5.69672847,1980,3.06024359,-1.73834117,-2.31597145,0.01182556,0.84105588,-0.03204346,3.06024359,-1.68589702,-2.31656566,0.01179495,0.84104759,-0.03175487,3.08236884,-1.69180186,-2.34877785,0.00152588,0.83914853,-0.02746582,-0.03906250,0.01464844,0.05859375,0.02929688,0.04394531,-0.04394531,1.03416443,2.64831317,2.64625549,-0.04882812
5.71305132,1985,3.06024359,-1.74101145,-2.31520851,0.01144409,0.84067441,-0.03242493,3.06024359,-1.68840712,-2.31584268,0.01167820,0.84086700,-0.03213505,3.08160590,-1.69142039,-2.34839638,0.00305176,0.83953000,-0.02784729,-0.03417969,0.00488281,0.03417969,0.10253906,0.02929688,-0.01464844,1.03416443,2.64821210,2.64625549,-0.02441406
5.72569418,1990,3.06024359,-1.74406321,-2.31406411,0.01182556,0.84067441,-0.03318787,3.06024359,-1.69150063,-2.31483636,0.01163616,0.84073752,-0.03272374,3.08122443,-1.69142039,-2.34763344,0.00457764,0.83953000,-0.02784729,-0.03417969,0.00000000,0.04882812,0.05859375,0.01464844,-0.04394531,1.03454590,2.64833157,2.64663696,-0.02441406
5.74197173,1995,3.06024359,-1.74825938,-2.31215676,0.01144409,0.84067441,-0.03395081,3.06024359,-1.69506595,-2.31337465,0.01150703,0.84069509,-0.03344716,3.08122443,-1.69142039,-2.34725197,0.00534058,0.83914853,-0.02822876,-0.01953125,0.00000000,0.04394531,0.01464844,0.01464844,-0.02929688,1.03416443,2.64837829,2.64625549,-0.02441406
5.75632453,2000,3.06024359,-1.75131114,-2.31063088,0.01144409,0.84029294,-0.03471375,3.06024359,-1.69845542,-2.31185076,0.01146472,0.84049502,-0.03411853,3.08046149,-1.69142039,-2.34687050,0.00534058,0.83914853,-0.02822876,-0.04882812,0.00000000,0.04882812,0.00000000,-0.00000000,-0.01464844,1.03416443,2.64823344,2.64625549,-0.02441406
5.76944613,2005,3.06024359,-1.75474436,-2.30834206,0.01144409,0.84029294,-0.03471375,3.06024359,-1.70181181,-2.31002402,0.01145085,0.84035916,-0.03451871,3.08008002,-1.69142039,-2.34572609,0.00534058,0.83914853,-0.02899170,-0.02441406,-0.00488281,0.07324219,-0.01464844,-0.00000000,-0.05859375,1.03416443,2.64818598,2.64625549,0.00000000
5.78414798,2010,3.06024359,-1.75894053,-2.30605324,0.01144409,0.84029294,-0.03471375,3.06024359,-1.70558241,-2.30782558,0.01144631,0.84031464,-0.03464983,3.08008002,-1.69142039,-2.34534462,0.00610352,0.83914853,-0.02975464,-0.02929688,-0.00488281,0.05371094,0.01464844,-0.00000000,-0.07324219,1.03416443,2.64826808,2.64625549,-0.04882812
5.79825020,2015,3.06024359,-1.76389964,-2.30338295,0.01144409,0.83991147,-0.03509521,3.06024359,-1.70958175,-2.30555111,0.01144482,0.84022375,-0.03491802,3.07931708,-1.69142039,-2.34420021,0.00686646,0.83914853,-0.03128052,-0.03906250,-0.00488281,0.05859375,0.02929688,0.04394531,-0.10253906,1.03454590,2.64856964,2.64625549,-0.02441406
5.81322122,2020,3.06024359,-1.76771434,-2.30033120,0.01144409,0.83991147,-0.03509521,3.06024359,-1.71389592,-2.30270670,0.01144433,0.84001380,-0.03503715,3.07931708,-1.69142039,-2.34381874,0.00762939,0.83953000,-0.03128052,-0.01953125,-0.01464844,0.04394531,0.02929688,0.02929688,0.00000000,1.03454590,2.64858935,2.64663696,-0.02441406
5.82752752,2025,3.06024359,-1.77191050,-2.29766091,0.01144409,0.83991147,-0.03509521,3.06024359,-1.71811317,-2.29981675,0.01144417,0.83994500,-0.03507619,3.07893561,-1.69180186,-2.34267433,0.00762939,0.84029294,-0.03128052,-0.03906250,-0.01464844,0.07324219,-0.01464844,0.05859375,-0.02929688,1.03416443,2.64830260,2.64663696,-0.04882812
5.84420133,2030,3.06024359,-1.77610667,-2.29384621,0.01144409,0.83762265,-0.03509521,3.06024359,-1.72226303,-2.29660879,0.01144412,0.83883774,-0.03508898,3.07855414,-1.69180186,-2.34191140,0.00762939,0.83991147,-0.03166199,-0.01953125,-0.02929688,0.06835938,0.00000000,-0.01464844,-0.02929688,1.03416443,2.64820864,2.64663696,-0.02441406
5.85653543,2035,3.06024359,-1.78030284,-2.29041298,0.01144409,0.83533383,-0.03509521,3.06024359,-1.72666961,-2.29313365,0.01144410,0.83698297,-0.03509317,3.07817267,-1.69256480,-2.34114846,0.00762939,0.83991147,-0.03166199,-0.03417969,-0.03906250,0.06835938,-0.01464844,0.01464844,-0.02929688,1.03416443,2.64817785,2.64625549,-0.02441406
5.87079167,2040,3.06024359,-1.78488047,-2.28697975,0.01182556,0.83304501,-0.03509521,3.06024359,-1.73093875,-2.28985906,0.01166931,0.83476753,-0.03509455,3.07740973,-1.69294627,-2.34038552,0.00762939,0.83991147,-0.03166199,-0.04394531,-0.04394531,0.06835938,0.00000000,-0.00000000,-0.02929688,1.03416443,2.64816776,2.64625549,-0.04882812
5.88470674,2045,3.06024359,-1.78869517,-2.28316506,0.01182556,0.82999325,-0.03509521,3.06024359,-1.73493361,-2.28634048,0.01177436,0.83225788,-0.03509500,3.07740973,-1.69370921,-2.33962258,0.00801086,0.83953000,-0.03166199,-0.02441406,-0.07324219,0.05371094,-0.01464844,-0.01464844,-0.01464844,1.03416443,2.64816445,2.64625549,-0.04882812
5.89680600,2050,3.06024359,-1.79174693,-2.27973183,0.01182556,0.82694150,-0.03509521,3.06024359,-1.73845456,-2.28282899,0.01180878,0.82961521,-0.03509514,3.07702826,-1.69485362,-2.33885964,0.00801086,0.83914853,-0.03204346,-0.03906250,-0.05859375,0.07812500,-0.01464844,-0.01464844,-0.01464844,1.03416443,2.64816337,2.64625549,-0.02441406
5.90977454,2055,3.06024359,-1.79518016,-2.27629860,0.01182556,0.82312680,-0.03509521,3.06024359,-1.74182669,-2.27938135,0.01182006,0.82634472,-0.03509519,3.07664679,-1.69561656,-2.33809670,0.00801086,0.83876706,-0.03204346,-0.02441406,-0.08300781,0.06347656,-0.01464844,-0.02929688,-0.01464844,1.03416443,2.64816301,2.64625549,-0.02441406
5.92580795,2060,3.06024359,-1.79975779,-2.27172097,0.01182556,0.81740475,-0.03509521,3.06024359,-1.74579006,-2.27548112,0.01182376,0.82176438,-0.03509521,3.07626532,-1.69676097,-2.33618935,0.00801086,0.83838559,-0.03242493,-0.02441406,-0.05371094,0.09277344,0.00000000,-0.02929688,-0.02929688,1.03416443,2.64816290,2.64625549,-0.02441406
5.94068146,2065,3.06024359,-1.80357249,-2.26714333,0.01182556,0.81206418,-0.03509521,3.06024359,-1.74993131,-2.27108884,0.01182497,0.81641657,-0.03509521,3.07588385,-1.69752391,-2.33504494,0.00839233,0.83762265,-0.03280640,-0.04394531,-0.07812500,0.11230469,-0.01464844,-0.02929688,-0.04394531,1.03416443,2.64816286,2.64625549,-0.04882812
5.95496035,2070,3.06024359,-1.80624278,-2.26371010,0.01182556,0.80939389,-0.03509521,3.06024359,-1.75342638,-2.26678861,0.01182537,0.81221510,-0.03509521,3.07550238,-1.69828685,-2.33390053,0.00839233,0.83685971,-0.03318787,-0.02441406,-0.04882812,0.06835938,0.01464844,-0.04394531,-0.04394531,1.03416443,2.64816285,2.64625549,-0.02441406
5.96896052,2075,3.06024359,-1.80929454,-2.25951393,0.01182556,0.80481625,-0.03509521,3.06024359,-1.75659020,-2.26267944,0.01182550,0.80814598,-0.03518311,3.07512091,-1.69943125,-2.33237465,0.00839233,0.83533383,-0.03356934,-0.03906250,-0.08300781,0.08789062,-0.02929688,-0.10253906,-0.01464844,1.03416443,2.64816284,2.64663696,-0.02441406
5.98337603,2080,3.06062506,-1.81234629,-2.25569924,0.01220703,0.80138302,-0.03547668,3.06038092,-1.75967086,-2.25883710,0.01196287,0.80429930,-0.03520031,3.07473944,-1.70019419,-2.33123024,0.00839233,0.83190060,-0.03395081,-0.01464844,-0.06347656,0.11230469,-0.01464844,-0.21972656,-0.04394531,1.03416443,2.64816284,2.64663696,-0.02441406
5.99755883,2085,3.06024359,-1.81539805,-2.25226601,0.01220703,0.79833127,-0.03509521,3.06040774,-1.76254410,-2.25522879,0.01212702,0.80109644,-0.03512965,3.07473944,-1.70172007,-2.32970436,0.00839233,0.82884884,-0.03395081,-0.00976562,-0.09277344,0.11230469,-0.02929688,-0.16113281,-0.02929688,1.03378296,2.64801025,2.64625549,-0.04882812
6.01146150,2090,3.06062506,-1.81730540,-2.24921425,0.01220703,0.79489804,-0.03509521,3.06048354,-1.76510634,-2.25186771,0.01218081,0.79774310,-0.03510650,3.07473944,-1.70248301,-2.32855995,0.00877380,0.82694150,-0.03395081,-0.01953125,-0.07812500,0.08300781,0.00000000,-0.17578125,-0.01464844,1.03416443,2.64811284,2.64625549,-0.02441406
6.02606058,2095,3.06024359,-1.81844981,-2.24654396,0.01220703,0.79184628,-0.03509521,3.06047114,-1.76678565,-2.24895740,0.01219844,0.79465892,-0.03509891,3.07435797,-1.70400889,-2.32703408,0.00915527,0.82465268,-0.03395081,-0.01953125,-0.09765625,0.10253906,-0.01464844,-0.08789062,-0.01464844,1.03416443,2.64814646,2.64663696,0.00000000
6.04231858,2100,3.06062506,-1.81959422,-2.24425515,0.01258850,0.78879452,-0.03509521,3.06057463,-1.76824645,-2.24631600,0.01239037,0.79132554,-0.03509643,3.07397650,-1.70515330,-2.32588967,0.00953674,0.82312680,-0.03433228,-0.03417969,-0.10253906,0.10742188,0.02929688,-0.08789062,-0.01464844,1.03416443,2.64815747,2.64663696,0.00000000
6.05296063,2105,3.06062506,-1.82073863,-2.24272927,0.01296997,0.78841305,-0.03509521,3.06060854,-1.76949453,-2.24430545,0.01266091,0.78943773,-0.03509561,3.07359504,-1.70629771,-2.32436379,0.00953674,0.82236386,-0.03433228,-0.01953125,-0.08300781,0.10253906,0.01464844,-0.05859375,-0.01464844,1.03416443,2.64816108,2.64663696,-0.02441406
6.06860709,2110,3.06062506,-1.82112010,-2.24120339,0.01335144,0.78841305,-0.03509521,3.06061965,-1.77034943,-2.24258950,0.01305485,0.78874882,-0.03509534,3.07359504,-1.70782359,-2.32245644,0.00991821,0.82083798,-0.03433228,-0.01953125,-0.08789062,0.11230469,0.01464844,-0.08789062,-0.02929688,1.03378296,2.64800968,2.64663696,0.00000000
6.08201051,2115,3.06062506,-1.82112010,-2.24082192,0.01411438,0.78841305,-0.03509521,3.06062329,-1.77062956,-2.24152026,0.01352891,0.78852308,-0.03509526,3.07321357,-1.70896800,-2.32093056,0.01029968,0.82007504,-0.03433228,-0.03417969,-0.09277344,0.11718750,0.02929688,-0.07324219,-0.01464844,1.03416443,2.64811265,2.64625549,-0.04882812
6.09579539,2120,3.06062506,-1.82112010,-2.24005898,0.01564026,0.78879452,-0.03509521,3.06062448,-1.77072135,-2.24074924,0.01458660,0.78863526,-0.03509523,3.07283210,-1.70973094,-2.31978615,0.01106262,0.81931210,-0.03433228,-0.02441406,-0.06835938,0.12695312,0.04394531,-0.07324219,0.00000000,1.03378296,2.64799381,2.64663696,-0.02441406
6.10928464,2125,3.06062506,-1.82112010,-2.24005898,0.01716614,0.78879452,-0.03509521,3.06062487,-1.77075143,-2.24028516,0.01607820,0.78874234,-0.03509522,3.07283210,-1.71087535,-2.31787880,0.01144409,0.81511593,-0.03433228,-0.01953125,-0.08300781,0.13671875,0.01464844,-0.24902344,-0.02929688,1.03378296,2.64795486,2.64663696,0.00000000
6.12298846,2130,3.06062506,-1.82112010,-2.23929604,0.01907349,0.78917599,-0.03509521,3.06062500,-1.77076129,-2.23980033,0.01781025,0.78903389,-0.03509522,3.07283210,-1.71163829,-2.31635292,0.01144409,0.81091977,-0.03471375,-0.01464844,-0.05371094,0.12695312,0.00000000,-0.27832031,-0.01464844,1.03416443,2.64809469,2.64663696,-0.02441406
6.13565636,2135,3.06062506,-1.82112010,-2.23891457,0.01945496,0.78917599,-0.03509521,3.06062504,-1.77076452,-2.23938499,0.01879688,0.78912943,-0.03509522,3.07245063,-1.71278269,-2.31482704,0.01220703,0.80748654,-0.03433228,-0.01464844,-0.09277344,0.09765625,0.01464844,-0.26367188,0.01464844,1.03416443,2.64814051,2.64663696,0.00000000
6.14881182,2140,3.06062506,-1.82112010,-2.23853310,0.01983643,0.78917599,-0.03509521,3.06062506,-1.77076558,-2.23893139,0.01937665,0.78916073,-0.03509522,3.07206916,-1.71354563,-2.31368264,0.01220703,0.80519772,-0.03471375,-0.02929688,-0.06347656,0.09277344,0.00000000,-0.17578125,0.00000000,1.03416443,2.64815552,2.64663696,0.00000000
6.16026449,2145,3.06062506,-1.82112010,-2.23777016,0.01983643,0.78917599,-0.03509521,3.06062506,-1.77076592,-2.23830106,0.01968577,0.78917099,-0.03509521,3.07206916,-1.71469004,-2.31291970,0.01258850,0.80367184,-0.03471375,-0.01953125,-0.09765625,0.10253906,0.00000000,-0.10253906,-0.02929688,1.03416443,2.64808232,2.64663696,-0.04882812
6.17563534,2150,3.06062506,-1.82112010,-2.23700722,0.02059937,0.78879452,-0.03509521,3.06062506,-1.77076604,-2.23758158,0.02018086,0.78898820,-0.03509521,3.07168769,-1.71621592,-2.31139382,0.01296997,0.80252743,-0.03471375,-0.00976562,-0.09765625,0.09277344,0.01464844,-0.05859375,-0.02929688,1.03416443,2.64813646,2.64625549,-0.04882812
6.19057608,2155,3.06062506,-1.82112010,-2.23586281,0.02098083,0.78879452,-0.03509521,3.06062506,-1.77076608,-2.23661547,0.02064839,0.78885799,-0.03509521,3.07168769,-1.71736033,-2.30986794,0.01411438,0.80252743,-0.03471375,-0.02929688,-0.08300781,0.10742188,0.07324219,0.01464844,0.00000000,1.03416443,2.64807607,2.64663696,0.00000000
6.20358181,2160,3.06062506,-1.82112010,-2.23471840,0.02174377,0.78841305,-0.03509521,3.06062506,-1.77076609,-2.23559052,0.02131452,0.78855885,-0.03509521,3.07130622,-1.71850474,-2.30872353,0.01525879,0.80290890,-0.03471375,-0.02929688,-0.09765625,0.11230469,0.05859375,0.02929688,-0.01464844,1.03416443,2.64813441,2.64625549,-0.04882812
6.21936464,2165,3.06062506,-1.82112010,-2.23357399,0.02250671,0.78765011,-0.03509521,3.06062506,-1.77076609,-2.23453409,0.02193588,0.78806703,-0.03509521,3.07092475,-1.71964915,-2.30719765,0.01564026,0.80329037,-0.03471375,-0.01464844,-0.06835938,0.10742188,0.01464844,0.05859375,-0.01464844,1.03416443,2.64815352,2.64663696,0.00000000
6.23231053,2170,3.06062506,-1.82112010,-2.23242958,0.02250671,0.78765011,-0.03509521,3.06062506,-1.77071726,-2.23344975,0.02231966,0.78778673,-0.03509521,3.07092475,-1.72041209,-2.30567177,0.01564026,0.80290890,-0.03471375,-0.01464844,-0.08300781,0.09765625,-0.01464844,-0.02929688,-0.02929688,1.03416443,2.64815979,2.64663696,-0.04882812
6.24675584,2175,3.06062506,-1.82112010,-2.23128517,0.02288818,0.78765011,-0.03509521,3.06062506,-1.77075009,-2.23217610,0.02263158,0.78769488,-0.03509521,3.07054328,-1.72117503,-2.30414589,0.01564026,0.80214596,-0.03471375,-0.01464844,-0.05371094,0.10742188,-0.01464844,-0.04394531,0.00000000,1.03416443,2.64816184,2.64663696,0.00000000
6.26128030,2180,3.06062506,-1.82112010,-2.22937783,0.02288818,0.78726864,-0.03509521,3.06062506,-1.77076085,-2.23074447,0.02280410,0.78752745,-0.03509521,3.07016181,-1.72231944,-2.30262001,0.01564026,0.80062008,-0.03471375,-0.03417969,-0.06835938,0.11718750,-0.01464844,-0.08789062,-0.01464844,1.03416443,2.64816251,2.64663696,-0.02441406
6.27650070,2185,3.06062506,-1.82112010,-2.22785195,0.02288818,0.78574277,-0.03509521,3.06062506,-1.77072531,-2.22920065,0.02286063,0.78659710,-0.03509521,3.07016181,-1.72308238,-2.30109413,0.01602173,0.79909421,-0.03471375,-0.00976562,-0.06347656,0.10742188,0.00000000,-0.08789062,0.00000000,1.03416443,2.64816273,2.64663696,-0.02441406
6.29076385,2190,3.06062506,-1.82112010,-2.22632607,0.02288818,0.78421689,-0.03509521,3.06059381,-1.77075273,-2.22754975,0.02287916,0.78524732,-0.03509521,3.07016181,-1.72422679,-2.30033120,0.01640320,0.79794980,-0.03471375,-0.01464844,-0.07812500,0.08789062,0.00000000,-0.07324219,-0.01464844,1.03416443,2.64816281,2.64663696,-0.02441406
6.30771041,2195,3.06062506,-1.82112010,-2.22518166,0.02288818,0.78383542,-0.03509521,3.06061482,-1.77076171,-2.22627844,0.02288523,0.78436838,-0.03509521,3.06978034,-1.72537120,-2.29842385,0.01678467,0.79718686,-0.03471375,-0.02441406,-0.06835938,0.09277344,0.00000000,-0.05859375,-0.02929688,1.03416443,2.64816283,2.64663696,-0.02441406
6.32187343,2200,3.06062506,-1.82112010,-2.22403725,0.02288818,0.78307248,-0.03509521,3.06062171,-1.77076466,-2.22499234,0.02288721,0.78364751,-0.03509521,3.06939887,-1.72651561,-2.29689797,0.01678467,0.79642392,-0.03471375,-0.02929688,-0.06835938,0.09277344,0.00000000,-0.01464844,-0.01464844,1.03416443,2.64816284,2.64663696,-0.02441406
6.33574319,2205,3.06062506,-1.82112010,-2.22289284,0.02288818,0.78192807,-0.03509521,3.06062396,-1.77076562,-2.22379223,0.02288787,0.78270292,-0.03509521,3.06939887,-1.72727854,-2.29537209,0.01754761,0.79642392,-0.03471375,-0.01953125,-0.07324219,0.11718750,0.02929688,0.01464844,-0.02929688,1.03416443,2.64816284,2.64663696,-0.02441406
6.35046673,2210,3.06062506,-1.82112010,-2.22174843,0.02288818,0.78078366,-0.03509521,3.06056367,-1.77076594,-2.22260760,0.02288808,0.78160202,-0.03502490,3.06901740,-1.72804148,-2.29422768,0.01831055,0.79604245,-0.03509521,-0.01953125,-0.05859375,0.10253906,0.02929688,0.01464844,-0.02929688,1.03416443,2.64816284,2.64663696,-0.04882812
6.36518621,2215,3.06062506,-1.82112010,-2.22060402,0.02288818,0.77887631,-0.03509521,3.06060495,-1.77076604,-2.22143243,0.02288815,0.78012152,-0.03504092,3.06901740,-1.72880442,-2.29270180,0.01869202,0.79566098,-0.03471375,-0.01464844,-0.05859375,0.09765625,0.02929688,-0.04394531,-0.01464844,1.03416443,2.64816284,2.64663696,-0.02441406
6.37987947,2220,3.06062506,-1.82112010,-2.21945961,0.02288818,0.77773190,-0.03471375,3.06055744,-1.77076608,-2.22029552,0.02288817,0.77866532,-0.03490885,3.06863593,-1.72956736,-2.29117592,0.01907349,0.79489804,-0.03509521,-0.02441406,-0.05371094,0.10253906,0.00000000,-0.05859375,-0.01464844,1.03378296,2.64801025,2.64663696,-0.02441406
6.39508915,2225,3.06062506,-1.82112010,-2.21869667,0.02288818,0.77735043,-0.03471375,3.06055408,-1.77076609,-2.21929090,0.02288818,0.77790044,-0.03477768,3.06825446,-1.73033030,-2.28926857,0.01945496,0.79260922,-0.03509521,-0.00488281,-0.04394531,0.09765625,0.00000000,-0.10253906,-0.01464844,1.03416443,2.64811284,2.64663696,-0.04882812
6.40886784,2230,3.06024359,-1.82112010,-2.21755226,0.02288818,0.77735043,-0.03471375,3.06047668,-1.77070506,-2.21849161,0.02288818,0.77753066,-0.03473469,3.06825446,-1.73109324,-2.28850563,0.01945496,0.79146481,-0.03471375,-0.00976562,-0.06347656,0.10253906,-0.01464844,-0.08789062,-0.01464844,1.03416443,2.64814646,2.64663696,0.00000000
6.42161775,2235,3.06024359,-1.82112010,-2.21640786,0.02288818,0.77696896,-0.03471375,3.06031997,-1.77074609,-2.21734115,0.02288818,0.77733319,-0.03472061,3.06825446,-1.73185618,-2.28736122,0.01945496,0.78993893,-0.03509521,-0.00976562,-0.06347656,0.07324219,0.00000000,-0.11718750,-0.01464844,1.03416443,2.64815747,2.64663696,-0.04882812
6.43396163,2240,3.06024359,-1.82112010,-2.21564492,0.02288818,0.77658749,-0.03471375,3.06026862,-1.77075954,-2.21639019,0.02288818,0.77695098,-0.03471599,3.06825446,-1.73223765,-2.28621682,0.01983643,0.78803158,-0.03509521,-0.00976562,-0.04394531,0.10253906,0.00000000,-0.10253906,-0.01464844,1.03416443,2.64816108,2.64663696,-0.02441406
6.44724321,2245,3.06062506,-1.82112010,-2.21411904,0.02288818,0.77620602,-0.03471375,3.06038912,-1.77076395,-2.21528610,0.02288818,0.77663031,-0.03471448,3.06825446,-1.73300059,-2.28545388,0.02021790,0.78650570,-0.03509521,-0.00488281,-0.06835938,0.07812500,0.01464844,-0.11718750,-0.02929688,1.03416443,2.64816227,2.64663696,-0.04882812
6.46269703,2250,3.06024359,-1.82112010,-2.21297463,0.02250671,0.77620602,-0.03471375,3.06029128,-1.77076539,-2.21401379,0.02281189,0.77634505,-0.03471399,3.06825446,-1.73376353,-2.28354653,0.02098083,0.78497983,-0.03509521,-0.00976562,-0.04882812,0.09277344,0.02929688,-0.08789062,-0.01464844,1.03416443,2.64816265,2.64663696,-0.02441406
6.47638130,2255,3.06024359,-1.82073863,-2.21183022,0.02288818,0.77582455,-0.03433228,3.06030805,-1.77068957,-2.21287630,0.02286318,0.77602636,-0.03463753,3.06787299,-1.73452647,-2.28202065,0.02174377,0.78459836,-0.03509521,-0.01464844,-0.06835938,0.11230469,0.07324219,-0.00000000,0.00000000,1.03416443,2.64804071,2.64663696,-0.02441406
6.48890233,2260,3.06024359,-1.82073863,-2.21106728,0.02288818,0.77544308,-0.03433228,3.06026472,-1.77066472,-2.21181045,0.02287999,0.77575335,-0.03447136,3.06787299,-1.73528941,-2.28125771,0.02288818,0.78459836,-0.03509521,-0.01953125,-0.06835938,0.09765625,0.08789062,0.02929688,-0.02929688,1.03416443,2.64804470,2.64663696,-0.02441406
6.50719738,2265,3.06024359,-1.82112010,-2.20915993,0.02288818,0.77429867,-0.03433228,3.06025052,-1.77073288,-2.21042933,0.02288550,0.77514497,-0.03437785,3.06749152,-1.73643382,-2.27935036,0.02326965,0.78459836,-0.03509521,-0.00976562,-0.05371094,0.10253906,0.00000000,-0.00000000,-0.01464844,1.03416443,2.64804600,2.64663696,-0.02441406
6.52157283,2270,3.06024359,-1.82112010,-2.20801552,0.02288818,0.77353573,-0.03433228,3.06024586,-1.77075521,-2.20913705,0.02288730,0.77421344,-0.03434721,3.06711005,-1.73719676,-2.27782448,0.02326965,0.78421689,-0.03471375,-0.01464844,-0.05859375,0.09765625,-0.01464844,-0.01464844,-0.01464844,1.03416443,2.64800249,2.64663696,-0.02441406
6.53694677,2275,3.06024359,-1.82112010,-2.20648964,0.02288818,0.77200985,-0.03433228,3.06031465,-1.77076253,-2.20774874,0.02288790,0.77306249,-0.03433717,3.06711005,-1.73757823,-2.27668007,0.02288818,0.78383542,-0.03509521,-0.01464844,-0.03906250,0.10253906,-0.01464844,-0.02929688,-0.02929688,1.03416443,2.64804780,2.64663696,-0.04882812
6.55071998,2280,3.06024359,-1.82112010,-2.20534523,0.02288818,0.77010251,-0.03433228,3.06040799,-1.77076492,-2.20641455,0.02288809,0.77139324,-0.03433388,3.06711005,-1.73834117,-2.27515419,0.02288818,0.78269101,-0.03509521,-0.01464844,-0.05859375,0.09277344,-0.02929688,-0.04394531,-0.02929688,1.03378296,2.64769033,2.64663696,-0.04882812
6.56414938,2285,3.06062506,-1.82112010,-2.20420082,0.02288818,0.76819516,-0.03433228,3.06043479,-1.77076571,-2.20514692,0.02288815,0.76951263,-0.03433280,3.06672858,-1.73910411,-2.27400978,0.02288818,0.78078366,-0.03509521,-0.01953125,-0.03906250,0.07324219,-0.01464844,-0.14648438,-0.01464844,1.03378296,2.64757319,2.64663696,-0.02441406
6.57900953,2290,3.06024359,-1.82112010,-2.20305641,0.02288818,0.76590634,-0.03433228,3.06034531,-1.77076597,-2.20381174,0.02288817,0.76734000,-0.03433245,3.06672858,-1.73948558,-2.27286537,0.02326965,0.77887631,-0.03509521,-0.01953125,-0.02929688,0.09765625,0.00000000,-0.11718750,-0.01464844,1.03378296,2.64745669,2.64701843,-0.02441406
6.59677672,2295,3.06024359,-1.82112010,-2.20076760,0.02288818,0.76285458,-0.03433228,3.06033796,-1.77073480,-2.20205612,0.02288818,0.76483608,-0.03433233,3.06634711,-1.74024852,-2.27133950,0.02326965,0.77735043,-0.03509521,-0.01464844,-0.06835938,0.11230469,-0.01464844,-0.01464844,-0.01464844,1.03378296,2.64741851,2.64701843,0.00000000
6.60955477,2300,3.06062506,-1.82112010,-2.19886025,0.02288818,0.76094723,-0.03433228,3.06039964,-1.77075584,-2.20035718,0.02288818,0.76262241,-0.03433229,3.06634711,-1.74101145,-2.27019509,0.02288818,0.77696896,-0.03509521,-0.00488281,-0.06347656,0.09277344,-0.01464844,-0.00000000,-0.01464844,1.03378296,2.64740600,2.64701843,0.00000000
6.62383962,2305,3.06024359,-1.82112010,-2.19733437,0.02288818,0.75903988,-0.03433228,3.06040459,-1.77076273,-2.19869451,0.02281787,0.76065375,-0.03433228,3.06634711,-1.74139292,-2.26866921,0.02326965,0.77696896,-0.03509521,-0.00976562,-0.04394531,0.08300781,0.00000000,0.02929688,-0.01464844,1.03378296,2.64740190,2.64663696,-0.02441406
6.63856888,2310,3.06024359,-1.82112010,-2.19580849,0.02288818,0.75713254,-0.03433228,3.06044528,-1.77076499,-2.19712381,0.02286514,0.75868725,-0.03433228,3.06634711,-1.74215586,-2.26752480,0.02288818,0.77696896,-0.03509521,-0.01464844,-0.06347656,0.11718750,-0.02929688,0.01464844,-0.02929688,1.03378296,2.64740056,2.64663696,-0.02441406
6.65019011,2315,3.06062506,-1.82112010,-2.19466408,0.02288818,0.75560666,-0.03433228,3.06047826,-1.77070470,-2.19575182,0.02288063,0.75687587,-0.03433228,3.06634711,-1.74253733,-2.26599892,0.02326965,0.77696896,-0.03509521,-0.00488281,-0.04394531,0.10742188,0.00000000,-0.01464844,0.00000000,1.03378296,2.64740012,2.64701843,-0.04882812
6.66584134,2320,3.06062506,-1.82112010,-2.19390114,0.02288818,0.75408078,-0.03433228,3.06053790,-1.77070691,-2.19465796,0.02288571,0.75524863,-0.03433228,3.06596564,-1.74330027,-2.26447304,0.02288818,0.77582455,-0.03471375,-0.01464844,-0.02441406,0.10253906,-0.01464844,-0.08789062,-0.01464844,1.03378296,2.64730232,2.64701843,-0.02441406
6.68173361,2325,3.06062506,-1.82112010,-2.19275673,0.02288818,0.75293637,-0.03433228,3.06059650,-1.77074670,-2.19363022,0.02288737,0.75394454,-0.03433228,3.06596564,-1.74368174,-2.26294716,0.02288818,0.77353573,-0.03509521,-0.00976562,-0.03417969,0.08300781,-0.02929688,-0.11718750,-0.01464844,1.03378296,2.64730543,2.64701843,-0.02441406
6.69469643,2330,3.06062506,-1.82112010,-2.19275673,0.02288818,0.75293637,-0.03433228,3.06061570,-1.77072068,-2.19304296,0.02288792,0.75320569,-0.03433228,3.06596564,-1.74406321,-2.26180275,0.02288818,0.77200985,-0.03509521,-0.01464844,-0.02929688,0.09277344,-0.01464844,-0.11718750,0.00000000,1.03340149,2.64685600,2.64701843,-0.02441406
6.70870686,2335,3.06062506,-1.82073863,-2.19275673,0.02288818,0.75293637,-0.03395081,3.06058293,-1.77062609,-2.19285052,0.02288810,0.75295431,-0.03425598,3.06558417,-1.74444468,-2.26065834,0.02288818,0.77048398,-0.03509521,-0.01953125,-0.03906250,0.08789062,-0.01464844,-0.07324219,-0.02929688,1.03302002,2.64643408,2.64701843,-0.02441406
6.72225070,2340,3.06062506,-1.82073863,-2.19275673,0.02288818,0.75293637,-0.03395081,3.06061126,-1.77053406,-2.19278747,0.02288816,0.75294225,-0.03408206,3.06558417,-1.74482615,-2.25951393,0.02288818,0.76933957,-0.03509521,-0.01464844,-0.02929688,0.07324219,-0.01464844,-0.05859375,-0.01464844,1.03263855,2.64590495,2.64663696,-0.04882812
6.73430777,2345,3.06062506,-1.82112010,-2.19275673,0.02288818,0.75293637,-0.03395081,3.06051068,-1.77050988,-2.19276680,0.02288817,0.75293829,-0.03399381,3.06558417,-1.74558909,-2.25875099,0.02288818,0.76895810,-0.03509521,-0.00976562,-0.04882812,0.08789062,-0.01464844,-0.02929688,-0.01464844,1.03225708,2.64521863,2.64701843,0.00000000
6.74901009,2350,3.06062506,-1.82112010,-2.19275673,0.02288818,0.75293637,-0.03395081,3.06055633,-1.77054103,-2.19276003,0.02288818,0.75288817,-0.03396490,3.06558417,-1.74635203,-2.25722512,0.02288818,0.76781369,-0.03509521,-0.00976562,-0.05859375,0.08300781,0.00000000,-0.07324219,-0.01464844,1.03187561,2.64435873,2.64701843,-0.02441406
6.76298833,2355,3.06062506,-1.82112010,-2.19275673,0.02288818,0.75293637,-0.03395081,3.06057129,-1.77054342,-2.19275781,0.02288818,0.75288151,-0.03381431,3.06558417,-1.74673350,-2.25569924,0.02288818,0.76705075,-0.03471375,-0.00976562,-0.05371094,0.09765625,0.01464844,-0.04394531,-0.02929688,1.02996826,2.64255816,2.64701843,0.00000000
6.77779198,2360,3.06062506,-1.82112010,-2.19275673,0.02288818,0.75293637,-0.03356934,3.06060744,-1.77064430,-2.19275709,0.02288818,0.75291839,-0.03364961,3.06520270,-1.74711497,-2.25455483,0.02326965,0.76666928,-0.03471375,-0.01464844,-0.03417969,0.10253906,0.01464844,-0.02929688,-0.01464844,1.02615356,2.63695691,2.64701843,-0.02441406
6.79262233,2365,3.06062506,-1.82073863,-2.19275673,0.02288818,0.75293637,-0.03356934,3.06061929,-1.77061864,-2.19275685,0.02288818,0.75293048,-0.03359564,3.06520270,-1.74749644,-2.25341042,0.02288818,0.76476193,-0.03471375,-0.01953125,-0.03906250,0.08300781,0.00000000,-0.10253906,-0.01464844,1.02043152,2.62897038,2.64663696,-0.02441406
6.80437565,2370,3.06024359,-1.82112010,-2.19275673,0.02288818,0.75293637,-0.03395081,3.06054688,-1.77059864,-2.19275677,0.02288818,0.75293444,-0.03365425,3.06482123,-1.74787791,-2.25226601,0.02288818,0.76323605,-0.03471375,-0.03417969,-0.02929688,0.09277344,0.00000000,-0.13183594,-0.01464844,1.01585388,2.61997542,2.64663696,-0.04882812
6.82002187,2375,3.06062506,-1.82073863,-2.19275673,0.02288818,0.75293637,-0.03356934,3.06059944,-1.77049381,-2.19275674,0.02288818,0.75293574,-0.03359716,3.06443976,-1.74864085,-2.25074013,0.02288818,0.76171017,-0.03509521,-0.01953125,-0.04394531,0.10253906,-0.01464844,-0.05859375,-0.02929688,1.01013184,2.60855261,2.64663696,-0.04882812
6.83345699,2380,3.06062506,-1.82073863,-2.19275673,0.02288818,0.75293637,-0.03395081,3.06061667,-1.77045947,-2.19275674,0.02288818,0.75293616,-0.03370358,3.06443976,-1.74864085,-2.24997719,0.02288818,0.76094723,-0.03471375,-0.00488281,-0.02929688,0.06347656,-0.02929688,-0.04394531,0.00000000,1.00479126,2.59812941,2.64625549,-0.02441406
6.84866524,2385,3.06062506,-1.82112010,-2.19275673,0.02288818,0.75293637,-0.03356934,3.06058325,-1.77054648,-2.19275673,0.02288818,0.75293630,-0.03368364,3.06443976,-1.74902232,-2.24883278,0.02288818,0.76094723,-0.03509521,-0.00976562,-0.02929688,0.06835938,-0.01464844,0.01464844,-0.02929688,0.99906921,2.58602277,2.64625549,-0.04882812
6.86374545,2390,3.06062506,-1.82073863,-2.19275673,0.02288818,0.75293637,-0.03395081,3.06061136,-1.77043766,-2.19275673,0.02288818,0.75293635,-0.03377537,3.06443976,-1.74978526,-2.24806984,0.02288818,0.76056576,-0.03471375,0.00000000,-0.03906250,0.06835938,-0.01464844,-0.00000000,-0.02929688,0.99601746,2.57770703,2.64549255,-0.07324219
6.87777710,2395,3.06062506,-1.82073863,-2.19275673,0.02288818,0.75293637,-0.03356934,3.06062057,-1.77047231,-2.19275673,0.02288818,0.75293636,-0.03372913,3.06443976,-1.75016673,-2.24654396,0.02288818,0.75980282,-0.03471375,-0.00488281,-0.05371094,0.08789062,0.01464844,-0.04394531,0.00000000,0.99334717,2.57083589,2.64434814,-0.09765625
6.89133859,2400,3.06062506,-1.82073863,-2.19275673,0.02288818,0.75293637,-0.03356934,3.06062359,-1.77046219,-2.19275673,0.02288818,0.75293637,-0.03374084,3.06443976,-1.75092967,-2.24539955,0.02288818,0.75865841,-0.03471375,-0.00976562,-0.03906250,0.09765625,-0.02929688,-0.02929688,-0.01464844,0.99334717,2.56793983,2.64320374,-0.12207031
6.90604019,2405,3.06062506,-1.82073863,-2.19275673,0.02288818,0.75293637,-0.03356934,3.06062458,-1.77041004,-2.19275673,0.02288818,0.75293637,-0.03362553,3.06443976,-1.75131114,-2.24463662,0.02288818,0.75827694,-0.03471375,-0.01464844,-0.03906250,0.07324219,-0.01464844,-0.02929688,0.00000000,0.99372864,2.56724109,2.64129639,-0.14648438
6.91852307,2410,3.06062506,-1.82073863,-2.19275673,0.02288818,0.75331784,-0.03356934,3.06062491,-1.77039295,-2.19275673,0.02288818,0.75316159,-0.03358775,3.06443976,-1.75169261,-2.24349221,0.02288818,0.75827694,-0.03471375,-0.01464844,-0.03417969,0.07324219,-0.01464844,0.01464844,-0.02929688,0.99334717,2.56684000,2.63977051,-0.14648438
6.93187237,2415,3.06062506,-1.82073863,-2.19275673,0.02288818,0.75369931,-0.03356934,3.06062501,-1.77038735,-2.19275673,0.02293701,0.75340397,-0.03357537,3.06443976,-1.75207408,-2.24272927,0.02288818,0.75789547,-0.03471375,-0.00976562,-0.04882812,0.06347656,-0.01464844,-0.01464844,-0.01464844,0.99334717,2.56663045,2.63824463,-0.14648438
6.94584107,2420,3.06062506,-1.82073863,-2.19275673,0.02326965,0.75408078,-0.03356934,3.06062505,-1.77038552,-2.19275673,0.02301954,0.75378869,-0.03357131,3.06405829,-1.75245555,-2.24196633,0.02288818,0.75789547,-0.03471375,-0.01464844,-0.03417969,0.07812500,-0.01464844,0.01464844,-0.01464844,0.99029541,2.56434108,2.63633728,-0.19531250
6.95949841,2425,3.06062506,-1.82073863,-2.19275673,0.02326965,0.75484372,-0.03318787,3.06062506,-1.77038492,-2.19275673,0.02318770,0.75437886,-0.03331351,3.06405829,-1.75283702,-2.24082192,0.02288818,0.75713254,-0.03471375,-0.00976562,-0.03417969,0.06835938,-0.01464844,-0.07324219,-0.01464844,0.98609924,2.55816732,2.63290405,-0.26855469
6.97304511,2430,3.06062506,-1.82073863,-2.19275673,0.02326965,0.75522519,-0.03280640,3.06062506,-1.77038472,-2.19275673,0.02324280,0.75487755,-0.03304288,3.06405829,-1.75321849,-2.24044045,0.02288818,0.75598813,-0.03471375,-0.00976562,-0.03417969,0.06347656,-0.01464844,-0.08789062,-0.02929688,0.98304749,2.55092360,2.63137817,-0.14648438
6.98881125,2435,3.06062506,-1.82073863,-2.19275673,0.02403259,0.75560666,-0.03280640,3.06062506,-1.77038466,-2.19275673,0.02359362,0.75518757,-0.03288389,3.06405829,-1.75359996,-2.23929604,0.02288818,0.75446225,-0.03471375,-0.00976562,-0.01953125,0.08789062,-0.01464844,-0.10253906,0.00000000,0.98304749,2.54748747,2.62603760,-0.39062500
7.00350094,2440,3.06062506,-1.82073863,-2.19275673,0.02441406,0.75560666,-0.03242493,3.06062506,-1.77038463,-2.19271767,0.02407491,0.75546933,-0.03257532,3.06405829,-1.75398143,-2.23777016,0.02288818,0.75331784,-0.03471375,-0.01464844,-0.01953125,0.08789062,-0.01464844,-0.05859375,-0.01464844,0.98304749,2.54643965,2.62489319,-0.12207031
7.01579499,2445,3.06062506,-1.82073863,-2.19237526,0.02517700,0.75598813,-0.03166199,3.06062506,-1.77038463,-2.19248746,0.02463569,0.75581813,-0.03203158,3.06367682,-1.75398143,-2.23700722,0.02288818,0.75293637,-0.03471375,-0.00488281,-0.01953125,0.06347656,-0.02929688,-0.00000000,-0.01464844,0.98304749,2.54609630,2.62069702,-0.39062500
7.03043699,2450,3.06062506,-1.82073863,-2.19237526,0.02555847,0.75598813,-0.03128052,3.06062506,-1.77038462,-2.19241203,0.02513695,0.75593242,-0.03152663,3.06367682,-1.75436290,-2.23624428,0.02288818,0.75331784,-0.03471375,-0.00976562,-0.01464844,0.06835938,-0.01464844,0.04394531,0.00000000,0.98304749,2.54598379,2.61611938,-0.39062500
7.04427099,2455,3.06062506,-1.82073863,-2.19237526,0.02632141,0.75598813,-0.03128052,3.06062506,-1.77038462,-2.19238731,0.02586298,0.75596987,-0.03136116,3.06367682,-1.75436290,-2.23548134,0.02288818,0.75408078,-0.03471375,-0.00488281,-0.01953125,0.06347656,-0.02929688,0.04394531,-0.01464844,0.98304749,2.54577114,2.60810852,-0.48828125
7.05888104,2460,3.06062506,-1.82073863,-2.19237526,0.02708435,0.75636960,-0.03128052,3.06062506,-1.77038462,-2.19237921,0.02647270,0.75611947,-0.03130694,3.06367682,-1.75474436,-2.23471840,0.02288818,0.75408078,-0.03471375,-0.00488281,-0.02929688,0.06835938,-0.02929688,0.02929688,-0.01464844,0.98304749,2.54587724,2.60238647,-0.43945312
7.07271218,2465,3.06062506,-1.82073863,-2.19237526,0.02708435,0.75636960,-0.03128052,3.06062506,-1.77038462,-2.19237656,0.02688393,0.75625639,-0.03128918,3.06367682,-1.75550730,-2.23357399,0.02288818,0.75369931,-0.03471375,-0.00488281,-0.03417969,0.07324219,-0.04394531,-0.00000000,-0.01464844,0.98304749,2.54573623,2.59742737,-0.34179688
7.08834338,2470,3.06062506,-1.82073863,-2.19237526,0.02746582,0.75675107,-0.03128052,3.06062506,-1.77038462,-2.19237569,0.02724390,0.75651866,-0.03128336,3.06367682,-1.75588877,-2.23281105,0.02288818,0.75408078,-0.03471375,-0.00976562,-0.03417969,0.06347656,-0.01464844,0.02929688,-0.01464844,0.98266602,2.54541536,2.59208679,-0.41503906
7.10145855,2475,3.06062506,-1.82073863,-2.19237526,0.02784729,0.75713254,-0.03128052,3.06062506,-1.77038462,-2.19237540,0.02761832,0.75686107,-0.03128145,3.06367682,-1.75627024,-2.23204811,0.02288818,0.75408078,-0.03471375,-0.00488281,-0.02929688,0.06347656,-0.01464844,-0.00000000,0.00000000,0.98266602,2.54534538,2.58636475,-0.58593750
7.11753345,2480,3.06062506,-1.82073863,-2.19237526,0.02899170,0.75789547,-0.03128052,3.06062506,-1.77038462,-2.19237531,0.02829118,0.75730603,-0.03128082,3.06367682,-1.75627024,-2.23128517,0.02288818,0.75408078,-0.03471375,-0.00488281,-0.01953125,0.04882812,0.00000000,0.02929688,0.00000000,0.98266602,2.54522479,2.58140564,-0.14648438
7.13123703,2485,3.06062506,-1.82073863,-2.19237526,0.03013611,0.75827694,-0.03128052,3.06062506,-1.77038462,-2.19237528,0.02934211,0.75788848,-0.03128062,3.06329535,-1.75665171,-2.23052224,0.02326965,0.75408078,-0.03433228,-0.00976562,-0.01953125,0.04882812,-0.01464844,-0.00000000,-0.01464844,0.98228455,2.54473484,2.57949829,-0.24414062
7.14425588,2490,3.06062506,-1.82073863,-2.19237526,0.03089905,0.75865841,-0.03128052,3.06062506,-1.77038462,-2.19237527,0.03028731,0.75837487,-0.03128055,3.06329535,-1.75665171,-2.23014077,0.02326965,0.75408078,-0.03433228,-0.00976562,-0.02929688,0.05859375,-0.02929688,-0.00000000,0.00000000,0.98152161,2.54398688,2.57415771,-0.34179688
7.15722513,2495,3.06062506,-1.82073863,-2.19199379,0.03128052,0.75942135,-0.03128052,3.06062506,-1.77038462,-2.19223794,0.03095506,0.75895930,-0.03128053,3.06329535,-1.75703318,-2.22937783,0.02326965,0.75408078,-0.03433228,-0.00976562,-0.02929688,0.04882812,0.00000000,0.01464844,-0.01464844,0.97732544,2.53945591,2.57072449,-0.17089844
7.17040849,2500,3.06062506,-1.82073863,-2.19161232,0.03128052,0.75942135,-0.03128052,3.06062506,-1.77038462,-2.19193646,0.03117387,0.75926995,-0.03128052,3.06329535,-1.75741465,-2.22861489,0.02365112,0.75408078,-0.03433228,-0.01953125,-0.02441406,0.04394531,0.00000000,0.01464844,0.00000000,0.97198486,2.53141895,2.56958008,-0.14648438
7.18434477,2505,3.06062506,-1.82073863,-2.19084938,0.03166199,0.75942135,-0.03128052,3.06062506,-1.77038462,-2.19135599,0.03132187,0.75937174,-0.03128052,3.06291388,-1.75779612,-2.22785195,0.02365112,0.75408078,-0.03433228,-0.02929688,-0.04394531,0.05371094,0.01464844,-0.00000000,-0.01464844,0.97122192,2.52551148,2.56309509,-0.48828125
7.19640994,2510,3.06062506,-1.82073863,-2.19008644,0.03242493,0.75903988,-0.03128052,3.06062506,-1.77038462,-2.19071387,0.03170312,0.75917988,-0.03128052,3.06253241,-1.75817759,-2.22747048,0.02365112,0.75446225,-0.03433228,-0.01464844,-0.02441406,0.05371094,0.01464844,0.02929688,-0.01464844,0.97160339,2.52378787,2.55928040,-0.29296875
7.21388841,2515,3.06062506,-1.82073863,-2.18856057,0.03471375,0.75903988,-0.03128052,3.06062506,-1.77038462,-2.18948686,0.03325603,0.75908576,-0.03128052,3.06253241,-1.75855906,-2.22632607,0.02403259,0.75484372,-0.03433228,-0.00976562,-0.02929688,0.06835938,-0.01464844,0.04394531,0.00000000,0.97198486,2.52392059,2.55737305,-0.24414062
7.22654772,2520,3.06062506,-1.82073863,-2.18779763,0.03738403,0.75903988,-0.03166199,3.06062506,-1.77038462,-2.18856258,0.03533117,0.75905492,-0.03153699,3.06253241,-1.75894053,-2.22594460,0.02441406,0.75484372,-0.03433228,-0.00976562,-0.02929688,0.04394531,-0.01464844,0.02929688,-0.01464844,0.97198486,2.52410471,2.55279541,-0.31738281
7.24144840,2525,3.06062506,-1.82073863,-2.18665322,0.03929138,0.75827694,-0.03166199,3.06062506,-1.77038462,-2.18752937,0.03768071,0.75871205,-0.03162103,3.06253241,-1.75894053,-2.22518166,0.02517700,0.75522519,-0.03433228,-0.00976562,-0.01464844,0.05371094,0.02929688,0.02929688,-0.01464844,0.97198486,2.52398047,2.54631042,-0.36621094
7.25769925,2530,3.06062506,-1.82073863,-2.18627175,0.04119873,0.75827694,-0.03166199,3.06062506,-1.77038462,-2.18671509,0.03953520,0.75841952,-0.03164857,3.06253241,-1.75932200,-2.22403725,0.02632141,0.75522519,-0.03433228,-0.00488281,-0.01464844,0.04394531,0.07324219,0.02929688,-0.01464844,0.97198486,2.52386163,2.54478455,-0.02441406
7.27172709,2535,3.06062506,-1.82073863,-2.18589028,0.04348755,0.75827694,-0.03166199,3.06062506,-1.77038462,-2.18616055,0.04156256,0.75832366,-0.03165759,3.06253241,-1.75932200,-2.22365578,0.02746582,0.75560666,-0.03395081,-0.00976562,-0.01464844,0.06347656,0.04394531,0.07324219,0.00000000,0.97198486,2.52390081,2.54440308,-0.07324219
7.28557110,2540,3.06062506,-1.82073863,-2.18589028,0.04577637,0.75827694,-0.03204346,3.06072516,-1.77038462,-2.18597884,0.04396346,0.75829225,-0.03191702,3.06253241,-1.75970347,-2.22289284,0.02822876,0.75598813,-0.03395081,-0.00488281,-0.02441406,0.05371094,0.04394531,0.01464844,-0.01464844,0.97236633,2.52398812,2.54364014,-0.09765625
7.30091524,2545,3.06100653,-1.82073863,-2.18589028,0.04653931,0.75865841,-0.03204346,3.06084402,-1.77038462,-2.18591930,0.04562494,0.75850718,-0.03200202,3.06253241,-1.76008494,-2.22212990,0.02975464,0.75560666,-0.03395081,-0.00488281,-0.02441406,0.04882812,0.11718750,0.01464844,-0.01464844,0.97160339,2.52358948,2.53906250,-0.41503906
7.31645250,2550,3.06100653,-1.82073863,-2.18589028,0.04653931,0.75865841,-0.03204346,3.06095328,-1.77038462,-2.18589979,0.04623969,0.75860886,-0.03196885,3.06253241,-1.76008494,-2.22136696,0.03166199,0.75560666,-0.03395081,-0.00976562,-0.01464844,0.06347656,0.08789062,0.01464844,0.00000000,0.97045898,2.52254308,2.53753662,-0.09765625
7.32926011,2555,3.06138800,-1.82073863,-2.18589028,0.04730225,0.75865841,-0.03204346,3.06106538,-1.77038462,-2.18589339,0.04677389,0.75864218,-0.03193112,3.06253241,-1.76046641,-2.22098549,0.03242493,0.75598813,-0.03356934,-0.00488281,-0.01953125,0.05859375,0.07324219,0.02929688,0.00000000,0.96664429,2.51824659,2.53639221,-0.14648438
7.34391570,2560,3.06176947,-1.82073863,-2.18589028,0.04768372,0.75865841,-0.03204346,3.06141962,-1.77038462,-2.18589130,0.04735433,0.75865309,-0.03200665,3.06253241,-1.76046641,-2.21984108,0.03356934,0.75598813,-0.03395081,-0.00488281,-0.00976562,0.05859375,0.05859375,0.01464844,0.00000000,0.96130371,2.50985971,2.53295898,-0.21972656
7.35984993,2565,3.06215094,-1.82073863,-2.18589028,0.04768372,0.75827694,-0.03204346,3.06179216,-1.77038462,-2.18589061,0.04757578,0.75851934,-0.03194350,3.06253241,-1.76046641,-2.21907814,0.03433228,0.75636960,-0.03356934,-0.01464844,-0.00488281,0.05859375,0.02929688,0.04394531,0.00000000,0.96130371,2.50487223,2.53143311,-0.12207031
7.37389565,2570,3.06253241,-1.82073863,-2.18589028,0.04806519,0.75827694,-0.03166199,3.06217071,-1.77038462,-2.18589039,0.04787357,0.75835637,-0.03182455,3.06253241,-1.76046641,-2.21831520,0.03471375,0.75675107,-0.03356934,-0.00488281,-0.01464844,0.03906250,0.01464844,0.01464844,-0.01464844,0.96130371,2.50323794,2.52571106,-0.29296875
7.38895988,2575,3.06253241,-1.82073863,-2.18589028,0.04806519,0.75827694,-0.03166199,3.06241389,-1.77038462,-2.18589031,0.04800240,0.75841284,-0.03171525,3.06253241,-1.76084788,-2.21755226,0.03547668,0.75865841,-0.03356934,-0.00976562,-0.01953125,0.03906250,0.01464844,0.16113281,-0.01464844,0.96130371,2.50270241,2.52304077,-0.04882812
7.40278530,2580,3.06253241,-1.82073863,-2.18589028,0.04844666,0.75827694,-0.03166199,3.06249358,-1.77038462,-2.18589029,0.04818194,0.75832147,-0.03167944,3.06215094,-1.76084788,-2.21717079,0.03585815,0.75942135,-0.03356934,-0.00488281,-0.02441406,0.04394531,0.04394531,0.13183594,-0.01464844,0.96015930,2.50128890,2.52265930,-0.07324219
7.41662431,2585,3.06253241,-1.82073863,-2.18589028,0.04844666,0.75827694,-0.03166199,3.06251969,-1.77038462,-2.18589028,0.04835991,0.75829154,-0.03166771,3.06215094,-1.76161082,-2.21678933,0.03700256,0.76056576,-0.03356934,-0.00488281,-0.03906250,0.03417969,0.07324219,0.07324219,-0.01464844,0.95367432,2.49411551,2.52227783,-0.07324219
7.43030000,2590,3.06253241,-1.82073863,-2.18589028,0.04844666,0.75827694,-0.03166199,3.06252824,-1.77038462,-2.18589028,0.04841823,0.75828173,-0.03166386,3.06215094,-1.76199229,-2.21602639,0.03852844,0.76132870,-0.03318787,-0.00976562,-0.02929688,0.05371094,0.05859375,0.05859375,0.01464844,0.94757080,2.48304130,2.52075195,-0.21972656
7.44588470,2595,3.06253241,-1.82073863,-2.18589028,0.04844666,0.75789547,-0.03166199,3.06253105,-1.77038462,-2.18589028,0.04843734,0.75809235,-0.03166260,3.06215094,-1.76199229,-2.21564492,0.03967285,0.76171017,-0.03318787,-0.00488281,-0.02441406,0.04394531,0.05859375,0.01464844,-0.01464844,0.94490051,2.47415298,2.51655579,-0.17089844
7.45948100,2600,3.06253241,-1.82073863,-2.18589028,0.04844666,0.75713254,-0.03166199,3.06253197,-1.77038462,-2.18589028,0.04844360,0.75762722,-0.03166219,3.06215094,-1.76237376,-2.21488198,0.04081726,0.76132870,-0.03318787,-0.00488281,-0.01953125,0.05371094,0.05859375,-0.01464844,0.00000000,0.94528198,2.47126805,2.51121521,-0.51269531
7.47277021,2605,3.06253241,-1.82073863,-2.18589028,0.04844666,0.75675107,-0.03166199,3.06253227,-1.77038462,-2.18589028,0.04844566,0.75721834,-0.03166205,3.06215094,-1.76237376,-2.21450051,0.04158020,0.76132870,-0.03318787,-0.00488281,-0.00976562,0.05371094,0.02929688,0.01464844,-0.01464844,0.94528198,2.47049849,2.50663757,-0.39062500
7.48703456,2610,3.06253241,-1.82073863,-2.18589028,0.04844666,0.75636960,-0.03166199,3.06253236,-1.77038462,-2.18589028,0.04844633,0.75689820,-0.03166201,3.06215094,-1.76237376,-2.21411904,0.04158020,0.76132870,-0.03318787,-0.00488281,-0.00976562,0.04394531,0.01464844,0.01464844,-0.01464844,0.94490051,2.47027831,2.50587463,-0.14648438
7.50128555,2615,3.06253241,-1.82073863,-2.18589028,0.04844666,0.75560666,-0.03166199,3.06253240,-1.77038462,-2.18589028,0.04844655,0.75621932,-0.03166199,3.06215094,-1.76275523,-2.21335610,0.04196167,0.76132870,-0.03280640,-0.00488281,-0.00976562,0.05859375,0.00000000,0.01464844,0.00000000,0.94490051,2.46992393,2.49900818,-0.58593750
7.51472139,2620,3.06253241,-1.82073863,-2.18589028,0.04844666,0.75484372,-0.03166199,3.06253241,-1.77038462,-2.18589028,0.04844662,0.75541362,-0.03166199,3.06215094,-1.76275523,-2.21297463,0.04196167,0.76132870,-0.03280640,-0.00488281,-0.01953125,0.03906250,0.00000000,0.02929688,-0.01464844,0.94490051,2.46972968,2.49290466,-0.43945312
7.52855682,2625,3.06253241,-1.82073863,-2.18589028,0.04844666,0.75408078,-0.03166199,3.06253241,-1.77038462,-2.18589028,0.04844664,0.75463666,-0.03166199,3.06215094,-1.76275523,-2.21221169,0.04234314,0.76132870,-0.03280640,-0.00488281,-0.01464844,0.04882812,-0.01464844,0.02929688,-0.01464844,0.94490051,2.46966603,2.48832703,-0.31738281
7.54204559,2630,3.06253241,-1.82073863,-2.18589028,0.04844666,0.75331784,-0.03166199,3.06253241,-1.77038462,-2.18589028,0.04844665,0.75386913,-0.03166199,3.06215094,-1.76313670,-2.21183022,0.04234314,0.76094723,-0.03280640,0.00000000,-0.02441406,0.04882812,-0.01464844,-0.01464844,-0.02929688,0.94490051,2.46964518,2.48603821,-0.09765625
7.55513573,2635,3.06253241,-1.82073863,-2.18589028,0.04844666,0.75179196,-0.03166199,3.06253241,-1.77038462,-2.18589028,0.04844665,0.75280317,-0.03166199,3.06215094,-1.76351817,-2.21144875,0.04272461,0.76056576,-0.03242493,-0.00488281,-0.02441406,0.03417969,0.00000000,-0.04394531,0.00000000,0.94490051,2.46963834,2.48603821,-0.02441406
7.56709790,2640,3.06253241,-1.82073863,-2.18589028,0.04844666,0.75102902,-0.03166199,3.06253241,-1.77038462,-2.18589028,0.04844665,0.75182180,-0.03166199,3.06215094,-1.76351817,-2.21106728,0.04272461,0.76018429,-0.03242493,-0.00488281,-0.01464844,0.02929688,0.01464844,-0.01464844,-0.02929688,0.94451904,2.46929894,2.48603821,-0.02441406
7.58198452,2645,3.06253241,-1.82073863,-2.18589028,0.04844666,0.75026608,-0.03166199,3.06253241,-1.77038462,-2.18589028,0.04844666,0.75098728,-0.03166199,3.06215094,-1.76351817,-2.21068581,0.04310608,0.75980282,-0.03242493,-0.00488281,-0.01464844,0.03417969,-0.01464844,-0.00000000,-0.01464844,0.94375610,2.46834642,2.48527527,-0.07324219
7.59413528,2650,3.06253241,-1.82073863,-2.18589028,0.04806519,0.74874020,-0.03166199,3.06253241,-1.77038462,-2.18589028,0.04837036,0.74980709,-0.03166199,3.06215094,-1.76351817,-2.21030434,0.04348755,0.75903988,-0.03242493,-0.00488281,-0.00976562,0.03417969,0.01464844,-0.04394531,-0.01464844,0.94032288,2.46517859,2.48489380,-0.02441406
7.60931182,2655,3.06253241,-1.82073863,-2.18589028,0.04844666,0.74721432,-0.03166199,3.06253241,-1.77038462,-2.18589028,0.04842166,0.74831587,-0.03166199,3.06215094,-1.76389964,-2.20992287,0.04386902,0.75789547,-0.03204346,-0.00488281,-0.00976562,0.03906250,0.02929688,-0.07324219,0.00000000,0.93612671,2.45760368,2.48336792,-0.14648438
7.62235522,2660,3.06253241,-1.82073863,-2.18589028,0.04844666,0.74530697,-0.03166199,3.06253241,-1.77038462,-2.18589028,0.04843846,0.74663277,-0.03166199,3.06215094,-1.76389964,-2.20915993,0.04425049,0.75713254,-0.03204346,-0.00488281,-0.00976562,0.02929688,0.02929688,-0.08789062,-0.01464844,0.93421936,2.45139278,2.48031616,-0.24414062
7.63851857,2665,3.06253241,-1.82073863,-2.18589028,0.04844666,0.74225522,-0.03166199,3.06253241,-1.77038462,-2.18589028,0.04844397,0.74415303,-0.03166199,3.06215094,-1.76389964,-2.20877846,0.04501343,0.75484372,-0.03204346,-0.00488281,-0.00488281,0.04882812,0.02929688,-0.07324219,-0.01464844,0.93460083,2.44954534,2.47840881,-0.24414062
7.65085673,2670,3.06253241,-1.82073863,-2.18589028,0.04844666,0.74034787,-0.03166199,3.06253241,-1.77038462,-2.18589028,0.04844578,0.74202687,-0.03166199,3.06215094,-1.76389964,-2.20839699,0.04539490,0.75369931,-0.03204346,0.00000000,-0.00488281,0.03417969,-0.01464844,-0.07324219,0.00000000,0.93460083,2.44920266,2.47383118,-0.39062500
7.66551018,2675,3.06253241,-1.82073863,-2.18589028,0.04844666,0.73882199,-0.03166199,3.06253241,-1.77038462,-2.18589028,0.04844637,0.74017295,-0.03166199,3.06215094,-1.76389964,-2.20801552,0.04539490,0.75255490,-0.03204346,0.00000000,-0.00976562,0.03417969,0.00000000,-0.07324219,-0.01464844,0.93460083,2.44909037,2.47001648,-0.17089844
7.67901969,2680,3.06253241,-1.82073863,-2.18589028,0.04844666,0.73615170,-0.03166199,3.06253241,-1.77038462,-2.18589028,0.04844656,0.73816958,-0.03166199,3.06215094,-1.76428111,-2.20763405,0.04539490,0.75179196,-0.03204346,-0.00488281,-0.00976562,0.02929688,0.00000000,-0.04394531,-0.01464844,0.93460083,2.44879088,2.46963501,-0.07324219
7.69333720,2685,3.06253241,-1.82073863,-2.18589028,0.04844666,0.73538876,-0.03128052,3.06253241,-1.77038462,-2.18589028,0.04844662,0.73645037,-0.03158569,3.06215094,-1.76428111,-2.20725258,0.04577637,0.75141049,-0.03204346,0.00000000,-0.02929688,0.02929688,0.00000000,0.01464844,0.00000000,0.93421936,2.44880285,2.46658325,-0.26855469
7.70850086,2690,3.06253241,-1.82073863,-2.18589028,0.04844666,0.73500729,-0.03128052,3.06253241,-1.77038462,-2.18589028,0.04844665,0.73548016,-0.03151187,3.06215094,-1.76466258,-2.20687111,0.04577637,0.75141049,-0.03204346,-0.00488281,-0.02441406,0.04394531,-0.01464844,-0.00000000,-0.01464844,0.93421936,2.44874428,2.46086121,-0.39062500
7.72310615,2695,3.06253241,-1.82073863,-2.18589028,0.04844666,0.73500729,-0.03166199,3.06253241,-1.77038462,-2.18589028,0.04844665,0.73516224,-0.03149365,3.06215094,-1.76504405,-2.20610817,0.04615784,0.75102902,-0.03204346,-0.00976562,-0.02441406,0.04882812,0.00000000,-0.02929688,-0.01464844,0.93460083,2.44894017,2.45895386,-0.02441406
7.73645043,2700,3.06253241,-1.82073863,-2.18589028,0.04844666,0.73424435,-0.03128052,3.06253241,-1.77038462,-2.18589028,0.04844665,0.73469552,-0.03138942,3.06215094,-1.76504405,-2.20572670,0.04615784,0.75064755,-0.03204346,-0.00976562,-0.01953125,0.05371094,-0.01464844,-0.04394531,-0.01464844,0.93460083,2.44900436,2.45895386,-0.02441406
7.74876380,2705,3.06253241,-1.82073863,-2.18589028,0.04844666,0.73348141,-0.03128052,3.06253241,-1.77038462,-2.18589028,0.04844665,0.73394956,-0.03131620,3.06215094,-1.76504405,-2.20534523,0.04615784,0.74988461,-0.03204346,-0.00488281,-0.01464844,0.03417969,0.00000000,-0.01464844,-0.01464844,0.93460083,2.44902539,2.45857239,-0.04882812
7.76298738,2710,3.06253241,-1.82073863,-2.18589028,0.04844666,0.73271847,-0.03128052,3.06253241,-1.77038462,-2.18589028,0.04844666,0.73319219,-0.03132346,3.06215094,-1.76542552,-2.20496376,0.04653931,0.74950314,-0.03204346,-0.00488281,-0.00488281,0.03417969,-0.01464844,-0.05859375,0.00000000,0.93498230,2.44948272,2.45704651,-0.17089844
7.77629352,2715,3.06253241,-1.82073863,-2.18589028,0.04844666,0.73195553,-0.03166199,3.06253241,-1.77038462,-2.18589028,0.04844666,0.73247990,-0.03155106,3.06215094,-1.76542552,-2.20458229,0.04653931,0.74759579,-0.03204346,-0.00488281,-0.00976562,0.02929688,0.00000000,-0.13183594,-0.01464844,0.93498230,2.44951051,2.45361328,-0.12207031
7.78854871,2720,3.06253241,-1.82073863,-2.18589028,0.04844666,0.73157406,-0.03166199,3.06253241,-1.77038462,-2.18589028,0.04838562,0.73194120,-0.03150650,3.06215094,-1.76542552,-2.20420082,0.04692078,0.74645138,-0.03204346,0.00000000,-0.00488281,0.03906250,0.01464844,-0.10253906,-0.01464844,0.93498230,2.44970419,2.45361328,-0.04882812
7.80482149,2725,3.06253241,-1.82073863,-2.18589028,0.04806519,0.73004818,-0.03128052,3.06253241,-1.77038462,-2.18589028,0.04835036,0.73103812,-0.03143464,3.06215094,-1.76542552,-2.20381935,0.04692078,0.74454403,-0.03204346,-0.00488281,-0.00488281,0.02441406,-0.01464844,-0.05859375,-0.01464844,0.93498230,2.44976765,2.45361328,-0.02441406
7.81919146,2730,3.06253241,-1.82073863,-2.18589028,0.04844666,0.72928525,-0.03166199,3.06253241,-1.77038462,-2.18589028,0.04829596,0.73004908,-0.03155624,3.06215094,-1.76542552,-2.20381935,0.04768372,0.74416256,-0.03204346,-0.00488281,-0.00976562,0.01464844,0.02929688,-0.01464844,0.00000000,0.93460083,2.44955774,2.45361328,-0.02441406
7.83267570,2735,3.06253241,-1.82073863,-2.18589028,0.04844666,0.72852231,-0.03166199,3.06253241,-1.77038462,-2.18589028,0.04839728,0.72923403,-0.03148622,3.06215094,-1.76542552,-2.20343788,0.04882812,0.74378110,-0.03204346,-0.00976562,-0.00976562,0.01953125,0.05859375,-0.00000000,-0.01464844,0.93498230,2.44971966,2.45361328,-0.02441406
7.84762120,2740,3.06253241,-1.82035716,-2.18589028,0.04844666,0.72775937,-0.03166199,3.06253241,-1.77019847,-2.18589028,0.04836016,0.72839297,-0.03154336,3.06215094,-1.76580699,-2.20343788,0.04959106,0.74339963,-0.03166199,-0.00488281,-0.00976562,0.02929688,0.01464844,-0.00000000,-0.01464844,0.93460083,2.44952248,2.45361328,-0.02441406
7.85983276,2745,3.06253241,-1.82035716,-2.18589028,0.04844666,0.72661496,-0.03166199,3.06253241,-1.77006715,-2.18589028,0.04830845,0.72738703,-0.03157429,3.06215094,-1.76580699,-2.20267495,0.04959106,0.74263669,-0.03204346,-0.00488281,-0.01464844,0.03906250,-0.01464844,-0.04394531,-0.01464844,0.93498230,2.44961045,2.45361328,-0.02441406
7.87388539,2750,3.06253241,-1.81997569,-2.18589028,0.04844666,0.72585202,-0.03128052,3.06253241,-1.76983797,-2.18589028,0.04825244,0.72654446,-0.03146906,3.06215094,-1.76580699,-2.20229348,0.04959106,0.74187375,-0.03204346,-0.00488281,-0.01464844,0.04394531,0.00000000,-0.04394531,-0.01464844,0.93498230,2.44965881,2.45361328,-0.04882812
7.88815093,2755,3.06253241,-1.81997569,-2.18589028,0.04844666,0.72547055,-0.03166199,3.06253241,-1.76969256,-2.18589028,0.04835177,0.72582245,-0.03159877,3.06215094,-1.76580699,-2.20191201,0.04920959,0.74034787,-0.03204346,0.00000000,-0.01464844,0.02929688,-0.01464844,-0.10253906,-0.01464844,0.93498230,2.44975278,2.45323181,-0.02441406
7.90471768,2760,3.06253241,-1.81997569,-2.18550881,0.04844666,0.72508908,-0.03166199,3.06253241,-1.76964491,-2.18570412,0.04841556,0.72532939,-0.03164127,3.06215094,-1.76580699,-2.20153054,0.04920959,0.73920346,-0.03204346,-0.00488281,-0.00488281,0.02441406,-0.02929688,-0.04394531,0.00000000,0.93536377,2.44993616,2.45208740,-0.09765625
7.91927409,2765,3.06253241,-1.81997569,-2.18512734,0.04844666,0.72432614,-0.03166199,3.06253241,-1.76962929,-2.18543548,0.04843647,0.72477402,-0.03161614,3.06215094,-1.76618846,-2.20114907,0.04920959,0.73767758,-0.03204346,-0.00976562,-0.00976562,0.01953125,-0.01464844,-0.13183594,-0.01464844,0.93536377,2.45005875,2.45018005,-0.07324219
7.93224978,2770,3.06253241,-1.81997569,-2.18474587,0.04844666,0.72318173,-0.03166199,3.06253241,-1.76962418,-2.18500309,0.04844332,0.72391492,-0.03164696,3.06215094,-1.76618846,-2.20114907,0.04920959,0.73538876,-0.03204346,-0.00488281,-0.00976562,0.02441406,-0.02929688,-0.14648438,-0.01464844,0.93536377,2.45033428,2.45018005,0.00000000
7.94559145,2775,3.06253241,-1.81997569,-2.18398293,0.04806519,0.72165585,-0.03128052,3.06253241,-1.76958344,-2.18438753,0.04836927,0.72267784,-0.03148849,3.06215094,-1.76618846,-2.20076760,0.04920959,0.73424435,-0.03204346,-0.00488281,-0.01464844,0.01953125,-0.01464844,-0.07324219,-0.01464844,0.93536377,2.45048706,2.45018005,-0.02441406
7.96089172,2780,3.06253241,-1.81997569,-2.18283852,0.04844666,0.71974850,-0.03166199,3.06253241,-1.76960915,-2.18349649,0.04842130,0.72110927,-0.03151724,3.06215094,-1.76618846,-2.20038613,0.04920959,0.73309994,-0.03204346,-0.00976562,-0.00976562,0.02929688,-0.02929688,-0.05859375,-0.02929688,0.93536377,2.45053712,2.44979858,-0.04882812
7.97281313,2785,3.06253241,-1.81997569,-2.18169411,0.04844666,0.71745968,-0.03128052,3.06253241,-1.76961758,-2.18238628,0.04843835,0.71893878,-0.03144598,3.06215094,-1.76656993,-2.20000466,0.04920959,0.73271847,-0.03166199,-0.00488281,-0.00976562,0.03417969,0.00000000,-0.02929688,-0.01464844,0.93536377,2.45065118,2.45018005,-0.02441406
7.98691392,2790,3.06253241,-1.81997569,-2.18016823,0.04844666,0.71440793,-0.03128052,3.06253241,-1.76962034,-2.18117678,0.04844393,0.71639504,-0.03140505,3.06215094,-1.76656993,-2.19962319,0.04920959,0.73195553,-0.03204346,0.00000000,-0.00976562,0.02441406,0.01464844,-0.01464844,-0.01464844,0.93574524,2.45110384,2.45018005,-0.02441406
8.00218797,2795,3.06253241,-1.81997569,-2.17864235,0.04844666,0.71173764,-0.03128052,3.06253241,-1.76962124,-2.17984246,0.04844576,0.71402501,-0.03138236,3.06215094,-1.76656993,-2.19924172,0.04920959,0.73157406,-0.03166199,-0.00488281,-0.00976562,0.03417969,-0.02929688,-0.00000000,-0.01464844,0.93612671,2.45152683,2.44979858,-0.02441406
8.01721239,2800,3.06253241,-1.81997569,-2.17673500,0.04844666,0.70868588,-0.03166199,3.06253241,-1.76962154,-2.17822445,0.04844636,0.71114488,-0.03150005,3.06215094,-1.76656993,-2.19886025,0.04920959,0.73004818,-0.03204346,-0.00488281,-0.00488281,0.03417969,-0.01464844,-0.13183594,0.00000000,0.93688965,2.45262881,2.45018005,0.00000000
8.02987623,2805,3.06291388,-1.81997569,-2.17520912,0.04844666,0.70563412,-0.03128052,3.06260871,-1.76962164,-2.17652775,0.04844656,0.70799116,-0.03147159,3.06215094,-1.76656993,-2.19809731,0.04920959,0.72775937,-0.03204346,-0.00488281,-0.00976562,0.04882812,-0.01464844,-0.16113281,-0.02929688,0.93841553,2.45468132,2.45018005,-0.02441406
8.04563618,2810,3.06291388,-1.81997569,-2.17330178,0.04844666,0.70143796,-0.03128052,3.06281388,-1.76962167,-2.17480857,0.04844662,0.70439683,-0.03140416,3.06215094,-1.76656993,-2.19809731,0.04920959,0.72585202,-0.03204346,-0.00488281,-0.00488281,0.01953125,0.00000000,-0.11718750,-0.01464844,0.94223022,2.45994421,2.45018005,-0.04882812
8.05888963,2815,3.06329535,-1.81997569,-2.17139443,0.04844666,0.69800473,-0.03128052,3.06301844,-1.76962168,-2.17285302,0.04844664,0.70068962,-0.03132103,3.06215094,-1.76656993,-2.19771584,0.04920959,0.72508908,-0.03166199,-0.00976562,-0.00488281,0.01464844,-0.01464844,-0.05859375,0.00000000,0.94680786,2.46659259,2.45018005,-0.02441406
8.07423592,2820,3.06367682,-1.81997569,-2.16872414,0.04844666,0.69304562,-0.03128052,3.06328091,-1.76962168,-2.17072846,0.04844665,0.69700207,-0.03134262,3.06215094,-1.76656993,-2.19771584,0.04920959,0.72318173,-0.03166199,-0.00488281,-0.00488281,0.02929688,-0.01464844,-0.08789062,0.00000000,0.94833374,2.47245277,2.45018005,-0.02441406
8.08976197,2825,3.06367682,-1.81997569,-2.16681679,0.04844666,0.68770505,-0.03128052,3.06354709,-1.76962168,-2.16849944,0.04844665,0.69190530,-0.03130087,3.06215094,-1.76656993,-2.19695290,0.04920959,0.72089291,-0.03166199,0.00000000,-0.01953125,0.04394531,-0.01464844,-0.16113281,-0.01464844,0.94947815,2.47605247,2.45018005,-0.02441406
8.10402870,2830,3.06405829,-1.81997569,-2.16376503,0.04844666,0.68160153,-0.03128052,3.06385953,-1.76962168,-2.16573877,0.04844665,0.68587142,-0.03128719,3.06215094,-1.76695140,-2.19618996,0.04920959,0.71898556,-0.03204346,-0.00488281,-0.01953125,0.04882812,-0.01464844,-0.10253906,-0.01464844,0.95214844,2.48104233,2.45056152,0.02441406
8.11957788,2835,3.06482123,-1.81997569,-2.16109474,0.04844666,0.67702389,-0.03128052,3.06438696,-1.76962168,-2.16302665,0.04844666,0.68071211,-0.03128270,3.06215094,-1.76695140,-2.19580849,0.04920959,0.71822262,-0.03166199,-0.00488281,-0.01464844,0.03906250,-0.01464844,-0.02929688,-0.01464844,0.95367432,2.48465104,2.45094299,0.00000000
8.13304615,2840,3.06596564,-1.81997569,-2.15842446,0.04844666,0.67130185,-0.03128052,3.06529795,-1.76962168,-2.16029432,0.04844666,0.67532046,-0.03128123,3.06215094,-1.76733287,-2.19504555,0.04920959,0.71669674,-0.03204346,0.00000000,-0.00976562,0.04394531,-0.02929688,-0.07324219,-0.02929688,0.95787048,2.49064579,2.45094299,0.00000000
8.14661193,2845,3.06749152,-1.81997569,-2.15613564,0.04844666,0.66672421,-0.03051758,3.06645193,-1.76962168,-2.15794757,0.04844666,0.67054933,-0.03094799,3.06215094,-1.76733287,-2.19428261,0.04920959,0.71402646,-0.03204346,0.00000000,-0.01464844,0.05371094,0.00000000,-0.19042969,-0.01464844,0.95977783,2.49540630,2.45208740,0.09765625
8.16083455,2850,3.06825446,-1.81997569,-2.15346535,0.04844666,0.66138363,-0.03013611,3.06756224,-1.76962168,-2.15541504,0.04841541,0.66533139,-0.03048222,3.06215094,-1.76733287,-2.19351967,0.04920959,0.71021176,-0.03204346,0.00000000,-0.01464844,0.07812500,-0.01464844,-0.27832031,-0.01464844,0.96397400,2.50273453,2.45704651,0.36621094
8.17513824,2855,3.06939887,-1.81997569,-2.15155800,0.04844666,0.65680600,-0.03013611,3.06854655,-1.76962168,-2.15331504,0.04843642,0.66074413,-0.03024952,3.06215094,-1.76733287,-2.19237526,0.04920959,0.70601559,-0.03204346,-0.00488281,-0.00488281,0.05859375,-0.01464844,-0.27832031,-0.01464844,0.96397400,2.50631260,2.46124268,0.36621094
8.18985820,2860,3.07016181,-1.81997569,-2.14888771,0.04844666,0.65299130,-0.02975464,3.06942110,-1.76962168,-2.15099959,0.04841205,0.65628224,-0.03009698,3.06215094,-1.76733287,-2.19199379,0.04920959,0.70105649,-0.03166199,0.00488281,-0.00488281,0.04882812,-0.01464844,-0.27832031,-0.01464844,0.96397400,2.50766085,2.46658325,0.39062500
8.20537066,2865,3.07054328,-1.81997569,-2.14736183,0.04844666,0.65070248,-0.02975464,3.06999539,-1.76962168,-2.14888442,0.04843532,0.65293173,-0.02986682,3.06215094,-1.76733287,-2.19161232,0.04882812,0.69800473,-0.03166199,-0.00488281,0.00000000,0.04882812,-0.02929688,-0.26367188,-0.01464844,0.96397400,2.50774229,2.47192383,0.46386719
8.21814799,2870,3.07130622,-1.81997569,-2.14583596,0.04844666,0.64803219,-0.02975464,3.07057737,-1.76962168,-2.14716544,0.04844294,0.65026756,-0.02979140,3.06215094,-1.76733287,-2.19084938,0.04882812,0.69380856,-0.03166199,0.00000000,-0.00488281,0.05371094,0.00000000,-0.24902344,0.00000000,0.96435547,2.50809734,2.47764587,0.34179688
8.23426390,2875,3.07206916,-1.81997569,-2.14469155,0.04844666,0.64650631,-0.02899170,3.07139087,-1.76962168,-2.14569165,0.04844544,0.64805960,-0.02932406,3.06215094,-1.76733287,-2.19008644,0.04882812,0.69113827,-0.03166199,0.00000000,-0.00976562,0.05859375,-0.04394531,-0.11718750,-0.01464844,0.96435547,2.50832013,2.48031616,0.24414062
8.24553466,2880,3.07321357,-1.81997569,-2.14392861,0.04844666,0.64574338,-0.02746582,3.07233457,-1.76962168,-2.14460788,0.04844626,0.64675284,-0.02847561,3.06253241,-1.76771434,-2.18932350,0.04920959,0.68961239,-0.03166199,0.00000000,-0.00976562,0.06347656,0.01464844,-0.11718750,-0.01464844,0.96435547,2.50847126,2.48565674,0.41503906
8.25933075,2885,3.07435797,-1.81997569,-2.14354714,0.04844666,0.64536191,-0.02593994,3.07350549,-1.76962168,-2.14392597,0.04844652,0.64588800,-0.02712288,3.06253241,-1.76771434,-2.18856057,0.04920959,0.68732358,-0.03166199,0.00488281,-0.00976562,0.06835938,-0.01464844,-0.16113281,-0.01464844,0.96435547,2.50852079,2.48680115,0.00000000
8.27429867,2890,3.07512091,-1.81997569,-2.14354714,0.04844666,0.64574338,-0.02517700,3.07440212,-1.76962168,-2.14367127,0.04844661,0.64565942,-0.02606512,3.06253241,-1.76771434,-2.18741616,0.04920959,0.68389035,-0.03128052,0.00976562,-0.00488281,0.09765625,0.00000000,-0.20507812,0.00000000,0.96435547,2.50853701,2.48756409,0.00000000
8.28858948,2895,3.07588385,-1.81997569,-2.14354714,0.04844666,0.64574338,-0.02403259,3.07524793,-1.76962168,-2.14358781,0.04844664,0.64571586,-0.02496814,3.06291388,-1.76771434,-2.18627175,0.04920959,0.68122006,-0.03128052,0.00488281,-0.00488281,0.08300781,0.00000000,-0.21972656,0.01464844,0.96359253,2.50775473,2.48756409,0.00000000
8.30305791,2900,3.07588385,-1.81997569,-2.14354714,0.04844666,0.64612485,-0.02250671,3.07567547,-1.76962168,-2.14356047,0.04844665,0.64581065,-0.02364384,3.06291388,-1.76771434,-2.18512734,0.04882812,0.67854977,-0.03128052,0.00488281,-0.00488281,0.06347656,-0.02929688,-0.17578125,-0.01464844,0.96359253,2.50726011,2.48794556,0.02441406
8.31616855,2905,3.07588385,-1.81997569,-2.14316567,0.04844666,0.64612485,-0.02250671,3.07581557,-1.76962168,-2.14332629,0.04844665,0.64602189,-0.02287933,3.06329535,-1.76771434,-2.18474587,0.04882812,0.67473507,-0.03089905,0.00976562,-0.00488281,0.04882812,-0.01464844,-0.23437500,0.01464844,0.96321106,2.50672572,2.48908997,0.07324219
8.33148432,2910,3.07626532,-1.81997569,-2.14278420,0.04844666,0.64612485,-0.02250671,3.07599881,-1.76962168,-2.14296183,0.04849548,0.64609111,-0.02262881,3.06367682,-1.76771434,-2.18398293,0.04882812,0.67168332,-0.03051758,0.04394531,-0.00488281,0.03906250,-0.02929688,-0.16113281,0.02929688,0.96321106,2.50657014,2.49252319,0.26855469
8.34486914,2915,3.07626532,-1.81997569,-2.14202126,0.04844666,0.64612485,-0.02212524,3.07617799,-1.76962168,-2.14244861,0.04849391,0.64611379,-0.02247043,3.06405829,-1.76771434,-2.18360146,0.04882812,0.66977597,-0.03013611,0.00976562,-0.00488281,0.03417969,-0.01464844,-0.14648438,0.01464844,0.96321106,2.50635901,2.49328613,0.02441406
8.35789418,2920,3.07626532,-1.81997569,-2.14163979,0.04882812,0.64612485,-0.02212524,3.07623671,-1.76962168,-2.14202396,0.04853843,0.64612122,-0.02226960,3.06405829,-1.76771434,-2.18283852,0.04882812,0.66786862,-0.02937317,0.00488281,-0.00976562,0.03417969,0.00000000,-0.11718750,0.04394531,0.96321106,2.50628982,2.49328613,-0.02441406
8.37179279,2925,3.07626532,-1.81997569,-2.14125832,0.04882812,0.64650631,-0.02212524,3.07628720,-1.76962168,-2.14162835,0.04869414,0.64630982,-0.02217255,3.06443976,-1.76771434,-2.18169411,0.04882812,0.66634274,-0.02746582,0.00976562,-0.00976562,0.08300781,0.00000000,-0.07324219,0.11718750,0.96321106,2.50616950,2.49443054,0.04882812
8.38614464,2930,3.07626532,-1.81997569,-2.14049538,0.04882812,0.64650631,-0.02174377,3.07627249,-1.76962168,-2.14101702,0.04878422,0.64644193,-0.02200342,3.06443976,-1.76771434,-2.18093117,0.04882812,0.66596127,-0.02746582,0.00976562,-0.00488281,0.05859375,-0.01464844,-0.01464844,-0.02929688,0.96321106,2.50622772,2.49862671,0.31738281
8.39936161,2935,3.07626532,-1.81997569,-2.13973244,0.04882812,0.64650631,-0.02174377,3.07626767,-1.76962168,-2.14030376,0.04881374,0.64648522,-0.02182885,3.06443976,-1.76771434,-2.18016823,0.04882812,0.66596127,-0.02708435,0.00488281,-0.00488281,0.08300781,0.00000000,0.01464844,-0.01464844,0.96321106,2.50624680,2.49938965,0.07324219
8.41443634,2940,3.07626532,-1.81997569,-2.13820656,0.04882812,0.64650631,-0.02174377,3.07626609,-1.76962168,-2.13925119,0.04876238,0.64649940,-0.02177165,3.06482123,-1.76771434,-2.17940529,0.04882812,0.66557980,-0.02708435,0.00488281,-0.00488281,0.06347656,-0.01464844,-0.01464844,-0.01464844,0.96321106,2.50625306,2.50167847,0.14648438
8.42771697,2945,3.07664679,-1.81997569,-2.13668068,0.04844666,0.64612485,-0.02212524,3.07640290,-1.76962168,-2.13785355,0.04858917,0.64627883,-0.02182920,3.06482123,-1.76771434,-2.17826088,0.04882812,0.66519833,-0.02708435,0.00488281,-0.01464844,0.07812500,-0.02929688,-0.00000000,0.00000000,0.96359253,2.50652976,2.50358582,0.00000000
8.44292879,2950,3.07664679,-1.81997569,-2.13515480,0.04844666,0.64612485,-0.02212524,3.07644773,-1.76962168,-2.13636970,0.04852461,0.64617530,-0.02193595,3.06520270,-1.76809581,-2.17749794,0.04882812,0.66443539,-0.02708435,0.00488281,-0.01464844,0.06835938,-0.02929688,-0.04394531,0.00000000,0.96321106,2.50634578,2.50358582,0.00000000
8.45476651,2955,3.07664679,-1.81997569,-2.13324745,0.04844666,0.64612485,-0.02212524,3.07658157,-1.76962168,-2.13463237,0.04847220,0.64614138,-0.02202415,3.06558417,-1.76809581,-2.17711647,0.04882812,0.66252804,-0.02670288,0.02929688,-0.00976562,0.03906250,-0.01464844,-0.14648438,-0.01464844,0.96359253,2.50679843,2.50358582,0.00000000
8.46859121,2960,3.07664679,-1.81997569,-2.13134011,0.04844666,0.64612485,-0.02212524,3.07662542,-1.76962168,-2.13277097,0.04845503,0.64613026,-0.02206087,3.06596564,-1.76809581,-2.17635353,0.04882812,0.65985776,-0.02670288,0.02441406,-0.01464844,0.05859375,-0.02929688,-0.19042969,-0.01464844,0.96359253,2.50694675,2.50358582,-0.02441406
8.48064756,2965,3.07664679,-1.81997569,-2.12981423,0.04844666,0.64612485,-0.02174377,3.07663979,-1.76962168,-2.13118397,0.04844940,0.64612662,-0.02202786,3.06596564,-1.76847727,-2.17559059,0.04882812,0.65718747,-0.02632141,0.01953125,-0.00976562,0.06835938,-0.01464844,-0.19042969,0.00000000,0.96397400,2.50733251,2.50358582,-0.04882812
8.49532270,2970,3.07664679,-1.81997569,-2.12790688,0.04844666,0.64612485,-0.02212524,3.07664450,-1.76962168,-2.12943042,0.04844755,0.64612543,-0.02209333,3.06634711,-1.76847727,-2.17520912,0.04882812,0.65566159,-0.02632141,0.01953125,-0.00488281,0.04394531,-0.01464844,-0.11718750,-0.01464844,0.96397400,2.50763470,2.50358582,-0.02441406
8.51035070,2975,3.07664679,-1.81997569,-2.12676247,0.04844666,0.64612485,-0.02212524,3.07664604,-1.76962168,-2.12785741,0.04844695,0.64612504,-0.02211479,3.06634711,-1.76847727,-2.17444619,0.04882812,0.65413571,-0.02632141,-0.00488281,-0.00488281,0.06347656,-0.01464844,-0.04394531,0.00000000,0.96397400,2.50773372,2.50358582,-0.02441406
8.52293515,2980,3.07664679,-1.81997569,-2.12523659,0.04844666,0.64612485,-0.02212524,3.07664655,-1.76962168,-2.12645720,0.04844675,0.64612491,-0.02212182,3.06672858,-1.76847727,-2.17368325,0.04882812,0.65375424,-0.02593994,0.00000000,-0.00488281,0.07324219,-0.01464844,-0.02929688,0.01464844,0.96435547,2.50821661,2.50396729,0.00000000
8.53662801,2985,3.07664679,-1.81997569,-2.12447365,0.04844666,0.64612485,-0.02174377,3.07661546,-1.76962168,-2.12533505,0.04844669,0.64612487,-0.02204783,3.06672858,-1.76847727,-2.17215737,0.04882812,0.65337277,-0.02593994,0.00000000,-0.00488281,0.09277344,-0.01464844,0.01464844,0.00000000,0.96549988,2.50947518,2.50396729,0.00000000
8.55186248,2990,3.07626532,-1.81997569,-2.12332924,0.04844666,0.64650631,-0.02212524,3.07656023,-1.76962168,-2.12417596,0.04844667,0.64635007,-0.02209988,3.06672858,-1.76847727,-2.17139443,0.04882812,0.65375424,-0.02555847,0.00488281,-0.00488281,0.06835938,0.00000000,0.05859375,0.00000000,0.96817017,2.51297426,2.50473022,0.00000000
8.56623387,2995,3.07664679,-1.81997569,-2.12218483,0.04844666,0.64650631,-0.02212524,3.07654812,-1.76962168,-2.12304871,0.04844666,0.64645512,-0.02200707,3.06672858,-1.76847727,-2.17025002,0.04844666,0.65413571,-0.02517700,0.00488281,-0.00488281,0.07812500,-0.01464844,0.04394531,0.00000000,0.96855164,2.51563866,2.50854492,0.36621094
8.58167672,3000,3.07626532,-1.81997569,-2.12065895,0.04844666,0.64650631,-0.02212524,3.07638924,-1.76962168,-2.12181166,0.04844666,0.64648954,-0.02208652,3.06711005,-1.76847727,-2.16910561,0.04844666,0.65375424,-0.02479553,0.00976562,-0.00488281,0.06835938,-0.01464844,-0.02929688,0.00000000,0.96855164,2.51658986,2.51197815,0.12207031
8.59699011,3005,3.07626532,-1.81997569,-2.11913308,0.04844666,0.64650631,-0.02212524,3.07636696,-1.76962168,-2.12052154,0.04844666,0.64650082,-0.02211256,3.06749152,-1.76847727,-2.16834267,0.04844666,0.65260983,-0.02479553,0.01953125,-0.00488281,0.06835938,-0.02929688,-0.05859375,0.00000000,0.96855164,2.51682342,2.51350403,0.00000000
8.61125731,3010,3.07626532,-1.81997569,-2.11837014,0.04844666,0.64650631,-0.02212524,3.07629863,-1.76962168,-2.11926456,0.04844666,0.64650451,-0.02212109,3.06749152,-1.76847727,-2.16757973,0.04844666,0.65108395,-0.02441406,0.00488281,0.00000000,0.05859375,-0.01464844,-0.10253906,0.00000000,0.96855164,2.51697808,2.51350403,-0.02441406
8.62533832,3015,3.07664679,-1.81997569,-2.11684426,0.04844666,0.64650631,-0.02212524,3.07638378,-1.76962168,-2.11796791,0.04844666,0.64650572,-0.02201402,3.06749152,-1.76847727,-2.16643532,0.04844666,0.64955807,-0.02441406,0.00488281,-0.00488281,0.08789062,-0.01464844,-0.10253906,0.00000000,0.96855164,2.51695063,2.51350403,-0.02441406
8.63969278,3020,3.07626532,-1.81997569,-2.11569985,0.04844666,0.64650631,-0.02174377,3.07630414,-1.76962168,-2.11674236,0.04844666,0.64650612,-0.02183233,3.06787299,-1.76847727,-2.16567238,0.04844666,0.64841366,-0.02441406,0.00976562,-0.00488281,0.06347656,0.00000000,-0.07324219,-0.01464844,0.96817017,2.51678905,2.51350403,-0.02441406
8.65454793,3025,3.07664679,-1.81997569,-2.11493691,0.04882812,0.64650631,-0.02174377,3.07646420,-1.76962168,-2.11571797,0.04852295,0.64650625,-0.02177279,3.06787299,-1.76847727,-2.16452797,0.04844666,0.64841366,-0.02403259,0.00976562,-0.00488281,0.07812500,0.00000000,0.01464844,0.00000000,0.96817017,2.51637575,2.51312256,-0.04882812
8.66641474,3030,3.07626532,-1.81997569,-2.11379250,0.04882812,0.64650631,-0.02021790,3.07637932,-1.76962168,-2.11467393,0.04872813,0.64650629,-0.02109703,3.06825446,-1.76847727,-2.16414650,0.04844666,0.64841366,-0.02403259,0.02441406,-0.00488281,0.05371094,-0.01464844,0.02929688,0.00000000,0.96817017,2.51611825,2.51350403,-0.02441406
8.67859340,3035,3.07664679,-1.81997569,-2.11341103,0.04882812,0.64688778,-0.01831055,3.07644001,-1.76962168,-2.11394400,0.04879536,0.64658260,-0.01968261,3.06825446,-1.76847727,-2.16300209,0.04844666,0.64879513,-0.02403259,0.00000000,-0.00488281,0.08300781,-0.02929688,0.04394531,0.00000000,0.96778870,2.51564301,2.51312256,-0.04882812
8.69068694,3040,3.07626532,-1.81997569,-2.11264809,0.04844666,0.64726925,-0.01525879,3.07635381,-1.76962168,-2.11319187,0.04869227,0.64697394,-0.01740858,3.06825446,-1.76847727,-2.16223915,0.04844666,0.64879513,-0.02365112,0.00000000,-0.00976562,0.07324219,-0.02929688,-0.00000000,0.01464844,0.96702576,2.51469968,2.51350403,-0.02441406
8.70335770,3045,3.07626532,-1.81997569,-2.11188515,0.04844666,0.64726925,-0.01182556,3.07629432,-1.76962168,-2.11238365,0.04860721,0.64717249,-0.01426682,3.06863593,-1.76847727,-2.16147621,0.04844666,0.64879513,-0.02365112,0.00000000,-0.00976562,0.07812500,-0.01464844,0.01464844,0.00000000,0.96626282,2.51354926,2.51350403,-0.02441406
8.71964836,3050,3.07626532,-1.81997569,-2.11074074,0.04844666,0.64726925,-0.00724792,3.07627482,-1.76962168,-2.11152958,0.04849927,0.64723755,-0.01044192,3.06863593,-1.76885874,-2.16033181,0.04844666,0.64879513,-0.02288818,0.00000000,-0.00976562,0.06347656,-0.01464844,-0.00000000,0.02929688,0.96130371,2.50840838,2.51350403,-0.02441406
8.73297715,3055,3.07626532,-1.81997569,-2.10997780,0.04844666,0.64726925,-0.00495911,3.07626844,-1.76962168,-2.11055660,0.04846390,0.64725886,-0.00707798,3.06863593,-1.76885874,-2.15956887,0.04844666,0.64879513,-0.02250671,0.00000000,-0.00976562,0.07324219,-0.01464844,0.02929688,0.01464844,0.96092224,2.50394622,2.51350403,-0.02441406
8.74627519,3060,3.07626532,-1.81997569,-2.10921486,0.04844666,0.64726925,-0.00343323,3.07626634,-1.76962168,-2.10972484,0.04845230,0.64726585,-0.00472910,3.06863593,-1.76885874,-2.15842446,0.04844666,0.64879513,-0.02098083,0.00000000,-0.00488281,0.05859375,-0.01464844,0.01464844,0.11718750,0.96092224,2.50242157,2.51350403,0.00000000
8.76253390,3065,3.07626532,-1.81997569,-2.10845192,0.04844666,0.64803219,-0.00343323,3.07626566,-1.76962168,-2.10897059,0.04844851,0.64756965,-0.00385786,3.06863593,-1.76885874,-2.15766152,0.04844666,0.64879513,-0.01831055,0.00000000,-0.00488281,0.07324219,-0.01464844,0.01464844,0.14648438,0.96015930,2.50103671,2.51312256,-0.02441406
8.77505374,3070,3.07626532,-1.81997569,-2.10807045,0.04844666,0.64803219,-0.00343323,3.07626543,-1.76962168,-2.10843572,0.04844726,0.64788063,-0.00357237,3.06901740,-1.76885874,-2.15728005,0.04844666,0.64841366,-0.01754761,0.00488281,-0.00976562,0.06347656,-0.01464844,-0.00000000,0.05859375,0.95481873,2.49609611,2.51350403,-0.02441406
8.79210114,3075,3.07626532,-1.81997569,-2.10807045,0.04844666,0.64917660,-0.00381470,3.07626536,-1.76962168,-2.10819014,0.04844685,0.64845262,-0.00361615,3.06939887,-1.76885874,-2.15575417,0.04844666,0.64841366,-0.01602173,0.00976562,-0.00488281,0.07324219,-0.01464844,-0.00000000,0.07324219,0.94413757,2.48290881,2.51312256,-0.02441406
8.80279326,3080,3.07626532,-1.81997569,-2.10807045,0.04844666,0.64955807,-0.00381470,3.07626533,-1.76962168,-2.10810967,0.04844672,0.64907670,-0.00374964,3.06939887,-1.76885874,-2.15499123,0.04844666,0.64841366,-0.01602173,0.00488281,-0.01464844,0.07324219,-0.01464844,0.01464844,0.00000000,0.94108582,2.47067842,2.51312256,-0.02441406
8.81882429,3085,3.07626532,-1.81997569,-2.10807045,0.04844666,0.65032101,-0.00381470,3.07626533,-1.76962168,-2.10808330,0.04844668,0.64984296,-0.00379338,3.06939887,-1.76885874,-2.15384682,0.04844666,0.64841366,-0.01564026,0.00488281,-0.00976562,0.08789062,-0.01464844,0.02929688,0.02929688,0.93917847,2.46254845,2.51274109,-0.04882812
8.83129764,3090,3.07626532,-1.81997569,-2.10807045,0.04844666,0.65032101,-0.00381470,3.07626532,-1.76962168,-2.10807466,0.04840760,0.65016436,-0.00380771,3.06939887,-1.76885874,-2.15308388,0.04844666,0.64841366,-0.01487732,0.00000000,-0.00488281,0.07324219,-0.02929688,0.02929688,0.01464844,0.93917847,2.45961879,2.51121521,-0.17089844
8.84333897,3095,3.07626532,-1.81997569,-2.10807045,0.04844666,0.65032101,-0.00381470,3.07626532,-1.76962168,-2.10807183,0.04843386,0.65026968,-0.00381241,3.06939887,-1.76885874,-2.15193947,0.04844666,0.64879513,-0.01449585,0.00000000,-0.00488281,0.08789062,-0.01464844,0.04394531,0.04394531,0.93917847,2.45865880,2.50701904,-0.48828125
8.86014557,3100,3.07626532,-1.81997569,-2.10807045,0.04844666,0.65032101,-0.00381470,3.07626532,-1.76962168,-2.10807091,0.04844246,0.65030419,-0.00381395,3.06978034,-1.76885874,-2.15117653,0.04806519,0.64879513,-0.01106262,0.00000000,-0.00488281,0.04882812,-0.02929688,0.01464844,0.21972656,0.93917847,2.45834423,2.50129700,-0.51269531
8.87447882,3105,3.07626532,-1.81997569,-2.10807045,0.04844666,0.65032101,-0.00381470,3.07626532,-1.76962168,-2.10807060,0.04844528,0.65031550,-0.00381445,3.06978034,-1.76885874,-2.15041359,0.04806519,0.64879513,-0.00839233,0.00976562,0.00000000,0.06347656,0.00000000,0.01464844,0.20507812,0.93879700,2.45779072,2.49443054,-0.53710938
8.89276600,3110,3.07626532,-1.81997569,-2.10807045,0.04844666,0.65032101,-0.00381470,3.07626532,-1.76962168,-2.10807050,0.04844620,0.65031921,-0.00381462,3.07016181,-1.76885874,-2.14965065,0.04806519,0.64879513,-0.00877380,0.01464844,-0.00488281,0.06835938,-0.01464844,-0.01464844,-0.01464844,0.93612671,2.45547873,2.48641968,-0.48828125
8.90542054,3115,3.07626532,-1.81997569,-2.10807045,0.04844666,0.65032101,-0.00381470,3.07626532,-1.76962168,-2.10807047,0.04836643,0.65032042,-0.00381467,3.07016181,-1.76885874,-2.14888771,0.04806519,0.64803219,-0.00877380,0.01464844,-0.00976562,0.05371094,-0.02929688,-0.00000000,-0.01464844,0.93498230,2.45172235,2.48565674,-0.04882812
8.91828227,3120,3.07626532,-1.81997569,-2.10807045,0.04844666,0.65032101,-0.00381470,3.07626532,-1.76962168,-2.10807046,0.04842037,0.65032082,-0.00381469,3.07054328,-1.76924021,-2.14812477,0.04806519,0.64841366,-0.00839233,0.00000000,-0.00488281,0.05859375,0.00000000,0.02929688,0.00000000,0.93498230,2.45071119,2.48489380,-0.07324219
8.93116999,3125,3.07626532,-1.81997569,-2.10807045,0.04844666,0.65032101,-0.00381470,3.07626532,-1.76962168,-2.10807045,0.04843804,0.65032095,-0.00381469,3.07054328,-1.76924021,-2.14736183,0.04806519,0.64841366,-0.00839233,0.00488281,0.00000000,0.04882812,0.00000000,0.01464844,0.00000000,0.93536377,2.45061057,2.48222351,-0.29296875
8.94611287,3130,3.07626532,-1.81997569,-2.10807045,0.04844666,0.65032101,-0.00381470,3.07626532,-1.76962168,-2.10807045,0.04844383,0.65032099,-0.00381470,3.07054328,-1.76924021,-2.14659890,0.04806519,0.64879513,-0.00839233,0.00000000,0.00000000,0.07812500,-0.01464844,0.04394531,-0.01464844,0.93536377,2.45057759,2.48031616,-0.12207031
8.96152663,3135,3.07626532,-1.81997569,-2.10807045,0.04844666,0.65032101,-0.00381470,3.07626532,-1.76962168,-2.10807045,0.04844573,0.65032101,-0.00381470,3.07054328,-1.76924021,-2.14583596,0.04806519,0.64879513,-0.00839233,0.00000000,-0.00976562,0.05859375,-0.01464844,0.01464844,-0.01464844,0.93536377,2.45056679,2.47421265,-0.46386719
8.97342539,3140,3.07626532,-1.81997569,-2.10807045,0.04844666,0.65032101,-0.00381470,3.07626532,-1.76962168,-2.10807045,0.04844635,0.65032101,-0.00381470,3.07092475,-1.76924021,-2.14507302,0.04806519,0.64917660,-0.00839233,0.00488281,-0.00488281,0.05859375,-0.01464844,0.05859375,0.00000000,0.93536377,2.45037868,2.47116089,-0.31738281
8.98887491,3145,3.07626532,-1.81997569,-2.10807045,0.04882812,0.65032101,-0.00381470,3.07626532,-1.76962168,-2.10807045,0.04858389,0.65032101,-0.00381470,3.07092475,-1.76924021,-2.14431008,0.04806519,0.64917660,-0.00839233,0.00976562,0.00000000,0.03906250,-0.02929688,0.01464844,-0.01464844,0.93498230,2.45016445,2.47039795,-0.07324219
9.00315785,3150,3.07626532,-1.81997569,-2.10807045,0.04882812,0.64993954,-0.00381470,3.07626532,-1.76962168,-2.10807045,0.04874809,0.65018368,-0.00381470,3.07092475,-1.76924021,-2.14392861,0.04806519,0.64879513,-0.00801086,0.00000000,-0.00488281,0.03906250,-0.01464844,-0.02929688,0.00000000,0.93498230,2.44998097,2.46925354,-0.12207031
9.01614451,3155,3.07626532,-1.81997569,-2.10807045,0.04920959,0.64993954,-0.00419617,3.07626532,-1.76962168,-2.10807045,0.04893923,0.65001954,-0.00389099,3.07130622,-1.76924021,-2.14316567,0.04806519,0.64879513,-0.00801086,0.00000000,-0.00976562,0.04882812,-0.02929688,0.01464844,-0.01464844,0.93498230,2.44985835,2.46467590,-0.43945312
9.03277302,3160,3.07626532,-1.81997569,-2.10807045,0.04920959,0.64955807,-0.00419617,3.07626532,-1.76962168,-2.10807045,0.04912100,0.64977960,-0.00409617,3.07130622,-1.76924021,-2.14240273,0.04806519,0.64879513,-0.00801086,0.00000000,-0.00488281,0.04882812,-0.01464844,0.01464844,0.00000000,0.93498230,2.44981817,2.45857239,-0.31738281
9.04551768,3165,3.07626532,-1.81997569,-2.10807045,0.04959106,0.64955807,-0.00419617,3.07626532,-1.76962168,-2.10807045,0.04940578,0.64966191,-0.00416340,3.07130622,-1.76924021,-2.14202126,0.04806519,0.64879513,-0.00801086,0.00000000,-0.00488281,0.05371094,-0.01464844,-0.00000000,0.00000000,0.93498230,2.44980500,2.45857239,-0.04882812
9.05999517,3170,3.07626532,-1.81997569,-2.10807045,0.04959106,0.64955807,-0.00419617,3.07626532,-1.76962168,-2.10807045,0.04953035,0.64959210,-0.00418543,3.07130622,-1.76924021,-2.14125832,0.04806519,0.64917660,-0.00762939,0.00000000,-0.00488281,0.05859375,-0.01464844,0.02929688,-0.01464844,0.93498230,2.44980069,2.45857239,-0.02441406
9.07628870,3175,3.07626532,-1.81997569,-2.10807045,0.04959106,0.64917660,-0.00419617,3.07626532,-1.76962168,-2.10807045,0.04957117,0.64938307,-0.00419265,3.07130622,-1.76924021,-2.14011391,0.04806519,0.64917660,-0.00762939,0.00000000,-0.00976562,0.07324219,-0.01464844,-0.00000000,0.00000000,0.93460083,2.44964669,2.45819092,-0.09765625
9.09143043,3180,3.07626532,-1.81997569,-2.10807045,0.04959106,0.64841366,-0.00419617,3.07626532,-1.76962168,-2.10807045,0.04958455,0.64894274,-0.00419501,3.07130622,-1.76924021,-2.13935097,0.04806519,0.64917660,-0.00724792,0.00000000,-0.00488281,0.05859375,-0.01464844,0.05859375,-0.01464844,0.93460083,2.44949857,2.45399475,-0.34179688
9.10604072,3185,3.07626532,-1.81997569,-2.10807045,0.04959106,0.64841366,-0.00419617,3.07626532,-1.76962168,-2.10807045,0.04958893,0.64858703,-0.00419579,3.07130622,-1.76924021,-2.13896950,0.04806519,0.64917660,-0.00724792,-0.00488281,-0.00488281,0.03906250,0.00000000,-0.00000000,0.00000000,0.93460083,2.44932796,2.45399475,-0.02441406
9.12133265,3190,3.07626532,-1.81997569,-2.10807045,0.04959106,0.64841366,-0.00419617,3.07626532,-1.76962168,-2.10807045,0.04959036,0.64847047,-0.00423511,3.07168769,-1.76924021,-2.13820656,0.04806519,0.64917660,-0.00686646,0.00488281,-0.00976562,0.04394531,-0.01464844,-0.00000000,0.00000000,0.93498230,2.44956624,2.45399475,0.00000000
9.13778877,3195,3.07626532,-1.81997569,-2.10807045,0.04959106,0.64841366,-0.00419617,3.07626532,-1.76962168,-2.10807045,0.04959084,0.64843228,-0.00420893,3.07168769,-1.76924021,-2.13782509,0.04806519,0.64917660,-0.00648499,0.00000000,-0.00976562,0.02929688,-0.01464844,0.02929688,0.01464844,0.93460083,2.44939408,2.45399475,-0.02441406
9.15081382,3200,3.07626532,-1.81997569,-2.10807045,0.04959106,0.64841366,-0.00419617,3.07626532,-1.76962168,-2.10807045,0.04959099,0.64841976,-0.00424918,3.07168769,-1.76924021,-2.13744362,0.04806519,0.64917660,-0.00610352,0.00488281,-0.00976562,0.04394531,0.00000000,0.01464844,0.00000000,0.93460083,2.44915310,2.45399475,-0.02441406
9.16774607,3205,3.07626532,-1.81997569,-2.10807045,0.04959106,0.64803219,-0.00419617,3.07626532,-1.76962168,-2.10807045,0.04959104,0.64819044,-0.00421354,3.07206916,-1.76924021,-2.13629921,0.04806519,0.64879513,-0.00610352,0.01953125,-0.00976562,0.05859375,-0.01464844,-0.00000000,0.00000000,0.93460083,2.44923429,2.45361328,-0.02441406
9.18266702,3210,3.07626532,-1.81997569,-2.10807045,0.04959106,0.64803219,-0.00419617,3.07626532,-1.76962168,-2.10807045,0.04959106,0.64808405,-0.00420186,3.07245063,-1.76924021,-2.13591774,0.04806519,0.64879513,-0.00572205,0.00488281,-0.00488281,0.03906250,-0.01464844,0.04394531,0.01464844,0.93460083,2.44919839,2.45361328,-0.02441406
9.19793391,3215,3.07626532,-1.81997569,-2.10807045,0.04959106,0.64803219,-0.00419617,3.07626532,-1.76962168,-2.10807045,0.04959106,0.64804919,-0.00419803,3.07245063,-1.76924021,-2.13553627,0.04806519,0.64917660,-0.00572205,0.00000000,-0.00488281,0.03906250,0.00000000,0.02929688,0.00000000,0.93460083,2.44908897,2.45361328,-0.02441406
9.21217990,3220,3.07626532,-1.81997569,-2.10807045,0.04959106,0.64765072,-0.00419617,3.07626532,-1.76962168,-2.10807045,0.04959106,0.64778129,-0.00419678,3.07245063,-1.76924021,-2.13439186,0.04806519,0.64917660,-0.00572205,0.00000000,-0.00976562,0.06347656,-0.01464844,0.01464844,0.00000000,0.93421936,2.44883803,2.45323181,-0.07324219
9.22915530,3225,3.07626532,-1.81997569,-2.10807045,0.04959106,0.64765072,-0.00419617,3.07626532,-1.76962168,-2.10807045,0.04959106,0.64773257,-0.00419637,3.07245063,-1.76924021,-2.13401039,0.04844666,0.64917660,-0.00534058,0.00488281,-0.00488281,0.03906250,-0.02929688,0.01464844,-0.01464844,0.93421936,2.44845795,2.45246887,-0.09765625
9.24299598,3230,3.07626532,-1.81997569,-2.10807045,0.04959106,0.64765072,-0.00419617,3.07626532,-1.76962168,-2.10807045,0.04959106,0.64767754,-0.00419623,3.07283210,-1.76924021,-2.13362892,0.04844666,0.64917660,-0.00534058,0.00488281,-0.00976562,0.03906250,0.00000000,-0.00000000,0.00000000,0.93421936,2.44833341,2.44979858,-0.14648438
9.25686336,3235,3.07626532,-1.81997569,-2.10807045,0.04959106,0.64726925,-0.00419617,3.07626532,-1.76962168,-2.10807045,0.04959106,0.64752218,-0.00419619,3.07283210,-1.76924021,-2.13286599,0.04844666,0.64879513,-0.00534058,-0.00488281,-0.00488281,0.04882812,-0.01464844,-0.00000000,-0.01464844,0.93383789,2.44777966,2.44979858,-0.04882812
9.26891708,3240,3.07626532,-1.81997569,-2.10807045,0.04959106,0.64726925,-0.00419617,3.07626532,-1.76962168,-2.10807045,0.04959106,0.64735213,-0.00419617,3.07283210,-1.76924021,-2.13248452,0.04844666,0.64879513,-0.00534058,-0.00488281,-0.00976562,0.02441406,0.00000000,0.01464844,0.00000000,0.93383789,2.44753570,2.44979858,-0.02441406
9.28281951,3245,3.07626532,-1.81997569,-2.10807045,0.04959106,0.64688778,-0.00419617,3.07626532,-1.76962168,-2.10807045,0.04959106,0.64722012,-0.00419617,3.07283210,-1.76924021,-2.13210305,0.04844666,0.64917660,-0.00534058,-0.00488281,-0.00976562,0.02929688,-0.01464844,0.01464844,-0.01464844,0.93383789,2.44751826,2.45018005,-0.02441406
9.29513383,3250,3.07626532,-1.81997569,-2.10807045,0.04959106,0.64726925,-0.00419617,3.07626532,-1.76962168,-2.10807045,0.04959106,0.64719212,-0.00419617,3.07283210,-1.76924021,-2.13172158,0.04806519,0.64917660,-0.00534058,0.00000000,-0.00488281,0.03906250,-0.01464844,0.01464844,0.00000000,0.93383789,2.44751255,2.44979858,-0.02441406
9.30906916,3255,3.07626532,-1.81997569,-2.10807045,0.04959106,0.64688778,-0.00419617,3.07626532,-1.76962168,-2.10807045,0.04959106,0.64702657,-0.00419617,3.07283210,-1.76924021,-2.13134011,0.04844666,0.64879513,-0.00534058,-0.00488281,-0.00488281,0.03906250,-0.01464844,-0.00000000,0.00000000,0.93421936,2.44766327,2.44979858,-0.02441406
9.32433653,3260,3.07626532,-1.81997569,-2.10807045,0.04959106,0.64688778,-0.00419617,3.07626532,-1.76962168,-2.10807045,0.04959106,0.64693326,-0.00419617,3.07283210,-1.76924021,-2.13095864,0.04844666,0.64879513,-0.00534058,0.00000000,-0.00488281,0.03417969,-0.01464844,0.01464844,-0.01464844,0.93345642,2.44710963,2.44979858,-0.02441406
9.33787346,3265,3.07626532,-1.81997569,-2.10807045,0.04959106,0.64688778,-0.00419617,3.07626532,-1.76962168,-2.10807045,0.04959106,0.64690269,-0.00419617,3.07321357,-1.76924021,-2.13057717,0.04844666,0.64879513,-0.00534058,-0.00488281,-0.00488281,0.02929688,-0.01464844,-0.00000000,-0.01464844,0.92964172,2.44409569,2.44979858,-0.04882812
9.34910417,3270,3.07626532,-1.81997569,-2.10807045,0.04959106,0.64688778,-0.00419617,3.07626532,-1.76962168,-2.10807045,0.04959106,0.64689267,-0.00419617,3.07321357,-1.76924021,-2.13019570,0.04844666,0.64879513,-0.00534058,-0.00488281,-0.00488281,0.03417969,-0.01464844,0.01464844,-0.01464844,0.92506409,2.43701531,2.44979858,-0.02441406
9.36254692,3275,3.07626532,-1.81997569,-2.10807045,0.04959106,0.64650631,-0.00419617,3.07626532,-1.76962168,-2.10807045,0.04959106,0.64681309,-0.00419617,3.07321357,-1.76924021,-2.12981423,0.04844666,0.64879513,-0.00534058,-0.00488281,-0.00488281,0.04394531,-0.01464844,-0.00000000,-0.01464844,0.91781616,2.42557436,2.44941711,-0.04882812
9.37589598,3280,3.07626532,-1.81997569,-2.10807045,0.04959106,0.64650631,-0.00419617,3.07626532,-1.76962168,-2.10807045,0.04959106,0.64660684,-0.00419617,3.07321357,-1.76924021,-2.12943276,0.04844666,0.64879513,-0.00534058,-0.00488281,-0.00488281,0.04394531,-0.01464844,0.01464844,-0.01464844,0.91133118,2.41252534,2.44903564,-0.04882812
9.39042497,3285,3.07626532,-1.81997569,-2.10807045,0.04959106,0.64612485,-0.00419617,3.07626532,-1.76962168,-2.10807045,0.04959106,0.64635310,-0.00419617,3.07321357,-1.76924021,-2.12905129,0.04844666,0.64879513,-0.00495911,0.00000000,-0.00488281,0.02441406,0.00000000,0.01464844,0.00000000,0.90713501,2.40056609,2.44636536,-0.24414062
9.40681291,3290,3.07626532,-1.81997569,-2.10807045,0.04959106,0.64536191,-0.00419617,3.07626532,-1.76962168,-2.10807045,0.04959106,0.64583709,-0.00419617,3.07321357,-1.76924021,-2.12866982,0.04844666,0.64879513,-0.00495911,-0.00488281,-0.00488281,0.02929688,-0.01464844,0.01464844,-0.01464844,0.90789795,2.39682453,2.44178772,-0.31738281
9.42154551,3295,3.07626532,-1.81997569,-2.10807045,0.04959106,0.64421750,-0.00419617,3.07626532,-1.76962168,-2.10807045,0.04959106,0.64493766,-0.00419617,3.07321357,-1.76924021,-2.12790688,0.04844666,0.64879513,-0.00495911,-0.00488281,0.00000000,0.03906250,-0.02929688,-0.01464844,-0.01464844,0.90789795,2.39602134,2.43263245,-0.53710938
9.43359709,3300,3.07626532,-1.81997569,-2.10807045,0.04959106,0.64269162,-0.00419617,3.07626532,-1.76962168,-2.10807045,0.04959106,0.64370934,-0.00419617,3.07321357,-1.76924021,-2.12790688,0.04844666,0.64841366,-0.00495911,-0.00488281,-0.00488281,0.03417969,0.00000000,-0.00000000,0.00000000,0.90789795,2.39566050,2.42843628,-0.46386719
9.45026326,3305,3.07626532,-1.81997569,-2.10807045,0.04997253,0.64040280,-0.00419617,3.07626532,-1.76962168,-2.10807045,0.04984753,0.64213765,-0.00419617,3.07321357,-1.76924021,-2.12714394,0.04844666,0.64841366,-0.00495911,-0.00488281,-0.00488281,0.04882812,-0.01464844,0.01464844,-0.02929688,0.90789795,2.39563992,2.42195129,-0.46386719
9.46463108,3310,3.07626532,-1.81997569,-2.10807045,0.05111694,0.63735104,-0.00419617,3.07626532,-1.76962168,-2.10807045,0.05040167,0.63935165,-0.00419617,3.07321357,-1.76962168,-2.12676247,0.04844666,0.64841366,-0.00495911,-0.00488281,-0.00488281,0.02441406,-0.01464844,0.02929688,0.00000000,0.90789795,2.39551110,2.41889954,-0.29296875
9.47718763,3315,3.07626532,-1.81997569,-2.10807045,0.05264282,0.63429928,-0.00419617,3.07626532,-1.76962168,-2.10807045,0.05150756,0.63650611,-0.00419617,3.07321357,-1.76962168,-2.12676247,0.04844666,0.64841366,-0.00495911,0.00000000,-0.00976562,0.02929688,-0.01464844,0.02929688,0.00000000,0.90751648,2.39526259,2.41813660,-0.02441406
9.49082065,3320,3.07626532,-1.81997569,-2.10807045,0.05455017,0.63086606,-0.00419617,3.07626532,-1.76962168,-2.10807045,0.05309125,0.63343587,-0.00419617,3.07321357,-1.76924021,-2.12599953,0.04844666,0.64803219,-0.00495911,0.00000000,-0.00488281,0.02929688,-0.01464844,-0.01464844,-0.01464844,0.90789795,2.39550953,2.41737366,-0.07324219
9.50576043,3325,3.07626532,-1.81997569,-2.10807045,0.05645752,0.62857724,-0.00419617,3.07626532,-1.76962168,-2.10807045,0.05486130,0.63070154,-0.00419617,3.07321357,-1.76962168,-2.12599953,0.04882812,0.64688778,-0.00495911,-0.00488281,-0.00488281,0.02441406,-0.02929688,-0.04394531,0.00000000,0.90789795,2.39559045,2.41546631,-0.19531250
9.52116871,3330,3.07626532,-1.81997569,-2.10807045,0.05836487,0.62819577,-0.00419617,3.07626532,-1.76962168,-2.10807045,0.05699612,0.62906569,-0.00419617,3.07321357,-1.76962168,-2.12561806,0.04844666,0.64650631,-0.00495911,-0.00488281,-0.00488281,0.02929688,-0.02929688,-0.02929688,-0.02929688,0.90789795,2.39551930,2.41279602,-0.07324219
9.53386116,3335,3.07626532,-1.81997569,-2.10807045,0.06027222,0.62705136,-0.00419617,3.07626532,-1.76962168,-2.10807045,0.05876657,0.62799315,-0.00419617,3.07321357,-1.76962168,-2.12523659,0.04882812,0.64536191,-0.00495911,0.00000000,-0.00976562,0.02441406,0.01464844,-0.07324219,-0.01464844,0.90789795,2.39559365,2.41279602,-0.04882812
9.55178618,3340,3.07626532,-1.81997569,-2.10807045,0.06256104,0.62399960,-0.00419617,3.07626532,-1.76962168,-2.10807045,0.06068778,0.62605723,-0.00419617,3.07321357,-1.76962168,-2.12485512,0.04920959,0.64383603,-0.00495911,0.00488281,-0.00976562,0.01953125,0.01464844,-0.07324219,-0.01464844,0.90789795,2.39574008,2.41165161,-0.07324219
9.56331635,3345,3.07626532,-1.81997569,-2.10807045,0.06484985,0.62132931,-0.00419617,3.07626532,-1.76962168,-2.10807045,0.06276825,0.62368862,-0.00419617,3.07359504,-1.76962168,-2.12485512,0.04920959,0.64307309,-0.00495911,0.00000000,-0.00488281,0.02441406,0.01464844,-0.05859375,-0.02929688,0.90827942,2.39600315,2.41012573,-0.17089844
9.57838178,3350,3.07626532,-1.81997569,-2.10807045,0.06675720,0.61980343,-0.00419617,3.07626532,-1.76962168,-2.10807045,0.06504922,0.62147741,-0.00419617,3.07359504,-1.76962168,-2.12447365,0.04959106,0.64154721,-0.00495911,0.00000000,0.00000000,0.03417969,0.00000000,-0.08789062,-0.02929688,0.90827942,2.39616748,2.40745544,-0.14648438
9.59320068,3355,3.07626532,-1.81997569,-2.10807045,0.06942749,0.61865902,-0.00457764,3.07626532,-1.76962168,-2.10807045,0.06745083,0.61983304,-0.00427246,3.07359504,-1.76962168,-2.12409218,0.04997253,0.64002133,-0.00495911,0.00000000,-0.00488281,0.03417969,0.02929688,-0.08789062,-0.01464844,0.90827942,2.39631898,2.40707397,-0.07324219
9.60818934,3360,3.07626532,-1.81997569,-2.10807045,0.07324219,0.61522580,-0.00419617,3.07626532,-1.76962168,-2.10807045,0.07060522,0.61743569,-0.00440134,3.07359504,-1.76962168,-2.12332924,0.05073547,0.63887692,-0.00495911,0.00488281,-0.00976562,0.02929688,0.02929688,-0.04394531,-0.01464844,0.90827942,2.39636863,2.40478516,-0.21972656
9.62316465,3365,3.07626532,-1.81997569,-2.10807045,0.07438660,0.61064816,-0.00419617,3.07626532,-1.76962168,-2.10807045,0.07289703,0.61389330,-0.00426340,3.07397650,-1.76962168,-2.12332924,0.05187988,0.63811398,-0.00495911,0.00488281,-0.00488281,0.02441406,0.07324219,-0.05859375,-0.01464844,0.90827942,2.39638489,2.39982605,-0.24414062
9.63718081,3370,3.07626532,-1.81997569,-2.10807045,0.07591248,0.60797787,-0.00419617,3.07630439,-1.76962168,-2.10807045,0.07470367,0.61020725,-0.00421820,3.07397650,-1.76962168,-2.12294777,0.05340576,0.63735104,-0.00495911,-0.00488281,-0.00488281,0.02441406,0.08789062,-0.04394531,-0.01464844,0.90827942,2.39639022,2.39753723,-0.14648438
9.65256310,3375,3.07664679,-1.81997569,-2.10807045,0.07781982,0.60607052,-0.00419617,3.07639348,-1.76962168,-2.10807045,0.07633681,0.60773904,-0.00420339,3.07397650,-1.76962168,-2.12256630,0.05455017,0.63544369,-0.00495911,0.00000000,-0.00488281,0.03906250,0.10253906,-0.14648438,-0.01464844,0.90827942,2.39639197,2.39791870,-0.02441406
9.66591978,3380,3.07664679,-1.81997569,-2.10807045,0.08010864,0.60492611,-0.00457764,3.07656379,-1.76962168,-2.10807045,0.07844056,0.60612959,-0.00427483,3.07397650,-1.76962168,-2.12180336,0.05683899,0.63162900,-0.00495911,-0.00488281,-0.00488281,0.04394531,0.16113281,-0.23437500,-0.01464844,0.90866089,2.39654513,2.39791870,-0.02441406
9.67885017,3385,3.07664679,-1.81997569,-2.10807045,0.08163452,0.60416318,-0.00419617,3.07658834,-1.76962168,-2.10807045,0.08033744,0.60492667,-0.00428298,3.07397650,-1.76962168,-2.12142189,0.05874634,0.62972165,-0.00457764,-0.00488281,0.00000000,0.02441406,0.11718750,-0.19042969,0.00000000,0.90866089,2.39675547,2.39791870,-0.02441406
9.69410729,3390,3.07626532,-1.81997569,-2.10807045,0.08392334,0.60263730,-0.00457764,3.07647127,-1.76962168,-2.10807045,0.08228933,0.60375711,-0.00441077,3.07397650,-1.76962168,-2.12142189,0.06065369,0.62666989,-0.00495911,-0.00488281,-0.00976562,0.01464844,0.10253906,-0.16113281,-0.02929688,0.90866089,2.39702460,2.39791870,0.00000000
9.70809841,3395,3.07664679,-1.81997569,-2.10807045,0.08583069,0.60225583,-0.00457764,3.07658928,-1.76962168,-2.10807045,0.08418149,0.60281808,-0.00439161,3.07397650,-1.76962168,-2.12142189,0.06141663,0.62399960,-0.00495911,-0.00488281,-0.00488281,0.01464844,0.05859375,-0.17578125,-0.01464844,0.90866089,2.39711278,2.39791870,-0.02441406
9.72060561,3400,3.07664679,-1.81997569,-2.10807045,0.08811951,0.60225583,-0.00457764,3.07662795,-1.76962168,-2.10807045,0.08631884,0.60244007,-0.00451668,3.07397650,-1.76962168,-2.12142189,0.06256104,0.62209225,-0.00495911,0.00000000,-0.00488281,0.01464844,0.05859375,-0.13183594,-0.01464844,0.90866089,2.39723933,2.39791870,-0.02441406
9.73669243,3405,3.07664679,-1.81997569,-2.10807045,0.09117126,0.60225583,-0.00457764,3.07660155,-1.76962168,-2.10807045,0.08883220,0.60231620,-0.00455766,3.07397650,-1.76962168,-2.12104042,0.06446838,0.62056637,-0.00495911,0.00000000,-0.00488281,0.01953125,0.16113281,-0.07324219,0.00000000,0.90866089,2.39734330,2.39791870,-0.02441406
9.74998116,3410,3.07664679,-1.81997569,-2.10807045,0.09117126,0.60225583,-0.00457764,3.07663197,-1.76962168,-2.10807045,0.09046583,0.60227561,-0.00457109,3.07397650,-1.76962168,-2.12065895,0.06637573,0.61980343,-0.00495911,-0.00976562,-0.00488281,0.03417969,0.13183594,-0.04394531,-0.02929688,0.90866089,2.39721722,2.39791870,0.00000000
9.76311016,3415,3.07626532,-1.81997569,-2.10807045,0.09117126,0.60225583,-0.00457764,3.07656564,-1.76962168,-2.10807045,0.09094011,0.60226231,-0.00457549,3.07397650,-1.76962168,-2.12027748,0.06866455,0.61942196,-0.00457764,-0.00976562,-0.00488281,0.02929688,0.14648438,-0.01464844,0.00000000,0.90904236,2.39739099,2.39791870,-0.02441406
9.77845716,3420,3.07664679,-1.81997569,-2.10807045,0.09155273,0.60225583,-0.00457764,3.07662020,-1.76962168,-2.10807045,0.09127191,0.60225795,-0.00457693,3.07397650,-1.76962168,-2.11989601,0.06942749,0.61942196,-0.00457764,0.00000000,-0.00488281,0.03906250,0.02929688,0.01464844,-0.01464844,0.90866089,2.39731097,2.39791870,-0.04882812
9.79064465,3425,3.07626532,-1.81997569,-2.10807045,0.09155273,0.60225583,-0.00457764,3.07656179,-1.76962168,-2.10807045,0.09146071,0.60225652,-0.00457741,3.07435797,-1.76962168,-2.11951454,0.07057190,0.61904049,-0.00495911,-0.00488281,0.00000000,0.02929688,0.05859375,-0.01464844,-0.01464844,0.90866089,2.39720662,2.39791870,-0.02441406
9.80567265,3430,3.07626532,-1.81997569,-2.10807045,0.09155273,0.60225583,-0.00457764,3.07654264,-1.76962168,-2.10807045,0.09152258,0.60225605,-0.00457756,3.07435797,-1.76962168,-2.11951454,0.07171631,0.61789609,-0.00495911,-0.00488281,-0.00488281,0.01953125,0.11718750,-0.07324219,0.00000000,0.90866089,2.39717243,2.39791870,-0.02441406
9.82047176,3435,3.07626532,-1.81997569,-2.10807045,0.09117126,0.60225583,-0.00457764,3.07638745,-1.76962168,-2.10807045,0.09131763,0.60225590,-0.00457761,3.07435797,-1.76962168,-2.11913308,0.07400513,0.61637021,-0.00457764,-0.00488281,0.00000000,0.00976562,0.13183594,-0.07324219,-0.01464844,0.90866089,2.39728329,2.39791870,-0.02441406
9.83219624,3440,3.07626532,-1.81997569,-2.10807045,0.09117126,0.60225583,-0.00457764,3.07630534,-1.76962168,-2.10807045,0.09121923,0.60225585,-0.00457763,3.07435797,-1.76962168,-2.11913308,0.07629395,0.61484433,-0.00457764,-0.00488281,-0.00488281,0.00976562,0.16113281,-0.11718750,0.01464844,0.90866089,2.39719755,2.39791870,-0.04882812
9.84563446,3445,3.07626532,-1.81997569,-2.10807045,0.09117126,0.60225583,-0.00457764,3.07627844,-1.76962168,-2.10807045,0.09118698,0.60225583,-0.00457763,3.07435797,-1.76962168,-2.11913308,0.07705688,0.61331845,-0.00495911,0.00000000,-0.00488281,0.00976562,0.00000000,-0.08789062,-0.02929688,0.90866089,2.39716946,2.39791870,-0.04882812
9.86025667,3450,3.07626532,-1.81997569,-2.10807045,0.09117126,0.60225583,-0.00457764,3.07626962,-1.76962168,-2.10807045,0.09117641,0.60225583,-0.00457764,3.07435797,-1.76962168,-2.11913308,0.07743835,0.61255551,-0.00457764,0.00000000,-0.00976562,0.00976562,0.01464844,-0.02929688,-0.01464844,0.90866089,2.39716025,2.39791870,-0.04882812
9.87382817,3455,3.07626532,-1.81997569,-2.10807045,0.09117126,0.60225583,-0.00457764,3.07626673,-1.76962168,-2.10807045,0.09117295,0.60225583,-0.00457764,3.07435797,-1.76962168,-2.11875161,0.07820129,0.61255551,-0.00457764,0.00000000,-0.00976562,0.02441406,0.04394531,-0.00000000,0.00000000,0.90866089,2.39715723,2.39791870,-0.02441406
9.88839817,3460,3.07626532,-1.81997569,-2.10807045,0.09117126,0.60225583,-0.00457764,3.07626578,-1.76962168,-2.10807045,0.09117182,0.60225583,-0.00457764,3.07435797,-1.76962168,-2.11837014,0.07972717,0.61255551,-0.00457764,0.00000000,0.00000000,0.02929688,0.07324219,0.01464844,-0.01464844,0.90866089,2.39715624,2.39791870,-0.02441406
9.90324092,3465,3.07626532,-1.81997569,-2.10807045,0.09117126,0.60225583,-0.00457764,3.07626547,-1.76962168,-2.10807045,0.09117145,0.60225583,-0.00457764,3.07435797,-1.76962168,-2.11837014,0.08049011,0.61255551,-0.00457764,0.00000000,-0.00488281,0.03417969,0.04394531,0.01464844,-0.01464844,0.90866089,2.39715592,2.39791870,-0.02441406
9.92054725,3470,3.07626532,-1.81997569,-2.10807045,0.09117126,0.60225583,-0.00457764,3.07626537,-1.76962168,-2.10807045,0.09117132,0.60225583,-0.00457764,3.07473944,-1.76962168,-2.11760720,0.08125305,0.61255551,-0.00495911,0.00976562,-0.00488281,0.02929688,0.02929688,-0.00000000,-0.01464844,0.90866089,2.39715581,2.39791870,-0.02441406
9.93440127,3475,3.07626532,-1.81997569,-2.10807045,0.09117126,0.60225583,-0.00457764,3.07626534,-1.76962168,-2.10807045,0.09117128,0.60225583,-0.00457764,3.07473944,-1.76962168,-2.11760720,0.08239746,0.61217404,-0.00457764,0.00488281,-0.00488281,0.00976562,0.07324219,-0.01464844,0.00000000,0.90866089,2.39715578,2.39791870,-0.02441406
9.95055556,3480,3.07626532,-1.81997569,-2.10807045,0.09117126,0.60187436,-0.00457764,3.07626533,-1.76962168,-2.10807045,0.09111024,0.60217953,-0.00457764,3.07473944,-1.76962168,-2.11760720,0.08392334,0.61102963,-0.00457764,-0.00976562,-0.00488281,0.00976562,0.04394531,-0.05859375,0.00000000,0.90866089,2.39715577,2.39791870,-0.02441406
9.96745467,3485,3.07626532,-1.81997569,-2.10807045,0.09117126,0.60149289,-0.00457764,3.07626532,-1.76962168,-2.10807045,0.09115127,0.60178820,-0.00457764,3.07473944,-1.76962168,-2.11760720,0.08392334,0.60874081,-0.00495911,-0.00488281,-0.01464844,0.01464844,-0.01464844,-0.13183594,-0.01464844,0.90866089,2.39715576,2.39753723,-0.02441406
9.98177934,3490,3.07626532,-1.81997569,-2.10807045,0.09078979,0.60034848,-0.00457764,3.07626532,-1.76962168,-2.10807045,0.09090824,0.60100970,-0.00457764,3.07512091,-1.76962168,-2.11760720,0.08430481,0.60645199,-0.00495911,-0.00488281,-0.00488281,0.01464844,-0.01464844,-0.11718750,-0.01464844,0.90866089,2.39715576,2.39791870,0.00000000
9.99424601,3495,3.07626532,-1.81997569,-2.10807045,0.09078979,0.59882260,-0.00457764,3.07626532,-1.76962168,-2.10807045,0.09087744,0.59975997,-0.00457764,3.07473944,-1.76962168,-2.11722573,0.08430481,0.60568905,-0.00457764,-0.00488281,-0.00488281,0.01464844,0.00000000,-0.07324219,-0.01464844,0.90866089,2.39715576,2.39791870,-0.02441406
10.01123643,3500,3.07626532,-1.81997569,-2.10807045,0.09078979,0.59653378,-0.00457764,3.07626532,-1.76962168,-2.10807045,0.09081851,0.59809192,-0.00457764,3.07512091,-1.76962168,-2.11722573,0.08544922,0.60530758,-0.00495911,-0.00488281,-0.00488281,0.01464844,0.05859375,-0.00000000,-0.01464844,0.90866089,2.39715576,2.39753723,-0.04882812
10.02519083,3505,3.07626532,-1.81997569,-2.10807045,0.09078979,0.59500790,-0.00457764,3.07626532,-1.76962168,-2.10807045,0.09079921,0.59641935,-0.00457764,3.07512091,-1.77000315,-2.11684426,0.08621216,0.60530758,-0.00495911,-0.00488281,-0.00488281,0.02441406,0.04394531,0.01464844,0.00000000,0.90866089,2.39715576,2.39753723,-0.07324219
10.03983688,3510,3.07626532,-1.81997569,-2.10807045,0.09040833,0.59424496,-0.00495911,3.07626532,-1.76962168,-2.10807045,0.09060672,0.59510786,-0.00465393,3.07512091,-1.76962168,-2.11646279,0.08659363,0.60530758,-0.00457764,-0.00488281,-0.00488281,0.02929688,0.00000000,0.01464844,0.00000000,0.90866089,2.39715576,2.39753723,0.00000000
10.05508018,3515,3.07626532,-1.81997569,-2.10807045,0.09040833,0.59310055,-0.00495911,3.07626532,-1.76962168,-2.10807045,0.09047334,0.59400879,-0.00485911,3.07512091,-1.76962168,-2.11608132,0.08659363,0.60530758,-0.00457764,-0.00488281,-0.00488281,0.03417969,0.00000000,0.04394531,-0.02929688,0.90866089,2.39715576,2.39753723,-0.02441406
10.06912827,3520,3.07626532,-1.81997569,-2.10807045,0.09040833,0.59119320,-0.00534058,3.07626532,-1.76962168,-2.10807045,0.09042963,0.59269687,-0.00518281,3.07512091,-1.77000315,-2.11569985,0.08659363,0.60492611,-0.00495911,-0.00488281,0.00000000,0.01464844,0.01464844,-0.00000000,-0.02929688,0.90866089,2.39715576,2.39753723,-0.02441406
10.08247709,3525,3.07626532,-1.81997569,-2.10807045,0.09040833,0.58928586,-0.00534058,3.07626532,-1.76962168,-2.10807045,0.09041531,0.59086549,-0.00528888,3.07512091,-1.76962168,-2.11569985,0.08697510,0.60454464,-0.00457764,-0.00488281,-0.00488281,0.00976562,0.00000000,-0.02929688,-0.01464844,0.90866089,2.39715576,2.39753723,-0.02441406
10.09505796,3530,3.07626532,-1.81997569,-2.10807045,0.09040833,0.58623410,-0.00534058,3.07626532,-1.76962168,-2.10807045,0.09041061,0.58843433,-0.00532364,3.07512091,-1.77000315,-2.11569985,0.08697510,0.60301877,-0.00495911,-0.00976562,-0.00976562,0.00488281,-0.01464844,-0.11718750,-0.01464844,0.90866089,2.39715576,2.39753723,-0.02441406
10.10917902,3535,3.07626532,-1.81997569,-2.10807045,0.09002686,0.58432675,-0.00534058,3.07626532,-1.76962168,-2.10807045,0.09026247,0.58611266,-0.00533503,3.07512091,-1.77000315,-2.11569985,0.08697510,0.60187436,-0.00495911,-0.00488281,-0.00976562,0.00976562,0.00000000,-0.08789062,-0.01464844,0.90866089,2.39715576,2.39753723,0.02441406
10.12431669,3540,3.07626532,-1.81997569,-2.10807045,0.09002686,0.58241940,-0.00534058,3.07626532,-1.76962168,-2.10807045,0.09010406,0.58399143,-0.00533876,3.07512091,-1.77000315,-2.11569985,0.08697510,0.59920407,-0.00457764,-0.00488281,-0.00488281,0.00976562,-0.01464844,-0.13183594,-0.01464844,0.90866089,2.39715576,2.39753723,-0.02441406
10.13725948,3545,3.07626532,-1.81997569,-2.10807045,0.08964539,0.58127499,-0.00572205,3.07626532,-1.76962168,-2.10807045,0.08986600,0.58235457,-0.00552614,3.07512091,-1.77000315,-2.11569985,0.08735657,0.59691525,-0.00495911,0.00000000,-0.00488281,0.01464844,0.00000000,-0.13183594,0.00000000,0.90866089,2.39715576,2.39753723,-0.02441406
10.15176702,3550,3.07626532,-1.81997569,-2.10807045,0.08964539,0.57974911,-0.00610352,3.07626532,-1.76962168,-2.10807045,0.08971768,0.58082357,-0.00584401,3.07512091,-1.77000315,-2.11531838,0.08735657,0.59538937,-0.00495911,-0.00488281,-0.00488281,0.01464844,-0.01464844,-0.08789062,-0.01464844,0.90866089,2.39715576,2.39753723,-0.04882812
10.16416907,3555,3.07626532,-1.81997569,-2.10807045,0.08926392,0.57898617,-0.00762939,3.07626532,-1.76962168,-2.10807045,0.08944385,0.57968981,-0.00673137,3.07512091,-1.77000315,-2.11531838,0.08735657,0.59462643,-0.00495911,-0.00488281,-0.00488281,0.01464844,-0.01464844,-0.02929688,-0.01464844,0.90827942,2.39690552,2.39753723,-0.02441406
10.17750502,3560,3.07626532,-1.81997569,-2.10807045,0.08926392,0.57860470,-0.00991821,3.07626532,-1.76962168,-2.10807045,0.08932288,0.57899152,-0.00844182,3.07512091,-1.77000315,-2.11493691,0.08735657,0.59424496,-0.00495911,-0.00488281,0.00000000,0.01953125,-0.01464844,-0.00000000,-0.01464844,0.90866089,2.39691361,2.39753723,-0.02441406
10.19105434,3565,3.07626532,-1.81997569,-2.10807045,0.08926392,0.57822323,-0.01258850,3.07626532,-1.76962168,-2.10807045,0.08928324,0.57850624,-0.01081956,3.07512091,-1.77000315,-2.11493691,0.08773804,0.59424496,-0.00495911,0.00000000,-0.00488281,0.01953125,0.00000000,0.01464844,0.00000000,0.90827942,2.39664160,2.39715576,-0.02441406
10.20461035,3570,3.07626532,-1.81997569,-2.10807045,0.08926392,0.57784176,-0.01525879,3.07626532,-1.76962168,-2.10807045,0.08927025,0.57812981,-0.01331391,3.07512091,-1.77000315,-2.11455544,0.08773804,0.59424496,-0.00495911,-0.00488281,-0.00976562,0.02929688,0.00000000,0.01464844,-0.02929688,0.90827942,2.39667454,2.39715576,-0.04882812
10.21799636,3575,3.07626532,-1.81997569,-2.10807045,0.08926392,0.57784176,-0.01716614,3.07626532,-1.76962168,-2.10807045,0.08926599,0.57793615,-0.01550296,3.07512091,-1.77000315,-2.11417397,0.08773804,0.59348202,-0.00495911,-0.00488281,-0.00488281,0.02929688,0.00000000,-0.04394531,-0.02929688,0.90827942,2.39648513,2.39715576,-0.02441406
10.22951221,3580,3.07626532,-1.81997569,-2.10807045,0.08888245,0.57784176,-0.01754761,3.07626532,-1.76962168,-2.10807045,0.08918830,0.57796498,-0.01684637,3.07512091,-1.77000315,-2.11417397,0.08773804,0.59271908,-0.00534058,-0.00488281,-0.00488281,0.01464844,-0.01464844,-0.04394531,-0.02929688,0.90827942,2.39642307,2.39715576,-0.02441406
10.24513364,3585,3.07626532,-1.81997569,-2.10807045,0.08888245,0.57822323,-0.01945496,3.07626532,-1.76962168,-2.10807045,0.08898267,0.57803851,-0.01805037,3.07512091,-1.77000315,-2.11379250,0.08773804,0.59119320,-0.00534058,-0.00488281,-0.00488281,0.00488281,-0.01464844,-0.08789062,-0.02929688,0.90789795,2.39588979,2.39715576,-0.02441406
10.25937366,3590,3.07626532,-1.81997569,-2.10807045,0.08888245,0.57822323,-0.02059937,3.07626532,-1.76962168,-2.10807045,0.08891529,0.57816270,-0.01948237,3.07512091,-1.77000315,-2.11379250,0.08773804,0.59004880,-0.00572205,-0.00488281,-0.00976562,0.00488281,0.00000000,-0.07324219,-0.02929688,0.90751648,2.39534274,2.39715576,-0.02441406
10.27210474,3595,3.07626532,-1.81997569,-2.10807045,0.08888245,0.57822323,-0.02098083,3.07626532,-1.76962168,-2.10807045,0.08889321,0.57820340,-0.02045857,3.07512091,-1.77000315,-2.11379250,0.08811951,0.58890439,-0.00610352,0.00000000,-0.00488281,0.00488281,0.01464844,-0.05859375,-0.05859375,0.90713501,2.39467007,2.39715576,-0.07324219
10.28801060,3600,3.07626532,-1.81997569,-2.10807045,0.08888245,0.57860470,-0.02098083,3.07626532,-1.76962168,-2.10807045,0.08888597,0.57840289,-0.02080970,3.07512091,-1.77000315,-2.11379250,0.08811951,0.58775998,-0.00724792,-0.00488281,-0.00488281,0.00488281,0.01464844,-0.04394531,-0.08789062,0.90637207,2.39386225,2.39677429,-0.02441406
10.30155659,3605,3.07626532,-1.81997569,-2.10807045,0.08850098,0.57860470,-0.02098083,3.07626532,-1.76962168,-2.10807045,0.08874627,0.57853857,-0.02092476,3.07512091,-1.77000315,-2.11379250,0.08811951,0.58737851,-0.00839233,0.00000000,-0.00488281,0.00976562,-0.01464844,-0.02929688,-0.10253906,0.90293884,2.39047815,2.39677429,-0.04882812
10.31456661,3610,3.07626532,-1.81997569,-2.10807045,0.08811951,0.57860470,-0.02098083,3.07626532,-1.76962168,-2.10807045,0.08839520,0.57858303,-0.02096246,3.07512091,-1.77000315,-2.11379250,0.08811951,0.58737851,-0.00839233,-0.00488281,-0.00488281,0.00976562,-0.02929688,-0.00000000,-0.01464844,0.89530945,2.38036242,2.39639282,-0.04882812
10.32764888,3615,3.07626532,-1.81997569,-2.10807045,0.08621216,0.57860470,-0.02098083,3.07626532,-1.76962168,-2.10807045,0.08728931,0.57859760,-0.02097481,3.07512091,-1.77000315,-2.11379250,0.08811951,0.58699704,-0.00915527,-0.00488281,-0.00488281,0.00976562,0.00000000,-0.00000000,-0.05859375,0.88615417,2.36565707,2.39410400,-0.24414062
10.34021473,3620,3.07626532,-1.81997569,-2.10807045,0.08430481,0.57860470,-0.02098083,3.07626532,-1.76962168,-2.10807045,0.08571490,0.57860238,-0.02097886,3.07512091,-1.77000315,-2.11341103,0.08811951,0.58699704,-0.00953674,-0.00488281,-0.00976562,0.01953125,-0.02929688,-0.00000000,-0.05859375,0.87699890,2.34826908,2.38952637,-0.29296875
10.35395288,3625,3.07626532,-1.81997569,-2.10807045,0.08087158,0.57860470,-0.02098083,3.07626532,-1.76962168,-2.10807045,0.08319790,0.57860394,-0.02098019,3.07512091,-1.77000315,-2.11341103,0.08811951,0.58661557,-0.00991821,0.00000000,-0.00488281,0.02441406,-0.02929688,-0.02929688,-0.05859375,0.86479187,2.32826908,2.38647461,-0.19531250
10.36788893,3630,3.07626532,-1.81997569,-2.10807045,0.07781982,0.57860470,-0.02059937,3.07626532,-1.76962168,-2.10807045,0.08024471,0.57860445,-0.02075540,3.07512091,-1.77000315,-2.11302956,0.08811951,0.58623410,-0.01029968,-0.00976562,-0.00976562,0.01464844,-0.01464844,-0.01464844,-0.05859375,0.85601807,2.30849881,2.38456726,-0.21972656
10.38276935,3635,3.07626532,-1.81997569,-2.10807045,0.07362366,0.57860470,-0.02059937,3.07626532,-1.76962168,-2.10807045,0.07677518,0.57860462,-0.02065050,3.07512091,-1.77000315,-2.11302956,0.08773804,0.58585263,-0.01220703,-0.00488281,0.00000000,0.00976562,-0.02929688,-0.01464844,-0.14648438,0.84686279,2.28872897,2.37541199,-0.58593750
10.39671874,3640,3.07626532,-1.81997569,-2.10807045,0.07057190,0.57860470,-0.02059937,3.07626532,-1.76962168,-2.10807045,0.07300498,0.57860468,-0.02061612,3.07512091,-1.77000315,-2.11302956,0.08735657,0.58547116,-0.01335144,-0.00488281,-0.00488281,0.00976562,-0.02929688,-0.01464844,-0.08789062,0.84152222,2.27279444,2.36778259,-0.63476562
10.40886903,3645,3.07626532,-1.81997569,-2.10807045,0.06942749,0.57860470,-0.02059937,3.07626532,-1.76962168,-2.10807045,0.07067007,0.57860469,-0.02060486,3.07512091,-1.77000315,-2.11302956,0.08735657,0.58508969,-0.01373291,0.00000000,-0.00488281,0.00976562,-0.04394531,-0.04394531,-0.08789062,0.83732605,2.26141115,2.35671997,-0.78125000
10.42074013,3650,3.07626532,-1.81997569,-2.10807045,0.06866455,0.57860470,-0.02059937,3.07626532,-1.76962168,-2.10807045,0.06939203,0.57860470,-0.02060116,3.07512091,-1.77000315,-2.11302956,0.08735657,0.58432675,-0.01525879,-0.00488281,-0.00976562,0.00976562,-0.01464844,-0.04394531,-0.14648438,0.83694458,2.25638297,2.35023499,-0.70800781
10.43419838,3655,3.07626532,-1.81997569,-2.10807045,0.06828308,0.57860470,-0.02059937,3.07626532,-1.76962168,-2.10807045,0.06876560,0.57860470,-0.02059995,3.07512091,-1.77000315,-2.11264809,0.08659363,0.58356381,-0.01678467,0.00000000,-0.00488281,0.00976562,-0.05859375,-0.02929688,-0.10253906,0.83732605,2.25501000,2.34031677,-0.75683594
10.44784784,3660,3.07626532,-1.81997569,-2.10807045,0.06752014,0.57860470,-0.02059937,3.07626532,-1.76962168,-2.10807045,0.06807865,0.57860470,-0.02059956,3.07512091,-1.77000315,-2.11264809,0.08659363,0.58318234,-0.01678467,-0.00488281,-0.00488281,-0.00000000,-0.02929688,-0.01464844,-0.01464844,0.83732605,2.25456010,2.33268738,-0.53710938
10.46228075,3665,3.07626532,-1.81997569,-2.10807045,0.06675720,0.57860470,-0.02059937,3.07626532,-1.76962168,-2.10807045,0.06737967,0.57860470,-0.02059943,3.07512091,-1.77000315,-2.11264809,0.08621216,0.58241940,-0.01678467,-0.00488281,0.00000000,0.00976562,-0.05859375,-0.02929688,-0.02929688,0.83656311,2.25380087,2.32238770,-0.63476562
10.47543120,3670,3.07626532,-1.81997569,-2.10807045,0.06637573,0.57860470,-0.02059937,3.07626532,-1.76962168,-2.10807045,0.06682384,0.57860470,-0.02059939,3.07512091,-1.77000315,-2.11264809,0.08544922,0.58241940,-0.01678467,-0.00488281,-0.00488281,0.01464844,-0.10253906,-0.00000000,-0.01464844,0.83351135,2.25077083,2.31628418,-0.58593750
10.48859429,3675,3.07626532,-1.81997569,-2.10807045,0.06484985,0.57860470,-0.02059937,3.07626532,-1.76962168,-2.10807045,0.06586632,0.57860470,-0.02059937,3.07512091,-1.77000315,-2.11264809,0.08392334,0.58241940,-0.01678467,-0.00488281,-0.00976562,0.01464844,-0.14648438,0.01464844,-0.02929688,0.83274841,2.24711340,2.30827332,-0.61035156
10.50293326,3680,3.07626532,-1.81997569,-2.10807045,0.06294250,0.57860470,-0.02059937,3.07626532,-1.76962168,-2.10807045,0.06422285,0.57860470,-0.02059937,3.07512091,-1.77000315,-2.11226662,0.08277893,0.58203793,-0.01716614,-0.00976562,-0.00488281,0.01464844,-0.08789062,-0.01464844,-0.01464844,0.83274841,2.24591493,2.30064392,-0.43945312
10.51878548,3685,3.07626532,-1.81997569,-2.10807045,0.06217957,0.57860470,-0.02059937,3.07626532,-1.76962168,-2.10807045,0.06306053,0.57860470,-0.02059937,3.07512091,-1.77000315,-2.11226662,0.08163452,0.58165646,-0.01716614,-0.00488281,-0.00488281,0.00976562,-0.10253906,-0.02929688,-0.02929688,0.83274841,2.24552221,2.29530334,-0.34179688
10.53374171,3690,3.07626532,-1.81997569,-2.10807045,0.06217957,0.57860470,-0.02059937,3.07626532,-1.76962168,-2.10807045,0.06246824,0.57860470,-0.02059937,3.07512091,-1.77000315,-2.11226662,0.07934570,0.58165646,-0.01716614,0.00000000,-0.00976562,0.00976562,-0.17578125,-0.00000000,-0.01464844,0.83274841,2.24539353,2.28919983,-0.39062500
10.54855084,3695,3.07626532,-1.81997569,-2.10807045,0.06103516,0.57860470,-0.02059937,3.07626532,-1.76962168,-2.10807045,0.06180407,0.57860470,-0.02059937,3.07512091,-1.77000315,-2.11226662,0.07743835,0.58089352,-0.01754761,-0.00488281,-0.00488281,0.00976562,-0.11718750,-0.04394531,-0.05859375,0.83274841,2.24535136,2.28538513,-0.21972656
10.56365418,3700,3.07626532,-1.81997569,-2.10807045,0.05912781,0.57860470,-0.02059937,3.07626532,-1.76962168,-2.10807045,0.06033680,0.57860470,-0.02059937,3.07512091,-1.77000315,-2.11188515,0.07553101,0.58013058,-0.01831055,-0.00976562,-0.00488281,0.01464844,-0.08789062,-0.04394531,-0.07324219,0.83236694,2.24488711,2.28080750,-0.48828125
10.57752419,3705,3.07626532,-1.81997569,-2.10807045,0.05569458,0.57860470,-0.02059937,3.07626532,-1.76962168,-2.10807045,0.05797697,0.57860470,-0.02059937,3.07512091,-1.77000315,-2.11188515,0.07553101,0.57974911,-0.01869202,-0.00976562,-0.00488281,0.00976562,-0.01464844,-0.01464844,-0.07324219,0.83198547,2.24422204,2.27470398,-0.51269531
10.59350228,3710,3.07626532,-1.81997569,-2.10807045,0.05187988,0.57860470,-0.02059937,3.07626532,-1.76962168,-2.10807045,0.05481284,0.57860470,-0.02059937,3.07512091,-1.77000315,-2.11188515,0.07514954,0.57936764,-0.01907349,-0.00976562,-0.00488281,0.00488281,-0.04394531,-0.01464844,-0.04394531,0.82817078,2.24147823,2.26860046,-0.36621094
10.60830784,3715,3.07626532,-1.81997569,-2.10807045,0.04806519,0.57860470,-0.02021790,3.07626532,-1.76962168,-2.10807045,0.05136512,0.57860470,-0.02048401,3.07512091,-1.77000315,-2.11188515,0.07400513,0.57936764,-0.01907349,-0.00488281,-0.00976562,0.00488281,-0.11718750,0.01464844,-0.02929688,0.81901550,2.23068168,2.26478577,-0.36621094
10.62083197,3720,3.07626532,-1.81997569,-2.10807045,0.04425049,0.57860470,-0.02059937,3.07626532,-1.76962168,-2.10807045,0.04743240,0.57860470,-0.02046147,3.07512091,-1.77000315,-2.11188515,0.07171631,0.57936764,-0.01907349,0.00000000,-0.00488281,0.00976562,-0.20507812,0.01464844,-0.01464844,0.80986023,2.21405500,2.26478577,-0.04882812
10.63561249,3725,3.07626532,-1.81997569,-2.10807045,0.04196167,0.57860470,-0.02059937,3.07626532,-1.76962168,-2.10807045,0.04413762,0.57860470,-0.02055418,3.07512091,-1.77000315,-2.11188515,0.06866455,0.57974911,-0.01945496,-0.00488281,-0.00488281,0.00976562,-0.23437500,0.02929688,-0.02929688,0.80032349,2.19499320,2.26249695,-0.21972656
10.65029144,3730,3.07626532,-1.81997569,-2.10807045,0.03929138,0.57860470,-0.02059937,3.07626532,-1.76962168,-2.10807045,0.04144824,0.57860470,-0.02058456,3.07512091,-1.77000315,-2.11188515,0.06675720,0.57974911,-0.01945496,0.00000000,-0.00976562,-0.00000000,-0.13183594,0.02929688,-0.02929688,0.79345703,2.17793918,2.25677490,-0.43945312
10.66558313,3735,3.07626532,-1.81997569,-2.10807045,0.03509521,0.57860470,-0.02059937,3.07626532,-1.76962168,-2.10807045,0.03821994,0.57860470,-0.02059451,3.07512091,-1.77000315,-2.11188515,0.06523132,0.57936764,-0.01945496,-0.00488281,0.00000000,0.00976562,-0.10253906,0.01464844,-0.02929688,0.78697205,2.16456335,2.24761963,-0.70800781
10.68067527,3740,3.07626532,-1.81997569,-2.10807045,0.03204346,0.57898617,-0.02059937,3.07626532,-1.76962168,-2.10807045,0.03489110,0.57882992,-0.02059778,3.07512091,-1.77000315,-2.11150368,0.06370544,0.57936764,-0.01945496,-0.00976562,-0.00488281,0.00976562,-0.11718750,-0.00000000,-0.02929688,0.78430176,2.15397162,2.23426819,-0.80566406
10.69474125,3745,3.07626532,-1.81997569,-2.10807045,0.02899170,0.57936764,-0.02021790,3.07626532,-1.76962168,-2.10807045,0.03165187,0.57901127,-0.02052255,3.07512091,-1.77000315,-2.11150368,0.06141663,0.57936764,-0.01945496,-0.00488281,-0.00488281,0.01464844,-0.21972656,0.01464844,-0.01464844,0.78430176,2.15025092,2.22625732,-0.63476562
10.70822477,3750,3.07626532,-1.81997569,-2.10807045,0.02632141,0.57936764,-0.02021790,3.07626532,-1.76962168,-2.10807045,0.02855686,0.57925087,-0.02031772,3.07512091,-1.77000315,-2.11150368,0.05950928,0.57936764,-0.01945496,-0.00488281,-0.00488281,0.01464844,-0.17578125,-0.01464844,-0.02929688,0.78430176,2.14903172,2.22473145,-0.21972656
10.72230268,3755,3.07626532,-1.81997569,-2.10807045,0.02479553,0.57974911,-0.02021790,3.07626532,-1.76962168,-2.10807045,0.02628000,0.57951553,-0.02025061,3.07512091,-1.77000315,-2.11112221,0.05683899,0.57936764,-0.01983643,-0.00488281,-0.00488281,0.01464844,-0.20507812,0.02929688,-0.01464844,0.78430176,2.14863221,2.21328735,-0.73242188
10.73729396,3760,3.07626532,-1.81997569,-2.10807045,0.02403259,0.57974911,-0.02021790,3.07626532,-1.76962168,-2.10807045,0.02494920,0.57967257,-0.02022861,3.07512091,-1.77000315,-2.11112221,0.05531311,0.57936764,-0.01983643,-0.00488281,-0.00488281,0.01953125,-0.14648438,0.02929688,-0.01464844,0.78353882,2.14783578,2.20336914,-0.68359375
10.74972630,3765,3.07626532,-1.81997569,-2.10807045,0.02326965,0.57974911,-0.02021790,3.07626532,-1.76962168,-2.10807045,0.02407049,0.57972403,-0.02022141,3.07512091,-1.77000315,-2.11112221,0.05264282,0.57936764,-0.01983643,-0.00976562,-0.00488281,0.01464844,-0.23437500,0.04394531,-0.01464844,0.77857971,2.14299155,2.19650269,-0.56152344
10.76226568,3770,3.07626532,-1.81997569,-2.10807045,0.02174377,0.57974911,-0.02021790,3.07626532,-1.76962168,-2.10807045,0.02272690,0.57974089,-0.02021905,3.07512091,-1.77000315,-2.11112221,0.05035400,0.57936764,-0.01983643,-0.00488281,-0.00488281,0.00976562,-0.19042969,0.01464844,-0.01464844,0.77095032,2.13128603,2.19306946,-0.26855469
10.77913833,3775,3.07626532,-1.81997569,-2.10807045,0.01945496,0.57974911,-0.02021790,3.07626532,-1.76962168,-2.10807045,0.02095923,0.57974642,-0.02021827,3.07550238,-1.77000315,-2.11074074,0.04806519,0.57936764,-0.01983643,0.00000000,-0.00488281,0.00976562,-0.08789062,-0.00000000,-0.01464844,0.75721741,2.11275946,2.18734741,-0.29296875
10.79488850,3780,3.07626532,-1.81997569,-2.10807045,0.01792908,0.58013058,-0.02021790,3.07626532,-1.76962168,-2.10807045,0.01907239,0.57987335,-0.02021802,3.07512091,-1.77000315,-2.11074074,0.04692078,0.57936764,-0.01983643,-0.00488281,-0.00488281,0.00976562,-0.13183594,-0.00000000,-0.02929688,0.74348450,2.09275946,2.18162537,-0.58593750
10.80793500,3785,3.07626532,-1.81997569,-2.10807045,0.01754761,0.58013058,-0.02021790,3.07626532,-1.76962168,-2.10807045,0.01811756,0.57999747,-0.02021794,3.07512091,-1.77000315,-2.11074074,0.04463196,0.57936764,-0.01983643,-0.00488281,-0.00488281,0.00976562,-0.17578125,0.01464844,-0.01464844,0.73318481,2.07275946,2.17285156,-0.87890625
10.82458949,3790,3.07626532,-1.81997569,-2.10807045,0.01754761,0.58013058,-0.02021790,3.07626532,-1.76962168,-2.10807045,0.01773437,0.58008696,-0.02021791,3.07550238,-1.77000315,-2.11074074,0.04081726,0.57936764,-0.01983643,0.00000000,-0.00488281,0.00976562,-0.20507812,0.01464844,-0.01464844,0.72021484,2.05275946,2.15759277,-0.68359375
10.83945560,3795,3.07626532,-1.81997569,-2.10807045,0.01716614,0.58013058,-0.02021790,3.07626532,-1.76962168,-2.10807045,0.01742265,0.58011629,-0.02021790,3.07550238,-1.77000315,-2.11074074,0.03967285,0.57936764,-0.01983643,0.00000000,-0.00976562,0.01464844,-0.11718750,0.01464844,-0.01464844,0.71144104,2.03275946,2.14805603,-0.58593750
10.85499096,3800,3.07626532,-1.81997569,-2.10807045,0.01716614,0.58051205,-0.02021790,3.07626532,-1.76962168,-2.10807045,0.01725019,0.58020219,-0.02021790,3.07550238,-1.77000315,-2.11035927,0.03814697,0.57974911,-0.01983643,-0.00488281,-0.00488281,0.01464844,-0.11718750,0.02929688,-0.01464844,0.70457458,2.01275946,2.13661194,-0.95214844
10.87186551,3805,3.07626532,-1.81997569,-2.10807045,0.01716614,0.58051205,-0.02021790,3.07626532,-1.76962168,-2.10807045,0.01719368,0.58041052,-0.02021790,3.07550238,-1.77000315,-2.11035927,0.03623962,0.57974911,-0.02021790,-0.00488281,-0.00488281,0.00976562,-0.11718750,0.01464844,-0.01464844,0.70114136,1.99429221,2.12173462,-0.80566406
10.88625717,3810,3.07626532,-1.81997569,-2.10807045,0.01716614,0.58089352,-0.02021790,3.07626532,-1.76962168,-2.10807045,0.01717516,0.58066494,-0.02021790,3.07550238,-1.77000315,-2.11035927,0.03433228,0.57974911,-0.02021790,-0.00488281,-0.00488281,0.00976562,-0.20507812,0.02929688,-0.01464844,0.69808960,1.98270696,2.11105347,-0.85449219
10.89964461,3815,3.07626532,-1.81997569,-2.10807045,0.01716614,0.58089352,-0.02021790,3.07626532,-1.76962168,-2.10807045,0.01716910,0.58081862,-0.02021790,3.07550238,-1.77000315,-2.11035927,0.03280640,0.57974911,-0.02021790,-0.00488281,-0.00488281,0.00488281,-0.08789062,-0.00000000,0.00000000,0.69847107,1.97862188,2.09846497,-0.90332031
10.91507697,3820,3.07626532,-1.81997569,-2.10807045,0.01716614,0.58127499,-0.02021790,3.07626532,-1.76962168,-2.10807045,0.01716711,0.58105514,-0.02021790,3.07550238,-1.77000315,-2.11035927,0.03166199,0.57974911,-0.02021790,0.00000000,-0.00488281,0.00976562,-0.08789062,0.02929688,-0.01464844,0.69808960,1.97710628,2.08778381,-0.75683594
10.92717218,3825,3.07626532,-1.81997569,-2.10807045,0.01716614,0.58165646,-0.02021790,3.07626532,-1.76962168,-2.10807045,0.01716646,0.58142817,-0.02021790,3.07550238,-1.77000315,-2.11035927,0.03089905,0.57974911,-0.02021790,-0.00488281,-0.00488281,0.00976562,-0.07324219,-0.00000000,0.00000000,0.69770813,1.97601859,2.07748413,-0.87890625
10.94217229,3830,3.07626532,-1.81997569,-2.10807045,0.01754761,0.58280087,-0.02021790,3.07626532,-1.76962168,-2.10807045,0.01730357,0.58210058,-0.02021790,3.07550238,-1.77000315,-2.11035927,0.03013611,0.57974911,-0.02021790,0.00000000,-0.00488281,0.00976562,-0.07324219,-0.00000000,-0.01464844,0.69160461,1.97111432,2.06756592,-0.65917969
10.95907021,3835,3.07626532,-1.81997569,-2.10807045,0.01754761,0.58356381,-0.02021790,3.07626532,-1.76962168,-2.10807045,0.01738756,0.58287291,-0.02021790,3.07550238,-1.77000315,-2.11035927,0.02937317,0.57974911,-0.02021790,0.00000000,-0.00488281,0.00976562,-0.05859375,0.01464844,-0.01464844,0.68130493,1.95675265,2.05459595,-0.75683594
10.97508287,3840,3.07626532,-1.81997569,-2.10807045,0.01754761,0.58394528,-0.02021790,3.07626532,-1.76962168,-2.10807045,0.01746391,0.58356264,-0.02021790,3.07550238,-1.77000315,-2.11035927,0.02861023,0.57974911,-0.02021790,-0.00488281,-0.00488281,0.00976562,-0.07324219,0.01464844,-0.01464844,0.67214966,1.93914805,2.04010010,-0.92773438
10.99093318,3845,3.07626532,-1.81997569,-2.10807045,0.01754761,0.58432675,-0.02021790,3.07626532,-1.76962168,-2.10807045,0.01752018,0.58404511,-0.02021790,3.07550238,-1.77000315,-2.11035927,0.02670288,0.58013058,-0.02021790,0.00000000,-0.00488281,0.00488281,-0.16113281,0.01464844,0.00000000,0.66337585,1.92117663,2.03208923,-0.48828125
11.00437474,3850,3.07626532,-1.81997569,-2.10807045,0.01754761,0.58508969,-0.02021790,3.07626532,-1.76962168,-2.10807045,0.01753862,0.58456723,-0.02021790,3.07550238,-1.77000315,-2.11035927,0.02517700,0.58013058,-0.02059937,0.00000000,-0.00488281,0.00976562,-0.11718750,0.02929688,-0.02929688,0.65345764,1.90240567,2.02064514,-0.85449219
11.01778340,3855,3.07626532,-1.81997569,-2.10807045,0.01754761,0.58547116,-0.02021790,3.07626532,-1.76962168,-2.10807045,0.01754466,0.58505582,-0.02021790,3.07550238,-1.77000315,-2.11035927,0.02479553,0.58013058,-0.02059937,-0.00488281,-0.00488281,0.00488281,-0.07324219,0.02929688,-0.02929688,0.64430237,1.88362878,2.00729370,-0.95214844
11.03113508,3860,3.07626532,-1.81997569,-2.10807045,0.01754761,0.58547116,-0.02021790,3.07626532,-1.76962168,-2.10807045,0.01754664,0.58533506,-0.02013782,3.07550238,-1.77000315,-2.10997780,0.02403259,0.58051205,-0.02059937,-0.00488281,-0.00488281,0.00976562,-0.04394531,0.02929688,-0.02929688,0.63934326,1.86902826,1.99928284,-0.61035156
11.04587579,3865,3.07626532,-1.81997569,-2.10807045,0.01792908,0.58585263,-0.02021790,3.07626532,-1.76962168,-2.10807045,0.01774273,0.58561272,-0.02009937,3.07550238,-1.77000315,-2.10997780,0.02365112,0.58051205,-0.02021790,-0.00488281,0.00000000,0.00488281,-0.02929688,0.01464844,0.00000000,0.63400269,1.85680793,1.98936462,-0.80566406
11.06016564,3870,3.07626532,-1.81997569,-2.10807045,0.01792908,0.58661557,-0.01983643,3.07626532,-1.76962168,-2.10807045,0.01786801,0.58616781,-0.02001487,3.07550238,-1.77000315,-2.10997780,0.02326965,0.58089352,-0.02059937,-0.00488281,-0.00976562,0.00976562,-0.04394531,0.04394531,-0.01464844,0.63247681,1.84921177,1.97372437,-1.02539062
11.07408929,3875,3.07626532,-1.81997569,-2.10807045,0.01792908,0.58737851,-0.01983643,3.07626532,-1.76962168,-2.10807045,0.01790907,0.58677036,-0.01989490,3.07550238,-1.77000315,-2.10997780,0.02288818,0.58127499,-0.02059937,-0.00488281,-0.00488281,0.00488281,-0.02929688,0.05859375,-0.01464844,0.62866211,1.84274952,1.96380615,-0.68359375
11.08972931,3880,3.07626532,-1.81997569,-2.10807045,0.01792908,0.58737851,-0.01983643,3.07626532,-1.76962168,-2.10807045,0.01792252,0.58717923,-0.01985559,3.07550238,-1.77000315,-2.10997780,0.02288818,0.58241940,-0.02059937,-0.00488281,0.00000000,0.00976562,-0.01464844,0.11718750,-0.01464844,0.62446594,1.83565370,1.95503235,-0.73242188
11.10338783,3885,3.07626532,-1.81997569,-2.10807045,0.01792908,0.58737851,-0.01983643,3.07626532,-1.76962168,-2.10807045,0.01792693,0.58735227,-0.01984270,3.07550238,-1.77000315,-2.10997780,0.02288818,0.58356381,-0.02059937,-0.00488281,0.00000000,0.00976562,-0.01464844,0.08789062,-0.01464844,0.61912537,1.82621965,1.93977356,-0.95214844
11.11815548,3890,3.07626532,-1.81997569,-2.10807045,0.01792908,0.58775998,-0.01983643,3.07626532,-1.76962168,-2.10807045,0.01792837,0.58759513,-0.01983848,3.07550238,-1.77000315,-2.10997780,0.02250671,0.58470822,-0.02021790,0.00000000,-0.00488281,0.00976562,-0.02929688,0.07324219,0.00000000,0.61187744,1.81411585,1.92947388,-0.75683594
11.13194180,3895,3.07626532,-1.81997569,-2.10807045,0.01792908,0.58775998,-0.01983643,3.07626532,-1.76962168,-2.10807045,0.01792885,0.58770596,-0.01983710,3.07550238,-1.77000315,-2.10997780,0.02250671,0.58508969,-0.02059937,-0.00488281,-0.00488281,0.00976562,-0.02929688,0.07324219,-0.01464844,0.60653687,1.80162282,1.91917419,-0.83007812
11.14524484,3900,3.07626532,-1.81997569,-2.10807045,0.01831055,0.58775998,-0.01983643,3.07626532,-1.76962168,-2.10807045,0.01811516,0.58774228,-0.01983665,3.07550238,-1.77000315,-2.10997780,0.02212524,0.58547116,-0.02021790,-0.00488281,-0.00488281,0.00488281,-0.02929688,0.02929688,0.00000000,0.60653687,1.79576348,1.90696716,-0.92773438
11.15802336,3905,3.07626532,-1.81997569,-2.10807045,0.01831055,0.58775998,-0.01983643,3.07626532,-1.76962168,-2.10807045,0.01824652,0.58775418,-0.01983650,3.07550238,-1.77000315,-2.10997780,0.02212524,0.58547116,-0.02059937,-0.00488281,0.00000000,0.00976562,-0.01464844,0.02929688,0.00000000,0.60653687,1.79384349,1.89743042,-0.75683594
11.17211437,3910,3.07626532,-1.81997569,-2.10807045,0.01831055,0.58814145,-0.01983643,3.07626532,-1.76962168,-2.10807045,0.01828957,0.58797548,-0.01983645,3.07550238,-1.77000315,-2.10997780,0.02174377,0.58585263,-0.02059937,-0.00488281,-0.00488281,0.00488281,-0.01464844,-0.00000000,-0.01464844,0.60653687,1.79321435,1.88674927,-0.75683594
11.18767285,3915,3.07626532,-1.81997569,-2.10807045,0.01869202,0.58814145,-0.01983643,3.07626532,-1.76962168,-2.10807045,0.01856014,0.58808706,-0.01977540,3.07550238,-1.77000315,-2.10997780,0.02174377,0.58585263,-0.02059937,-0.00488281,-0.00488281,0.00976562,-0.04394531,0.01464844,-0.01464844,0.60195923,1.79001991,1.87606812,-0.80566406
11.20214415,3920,3.07626532,-1.81997569,-2.10807045,0.01869202,0.58814145,-0.01945496,3.07626532,-1.76962168,-2.10807045,0.01864880,0.58816269,-0.01970107,3.07550238,-1.77000315,-2.10997780,0.02098083,0.58585263,-0.02059937,-0.00488281,-0.00976562,0.00488281,-0.04394531,0.02929688,-0.01464844,0.59089661,1.77607350,1.86653137,-0.63476562
11.21723413,3925,3.07626532,-1.81997569,-2.10807045,0.01869202,0.58814145,-0.01983643,3.07626532,-1.76962168,-2.10807045,0.01867786,0.58814841,-0.01979207,3.07550238,-1.77000315,-2.10997780,0.02059937,0.58623410,-0.02059937,-0.00488281,-0.00488281,0.00488281,-0.02929688,0.02929688,-0.02929688,0.57563782,1.75676712,1.85432434,-0.80566406
11.23460674,3930,3.07626532,-1.81997569,-2.10807045,0.01869202,0.58814145,-0.01983643,3.07626532,-1.76962168,-2.10807045,0.01868738,0.58814373,-0.01982189,3.07550238,-1.77000315,-2.10959633,0.02021790,0.58623410,-0.02059937,-0.00488281,-0.00488281,0.01464844,-0.02929688,0.02929688,-0.01464844,0.55923462,1.73676712,1.84555054,-0.63476562
11.24985909,3935,3.07626532,-1.81997569,-2.10807045,0.01869202,0.58814145,-0.01983643,3.07626532,-1.76962168,-2.10807045,0.01869050,0.58814219,-0.01983166,3.07588385,-1.77000315,-2.10959633,0.01945496,0.58661557,-0.02059937,-0.00488281,-0.00488281,0.01464844,-0.07324219,0.02929688,-0.01464844,0.54588318,1.71676712,1.83105469,-0.80566406
11.26589584,3940,3.07626532,-1.81997569,-2.10807045,0.01869202,0.58814145,-0.01983643,3.07626532,-1.76962168,-2.10807045,0.01869152,0.58814169,-0.01983487,3.07588385,-1.77000315,-2.10959633,0.01907349,0.58661557,-0.02021790,-0.00488281,0.00000000,0.01464844,-0.05859375,-0.00000000,0.00000000,0.53939819,1.69676712,1.81884766,-0.97656250
11.28063464,3945,3.07626532,-1.81997569,-2.10807045,0.01869202,0.58814145,-0.01983643,3.07626532,-1.76962168,-2.10807045,0.01869185,0.58814153,-0.01983591,3.07588385,-1.77000315,-2.10921486,0.01869202,0.58661557,-0.02059937,-0.00488281,-0.00488281,0.00976562,-0.04394531,0.02929688,-0.01464844,0.53710938,1.67676712,1.80816650,-0.53710938
11.29411507,3950,3.07626532,-1.81997569,-2.10807045,0.01869202,0.58814145,-0.01983643,3.07626532,-1.76962168,-2.10807045,0.01869196,0.58814147,-0.01983626,3.07588385,-1.77000315,-2.10921486,0.01869202,0.58661557,-0.02059937,-0.00488281,-0.00976562,0.00976562,-0.01464844,0.01464844,-0.02929688,0.53710938,1.66171815,1.79862976,-0.85449219
11.30876303,3955,3.07626532,-1.81997569,-2.10807045,0.01869202,0.58814145,-0.01983643,3.07626532,-1.76962168,-2.10807045,0.01869200,0.58814146,-0.01983637,3.07588385,-1.77000315,-2.10921486,0.01831055,0.58699704,-0.02021790,0.00000000,-0.00488281,0.00488281,-0.02929688,0.01464844,-0.02929688,0.53710938,1.65656454,1.78375244,-1.02539062
11.32434773,3960,3.07626532,-1.81997569,-2.10807045,0.01869202,0.58814145,-0.01983643,3.07626532,-1.76962168,-2.10807045,0.01869201,0.58814145,-0.01983641,3.07588385,-1.77000315,-2.10921486,0.01869202,0.58699704,-0.02021790,0.00000000,-0.00488281,0.00488281,-0.01464844,0.02929688,-0.01464844,0.53596497,1.65390046,1.77230835,-0.53710938
11.33773303,3965,3.07626532,-1.81997569,-2.10807045,0.01869202,0.58814145,-0.01983643,3.07626532,-1.76962168,-2.10807045,0.01869201,0.58814145,-0.01983642,3.07588385,-1.77000315,-2.10921486,0.01831055,0.58699704,-0.02021790,0.00000000,-0.00488281,0.00488281,-0.02929688,0.01464844,-0.01464844,0.53138733,1.64757925,1.76429749,-0.80566406
11.35250974,3970,3.07626532,-1.81997569,-2.10807045,0.01869202,0.58814145,-0.01983643,3.07626532,-1.76962168,-2.10807045,0.01874084,0.58814145,-0.01983642,3.07588385,-1.77000315,-2.10921486,0.01869202,0.58699704,-0.02021790,-0.00976562,-0.00488281,0.00488281,-0.01464844,0.02929688,0.00000000,0.52909851,1.64240001,1.74865723,-0.97656250
11.36814857,3975,3.07626532,-1.81997569,-2.10807045,0.01869202,0.58814145,-0.01983643,3.07626532,-1.76962168,-2.10807045,0.01870802,0.58814145,-0.01983643,3.07588385,-1.77000315,-2.10921486,0.01869202,0.58699704,-0.02021790,-0.00488281,-0.00488281,0.00488281,-0.01464844,0.01464844,0.00000000,0.52108765,1.63280126,1.73797607,-0.75683594
11.38086367,3980,3.07626532,-1.81997569,-2.10807045,0.01869202,0.58814145,-0.01983643,3.07626532,-1.76962168,-2.10807045,0.01869726,0.58814145,-0.01983643,3.07588385,-1.77000315,-2.10921486,0.01869202,0.58699704,-0.02021790,-0.00488281,-0.00976562,-0.00000000,-0.01464844,0.02929688,-0.01464844,0.51536560,1.62081146,1.72843933,-0.75683594
11.39413857,3985,3.07626532,-1.81997569,-2.10807045,0.01869202,0.58814145,-0.01983643,3.07626532,-1.76962168,-2.10807045,0.01869373,0.58814145,-0.01983643,3.07588385,-1.77000315,-2.10921486,0.01869202,0.58737851,-0.02059937,0.00000000,-0.00488281,0.01464844,-0.01464844,0.02929688,-0.01464844,0.51040649,1.60983065,1.71661377,-1.02539062
11.40745807,3990,3.07626532,-1.81997569,-2.10807045,0.01869202,0.58814145,-0.01983643,3.07626532,-1.76962168,-2.10807045,0.01869258,0.58814145,-0.01983643,3.07588385,-1.77000315,-2.10921486,0.01831055,0.58737851,-0.02021790,-0.00488281,-0.00488281,0.00488281,-0.02929688,0.01464844,0.00000000,0.50926208,1.60247781,1.70555115,-0.80566406
11.42240596,3995,3.07626532,-1.81997569,-2.10807045,0.01869202,0.58814145,-0.01983643,3.07626532,-1.76962168,-2.10807045,0.01869220,0.58814145,-0.01983643,3.07588385,-1.77000315,-2.10921486,0.01831055,0.58737851,-0.02021790,-0.00488281,-0.00488281,0.00488281,-0.01464844,-0.00000000,0.00000000,0.50506592,1.59572591,1.69448853,-0.70800781
11.43397784,4000,3.07626532,-1.81997569,-2.10807045,0.01869202,0.58814145,-0.01983643,3.07626532,-1.76962168,-2.10807045,0.01875311,0.58814145,-0.01983643,3.07588385,-1.77000315,-2.10921486,0.01831055,0.58737851,-0.02021790,-0.00488281,-0.00488281,0.00976562,-0.02929688,-0.00000000,-0.01464844,0.49934387,1.58730177,1.68800354,-0.80566406
11.44737482,4005,3.07626532,-1.81997569,-2.10807045,0.01869202,0.58814145,-0.01983643,3.07626532,-1.76962168,-2.10807045,0.01871204,0.58814145,-0.01983643,3.07588385,-1.77000315,-2.10883339,0.01831055,0.58737851,-0.02021790,-0.00976562,-0.00488281,0.00488281,-0.02929688,0.01464844,-0.01464844,0.49400330,1.57683676,1.67541504,-0.70800781
11.46263051,4010,3.07626532,-1.81997569,-2.10807045,0.01869202,0.58814145,-0.01983643,3.07626532,-1.76962168,-2.10807045,0.01869858,0.58814145,-0.01983643,3.07588385,-1.77000315,-2.10883339,0.01869202,0.58737851,-0.02059937,0.00000000,-0.00488281,0.00976562,-0.01464844,0.01464844,0.00000000,0.49362183,1.57027551,1.66511536,-0.78125000
11.47800541,4015,3.07626532,-1.81997569,-2.10807045,0.01907349,0.58814145,-0.01983643,3.07626532,-1.76962168,-2.10807045,0.01885054,0.58814145,-0.01983643,3.07588385,-1.77000315,-2.10883339,0.01831055,0.58737851,-0.02021790,-0.00976562,-0.00488281,0.00488281,-0.01464844,0.01464844,-0.01464844,0.49362183,1.56812551,1.65443420,-0.70800781
11.49240232,4020,3.07626532,-1.81997569,-2.10807045,0.01907349,0.58814145,-0.01983643,3.07626532,-1.76962168,-2.10807045,0.01900043,0.58814145,-0.01983643,3.07588385,-1.77000315,-2.10883339,0.01831055,0.58737851,-0.02021790,0.00000000,-0.00488281,0.00976562,-0.01464844,0.02929688,-0.01464844,0.49362183,1.56749913,1.64413452,-0.63476562
11.50747108,4025,3.07626532,-1.81997569,-2.10807045,0.01907349,0.58814145,-0.01983643,3.07626532,-1.76962168,-2.10807045,0.01904955,0.58814145,-0.01983643,3.07588385,-1.77000315,-2.10883339,0.01869202,0.58737851,-0.02021790,-0.00488281,0.00000000,0.00976562,-0.01464844,-0.00000000,-0.01464844,0.49209595,1.56608782,1.63612366,-0.53710938
11.52060604,4030,3.07626532,-1.81997569,-2.10807045,0.01907349,0.58814145,-0.01983643,3.07626532,-1.76962168,-2.10807045,0.01906564,0.58814145,-0.01983643,3.07588385,-1.77000315,-2.10883339,0.01831055,0.58737851,-0.02021790,-0.00488281,-0.00976562,0.00976562,-0.01464844,-0.00000000,-0.01464844,0.48561096,1.55888782,1.62734985,-0.68359375
11.53567266,4035,3.07626532,-1.81997569,-2.10807045,0.01907349,0.58814145,-0.01983643,3.07626532,-1.76962168,-2.10807045,0.01907092,0.58814145,-0.01983643,3.07588385,-1.77000315,-2.10845192,0.01831055,0.58737851,-0.02021790,-0.00488281,0.00000000,0.00976562,-0.01464844,0.01464844,-0.01464844,0.47760010,1.54647261,1.61933899,-0.46386719
11.54932427,4040,3.07626532,-1.81997569,-2.10807045,0.01907349,0.58814145,-0.01983643,3.07626532,-1.76962168,-2.10807045,0.01907264,0.58814145,-0.01983643,3.07588385,-1.77000315,-2.10845192,0.01831055,0.58775998,-0.02021790,-0.00488281,-0.00976562,0.00488281,-0.02929688,0.02929688,0.00000000,0.47149658,1.53346201,1.61590576,-0.36621094
11.56350064,4045,3.07626532,-1.81997569,-2.10807045,0.01907349,0.58814145,-0.01983643,3.07626532,-1.76962168,-2.10807045,0.01907321,0.58814145,-0.01983643,3.07588385,-1.77000315,-2.10845192,0.01831055,0.58775998,-0.02021790,0.00000000,-0.00488281,0.00488281,-0.02929688,0.02929688,0.00000000,0.46386719,1.51963718,1.60675049,-0.53710938
11.57755971,4050,3.07626532,-1.81997569,-2.10807045,0.01907349,0.58814145,-0.01983643,3.07626532,-1.76962168,-2.10807045,0.01907340,0.58814145,-0.01983643,3.07588385,-1.77000315,-2.10845192,0.01831055,0.58775998,-0.02021790,-0.00488281,-0.00488281,0.00488281,-0.01464844,0.01464844,-0.02929688,0.45814514,1.50708093,1.59606934,-0.83007812
11.59075594,4055,3.07626532,-1.81997569,-2.10807045,0.01945496,0.58814145,-0.01983643,3.07626532,-1.76962168,-2.10807045,0.01914975,0.58814145,-0.01983643,3.07588385,-1.77000315,-2.10845192,0.01831055,0.58775998,-0.02021790,-0.00488281,-0.00488281,0.00488281,-0.01464844,0.01464844,-0.01464844,0.45738220,1.49839082,1.58615112,-0.83007812
11.60641456,4060,3.07626532,-1.81997569,-2.10807045,0.01907349,0.58814145,-0.01983643,3.07626532,-1.76962168,-2.10807045,0.01912973,0.58814145,-0.01983643,3.07588385,-1.77000315,-2.10845192,0.01831055,0.58775998,-0.02021790,-0.00488281,-0.00976562,0.00488281,-0.02929688,0.02929688,-0.01464844,0.45700073,1.49539065,1.57966614,-0.41503906
11.62109399,4065,3.07626532,-1.81997569,-2.10807045,0.01907349,0.58814145,-0.01983643,3.07626532,-1.76962168,-2.10807045,0.01909192,0.58814145,-0.01983643,3.07588385,-1.77000315,-2.10845192,0.01831055,0.58775998,-0.02059937,-0.00976562,-0.00488281,0.00488281,-0.01464844,0.01464844,-0.02929688,0.45738220,1.49461972,1.57127380,-0.70800781
11.63618255,4070,3.07626532,-1.81997569,-2.10807045,0.01907349,0.58814145,-0.01983643,3.07626532,-1.76962168,-2.10807045,0.01907953,0.58814145,-0.01983643,3.07588385,-1.77000315,-2.10845192,0.01831055,0.58775998,-0.02021790,0.00000000,-0.00488281,0.00488281,-0.02929688,0.01464844,-0.01464844,0.45700073,1.49419009,1.55715942,-0.75683594
11.64852929,4075,3.07626532,-1.81997569,-2.10807045,0.01907349,0.58814145,-0.01983643,3.07626532,-1.76962168,-2.10807045,0.01907547,0.58814145,-0.01983643,3.07588385,-1.77000315,-2.10845192,0.01831055,0.58775998,-0.02021790,-0.00488281,-0.00488281,0.00488281,-0.02929688,0.01464844,-0.01464844,0.45700073,1.49395166,1.55143738,-0.51269531
11.66365933,4080,3.07626532,-1.81997569,-2.10807045,0.01907349,0.58814145,-0.01983643,3.07626532,-1.76962168,-2.10807045,0.01907413,0.58814145,-0.01983643,3.07588385,-1.77000315,-2.10845192,0.01831055,0.58775998,-0.02021790,-0.00488281,-0.00488281,0.00488281,0.00000000,-0.00000000,-0.02929688,0.45661926,1.49372094,1.54953003,-0.17089844
11.67665267,4085,3.07626532,-1.81997569,-2.10807045,0.01945496,0.58814145,-0.01983643,3.07626532,-1.76962168,-2.10807045,0.01914999,0.58814145,-0.01983643,3.07588385,-1.77000315,-2.10845192,0.01831055,0.58775998,-0.02021790,-0.00488281,-0.00488281,0.00488281,-0.01464844,0.01464844,0.00000000,0.45585632,1.49285774,1.54266357,-0.48828125
11.68979788,4090,3.07626532,-1.81997569,-2.10807045,0.01907349,0.58814145,-0.01983643,3.07626532,-1.76962168,-2.10807045,0.01909856,0.58814145,-0.01983643,3.07588385,-1.77000315,-2.10845192,0.01831055,0.58775998,-0.02059937,-0.00976562,-0.00488281,0.00488281,0.00000000,0.01464844,-0.02929688,0.45089722,1.48790863,1.53541565,-0.63476562
11.70586157,4095,3.07626532,-1.81997569,-2.10807045,0.01907349,0.58775998,-0.01983643,3.07626532,-1.76962168,-2.10807045,0.01908170,0.58795529,-0.01983643,3.07588385,-1.77000315,-2.10845192,0.01831055,0.58775998,-0.02021790,-0.00976562,-0.00488281,0.00488281,-0.01464844,-0.00000000,0.00000000,0.44364929,1.47642777,1.52778625,-0.51269531
11.71788120,4100,3.07626532,-1.81997569,-2.10807045,0.01907349,0.58775998,-0.01983643,3.07626532,-1.76962168,-2.10807045,0.01907618,0.58782398,-0.01983643,3.07588385,-1.77000315,-2.10845192,0.01831055,0.58775998,-0.02059937,-0.00488281,-0.00488281,0.00488281,-0.01464844,-0.00000000,-0.01464844,0.43792725,1.46382027,1.52282715,-0.41503906
11.73327398,4105,3.07626532,-1.81997569,-2.10807045,0.01907349,0.58737851,-0.01983643,3.07626532,-1.76962168,-2.10807045,0.01907437,0.58756354,-0.01983643,3.07588385,-1.77000315,-2.10845192,0.01831055,0.58775998,-0.02021790,0.00488281,-0.00488281,-0.00000000,0.01464844,0.01464844,0.00000000,0.42800903,1.44813972,1.51863098,-0.21972656
11.74656034,4110,3.07626532,-1.81997569,-2.10807045,0.01907349,0.58737851,-0.01983643,3.07626532,-1.76962168,-2.10807045,0.01907378,0.58743914,-0.01992871,3.07588385,-1.77000315,-2.10845192,0.01831055,0.58775998,-0.02021790,-0.00488281,-0.00488281,0.00488281,0.00000000,0.01464844,-0.01464844,0.42419434,1.43547174,1.51367188,-0.41503906
11.76018000,4115,3.07626532,-1.81997569,-2.10807045,0.01907349,0.58737851,-0.02021790,3.07626532,-1.76962168,-2.10807045,0.01907358,0.58739838,-0.02008407,3.07588385,-1.77000315,-2.10845192,0.01831055,0.58775998,-0.02059937,-0.00488281,-0.00488281,-0.00000000,-0.02929688,0.01464844,-0.02929688,0.42037964,1.42703700,1.50871277,-0.46386719
11.77704835,4120,3.07626532,-1.81997569,-2.10807045,0.01907349,0.58737851,-0.02021790,3.07626532,-1.76962168,-2.10807045,0.01907352,0.58738502,-0.02017404,3.07588385,-1.77000315,-2.10845192,0.01831055,0.58775998,-0.02021790,0.00000000,-0.00488281,0.00976562,-0.01464844,0.01464844,-0.01464844,0.42037964,1.42280240,1.50032043,-0.39062500
11.79151154,4125,3.07626532,-1.81997569,-2.10807045,0.01907349,0.58737851,-0.02021790,3.07626532,-1.76962168,-2.10807045,0.01907350,0.58738064,-0.02010343,3.07588385,-1.77000315,-2.10845192,0.01831055,0.58775998,-0.02021790,-0.00488281,0.00000000,0.00488281,-0.01464844,0.02929688,0.00000000,0.42037964,1.42131715,1.49803162,-0.24414062
11.80774450,4130,3.07626532,-1.81997569,-2.10807045,0.01907349,0.58775998,-0.01983643,3.07626532,-1.76962168,-2.10807045,0.01907349,0.58751654,-0.01992392,3.07588385,-1.77000315,-2.10845192,0.01831055,0.58775998,-0.02021790,-0.00488281,0.00000000,0.00488281,-0.01464844,0.01464844,0.00000000,0.41999817,1.42067788,1.48200989,-1.00097656
11.82113171,4135,3.07626532,-1.81997569,-2.10807045,0.01907349,0.58737851,-0.01983643,3.07626532,-1.76962168,-2.10807045,0.01907349,0.58745499,-0.01995299,3.07588385,-1.77000315,-2.10845192,0.01831055,0.58775998,-0.02059937,0.00000000,-0.00488281,-0.00000000,-0.01464844,0.01464844,-0.02929688,0.41999817,1.42010805,1.47552490,-0.41503906
11.83698964,4140,3.07626532,-1.81997569,-2.10807045,0.01907349,0.58737851,-0.01983643,3.07626532,-1.76962168,-2.10807045,0.01907349,0.58740357,-0.01997472,3.07588385,-1.77000315,-2.10845192,0.01831055,0.58775998,-0.02021790,-0.00488281,-0.00488281,0.00488281,-0.01464844,0.02929688,0.00000000,0.41961670,1.41954901,1.46789551,-0.56152344
11.84960651,4145,3.07626532,-1.81997569,-2.10807045,0.01907349,0.58737851,-0.02021790,3.07626532,-1.76962168,-2.10807045,0.01907349,0.58738672,-0.02000686,3.07588385,-1.77000315,-2.10845192,0.01831055,0.58775998,-0.02021790,-0.00488281,-0.00488281,0.00488281,-0.01464844,0.02929688,-0.01464844,0.41770935,1.41782262,1.46217346,-0.43945312
11.86378264,4150,3.07626532,-1.81997569,-2.10807045,0.01907349,0.58737851,-0.02021790,3.07626532,-1.76962168,-2.10807045,0.01907349,0.58738120,-0.02014874,3.07588385,-1.77000315,-2.10845192,0.01831055,0.58775998,-0.02021790,0.00000000,-0.00488281,0.00488281,-0.01464844,0.01464844,0.00000000,0.40931702,1.40883845,1.45835876,-0.36621094
11.87728381,4155,3.07626532,-1.81997569,-2.10807045,0.01907349,0.58737851,-0.01983643,3.07626532,-1.76962168,-2.10807045,0.01907349,0.58737939,-0.02011894,3.07588385,-1.77000315,-2.10845192,0.01831055,0.58775998,-0.02021790,-0.00488281,-0.00488281,0.00976562,0.00000000,0.01464844,-0.01464844,0.39978027,1.39229272,1.45492554,-0.34179688
11.89108658,4160,3.07626532,-1.81997569,-2.10807045,0.01907349,0.58699704,-0.02021790,3.07626532,-1.76962168,-2.10807045,0.01907349,0.58719264,-0.02018547,3.07588385,-1.77000315,-2.10845192,0.01831055,0.58775998,-0.02021790,-0.00488281,-0.00488281,0.00488281,-0.02929688,0.01464844,-0.01464844,0.39062500,1.37466984,1.44805908,-0.53710938
11.90349102,4165,3.07626532,-1.81997569,-2.10807045,0.01907349,0.58699704,-0.02021790,3.07626532,-1.76962168,-2.10807045,0.01907349,0.58706113,-0.02020727,3.07588385,-1.77000315,-2.10845192,0.01831055,0.58775998,-0.02059937,0.00000000,-0.00488281,0.00488281,-0.02929688,0.01464844,-0.01464844,0.38642883,1.36098819,1.44233704,-0.53710938
11.91981435,4170,3.07626532,-1.81997569,-2.10807045,0.01907349,0.58699704,-0.02021790,3.07626532,-1.76962168,-2.10807045,0.01907349,0.58701804,-0.02021441,3.07588385,-1.77000315,-2.10845192,0.01831055,0.58775998,-0.02021790,-0.00488281,-0.00488281,0.00976562,-0.01464844,0.01464844,-0.01464844,0.38375854,1.35200718,1.43356323,-0.51269531
11.93437409,4175,3.07626532,-1.81997569,-2.10807045,0.01907349,0.58699704,-0.02021790,3.07626532,-1.76962168,-2.10807045,0.01907349,0.58695509,-0.02021675,3.07588385,-1.77000315,-2.10845192,0.01831055,0.58775998,-0.02021790,0.00000000,-0.00488281,0.00976562,-0.02929688,-0.00000000,-0.01464844,0.38375854,1.34887679,1.42517090,-0.48828125
11.94831872,4180,3.07626532,-1.81997569,-2.10807045,0.01907349,0.58661557,-0.02021790,3.07626532,-1.76962168,-2.10807045,0.01907349,0.58690700,-0.02021752,3.07588385,-1.77000315,-2.10845192,0.01831055,0.58775998,-0.02059937,-0.00488281,-0.00488281,0.00488281,0.00000000,0.01464844,-0.01464844,0.38375854,1.34785102,1.41868591,-0.61035156
11.96316814,4185,3.07626532,-1.81997569,-2.10807045,0.01907349,0.58699704,-0.02021790,3.07626532,-1.76962168,-2.10807045,0.01907349,0.58692847,-0.02021777,3.07588385,-1.77000315,-2.10845192,0.01869202,0.58775998,-0.02021790,-0.00488281,-0.00488281,0.00976562,0.00000000,0.01464844,-0.01464844,0.38375854,1.34751490,1.41372681,-0.29296875
11.97569561,4190,3.07626532,-1.81997569,-2.10807045,0.01907349,0.58661557,-0.02021790,3.07626532,-1.76962168,-2.10807045,0.01907349,0.58689828,-0.02021786,3.07588385,-1.77000315,-2.10845192,0.01831055,0.58775998,-0.02021790,-0.00488281,-0.00976562,0.00488281,-0.01464844,0.01464844,0.00000000,0.38375854,1.34740476,1.40876770,-0.26855469
11.98939204,4195,3.07626532,-1.81997569,-2.10807045,0.01907349,0.58699704,-0.02021790,3.07626532,-1.76962168,-2.10807045,0.01907349,0.58696468,-0.02021788,3.07588385,-1.77000315,-2.10845192,0.01831055,0.58775998,-0.02059937,-0.00488281,-0.00488281,0.00488281,-0.01464844,0.01464844,-0.01464844,0.38375854,1.34736866,1.40571594,-0.29296875
12.00557756,4200,3.07626532,-1.81997569,-2.10807045,0.01907349,0.58699704,-0.02021790,3.07626532,-1.76962168,-2.10807045,0.01907349,0.58698643,-0.02021789,3.07588385,-1.77000315,-2.10845192,0.01869202,0.58775998,-0.02021790,-0.00488281,-0.00488281,0.00488281,-0.02929688,0.01464844,-0.01464844,0.38337708,1.34708218,1.40380859,-0.14648438
12.01798487,4205,3.07626532,-1.81997569,-2.10807045,0.01907349,0.58699704,-0.02021790,3.07626532,-1.76962168,-2.10807045,0.01907349,0.58690567,-0.02021789,3.07588385,-1.77000315,-2.10845192,0.01869202,0.58775998,-0.02021790,-0.00488281,-0.00488281,0.00976562,0.00000000,0.01464844,-0.02929688,0.38337708,1.34691018,1.39923096,-0.34179688
12.03149295,4210,3.07626532,-1.81997569,-2.10807045,0.01907349,0.58699704,-0.02021790,3.07626532,-1.76962168,-2.10807045,0.01907349,0.58696710,-0.02021790,3.07588385,-1.77000315,-2.10845192,0.01831055,0.58775998,-0.02021790,-0.00488281,-0.00488281,0.00488281,0.00000000,0.01464844,0.00000000,0.38337708,1.34669366,1.39732361,-0.19531250
12.04439974,4215,3.07626532,-1.81997569,-2.10807045,0.01907349,0.58661557,-0.02021790,3.07626532,-1.76962168,-2.10807045,0.01907349,0.58683086,-0.02021790,3.07588385,-1.77000315,-2.10845192,0.01869202,0.58775998,-0.02021790,0.00000000,-0.00488281,0.00488281,-0.02929688,0.01464844,-0.01464844,0.38337708,1.34650064,1.39465332,-0.14648438
12.06153989,4220,3.07626532,-1.81997569,-2.10807045,0.01907349,0.58699704,-0.02021790,3.07626532,-1.76962168,-2.10807045,0.01907349,0.58676241,-0.02021790,3.07588385,-1.77000315,-2.10845192,0.01831055,0.58775998,-0.02021790,-0.00488281,-0.00488281,0.00488281,-0.02929688,0.01464844,-0.01464844,0.38299561,1.34628481,1.39312744,-0.12207031
12.07432413,4225,3.07626532,-1.81997569,-2.10807045,0.01907349,0.58661557,-0.02021790,3.07626532,-1.76962168,-2.10807045,0.01907349,0.58666368,-0.02017883,3.07588385,-1.77000315,-2.10845192,0.01831055,0.58775998,-0.02021790,0.00000000,-0.00488281,0.00488281,-0.02929688,0.01464844,-0.01464844,0.38299561,1.34603830,1.38931274,-0.31738281
12.08875322,4230,3.07626532,-1.81997569,-2.10807045,0.01907349,0.58661557,-0.02021790,3.07626532,-1.76962168,-2.10807045,0.01907349,0.58663133,-0.02020510,3.07588385,-1.77000315,-2.10845192,0.01831055,0.58775998,-0.02021790,-0.00488281,-0.00488281,0.00488281,-0.02929688,0.01464844,-0.01464844,0.38261414,1.34538209,1.38816833,-0.12207031
12.10298610,4235,3.07626532,-1.81997569,-2.10807045,0.01907349,0.58661557,-0.02021790,3.07626532,-1.76962168,-2.10807045,0.01907349,0.58662073,-0.02021370,3.07588385,-1.77000315,-2.10845192,0.01831055,0.58775998,-0.02021790,-0.00488281,-0.00488281,0.00488281,-0.01464844,0.02929688,-0.02929688,0.38223267,1.34471662,1.38702393,-0.14648438
12.11561084,4240,3.07626532,-1.81997569,-2.10807045,0.01907349,0.58661557,-0.02021790,3.07626532,-1.76962168,-2.10807045,0.01907349,0.58661726,-0.02021652,3.07588385,-1.77000315,-2.10845192,0.01831055,0.58775998,-0.02059937,-0.00488281,-0.00488281,0.00488281,-0.02929688,0.01464844,-0.02929688,0.38146973,1.34377053,1.38397217,-0.19531250
12.12964058,4245,3.07626532,-1.81997569,-2.10807045,0.01907349,0.58661557,-0.02021790,3.07626532,-1.76962168,-2.10807045,0.01907349,0.58661612,-0.02021745,3.07588385,-1.77000315,-2.10845192,0.01869202,0.58775998,-0.02059937,-0.00488281,-0.00488281,0.00488281,-0.01464844,0.01464844,-0.01464844,0.37651062,1.33905695,1.38320923,-0.09765625
12.14629483,4250,3.07626532,-1.81997569,-2.10807045,0.01907349,0.58661557,-0.02021790,3.07626532,-1.76962168,-2.10807045,0.01907349,0.58661575,-0.02021775,3.07588385,-1.77000315,-2.10845192,0.01831055,0.58775998,-0.02021790,-0.00488281,-0.00488281,0.00488281,-0.01464844,-0.00000000,0.00000000,0.37193298,1.33020186,1.38053894,-0.21972656
12.16126680,4255,3.07626532,-1.81997569,-2.10807045,0.01907349,0.58623410,-0.02021790,3.07626532,-1.76962168,-2.10807045,0.01907349,0.58639041,-0.02021785,3.07588385,-1.77000315,-2.10845192,0.01869202,0.58775998,-0.02021790,-0.00976562,-0.00488281,-0.00000000,0.00000000,0.02929688,-0.01464844,0.37231445,1.32628094,1.37786865,-0.09765625
12.17739081,4260,3.07626532,-1.81997569,-2.10807045,0.01907349,0.58585263,-0.02021790,3.07626532,-1.76962168,-2.10807045,0.01907349,0.58602885,-0.02021788,3.07588385,-1.77000315,-2.10845192,0.01831055,0.58775998,-0.02059937,-0.00976562,-0.00488281,0.00488281,-0.01464844,-0.00000000,-0.02929688,0.37231445,1.32505863,1.37672424,-0.09765625
12.19106436,4265,3.07626532,-1.81997569,-2.10807045,0.01907349,0.58585263,-0.02021790,3.07626532,-1.76962168,-2.10807045,0.01907349,0.58591037,-0.02021789,3.07588385,-1.77000315,-2.10845192,0.01869202,0.58775998,-0.02021790,0.00000000,-0.00488281,0.00488281,0.00000000,0.01464844,-0.01464844,0.37231445,1.32465810,1.37443542,-0.17089844
12.20299149,4270,3.07626532,-1.81997569,-2.10807045,0.01907349,0.58547116,-0.02021790,3.07626532,-1.76962168,-2.10807045,0.01907349,0.58564633,-0.02021789,3.07588385,-1.77000315,-2.10845192,0.01869202,0.58775998,-0.02021790,-0.00488281,-0.00488281,0.00488281,0.00000000,-0.00000000,-0.01464844,0.37231445,1.32452686,1.37329102,-0.09765625
12.22025919,4275,3.07626532,-1.81997569,-2.10807045,0.01907349,0.58547116,-0.02021790,3.07626532,-1.76962168,-2.10807045,0.01907349,0.58552856,-0.02021789,3.07588385,-1.77000315,-2.10807045,0.01869202,0.58775998,-0.02059937,-0.00488281,-0.00488281,0.00488281,0.00000000,0.02929688,-0.01464844,0.37269592,1.32479660,1.37138367,-0.12207031
12.23685527,4280,3.07626532,-1.81997569,-2.10807045,0.01907349,0.58470822,-0.02021790,3.07626532,-1.76962168,-2.10807045,0.01907349,0.58515720,-0.02021790,3.07588385,-1.77000315,-2.10845192,0.01869202,0.58775998,-0.02059937,-0.00488281,-0.00488281,0.00488281,-0.01464844,0.01464844,-0.01464844,0.37269592,1.32484690,1.36795044,-0.17089844
12.25081277,4285,3.07626532,-1.81997569,-2.10807045,0.01907349,0.58432675,-0.02021790,3.07626532,-1.76962168,-2.10807045,0.01907349,0.58477905,-0.02021790,3.07588385,-1.77000315,-2.10807045,0.01831055,0.58775998,-0.02021790,-0.00488281,-0.00488281,0.00976562,-0.02929688,0.01464844,-0.01464844,0.37269592,1.32510166,1.36718750,-0.09765625
12.26388121,4290,3.07626532,-1.81997569,-2.10845192,0.01907349,0.58394528,-0.02021790,3.07626532,-1.76962168,-2.10832692,0.01907349,0.58439866,-0.02021790,3.07588385,-1.77000315,-2.10807045,0.01869202,0.58775998,-0.02059937,-0.00488281,-0.00488281,0.00488281,-0.01464844,0.01464844,-0.01464844,0.37269592,1.32518514,1.36680603,-0.07324219
12.27977109,4295,3.07626532,-1.81997569,-2.10845192,0.01907349,0.58394528,-0.02021790,3.07626532,-1.76962168,-2.10841096,0.01907349,0.58409384,-0.02021790,3.07588385,-1.77000315,-2.10845192,0.01869202,0.58775998,-0.02059937,0.00000000,0.00000000,0.00488281,-0.01464844,0.02929688,-0.02929688,0.37269592,1.32521250,1.36528015,-0.12207031
12.29248166,4300,3.07626532,-1.81997569,-2.10845192,0.01907349,0.58356381,-0.02021790,3.07626532,-1.76962168,-2.10843850,0.01907349,0.58385663,-0.02021790,3.07588385,-1.77000315,-2.10807045,0.01869202,0.58737851,-0.02021790,-0.00488281,-0.00488281,0.00976562,0.00000000,-0.00000000,-0.01464844,0.37269592,1.32522146,1.36375427,-0.14648438
12.30615926,4305,3.07626532,-1.81997569,-2.10845192,0.01907349,0.58356381,-0.02021790,3.07626532,-1.76962168,-2.10844752,0.01907349,0.58365976,-0.02021790,3.07588385,-1.77000315,-2.10807045,0.01869202,0.58775998,-0.02059937,-0.00488281,-0.00488281,0.00976562,-0.01464844,0.01464844,-0.01464844,0.37269592,1.32522440,1.36260986,-0.09765625
12.31962919,4310,3.07626532,-1.81997569,-2.10845192,0.01907349,0.58356381,-0.02021790,3.07626532,-1.76962168,-2.10845048,0.01904224,0.58359525,-0.02021790,3.07588385,-1.77000315,-2.10807045,0.01869202,0.58737851,-0.02059937,-0.00488281,-0.00976562,0.00488281,-0.01464844,0.02929688,0.00000000,0.37269592,1.32528786,1.36184692,-0.09765625
12.33461308,4315,3.07626532,-1.81997569,-2.10845192,0.01907349,0.58356381,-0.02021790,3.07626532,-1.76962168,-2.10845145,0.01903200,0.58351308,-0.02021790,3.07588385,-1.77000315,-2.10807045,0.01869202,0.58737851,-0.02059937,-0.00488281,-0.00488281,0.00488281,0.00000000,0.01464844,-0.02929688,0.37307739,1.32566144,1.35955811,-0.19531250
12.34893823,4320,3.07626532,-1.81997569,-2.10845192,0.01907349,0.58318234,-0.02021790,3.07626532,-1.76962168,-2.10845177,0.01905989,0.58329072,-0.02021790,3.07588385,-1.77000315,-2.10807045,0.01869202,0.58737851,-0.02059937,-0.00488281,-0.00488281,0.00488281,-0.01464844,0.01464844,-0.02929688,0.37307739,1.32588151,1.35688782,-0.12207031
12.36188245,4325,3.07626532,-1.81997569,-2.10883339,0.01907349,0.58318234,-0.02021790,3.07626532,-1.76962168,-2.10858920,0.01906903,0.58321785,-0.02021790,3.07588385,-1.77000315,-2.10807045,0.01869202,0.58737851,-0.02059937,-0.00488281,-0.00488281,0.00488281,-0.01464844,0.01464844,-0.01464844,0.37307739,1.32595362,1.35612488,-0.07324219
12.37715268,4330,3.07626532,-1.81997569,-2.10883339,0.01907349,0.58280087,-0.02021790,3.07626532,-1.76962168,-2.10875338,0.01907203,0.58296876,-0.02021790,3.07588385,-1.77000315,-2.10807045,0.01831055,0.58737851,-0.02021790,-0.00488281,-0.00976562,0.00488281,-0.01464844,0.01464844,0.00000000,0.37307739,1.32597725,1.35536194,-0.04882812
12.39323282,4335,3.07626532,-1.82035716,-2.10959633,0.01907349,0.58241940,-0.02021790,3.07626532,-1.76969798,-2.10910869,0.01907301,0.58266973,-0.02021790,3.07588385,-1.77000315,-2.10807045,0.01869202,0.58737851,-0.02021790,0.00000000,-0.00488281,0.00488281,-0.01464844,0.01464844,-0.01464844,0.37345886,1.32613758,1.35459900,-0.07324219
12.40613866,4340,3.07626532,-1.82035716,-2.11035927,0.01907349,0.58241940,-0.02021790,3.07626532,-1.76976204,-2.10969899,0.01902450,0.58261129,-0.02021790,3.07588385,-1.77000315,-2.10807045,0.01869202,0.58699704,-0.02059937,-0.00488281,-0.00488281,0.00488281,-0.01464844,-0.00000000,-0.01464844,0.37307739,1.32603753,1.35345459,-0.09765625
12.42301965,4345,3.07626532,-1.82035716,-2.11112221,0.01907349,0.58241940,-0.02021790,3.07626532,-1.76992415,-2.11044442,0.01905743,0.58266246,-0.02021790,3.07588385,-1.77000315,-2.10807045,0.01869202,0.58699704,-0.02021790,-0.00488281,-0.00488281,0.00488281,-0.01464844,-0.00000000,-0.02929688,0.37307739,1.32600475,1.35231018,-0.07324219
12.43571568,4350,3.07626532,-1.82035716,-2.11188515,0.01907349,0.58280087,-0.02021790,3.07626532,-1.76997726,-2.11116256,0.01906823,0.58271645,-0.02021790,3.07588385,-1.77000315,-2.10807045,0.01869202,0.58699704,-0.02021790,0.00000000,-0.00488281,0.00488281,-0.01464844,-0.00000000,-0.02929688,0.37307739,1.32609166,1.35154724,-0.07324219
12.44965196,4355,3.07626532,-1.82035716,-2.11302956,0.01907349,0.58280087,-0.02021790,3.07626532,-1.76999467,-2.11213604,0.01896190,0.58277321,-0.02021790,3.07588385,-1.77000315,-2.10807045,0.01831055,0.58699704,-0.02021790,-0.00976562,-0.00488281,0.00488281,-0.01464844,-0.00000000,-0.01464844,0.37307739,1.32622268,1.35078430,-0.09765625
12.46278262,4360,3.07626532,-1.82035716,-2.11379250,0.01907349,0.58280087,-0.02021790,3.07626532,-1.77000037,-2.11306026,0.01903692,0.58279181,-0.02021790,3.07588385,-1.77000315,-2.10807045,0.01869202,0.58661557,-0.02059937,-0.00488281,-0.00976562,0.00488281,0.00000000,-0.00000000,-0.01464844,0.37307739,1.32606542,1.35002136,-0.09765625
12.47762942,4365,3.07626532,-1.82073863,-2.11531838,0.01907349,0.58318234,-0.02021790,3.07626532,-1.77018840,-2.11435773,0.01906150,0.58293523,-0.02021790,3.07588385,-1.77000315,-2.10807045,0.01869202,0.58661557,-0.02059937,-0.00488281,-0.00488281,0.00488281,-0.01464844,-0.01464844,-0.02929688,0.37307739,1.32609201,1.34658813,-0.26855469
12.49081850,4370,3.07626532,-1.82112010,-2.11684426,0.01907349,0.58394528,-0.02021790,3.07626532,-1.77054554,-2.11569891,0.01906956,0.58343413,-0.02021790,3.07588385,-1.77000315,-2.10807045,0.01831055,0.58623410,-0.02021790,-0.00488281,-0.00488281,0.00488281,-0.01464844,-0.01464844,-0.01464844,0.37307739,1.32602260,1.34582520,-0.07324219
12.50322485,4375,3.07626532,-1.82112010,-2.11837014,0.01907349,0.58432675,-0.02021790,3.07626532,-1.77069382,-2.11712520,0.01907220,0.58403426,-0.02021790,3.07588385,-1.77000315,-2.10807045,0.01869202,0.58623410,-0.02021790,-0.00976562,-0.00488281,0.00488281,-0.01464844,-0.00000000,0.00000000,0.37307739,1.32599985,1.34582520,-0.07324219
12.51795340,4380,3.07626532,-1.82150157,-2.11989601,0.01907349,0.58547116,-0.02021790,3.07626532,-1.77099888,-2.11865751,0.01907306,0.58474983,-0.02021790,3.07588385,-1.77000315,-2.10807045,0.01869202,0.58585263,-0.02021790,0.00000000,-0.00488281,0.00488281,-0.01464844,-0.01464844,-0.01464844,0.37307739,1.32599240,1.34506226,-0.04882812
12.53354406,4385,3.07626532,-1.82226451,-2.12104042,0.01907349,0.58585263,-0.02021790,3.07626532,-1.77158053,-2.12007795,0.01907335,0.58546001,-0.02021790,3.07588385,-1.77000315,-2.10807045,0.01869202,0.58585263,-0.02059937,-0.00488281,-0.00488281,0.00488281,0.00000000,0.01464844,-0.01464844,0.37307739,1.32598996,1.34506226,-0.04882812
12.54635191,4390,3.07626532,-1.82264598,-2.12218483,0.01907349,0.58699704,-0.02021790,3.07626532,-1.77205885,-2.12139289,0.01907344,0.58630393,-0.02021790,3.07588385,-1.77000315,-2.10807045,0.01869202,0.58585263,-0.02059937,-0.00976562,0.00000000,0.00488281,0.00000000,-0.01464844,-0.02929688,0.37307739,1.32598916,1.34468079,-0.04882812
12.55911899,4395,3.07626532,-1.82302745,-2.12371071,0.01907349,0.58775998,-0.02021790,3.07626532,-1.77244080,-2.12252054,0.01907347,0.58707143,-0.02021790,3.07588385,-1.77000315,-2.10807045,0.01869202,0.58585263,-0.02059937,-0.00488281,-0.00488281,0.00488281,-0.01464844,0.01464844,-0.02929688,0.37307739,1.32598890,1.34429932,-0.07324219
12.57098222,4400,3.07626532,-1.82340892,-2.12409218,0.01907349,0.58814145,-0.02021790,3.07626532,-1.77278337,-2.12354594,0.01907348,0.58775958,-0.02021790,3.07588385,-1.77000315,-2.10845192,0.01831055,0.58585263,-0.02021790,-0.00488281,-0.00488281,0.00488281,0.00000000,0.01464844,-0.01464844,0.37307739,1.32598881,1.34391785,-0.04882812
12.58488727,4405,3.07626532,-1.82417186,-2.12523659,0.01907349,0.58852292,-0.02021790,3.07626532,-1.77322838,-2.12443211,0.01907348,0.58827278,-0.02021790,3.07588385,-1.77038462,-2.10845192,0.01869202,0.58585263,-0.02059937,0.00000000,-0.00488281,-0.00000000,0.00000000,0.01464844,-0.02929688,0.37307739,1.32598878,1.34315491,-0.09765625
12.59878492,4410,3.07626532,-1.82455332,-2.12561806,0.01907349,0.58852292,-0.02021790,3.07626532,-1.77381085,-2.12519820,0.01907349,0.58844095,-0.02032776,3.07588385,-1.77038462,-2.10845192,0.01831055,0.58585263,-0.02021790,-0.00488281,-0.00976562,-0.00000000,-0.02929688,0.02929688,0.00000000,0.37307739,1.32598877,1.34277344,-0.07324219
12.61229229,4415,3.07626532,-1.82493479,-2.12561806,0.01907349,0.58814145,-0.02021790,3.07626532,-1.77429725,-2.12548048,0.01907349,0.58841976,-0.02029296,3.07588385,-1.77038462,-2.10845192,0.01831055,0.58585263,-0.02059937,-0.00488281,-0.00976562,0.00488281,-0.01464844,0.01464844,-0.01464844,0.37307739,1.32598877,1.34239197,-0.07324219
12.62564325,4420,3.07626532,-1.82569773,-2.12599953,0.01907349,0.58775998,-0.02059937,3.07626532,-1.77493051,-2.12575914,0.01907349,0.58815635,-0.02049896,3.07588385,-1.77038462,-2.10845192,0.01869202,0.58585263,-0.02021790,-0.00976562,-0.00488281,-0.00488281,-0.02929688,0.01464844,-0.01464844,0.37307739,1.32598877,1.34162903,-0.04882812
12.63836265,4425,3.07626532,-1.82684214,-2.12599953,0.01907349,0.58775998,-0.02136230,3.07626532,-1.77578828,-2.12592076,0.01907349,0.58788986,-0.02086798,3.07588385,-1.77038462,-2.10845192,0.01869202,0.58585263,-0.02059937,-0.00976562,-0.00976562,-0.00488281,0.00000000,0.01464844,0.01464844,0.37307739,1.32598877,1.34124756,-0.04882812
12.65284348,4430,3.07626532,-1.82798655,-2.12599953,0.01907349,0.58775998,-0.02250671,3.07626532,-1.77683877,-2.12597372,0.01907349,0.58780254,-0.02170997,3.07588385,-1.77038462,-2.10883339,0.01869202,0.58585263,-0.02059937,-0.00488281,-0.00488281,-0.01464844,-0.01464844,-0.00000000,-0.01464844,0.37345886,1.32626343,1.34086609,-0.04882812
12.66600728,4435,3.07626532,-1.82836802,-2.12638100,0.01907349,0.58814145,-0.02479553,3.07626532,-1.77755860,-2.12606737,0.01907349,0.58785022,-0.02353250,3.07588385,-1.77038462,-2.10921486,0.01869202,0.58623410,-0.02059937,-0.00488281,-0.00976562,-0.03417969,-0.01464844,0.04394531,-0.01464844,0.37307739,1.32607877,1.34048462,-0.04882812
12.68116522,4440,3.07626532,-1.82989390,-2.12638100,0.01907349,0.58775998,-0.02708435,3.07626532,-1.77860893,-2.12627823,0.01907349,0.58778955,-0.02551960,3.07588385,-1.77076609,-2.10997780,0.01831055,0.58623410,-0.02059937,-0.00488281,-0.01953125,-0.02929688,-0.02929688,0.01464844,-0.01464844,0.37307739,1.32601826,1.33934021,-0.09765625
12.69694281,4445,3.07626532,-1.83141978,-2.12714394,0.01907349,0.58775998,-0.02861023,3.07626532,-1.77989890,-2.12670987,0.01907349,0.58776967,-0.02741585,3.07588385,-1.77076609,-2.11035927,0.01869202,0.58623410,-0.02059937,-0.00488281,-0.02929688,-0.01953125,-0.01464844,-0.00000000,-0.02929688,0.37307739,1.32599843,1.33895874,-0.07324219
12.71019959,4450,3.07626532,-1.83256419,-2.12752541,0.01907349,0.58814145,-0.02899170,3.07626532,-1.78126337,-2.12725817,0.01907349,0.58790048,-0.02844408,3.07588385,-1.77114756,-2.11035927,0.01831055,0.58623410,-0.02136230,-0.00488281,-0.02441406,-0.01464844,-0.01464844,-0.00000000,-0.05859375,0.37307739,1.32599194,1.33666992,-0.19531250
12.72367549,4455,3.07664679,-1.83447154,-2.12866982,0.01907349,0.58775998,-0.02937317,3.07634162,-1.78275162,-2.12790793,0.01907349,0.58787633,-0.02888855,3.07588385,-1.77152903,-2.11074074,0.01869202,0.58623410,-0.02212524,0.00000000,-0.01953125,-0.01464844,0.00000000,0.01464844,-0.11718750,0.37307739,1.32598981,1.33590698,-0.07324219
12.73732829,4460,3.07664679,-1.83561595,-2.12981423,0.01907349,0.58814145,-0.02975464,3.07647648,-1.78415762,-2.12881994,0.01907349,0.58797450,-0.02935170,3.07588385,-1.77152903,-2.11112221,0.01831055,0.58623410,-0.02517700,0.00000000,-0.01953125,-0.02441406,-0.02929688,0.04394531,-0.10253906,0.37307739,1.32598911,1.33590698,-0.04882812
12.75396109,4465,3.07664679,-1.83676036,-2.13095864,0.01907349,0.58814145,-0.03051758,3.07659098,-1.78551910,-2.13006838,0.01911255,0.58808674,-0.03006523,3.07588385,-1.77191050,-2.11150368,0.01869202,0.58661557,-0.02479553,0.00000000,-0.01953125,-0.01464844,-0.01464844,0.01464844,0.00000000,0.37307739,1.32591076,1.33552551,-0.02441406
12.76831365,4470,3.07664679,-1.83866770,-2.13248452,0.01907349,0.58814145,-0.03051758,3.07662851,-1.78703615,-2.13136223,0.01913511,0.58812352,-0.03036935,3.07588385,-1.77191050,-2.11188515,0.01869202,0.58661557,-0.02517700,-0.00488281,-0.01464844,-0.02441406,0.00000000,0.01464844,-0.02929688,0.37307739,1.32577864,1.33514404,-0.02441406
12.78249526,4475,3.07664679,-1.84057505,-2.13362892,0.01945496,0.58852292,-0.03051758,3.07664080,-1.78880779,-2.13273578,0.01935015,0.58839204,-0.03046901,3.07588385,-1.77229197,-2.11226662,0.01831055,0.58661557,-0.02517700,-0.00488281,-0.02441406,-0.01464844,-0.01464844,0.01464844,-0.01464844,0.37307739,1.32591991,1.33514404,-0.02441406
12.79680872,4480,3.07664679,-1.84171946,-2.13553627,0.01945496,0.58890439,-0.03051758,3.07664483,-1.79037697,-2.13425679,0.01942061,0.58861736,-0.03050166,3.07588385,-1.77267344,-2.11226662,0.01869202,0.58661557,-0.02555847,0.00000000,-0.04394531,-0.01464844,-0.01464844,-0.00000000,-0.04394531,0.37269592,1.32581362,1.33476257,-0.04882812
12.81213641,4485,3.07664679,-1.84362681,-2.13744362,0.01983643,0.59004880,-0.03051758,3.07664615,-1.79186199,-2.13590620,0.01966892,0.58924918,-0.03051236,3.07588385,-1.77305491,-2.11302956,0.01869202,0.58661557,-0.02632141,-0.00488281,-0.03417969,-0.02929688,-0.01464844,0.02929688,-0.07324219,0.37307739,1.32580931,1.33476257,-0.02441406
12.82804585,4490,3.07664679,-1.84591563,-2.13896950,0.02021790,0.59157467,-0.03051758,3.07664658,-1.79380734,-2.13763515,0.02003801,0.59048209,-0.03051587,3.07588385,-1.77343638,-2.11341103,0.01869202,0.58699704,-0.02670288,-0.00488281,-0.03417969,-0.01953125,-0.01464844,0.04394531,-0.04394531,0.37307739,1.32574539,1.33476257,-0.02441406
12.84329081,4495,3.07664679,-1.84820445,-2.14087685,0.02021790,0.59348202,-0.03051758,3.07664672,-1.79592257,-2.13939176,0.02015895,0.59203709,-0.03051702,3.07588385,-1.77419932,-2.11379250,0.01831055,0.58699704,-0.02670288,0.00000000,-0.03417969,-0.02929688,-0.02929688,0.01464844,-0.01464844,0.37269592,1.32569393,1.33438110,-0.02441406
12.86030626,4500,3.07664679,-1.85049327,-2.14354714,0.02021790,0.59729672,-0.03051758,3.07664677,-1.79828635,-2.14159517,0.02019858,0.59476221,-0.03051739,3.07588385,-1.77419932,-2.11417397,0.01869202,0.58699704,-0.02670288,-0.00488281,-0.02929688,-0.01953125,0.00000000,0.01464844,-0.01464844,0.37307739,1.32577009,1.33438110,-0.04882812
12.87354636,4505,3.07664679,-1.85163768,-2.14507302,0.02021790,0.59996701,-0.03051758,3.07664679,-1.80008080,-2.14363261,0.02021157,0.59774002,-0.03051752,3.07588385,-1.77496226,-2.11455544,0.01869202,0.58699704,-0.02670288,-0.00488281,-0.03417969,-0.01953125,0.00000000,0.02929688,0.00000000,0.37307739,1.32585461,1.33438110,-0.02441406
12.89110899,4510,3.07664679,-1.85507090,-2.14850624,0.02021790,0.60568905,-0.03089905,3.07664679,-1.80249755,-2.14617781,0.02021582,0.60213216,-0.03074278,3.07588385,-1.77534373,-2.11531838,0.01869202,0.58775998,-0.02708435,-0.00488281,-0.03906250,-0.03417969,0.00000000,0.07324219,-0.01464844,0.37307739,1.32584715,1.33399963,-0.04882812
12.90644407,4515,3.07664679,-1.85697825,-2.15079506,0.02021790,0.61064816,-0.03089905,3.07664679,-1.80487113,-2.14874009,0.02021722,0.60678342,-0.03084784,3.07588385,-1.77610667,-2.11608132,0.01869202,0.58852292,-0.02708435,-0.00488281,-0.04882812,-0.04394531,0.00000000,0.07324219,-0.02929688,0.37307739,1.32587986,1.33399963,-0.04882812
12.92016792,4520,3.07664679,-1.85850413,-2.15270241,0.02021790,0.61408139,-0.03089905,3.07664679,-1.80688621,-2.15109544,0.02021767,0.61123101,-0.03088227,3.07588385,-1.77648814,-2.11646279,0.01869202,0.58928586,-0.02708435,-0.00488281,-0.04882812,-0.04394531,0.00000000,0.02929688,-0.01464844,0.37307739,1.32581246,1.33361816,-0.02441406
12.93538666,4525,3.07664679,-1.86079295,-2.15537270,0.02021790,0.61942196,-0.03089905,3.07664679,-1.80881580,-2.15351214,0.02021782,0.61581998,-0.03089355,3.07588385,-1.77686961,-2.11722573,0.01869202,0.58966733,-0.02746582,-0.00488281,-0.03417969,-0.04394531,-0.01464844,0.05859375,-0.01464844,0.37307739,1.32593100,1.33361816,-0.04882812
12.95099878,4530,3.07664679,-1.86346324,-2.15804299,0.02021790,0.62628842,-0.03089905,3.07664679,-1.81123117,-2.15604807,0.02021787,0.62171701,-0.03089725,3.07588385,-1.77763255,-2.11798867,0.01869202,0.59119320,-0.02746582,-0.00488281,-0.05859375,-0.03417969,-0.01464844,0.11718750,-0.02929688,0.37307739,1.32596984,1.33323669,-0.04882812
12.96435714,4535,3.07664679,-1.86537059,-2.16033181,0.02021790,0.63162900,-0.03089905,3.07664679,-1.81331426,-2.15842713,0.02021789,0.62702654,-0.03089846,3.07588385,-1.77839549,-2.11875161,0.01869202,0.59233761,-0.02746582,-0.00488281,-0.05859375,-0.04394531,0.01464844,0.10253906,-0.01464844,0.37307739,1.32598257,1.33285522,-0.02441406
12.97948527,4540,3.07664679,-1.86765940,-2.16300209,0.02021790,0.63735104,-0.03089905,3.07664679,-1.81545608,-2.16100053,0.02021789,0.63263393,-0.03089885,3.07588385,-1.77915843,-2.11951454,0.01869202,0.59462643,-0.02784729,-0.00488281,-0.03906250,-0.05371094,0.00000000,0.17578125,-0.01464844,0.37307739,1.32598674,1.33285522,-0.04882812
12.99582911,4545,3.07664679,-1.86994822,-2.16529091,0.02021790,0.64307309,-0.03089905,3.07664679,-1.81783735,-2.16336502,0.02021789,0.63851078,-0.03089898,3.07588385,-1.77992137,-2.12027748,0.01869202,0.59729672,-0.02784729,-0.00488281,-0.05371094,-0.03906250,-0.01464844,0.20507812,-0.04394531,0.37269592,1.32571345,1.33247375,-0.02441406
13.01024866,4550,3.07664679,-1.87223704,-2.16757973,0.02021790,0.64841366,-0.03089905,3.07664679,-1.82010764,-2.16574895,0.02021790,0.64417992,-0.03089903,3.07588385,-1.78068431,-2.12104042,0.01869202,0.59958554,-0.02822876,-0.00488281,-0.06347656,-0.02929688,-0.01464844,0.19042969,-0.02929688,0.37307739,1.32589855,1.33209229,-0.07324219
13.02338648,4555,3.07664679,-1.87414439,-2.16948708,0.02021790,0.65375424,-0.03089905,3.07664679,-1.82214368,-2.16782223,0.02021790,0.64930638,-0.03089904,3.07588385,-1.78144725,-2.12180336,0.01869202,0.60301877,-0.02822876,0.00000000,-0.05859375,-0.05371094,0.00000000,0.27832031,-0.01464844,0.37307739,1.32595921,1.33171082,-0.04882812
13.04065084,4560,3.07664679,-1.87681468,-2.17215737,0.02021790,0.66023922,-0.03089905,3.07664679,-1.82442596,-2.17011671,0.02021790,0.65503468,-0.03089905,3.07588385,-1.78221019,-2.12294777,0.01869202,0.60950375,-0.02861023,-0.00488281,-0.04882812,-0.08789062,0.00000000,0.39550781,-0.01464844,0.37307739,1.32597908,1.33171082,-0.07324219
13.05414391,4565,3.07664679,-1.87910350,-2.17444619,0.02021790,0.66519833,-0.03089905,3.07664679,-1.82680053,-2.17252653,0.02021790,0.66072337,-0.03089905,3.07588385,-1.78259165,-2.12371071,0.01869202,0.61446286,-0.02861023,-0.00488281,-0.04882812,-0.06835938,-0.01464844,0.48339844,-0.02929688,0.37307739,1.32588794,1.33132935,-0.04882812
13.06848574,4570,3.07664679,-1.88139231,-2.17635353,0.02021790,0.67015744,-0.03089905,3.07664679,-1.82924880,-2.17469862,0.02021790,0.66613542,-0.03089905,3.07588385,-1.78373606,-2.12485512,0.01869202,0.61904049,-0.02899170,-0.00488281,-0.07812500,-0.05859375,0.00000000,0.26367188,-0.02929688,0.37307739,1.32595573,1.33094788,-0.04882812
13.08179426,4575,3.07664679,-1.88368113,-2.17749794,0.02021790,0.67511654,-0.03089905,3.07664679,-1.83144875,-2.17629892,0.02021790,0.67111941,-0.03089905,3.07588385,-1.78449900,-2.12523659,0.01907349,0.62132931,-0.02937317,-0.00488281,-0.06835938,-0.03906250,0.00000000,0.23437500,-0.04394531,0.37307739,1.32597794,1.33094788,-0.02441406
13.09577346,4580,3.07664679,-1.88558848,-2.17940529,0.02021790,0.67931271,-0.03089905,3.07664679,-1.83359309,-2.17801777,0.02021790,0.67579492,-0.03089905,3.07588385,-1.78564341,-2.12599953,0.01907349,0.62438107,-0.03013611,-0.00488281,-0.08300781,-0.06347656,-0.02929688,0.19042969,-0.07324219,0.37307739,1.32598522,1.33094788,-0.04882812
13.11007428,4585,3.07664679,-1.88825877,-2.18093117,0.02021790,0.68389035,-0.03089905,3.07664679,-1.83577414,-2.17955805,0.02021790,0.68007016,-0.03089905,3.07588385,-1.78640635,-2.12714394,0.01907349,0.62666989,-0.03089905,-0.00488281,-0.06347656,-0.07324219,0.00000000,0.16113281,-0.07324219,0.37307739,1.32580304,1.33056641,-0.04882812
13.12313485,4590,3.07664679,-1.89016612,-2.18245705,0.02021790,0.68770505,-0.03089905,3.07664679,-1.83804901,-2.18113748,0.02021790,0.68439368,-0.03089905,3.07588385,-1.78716929,-2.12790688,0.01907349,0.62934018,-0.03128052,-0.00488281,-0.08300781,-0.05859375,-0.01464844,0.24902344,-0.01464844,0.37307739,1.32592791,1.33056641,-0.02441406
13.13810420,4595,3.07664679,-1.89245494,-2.18360146,0.02021790,0.69228268,-0.03089905,3.07664679,-1.84048218,-2.18264367,0.02021790,0.68903697,-0.03089905,3.07588385,-1.78831370,-2.12943276,0.01907349,0.63315487,-0.03128052,0.00000000,-0.06347656,-0.08300781,-0.02929688,0.30761719,-0.02929688,0.37307739,1.32584676,1.33056641,0.00000000
13.15293813,4600,3.07664679,-1.89550669,-2.18550881,0.02021790,0.69686032,-0.03089905,3.07664679,-1.84302216,-2.18416908,0.02021790,0.69329579,-0.03089905,3.07588385,-1.78945811,-2.13095864,0.01907349,0.63849545,-0.03128052,-0.00488281,-0.09765625,-0.08789062,-0.01464844,0.38085938,0.00000000,0.37307739,1.32580161,1.33018494,-0.02441406
13.16733527,4605,3.07664679,-1.89703257,-2.18665322,0.02021790,0.70029355,-0.03089905,3.07664679,-1.84522848,-2.18561851,0.02021790,0.69738675,-0.03089905,3.07588385,-1.79022105,-2.13172158,0.01907349,0.64269162,-0.03128052,-0.00488281,-0.06835938,-0.07324219,-0.01464844,0.30761719,-0.02929688,0.37307739,1.32582978,1.33018494,-0.02441406
13.18382120,4610,3.07664679,-1.89970286,-2.18932350,0.02021790,0.70639706,-0.03089905,3.07664679,-1.84734733,-2.18758943,0.02021790,0.70205394,-0.03089905,3.07588385,-1.79212840,-2.13286599,0.01907349,0.64803219,-0.03128052,0.00000000,-0.08789062,-0.04882812,-0.01464844,0.29296875,-0.01464844,0.37307739,1.32581460,1.33018494,-0.02441406
13.19709873,4615,3.07664679,-1.90122874,-2.19084938,0.02021790,0.71059323,-0.03089905,3.07664679,-1.84942786,-2.18942911,0.02021790,0.70694058,-0.03089905,3.07588385,-1.79327281,-2.13362892,0.01907349,0.65146542,-0.03128052,-0.00488281,-0.09277344,-0.04394531,-0.01464844,0.26367188,-0.01464844,0.37307739,1.32585357,1.33018494,-0.04882812
13.21093464,4620,3.07664679,-1.90275462,-2.19313820,0.02021790,0.71478940,-0.03089905,3.07664679,-1.85127611,-2.19152193,0.02021790,0.71153488,-0.03089905,3.07588385,-1.79403575,-2.13439186,0.01907349,0.65489865,-0.03128052,-0.00488281,-0.05859375,-0.04882812,0.00000000,0.32226562,-0.01464844,0.37307739,1.32594447,1.33018494,-0.02441406
13.22672224,4625,3.07664679,-1.90428050,-2.19542702,0.02021790,0.71974850,-0.03089905,3.07664679,-1.85268839,-2.19358832,0.02021790,0.71584661,-0.03089905,3.07588385,-1.79518016,-2.13553627,0.01907349,0.66023922,-0.03128052,-0.00976562,-0.06835938,-0.07324219,-0.02929688,0.38085938,-0.01464844,0.37307739,1.32597425,1.32980347,0.00000000
13.24077463,4630,3.07664679,-1.90618785,-2.19733437,0.02021790,0.72394467,-0.03089905,3.07664679,-1.85426115,-2.19561370,0.02021790,0.72018563,-0.03089905,3.07588385,-1.79594310,-2.13706215,0.01907349,0.66634274,-0.03128052,-0.00488281,-0.05859375,-0.08300781,-0.01464844,0.46875000,0.00000000,0.37307739,1.32598401,1.32980347,-0.02441406
13.25531983,4635,3.07664679,-1.90733226,-2.19924172,0.02021790,0.72814084,-0.03089905,3.07664679,-1.85586721,-2.19771304,0.02021790,0.72465273,-0.03089905,3.07588385,-1.79746897,-2.13858803,0.01907349,0.67053891,-0.03128052,0.00000000,-0.10253906,-0.08789062,-0.01464844,0.30761719,0.00000000,0.37307739,1.32598721,1.32980347,-0.02441406
13.26963496,4640,3.07664679,-1.90847666,-2.20229348,0.02021790,0.73348141,-0.03089905,3.07664679,-1.85723320,-2.20025106,0.02021790,0.72946587,-0.03089905,3.07588385,-1.79861338,-2.13896950,0.01907349,0.67397214,-0.03128052,0.00000000,-0.10742188,-0.04394531,-0.01464844,0.20507812,0.00000000,0.37307739,1.32578806,1.32942200,-0.02441406
13.28403020,4645,3.07664679,-1.90847666,-2.20458229,0.02021790,0.73844052,-0.03089905,3.07664679,-1.85783120,-2.20267280,0.02021790,0.73433125,-0.03089905,3.07588385,-1.79975779,-2.13973244,0.01907349,0.67549801,-0.03128052,-0.00488281,-0.08789062,-0.05859375,-0.01464844,0.17578125,0.00000000,0.37307739,1.32584488,1.32980347,-0.02441406
13.29792690,4650,3.07664679,-1.90923960,-2.20801552,0.02021790,0.74378110,-0.03089905,3.07664679,-1.85835992,-2.20557439,0.02021790,0.73949316,-0.03089905,3.07588385,-1.80128367,-2.14087685,0.01907349,0.67893124,-0.03128052,0.00000000,-0.10253906,-0.05859375,-0.02929688,0.23437500,-0.01464844,0.37307739,1.32594162,1.32980347,-0.04882812
13.31061363,4655,3.07664679,-1.91000254,-2.20992287,0.02021790,0.74759579,-0.03089905,3.07664679,-1.85912472,-2.20821476,0.02021790,0.74445439,-0.03089905,3.07588385,-1.80204661,-2.14240273,0.01907349,0.68236447,-0.03128052,-0.00976562,-0.06835938,-0.11230469,0.00000000,0.26367188,-0.02929688,0.37307739,1.32597332,1.32942200,-0.02441406
13.32571149,4660,3.07664679,-1.91152842,-2.21373757,0.01983643,0.75522519,-0.03089905,3.07664679,-1.86025229,-2.21109631,0.02004150,0.75040089,-0.03089905,3.07588385,-1.80280955,-2.14392861,0.01907349,0.68732358,-0.03128052,-0.00488281,-0.07324219,-0.11230469,-0.01464844,0.32226562,0.00000000,0.37307739,1.32598371,1.32942200,-0.02441406
13.33964205,4665,3.07664679,-1.91190989,-2.21717079,0.01983643,0.76171017,-0.03089905,3.07664679,-1.86109747,-2.21438783,0.01990363,0.75641939,-0.03089905,3.07588385,-1.80357249,-2.14545449,0.01907349,0.69342709,-0.03128052,-0.00488281,-0.07324219,-0.10253906,-0.01464844,0.49804688,-0.01464844,0.37307739,1.32598711,1.32942200,-0.04882812
13.35551071,4670,3.07664679,-1.91190989,-2.22060402,0.01983643,0.76743222,-0.03089905,3.07664679,-1.86140567,-2.21764767,0.01985845,0.76228398,-0.03089905,3.07588385,-1.80509837,-2.14698037,0.01945496,0.69838620,-0.03128052,-0.00488281,-0.08300781,-0.06347656,0.01464844,0.33691406,-0.01464844,0.37307739,1.32598823,1.32942200,-0.04882812
13.36966038,4675,3.07664679,-1.91229136,-2.22403725,0.01983643,0.77353573,-0.03089905,3.07664679,-1.86158296,-2.22119839,0.01984364,0.76827210,-0.03089905,3.07588385,-1.80662425,-2.14812477,0.01907349,0.70220089,-0.03128052,-0.00488281,-0.09765625,-0.07324219,0.00000000,0.26367188,-0.02929688,0.37307739,1.32608625,1.32904053,-0.04882812
13.38356447,4680,3.07664679,-1.91229136,-2.22708901,0.01983643,0.77887631,-0.03089905,3.07664679,-1.86182123,-2.22448836,0.01983879,0.77428971,-0.03089905,3.07588385,-1.80776866,-2.14888771,0.01945496,0.70716000,-0.03128052,-0.00488281,-0.08789062,-0.08300781,0.00000000,0.38085938,-0.01464844,0.37307739,1.32602071,1.32904053,-0.02441406
13.39742255,4685,3.07664679,-1.91267283,-2.23052224,0.01983643,0.78459836,-0.03089905,3.07664679,-1.86215577,-2.22792347,0.01983720,0.78019796,-0.03089905,3.07588385,-1.80853160,-2.15041359,0.01945496,0.71402646,-0.03128052,0.00000000,-0.06835938,-0.09765625,-0.02929688,0.51269531,-0.02929688,0.37307739,1.32609689,1.32904053,0.00000000
13.41249251,4690,3.07664679,-1.91267283,-2.23433693,0.01983643,0.79070187,-0.03128052,3.07664679,-1.86226540,-2.23128029,0.01972682,0.78592157,-0.03097534,3.07626532,-1.80929454,-2.15232094,0.01907349,0.72165585,-0.03128052,0.00000000,-0.06347656,-0.10742188,-0.01464844,0.51269531,-0.01464844,0.37345886,1.32617679,1.32865906,-0.04882812
13.42731261,4695,3.07664679,-1.91267283,-2.23853310,0.01945496,0.79642392,-0.03128052,3.07664679,-1.86230132,-2.23529371,0.01957529,0.79175790,-0.03118052,3.07588385,-1.81043894,-2.15384682,0.01945496,0.72585202,-0.03128052,-0.00488281,-0.08300781,-0.07812500,-0.01464844,0.33691406,0.00000000,0.37307739,1.32611288,1.32865906,-0.02441406
13.44003344,4700,3.07664679,-1.91267283,-2.24158486,0.01983643,0.80100155,-0.03128052,3.07664679,-1.86231309,-2.23867279,0.01965076,0.79696234,-0.03124775,3.07626532,-1.81120188,-2.15460976,0.01945496,0.72737790,-0.03128052,-0.00488281,-0.07812500,-0.07324219,0.01464844,0.16113281,-0.01464844,0.37307739,1.32602944,1.32865906,0.00000000
13.45555019,4705,3.07664679,-1.91267283,-2.24501808,0.01945496,0.80710507,-0.03166199,3.07664679,-1.86231695,-2.24199745,0.01958943,0.80229810,-0.03134607,3.07626532,-1.81272776,-2.15613564,0.01945496,0.73119259,-0.03128052,0.00000000,-0.06347656,-0.07812500,-0.01464844,0.26367188,-0.01464844,0.37345886,1.32615468,1.32865906,-0.02441406
13.46959734,4710,3.07664679,-1.91267283,-2.24883278,0.01945496,0.81206418,-0.03166199,3.07664679,-1.86231821,-2.24565011,0.01953808,0.80768288,-0.03155847,3.07626532,-1.81349070,-2.15766152,0.01945496,0.73691464,-0.03128052,-0.00488281,-0.09277344,-0.15136719,-0.02929688,0.48339844,-0.01464844,0.37345886,1.32629338,1.32865906,-0.02441406
13.48381925,4715,3.07664679,-1.91267283,-2.25188454,0.01945496,0.81664181,-0.03204346,3.07664679,-1.86231863,-2.24927133,0.01948220,0.81286630,-0.03185329,3.07626532,-1.81425364,-2.16033181,0.01945496,0.74416256,-0.03128052,-0.00488281,-0.04394531,-0.15136719,0.00000000,0.52734375,-0.01464844,0.37307739,1.32608858,1.32827759,-0.02441406
13.49775219,4720,3.07664679,-1.91267283,-2.25531777,0.01945496,0.82083798,-0.03242493,3.07664679,-1.86231876,-2.25268510,0.01946388,0.81739428,-0.03223761,3.07626532,-1.81501658,-2.16185768,0.01907349,0.74835873,-0.03128052,-0.00488281,-0.08300781,-0.13671875,-0.01464844,0.36621094,-0.01464844,0.37307739,1.32602148,1.32827759,-0.02441406
13.51478720,4725,3.07664679,-1.91267283,-2.25875099,0.01945496,0.82617856,-0.03395081,3.07664679,-1.86231881,-2.25603188,0.01945788,0.82211458,-0.03295876,3.07626532,-1.81654246,-2.16376503,0.01907349,0.75369931,-0.03128052,-0.00488281,-0.06347656,-0.08300781,-0.01464844,0.26367188,0.00000000,0.37307739,1.32606199,1.32827759,-0.04882812
13.52657509,4730,3.07664679,-1.91267283,-2.26180275,0.01945496,0.82999325,-0.03623962,3.07664679,-1.86231882,-2.25926820,0.01945591,0.82643745,-0.03458350,3.07626532,-1.81730540,-2.16490944,0.01945496,0.75675107,-0.03128052,-0.00488281,-0.08300781,-0.11230469,-0.01464844,0.27832031,-0.01464844,0.37345886,1.32642804,1.32827759,-0.02441406
13.54000235,4735,3.07664679,-1.91267283,-2.26485451,0.01945496,0.83380795,-0.03929138,3.07664679,-1.86231883,-2.26210016,0.01945527,0.83010860,-0.03667595,3.07626532,-1.81806834,-2.16681679,0.01945496,0.76209164,-0.03166199,-0.00488281,-0.05859375,-0.12207031,-0.01464844,0.41015625,-0.01464844,0.37345886,1.32656753,1.32827759,-0.04882812
13.55633616,4740,3.07664679,-1.91305430,-2.26828774,0.01945496,0.83800412,-0.04196167,3.07664679,-1.86250498,-2.26538959,0.01945506,0.83429582,-0.03942935,3.07626532,-1.81883128,-2.16834267,0.01945496,0.76819516,-0.03166199,-0.00488281,-0.05371094,-0.14160156,-0.01464844,0.41015625,-0.01464844,0.37307739,1.32644111,1.32789612,-0.02441406
13.56873441,4745,3.07664679,-1.91305430,-2.27095803,0.01945496,0.84143735,-0.04348755,3.07664679,-1.86263630,-2.26854303,0.01945499,0.83840532,-0.04175688,3.07626532,-1.81959422,-2.17063149,0.01945496,0.77429867,-0.03166199,0.00000000,-0.06835938,-0.15136719,0.00000000,0.43945312,-0.02929688,0.37345886,1.32655228,1.32789612,0.00000000
13.58147740,4750,3.07664679,-1.91305430,-2.27439125,0.01945496,0.84487057,-0.04425049,3.07664679,-1.86267933,-2.27165166,0.01945497,0.84196786,-0.04324393,3.07626532,-1.82035716,-2.17253884,0.01945496,0.78002072,-0.03242493,-0.00488281,-0.06835938,-0.11718750,-0.01464844,0.42480469,-0.02929688,0.37345886,1.32668636,1.32789612,-0.04882812
13.59526372,4755,3.07664679,-1.91305430,-2.27706154,0.01945496,0.84830380,-0.04577637,3.07664679,-1.86269343,-2.27464528,0.01945496,0.84539463,-0.04454566,3.07626532,-1.82112010,-2.17368325,0.01945496,0.78269101,-0.03280640,-0.00488281,-0.06835938,-0.10742188,0.00000000,0.29296875,-0.07324219,0.37345886,1.32673030,1.32751465,-0.09765625
13.61065054,4760,3.07664679,-1.91305430,-2.28011330,0.01945496,0.85135556,-0.04806519,3.07664679,-1.86269805,-2.27777857,0.01945496,0.84883734,-0.04650956,3.07626532,-1.82226451,-2.17559059,0.01945496,0.78726864,-0.03433228,0.00000000,-0.05859375,-0.11718750,0.00000000,0.33691406,-0.11718750,0.37345886,1.32674469,1.32751465,-0.04882812
13.62589025,4765,3.07664679,-1.91343577,-2.28392800,0.01945496,0.85555172,-0.05111694,3.07664679,-1.86292478,-2.28119909,0.01945496,0.85256738,-0.04914382,3.07626532,-1.82302745,-2.17787941,0.01945496,0.79184628,-0.03471375,-0.00488281,-0.04882812,-0.17089844,-0.02929688,0.38085938,-0.01464844,0.37345886,1.32674941,1.32751465,-0.02441406
13.63948607,4770,3.07664679,-1.91381724,-2.28697975,0.01945496,0.85860348,-0.05264282,3.07664679,-1.86325555,-2.28447324,0.01945496,0.85616219,-0.05127557,3.07626532,-1.82379039,-2.18016823,0.01945496,0.79909421,-0.03509521,-0.00488281,-0.05859375,-0.16113281,-0.02929688,0.52734375,-0.02929688,0.37345886,1.32675096,1.32751465,-0.04882812
13.65566993,4775,3.07664679,-1.91381724,-2.29117592,0.01945496,0.86318112,-0.05416870,3.07664679,-1.86339518,-2.28811533,0.01945496,0.86001690,-0.05303904,3.07626532,-1.82455332,-2.18245705,0.01945496,0.80252743,-0.03623962,-0.00488281,-0.07324219,-0.13671875,-0.02929688,0.24902344,-0.05859375,0.37345886,1.32687353,1.32713318,-0.04882812
13.67004275,4780,3.07664679,-1.91381724,-2.29499062,0.01945496,0.86699582,-0.05416870,3.07664679,-1.86344094,-2.29181683,0.01945496,0.86382713,-0.05379853,3.07626532,-1.82569773,-2.18436440,0.01945496,0.80557919,-0.03738403,-0.00488281,-0.07324219,-0.11230469,0.00000000,0.20507812,-0.13183594,0.37384033,1.32710437,1.32713318,-0.02441406
13.68388247,4785,3.07664679,-1.91419871,-2.29804238,0.01945496,0.86928464,-0.05416870,3.07664679,-1.86368115,-2.29535102,0.01945496,0.86706419,-0.05404740,3.07626532,-1.82607920,-2.18589028,0.01945496,0.80901242,-0.03929138,-0.00488281,-0.06835938,-0.11230469,-0.01464844,0.24902344,-0.13183594,0.37384033,1.32730208,1.32713318,-0.02441406
13.69953275,4790,3.07664679,-1.91496165,-2.30185707,0.01945496,0.87233639,-0.05455017,3.07664679,-1.86409263,-2.29889216,0.01945496,0.87002628,-0.05431511,3.07626532,-1.82684214,-2.18779763,0.01945496,0.81282712,-0.04043579,-0.00976562,-0.05371094,-0.13671875,0.00000000,0.32226562,-0.13183594,0.37384033,1.32744500,1.32675171,-0.04882812
13.71210337,4795,3.07702826,-1.91534312,-2.30414589,0.01907349,0.87424374,-0.05455017,3.07687201,-1.86457621,-2.30188236,0.01922974,0.87254877,-0.05447315,3.07626532,-1.82760508,-2.19008644,0.01945496,0.81740475,-0.04310608,0.00000000,-0.03417969,-0.14648438,-0.02929688,0.33691406,-0.21972656,0.37384033,1.32749182,1.32675171,-0.04882812
13.72667289,4800,3.07740973,-1.91610606,-2.30719765,0.01907349,0.87653256,-0.05531311,3.07711439,-1.86524761,-2.30480457,0.01912469,0.87482627,-0.05491873,3.07626532,-1.82798655,-2.19237526,0.01945496,0.82274533,-0.04348755,-0.00976562,-0.05371094,-0.15625000,-0.01464844,0.42480469,-0.01464844,0.37422180,1.32765976,1.32675171,-0.02441406
13.74083471,4805,3.07855414,-1.91725047,-2.30910500,0.01869202,0.87767697,-0.05722046,3.07784408,-1.86616672,-2.30730716,0.01895293,0.87644354,-0.05616545,3.07626532,-1.82874949,-2.19504555,0.01945496,0.82694150,-0.04386902,-0.00488281,-0.05859375,-0.16113281,-0.01464844,0.24902344,-0.02929688,0.37384033,1.32768427,1.32675171,-0.02441406
13.75419784,4810,3.08008002,-1.91839488,-2.31101235,0.01831055,0.87767697,-0.05798340,3.07897772,-1.86723730,-2.30947743,0.01855229,0.87727280,-0.05731738,3.07626532,-1.82913096,-2.19657143,0.01945496,0.83037472,-0.04463196,-0.00488281,-0.05371094,-0.13671875,-0.02929688,0.29296875,-0.07324219,0.37384033,1.32793058,1.32675171,-0.02441406
13.76988769,4815,3.08236884,-1.91992076,-2.31253823,0.01754761,0.87729550,-0.05798340,3.08067658,-1.86847287,-2.31120470,0.01805700,0.87735837,-0.05776516,3.07626532,-1.83027537,-2.19847878,0.01945496,0.83380795,-0.04615784,-0.00488281,-0.07324219,-0.14160156,-0.01464844,0.24902344,-0.10253906,0.37422180,1.32816388,1.32637024,-0.07324219
13.78590322,4820,3.08427619,-1.92144664,-2.31368264,0.01678467,0.87691403,-0.05798340,3.08257665,-1.86983331,-2.31264996,0.01750090,0.87712994,-0.05791189,3.07626532,-1.83103831,-2.20076760,0.01945496,0.83647824,-0.04653931,0.00000000,-0.06347656,-0.15136719,-0.01464844,0.17578125,-0.02929688,0.37422180,1.32811826,1.32637024,-0.04882812
13.79909849,4825,3.08580207,-1.92259104,-2.31482704,0.01678467,0.87653256,-0.05798340,3.08443657,-1.87125993,-2.31386317,0.01701936,0.87679862,-0.05795996,3.07626532,-1.83180125,-2.20305641,0.01945496,0.84029294,-0.04730225,0.00000000,-0.06835938,-0.15136719,-0.01464844,0.21972656,-0.10253906,0.37422180,1.32814725,1.32675171,0.00000000
13.81203985,4830,3.08809088,-1.92449839,-2.31558998,0.01640320,0.87615109,-0.05798340,3.08643152,-1.87276855,-2.31477365,0.01678528,0.87643359,-0.05797572,3.07664679,-1.83256419,-2.20496376,0.01907349,0.84334469,-0.04920959,0.00976562,-0.04882812,-0.15625000,-0.01464844,0.27832031,-0.17578125,0.37422180,1.32817238,1.32675171,0.00000000
13.83035660,4835,3.09076117,-1.92678721,-2.31635292,0.01487732,0.87576962,-0.05798340,3.08882241,-1.87471235,-2.31568504,0.01587215,0.87598719,-0.05798088,3.07702826,-1.83332713,-2.20763405,0.01907349,0.84715939,-0.05149841,0.01953125,-0.04882812,-0.15136719,-0.02929688,0.29296875,-0.07324219,0.37422180,1.32830561,1.32675171,-0.02441406
13.84415936,4840,3.09419440,-1.92869456,-2.31673439,0.01487732,0.87500668,-0.05798340,3.09161038,-1.87679962,-2.31632023,0.01520330,0.87553940,-0.05798257,3.07702826,-1.83447154,-2.20992287,0.01907349,0.85021115,-0.05149841,0.00976562,-0.05859375,-0.14648438,0.00000000,0.19042969,-0.01464844,0.37422180,1.32828677,1.32637024,-0.02441406
13.85644817,4845,3.09648322,-1.93022044,-2.31749733,0.01411438,0.87424374,-0.05798340,3.09437623,-1.87854070,-2.31704131,0.01472169,0.87491879,-0.05798313,3.07740973,-1.83485301,-2.21183022,0.01907349,0.85173703,-0.05149841,0.00976562,-0.05859375,-0.14648438,-0.01464844,0.16113281,-0.02929688,0.37422180,1.32828060,1.32637024,-0.07324219
13.86860967,4850,3.09877204,-1.93136485,-2.31826027,0.01373291,0.87424374,-0.05798340,3.09697029,-1.87998072,-2.31779053,0.01412723,0.87446494,-0.05798331,3.07740973,-1.83561595,-2.21297463,0.01907349,0.85364438,-0.05149841,0.01464844,-0.06347656,-0.12695312,-0.01464844,0.17578125,-0.04394531,0.37422180,1.32827857,1.32637024,-0.02441406
13.88194227,4855,3.10258673,-1.93365367,-2.31864174,0.01258850,0.87424374,-0.05760193,3.10015601,-1.88181123,-2.31818264,0.01328216,0.87431622,-0.05785825,3.07779120,-1.83637889,-2.21526345,0.01907349,0.85478879,-0.05264282,0.00976562,-0.06835938,-0.12695312,-0.02929688,0.08789062,-0.07324219,0.37422180,1.32827791,1.32637024,0.00000000
13.89484477,4860,3.10487555,-1.93517955,-2.31902321,0.01068115,0.87386227,-0.05760193,3.10304585,-1.88365617,-2.31867746,0.01174634,0.87401102,-0.05768592,3.07817267,-1.83714183,-2.21678933,0.01869202,0.85631466,-0.05302429,0.00976562,-0.04394531,-0.13183594,-0.02929688,0.11718750,-0.07324219,0.37422180,1.32821519,1.32675171,0.00000000
13.90922332,4865,3.10945319,-1.93708689,-2.31940468,0.01029968,0.87309933,-0.05760193,3.10668322,-1.88539414,-2.31913514,0.01077372,0.87351722,-0.05762945,3.07855414,-1.83790477,-2.21869667,0.01869202,0.85745907,-0.05302429,0.03906250,-0.07324219,-0.14160156,-0.01464844,0.11718750,-0.02929688,0.37422180,1.32825714,1.32675171,0.00000000
13.92246056,4870,3.11250495,-1.93861277,-2.31978615,0.00953674,0.87271786,-0.05760193,3.11001476,-1.88695827,-2.31954158,0.01009247,0.87301104,-0.05761095,3.07931708,-1.83866770,-2.22060402,0.01831055,0.85745907,-0.05302429,0.04394531,-0.05859375,-0.12695312,-0.07324219,0.04394531,-0.02929688,0.37422180,1.32827089,1.32675171,0.00000000
13.93562055,4875,3.11631964,-1.94052012,-2.32016762,0.00839233,0.87271786,-0.05760193,3.11364966,-1.88868284,-2.31996248,0.00917014,0.87281393,-0.05760488,3.07969855,-1.84019358,-2.22251137,0.01792908,0.85784054,-0.05340576,0.03906250,-0.09765625,-0.11718750,-0.05859375,0.02929688,-0.02929688,0.37422180,1.32827539,1.32637024,-0.02441406
13.95051384,4880,3.12127875,-1.94242747,-2.32016762,0.00724792,0.87271786,-0.05722046,3.11751908,-1.89051272,-2.32010040,0.00802819,0.87274934,-0.05752660,3.08046149,-1.84095652,-2.22480019,0.01716614,0.85822201,-0.05340576,0.04394531,-0.07324219,-0.14648438,-0.05859375,0.05859375,-0.01464844,0.37422180,1.32827687,1.32675171,0.00000000
13.96608400,4885,3.12547492,-1.94433482,-2.32016762,0.00648499,0.87195492,-0.05760193,3.12184500,-1.89239468,-2.32014559,0.00720209,0.87233438,-0.05757725,3.08084296,-1.84210093,-2.22632607,0.01678467,0.85898495,-0.05340576,0.04394531,-0.08300781,-0.13671875,-0.05859375,0.05859375,-0.01464844,0.37422180,1.32827735,1.32675171,-0.02441406
13.98164129,4890,3.13005255,-1.94700511,-2.32016762,0.00572205,0.87157345,-0.05722046,3.12637189,-1.89460499,-2.32016040,0.00645751,0.87189311,-0.05733737,3.08198737,-1.84324534,-2.22861489,0.01525879,0.85974789,-0.05378723,0.04394531,-0.07812500,-0.12207031,-0.07324219,0.05859375,-0.02929688,0.37422180,1.32821501,1.32637024,-0.02441406
13.99813938,4895,3.13539313,-1.94891246,-2.32016762,0.00457764,0.87157345,-0.05722046,3.13112211,-1.89673076,-2.32016526,0.00547537,0.87167820,-0.05725877,3.08275031,-1.84438975,-2.23052224,0.01525879,0.86089230,-0.05378723,0.05859375,-0.06347656,-0.13183594,-0.01464844,0.04394531,0.00000000,0.37422180,1.32803736,1.32637024,-0.04882812
14.01340079,4900,3.13997077,-1.95081980,-2.32016762,0.00343323,0.87157345,-0.05722046,3.13568013,-1.89873116,-2.32016685,0.00443296,0.87160778,-0.05723301,3.08389472,-1.84515269,-2.23242958,0.01525879,0.86203671,-0.05378723,0.05859375,-0.08300781,-0.13183594,-0.01464844,0.10253906,-0.01464844,0.37422180,1.32810121,1.32637024,-0.02441406
14.02891994,4905,-3.13901837,-1.95272715,-2.32016762,0.00305176,0.87157345,-0.05683899,3.14048461,-1.90078863,-2.32016737,0.00368453,0.87158470,-0.05708724,3.08465766,-1.84629710,-2.23395546,0.01449585,0.86356259,-0.05416870,0.05859375,-0.06347656,-0.11230469,-0.05859375,0.13183594,-0.02929688,0.37422180,1.32812214,1.32637024,-0.02441406
14.04246449,4910,-3.13444074,-1.95425303,-2.32016762,0.00305176,0.87157345,-0.05683899,3.14508580,-1.90251800,-2.32016754,0.00325910,0.87157714,-0.05695940,3.08580207,-1.84706004,-2.23548134,0.01411438,0.86546994,-0.05416870,0.07812500,-0.08789062,-0.11718750,-0.04394531,0.16113281,-0.01464844,0.37384033,1.32795199,1.32637024,-0.02441406
14.05601525,4915,-3.13024457,-1.95539744,-2.32016762,0.00305176,0.87195492,-0.05683899,3.14929701,-1.90388533,-2.32016759,0.00311970,0.87171199,-0.05687845,3.08694648,-1.84820445,-2.23700722,0.01296997,0.86737729,-0.05455017,0.06347656,-0.06835938,-0.10742188,-0.08789062,0.19042969,-0.04394531,0.37422180,1.32807324,1.32675171,0.00000000
14.06949258,4920,-3.12642987,-1.95692332,-2.32016762,0.00305176,0.87195492,-0.05683899,3.15353656,-1.90540809,-2.32016761,0.00307402,0.87187532,-0.05685192,3.08809088,-1.84934886,-2.23853310,0.01220703,0.86928464,-0.05455017,0.08789062,-0.09277344,-0.08300781,-0.08789062,0.13183594,-0.02929688,0.37384033,1.32776019,1.32637024,-0.02441406
14.08286953,4925,-3.12185223,-1.95883067,-2.32016762,0.00305176,0.87233639,-0.05645752,3.15761620,-1.90707028,-2.32016762,0.00305905,0.87211500,-0.05671810,3.08923529,-1.85011180,-2.23967751,0.01144409,0.86966610,-0.05493164,0.07324219,-0.06835938,-0.08789062,-0.07324219,0.05859375,-0.02929688,0.37422180,1.32786976,1.32637024,-0.02441406
14.09831810,4930,-3.11689313,-1.95997508,-2.32016762,0.00305176,0.87271786,-0.05645752,3.16220753,-1.90856453,-2.32016762,0.00305415,0.87240117,-0.05654291,3.09076117,-1.85163768,-2.24158486,0.01068115,0.87004757,-0.05493164,0.10253906,-0.10253906,-0.11230469,-0.07324219,0.01464844,-0.04394531,0.37422180,1.32778360,1.32675171,-0.02441406
14.11206269,4935,-3.11193402,-1.96073802,-2.32016762,0.00305176,0.87348080,-0.05607605,3.16678441,-1.90960763,-2.32016762,0.00305254,0.87287654,-0.05640921,3.09190558,-1.85240061,-2.24311074,0.00991821,0.87042904,-0.05531311,0.08300781,-0.06835938,-0.12695312,-0.07324219,0.05859375,-0.01464844,0.37422180,1.32797509,1.32637024,-0.02441406
14.12884068,4940,-3.10697492,-1.96188243,-2.32016762,0.00305176,0.87424374,-0.05569458,3.17195469,-1.91059970,-2.32016762,0.00305201,0.87360628,-0.05604789,3.09304999,-1.85354502,-2.24463662,0.00877380,0.87119198,-0.05607605,0.09765625,-0.08300781,-0.11230469,-0.13183594,0.05859375,-0.05859375,0.37384033,1.32776318,1.32637024,-0.04882812
14.14391088,4945,-3.10239728,-1.96264537,-2.32016762,0.00305176,0.87538815,-0.05531311,3.17703122,-1.91163548,-2.32016762,0.00305184,0.87455378,-0.05562420,3.09495734,-1.85468943,-2.24616249,0.00724792,0.87119198,-0.05645752,0.12207031,-0.07324219,-0.08300781,-0.04394531,-0.01464844,-0.04394531,0.37384033,1.32789394,1.32637024,-0.02441406
14.15923762,4950,-3.09705670,-1.96340831,-2.32016762,0.00305176,0.87653256,-0.05378723,3.18219835,-1.91247024,-2.32016762,0.00305179,0.87569470,-0.05475880,3.09648322,-1.85583384,-2.24768837,0.00724792,0.87119198,-0.05683899,0.08789062,-0.06347656,-0.08300781,-0.02929688,0.02929688,-0.04394531,0.37422180,1.32807375,1.32675171,-0.02441406
14.17500043,4955,-3.09095319,-1.96417124,-2.32016762,0.00305176,0.87767697,-0.05302429,3.18788517,-1.91325671,-2.32016762,0.00305177,0.87672810,-0.05362390,3.09839057,-1.85735972,-2.24921425,0.00724792,0.87195492,-0.05683899,0.10253906,-0.09277344,-0.07812500,-0.01464844,0.10253906,-0.01464844,0.37422180,1.32814829,1.32675171,0.00000000
14.18864608,4960,-3.08561261,-1.96455271,-2.32016762,0.00305176,0.87882138,-0.05302429,3.19332700,-1.91385879,-2.32016762,0.00305176,0.87791475,-0.05322077,3.10029792,-1.85812266,-2.25074013,0.00724792,0.87309933,-0.05683899,0.11230469,-0.07812500,-0.10253906,-0.02929688,0.07324219,-0.01464844,0.37422180,1.32815710,1.32637024,-0.02441406
14.20348382,4965,-3.07989057,-1.96455271,-2.32016762,0.00305176,0.88111020,-0.05302429,3.19875166,-1.91408732,-2.32016762,0.00305176,0.87951331,-0.05308867,3.10182379,-1.85926707,-2.25188454,0.00724792,0.87348080,-0.05683899,0.12207031,-0.08300781,-0.08300781,-0.01464844,0.05859375,0.00000000,0.37422180,1.32823811,1.32675171,0.00000000
14.21809268,4970,-3.07454999,-1.96455271,-2.32016762,0.00305176,0.88339902,-0.05302429,3.20430826,-1.91416221,-2.32016762,0.00305176,0.88156666,-0.05299656,3.10411261,-1.86079295,-2.25302895,0.00724792,0.87424374,-0.05683899,0.12695312,-0.08789062,-0.05859375,-0.01464844,0.08789062,0.00000000,0.37460327,1.32841724,1.32675171,0.00000000
14.23240471,4975,-3.06920941,-1.96455271,-2.32016762,0.00305176,0.88530636,-0.05302429,3.20965566,-1.91418675,-2.32016762,0.00305176,0.88361902,-0.05301521,3.10563849,-1.86155589,-2.25455483,0.00686646,0.87538815,-0.05683899,0.13671875,-0.06347656,-0.09277344,-0.04394531,0.10253906,-0.02929688,0.37460327,1.32869566,1.32637024,-0.04882812
14.24555922,4980,-3.06348737,-1.96455271,-2.32016762,0.00305176,0.88759518,-0.05302429,3.21448785,-1.91419479,-2.32016762,0.00305176,0.88548222,-0.05302131,3.10754584,-1.86231883,-2.25569924,0.00686646,0.87615109,-0.05683899,0.12695312,-0.08300781,-0.09765625,-0.01464844,0.10253906,-0.01464844,0.37460327,1.32892752,1.32675171,-0.02441406
14.25770450,4985,-3.05967267,-1.96455271,-2.32016762,0.00305176,0.88873959,-0.05302429,3.21947629,-1.91419743,-2.32016762,0.00305176,0.88730259,-0.05302332,3.10907172,-1.86308177,-2.25646218,0.00648499,0.87653256,-0.05683899,0.12207031,-0.06835938,-0.05371094,-0.04394531,0.04394531,0.00000000,0.37498474,1.32915609,1.32637024,-0.02441406
14.27138972,4990,-3.05509503,-1.96455271,-2.32016762,0.00305176,0.89064694,-0.05302429,3.22434821,-1.91419829,-2.32016762,0.00305176,0.88911112,-0.05302397,3.11097907,-1.86422618,-2.25760659,0.00610352,0.87653256,-0.05683899,0.13671875,-0.08789062,-0.08789062,-0.04394531,-0.00000000,-0.02929688,0.37498474,1.32945071,1.32675171,-0.02441406
14.28410935,4995,-3.05013593,-1.96455271,-2.32016762,0.00267029,0.89255429,-0.05302429,3.22934613,-1.91419857,-2.32016762,0.00279529,0.89115650,-0.05302419,3.11326789,-1.86498912,-2.25875099,0.00572205,0.87653256,-0.05683899,0.15136719,-0.05371094,-0.05371094,-0.05859375,0.02929688,-0.01464844,0.37536621,1.33013831,1.32675171,0.00000000
14.30091262,5000,-3.04403241,-1.96455271,-2.32016762,0.00267029,0.89408017,-0.05302429,3.23460787,-1.91419867,-2.32016762,0.00271125,0.89285261,-0.05302426,3.11555670,-1.86651499,-2.26027687,0.00534058,0.87729550,-0.05645752,0.15136719,-0.08300781,-0.08789062,-0.02929688,0.05859375,-0.01464844,0.37803650,1.33266026,1.32637024,0.00000000
14.31342006,5005,-3.03869183,-1.96455271,-2.32016762,0.00267029,0.89522458,-0.05302429,3.24018287,-1.91419870,-2.32016762,0.00268371,0.89429694,-0.05302428,3.11784552,-1.86689646,-2.26142128,0.00495911,0.87767697,-0.05645752,0.15625000,-0.04882812,-0.09765625,-0.01464844,0.04394531,-0.01464844,0.37956238,1.33669173,1.32675171,-0.02441406
14.32826376,5010,-3.03373273,-1.96455271,-2.32016762,0.00267029,0.89598752,-0.05302429,3.24544096,-1.91419871,-2.32016762,0.00267469,0.89522212,-0.05302429,3.12013434,-1.86804087,-2.26294716,0.00457764,0.87805844,-0.05645752,0.16113281,-0.06835938,-0.08300781,-0.04394531,0.05859375,0.00000000,0.37918091,1.33800080,1.32675171,0.02441406
14.34429884,5015,-3.02839215,-1.96455271,-2.32016762,0.00228882,0.89636899,-0.05302429,3.25100597,-1.91419871,-2.32016762,0.00248557,0.89592287,-0.05302429,3.12242316,-1.86880381,-2.26409157,0.00419617,0.87882138,-0.05645752,0.15625000,-0.05371094,-0.07812500,-0.02929688,0.05859375,0.00000000,0.37956238,1.33864484,1.32675171,-0.04882812
14.35805678,5020,-3.02190717,-1.96455271,-2.32016762,0.00190735,0.89713193,-0.05302429,3.25700737,-1.91419871,-2.32016762,0.00206704,0.89666543,-0.05302429,3.12471198,-1.86956675,-2.26485451,0.00419617,0.87920285,-0.05645752,0.16601562,-0.08300781,-0.07324219,-0.01464844,0.04394531,0.00000000,0.37956238,1.33885588,1.32675171,-0.02441406
14.37156534,5025,-3.01618512,-1.96455271,-2.32016762,0.00114441,0.89713193,-0.05302429,3.26271109,-1.91419871,-2.32016762,0.00147799,0.89697906,-0.05302429,3.12738227,-1.87071116,-2.26599892,0.00419617,0.87996579,-0.05607605,0.16601562,-0.05859375,-0.04882812,-0.01464844,0.08789062,-0.01464844,0.37956238,1.33892504,1.32675171,0.00000000
14.38645029,5030,-3.01008161,-1.96493418,-2.32016762,0.00076294,0.89713193,-0.05302429,3.26829005,-1.91427500,-2.32016762,0.00106756,0.89713066,-0.05302429,3.13043402,-1.87185557,-2.26676186,0.00419617,0.88149167,-0.05607605,0.18066406,-0.06835938,-0.07812500,-0.01464844,0.13183594,-0.01464844,0.37956238,1.33882563,1.32713318,-0.02441406
14.40134382,5035,-3.00397809,-1.96531565,-2.32016762,0.00038147,0.89713193,-0.05302429,3.27434326,-1.91452522,-2.32016762,0.00063754,0.89713151,-0.05302429,3.13310431,-1.87261851,-2.26790627,0.00419617,0.88454342,-0.05569458,0.18554688,-0.05859375,-0.05859375,0.00000000,0.17578125,0.01464844,0.37956238,1.33891512,1.32675171,-0.02441406
14.41412210,5040,-2.99863751,-1.96531565,-2.32016762,0.00000000,0.89713193,-0.05302429,3.28034167,-1.91481864,-2.32016762,0.00020891,0.89713179,-0.05302429,3.13501166,-1.87338145,-2.26905068,0.00381470,0.88568783,-0.05569458,0.18066406,-0.08300781,-0.07812500,-0.02929688,0.13183594,0.00000000,0.37918091,1.33872936,1.32713318,0.00000000
14.42767072,5045,-2.99215253,-1.96607859,-2.32016762,0.00000000,0.89713193,-0.05302429,3.28607590,-1.91524755,-2.32016762,0.00006846,0.89719292,-0.05302429,3.13768195,-1.87414439,-2.26981362,0.00381470,0.88645077,-0.05531311,0.18066406,-0.06835938,-0.03906250,-0.02929688,0.07324219,0.00000000,0.37956238,1.33864530,1.32713318,0.00000000
14.44063473,5050,-2.98757489,-1.96646006,-2.32016762,0.00000000,0.89751339,-0.05302429,3.29139337,-1.91570560,-2.32016762,0.00002243,0.89737713,-0.05302429,3.14035224,-1.87490733,-2.27057656,0.00381470,0.88645077,-0.05493164,0.19531250,-0.06347656,-0.05859375,-0.01464844,-0.00000000,0.02929688,0.37918091,1.33834309,1.32713318,-0.02441406
14.45518899,5055,-2.98223432,-1.96684153,-2.32016762,0.00000000,0.89789486,-0.05302429,3.29675714,-1.91611217,-2.32016762,0.00000735,0.89769396,-0.05302429,-3.14016278,-1.87567027,-2.27133950,0.00343323,0.88645077,-0.05493164,0.19042969,-0.05859375,-0.04882812,-0.02929688,0.01464844,0.00000000,0.37918091,1.33824406,1.32751465,0.00000000
14.46918535,5060,-2.97613080,-1.96760447,-2.32016762,0.00000000,0.89827633,-0.05302429,3.30258993,-1.91675833,-2.32016762,0.00000241,0.89805425,-0.05302429,-3.13672955,-1.87643321,-2.27248391,0.00343323,0.88645077,-0.05416870,0.20507812,-0.04882812,-0.07324219,-0.02929688,0.02929688,0.00000000,0.37879944,1.33805903,1.32751465,-0.02441406
14.48580098,5065,-2.96850140,-1.96836741,-2.32016762,0.00000000,0.89865780,-0.05264282,3.30898560,-1.91739072,-2.32016762,0.00000079,0.89838972,-0.05276782,-3.13367780,-1.87719615,-2.27324684,0.00305176,0.88721371,-0.05416870,0.19531250,-0.05859375,-0.05371094,-0.04394531,0.05859375,-0.01464844,0.37879944,1.33773570,1.32789612,-0.04882812
14.50042391,5070,-2.96201642,-1.96951182,-2.32016762,0.00000000,0.89942074,-0.05226135,3.31586026,-1.91832829,-2.32016762,0.00000026,0.89887147,-0.05246638,-3.13062604,-1.87795909,-2.27439125,0.00305176,0.88797665,-0.05416870,0.21972656,-0.03906250,-0.06835938,-0.01464844,0.05859375,-0.01464844,0.37879944,1.33767272,1.32789612,0.00000000
14.51438928,5075,-2.95629437,-1.97027476,-2.32016762,-0.00038147,0.90018368,-0.05226135,3.32216166,-1.91918751,-2.32016762,-0.00022513,0.89954227,-0.05232853,-3.12757428,-1.87872203,-2.27553566,0.00267029,0.88873959,-0.05416870,0.20019531,-0.06347656,-0.05371094,-0.02929688,0.08789062,-0.02929688,0.37879944,1.33777415,1.32789612,-0.04882812
14.52861309,5080,-2.94904645,-1.97141917,-2.32016762,-0.00076294,0.90132809,-0.05187988,3.32863214,-1.92016816,-2.32016762,-0.00055546,0.90041235,-0.05202690,-3.12452252,-1.87948497,-2.27629860,0.00267029,0.89026547,-0.05416870,0.22460938,-0.06835938,-0.06347656,-0.01464844,0.13183594,-0.01464844,0.37918091,1.33769728,1.32789612,-0.04882812
14.54421854,5085,-2.94217999,-1.97218211,-2.32016762,-0.00114441,0.90285397,-0.05111694,3.33545380,-1.92116503,-2.32016762,-0.00083228,0.90168427,-0.05153426,-3.12070783,-1.88024790,-2.27744301,0.00190735,0.89217282,-0.05416870,0.20507812,-0.05371094,-0.03906250,-0.07324219,0.13183594,-0.01464844,0.37879944,1.33751951,1.32827759,-0.02441406
14.55707788,5090,-2.93683942,-1.97332652,-2.32016762,-0.00114441,0.90361691,-0.04959106,3.34171329,-1.92216881,-2.32016762,-0.00104213,0.90277220,-0.05044851,-3.11765607,-1.88101084,-2.27782448,0.00152588,0.89369870,-0.05378723,0.23925781,-0.06347656,-0.04882812,-0.07324219,0.13183594,-0.01464844,0.37918091,1.33767634,1.32827759,-0.02441406
14.56937790,5095,-2.93073590,-1.97408946,-2.32016762,-0.00114441,0.90514279,-0.04844666,3.34769751,-1.92301067,-2.32016762,-0.00111089,0.90396511,-0.04925301,-3.11460431,-1.88177378,-2.27858742,0.00038147,0.89560605,-0.05378723,0.21972656,-0.04882812,-0.05371094,-0.07324219,0.13183594,0.00000000,0.37879944,1.33757514,1.32827759,-0.04882812
14.58661318,5100,-2.92234357,-1.97523387,-2.32016762,-0.00114441,0.90743161,-0.04768372,3.35477487,-1.92401688,-2.32016762,-0.00113343,0.90573663,-0.04831708,-3.11040814,-1.88291819,-2.27935036,-0.00038147,0.89865780,-0.05378723,0.22949219,-0.06347656,-0.04882812,-0.04394531,0.17578125,0.00000000,0.37918091,1.33763207,1.32865906,-0.02441406
14.59966779,5105,-2.91624005,-1.97637828,-2.32016762,-0.00114441,0.90933896,-0.04692078,3.36161742,-1.92508475,-2.32016762,-0.00114081,0.90766538,-0.04758974,-3.10735639,-1.88368113,-2.28011330,-0.00038147,0.90056515,-0.05378723,0.22949219,-0.05859375,-0.05859375,0.00000000,0.14648438,0.00000000,0.37879944,1.33785849,1.32865906,-0.04882812
14.61333704,5110,-2.91089948,-1.97714122,-2.32016762,-0.00114441,0.91048337,-0.04577637,3.36774069,-1.92607896,-2.32016762,-0.00114323,0.90940958,-0.04659128,-3.10430463,-1.88444407,-2.28087624,-0.00038147,0.90170956,-0.05340576,0.24902344,-0.06835938,-0.03417969,-0.02929688,0.11718750,0.01464844,0.37879944,1.33766999,1.32865906,0.00000000
14.62910151,5115,-2.90136273,-1.97904856,-2.32016762,-0.00114441,0.91353512,-0.04272461,3.37518332,-1.92750691,-2.32016762,-0.00114402,0.91157096,-0.04475287,-3.10010846,-1.88520701,-2.28202065,-0.00076294,0.90170956,-0.05340576,0.25390625,-0.07324219,-0.05371094,-0.02929688,0.01464844,-0.01464844,0.37879944,1.33757306,1.32904053,-0.02441406
14.64460444,5120,-2.89335187,-1.98019297,-2.32016762,-0.00114441,0.91544247,-0.03814697,3.38310857,-1.92874423,-2.32016762,-0.00114428,0.91370266,-0.04148298,-3.09629376,-1.88635142,-2.28278359,-0.00076294,0.90209103,-0.05302429,0.25390625,-0.08300781,-0.03417969,-0.01464844,0.02929688,0.01464844,0.37918091,1.33763139,1.32904053,0.00000000
14.65727735,5125,-2.88762982,-1.98057444,-2.32016762,-0.00152588,0.91734982,-0.03547668,3.39009407,-1.92961758,-2.32016762,-0.00122066,0.91580267,-0.03805713,-3.09324201,-1.88711436,-2.28354653,-0.00076294,0.90209103,-0.05302429,0.25390625,-0.06835938,-0.05371094,-0.01464844,0.01464844,0.01464844,0.37879944,1.33761999,1.32904053,-0.02441406
14.67035532,5130,-2.88038190,-1.98171885,-2.32016762,-0.00152588,0.91925717,-0.03204346,3.39729653,-1.93064191,-2.32016762,-0.00142587,0.91778536,-0.03471568,-3.08942731,-1.88787730,-2.28392800,-0.00038147,0.90247250,-0.05226135,0.26367188,-0.06835938,-0.04394531,-0.01464844,0.05859375,0.02929688,0.37879944,1.33759183,1.32942200,-0.02441406
14.68403029,5135,-2.87198956,-1.98362620,-2.32016762,-0.00228882,0.92078305,-0.02784729,3.40492396,-1.93200943,-2.32016762,-0.00188691,0.91951903,-0.03088210,-3.08561261,-1.88902171,-2.28469094,-0.00038147,0.90285397,-0.05073547,0.27832031,-0.06835938,-0.02441406,0.01464844,0.08789062,0.08789062,0.37879944,1.33758261,1.32942200,-0.02441406
14.69836092,5140,-2.86436017,-1.98515208,-2.32016762,-0.00267029,0.92230893,-0.02479553,3.41272606,-1.93358351,-2.32016762,-0.00234328,0.92117403,-0.02737250,-3.08217938,-1.88940318,-2.28507241,-0.00076294,0.90323544,-0.04959106,0.26367188,-0.04882812,-0.03417969,-0.01464844,0.02929688,0.02929688,0.37879944,1.33748193,1.32942200,-0.02441406
14.71391320,5145,-2.85634931,-1.98629649,-2.32016762,-0.00305176,0.92421628,-0.02288818,3.42069390,-1.93495807,-2.32016762,-0.00278835,0.92275748,-0.02481952,-3.07798322,-1.89016612,-2.28583535,-0.00038147,0.90437985,-0.04882812,0.28808594,-0.05859375,-0.02441406,-0.02929688,0.10253906,0.07324219,0.37918091,1.33760153,1.32942200,-0.02441406
14.72911906,5150,-2.84604962,-1.98705943,-2.32016762,-0.00419617,0.92574215,-0.02059937,3.42983251,-1.93601371,-2.32016762,-0.00370360,0.92443357,-0.02244414,-3.07340558,-1.89092906,-2.28621682,-0.00076294,0.90590573,-0.04615784,0.27832031,-0.03906250,-0.02441406,-0.02929688,0.11718750,0.16113281,0.37841797,1.33721347,1.32942200,0.00000000
14.74276567,5155,-2.83727582,-1.98858531,-2.32016762,-0.00495911,0.92764950,-0.01716614,3.43853250,-1.93704273,-2.32016762,-0.00444614,0.92616358,-0.01978968,-3.06882794,-1.89207347,-2.28736122,-0.00076294,0.90705014,-0.04348755,0.27343750,-0.08300781,-0.04394531,-0.02929688,0.08789062,0.13183594,0.37841797,1.33684803,1.32980347,-0.02441406
14.75395465,5160,-2.83117230,-1.98934825,-2.32016762,-0.00610352,0.92841244,-0.01373291,3.44601808,-1.93816532,-2.32016762,-0.00526111,0.92737622,-0.01668732,-3.06539472,-1.89283641,-2.28774269,-0.00114441,0.90819455,-0.04196167,0.29785156,-0.07812500,-0.03417969,-0.02929688,0.10253906,0.10253906,0.37803650,1.33657570,1.32980347,-0.02441406
14.76797962,5165,-2.82201703,-1.99125560,-2.32016762,-0.00801086,0.92917538,-0.00686646,3.45439722,-1.93960409,-2.32016762,-0.00670895,0.92848427,-0.01152010,-3.06158002,-1.89359935,-2.28812416,-0.00152588,0.90972043,-0.04158020,0.29296875,-0.06347656,-0.03417969,-0.02929688,0.14648438,0.04394531,0.37803650,1.33618861,1.32980347,-0.02441406
14.77922869,5170,-2.81553204,-1.99163706,-2.32016762,-0.00877380,0.92955685,-0.00152588,3.46176021,-1.94066258,-2.32016762,-0.00784670,0.92917414,-0.00617823,-3.05776532,-1.89436228,-2.28850563,-0.00190735,0.91086484,-0.03967285,0.31250000,-0.08300781,-0.04394531,-0.04394531,0.10253906,0.13183594,0.37765503,1.33562695,1.32980347,0.00000000
14.79283571,5175,-2.80675824,-1.99201853,-2.32016762,-0.00953674,0.93031979,0.00495911,3.46979388,-1.94126590,-2.32016762,-0.00879350,0.92982524,-0.00006830,-3.05356915,-1.89512522,-2.28926857,-0.00190735,0.91124631,-0.03547668,0.30761719,-0.05859375,-0.03906250,-0.04394531,0.05859375,0.33691406,0.37765503,1.33552201,1.32980347,-0.02441406
14.80911326,5180,-2.79912885,-1.99278147,-2.32016762,-0.01106262,0.93222714,0.00877380,3.47813290,-1.94192771,-2.32016762,-0.01009837,0.93110024,0.00528462,-3.04822858,-1.89665110,-2.29003151,-0.00228882,0.91239071,-0.03166199,0.30273438,-0.06835938,-0.01953125,-0.02929688,0.07324219,0.11718750,0.37765503,1.33534602,1.33018494,0.00000000
14.82375598,5185,-2.78730328,-1.99354441,-2.32016762,-0.01411438,0.93451596,0.01640320,3.48784187,-1.94265751,-2.32016762,-0.01216853,0.93281564,0.01132822,-3.04403241,-1.89703257,-2.29041298,-0.00267029,0.91277218,-0.03089905,0.32714844,-0.06835938,-0.02441406,-0.02929688,0.05859375,0.07324219,0.37765503,1.33521023,1.33018494,-0.02441406
14.83939266,5190,-2.77738507,-1.99430735,-2.32016762,-0.01678467,0.93642331,0.02212524,3.49764025,-1.94331730,-2.32016762,-0.01462069,0.93484027,0.01746472,-3.03869183,-1.89817698,-2.29117592,-0.00343323,0.91353512,-0.02822876,0.34179688,-0.06347656,-0.03906250,-0.05859375,0.07324219,0.20507812,0.37727356,1.33471529,1.33018494,-0.02441406
14.85670233,5195,-2.76708539,-1.99507029,-2.32016762,-0.01907349,0.93756772,0.03013611,3.50744607,-1.94395855,-2.32016762,-0.01695326,0.93634342,0.02425153,-3.03220685,-1.89932139,-2.29193886,-0.00419617,0.91620541,-0.02403259,0.34179688,-0.06835938,-0.04882812,-0.04394531,0.20507812,0.13183594,0.37727356,1.33441248,1.33056641,0.00000000
14.87147450,5200,-2.75793012,-1.99545176,-2.32016762,-0.02136230,0.93947506,0.03547668,3.51758014,-1.94465415,-2.32016762,-0.01938532,0.93798697,0.03077303,-3.02801068,-1.90008433,-2.29232033,-0.00457764,0.91887570,-0.02174377,0.33691406,-0.06347656,-0.03906250,-0.05859375,0.23437500,0.17578125,0.37727356,1.33439139,1.33056641,0.00000000
14.88543868,5205,-2.74801190,-1.99545176,-2.32016762,-0.02441406,0.94061947,0.04272461,3.52717846,-1.94495240,-2.32016762,-0.02214613,0.93932619,0.03706711,-3.02267011,-1.90084727,-2.29308327,-0.00534058,0.92154599,-0.01602173,0.35156250,-0.05371094,-0.02929688,-0.05859375,0.23437500,0.35156250,0.37689209,1.33387153,1.33056641,-0.02441406
14.89891553,5210,-2.74152692,-1.99583323,-2.32016762,-0.02670288,0.94176388,0.04730225,3.53550492,-1.94527535,-2.32016762,-0.02467750,0.94068336,0.04285269,-3.01809247,-1.90161021,-2.29346474,-0.00648499,0.92459775,-0.01296997,0.36132812,-0.06835938,-0.03906250,-0.10253906,0.23437500,0.23437500,0.37689209,1.33370119,1.33056641,-0.02441406
14.91343403,5215,-2.72893842,-1.99659617,-2.32016762,-0.03128052,0.94367123,0.05645752,3.54522515,-1.94574518,-2.32016762,-0.02799379,0.94223025,0.05005271,-3.01237042,-1.90237315,-2.29384621,-0.00877380,0.92803097,-0.00610352,0.36621094,-0.05859375,-0.01953125,-0.14648438,0.21972656,0.42480469,0.37422180,1.33151475,1.33094788,0.00000000
14.92677021,5220,-2.72245343,-1.99697764,-2.32016762,-0.03395081,0.94443417,0.05989075,3.55443579,-1.94630454,-2.32016762,-0.03148709,0.94356160,0.05609280,-3.00855573,-1.90313609,-2.29422768,-0.00991821,0.92917538,-0.00343323,0.35156250,-0.08300781,-0.02929688,-0.16113281,0.13183594,0.19042969,0.37345886,1.32835934,1.33056641,-0.02441406
14.93951821,5225,-2.71215375,-1.99697764,-2.32016762,-0.03623962,0.94443417,0.06637573,3.56390889,-1.94651907,-2.32016762,-0.03428144,0.94414825,0.06186462,-3.00283368,-1.90428050,-2.29460915,-0.01220703,0.92993832,-0.00076294,0.36132812,-0.05371094,-0.02441406,-0.13183594,0.04394531,0.23437500,0.37345886,1.32740057,1.33056641,-0.04882812
14.95530891,5230,-2.70185407,-1.99735911,-2.32016762,-0.03852844,0.94519711,0.07286072,3.57310422,-1.94672670,-2.32016762,-0.03653669,0.94467324,0.06763886,-2.99711163,-1.90504344,-2.29537209,-0.01411438,0.93031979,0.00381470,0.36621094,-0.06835938,-0.04394531,-0.13183594,0.04394531,0.26367188,0.37345886,1.32708640,1.33056641,-0.04882812
14.96815300,5235,-2.69308026,-1.99735911,-2.32016762,-0.04081726,0.94596005,0.07896423,3.58288968,-1.94691388,-2.32016762,-0.03896489,0.94541925,0.07408956,-2.99215253,-1.90580638,-2.29575356,-0.01564026,0.93070126,0.00839233,0.37597656,-0.06835938,-0.02441406,-0.16113281,0.05859375,0.38085938,0.37384033,1.32721416,1.33056641,-0.02441406
14.98322129,5240,-2.68392499,-1.99774058,-2.32016762,-0.04234314,0.94672299,0.08430481,3.59206103,-1.94711254,-2.32016762,-0.04101545,0.94614539,0.08001363,-2.98604901,-1.90656932,-2.29651650,-0.01869202,0.93070126,0.01449585,0.40039062,-0.04882812,-0.04394531,-0.23437500,0.01464844,0.30761719,0.37384033,1.32725603,1.33056641,-0.02441406
14.99966550,5245,-2.67209943,-1.99774058,-2.32016762,-0.04386902,0.94672299,0.09002686,3.60293238,-1.94729678,-2.32016762,-0.04256433,0.94653372,0.08566662,-2.97956403,-1.90733226,-2.29689797,-0.01983643,0.93070126,0.02098083,0.39550781,-0.06347656,-0.02441406,-0.05859375,0.02929688,0.38085938,0.37345886,1.32691696,1.33056641,-0.02441406
15.01296997,5250,-2.66332562,-1.99774058,-2.32016762,-0.04501343,0.94672299,0.09536743,3.61271138,-1.94735715,-2.32016762,-0.04402146,0.94666097,0.09120722,-2.97460492,-1.90809519,-2.29727944,-0.02059937,0.93184567,0.02403259,0.37597656,-0.05371094,-0.02441406,-0.08789062,0.08789062,0.19042969,0.37384033,1.32705610,1.33056641,-0.02441406
15.02690077,5255,-2.65455182,-1.99774058,-2.32016762,-0.04615784,0.94672299,0.10070801,3.62175402,-1.94737693,-2.32016762,-0.04535622,0.94670267,0.09664655,-2.96888287,-1.90885813,-2.29766091,-0.02174377,0.93299008,0.02861023,0.40039062,-0.06347656,-0.01464844,-0.08789062,0.08789062,0.29296875,0.37384033,1.32730189,1.33056641,-0.02441406
15.04139400,5260,-2.64463361,-1.99774058,-2.32016762,-0.04730225,0.94672299,0.10757446,3.63078474,-1.94738342,-2.32016762,-0.04641409,0.94671633,0.10253267,-2.96239789,-1.90962107,-2.29804238,-0.02326965,0.93337155,0.03356934,0.40039062,-0.06347656,-0.00000000,-0.14648438,0.04394531,0.32226562,0.37384033,1.32724474,1.33056641,-0.02441406
15.05555010,5265,-2.63585980,-1.99774058,-2.32016762,-0.04882812,0.94672299,0.11177063,3.63948599,-1.94738554,-2.32016762,-0.04759715,0.94672081,0.10768348,-2.95667584,-1.91038401,-2.29804238,-0.02517700,0.93413449,0.03929138,0.40039062,-0.06835938,-0.01953125,-0.14648438,0.10253906,0.36621094,0.37345886,1.32715155,1.33056641,-0.02441406
15.06944990,5270,-2.62784894,-1.99774058,-2.32016762,-0.04920959,0.94672299,0.11520386,3.64858783,-1.94738624,-2.32016762,-0.04856209,0.94672227,0.11202864,-2.95133527,-1.91114695,-2.29880532,-0.02708435,0.93642331,0.04501343,0.41503906,-0.04882812,-0.03417969,-0.16113281,0.14648438,0.48339844,0.37345886,1.32705851,1.33056641,-0.02441406
15.08193851,5275,-2.61945661,-1.99774058,-2.32016762,-0.04959106,0.94672299,0.12016296,3.65715455,-1.94738647,-2.32016762,-0.04918358,0.94672276,0.11650630,-2.94599469,-1.91152842,-2.29918679,-0.02822876,0.93833066,0.04920959,0.42480469,-0.04882812,-0.04882812,-0.14648438,0.14648438,0.29296875,0.37345886,1.32685224,1.33056641,-0.02441406
15.09675694,5280,-2.60953839,-1.99774058,-2.32016762,-0.04959106,0.94672299,0.12588501,3.66646731,-1.94738654,-2.32016762,-0.04945754,0.94672291,0.12178933,-2.93989118,-1.91267283,-2.29956826,-0.03051758,0.93909360,0.05340576,0.41992188,-0.07324219,-0.01953125,-0.07324219,0.05859375,0.30761719,0.37345886,1.32692528,1.33056641,0.00000000
15.11041832,5285,-2.60038312,-1.99774058,-2.32016762,-0.04959106,0.94672299,0.13237000,3.67541539,-1.94738656,-2.32016762,-0.04954731,0.94672296,0.12745908,-2.93378766,-1.91305430,-2.29956826,-0.03166199,0.93871213,0.05798340,0.42968750,-0.05371094,-0.01464844,-0.10253906,-0.00000000,0.29296875,0.37345886,1.32698436,1.33056641,0.00000000
15.12334180,5290,-2.59313519,-1.99774058,-2.32016762,-0.04997253,0.94672299,0.13580322,3.68388840,-1.94738657,-2.32016762,-0.04976288,0.94672298,0.13239470,-2.92844708,-1.91381724,-2.29994973,-0.03318787,0.93871213,0.06294250,0.42968750,-0.03906250,-0.01953125,-0.16113281,0.01464844,0.42480469,0.37345886,1.32695002,1.33056641,-0.04882812
15.13755202,5295,-2.58359845,-1.99774058,-2.32016762,-0.04997253,0.94672299,0.13999939,3.69261808,-1.94738658,-2.32016762,-0.04990384,0.94672299,0.13669596,-2.92196210,-1.91458018,-2.30071266,-0.03509521,0.93909360,0.06828308,0.43945312,-0.04882812,-0.02929688,-0.13183594,0.02929688,0.33691406,0.37345886,1.32707939,1.33056641,-0.02441406
15.15268850,5300,-2.57406171,-1.99774058,-2.32016762,-0.05035400,0.94672299,0.14457703,3.70110081,-1.94738658,-2.32016762,-0.05002632,0.94672299,0.14060345,-2.91662152,-1.91496165,-2.30109413,-0.03585815,0.93909360,0.07400513,0.43457031,-0.04882812,-0.03417969,-0.14648438,0.01464844,0.41015625,0.37345886,1.32695674,1.33056641,-0.02441406
15.16498661,5305,-2.56452496,-1.99774058,-2.32016762,-0.05035400,0.94634152,0.14953613,3.71046698,-1.94738658,-2.32016762,-0.05024663,0.94649777,0.14539423,-2.90861066,-1.91534312,-2.30147560,-0.03776550,0.93871213,0.07896423,0.43945312,-0.03417969,-0.00976562,-0.07324219,-0.00000000,0.27832031,0.37384033,1.32703398,1.33056641,-0.04882812
15.18004060,5310,-2.55689557,-1.99774058,-2.32016762,-0.05035400,0.94634152,0.15373230,3.71977925,-1.94738658,-2.32016762,-0.05031882,0.94639272,0.15017684,-2.90327008,-1.91610606,-2.30147560,-0.03776550,0.93871213,0.08277893,0.43457031,-0.05859375,-0.00976562,-0.04394531,0.02929688,0.29296875,0.37384033,1.32727902,1.33018494,-0.04882812
15.19529009,5315,-2.54964765,-1.99774058,-2.32016762,-0.05035400,0.94596005,0.15754700,3.72815040,-1.94738658,-2.32016762,-0.05030341,0.94613308,0.15467687,-2.89678510,-1.91686900,-2.30185707,-0.03852844,0.93909360,0.08773804,0.42968750,-0.05859375,-0.00976562,-0.05859375,0.04394531,0.39550781,0.37384033,1.32737494,1.33018494,0.00000000
15.20870972,5320,-2.54011090,-1.99774058,-2.32016762,-0.05035400,0.94557858,0.16250610,3.73713528,-1.94738658,-2.32016762,-0.05033743,0.94583059,0.15947577,-2.89068158,-1.91725047,-2.30223854,-0.03929138,0.93985653,0.09269714,0.44921875,-0.03906250,-0.01464844,-0.07324219,0.07324219,0.29296875,0.37384033,1.32732824,1.33056641,0.00000000
15.22302103,5325,-2.52904828,-1.99774058,-2.32016762,-0.05035400,0.94519711,0.16746521,3.74696189,-1.94738658,-2.32016762,-0.05034857,0.94547500,0.16411188,-2.88305219,-1.91801341,-2.30223854,-0.04043579,0.94100094,0.09994507,0.44921875,-0.05859375,-0.00976562,-0.08789062,0.08789062,0.46875000,0.37345886,1.32730098,1.33056641,-0.02441406
15.23776245,5330,-2.51913007,-1.99774058,-2.32016762,-0.05035400,0.94481564,0.17395020,3.75689159,-1.94738658,-2.32016762,-0.05035222,0.94510201,0.16963507,-2.87656720,-1.91877635,-2.30262001,-0.04158020,0.94214535,0.10375977,0.44921875,-0.04882812,-0.02441406,-0.08789062,0.07324219,0.21972656,0.37345886,1.32721392,1.33018494,-0.02441406
15.25119424,5335,-2.50921185,-1.99774058,-2.32016762,-0.05111694,0.94443417,0.18081665,3.76616074,-1.94738658,-2.32016762,-0.05067691,0.94468426,0.17561995,-2.87084515,-1.91915782,-2.30300148,-0.04196167,0.94328976,0.10719299,0.46386719,-0.03417969,-0.01464844,-0.05859375,0.13183594,0.26367188,0.37384033,1.32723154,1.33018494,-0.02441406
15.26385069,5340,-2.50081952,-1.99774058,-2.32016762,-0.05264282,0.94367123,0.18730164,3.77524370,-1.94738658,-2.32016762,-0.05162900,0.94415357,0.18218179,-2.86436017,-1.91953929,-2.30338295,-0.04234314,0.94481564,0.11138916,0.45898438,-0.04394531,-0.00976562,-0.04394531,0.10253906,0.24902344,0.37384033,1.32729981,1.33018494,-0.02441406
15.27920365,5345,-2.49051984,-1.99774058,-2.32016762,-0.05378723,0.94290829,0.19340515,3.78508219,-1.94738658,-2.32016762,-0.05289057,0.94343549,0.18868598,-2.85673078,-1.92030223,-2.30338295,-0.04348755,0.94557858,0.11787415,0.46386719,-0.03906250,-0.00000000,-0.08789062,0.02929688,0.38085938,0.37384033,1.32744425,1.33018494,-0.02441406
15.29410076,5350,-2.48098309,-1.99774058,-2.32016762,-0.05493164,0.94214535,0.20027161,3.79451127,-1.94738658,-2.32016762,-0.05398108,0.94271849,0.19499866,-2.84986432,-1.92068370,-2.30338295,-0.04463196,0.94596005,0.12397766,0.47363281,-0.04882812,-0.00488281,-0.08789062,0.04394531,0.46875000,0.37384033,1.32749158,1.33056641,0.00000000
15.30754042,5355,-2.47259076,-1.99774058,-2.32016762,-0.05683899,0.94214535,0.20599365,3.80404313,-1.94738658,-2.32016762,-0.05568181,0.94233316,0.20141035,-2.84337933,-1.92106517,-2.30376442,-0.04501343,0.94634152,0.12969971,0.46875000,-0.03417969,-0.01464844,-0.02929688,0.04394531,0.33691406,0.37384033,1.32733131,1.33018494,-0.02441406
15.32269669,5360,-2.46076520,-1.99774058,-2.32016762,-0.05912781,0.94176388,0.21476746,3.81401895,-1.94738658,-2.32016762,-0.05750985,0.94202074,0.20871140,-2.83689435,-1.92182811,-2.30414589,-0.04539490,0.94634152,0.13313293,0.47363281,-0.05371094,-0.02441406,-0.04394531,0.01464844,0.29296875,0.37384033,1.32729442,1.33018494,-0.04882812
15.33593702,5365,-2.45275433,-1.99774058,-2.32016762,-0.06065369,0.94138241,0.21972656,3.82306919,-1.94738658,-2.32016762,-0.05934178,0.94171072,0.21493352,-2.82964642,-1.92220957,-2.30452736,-0.04615784,0.94634152,0.13771057,0.47363281,-0.04882812,-0.02929688,-0.05859375,0.01464844,0.33691406,0.37345886,1.32728989,1.33018494,-0.04882812
15.35125232,5370,-2.44131024,-1.99774058,-2.32016762,-0.06217957,0.93985653,0.22850037,3.83316149,-1.94738658,-2.32016762,-0.06096794,0.94074585,0.22222568,-2.82239850,-1.92297251,-2.30490883,-0.04692078,0.94634152,0.14457703,0.49316406,-0.03906250,-0.01953125,-0.07324219,0.02929688,0.42480469,0.37384033,1.32736288,1.33018494,0.00000000
15.36371183,5375,-2.43444379,-1.99774058,-2.32016762,-0.06332397,0.93909360,0.23422241,3.84210549,-1.94738658,-2.32016762,-0.06222138,0.93975415,0.22900324,-2.81629498,-1.92335398,-2.30529030,-0.04806519,0.94596005,0.15106201,0.49804688,-0.04394531,-0.01953125,-0.11718750,-0.01464844,0.52734375,0.37345886,1.32731233,1.33018494,-0.02441406
15.37791061,5380,-2.42414411,-1.99774058,-2.32016762,-0.06484985,0.93794919,0.24185181,3.85109522,-1.94738658,-2.32016762,-0.06370682,0.93883995,0.23632762,-2.80828412,-1.92373545,-2.30605324,-0.04882812,0.94519711,0.15640259,0.50781250,-0.02929688,-0.02929688,-0.07324219,-0.04394531,0.27832031,0.37384033,1.32732628,1.33018494,-0.02441406
15.39290762,5385,-2.41613324,-1.99774058,-2.32016762,-0.06637573,0.93756772,0.24833679,3.86037802,-1.94738658,-2.32016762,-0.06531173,0.93810374,0.24334938,-2.80141766,-1.92411692,-2.30643471,-0.04959106,0.94519711,0.16098022,0.50781250,-0.03906250,-0.02441406,-0.02929688,-0.00000000,0.32226562,0.37384033,1.32737480,1.33018494,-0.04882812
15.40768623,5390,-2.40659650,-1.99735911,-2.32016762,-0.06828308,0.93718625,0.25672913,3.86967236,-1.94720042,-2.32016762,-0.06708873,0.93755720,0.25092981,-2.79378827,-1.92449839,-2.30681618,-0.05035400,0.94481564,0.16784668,0.50781250,-0.02441406,-0.01953125,-0.08789062,-0.01464844,0.45410156,0.37384033,1.32718660,1.33018494,-0.02441406
15.42293215,5395,-2.39744122,-1.99735911,-2.32016762,-0.06904602,0.93680478,0.26512146,3.87880339,-1.94706911,-2.32016762,-0.06828551,0.93723151,0.25900825,-2.78577741,-1.92487986,-2.30681618,-0.05226135,0.94443417,0.17585754,0.49804688,-0.02929688,-0.00976562,-0.14648438,-0.02929688,0.48339844,0.37384033,1.32723137,1.33018494,0.00000000
15.43717885,5400,-2.39019330,-1.99735911,-2.32016762,-0.06942749,0.93642331,0.27008057,3.88726260,-1.94702608,-2.32016762,-0.06898297,0.93680728,0.26578247,-2.77852948,-1.92526133,-2.30681618,-0.05416870,0.94367123,0.18196106,0.49316406,-0.05371094,-0.00488281,-0.13183594,-0.02929688,0.33691406,0.37384033,1.32718354,1.33018494,-0.02441406
15.45045543,5405,-2.38218244,-1.99735911,-2.32016762,-0.06980896,0.93642331,0.27580261,3.89537937,-1.94701198,-2.32016762,-0.06950705,0.93654913,0.27169890,-2.77204450,-1.92564280,-2.30719765,-0.05569458,0.94328976,0.18653870,0.49316406,-0.03906250,-0.00488281,-0.16113281,-0.00000000,0.35156250,0.37345886,1.32699087,1.33018494,0.00000000
15.46178389,5410,-2.37493451,-1.99735911,-2.32016762,-0.07019043,0.93604184,0.28114319,3.90268934,-1.94700736,-2.32016762,-0.06993525,0.93620807,0.27715444,-2.76594098,-1.92640574,-2.30719765,-0.05645752,0.94290829,0.19111633,0.49804688,-0.04882812,-0.00488281,-0.07324219,-0.00000000,0.41015625,0.37384033,1.32712329,1.33018494,-0.02441406
15.47777033,5415,-2.36692365,-1.99735911,-2.32016762,-0.07133484,0.93566037,0.28800964,3.91036995,-1.94700584,-2.32016762,-0.07072583,0.93587109,0.28325095,-2.75678571,-1.92678721,-2.30757912,-0.05722046,0.94290829,0.19989014,0.50292969,-0.03417969,-0.02441406,-0.05859375,0.02929688,0.46875000,0.37384033,1.32726434,1.33018494,-0.02441406
15.49142265,5420,-2.36043866,-1.99735911,-2.32016762,-0.07209778,0.93566037,0.29258728,3.91736927,-1.94700535,-2.32016762,-0.07152908,0.93572942,0.28860705,-2.75030072,-1.92716868,-2.30796059,-0.05760193,0.94290829,0.20675659,0.51269531,-0.04394531,-0.01953125,-0.01464844,-0.00000000,0.46875000,0.37345886,1.32699781,1.33018494,0.00000000
15.50452757,5425,-2.35319074,-1.99735911,-2.32016762,-0.07247925,0.93527890,0.29678345,3.92487704,-1.94700519,-2.32016762,-0.07216790,0.93550660,0.29349483,-2.74343427,-1.92755015,-2.30834206,-0.05836487,0.94252682,0.21095276,0.51757812,-0.02929688,-0.03417969,-0.10253906,-0.01464844,0.36621094,0.37345886,1.32691048,1.33018494,-0.02441406
15.51931047,5430,-2.34746869,-1.99735911,-2.32016762,-0.07362366,0.93527890,0.30174255,3.93131314,-1.94700513,-2.32016762,-0.07299624,0.93535351,0.29825869,-2.73656781,-1.92793162,-2.30872353,-0.05950928,0.94176388,0.21629333,0.52246094,-0.03417969,-0.00976562,-0.11718750,-0.04394531,0.35156250,0.37384033,1.32707839,1.33018494,-0.02441406
15.53499556,5435,-2.33831342,-1.99735911,-2.32016762,-0.07591248,0.93489743,0.31127930,3.93898853,-1.94700512,-2.32016762,-0.07461704,0.93507813,0.30531202,-2.72779401,-1.92831309,-2.30872353,-0.06141663,0.93909360,0.22392273,0.50781250,-0.02929688,-0.00000000,-0.11718750,-0.14648438,0.42480469,0.37345886,1.32704333,1.33018494,-0.02441406
15.55084109,5440,-2.33030255,-1.99735911,-2.32016762,-0.07705688,0.93489743,0.31890869,3.94684406,-1.94700511,-2.32016762,-0.07606794,0.93499570,0.31299874,-2.72016461,-1.92869456,-2.30872353,-0.06370544,0.93756772,0.23040771,0.50292969,-0.02929688,-0.00000000,-0.10253906,-0.08789062,0.52734375,0.37384033,1.32699985,1.32980347,-0.04882812
15.56697583,5445,-2.32343610,-1.99735911,-2.32016762,-0.07896423,0.93489743,0.32424927,3.95387787,-1.94700511,-2.32016762,-0.07761430,0.93492963,0.31932100,-2.71291669,-1.92907603,-2.30910500,-0.06408691,0.93718625,0.23689270,0.50292969,-0.02441406,-0.01464844,-0.05859375,-0.00000000,0.33691406,0.37345886,1.32697365,1.33018494,0.00000000
15.58139277,5450,-2.31656964,-1.99735911,-2.32016762,-0.08010864,0.93489743,0.33035278,3.96058872,-1.94700511,-2.32016762,-0.07907987,0.93490798,0.32509629,-2.70452435,-1.92945750,-2.30948647,-0.06446838,0.93718625,0.24261475,0.50292969,-0.02929688,-0.00976562,-0.05859375,0.01464844,0.35156250,0.37345886,1.32706271,1.32980347,-0.02441406
15.59391069,5455,-2.31122907,-1.99735911,-2.32016762,-0.08125305,0.93489743,0.33493042,3.96709657,-1.94700511,-2.32016762,-0.08029046,0.93490089,0.33064352,-2.69765790,-1.92983897,-2.30948647,-0.06561279,0.93756772,0.24909973,0.51269531,-0.03906250,-0.00488281,-0.08789062,0.02929688,0.42480469,0.37345886,1.32699424,1.33018494,0.02441406
15.60762906,5460,-2.30588849,-1.99697764,-2.32016762,-0.08277893,0.93489743,0.34027100,3.97283965,-1.94681895,-2.32016762,-0.08156263,0.93489856,0.33596246,-2.69193585,-1.93022044,-2.30948647,-0.06637573,0.93756772,0.25444031,0.51269531,-0.02929688,-0.00000000,-0.10253906,0.02929688,0.49804688,0.37345886,1.32706946,1.32980347,0.00000000
15.62210321,5465,-2.29902203,-1.99697764,-2.32016762,-0.08430481,0.93489743,0.34637451,3.97843273,-1.94668764,-2.32016762,-0.08296631,0.93489780,0.34124199,-2.68354352,-1.93060191,-2.30986794,-0.06790161,0.93794919,0.26168823,0.51757812,-0.03906250,-0.00488281,-0.07324219,0.02929688,0.33691406,0.37384033,1.32710608,1.32980347,-0.04882812
15.63427448,5470,-2.29482587,-1.99697764,-2.32016762,-0.08544922,0.93527890,0.34942627,3.98433322,-1.94664461,-2.32016762,-0.08441492,0.93503488,0.34615265,-2.67705853,-1.93098338,-2.30986794,-0.06866455,0.93756772,0.26588440,0.50292969,-0.03906250,-0.01464844,-0.07324219,-0.00000000,0.32226562,0.37384033,1.32730264,1.32980347,-0.04882812
15.64864254,5475,-2.28910382,-1.99697764,-2.32016762,-0.08697510,0.93489743,0.35438538,3.98983590,-1.94663051,-2.32016762,-0.08595454,0.93512264,0.35066766,-2.67057355,-1.93136485,-2.31024941,-0.06980896,0.93756772,0.27084351,0.50292969,-0.02441406,-0.01953125,-0.11718750,0.01464844,0.41015625,0.37345886,1.32699474,1.32980347,-0.02441406
15.66564584,5480,-2.28185590,-1.99659617,-2.32016762,-0.08811951,0.93527890,0.36087036,3.99600072,-1.94640067,-2.32016762,-0.08711077,0.93519645,0.35610526,-2.66065534,-1.93174632,-2.31063088,-0.07209778,0.93718625,0.28038025,0.49316406,-0.03417969,-0.00976562,-0.10253906,0.02929688,0.48339844,0.37345886,1.32711357,1.32980347,0.00000000
15.67787719,5485,-2.27765973,-1.99659617,-2.32016762,-0.08850098,0.93527890,0.36506653,4.00165154,-1.94629411,-2.32016762,-0.08797512,0.93525188,0.36134592,-2.65493329,-1.93212779,-2.31063088,-0.07247925,0.93718625,0.28572083,0.49316406,-0.02441406,0.00488281,-0.05859375,0.01464844,0.42480469,0.37345886,1.32699235,1.32980347,-0.04882812
15.69270134,5490,-2.27231915,-1.99659617,-2.32016762,-0.08964539,0.93527890,0.36926270,4.00679300,-1.94625919,-2.32016762,-0.08894768,0.93527004,0.36580427,-2.64806683,-1.93212779,-2.31063088,-0.07362366,0.93718625,0.29029846,0.47851562,-0.01953125,0.00488281,-0.07324219,0.01464844,0.30761719,0.37384033,1.32720288,1.32980347,-0.04882812
15.70586872,5495,-2.26774152,-1.99659617,-2.32016762,-0.09002686,0.93527890,0.37155151,4.01155685,-1.94624774,-2.32016762,-0.08964198,0.93527600,0.36914824,-2.64158185,-1.93250926,-2.31063088,-0.07400513,0.93718625,0.29411316,0.49316406,-0.01953125,0.00488281,-0.08789062,0.02929688,0.32226562,0.37384033,1.32717421,1.32980347,-0.02441406
15.72132301,5500,-2.26278241,-1.99659617,-2.32016762,-0.09040833,0.93527890,0.37345886,4.01651301,-1.94624399,-2.32016762,-0.09015721,0.93527795,0.37155759,-2.63395245,-1.93289073,-2.31063088,-0.07514954,0.93756772,0.30136108,0.48339844,-0.01953125,-0.00000000,-0.10253906,0.01464844,0.42480469,0.37384033,1.32726247,1.32980347,-0.02441406
15.73643613,5505,-2.25820477,-1.99659617,-2.32016762,-0.09040833,0.93527890,0.37536621,4.02135140,-1.94624277,-2.32016762,-0.09032604,0.93527859,0.37376615,-2.62632306,-1.93289073,-2.31101235,-0.07667542,0.93718625,0.30822754,0.48339844,-0.00976562,-0.00488281,-0.10253906,-0.00000000,0.49804688,0.37384033,1.32721229,1.32980347,-0.04882812
15.75406575,5510,-2.25324567,-1.99659617,-2.32016762,-0.09040833,0.93527890,0.37994385,4.02605562,-1.94624236,-2.32016762,-0.09038136,0.93527880,0.37684972,-2.61754926,-1.93327220,-2.31139382,-0.07781982,0.93718625,0.31356812,0.48339844,-0.01953125,-0.01953125,-0.10253906,0.01464844,0.19042969,0.37345886,1.32706279,1.32980347,-0.02441406
15.76664424,5515,-2.25019391,-1.99659617,-2.32016762,-0.09040833,0.93527890,0.38299561,4.03003607,-1.94624223,-2.32016762,-0.09036043,0.93527886,0.38033035,-2.61182721,-1.93327220,-2.31177529,-0.07934570,0.93718625,0.31661987,0.48828125,-0.02929688,-0.01464844,-0.11718750,0.01464844,0.29296875,0.37384033,1.32730408,1.32942200,-0.04882812
15.77986026,5520,-2.24637921,-1.99659617,-2.32016762,-0.09002686,0.93527890,0.38566589,4.03393486,-1.94624219,-2.32016762,-0.09020647,0.93527889,0.38347614,-2.60534223,-1.93365367,-2.31177529,-0.08087158,0.93718625,0.32043457,0.49316406,-0.02441406,-0.01464844,-0.10253906,0.01464844,0.20507812,0.37345886,1.32721494,1.32980347,0.00000000
15.79273558,5525,-2.24294598,-1.99659617,-2.32016762,-0.09040833,0.93527890,0.38948059,4.03759096,-1.94624217,-2.32016762,-0.09026210,0.93527889,0.38681139,-2.59885724,-1.93403514,-2.31215676,-0.08163452,0.93680478,0.32577515,0.46386719,-0.02441406,-0.00976562,-0.07324219,0.01464844,0.42480469,0.37345886,1.32714178,1.32980347,-0.04882812
15.80793333,5530,-2.23874982,-1.99659617,-2.32016762,-0.09002686,0.93527890,0.39291382,4.04129131,-1.94624217,-2.32016762,-0.09016498,0.93527890,0.39015343,-2.59199078,-1.93441661,-2.31253823,-0.08201599,0.93680478,0.33111572,0.46875000,-0.02441406,-0.00976562,-0.05859375,0.02929688,0.36621094,0.37345886,1.32687953,1.32942200,-0.04882812
15.82189989,5535,-2.23493512,-1.99659617,-2.32016762,-0.09002686,0.93527890,0.39558411,4.04490935,-1.94624217,-2.32016762,-0.09012094,0.93527890,0.39322353,-2.58512433,-1.93441661,-2.31253823,-0.08239746,0.93680478,0.33683777,0.47851562,-0.02929688,-0.00000000,-0.04394531,-0.00000000,0.30761719,0.37384033,1.32704384,1.32942200,-0.04882812
15.83348799,5540,-2.23188336,-1.99621470,-2.32016762,-0.09002686,0.93527890,0.39710999,4.04843671,-1.94616587,-2.32016762,-0.09005769,0.93527890,0.39546684,-2.57978375,-1.93479808,-2.31253823,-0.08277893,0.93680478,0.33836365,0.46875000,-0.02929688,-0.00000000,-0.02929688,-0.01464844,0.11718750,0.37384033,1.32728225,1.32942200,-0.02441406
15.84755087,5545,-2.22883161,-1.99621470,-2.32016762,-0.09002686,0.93527890,0.39787292,4.05180301,-1.94596070,-2.32016762,-0.09003696,0.93527890,0.39698294,-2.57406171,-1.93479808,-2.31253823,-0.08316040,0.93642331,0.34179688,0.46386719,-0.01464844,-0.00000000,-0.04394531,0.01464844,0.29296875,0.37345886,1.32702321,1.32942200,-0.02441406
15.86095810,5550,-2.22539838,-1.99545176,-2.32016762,-0.09002686,0.93566037,0.39901733,4.05512983,-1.94548209,-2.32016762,-0.09003017,0.93550412,0.39817883,-2.56872113,-1.93517955,-2.31253823,-0.08316040,0.93680478,0.34523010,0.44921875,-0.01464844,0.00488281,-0.02929688,0.01464844,0.23437500,0.37384033,1.32699326,1.32942200,-0.02441406
15.87222719,5555,-2.22196515,-1.99468882,-2.32016762,-0.09002686,0.93566037,0.40168762,4.05844420,-1.94486115,-2.32016762,-0.09002794,0.93560917,0.40008815,-2.56185468,-1.93517955,-2.31253823,-0.08354187,0.93680478,0.34942627,0.45410156,-0.02441406,-0.00000000,-0.02929688,0.01464844,0.32226562,0.37345886,1.32683086,1.32942200,0.00000000
15.88425422,5560,-2.21891339,-1.99430735,-2.32016762,-0.09002686,0.93604184,0.40512085,4.06164305,-1.94436996,-2.32016762,-0.09002721,0.93586881,0.40248443,-2.55575116,-1.93556102,-2.31253823,-0.08354187,0.93642331,0.35362244,0.44433594,-0.01953125,-0.00000000,-0.01464844,-0.00000000,0.23437500,0.37345886,1.32695343,1.32942200,-0.02441406
15.89987755,5565,-2.21548016,-1.99354441,-2.32016762,-0.09040833,0.93604184,0.41007996,4.06499704,-1.94364724,-2.32016762,-0.09021313,0.93598514,0.40664867,-2.54964765,-1.93556102,-2.31291970,-0.08392334,0.93642331,0.35743713,0.43457031,-0.01464844,-0.00976562,-0.04394531,0.01464844,0.29296875,0.37384033,1.32717059,1.32942200,0.00000000
15.91290927,5570,-2.21166547,-1.99201853,-2.32016762,-0.09040833,0.93642331,0.41427612,4.06866077,-1.94259596,-2.32016762,-0.09029554,0.93609955,0.41084365,-2.54392560,-1.93556102,-2.31330117,-0.08506775,0.93680478,0.36201477,0.44433594,-0.00976562,-0.01464844,-0.08789062,0.01464844,0.32226562,0.37345886,1.32701104,1.32942200,-0.04882812
15.92745090,5575,-2.20785077,-1.99049266,-2.32016762,-0.09078979,0.93642331,0.41961670,4.07200705,-1.94127443,-2.32016762,-0.09050870,0.93613704,0.41530201,-2.53782208,-1.93594248,-2.31330117,-0.08621216,0.93680478,0.36392212,0.42968750,-0.01464844,-0.00976562,-0.08789062,0.01464844,0.07324219,0.37384033,1.32716506,1.32942200,-0.04882812
15.94333935,5580,-2.20441754,-1.98934825,-2.32016762,-0.09117126,0.93642331,0.42190552,4.07578239,-1.93993087,-2.32016762,-0.09088384,0.93632950,0.41922215,-2.53133710,-1.93594248,-2.31368264,-0.08735657,0.93642331,0.36735535,0.42968750,-0.01464844,-0.00488281,-0.10253906,-0.00000000,0.26367188,0.37384033,1.32740009,1.32942200,-0.02441406
15.95552444,5585,-2.20098432,-1.98782237,-2.32016762,-0.09193420,0.93642331,0.42381287,4.07948544,-1.93842567,-2.32016762,-0.09155877,0.93639257,0.42209715,-2.52485211,-1.93594248,-2.31368264,-0.08773804,0.93642331,0.37117004,0.41503906,-0.00976562,-0.00976562,-0.07324219,-0.00000000,0.21972656,0.37345886,1.32718390,1.32942200,-0.02441406
15.96733689,5590,-2.19869550,-1.98629649,-2.32016762,-0.09193420,0.93642331,0.42419434,4.08253553,-1.93696906,-2.32016762,-0.09181118,0.93641324,0.42343682,-2.51989301,-1.93594248,-2.31406411,-0.08811951,0.93680478,0.37384033,0.42968750,-0.00488281,-0.01464844,-0.04394531,0.01464844,0.20507812,0.37384033,1.32726564,1.32904053,-0.02441406
15.98463869,5595,-2.19449933,-1.98324473,-2.32016762,-0.09307861,0.93642331,0.42610168,4.08598798,-1.93472028,-2.32016762,-0.09256174,0.93642001,0.42476655,-2.51302655,-1.93594248,-2.31406411,-0.08850098,0.93680478,0.37918091,0.43457031,-0.00488281,-0.00000000,-0.02929688,0.01464844,0.27832031,0.37345886,1.32721797,1.32942200,-0.04882812
16.00035071,5600,-2.19068463,-1.98133738,-2.32016762,-0.09422302,0.93642331,0.43029785,4.08973720,-1.93260877,-2.32016762,-0.09348920,0.93642223,0.42753467,-2.50616010,-1.93594248,-2.31406411,-0.08926392,0.93642331,0.38261414,0.42480469,-0.00976562,-0.00000000,-0.04394531,0.01464844,0.27832031,0.37345886,1.32714277,1.32942200,-0.02441406
16.01454282,5605,-2.18763287,-1.97904856,-2.32016762,-0.09460449,0.93642331,0.43525696,4.09310539,-1.93044836,-2.32016762,-0.09420778,0.93642295,0.43186421,-2.50043805,-1.93594248,-2.31406411,-0.08926392,0.93642331,0.38795471,0.42968750,-0.00488281,-0.00000000,-0.01464844,0.01464844,0.38085938,0.37345886,1.32724020,1.32904053,-0.04882812
16.02928281,5610,-2.18381818,-1.97599681,-2.32016762,-0.09574890,0.93642331,0.44174194,4.09653257,-1.92782003,-2.32016762,-0.09499342,0.93642319,0.43701009,-2.49433453,-1.93594248,-2.31444558,-0.08926392,0.93642331,0.38986206,0.41503906,-0.00488281,-0.00000000,-0.01464844,0.01464844,0.08789062,0.37345886,1.32719401,1.32942200,0.00000000
16.04187965,5615,-2.18152936,-1.97370799,-2.32016762,-0.09651184,0.93642331,0.44593811,4.09939606,-1.92524955,-2.32016762,-0.09580286,0.93629192,0.44208728,-2.48899396,-1.93594248,-2.31444558,-0.08964539,0.93642331,0.39215088,0.41503906,-0.00976562,-0.00000000,-0.02929688,0.01464844,0.21972656,0.37384033,1.32717130,1.32904053,-0.04882812
16.05715275,5620,-2.17809613,-1.97065623,-2.32016762,-0.09803772,0.93604184,0.45013428,4.10250002,-1.92261575,-2.32016762,-0.09685569,0.93630396,0.44665467,-2.48174603,-1.93594248,-2.31444558,-0.09002686,0.93642331,0.39672852,0.40527344,-0.00488281,-0.00000000,-0.02929688,0.01464844,0.19042969,0.37345886,1.32718705,1.32904053,-0.02441406
16.07091355,5625,-2.17542584,-1.96836741,-2.32016762,-0.09918213,0.93604184,0.45280457,4.10531437,-1.92012404,-2.32016762,-0.09824793,0.93627666,0.45018683,-2.47678693,-1.93594248,-2.31444558,-0.09040833,0.93642331,0.39939880,0.39550781,-0.00488281,-0.00000000,-0.04394531,0.01464844,0.20507812,0.37384033,1.32732918,1.32904053,-0.02441406
16.08794713,5630,-2.17199262,-1.96531565,-2.32016762,-0.10108948,0.93566037,0.45700073,4.10869373,-1.91714594,-2.32016762,-0.09971842,0.93604249,0.45390565,-2.46992047,-1.93594248,-2.31444558,-0.09078979,0.93642331,0.40512085,0.39550781,0.00000000,0.00488281,-0.04394531,0.01464844,0.29296875,0.37384033,1.32725368,1.32904053,-0.02441406
16.10057092,5635,-2.16894086,-1.96226390,-2.32016762,-0.10299683,0.93566037,0.46234131,4.11181328,-1.91405777,-2.32016762,-0.10182099,0.93578558,0.45866158,-2.46457990,-1.93594248,-2.31444558,-0.09117126,0.93642331,0.40779114,0.38085938,0.00000000,-0.00000000,-0.04394531,-0.00000000,0.24902344,0.37384033,1.32714691,1.32904053,0.02441406
16.11502051,5640,-2.16588910,-1.95997508,-2.32016762,-0.10452271,0.93566037,0.46768188,4.11480718,-1.91155585,-2.32016762,-0.10330684,0.93570140,0.46339164,-2.45962079,-1.93556102,-2.31444558,-0.09155273,0.93642331,0.41313171,0.38574219,0.00976562,-0.00000000,-0.05859375,-0.00000000,0.42480469,0.37345886,1.32700328,1.32904053,-0.02441406
16.12709379,5645,-2.16321881,-1.95730479,-2.32016762,-0.10681152,0.93527890,0.47340393,4.11754591,-1.90904083,-2.32016762,-0.10526223,0.93550523,0.46874176,-2.45466168,-1.93517955,-2.31482704,-0.09231567,0.93642331,0.41618347,0.39062500,0.02441406,-0.00976562,-0.07324219,0.01464844,0.17578125,0.37345886,1.32693180,1.32904053,-0.02441406
16.14097595,5650,-2.16054852,-1.95539744,-2.32016762,-0.10795593,0.93527890,0.47683716,4.12060728,-1.90664432,-2.32016762,-0.10688381,0.93539213,0.47360243,-2.44970258,-1.93479808,-2.31482704,-0.09346008,0.93642331,0.41770935,0.38574219,0.02929688,-0.00488281,-0.10253906,0.01464844,0.14648438,0.37345886,1.32681072,1.32904053,-0.02441406
16.15643334,5655,-2.15635236,-1.95234568,-2.32016762,-0.11024475,0.93527890,0.48255920,4.12383003,-1.90416762,-2.32016762,-0.10874256,0.93537704,0.47824290,-2.44283612,-1.93403514,-2.31520851,-0.09498596,0.93642331,0.42304993,0.38574219,0.05371094,-0.00976562,-0.08789062,0.01464844,0.24902344,0.37345886,1.32664898,1.32904053,-0.02441406
16.17142558,5660,-2.15330060,-1.95043833,-2.32016762,-0.11138916,0.93527890,0.48751831,4.12706917,-1.90182322,-2.32016762,-0.11027143,0.93531106,0.48314642,-2.43749555,-1.93327220,-2.31520851,-0.09574890,0.93642331,0.42610168,0.36621094,0.03417969,-0.00976562,-0.08789062,0.02929688,0.23437500,0.37345886,1.32643582,1.32904053,-0.02441406
16.18270922,5665,-2.15101178,-1.94891246,-2.32016762,-0.11253357,0.93527890,0.49209595,4.13010005,-1.89984896,-2.32016762,-0.11164192,0.93528944,0.48828153,-2.43329938,-1.93289073,-2.31520851,-0.09727478,0.93642331,0.43067932,0.37109375,0.05859375,-0.00000000,-0.13183594,-0.01464844,0.38085938,0.37307739,1.32631104,1.32904053,-0.04882812
16.19466972,5670,-2.14834149,-1.94738658,-2.32016762,-0.11253357,0.93527890,0.49667358,4.13266926,-1.89827625,-2.32016762,-0.11224139,0.93528235,0.49292026,-2.42910321,-1.93212779,-2.31520851,-0.09803772,0.93642331,0.43334961,0.38085938,0.04394531,0.00976562,-0.10253906,0.02929688,0.21972656,0.37307739,1.32619203,1.32904053,-0.02441406
16.20792484,5675,-2.14567120,-1.94547923,-2.32016762,-0.11291504,0.93527890,0.50086975,4.13542410,-1.89655863,-2.32016762,-0.11262399,0.93528003,0.49739279,-2.42452557,-1.93174632,-2.31520851,-0.09880066,0.93642331,0.43945312,0.36621094,0.02929688,-0.00000000,-0.07324219,0.01464844,0.48339844,0.37307739,1.32631807,1.32865906,-0.02441406
16.22459626,5680,-2.14185651,-1.94395335,-2.32016762,-0.11291504,0.93527890,0.50354004,4.13830215,-1.89489961,-2.32016762,-0.11281967,0.93527927,0.50097444,-2.41765912,-1.93098338,-2.31520851,-0.09956360,0.93642331,0.44403076,0.36621094,0.04882812,0.00488281,-0.05859375,0.02929688,0.14648438,0.37269592,1.32594409,1.32865906,-0.07324219
16.23819852,5685,-2.13994916,-1.94357188,-2.32016762,-0.11291504,0.93527890,0.50544739,4.14124828,-1.89380020,-2.32016762,-0.11288379,0.93527902,0.50368091,-2.41270001,-1.93022044,-2.31558998,-0.10070801,0.93642331,0.44746399,0.35644531,0.03906250,-0.00000000,-0.08789062,0.01464844,0.27832031,0.37269592,1.32546119,1.32865906,-0.04882812
16.25206256,5690,-2.13766034,-1.94242747,-2.32016762,-0.11291504,0.93527890,0.50811768,4.14368364,-1.89282873,-2.32016762,-0.11290480,0.93527894,0.50610475,-2.40774091,-1.92983897,-2.31558998,-0.10185242,0.93642331,0.45051575,0.35156250,0.02441406,-0.00488281,-0.07324219,0.01464844,0.20507812,0.37231445,1.32479001,1.32865906,-0.02441406
16.26569414,5695,-2.13537152,-1.94090159,-2.32016762,-0.11253357,0.93527890,0.51155090,4.14609860,-1.89150650,-2.32016762,-0.11277435,0.93527891,0.50910518,-2.40316327,-1.92907603,-2.31558998,-0.10223389,0.93642331,0.45471191,0.35156250,0.04882812,-0.00488281,-0.04394531,0.02929688,0.33691406,0.37193298,1.32405714,1.32865906,-0.02441406
16.28041458,5700,-2.13346417,-1.94013865,-2.32016762,-0.11291504,0.93489743,0.51422119,4.14831340,-1.89041918,-2.32016762,-0.11286894,0.93502243,0.51211265,-2.39820416,-1.92869456,-2.31597145,-0.10261536,0.93642331,0.45852661,0.35156250,0.03906250,-0.00976562,-0.05859375,0.01464844,0.27832031,0.37078857,1.32270103,1.32865906,-0.02441406
16.29373026,5705,-2.13117536,-1.93937571,-2.32016762,-0.11253357,0.93489743,0.51574707,4.15039779,-1.88965981,-2.32016762,-0.11264346,0.93493839,0.51418651,-2.39286359,-1.92793162,-2.31597145,-0.10337830,0.93642331,0.46539307,0.34179688,0.03417969,0.00488281,-0.08789062,0.01464844,0.45410156,0.36811829,1.31900104,1.32865906,-0.02441406
16.30826020,5710,-2.12888654,-1.93899424,-2.32016762,-0.11215210,0.93413449,0.51841736,4.15255858,-1.88915451,-2.32016762,-0.11231311,0.93457809,0.51630101,-2.38828595,-1.92716868,-2.31597145,-0.10452271,0.93642331,0.46806335,0.34667969,0.05859375,-0.00000000,-0.11718750,-0.00000000,0.16113281,0.36773682,1.31658038,1.32865906,-0.02441406
16.32143688,5715,-2.12736066,-1.93861277,-2.32016762,-0.11215210,0.93260861,0.52070618,4.15450247,-1.88862260,-2.32016762,-0.11224392,0.93350592,0.51890918,-2.38332684,-1.92640574,-2.31597145,-0.10604858,0.93642331,0.46958923,0.35644531,0.05859375,0.00488281,-0.08789062,-0.00000000,0.13183594,0.36773682,1.31582233,1.32827759,-0.02441406
16.33603287,5720,-2.12545331,-1.93746836,-2.32016762,-0.11215210,0.92993832,0.52413940,4.15627287,-1.88775897,-2.32016762,-0.11218219,0.93169768,0.52183523,-2.37836774,-1.92564280,-2.31597145,-0.10681152,0.93604184,0.47378540,0.33691406,0.04882812,-0.00000000,-0.04394531,0.01464844,0.27832031,0.36735535,1.31520162,1.32789612,-0.07324219
16.35015845,5725,-2.12354596,-1.93746836,-2.32016762,-0.11215210,0.92612362,0.52566528,4.15813534,-1.88732559,-2.32016762,-0.11216196,0.92888324,0.52412851,-2.37340863,-1.92487986,-2.31597145,-0.10681152,0.93604184,0.47645569,0.32226562,0.04394531,0.00488281,-0.02929688,-0.00000000,0.14648438,0.36659241,1.31415692,1.32789612,-0.04882812
16.36581111,5730,-2.12202008,-1.93708689,-2.32016762,-0.11215210,0.92421628,0.52757263,4.15991263,-1.88710728,-2.32016762,-0.11215533,0.92614642,0.52609201,-2.36844953,-1.92411692,-2.31597145,-0.10757446,0.93604184,0.48103333,0.32226562,0.02929688,0.00488281,-0.05859375,0.01464844,0.32226562,0.36544800,1.31267030,1.32713318,-0.04882812
16.37996626,5735,-2.12087567,-1.93632395,-2.32016762,-0.11215210,0.92269040,0.52757263,4.16127369,-1.88659312,-2.32016762,-0.11215316,0.92410461,0.52708746,-2.36349042,-1.92335398,-2.31597145,-0.10795593,0.93566037,0.48446655,0.32226562,0.04882812,0.00488281,-0.04394531,-0.00000000,0.19042969,0.36239624,1.30845172,1.32637024,-0.04882812
16.39334679,5740,-2.12087567,-1.93517955,-2.32016762,-0.11215210,0.92078305,0.52757263,4.16197018,-1.88564742,-2.32016762,-0.11215245,0.92235241,0.52741365,-2.35929425,-1.92259104,-2.31635292,-0.10833740,0.93489743,0.48866272,0.31738281,0.05371094,0.00488281,-0.04394531,-0.04394531,0.32226562,0.36277771,1.30639286,1.32560730,-0.12207031
16.40759659,5745,-2.12087567,-1.93479808,-2.32016762,-0.11177063,0.92002011,0.52757263,4.16219840,-1.88490870,-2.32016762,-0.11196606,0.92085467,0.52752054,-2.35471661,-1.92220957,-2.31635292,-0.10833740,0.93451596,0.49285889,0.30273438,0.03417969,-0.00000000,-0.02929688,-0.04394531,0.20507812,0.36277771,1.30571822,1.32522583,-0.07324219
16.42182517,5750,-2.12087567,-1.93365367,-2.32016762,-0.11138916,0.91849423,0.52757263,4.16227319,-1.88403834,-2.32016762,-0.11157820,0.91959827,0.52755556,-2.35052045,-1.92144664,-2.31635292,-0.10833740,0.93337155,0.49362183,0.31738281,0.05371094,-0.00000000,-0.01464844,-0.05859375,0.05859375,0.36277771,1.30549715,1.32484436,-0.04882812
16.43541312,5755,-2.12087567,-1.93250926,-2.32016762,-0.11100769,0.91734982,0.52757263,4.16229769,-1.88301058,-2.32016762,-0.11122588,0.91826823,0.52756704,-2.34632428,-1.92068370,-2.31635292,-0.10871887,0.93184567,0.49514771,0.29785156,0.05859375,0.00488281,-0.02929688,-0.10253906,0.10253906,0.36239624,1.30527212,1.32446289,-0.04882812
16.44913983,5760,-2.12087567,-1.93060191,-2.32016762,-0.11062622,0.91544247,0.52757263,4.16230572,-1.88170298,-2.32016762,-0.11100289,0.91683033,0.52757080,-2.34212811,-1.91992076,-2.31635292,-0.10910034,0.93108273,0.49819946,0.28808594,0.03906250,-0.00000000,-0.02929688,-0.07324219,0.24902344,0.36239624,1.30513589,1.32408142,-0.02441406
16.46259475,5765,-2.12087567,-1.92907603,-2.32016762,-0.11062622,0.91506100,0.52757263,4.16230835,-1.88009971,-2.32016762,-0.11074965,0.91575992,0.52757203,-2.33793195,-1.91915782,-2.31635292,-0.10910034,0.92955685,0.49934387,0.29296875,0.05371094,-0.00488281,-0.02929688,-0.05859375,0.04394531,0.36239624,1.30491546,1.32408142,-0.07324219
16.47595358,5770,-2.12087567,-1.92716868,-2.32016762,-0.11062622,0.91353512,0.52757263,4.16230921,-1.87843311,-2.32016762,-0.11066667,0.91477489,0.52757244,-2.33411725,-1.91839488,-2.31635292,-0.10910034,0.92879391,0.50163269,0.28808594,0.03906250,-0.00000000,-0.01464844,-0.04394531,0.19042969,0.36239624,1.30472116,1.32369995,-0.04882812
16.49120903,5775,-2.12087567,-1.92564280,-2.32016762,-0.11062622,0.91124631,0.52757263,4.16230950,-1.87658866,-2.32016762,-0.11063947,0.91303243,0.52757257,-2.32992108,-1.91763194,-2.31635292,-0.10910034,0.92803097,0.50315857,0.27832031,0.05859375,0.00488281,-0.02929688,-0.02929688,0.11718750,0.36239624,1.30483328,1.32331848,-0.02441406
16.50373387,5780,-2.12087567,-1.92373545,-2.32016762,-0.11062622,0.90933896,0.52757263,4.16230959,-1.87472340,-2.32016762,-0.11063056,0.91084025,0.52757261,-2.32686932,-1.91725047,-2.31635292,-0.10910034,0.92803097,0.50544739,0.27832031,0.04882812,-0.00000000,-0.02929688,-0.00000000,0.20507812,0.36239624,1.30493251,1.32331848,-0.07324219
16.51727915,5785,-2.12087567,-1.92144664,-2.32016762,-0.11062622,0.90819455,0.52757263,4.16230962,-1.87280238,-2.32016762,-0.11062764,0.90913180,0.52757262,-2.32229169,-1.91648753,-2.31635292,-0.10910034,0.92764950,0.50849915,0.26367188,0.03417969,-0.00488281,-0.01464844,-0.01464844,0.17578125,0.36239624,1.30478925,1.32293701,-0.04882812
16.52823758,5790,-2.12087567,-1.91992076,-2.32016762,-0.11062622,0.90781308,0.52757263,4.16230963,-1.87087896,-2.32016762,-0.11062669,0.90832528,0.52757263,-2.31962140,-1.91572459,-2.31635292,-0.10910034,0.92726803,0.50888062,0.27343750,0.06347656,0.00488281,-0.01464844,-0.02929688,0.01464844,0.36239624,1.30491809,1.32293701,-0.04882812
16.54390502,5795,-2.12087567,-1.91763194,-2.32016762,-0.11062622,0.90666867,0.52757263,4.16230963,-1.86870987,-2.32016762,-0.11062637,0.90758113,0.52757263,-2.31466229,-1.91496165,-2.31635292,-0.10948181,0.92612362,0.50964355,0.25390625,0.04394531,0.00488281,-0.04394531,-0.07324219,0.02929688,0.36277771,1.30487461,1.32217407,-0.04882812
16.55848074,5800,-2.12087567,-1.91496165,-2.32016762,-0.11062622,0.90170956,0.52757263,4.16230963,-1.86640157,-2.32016762,-0.11062627,0.90481325,0.52757263,-2.31122907,-1.91419871,-2.31673439,-0.10948181,0.92421628,0.51116943,0.25390625,0.05371094,0.00488281,-0.02929688,-0.13183594,0.13183594,0.36239624,1.30482985,1.32179260,-0.07324219
16.57130337,5805,-2.12125714,-1.91267283,-2.32016762,-0.11062622,0.89789486,0.52757263,4.16223334,-1.86415910,-2.32016762,-0.11062624,0.90097731,0.52757263,-2.30817731,-1.91305430,-2.31673439,-0.10986328,0.92192746,0.51383972,0.24414062,0.06347656,0.00488281,-0.04394531,-0.16113281,0.23437500,0.36239624,1.30481518,1.32102966,-0.07324219
16.58574510,5810,-2.12125714,-1.91038401,-2.32016762,-0.11062622,0.89598752,0.52757263,4.16206723,-1.86171506,-2.32016762,-0.11062623,0.89792335,0.52757263,-2.30474408,-1.91229136,-2.31673439,-0.10948181,0.91963864,0.51689148,0.25390625,0.05371094,-0.00488281,-0.02929688,-0.11718750,0.13183594,0.36277771,1.30491902,1.32026672,-0.07324219
16.60091400,5815,-2.12125714,-1.90695079,-2.32016762,-0.11062622,0.89331723,0.52757263,4.16197373,-1.85900539,-2.32016762,-0.11062622,0.89522891,0.52757263,-2.30131085,-1.91114695,-2.31711586,-0.10948181,0.91773129,0.51651001,0.24414062,0.07324219,-0.01464844,-0.01464844,-0.13183594,-0.01464844,0.36239624,1.30478483,1.31950378,-0.07324219
16.61574316,5820,-2.12125714,-1.90428050,-2.32016762,-0.11062622,0.89179135,0.52757263,4.16194310,-1.85609319,-2.32016762,-0.11062622,0.89322636,0.52757263,-2.29711469,-1.91000254,-2.31711586,-0.10986328,0.91544247,0.51651001,0.23437500,0.07324219,-0.00488281,-0.02929688,-0.11718750,-0.01464844,0.36277771,1.30503114,1.31912231,-0.04882812
16.62716198,5825,-2.12125714,-1.90237315,-2.32016762,-0.11062622,0.89026547,0.52757263,4.16193306,-1.85381604,-2.32016762,-0.11062622,0.89151743,0.52757263,-2.29406293,-1.90923960,-2.31711586,-0.10986328,0.91315365,0.51689148,0.23437500,0.06835938,-0.00488281,-0.01464844,-0.17578125,0.00000000,0.36277771,1.30498978,1.31874084,-0.04882812
16.64313960,5830,-2.12125714,-1.89932139,-2.32016762,-0.11062622,0.88912106,0.52757263,4.16192977,-1.85110746,-2.32016762,-0.11062622,0.88997662,0.52757263,-2.29062970,-1.90809519,-2.31711586,-0.10986328,0.91086484,0.51727295,0.22949219,0.06835938,0.00488281,0.00000000,-0.13183594,0.02929688,0.36239624,1.30498380,1.31797791,-0.07324219
16.65696120,5835,-2.12125714,-1.89626963,-2.32016762,-0.11062622,0.88645077,0.52757263,4.16192869,-1.84837031,-2.32016762,-0.11062622,0.88826725,0.52757263,-2.28795941,-1.90733226,-2.31711586,-0.10986328,0.90972043,0.51727295,0.21972656,0.07812500,-0.00000000,0.00000000,-0.07324219,0.02929688,0.36277771,1.30497427,1.31759644,-0.07324219
16.67129159,5840,-2.12125714,-1.89321788,-2.32016762,-0.11062622,0.88339902,0.52757263,4.16192834,-1.84547974,-2.32016762,-0.11065747,0.88572568,0.52757263,-2.28414472,-1.90580638,-2.31749733,-0.10986328,0.90857602,0.51841736,0.21484375,0.07812500,-0.00000000,-0.04394531,-0.04394531,0.04394531,0.36277771,1.30489302,1.31683350,-0.07324219
16.68856955,5845,-2.12163861,-1.89054759,-2.32016762,-0.11062622,0.88072873,0.52795410,4.16171081,-1.84251608,-2.32016762,-0.11063646,0.88295646,0.52782910,-2.28033002,-1.90504344,-2.31749733,-0.10986328,0.90781308,0.51956177,0.21484375,0.04882812,0.00488281,-0.01464844,-0.04394531,0.02929688,0.36239624,1.30483588,1.31492615,-0.12207031
16.70036817,5850,-2.12163861,-1.88825877,-2.32016762,-0.11062622,0.87767697,0.52871704,4.16160047,-1.83996561,-2.32016762,-0.11062958,0.88016818,0.52824591,-2.27804120,-1.90389903,-2.31749733,-0.11024475,0.90666867,0.51994324,0.21484375,0.08300781,0.00488281,-0.02929688,-0.08789062,0.02929688,0.36277771,1.30511037,1.31454468,-0.07324219
16.71525550,5855,-2.12202008,-1.88596995,-2.32016762,-0.11062622,0.87271786,0.52986145,4.16142699,-1.83759251,-2.32016762,-0.11062732,0.87620069,0.52906254,-2.27537091,-1.90275462,-2.31749733,-0.11024475,0.90514279,0.51994324,0.20507812,0.07324219,0.00488281,-0.01464844,-0.08789062,0.01464844,0.36239624,1.30488269,1.31454468,-0.04882812
16.72911358,5860,-2.12240155,-1.88406260,-2.32016762,-0.11062622,0.86852170,0.53138733,4.16106484,-1.83527230,-2.32016762,-0.11062658,0.87159849,0.53040484,-2.27231915,-1.90122874,-2.31749733,-0.11024475,0.90285397,0.52032471,0.20019531,0.08300781,0.00488281,-0.02929688,-0.13183594,0.02929688,0.36239624,1.30485105,1.31416321,-0.04882812
16.74593663,5865,-2.12278302,-1.88101084,-2.32016762,-0.11062622,0.86470700,0.53253174,4.16068971,-1.83269365,-2.32016762,-0.11062634,0.86760876,0.53162337,-2.26888593,-1.89970286,-2.31749733,-0.11024475,0.90056515,0.52108765,0.20019531,0.09765625,-0.00000000,-0.01464844,-0.13183594,0.01464844,0.36239624,1.30477818,1.31416321,-0.04882812
16.75888228,5870,-2.12316449,-1.87872203,-2.32016762,-0.11062622,0.86279965,0.53329468,4.16031031,-1.83022538,-2.32016762,-0.11062626,0.86472755,0.53249654,-2.26621564,-1.89893992,-2.31787880,-0.11024475,0.89865780,0.52185059,0.20019531,0.08300781,-0.00976562,-0.02929688,-0.14648438,0.05859375,0.36239624,1.30467618,1.31378174,-0.02441406
16.77373290,5875,-2.12316449,-1.87643321,-2.32016762,-0.11062622,0.86012936,0.53520203,4.16011568,-1.82790902,-2.32016762,-0.11062623,0.86228746,0.53396344,-2.26354535,-1.89741404,-2.31787880,-0.11062622,0.89636899,0.52375793,0.17089844,0.08300781,-0.00000000,-0.01464844,-0.16113281,0.13183594,0.36201477,1.30434954,1.31340027,-0.02441406
16.78850532,5880,-2.12316449,-1.87376292,-2.32016762,-0.11062622,0.85631466,0.53710938,4.16005190,-1.82549581,-2.32016762,-0.11062622,0.85916587,0.53567764,-2.26011212,-1.89588816,-2.31787880,-0.11024475,0.89293576,0.52413940,0.19042969,0.07812500,0.00976562,-0.02929688,-0.17578125,-0.01464844,0.36239624,1.30445760,1.31340027,-0.04882812
16.80174971,5885,-2.12316449,-1.87185557,-2.32016762,-0.11062622,0.85478879,0.53863525,4.16003100,-1.82329136,-2.32016762,-0.11062622,0.85644377,0.53730429,-2.25820477,-1.89512522,-2.31787880,-0.11062622,0.89026547,0.52413940,0.17089844,0.08789062,0.00976562,-0.01464844,-0.20507812,0.01464844,0.36239624,1.30444906,1.31340027,-0.02441406
16.81546593,5890,-2.12316449,-1.87032969,-2.32016762,-0.11062622,0.85249997,0.53939819,4.16002415,-1.82152408,-2.32016762,-0.11062622,0.85432450,0.53853189,-2.25553449,-1.89359935,-2.31787880,-0.11062622,0.88683224,0.52490234,0.18066406,0.09765625,-0.00976562,0.00000000,-0.23437500,0.05859375,0.36201477,1.30441575,1.31340027,-0.04882812
16.82918000,5895,-2.12316449,-1.86880381,-2.32016762,-0.11062622,0.84944821,0.53901672,4.16002191,-1.81984586,-2.32016762,-0.11062622,0.85177312,0.53885785,-2.25324567,-1.89207347,-2.31787880,-0.11062622,0.88454342,0.52604675,0.17578125,0.09765625,0.00488281,-0.04394531,-0.21972656,0.04394531,0.36239624,1.30455742,1.31340027,-0.02441406
16.84110999,5900,-2.12316449,-1.86651499,-2.32016762,-0.11062622,0.84754086,0.53901672,4.16002117,-1.81798075,-2.32016762,-0.11062622,0.84935982,0.53907453,-2.25133832,-1.89131053,-2.31787880,-0.11100769,0.88187314,0.52680969,0.17089844,0.10253906,-0.00000000,-0.01464844,-0.14648438,0.05859375,0.36239624,1.30450618,1.31301880,-0.02441406
16.85511231,5905,-2.12316449,-1.86537059,-2.32016762,-0.11062622,0.84563351,0.53939819,4.16002093,-1.81626962,-2.32016762,-0.11062622,0.84728668,0.53929213,-2.24866803,-1.88978465,-2.31787880,-0.11100769,0.88034726,0.52757263,0.16113281,0.08789062,-0.00488281,-0.02929688,-0.10253906,0.01464844,0.36239624,1.30446498,1.31301880,-0.07324219
16.86895943,5910,-2.12316449,-1.86422618,-2.32016762,-0.11062622,0.84410763,0.53977966,4.16002085,-1.81484722,-2.32016762,-0.11062622,0.84537005,0.53950077,-2.24676068,-1.88825877,-2.31787880,-0.11100769,0.87843991,0.52795410,0.16113281,0.10253906,0.00488281,-0.01464844,-0.13183594,0.01464844,0.36201477,1.30422077,1.31301880,-0.04882812
16.88227844,5915,-2.12316449,-1.86308177,-2.32016762,-0.11062622,0.84258175,0.54016113,4.16002083,-1.81352383,-2.32016762,-0.11062622,0.84356573,0.53991349,-2.24409039,-1.88673289,-2.31787880,-0.11100769,0.87653256,0.52833557,0.14648438,0.10742188,0.00488281,0.00000000,-0.11718750,0.01464844,0.36201477,1.30405871,1.31263733,-0.04882812
16.89650583,5920,-2.12316449,-1.86041148,-2.32016762,-0.11062622,0.84029294,0.54283142,4.16002082,-1.81177438,-2.32016762,-0.11062622,0.84169593,0.54122391,-2.24142011,-1.88520701,-2.31787880,-0.11100769,0.87500668,0.52947998,0.15625000,0.10253906,0.00976562,-0.01464844,-0.07324219,0.05859375,0.36201477,1.30398998,1.31263733,-0.04882812
16.90832305,5925,-2.12316449,-1.85964854,-2.32016762,-0.11062622,0.83876706,0.54588318,4.16002082,-1.81040645,-2.32016762,-0.11062622,0.84023753,0.54355614,-2.23989423,-1.88406260,-2.31826027,-0.11100769,0.87386227,0.53138733,0.15625000,0.09765625,0.00488281,-0.02929688,-0.10253906,0.17578125,0.36201477,1.30396746,1.31263733,-0.04882812
16.92336249,5930,-2.12354596,-1.85888560,-2.32016762,-0.11100769,0.83800412,0.54817200,4.15976435,-1.80929634,-2.32016762,-0.11080261,0.83880628,0.54632891,-2.23760541,-1.88253672,-2.31826027,-0.11138916,0.87119198,0.53291321,0.14160156,0.07812500,0.00488281,-0.01464844,-0.14648438,0.04394531,0.36201477,1.30396008,1.31225586,-0.07324219
16.93739080,5935,-2.12430890,-1.85735972,-2.32016762,-0.11100769,0.83685971,0.54931641,4.15937879,-1.80812594,-2.32016762,-0.11094049,0.83779688,0.54818707,-2.23607953,-1.88177378,-2.31826027,-0.11138916,0.86890317,0.53291321,0.14160156,0.09277344,0.00488281,-0.01464844,-0.20507812,0.01464844,0.36201477,1.30399282,1.31225586,-0.04882812
16.95228314,5940,-2.12507184,-1.85583384,-2.32016762,-0.11100769,0.83647824,0.54931641,4.15871754,-1.80661644,-2.32016762,-0.11098567,0.83698064,0.54894635,-2.23302777,-1.87986644,-2.31787880,-0.11138916,0.86546994,0.53482056,0.14648438,0.09277344,0.00488281,-0.02929688,-0.19042969,0.08789062,0.36239624,1.30412098,1.31187439,-0.04882812
16.96618390,5945,-2.12621625,-1.85468943,-2.32016762,-0.11100769,0.83495236,0.54931641,4.15784132,-1.80527233,-2.32016762,-0.11100047,0.83598662,0.54919514,-2.23112042,-1.87872203,-2.31826027,-0.11138916,0.86203671,0.53482056,0.12695312,0.08789062,-0.00976562,-0.01464844,-0.20507812,-0.01464844,0.36201477,1.30406996,1.31187439,-0.02441406
16.98234105,5950,-2.12812360,-1.85392649,-2.32016762,-0.11100769,0.83342648,0.54931641,4.15642224,-1.80427988,-2.32016762,-0.11100533,0.83453492,0.54927667,-2.22883161,-1.87719615,-2.31826027,-0.11138916,0.85822201,0.53558350,0.14160156,0.07812500,0.00488281,0.00000000,-0.20507812,0.01464844,0.36201477,1.30400929,1.31149292,-0.07324219
16.99594069,5955,-2.13003095,-1.85278208,-2.32016762,-0.11062622,0.83266354,0.54931641,4.15480623,-1.80336545,-2.32016762,-0.11086959,0.83352724,0.54930339,-2.22692426,-1.87528880,-2.31826027,-0.11177063,0.85593319,0.53634644,0.13183594,0.11718750,0.00488281,-0.01464844,-0.10253906,0.04394531,0.36163330,1.30375870,1.31187439,-0.02441406
17.01015925,5960,-2.13117536,-1.85163768,-2.32016762,-0.11100769,0.83228207,0.54931641,4.15311569,-1.80215528,-2.32016762,-0.11096244,0.83276040,0.54931214,-2.22501691,-1.87376292,-2.31826027,-0.11177063,0.85555172,0.53863525,0.11718750,0.11230469,-0.00000000,0.00000000,-0.02929688,0.17578125,0.36125183,1.30280330,1.31149292,-0.07324219
17.02621794,5965,-2.13384564,-1.85011180,-2.32016762,-0.11100769,0.83151913,0.54931641,4.15110922,-1.80079389,-2.32016762,-0.11099286,0.83199618,0.54931501,-2.22310956,-1.87261851,-2.31826027,-0.11177063,0.85440732,0.54092407,0.13671875,0.09765625,-0.00000000,0.00000000,-0.04394531,0.19042969,0.36010742,1.30167212,1.31111145,-0.04882812
17.04130650,5970,-2.13689740,-1.84896739,-2.32016762,-0.11138916,0.83113766,0.54893494,4.14856795,-1.79953932,-2.32016762,-0.11125930,0.83149906,0.54905948,-2.22082074,-1.87109263,-2.31826027,-0.11177063,0.85326291,0.54244995,0.12207031,0.08789062,0.00488281,-0.01464844,-0.05859375,-0.02929688,0.35820007,1.29909125,1.31111145,-0.07324219
17.05630231,5975,-2.13994916,-1.84744151,-2.32016762,-0.11138916,0.83075619,0.54893494,4.14569275,-1.79826054,-2.32016762,-0.11124651,0.83111876,0.54897575,-2.21967633,-1.86994822,-2.31826027,-0.11177063,0.85249997,0.54244995,0.11230469,0.09277344,0.00488281,-0.01464844,-0.07324219,0.00000000,0.35781860,1.29651679,1.31034851,-0.09765625
17.07091594,5980,-2.14261945,-1.84667857,-2.32016762,-0.11138916,0.83037472,0.54855347,4.14272826,-1.79720943,-2.32016762,-0.11134242,0.83073767,0.54876215,-2.21776898,-1.86804087,-2.31826027,-0.11177063,0.85021115,0.54244995,0.10742188,0.10253906,-0.00000000,-0.01464844,-0.11718750,-0.01464844,0.35781860,1.29581381,1.30882263,-0.12207031
17.08622050,5985,-2.14643414,-1.84553416,-2.32016762,-0.11138916,0.82999325,0.54817200,4.13946267,-1.79598573,-2.32016762,-0.11132502,0.83041736,0.54848452,-2.21624310,-1.86689646,-2.31826027,-0.11177063,0.84868527,0.54283142,0.08789062,0.08789062,0.00488281,-0.04394531,-0.10253906,0.00000000,0.35781860,1.29558346,1.30844116,-0.07324219
17.10113668,5990,-2.14948590,-1.84477122,-2.32016762,-0.11138916,0.82999325,0.54779053,4.13630031,-1.79514261,-2.32016762,-0.11136814,0.83013222,0.54819811,-2.21471723,-1.86575206,-2.31826027,-0.11215210,0.84792233,0.54283142,0.10742188,0.07324219,0.00488281,-0.04394531,-0.05859375,-0.01464844,0.35743713,1.29513567,1.30805969,-0.04882812
17.11468649,5995,-2.15177472,-1.84400828,-2.32016762,-0.11138916,0.82999325,0.54664612,4.13359391,-1.79435340,-2.32016762,-0.11138227,0.83003879,0.54748524,-2.21357282,-1.86422618,-2.31826027,-0.11215210,0.84677792,0.54283142,0.08789062,0.09277344,0.00488281,-0.01464844,-0.05859375,0.00000000,0.35781860,1.29536125,1.30767822,-0.04882812
17.12995696,6000,-2.15482648,-1.84324534,-2.32016762,-0.11138916,0.82999325,0.54512024,4.13064555,-1.79355060,-2.32016762,-0.11138690,0.83000818,0.54610614,-2.21204694,-1.86270030,-2.31826027,-0.11177063,0.84601498,0.54283142,0.07812500,0.10742188,0.00488281,0.00000000,-0.07324219,0.00000000,0.35781860,1.29543516,1.30729675,-0.07324219
17.14499569,6005,-2.15749677,-1.84286387,-2.32016762,-0.11138916,0.82961178,0.54473877,4.12781383,-1.79303107,-2.32016762,-0.11138842,0.82981199,0.54518683,-2.21090253,-1.86117442,-2.31826027,-0.11215210,0.84487057,0.54283142,0.08789062,0.09277344,0.00488281,-0.02929688,-0.05859375,0.00000000,0.35781860,1.29545939,1.30729675,-0.04882812
17.15928197,6010,-2.15940411,-1.84248240,-2.32016762,-0.11138916,0.82846737,0.54473877,4.12552253,-1.79254333,-2.32016762,-0.11135767,0.82914626,0.54488559,-2.21013959,-1.86003001,-2.31826027,-0.11215210,0.84334469,0.54321289,0.04882812,0.07324219,0.00976562,-0.01464844,-0.08789062,0.00000000,0.35781860,1.29546732,1.30691528,-0.02441406
17.17254376,6015,-2.16169293,-1.84210093,-2.32016762,-0.11138916,0.82656003,0.54435730,4.12319188,-1.79207820,-2.32016762,-0.11137884,0.82778639,0.54453041,-2.20861371,-1.85850413,-2.31826027,-0.11215210,0.84105588,0.54321289,0.08789062,0.08789062,0.00488281,-0.01464844,-0.13183594,-0.01464844,0.35781860,1.29546992,1.30653381,-0.04882812
17.18693447,6020,-2.16398175,-1.84210093,-2.32016762,-0.11138916,0.82274533,0.54435730,4.12088008,-1.79185548,-2.32016762,-0.11138578,0.82531662,0.54441402,-2.20823224,-1.85774119,-2.31826027,-0.11215210,0.83953000,0.54321289,0.03417969,0.07324219,0.00488281,-0.01464844,-0.08789062,-0.01464844,0.35781860,1.29547078,1.30615234,-0.07324219
17.20315337,6025,-2.16550763,-1.84210093,-2.32016762,-0.11177063,0.81969357,0.54435730,4.11897899,-1.79178250,-2.32016762,-0.11157421,0.82199951,0.54431485,-2.20708783,-1.85621531,-2.31864174,-0.11215210,0.83838559,0.54321289,0.06347656,0.08789062,-0.00488281,-0.02929688,-0.05859375,0.00000000,0.35781860,1.29537340,1.30538940,-0.04882812
17.21734262,6030,-2.16741498,-1.84210093,-2.32016762,-0.11215210,0.81816769,0.54397583,4.11731051,-1.79175858,-2.32016762,-0.11184360,0.81979293,0.54408692,-2.20632489,-1.85507090,-2.31864174,-0.11215210,0.83724118,0.54321289,0.03906250,0.08300781,0.00488281,-0.01464844,-0.08789062,0.00000000,0.35743713,1.29528656,1.30462646,-0.07324219
17.23288751,6035,-2.16932233,-1.84210093,-2.32016762,-0.11215210,0.81626034,0.54321289,4.11535448,-1.79175075,-2.32016762,-0.11205101,0.81780120,0.54366189,-2.20556195,-1.85354502,-2.31864174,-0.11215210,0.83609677,0.54321289,0.04394531,0.09277344,0.00488281,0.00000000,-0.05859375,0.00000000,0.35781860,1.29533257,1.30424500,-0.02441406
17.24842310,6040,-2.17084821,-1.84171946,-2.32016762,-0.11215210,0.81397152,0.54130554,4.11365640,-1.79149171,-2.32016762,-0.11211897,0.81586852,0.54247855,-2.20441754,-1.85240061,-2.31864174,-0.11215210,0.83418942,0.54321289,0.06347656,0.07812500,0.00488281,-0.02929688,-0.13183594,-0.01464844,0.35781860,1.29542577,1.30386353,-0.04882812
17.26375651,6045,-2.17237409,-1.84171946,-2.32016762,-0.11215210,0.81206418,0.53939819,4.11217419,-1.79140683,-2.32016762,-0.11214125,0.81389184,0.54086948,-2.20365460,-1.85087474,-2.31864174,-0.11215210,0.83228207,0.54321289,0.03417969,0.05371094,0.00488281,-0.01464844,-0.11718750,0.00000000,0.35781860,1.29537818,1.30348206,-0.02441406
17.27849102,6050,-2.17389996,-1.84171946,-2.32016762,-0.11215210,0.81130124,0.53749084,4.11063284,-1.79137901,-2.32016762,-0.11214854,0.81222044,0.53906915,-2.20327313,-1.84973033,-2.31864174,-0.11215210,0.83113766,0.54321289,0.02929688,0.09277344,0.00488281,-0.01464844,-0.08789062,-0.01464844,0.35743713,1.29502543,1.30348206,-0.02441406
17.29228377,6055,-2.17580731,-1.84171946,-2.32016762,-0.11215210,0.81015683,0.53710938,4.10884542,-1.79136990,-2.32016762,-0.11215093,0.81108352,0.53778280,-2.20251019,-1.84896739,-2.31864174,-0.11215210,0.82961178,0.54321289,0.03906250,0.05859375,-0.00000000,-0.02929688,-0.07324219,-0.02929688,0.35743713,1.29481219,1.30310059,-0.04882812
17.30569410,6060,-2.17771466,-1.84171946,-2.32016762,-0.11215210,0.80977536,0.53710938,4.10702620,-1.79136691,-2.32016762,-0.11215172,0.81032316,0.53733004,-2.20174725,-1.84782298,-2.31864174,-0.11253357,0.82884884,0.54321289,0.03906250,0.06835938,-0.00976562,-0.02929688,-0.01464844,0.00000000,0.35743713,1.29474231,1.30310059,-0.04882812
17.32041526,6065,-2.17924054,-1.84171946,-2.32016762,-0.11215210,0.80824948,0.53710938,4.10546523,-1.79136594,-2.32016762,-0.11215197,0.80935965,0.53718168,-2.20136578,-1.84667857,-2.31864174,-0.11215210,0.82846737,0.54321289,0.02441406,0.06835938,-0.00000000,0.00000000,-0.02929688,-0.01464844,0.35743713,1.29471941,1.30310059,-0.04882812
17.33333349,6070,-2.18114789,-1.84133799,-2.32016762,-0.11215210,0.80634213,0.53710938,4.10361035,-1.79114040,-2.32016762,-0.11215206,0.80778062,0.53713307,-2.20098432,-1.84591563,-2.31902321,-0.11253357,0.82732297,0.54321289,0.03906250,0.05371094,0.00488281,-0.02929688,-0.07324219,0.00000000,0.35743713,1.29471191,1.30271912,-0.04882812
17.34686875,6075,-2.18229230,-1.84095652,-2.32016762,-0.11215210,0.80443478,0.53710938,4.10206517,-1.79081002,-2.32016762,-0.11215209,0.80608095,0.53711714,-2.20060285,-1.84515269,-2.31902321,-0.11253357,0.82617856,0.54283142,0.02441406,0.06835938,0.00488281,-0.02929688,-0.08789062,-0.01464844,0.35743713,1.29470945,1.30271912,0.00000000
17.35978889,6080,-2.18343671,-1.84057505,-2.32016762,-0.11215210,0.80367184,0.53710938,4.10075818,-1.79059422,-2.32016762,-0.11215210,0.80453157,0.53711192,-2.20022138,-1.84400828,-2.31902321,-0.11253357,0.82465268,0.54283142,0.02441406,0.05371094,0.00488281,0.00000000,-0.08789062,-0.02929688,0.35743713,1.29464614,1.30271912,-0.04882812
17.37482381,6085,-2.18496259,-1.83981211,-2.32016762,-0.11215210,0.80367184,0.53710938,4.09938411,-1.78998078,-2.32016762,-0.11215210,0.80395356,0.53711021,-2.19983991,-1.84324534,-2.31902321,-0.11253357,0.82312680,0.54283142,0.00488281,0.06835938,-0.00000000,-0.01464844,-0.08789062,-0.01464844,0.35705566,1.29439469,1.30271912,-0.02441406
17.38805866,6090,-2.18686994,-1.83904917,-2.32016762,-0.11215210,0.80329037,0.53710938,4.09780970,-1.78932787,-2.32016762,-0.11215210,0.80368786,0.53710965,-2.19983991,-1.84210093,-2.31902321,-0.11253357,0.82236386,0.54283142,0.00976562,0.08300781,-0.00488281,0.00000000,-0.04394531,-0.01464844,0.35705566,1.29423319,1.30271912,-0.04882812
17.40234828,6095,-2.18915875,-1.83866770,-2.32016762,-0.11215210,0.80176449,0.53710938,4.09595713,-1.78882620,-2.32016762,-0.11215210,0.80287423,0.53710946,-2.19945844,-1.84057505,-2.31902321,-0.11253357,0.82160092,0.54283142,0.01953125,0.07812500,-0.00488281,-0.01464844,-0.02929688,-0.02929688,0.35705566,1.29416171,1.30233765,-0.04882812
17.41739511,6100,-2.19144757,-1.83790477,-2.32016762,-0.11215210,0.79909421,0.53710938,4.09382054,-1.78826801,-2.32016762,-0.11215210,0.80107210,0.53710940,-2.19907697,-1.83981211,-2.31902321,-0.11253357,0.82083798,0.54244995,0.00976562,0.06347656,0.00488281,-0.02929688,-0.05859375,-0.02929688,0.35743713,1.29424694,1.30271912,0.00000000
17.43106294,6105,-2.19297345,-1.83714183,-2.32016762,-0.11215210,0.79604245,0.53672791,4.09185626,-1.78752334,-2.32016762,-0.11215210,0.79847328,0.53692323,-2.19907697,-1.83866770,-2.31902321,-0.11253357,0.81931210,0.54244995,0.00976562,0.07812500,-0.00000000,-0.01464844,-0.07324219,-0.02929688,0.35743713,1.29455709,1.30233765,0.00000000
17.44665980,6110,-2.19564374,-1.83599742,-2.32016762,-0.11215210,0.79146481,0.53634644,4.08963656,-1.78650992,-2.32016762,-0.11215210,0.79455334,0.53671561,-2.19907697,-1.83790477,-2.31902321,-0.11253357,0.81702328,0.54244995,0.00000000,0.03417969,0.00488281,-0.01464844,-0.11718750,-0.02929688,0.35743713,1.29465872,1.30233765,0.00000000
17.46133256,6115,-2.19755109,-1.83485301,-2.32016762,-0.11215210,0.78955746,0.53558350,4.08737784,-1.78548851,-2.32016762,-0.11215210,0.79177557,0.53620496,-2.19907697,-1.83676036,-2.31902321,-0.11253357,0.81435299,0.54206848,0.00000000,0.07324219,-0.00000000,-0.02929688,-0.14648438,-0.02929688,0.35743713,1.29469202,1.30195618,-0.02441406
17.47550058,6120,-2.19983991,-1.83370860,-2.32016762,-0.11215210,0.78841305,0.53443909,4.08528687,-1.78438440,-2.32016762,-0.11215210,0.78979662,0.53529947,-2.19869550,-1.83599742,-2.31902321,-0.11253357,0.81244565,0.54206848,0.00488281,0.04882812,0.00488281,0.00000000,-0.16113281,-0.02929688,0.35743713,1.29470293,1.30233765,0.00000000
17.48933625,6125,-2.20212872,-1.83256419,-2.32016762,-0.11215210,0.78688717,0.53367615,4.08291395,-1.78311209,-2.32016762,-0.11215210,0.78806124,0.53427839,-2.19869550,-1.83485301,-2.31902321,-0.11253357,0.80977536,0.54168701,0.00488281,0.08300781,-0.00000000,-0.01464844,-0.16113281,-0.02929688,0.35743713,1.29470651,1.30233765,-0.02441406
17.50270033,6130,-2.20479901,-1.83103831,-2.32016762,-0.11215210,0.78497983,0.53329468,4.08056230,-1.78199058,-2.32016762,-0.11215210,0.78647050,0.53375813,-2.19869550,-1.83409007,-2.31902321,-0.11253357,0.80748654,0.54168701,0.00488281,0.05371094,0.00488281,-0.01464844,-0.16113281,-0.04394531,0.35743713,1.29470768,1.30195618,-0.02441406
17.51463819,6135,-2.20708783,-1.82989390,-2.32016762,-0.11215210,0.78383542,0.53329468,4.07810201,-1.78066374,-2.32016762,-0.11215210,0.78498062,0.53344654,-2.19869550,-1.83294566,-2.31902321,-0.11253357,0.80596066,0.54130554,0.00000000,0.08789062,-0.00000000,-0.02929688,-0.14648438,-0.04394531,0.35743713,1.29470806,1.30195618,0.00000000
17.52699733,6140,-2.20937665,-1.82798655,-2.32016762,-0.11215210,0.78269101,0.53329468,4.07565545,-1.77902669,-2.32016762,-0.11215210,0.78363072,0.53334444,-2.19869550,-1.83218272,-2.31902321,-0.11253357,0.80481625,0.54054260,0.00000000,0.06835938,-0.00000000,0.00000000,-0.07324219,-0.05859375,0.35743713,1.29470819,1.30195618,-0.02441406
17.54360271,6145,-2.21204694,-1.82607920,-2.32016762,-0.11215210,0.78154660,0.53253174,4.07326989,-1.77720791,-2.32016762,-0.11215210,0.78237991,0.53297822,-2.19869550,-1.83103831,-2.31902321,-0.11253357,0.80367184,0.53939819,-0.00976562,0.05859375,0.00488281,-0.01464844,-0.04394531,-0.10253906,0.35743713,1.29477073,1.30157471,-0.02441406
17.55662274,6150,-2.21433576,-1.82493479,-2.32016762,-0.11253357,0.78078366,0.53138733,4.07066910,-1.77563110,-2.32016762,-0.11233826,0.78145711,0.53227826,-2.19869550,-1.83027537,-2.31902321,-0.11253357,0.80290890,0.53863525,-0.00488281,0.05859375,0.00488281,-0.01464844,-0.01464844,-0.05859375,0.35743713,1.29472873,1.30157471,-0.02441406
17.56983471,6155,-2.21662457,-1.82264598,-2.32016762,-0.11215210,0.78002072,0.52871704,4.06836888,-1.77378702,-2.32016762,-0.11229318,0.78061054,0.53049629,-2.19869550,-1.82913096,-2.31902321,-0.11253357,0.80252743,0.53825378,-0.00976562,0.06347656,0.00488281,-0.01464844,-0.01464844,-0.02929688,0.35743713,1.29471496,1.30157471,-0.02441406
17.58513975,6160,-2.21929486,-1.81997569,-2.32016762,-0.11253357,0.77849484,0.52566528,4.06617727,-1.77162574,-2.32016762,-0.11242355,0.77963782,0.52800661,-2.19907697,-1.82836802,-2.31902321,-0.11253357,0.80100155,0.53787231,-0.02929688,0.06347656,0.00488281,-0.01464844,-0.08789062,-0.05859375,0.35743713,1.29471045,1.30157471,-0.04882812
17.59806299,6165,-2.22158368,-1.81883128,-2.32016762,-0.11291504,0.77773190,0.52413940,4.06351113,-1.76972967,-2.32016762,-0.11269295,0.77854589,0.52571520,-2.19945844,-1.82722361,-2.31902321,-0.11253357,0.79947568,0.53710938,-0.03417969,0.07324219,0.00488281,0.00000000,-0.10253906,-0.08789062,0.35743713,1.29470897,1.30157471,-0.04882812
17.61040711,6170,-2.22425397,-1.81692393,-2.32016762,-0.11253357,0.77735043,0.52223206,4.06101310,-1.76800619,-2.32016762,-0.11258580,0.77792233,0.52365515,-2.19945844,-1.82607920,-2.31902321,-0.11253357,0.79756833,0.53482056,-0.00976562,0.06347656,0.00488281,-0.02929688,-0.11718750,-0.20507812,0.35743713,1.29470849,1.30157471,0.00000000
17.62410164,6175,-2.22768720,-1.81463511,-2.32016762,-0.11291504,0.77696896,0.52070618,4.05806796,-1.76593387,-2.32016762,-0.11277590,0.77740050,0.52200306,-2.19983991,-1.82493479,-2.31902321,-0.11253357,0.79642392,0.53367615,-0.02441406,0.08789062,-0.00000000,-0.02929688,-0.08789062,-0.04394531,0.35743713,1.29470833,1.30157471,0.00000000
17.64054966,6180,-2.23150189,-1.81196482,-2.32016762,-0.11291504,0.77696896,0.51879883,4.05495031,-1.76370074,-2.32016762,-0.11286945,0.77711037,0.52045182,-2.20022138,-1.82340892,-2.31940468,-0.11291504,0.79527951,0.53367615,-0.02441406,0.09277344,-0.00000000,-0.01464844,-0.04394531,-0.01464844,0.35743713,1.29470828,1.30119324,0.00000000
17.65526462,6185,-2.23455365,-1.81005748,-2.32016762,-0.11291504,0.77696896,0.51765442,4.05145508,-1.76154552,-2.32016762,-0.11290010,0.77701530,0.51885281,-2.20022138,-1.82264598,-2.31940468,-0.11253357,0.79451657,0.53329468,-0.01464844,0.05859375,-0.00000000,0.00000000,-0.02929688,-0.04394531,0.35781860,1.29486085,1.30119324,-0.04882812
17.66786027,6190,-2.23722394,-1.80853160,-2.32016762,-0.11291504,0.77620602,0.51727295,4.04836165,-1.75966987,-2.32016762,-0.11291014,0.77662160,0.51794103,-2.20098432,-1.82150157,-2.31940468,-0.11291504,0.79337216,0.53176880,-0.04882812,0.09765625,0.00488281,-0.01464844,-0.08789062,-0.14648438,0.35743713,1.29475825,1.30119324,-0.02441406
17.68121886,6195,-2.24103864,-1.80662425,-2.32016762,-0.11291504,0.77391720,0.51498413,4.04496347,-1.75771480,-2.32016762,-0.11291343,0.77525309,0.51640275,-2.20174725,-1.82035716,-2.31940468,-0.11291504,0.79222775,0.53100586,-0.05371094,0.07812500,0.00488281,-0.01464844,-0.08789062,-0.08789062,0.35743713,1.29472464,1.30081177,-0.02441406
17.69685984,6200,-2.24485333,-1.80471690,-2.32016762,-0.11291504,0.76933957,0.51002502,4.04136777,-1.75586213,-2.32016762,-0.11291451,0.77250045,0.51334730,-2.20251019,-1.81883128,-2.31940468,-0.11291504,0.78993893,0.53024292,-0.03417969,0.06835938,0.00488281,-0.01464844,-0.11718750,-0.05859375,0.35743713,1.29471362,1.30081177,-0.02441406
17.71236038,6205,-2.24904950,-1.80280955,-2.32016762,-0.11291504,0.76628781,0.50544739,4.03768038,-1.75414359,-2.32016762,-0.11291487,0.76904574,0.50932998,-2.20289166,-1.81806834,-2.31940468,-0.11291504,0.78803158,0.52871704,-0.04882812,0.07812500,0.00488281,-0.01464844,-0.13183594,-0.11718750,0.35743713,1.29471001,1.30081177,-0.02441406
17.72801995,6210,-2.25248273,-1.80128367,-2.32016762,-0.11291504,0.76399899,0.50086975,4.03379082,-1.75238369,-2.32016762,-0.11291498,0.76617273,0.50462540,-2.20441754,-1.81654246,-2.31940468,-0.11291504,0.78650570,0.52528381,-0.08300781,0.06835938,0.00488281,-0.01464844,-0.07324219,-0.23437500,0.35743713,1.29470883,1.30043030,-0.02441406
17.74358845,6215,-2.25667890,-1.79975779,-2.32016762,-0.11253357,0.76209164,0.49591064,4.02979522,-1.75066198,-2.32016762,-0.11283873,0.76382981,0.49966815,-2.20518048,-1.81539805,-2.31940468,-0.11291504,0.78459836,0.52375793,-0.05371094,0.06835938,-0.00000000,-0.02929688,-0.10253906,-0.05859375,0.35743713,1.29470844,1.30043030,-0.04882812
17.75595975,6220,-2.26011212,-1.79899485,-2.32016762,-0.11253357,0.76056576,0.49324036,4.02608299,-1.74945352,-2.32016762,-0.11266481,0.76196589,0.49591546,-2.20594342,-1.81425364,-2.31940468,-0.11291504,0.78345395,0.52337646,-0.08300781,0.09765625,-0.00000000,-0.01464844,-0.10253906,-0.05859375,0.35743713,1.29470831,1.30043030,-0.02441406
17.76757646,6225,-2.26316388,-1.79785044,-2.32016762,-0.11253357,0.75903988,0.49171448,4.02274694,-1.74843705,-2.32016762,-0.11257658,0.76036831,0.49346069,-2.20670636,-1.81349070,-2.31940468,-0.11291504,0.78116513,0.52261353,-0.07812500,0.05859375,-0.00000000,0.00000000,-0.11718750,-0.10253906,0.35743713,1.29470827,1.30004883,-0.07324219
17.78050041,6230,-2.26621564,-1.79670603,-2.32016762,-0.11253357,0.75865841,0.49133301,4.01946286,-1.74718564,-2.32016762,-0.11254766,0.75921871,0.49214935,-2.20746930,-1.81196482,-2.31940468,-0.11291504,0.77925778,0.52070618,-0.06347656,0.10742188,0.00488281,0.00000000,-0.11718750,-0.17578125,0.35743713,1.29470826,1.30004883,-0.04882812
17.79293013,6235,-2.26926740,-1.79556163,-2.32016762,-0.11253357,0.75865841,0.49095154,4.01638625,-1.74610627,-2.32016762,-0.11253819,0.75884201,0.49141435,-2.20861371,-1.81120188,-2.31940468,-0.11291504,0.77849484,0.51803589,-0.08300781,0.07812500,-0.00000000,0.00000000,-0.07324219,-0.20507812,0.35743713,1.29470825,1.29966736,-0.04882812
17.80901694,6240,-2.27231915,-1.79518016,-2.32016762,-0.11253357,0.75827694,0.48904419,4.01342644,-1.74527687,-2.32016762,-0.11253508,0.75864228,0.49032182,-2.20975812,-1.80967601,-2.31940468,-0.11291504,0.77696896,0.51612854,-0.07812500,0.06347656,-0.00000000,-0.02929688,-0.05859375,-0.11718750,0.35743713,1.29492798,1.29966736,-0.02441406
17.82224011,6245,-2.27537091,-1.79479869,-2.32016762,-0.11253357,0.75713254,0.48675537,4.01017337,-1.74483651,-2.32016762,-0.11253407,0.75795782,0.48826387,-2.21052106,-1.80853160,-2.31940468,-0.11291504,0.77620602,0.51536560,-0.09765625,0.09277344,0.00488281,-0.04394531,-0.05859375,-0.07324219,0.35743713,1.29478025,1.29966736,-0.02441406
17.83824539,6250,-2.27880414,-1.79365428,-2.32016762,-0.11253357,0.75522519,0.48294067,4.00693199,-1.74395406,-2.32016762,-0.11253373,0.75655274,0.48524992,-2.21204694,-1.80700572,-2.31940468,-0.11291504,0.77544308,0.51383972,-0.08789062,0.09277344,0.00976562,0.00000000,-0.05859375,-0.11718750,0.35743713,1.29480997,1.29890442,-0.04882812
17.85351300,6255,-2.28223737,-1.79365428,-2.32016762,-0.11253357,0.75293637,0.48065186,4.00374034,-1.74351451,-2.32016762,-0.11253362,0.75467119,0.48271763,-2.21357282,-1.80586131,-2.31940468,-0.11291504,0.77391720,0.51116943,-0.10253906,0.07812500,0.00976562,-0.02929688,-0.07324219,-0.21972656,0.35743713,1.29483924,1.29852295,-0.07324219
17.86761451,6260,-2.28376325,-1.79365428,-2.32016762,-0.11253357,0.75179196,0.48027039,4.00109684,-1.74337047,-2.32016762,-0.11253359,0.75292488,0.48110355,-2.21471723,-1.80433543,-2.31940468,-0.11291504,0.77239132,0.50697327,-0.10253906,0.08789062,0.00488281,-0.01464844,-0.10253906,-0.29296875,0.35743713,1.29484883,1.29852295,-0.04882812
17.88087654,6265,-2.28719647,-1.79365428,-2.32016762,-0.11253357,0.75141049,0.47874451,3.99821389,-1.74332328,-2.32016762,-0.11253358,0.75184569,0.47988715,-2.21586163,-1.80319102,-2.31940468,-0.11329651,0.77124692,0.50544739,-0.08789062,0.07812500,0.00488281,-0.01464844,-0.07324219,-0.11718750,0.35743713,1.29475432,1.29814148,-0.02441406
17.89409971,6270,-2.28948529,-1.79365428,-2.32016762,-0.11253357,0.75102902,0.47607422,3.99560149,-1.74330781,-2.32016762,-0.11253357,0.75132788,0.47786514,-2.21700604,-1.80242808,-2.31940468,-0.11291504,0.77010251,0.50392151,-0.10253906,0.06835938,-0.00000000,-0.01464844,-0.05859375,-0.11718750,0.35743713,1.29472335,1.29814148,0.00000000
17.90652084,6275,-2.29215558,-1.79365428,-2.32016762,-0.11253357,0.75026608,0.47340393,3.99289890,-1.74330274,-2.32016762,-0.11253357,0.75073315,0.47530719,-2.21853192,-1.80128367,-2.31978615,-0.11291504,0.76933957,0.50163269,-0.08789062,0.08300781,-0.00000000,-0.01464844,-0.02929688,-0.20507812,0.35743713,1.29477570,1.29814148,-0.02441406
17.92266536,6280,-2.29597028,-1.79365428,-2.32016762,-0.11253357,0.74912167,0.47035217,3.98979139,-1.74330108,-2.32016762,-0.11253357,0.74989240,0.47258814,-2.21967633,-1.80052073,-2.31978615,-0.11329651,0.76895810,0.49781799,-0.11718750,0.04882812,0.00488281,-0.02929688,-0.02929688,-0.27832031,0.35743713,1.29473035,1.29776001,-0.04882812
17.93590093,6285,-2.29902203,-1.79365428,-2.32016762,-0.11253357,0.74683285,0.46920776,3.98692693,-1.74330054,-2.32016762,-0.11253357,0.74856538,0.47068507,-2.22120221,-1.79899485,-2.31978615,-0.11291504,0.76781369,0.49705505,-0.10253906,0.09765625,0.00488281,-0.01464844,-0.08789062,-0.01464844,0.35781860,1.29486808,1.29776001,-0.02441406
17.94977689,6290,-2.30131085,-1.79365428,-2.32016762,-0.11253357,0.74416256,0.46882629,3.98407204,-1.74330036,-2.32016762,-0.11253357,0.74626641,0.46951546,-2.22234662,-1.79823191,-2.31978615,-0.11291504,0.76628781,0.49591064,-0.09277344,0.06347656,0.00488281,0.00000000,-0.10253906,-0.10253906,0.35743713,1.29476063,1.29737854,-0.04882812
17.96552587,6295,-2.30474408,-1.79365428,-2.32016762,-0.11253357,0.74263669,0.46844482,3.98113985,-1.74330030,-2.32016762,-0.11253357,0.74418643,0.46886596,-2.22425397,-1.79670603,-2.31978615,-0.11291504,0.76399899,0.49324036,-0.11230469,0.06347656,0.00488281,-0.01464844,-0.11718750,-0.23437500,0.35743713,1.29472541,1.29737854,-0.02441406
17.97972250,6300,-2.30741437,-1.79365428,-2.32016762,-0.11253357,0.74149228,0.46653748,3.97804048,-1.74330028,-2.32016762,-0.11253357,0.74256455,0.46770135,-2.22539838,-1.79632456,-2.31978615,-0.11291504,0.76209164,0.49133301,-0.10742188,0.06347656,0.00488281,-0.01464844,-0.14648438,-0.14648438,0.35743713,1.29471388,1.29737854,-0.02441406
17.99373865,6305,-2.31046613,-1.79365428,-2.32016762,-0.11253357,0.74034787,0.46577454,3.97501413,-1.74330028,-2.32016762,-0.11253357,0.74122462,0.46647623,-2.22730573,-1.79479869,-2.31978615,-0.11291504,0.75942135,0.48980713,-0.10253906,0.06347656,0.00488281,-0.01464844,-0.14648438,-0.10253906,0.35743713,1.29471009,1.29737854,-0.04882812
18.00727987,6310,-2.31351788,-1.79365428,-2.32016762,-0.11253357,0.73882199,0.46577454,3.97211963,-1.74330027,-2.32016762,-0.11253357,0.73993985,0.46600447,-2.22845014,-1.79403575,-2.31978615,-0.11329651,0.75751401,0.48904419,-0.12207031,0.07324219,0.00488281,-0.02929688,-0.16113281,-0.04394531,0.35743713,1.29470886,1.29737854,-0.02441406
18.02116919,6315,-2.31618817,-1.79365428,-2.32016762,-0.11253357,0.73767758,0.46577454,3.96915663,-1.74330027,-2.32016762,-0.11253357,0.73863031,0.46584988,-2.23035748,-1.79289134,-2.31978615,-0.11291504,0.75522519,0.48789978,-0.12207031,0.06835938,0.00488281,-0.01464844,-0.13183594,-0.10253906,0.35743713,1.29470845,1.29737854,-0.02441406
18.03441310,6320,-2.31847699,-1.79365428,-2.32016762,-0.11253357,0.73691464,0.46539307,3.96653703,-1.74330027,-2.32016762,-0.11253357,0.73754714,0.46566190,-2.23150189,-1.79212840,-2.31978615,-0.11291504,0.75446225,0.48599243,-0.10742188,0.06835938,0.00488281,-0.01464844,-0.05859375,-0.17578125,0.35743713,1.29470832,1.29737854,-0.02441406
18.05002952,6325,-2.32114728,-1.79365428,-2.32016762,-0.11253357,0.73615170,0.46501160,3.96389117,-1.74330027,-2.32016762,-0.11253357,0.73667927,0.46534383,-2.23302777,-1.79136546,-2.31978615,-0.11291504,0.75369931,0.48446655,-0.13183594,0.05859375,0.00488281,-0.01464844,-0.04394531,-0.14648438,0.35743713,1.29470827,1.29699707,-0.02441406
18.06206727,6330,-2.32419904,-1.79365428,-2.32016762,-0.11253357,0.73577023,0.46386719,3.96127612,-1.74330027,-2.32016762,-0.11253357,0.73613842,0.46468162,-2.23493512,-1.79022105,-2.31978615,-0.11291504,0.75217343,0.48141479,-0.12207031,0.06347656,0.00488281,-0.01464844,-0.07324219,-0.23437500,0.35743713,1.29470826,1.29699707,0.00000000
18.07758975,6335,-2.32725079,-1.79365428,-2.32016762,-0.11253357,0.73500729,0.46119690,3.95842411,-1.74330027,-2.32016762,-0.11253357,0.73562843,0.46307803,-2.23646100,-1.78945811,-2.31978615,-0.11291504,0.75179196,0.48065186,-0.11718750,0.05859375,0.00488281,0.00000000,-0.02929688,-0.04394531,0.35743713,1.29470825,1.29699707,-0.02441406
18.09388924,6340,-2.32953961,-1.79365428,-2.32016762,-0.11253357,0.73462582,0.45814514,3.95553375,-1.74330027,-2.32016762,-0.11253357,0.73502467,0.46027327,-2.23836835,-1.78869517,-2.31978615,-0.11291504,0.75102902,0.47988892,-0.12207031,0.06347656,0.00488281,-0.01464844,-0.01464844,-0.10253906,0.35743713,1.29470825,1.29699707,-0.02441406
18.10828066,6345,-2.33335431,-1.79365428,-2.32016762,-0.11253357,0.73386288,0.45509338,3.95225094,-1.74330027,-2.32016762,-0.11253357,0.73431389,0.45722286,-2.23989423,-1.78755076,-2.31978615,-0.11291504,0.74988461,0.47798157,-0.13183594,0.05371094,0.00488281,-0.01464844,-0.07324219,-0.16113281,0.35743713,1.29470825,1.29699707,-0.02441406
18.12313795,6350,-2.33602460,-1.79365428,-2.32016762,-0.11253357,0.73309994,0.45394897,3.94946784,-1.74330027,-2.32016762,-0.11243347,0.73361687,0.45521121,-2.24218305,-1.78678782,-2.31978615,-0.11291504,0.74835873,0.47645569,-0.13183594,0.07324219,0.00488281,-0.01464844,-0.07324219,-0.08789062,0.35743713,1.29461060,1.29699707,0.00000000
18.13466787,6355,-2.33869489,-1.79365428,-2.32016762,-0.11253357,0.73271847,0.45356750,3.94668490,-1.74330027,-2.32016762,-0.11250077,0.73313200,0.45428629,-2.24332745,-1.78602488,-2.31978615,-0.11291504,0.74759579,0.47340393,-0.12695312,0.05859375,0.00488281,-0.02929688,-0.05859375,-0.27832031,0.35743713,1.29461375,1.29699707,-0.02441406
18.14920926,6360,-2.34174664,-1.79365428,-2.32016762,-0.11215210,0.73233700,0.45089722,3.94402591,-1.74330027,-2.32016762,-0.11238549,0.73271665,0.45293695,-2.24561627,-1.78526194,-2.31978615,-0.11291504,0.74645138,0.47111511,-0.13183594,0.04394531,0.00976562,-0.02929688,-0.04394531,-0.10253906,0.35705566,1.29440263,1.29661560,-0.02441406
18.16481018,6365,-2.34517987,-1.79365428,-2.32016762,-0.11253357,0.73195553,0.44784546,3.94074873,-1.74330027,-2.32016762,-0.11245380,0.73232408,0.45021403,-2.24714215,-1.78411753,-2.31978615,-0.11291504,0.74530697,0.47111511,-0.12695312,0.05859375,0.00488281,-0.01464844,-0.07324219,-0.01464844,0.35705566,1.29425532,1.29661560,0.00000000
18.17774248,6370,-2.34785016,-1.79365428,-2.32016762,-0.11215210,0.73157406,0.44479370,3.93785272,-1.74330027,-2.32016762,-0.11225096,0.73200000,0.44731349,-2.24904950,-1.78373606,-2.31978615,-0.11291504,0.74454403,0.47035217,-0.12207031,0.02929688,-0.00000000,-0.01464844,-0.05859375,-0.07324219,0.35705566,1.29404690,1.29661560,-0.02441406
18.19214225,6375,-2.35090192,-1.79365428,-2.32016762,-0.11215210,0.73157406,0.44288635,3.93476899,-1.74330027,-2.32016762,-0.11218449,0.73171364,0.44467688,-2.25057538,-1.78297312,-2.31978615,-0.11291504,0.74378110,0.46958923,-0.14160156,0.06347656,0.00488281,-0.02929688,-0.02929688,-0.08789062,0.35667419,1.29374789,1.29661560,0.00000000
18.20541954,6380,-2.35357221,-1.79365428,-2.32016762,-0.11215210,0.73081112,0.44174194,3.93170493,-1.74330027,-2.32016762,-0.11216271,0.73122600,0.44285405,-2.25248273,-1.78221019,-2.31978615,-0.11291504,0.74378110,0.46691895,-0.14648438,0.04882812,0.00488281,-0.01464844,0.01464844,-0.21972656,0.35705566,1.29380249,1.29661560,0.00000000
18.21897078,6385,-2.35700543,-1.79365428,-2.32016762,-0.11215210,0.73004818,0.44059753,3.92865097,-1.74330027,-2.32016762,-0.11215558,0.73068462,0.44161869,-2.25439008,-1.78182872,-2.31978615,-0.11291504,0.74339963,0.46501160,-0.13183594,0.02929688,0.00488281,-0.01464844,-0.01464844,-0.14648438,0.35705566,1.29380086,1.29661560,-0.02441406
18.23232102,6390,-2.35891278,-1.79365428,-2.32016762,-0.11215210,0.72966672,0.44021606,3.92603733,-1.74330027,-2.32016762,-0.11215324,0.73011940,0.44074599,-2.25591596,-1.78106578,-2.31978615,-0.11291504,0.74301816,0.46348572,-0.12695312,0.04394531,0.00488281,0.00000000,-0.00000000,-0.13183594,0.35705566,1.29389798,1.29661560,-0.02441406
18.24745297,6395,-2.36234601,-1.79365428,-2.32016762,-0.11215210,0.72966672,0.43983459,3.92301378,-1.74330027,-2.32016762,-0.11215247,0.72981505,0.44013324,-2.25782330,-1.78030284,-2.31978615,-0.11291504,0.74263669,0.46272278,-0.13671875,0.05371094,0.00488281,-0.01464844,-0.01464844,-0.05859375,0.35705566,1.29392980,1.29623413,-0.02441406
18.26207685,6400,-2.36577924,-1.79365428,-2.32016762,-0.11215210,0.72928525,0.43907166,3.91997505,-1.74330027,-2.32016762,-0.11215222,0.72953893,0.43963094,-2.26011212,-1.77953990,-2.31978615,-0.11291504,0.74111081,0.46157837,-0.14648438,0.03906250,0.00488281,0.00000000,-0.08789062,-0.08789062,0.35705566,1.29394023,1.29623413,-0.04882812
18.27551389,6405,-2.36806806,-1.79365428,-2.32016762,-0.11215210,0.72928525,0.43830872,3.91729011,-1.74330027,-2.32016762,-0.11215214,0.72940744,0.43899247,-2.26201947,-1.77877696,-2.31978615,-0.11291504,0.73920346,0.45967102,-0.13671875,0.03417969,0.00488281,-0.01464844,-0.11718750,-0.17578125,0.35705566,1.29402177,1.29623413,-0.02441406
18.29113293,6410,-2.37073834,-1.79365428,-2.32016762,-0.11215210,0.72966672,0.43640137,3.91452664,-1.74330027,-2.32016762,-0.11215211,0.72955050,0.43782171,-2.26430829,-1.77801402,-2.31978615,-0.11291504,0.73729611,0.45661926,-0.15136719,0.04882812,0.00488281,-0.01464844,-0.11718750,-0.21972656,0.35743713,1.29412295,1.29623413,-0.02441406
18.30471087,6415,-2.37302716,-1.79365428,-2.32016762,-0.11177063,0.72966672,0.43411255,3.91194167,-1.74330027,-2.32016762,-0.11207581,0.72962864,0.43579916,-2.26621564,-1.77763255,-2.31978615,-0.11291504,0.73615170,0.45394897,-0.15625000,0.05371094,-0.00000000,-0.01464844,-0.07324219,-0.17578125,0.35743713,1.29415611,1.29623413,-0.04882812
18.31776214,6420,-2.37531598,-1.79365428,-2.32016762,-0.11177063,0.72966672,0.43106079,3.90974574,-1.74330027,-2.32016762,-0.11187063,0.72965424,0.43303778,-2.26774152,-1.77686961,-2.31978615,-0.11291504,0.73577023,0.45356750,-0.14160156,0.04394531,0.00488281,-0.01464844,-0.02929688,-0.07324219,0.35705566,1.29419017,1.29623413,0.00000000
18.33609438,6425,-2.37798627,-1.79365428,-2.32016762,-0.11177063,0.73004818,0.42915344,3.90737152,-1.74330027,-2.32016762,-0.11180340,0.72977017,0.43082714,-2.27041181,-1.77610667,-2.31978615,-0.11291504,0.73538876,0.45127869,-0.16113281,0.02929688,0.00488281,0.00000000,0.01464844,-0.11718750,0.35705566,1.29402555,1.29623413,-0.04882812
18.34904385,6430,-2.37951215,-1.79365428,-2.32016762,-0.11138916,0.73004818,0.42915344,3.90517605,-1.74330027,-2.32016762,-0.11159521,0.72995709,0.42970188,-2.27231915,-1.77534373,-2.31978615,-0.11291504,0.73538876,0.45013428,-0.15625000,0.04394531,0.00488281,-0.01464844,-0.00000000,-0.14648438,0.35705566,1.29397160,1.29623413,-0.02441406
18.36146569,6435,-2.38141950,-1.79365428,-2.32016762,-0.11138916,0.73004818,0.42915344,3.90333299,-1.74330027,-2.32016762,-0.11145668,0.73001833,0.42933315,-2.27384503,-1.77496226,-2.31978615,-0.11291504,0.73538876,0.44708252,-0.14160156,0.03906250,0.00976562,-0.01464844,0.01464844,-0.27832031,0.35705566,1.29395393,1.29623413,-0.02441406
18.37656546,6440,-2.38294537,-1.79365428,-2.32016762,-0.11138916,0.73004818,0.42915344,3.90152300,-1.74330027,-2.32016762,-0.11141128,0.72997737,0.42921233,-2.27613385,-1.77458079,-2.31978615,-0.11291504,0.73538876,0.44517517,-0.14648438,0.02441406,-0.00000000,-0.04394531,-0.00000000,-0.13183594,0.35705566,1.29394814,1.29585266,-0.02441406
18.39174056,6445,-2.38523419,-1.79365428,-2.32016762,-0.11100769,0.73004818,0.42915344,3.89949264,-1.74330027,-2.32016762,-0.11125908,0.72999373,0.42917274,-2.27842267,-1.77381785,-2.31978615,-0.11291504,0.73500729,0.44479370,-0.16113281,0.04394531,0.00488281,-0.01464844,-0.01464844,-0.01464844,0.35705566,1.29394624,1.29585266,-0.04882812
18.40504646,6450,-2.38637860,-1.79365428,-2.32016762,-0.11100769,0.73004818,0.42915344,3.89787629,-1.74330027,-2.32016762,-0.11109007,0.73003034,0.42915977,-2.27994855,-1.77343638,-2.31978615,-0.11291504,0.73462582,0.44479370,-0.14160156,0.02929688,0.00488281,0.00000000,-0.01464844,-0.02929688,0.35705566,1.29394562,1.29585266,-0.02441406
18.41815662,6455,-2.38752301,-1.79365428,-2.32016762,-0.11100769,0.73004818,0.42915344,3.89663826,-1.74330027,-2.32016762,-0.11103468,0.73004234,0.42915551,-2.28223737,-1.77267344,-2.31978615,-0.11291504,0.73386288,0.44403076,-0.13671875,0.02929688,0.00488281,-0.01464844,-0.04394531,-0.05859375,0.35705566,1.29394541,1.29585266,-0.02441406
18.43319845,6460,-2.38866742,-1.79365428,-2.32016762,-0.11100769,0.73004818,0.42915344,3.89558232,-1.74330027,-2.32016762,-0.11095550,0.73004627,0.42915412,-2.28452619,-1.77229197,-2.31978615,-0.11291504,0.73309994,0.44326782,-0.14648438,0.02929688,0.00976562,-0.01464844,-0.04394531,-0.07324219,0.35705566,1.29394535,1.29585266,-0.07324219
18.44747663,6465,-2.38981183,-1.79365428,-2.32016762,-0.11062622,0.73042965,0.42915344,3.89426915,-1.74330027,-2.32016762,-0.11076537,0.73027278,0.42915366,-2.28605206,-1.77152903,-2.31978615,-0.11291504,0.73271847,0.44174194,-0.13671875,0.04394531,-0.00000000,-0.02929688,-0.00000000,-0.11718750,0.35705566,1.29394532,1.29585266,-0.02441406
18.46119523,6470,-2.39133771,-1.79365428,-2.32016762,-0.11062622,0.73081112,0.42915344,3.89303269,-1.74330027,-2.32013637,-0.11067182,0.73060347,0.42915352,-2.28795941,-1.77114756,-2.31978615,-0.11291504,0.73271847,0.43983459,-0.13183594,0.03906250,0.00488281,-0.01464844,0.01464844,-0.10253906,0.35705566,1.29388282,1.29585266,-0.02441406
18.47403145,6475,-2.39210065,-1.79365428,-2.32016762,-0.11024475,0.73119259,0.42915344,3.89182455,-1.74323924,-2.32015738,-0.11041594,0.73096830,0.42915347,-2.28986676,-1.77076609,-2.31978615,-0.11291504,0.73271847,0.43983459,-0.14648438,0.01953125,0.00488281,-0.01464844,0.02929688,-0.02929688,0.35705566,1.29392483,1.29585266,-0.02441406
18.48983502,6480,-2.39286359,-1.79327281,-2.31978615,-0.11024475,0.73157406,0.42915344,3.89102559,-1.74302380,-2.31990780,-0.11030085,0.73134432,0.42915345,-2.29215558,-1.77000315,-2.31978615,-0.11253357,0.73271847,0.43945312,-0.15625000,0.03906250,0.00488281,0.00000000,0.01464844,-0.05859375,0.35667419,1.29378601,1.29547119,-0.04882812
18.50380325,6485,-2.39362653,-1.79327281,-2.31978615,-0.11024475,0.73195553,0.42915344,3.89028991,-1.74295321,-2.31982601,-0.11026313,0.73168494,0.42915344,-2.29406293,-1.76962168,-2.31978615,-0.11253357,0.73271847,0.43869019,-0.14648438,0.01953125,0.00488281,0.00000000,-0.00000000,-0.07324219,0.35705566,1.29379546,1.29547119,-0.02441406
18.51847625,6490,-2.39362653,-1.79327281,-2.31978615,-0.11024475,0.73271847,0.42915344,3.88979836,-1.74293008,-2.31979921,-0.11025077,0.73226066,0.42915344,-2.29597028,-1.76885874,-2.31978615,-0.11253357,0.73233700,0.43754578,-0.14160156,0.03417969,0.00488281,-0.01464844,-0.01464844,-0.07324219,0.35667419,1.29366550,1.29585266,0.00000000
18.53301716,6495,-2.39438947,-1.79327281,-2.31978615,-0.11024475,0.73348141,0.42915344,3.88930452,-1.74292250,-2.31979043,-0.11024672,0.73296226,0.42915344,-2.29787763,-1.76885874,-2.31978615,-0.11253357,0.73233700,0.43716431,-0.14160156,0.01953125,0.00488281,0.01464844,0.01464844,-0.02929688,0.35705566,1.29363390,1.29547119,-0.02441406
18.54549932,6500,-2.39515241,-1.79289134,-2.31978615,-0.11024475,0.73424435,0.42915344,3.88859998,-1.74266354,-2.31978755,-0.11031571,0.73364406,0.42915344,-2.29940350,-1.76809581,-2.31978615,-0.11253357,0.73233700,0.43678284,-0.12207031,0.03906250,0.00488281,0.00000000,0.01464844,-0.04394531,0.35705566,1.29364307,1.29547119,-0.02441406
18.56263638,6505,-2.39667828,-1.79212840,-2.31978615,-0.11024475,0.73500729,0.42915344,3.88747458,-1.74218489,-2.31978661,-0.11026800,0.73434916,0.42915344,-2.30169232,-1.76771434,-2.31978615,-0.11253357,0.73233700,0.43678284,-0.12207031,0.02441406,0.00976562,-0.01464844,0.02929688,-0.02929688,0.35705566,1.29367049,1.29547119,-0.02441406
18.57797503,6510,-2.39820416,-1.79136546,-2.31978615,-0.11024475,0.73577023,0.42915344,3.88607993,-1.74160739,-2.31978630,-0.11025237,0.73509315,0.42915344,-2.30359967,-1.76695140,-2.31978615,-0.11253357,0.73233700,0.43601990,-0.13183594,0.02441406,0.00976562,0.00000000,0.01464844,-0.04394531,0.35667419,1.29360502,1.29547119,-0.02441406
18.59191394,6515,-2.39858563,-1.79098399,-2.31978615,-0.11024475,0.73577023,0.42915344,3.88515504,-1.74106940,-2.31978620,-0.11018621,0.73554836,0.42915344,-2.30550702,-1.76656993,-2.31978615,-0.11253357,0.73233700,0.43601990,-0.13671875,0.02929688,0.00488281,-0.01464844,0.01464844,-0.02929688,0.35705566,1.29377130,1.29547119,-0.02441406
18.60774851,6520,-2.39934857,-1.78945811,-2.31978615,-0.11024475,0.73538876,0.42915344,3.88438786,-1.73996880,-2.31978617,-0.11022557,0.73544106,0.42915344,-2.30741437,-1.76618846,-2.31978615,-0.11253357,0.73271847,0.43525696,-0.13183594,0.03906250,0.00488281,-0.02929688,0.01464844,-0.05859375,0.35705566,1.29381017,1.29508972,-0.04882812
18.62218928,6525,-2.40011151,-1.78831370,-2.31978615,-0.11024475,0.73538876,0.42915344,3.88360595,-1.73875085,-2.31978616,-0.11023847,0.73540590,0.42915344,-2.30894025,-1.76580699,-2.31978615,-0.11253357,0.73271847,0.43449402,-0.13671875,0.01464844,0.00488281,-0.01464844,0.01464844,-0.07324219,0.35667419,1.29354825,1.29508972,-0.02441406
18.63525033,6530,-2.40087445,-1.78755076,-2.31978615,-0.11024475,0.73538876,0.42915344,3.88280554,-1.73777632,-2.31978615,-0.11024269,0.73539438,0.42915344,-2.31084760,-1.76542552,-2.31978615,-0.11215210,0.73271847,0.43334961,-0.12207031,0.02929688,0.00488281,0.00000000,0.04394531,-0.08789062,0.35705566,1.29357692,1.29508972,0.00000000
18.64891410,6535,-2.40278180,-1.78640635,-2.31978615,-0.11024475,0.73500729,0.42915344,3.88159149,-1.73682868,-2.31978615,-0.11024408,0.73513413,0.42915344,-2.31237348,-1.76504405,-2.31978615,-0.11215210,0.73309994,0.43334961,-0.12207031,0.01953125,0.00488281,0.00000000,0.02929688,-0.02929688,0.35705566,1.29376210,1.29508972,-0.02441406
18.66600037,6540,-2.40430768,-1.78411753,-2.31978615,-0.10986328,0.73500729,0.42915344,3.88007550,-1.73525669,-2.31978615,-0.11010720,0.73504885,0.42915344,-2.31428082,-1.76466258,-2.31978615,-0.11215210,0.73309994,0.43296814,-0.11718750,0.02929688,0.00488281,-0.01464844,0.01464844,-0.02929688,0.35705566,1.29388528,1.29470825,-0.04882812
18.68115020,6545,-2.40507062,-1.78221019,-2.31978615,-0.10948181,0.73462582,0.42915344,3.87882752,-1.73334009,-2.31978615,-0.10980588,0.73494462,0.42915344,-2.31618817,-1.76389964,-2.31978615,-0.11215210,0.73309994,0.43258667,-0.13183594,0.02441406,0.00488281,-0.01464844,0.02929688,-0.02929688,0.35705566,1.29392564,1.29470825,-0.02441406
18.69394875,6550,-2.40507062,-1.78182872,-2.31978615,-0.10986328,0.73462582,0.42915344,3.87834827,-1.73215627,-2.31978615,-0.10977416,0.73473028,0.42915344,-2.31771405,-1.76351817,-2.31978615,-0.11177063,0.73309994,0.43258667,-0.13183594,0.03906250,-0.00000000,0.01464844,0.01464844,-0.02929688,0.35705566,1.29393887,1.29470825,-0.04882812
18.71043611,6555,-2.40545209,-1.77992137,-2.31978615,-0.10986328,0.73386288,0.42915344,3.87811493,-1.73073650,-2.31978615,-0.10983408,0.73421743,0.42915344,-2.31962140,-1.76275523,-2.31978615,-0.11177063,0.73309994,0.43182373,-0.12207031,0.02929688,0.00976562,0.00000000,0.02929688,-0.04394531,0.35705566,1.29394320,1.29470825,-0.02441406
18.72573066,6560,-2.40545209,-1.77801402,-2.31978615,-0.10986328,0.73386288,0.42915344,3.87785830,-1.72892007,-2.31978615,-0.10985371,0.73397906,0.42915344,-2.32152875,-1.76199229,-2.31978615,-0.11177063,0.73348141,0.42991638,-0.11230469,0.04394531,-0.00000000,-0.01464844,0.02929688,-0.16113281,0.35705566,1.29394462,1.29470825,-0.02441406
18.73772264,6565,-2.40583356,-1.77648814,-2.31978615,-0.10986328,0.73386288,0.42915344,3.87754899,-1.72732877,-2.31978615,-0.10986015,0.73390095,0.42915344,-2.32305463,-1.76122935,-2.31978615,-0.11177063,0.73348141,0.42915344,-0.12207031,0.03417969,0.00488281,-0.01464844,0.02929688,-0.04394531,0.35705566,1.29404274,1.29470825,-0.04882812
18.75287151,6570,-2.40621503,-1.77572520,-2.31978615,-0.10986328,0.73386288,0.42915344,3.87727905,-1.72616304,-2.31978615,-0.10986225,0.73387536,0.42915344,-2.32458051,-1.76084788,-2.31978615,-0.11177063,0.73309994,0.42915344,-0.12695312,0.04394531,0.00488281,-0.01464844,0.01464844,-0.01464844,0.35705566,1.29403974,1.29432678,-0.02441406
18.76536322,6575,-2.40621503,-1.77458079,-2.31978615,-0.10986328,0.73348141,0.42915344,3.87707146,-1.72511175,-2.31978615,-0.10986294,0.73364956,0.42915344,-2.32610639,-1.76008494,-2.31978615,-0.11138916,0.73348141,0.42915344,-0.11230469,0.03906250,0.00488281,0.01464844,-0.00000000,-0.01464844,0.35705566,1.29407391,1.29432678,-0.02441406
18.78047895,6580,-2.40659650,-1.77305491,-2.31978615,-0.10986328,0.73309994,0.42915344,3.87674696,-1.72377263,-2.31978615,-0.10986317,0.73346022,0.42921448,-2.32725079,-1.75970347,-2.31978615,-0.11100769,0.73348141,0.42915344,-0.10742188,0.03417969,0.00488281,0.02929688,-0.00000000,-0.02929688,0.35705566,1.29398745,1.29432678,-0.04882812
18.79638529,6585,-2.40659650,-1.77152903,-2.31978615,-0.10986328,0.73309994,0.42915344,3.87664063,-1.72230795,-2.31978615,-0.10986325,0.73321800,0.42917344,-2.32915814,-1.75894053,-2.31978615,-0.10948181,0.73309994,0.42915344,-0.12695312,0.03906250,0.00488281,0.07324219,0.01464844,0.00000000,0.35743713,1.29411171,1.29394531,-0.02441406
18.80861664,6590,-2.40659650,-1.77076609,-2.31978615,-0.10986328,0.73309994,0.42915344,3.87660579,-1.72115247,-2.31978615,-0.10986327,0.73326997,0.42916000,-2.33030255,-1.75817759,-2.31978615,-0.10910034,0.73348141,0.42915344,-0.10742188,0.03417969,0.00488281,0.00000000,0.02929688,-0.01464844,0.35705566,1.29399984,1.29394531,-0.02441406
18.82120872,6595,-2.40659650,-1.77000315,-2.31978615,-0.10986328,0.73309994,0.42915344,3.87659437,-1.72039224,-2.31978615,-0.10986328,0.73315566,0.42915559,-2.33182843,-1.75779612,-2.31978615,-0.10910034,0.73348141,0.42915344,-0.10253906,0.03906250,0.00488281,-0.02929688,0.01464844,-0.01464844,0.35705566,1.29396318,1.29394531,-0.02441406
18.83498240,6600,-2.40659650,-1.76885874,-2.31978615,-0.10986328,0.73309994,0.42915344,3.87659063,-1.71937373,-2.31978615,-0.10986328,0.73311820,0.42918540,-2.33335431,-1.75665171,-2.31978615,-0.10910034,0.73348141,0.42915344,-0.12695312,0.06347656,0.00976562,-0.01464844,-0.00000000,-0.01464844,0.35743713,1.29410375,1.29394531,-0.02441406
18.84890342,6605,-2.40659650,-1.76809581,-2.31978615,-0.10986328,0.73309994,0.42915344,3.87658941,-1.71851483,-2.31978615,-0.10986328,0.73310593,0.42916391,-2.33449872,-1.75588877,-2.31978615,-0.10910034,0.73348141,0.42915344,-0.10742188,0.05859375,0.00488281,-0.01464844,0.02929688,-0.01464844,0.35705566,1.29409489,1.29394531,-0.02441406
18.86660647,6610,-2.40659650,-1.76733287,-2.31978615,-0.10986328,0.73309994,0.42915344,3.87658901,-1.71763256,-2.31978615,-0.10986328,0.73315073,0.42915687,-2.33640607,-1.75512583,-2.31978615,-0.10910034,0.73348141,0.42915344,-0.10253906,0.05371094,-0.00000000,-0.02929688,0.01464844,-0.01464844,0.35705566,1.29399433,1.29394531,-0.02441406
18.88054967,6615,-2.40659650,-1.76695140,-2.31978615,-0.10986328,0.73309994,0.42915344,3.87658887,-1.71705574,-2.31978615,-0.10986328,0.73311659,0.42924246,-2.33793195,-1.75436290,-2.31978615,-0.10910034,0.73348141,0.42915344,-0.11718750,0.03906250,0.00488281,-0.01464844,0.01464844,-0.01464844,0.35705566,1.29396137,1.29394531,0.00000000
18.89541245,6620,-2.40659650,-1.76580699,-2.31978615,-0.10986328,0.73348141,0.42953491,3.87658883,-1.71630874,-2.31978615,-0.10986328,0.73329155,0.42929015,-2.33945783,-1.75359996,-2.31978615,-0.10948181,0.73348141,0.42915344,-0.09277344,0.02929688,0.00488281,-0.02929688,0.01464844,-0.01464844,0.35667419,1.29379799,1.29394531,-0.02441406
18.90898013,6625,-2.40659650,-1.76504405,-2.31978615,-0.10986328,0.73348141,0.42915344,3.87658882,-1.71532202,-2.31978615,-0.10986328,0.73341920,0.42919824,-2.34022077,-1.75321849,-2.31978615,-0.10948181,0.73348141,0.42915344,-0.07812500,0.05371094,0.00488281,-0.02929688,0.01464844,-0.01464844,0.35705566,1.29389704,1.29356384,-0.02441406
18.92354918,6630,-2.40659650,-1.76466258,-2.31978615,-0.10986328,0.73386288,0.42915344,3.87658881,-1.71467191,-2.31978615,-0.10986328,0.73359836,0.42916812,-2.34136517,-1.75283702,-2.31978615,-0.10910034,0.73348141,0.42915344,-0.09277344,0.02441406,0.00488281,-0.01464844,0.01464844,-0.01464844,0.35667419,1.29371441,1.29356384,-0.02441406
18.93892574,6635,-2.40659650,-1.76351817,-2.31978615,-0.10986328,0.73386288,0.42915344,3.87658881,-1.71390871,-2.31978615,-0.10986328,0.73377620,0.42915825,-2.34289105,-1.75207408,-2.31978615,-0.10910034,0.73348141,0.42915344,-0.09277344,0.04394531,0.00488281,0.00000000,0.02929688,-0.01464844,0.35705566,1.29386965,1.29356384,-0.02441406
18.95216322,6640,-2.40659650,-1.76237376,-2.31978615,-0.10986328,0.73386288,0.42953491,3.87658881,-1.71296929,-2.31978615,-0.10986328,0.73383448,0.42927038,-2.34403546,-1.75131114,-2.31978615,-0.10948181,0.73348141,0.42915344,-0.10253906,0.04882812,-0.00000000,-0.02929688,-0.00000000,-0.02929688,0.35705566,1.29392052,1.29356384,-0.04882812
18.96697283,6645,-2.40659650,-1.76122935,-2.31978615,-0.10986328,0.73386288,0.42915344,3.87658881,-1.71180417,-2.31978615,-0.10986328,0.73385358,0.42919176,-2.34517987,-1.75054820,-2.31978615,-0.10910034,0.73348141,0.42915344,-0.07324219,0.05371094,0.00488281,-0.01464844,0.01464844,-0.01464844,0.35705566,1.29393719,1.29356384,-0.04882812
18.97902703,6650,-2.40659650,-1.76046641,-2.31978615,-0.10986328,0.73348141,0.42915344,3.87658881,-1.71081715,-2.31978615,-0.10986328,0.73364243,0.42920506,-2.34632428,-1.74978526,-2.31978615,-0.10948181,0.73348141,0.42915344,-0.09277344,0.03906250,0.00488281,-0.02929688,0.02929688,-0.01464844,0.35705566,1.29394265,1.29356384,0.00000000
18.99309921,6655,-2.40659650,-1.75932200,-2.31978615,-0.10986328,0.73348141,0.42915344,3.87658881,-1.70972432,-2.31978615,-0.10986328,0.73353417,0.42928950,-2.34746869,-1.74864085,-2.31978615,-0.10948181,0.73348141,0.42915344,-0.07812500,0.07324219,0.00488281,0.00000000,-0.00000000,-0.01464844,0.35705566,1.29394444,1.29356384,-0.02441406
19.00576377,6660,-2.40659650,-1.75779612,-2.31978615,-0.10986328,0.73309994,0.42953491,3.87658881,-1.70841065,-2.31978615,-0.10986328,0.73331254,0.42945449,-2.34861310,-1.74825938,-2.31978615,-0.10948181,0.73348141,0.42915344,-0.10253906,0.03906250,0.00488281,-0.01464844,0.01464844,-0.01464844,0.35705566,1.29394503,1.29356384,-0.02441406
19.02104235,6665,-2.40659650,-1.75588877,-2.31978615,-0.10986328,0.73271847,0.42953491,3.87658881,-1.70675888,-2.31978615,-0.10986328,0.73309331,0.42947731,-2.34975751,-1.74749644,-2.31978615,-0.10948181,0.73348141,0.42915344,-0.07812500,0.06835938,0.00488281,-0.01464844,-0.00000000,-0.02929688,0.35705566,1.29394522,1.29318237,-0.02441406
19.03383350,6670,-2.40659650,-1.75474436,-2.31978615,-0.10986328,0.73271847,0.42953491,3.87658881,-1.70535593,-2.31978615,-0.10986328,0.73284130,0.42939690,-2.35090192,-1.74635203,-2.31978615,-0.10948181,0.73348141,0.42915344,-0.07812500,0.04882812,0.00488281,-0.01464844,0.01464844,-0.01464844,0.35705566,1.29382321,1.29356384,-0.02441406
19.04899073,6675,-2.40659650,-1.75321849,-2.31978615,-0.10986328,0.73195553,0.42953491,3.87658881,-1.70396262,-2.31978615,-0.10986328,0.73236492,0.42939740,-2.35166486,-1.74597056,-2.31978615,-0.10948181,0.73348141,0.42915344,-0.07324219,0.03906250,0.00488281,-0.01464844,0.01464844,-0.02929688,0.35705566,1.29390530,1.29356384,0.00000000
19.06029677,6680,-2.40659650,-1.75131114,-2.31978615,-0.10986328,0.73195553,0.42953491,3.87658881,-1.70249178,-2.31978615,-0.10986328,0.73202865,0.42945860,-2.35280927,-1.74520762,-2.31978615,-0.10948181,0.73348141,0.42915344,-0.07324219,0.05859375,0.00488281,0.00000000,0.01464844,-0.02929688,0.35705566,1.29393220,1.29356384,-0.04882812
19.07583380,6685,-2.40659650,-1.74940379,-2.31978615,-0.10986328,0.73119259,0.42953491,3.87658881,-1.70050969,-2.31978615,-0.10986328,0.73158569,0.42950991,-2.35395368,-1.74444468,-2.31978615,-0.10948181,0.73348141,0.42915344,-0.07324219,0.04882812,0.00488281,-0.01464844,0.02929688,-0.01464844,0.35705566,1.29394102,1.29356384,-0.02441406
19.08893943,6690,-2.40659650,-1.74787791,-2.31978615,-0.10986328,0.73004818,0.42953491,3.87658881,-1.69878403,-2.31978615,-0.10986328,0.73088256,0.42952672,-2.35471661,-1.74368174,-2.31978615,-0.10948181,0.73348141,0.42915344,-0.08789062,0.06835938,0.00488281,-0.01464844,0.01464844,0.00000000,0.35705566,1.29406598,1.29356384,-0.02441406
19.10254622,6695,-2.40659650,-1.74673350,-2.31978615,-0.10986328,0.72852231,0.42915344,3.87658881,-1.69749798,-2.31978615,-0.10986328,0.72957745,0.42939490,-2.35547955,-1.74291880,-2.31978615,-0.10948181,0.73348141,0.42915344,-0.07324219,0.07324219,0.00488281,-0.01464844,0.02929688,0.00000000,0.35705566,1.29398485,1.29356384,0.00000000
19.11688375,6700,-2.40659650,-1.74482615,-2.31978615,-0.10986328,0.72737790,0.42915344,3.87658881,-1.69577225,-2.31978615,-0.10986328,0.72828810,0.42935170,-2.35662396,-1.74177439,-2.31978615,-0.10948181,0.73348141,0.42915344,-0.09277344,0.06835938,-0.00000000,-0.04394531,-0.00000000,-0.01464844,0.35705566,1.29409889,1.29318237,-0.02441406
19.13099003,6705,-2.40659650,-1.74215586,-2.31978615,-0.10986328,0.72547055,0.42953491,3.87658881,-1.69361313,-2.31978615,-0.10986328,0.72683375,0.42947488,-2.35776837,-1.74062998,-2.31978615,-0.10948181,0.73348141,0.42915344,-0.06835938,0.07812500,0.00488281,0.00000000,0.02929688,-0.01464844,0.35705566,1.29409329,1.29356384,-0.02441406
19.14596915,6710,-2.40659650,-1.74062998,-2.31978615,-0.10986328,0.72470761,0.42953491,3.87658881,-1.69170006,-2.31978615,-0.10986328,0.72543555,0.42951524,-2.35853131,-1.73986705,-2.31978615,-0.10948181,0.73309994,0.42915344,-0.07812500,0.06347656,0.00488281,-0.02929688,0.01464844,-0.01464844,0.35743713,1.29436612,1.29356384,0.00000000
19.16066504,6715,-2.40659650,-1.73834117,-2.31978615,-0.10986328,0.72470761,0.42953491,3.87658881,-1.68985517,-2.31978615,-0.10986328,0.72494614,0.42947964,-2.35967572,-1.73872264,-2.31978615,-0.10948181,0.73309994,0.42915344,-0.07812500,0.06347656,0.00488281,0.00000000,0.01464844,-0.01464844,0.35743713,1.29459614,1.29318237,-0.04882812
19.17518711,6720,-2.40659650,-1.73643382,-2.31978615,-0.10986328,0.72394467,0.42953491,3.87658881,-1.68771780,-2.31978615,-0.10986328,0.72452332,0.42941670,-2.36043866,-1.73795970,-2.31978615,-0.10948181,0.73271847,0.42915344,-0.06835938,0.05859375,0.00488281,-0.01464844,-0.01464844,-0.01464844,0.35743713,1.29467152,1.29356384,-0.02441406
19.18798709,6725,-2.40659650,-1.73528941,-2.31978615,-0.10986328,0.72203732,0.42953491,3.87658881,-1.68608542,-2.31978615,-0.10986328,0.72338953,0.42946493,-2.36158307,-1.73719676,-2.31978615,-0.10948181,0.73233700,0.42915344,-0.08300781,0.05859375,0.00488281,-0.01464844,-0.00000000,0.00000000,0.35743713,1.29469621,1.29318237,-0.04882812
19.20190907,6730,-2.40659650,-1.73376353,-2.31978615,-0.10986328,0.72051144,0.42953491,3.87658881,-1.68461693,-2.31978615,-0.10986328,0.72182416,0.42951198,-2.36234601,-1.73643382,-2.31978615,-0.10948181,0.73195553,0.42915344,-0.06835938,0.04882812,0.00488281,-0.02929688,-0.01464844,-0.01464844,0.35743713,1.29470431,1.29356384,0.00000000
19.21725917,6735,-2.40659650,-1.73185618,-2.31978615,-0.10986328,0.71822262,0.42915344,3.87658881,-1.68302380,-2.31978615,-0.10986328,0.71997406,0.42941204,-2.36310895,-1.73528941,-2.31978615,-0.10986328,0.73119259,0.42915344,-0.07812500,0.06347656,0.00488281,-0.01464844,-0.05859375,-0.01464844,0.35743713,1.29470696,1.29318237,-0.02441406
19.23186016,6740,-2.40659650,-1.73033030,-2.31978615,-0.10986328,0.71593381,0.42953491,3.87658881,-1.68125664,-2.31978615,-0.10986328,0.71757071,0.42949465,-2.36425336,-1.73452647,-2.31978615,-0.10948181,0.72966672,0.42915344,-0.06835938,0.06835938,0.00488281,0.00000000,-0.08789062,-0.01464844,0.35743713,1.29462970,1.29318237,0.00000000
19.24800372,6745,-2.40659650,-1.72918589,-2.31978615,-0.10986328,0.71478940,0.42953491,3.87658881,-1.67981588,-2.31978615,-0.10986328,0.71600009,0.42945141,-2.36463483,-1.73338206,-2.31978615,-0.10986328,0.72775937,0.42915344,-0.05371094,0.06835938,0.00488281,-0.02929688,-0.08789062,-0.01464844,0.35743713,1.29468251,1.29356384,-0.02441406
19.26270795,6750,-2.40659650,-1.72766001,-2.31978615,-0.10986328,0.71440793,0.42953491,3.87658881,-1.67827884,-2.31978615,-0.10971436,0.71496090,0.42946849,-2.36577924,-1.73223765,-2.31978615,-0.10986328,0.72661496,0.42915344,-0.07324219,0.08300781,0.00488281,-0.01464844,-0.05859375,-0.01464844,0.35743713,1.29469982,1.29356384,0.00000000
19.27640367,6755,-2.40659650,-1.72575267,-2.31978615,-0.10986328,0.71364499,0.42915344,3.87658881,-1.67677310,-2.31978615,-0.10981448,0.71419532,0.42933675,-2.36654218,-1.73109324,-2.31978615,-0.10986328,0.72508908,0.42915344,-0.04394531,0.04394531,0.00488281,-0.01464844,-0.05859375,-0.01464844,0.35743713,1.29470549,1.29318237,-0.02441406
19.29049301,6760,-2.40659650,-1.72498973,-2.31978615,-0.10986328,0.71288205,0.42915344,3.87658881,-1.67552555,-2.31978615,-0.10984729,0.71343152,0.42927455,-2.36730512,-1.73033030,-2.31978615,-0.10948181,0.72508908,0.42915344,-0.05371094,0.07812500,0.00488281,-0.01464844,-0.00000000,0.00000000,0.35743713,1.29470735,1.29318237,-0.02441406
19.30851126,6765,-2.40659650,-1.72308238,-2.31978615,-0.10948181,0.71211911,0.42915344,3.87658881,-1.67404583,-2.31978615,-0.10975050,0.71279965,0.42922438,-2.36806806,-1.72918589,-2.31978615,-0.10948181,0.72508908,0.42915344,-0.05859375,0.05371094,0.00488281,-0.01464844,0.01464844,0.00000000,0.35743713,1.29470796,1.29356384,-0.02441406
19.32326412,6770,-2.40659650,-1.72193797,-2.31978615,-0.10986328,0.71173764,0.42953491,3.87658881,-1.67264116,-2.31978615,-0.10977750,0.71226581,0.42937212,-2.36883099,-1.72766001,-2.31978615,-0.10986328,0.72470761,0.42915344,-0.03906250,0.07324219,0.00488281,-0.04394531,-0.00000000,-0.01464844,0.35743713,1.29470815,1.29318237,-0.04882812
19.33832240,6775,-2.40659650,-1.72117503,-2.31978615,-0.10948181,0.71097470,0.42915344,3.87658881,-1.67148776,-2.31978615,-0.10957870,0.71164826,0.42940527,-2.36997540,-1.72689707,-2.31978615,-0.10986328,0.72432614,0.42915344,-0.07812500,0.07812500,0.00488281,-0.02929688,-0.00000000,-0.02929688,0.35743713,1.29470822,1.29356384,-0.02441406
19.35397577,6780,-2.40659650,-1.72003062,-2.31978615,-0.10948181,0.71059323,0.42953491,3.87658881,-1.67052058,-2.31978615,-0.10951356,0.71100925,0.42943140,-2.37073834,-1.72575267,-2.31978615,-0.10948181,0.72356320,0.42915344,-0.04394531,0.06347656,0.00976562,-0.02929688,-0.04394531,-0.02929688,0.35743713,1.29464574,1.29318237,-0.04882812
19.36783981,6785,-2.40659650,-1.71888621,-2.31978615,-0.10948181,0.71059323,0.42915344,3.87658881,-1.66928532,-2.31978615,-0.10944339,0.71072955,0.42933241,-2.37111981,-1.72460826,-2.31978615,-0.10986328,0.72203732,0.42915344,-0.04394531,0.06835938,0.00488281,-0.02929688,-0.10253906,-0.02929688,0.35705566,1.29441311,1.29318237,-0.02441406
19.38319421,6790,-2.40659650,-1.71736033,-2.31978615,-0.10948181,0.71021176,0.42915344,3.87658881,-1.66812274,-2.31978615,-0.10946922,0.71038143,0.42939226,-2.37226422,-1.72384532,-2.31978615,-0.10986328,0.72051144,0.42915344,-0.06347656,0.05371094,0.00488281,0.00000000,-0.08789062,-0.01464844,0.35743713,1.29461154,1.29356384,0.00000000
19.39643693,6795,-2.40659650,-1.71659739,-2.31978615,-0.10910034,0.71021176,0.42953491,3.87658881,-1.66704867,-2.31978615,-0.10925247,0.71026736,0.42945692,-2.37264569,-1.72270091,-2.31978615,-0.10986328,0.71974850,0.42915344,-0.03906250,0.08789062,0.00488281,-0.01464844,-0.07324219,0.00000000,0.35743713,1.29467656,1.29356384,-0.02441406
19.40978384,6800,-2.40659650,-1.71583445,-2.31978615,-0.10910034,0.71021176,0.42915344,3.87658881,-1.66624481,-2.31978615,-0.10915019,0.71022998,0.42937203,-2.37302716,-1.72155650,-2.31978615,-0.10986328,0.71898556,0.42915344,-0.04394531,0.06347656,0.00488281,-0.01464844,-0.05859375,-0.01464844,0.35743713,1.29463537,1.29356384,-0.02441406
19.42420506,6805,-2.40659650,-1.71469004,-2.31978615,-0.10910034,0.70983029,0.42915344,3.87658881,-1.66521199,-2.31978615,-0.10906785,0.71000032,0.42936618,-2.37379010,-1.72041209,-2.31978615,-0.10986328,0.71860409,0.42915344,-0.04882812,0.08789062,-0.00000000,0.00000000,-0.00000000,0.00000000,0.35743713,1.29468437,1.29318237,-0.02441406
19.44024634,6810,-2.40659650,-1.71392710,-2.31978615,-0.10910034,0.70983029,0.42915344,3.87658881,-1.66426052,-2.31978615,-0.10908969,0.70988601,0.42930323,-2.37455304,-1.71926768,-2.31978615,-0.10948181,0.71860409,0.42915344,-0.03906250,0.08300781,0.00488281,0.00000000,0.01464844,0.00000000,0.35743713,1.29470043,1.29318237,-0.04882812
19.45324326,6815,-2.40659650,-1.71278269,-2.31978615,-0.10871887,0.70983029,0.42915344,3.87658881,-1.66335951,-2.31978615,-0.10884038,0.70984855,0.42938270,-2.37493451,-1.71850474,-2.31978615,-0.10986328,0.71860409,0.42915344,-0.04882812,0.06347656,-0.00000000,-0.04394531,0.01464844,-0.02929688,0.35743713,1.29470569,1.29318237,0.00000000
19.46904755,6820,-2.40659650,-1.71201976,-2.31978615,-0.10871887,0.70983029,0.42915344,3.87658881,-1.66237115,-2.31978615,-0.10878994,0.70979721,0.42927739,-2.37607892,-1.71697886,-2.31978615,-0.10986328,0.71822262,0.42915344,-0.05859375,0.07812500,-0.00000000,0.00000000,-0.00000000,-0.01464844,0.35743713,1.29470741,1.29356384,-0.02441406
19.48303533,6825,-2.40659650,-1.71087535,-2.31978615,-0.10871887,0.70983029,0.42915344,3.87658881,-1.66127788,-2.31978615,-0.10877341,0.70981945,0.42925509,-2.37646039,-1.71621592,-2.31978615,-0.10986328,0.71784115,0.42915344,-0.04882812,0.04882812,0.00488281,0.00000000,-0.02929688,-0.01464844,0.35743713,1.29470798,1.29356384,-0.02441406
19.49817824,6830,-2.40659650,-1.71011241,-2.31978615,-0.10871887,0.70983029,0.42915344,3.87658881,-1.66040670,-2.31978615,-0.10873674,0.70982674,0.42924779,-2.37722333,-1.71507151,-2.31978615,-0.10986328,0.71745968,0.42915344,-0.02929688,0.06347656,0.00488281,-0.01464844,-0.02929688,-0.01464844,0.35743713,1.29470816,1.29356384,-0.04882812
19.51157880,6835,-2.40659650,-1.70934947,-2.31978615,-0.10871887,0.70944882,0.42915344,3.87658881,-1.65966932,-2.31978615,-0.10872473,0.70960391,0.42923319,-2.37760480,-1.71430857,-2.31978615,-0.10986328,0.71707821,0.42915344,-0.03906250,0.05859375,0.00488281,0.00000000,-0.01464844,-0.01464844,0.35743713,1.29470822,1.29356384,-0.04882812
19.52279282,6840,-2.40659650,-1.70858653,-2.31978615,-0.10871887,0.70906735,0.42915344,3.87658881,-1.65882247,-2.31978615,-0.10872079,0.70927442,0.42921082,-2.37836774,-1.71354563,-2.31978615,-0.10986328,0.71669674,0.42915344,-0.05859375,0.06347656,0.00488281,0.00000000,-0.01464844,-0.01464844,0.35743713,1.29470824,1.29356384,-0.02441406
19.53762603,6845,-2.40659650,-1.70820506,-2.31978615,-0.10871887,0.70830441,0.42915344,3.87658881,-1.65820062,-2.31978615,-0.10871950,0.70874140,0.42917224,-2.37874921,-1.71240123,-2.31978615,-0.10986328,0.71631527,0.42915344,-0.03906250,0.07324219,0.00488281,-0.02929688,-0.01464844,0.00000000,0.35743713,1.29470825,1.29356384,-0.02441406
19.55043006,6850,-2.40659650,-1.70706065,-2.31978615,-0.10871887,0.70754147,0.42915344,3.87658881,-1.65744668,-2.31978615,-0.10871908,0.70805381,0.42919867,-2.37913068,-1.71125682,-2.31978615,-0.10986328,0.71593381,0.42915344,-0.02929688,0.07812500,0.00488281,-0.01464844,-0.01464844,-0.01464844,0.35743713,1.29470825,1.29356384,-0.02441406
19.56522393,6855,-2.40659650,-1.70629771,-2.31978615,-0.10871887,0.70716000,0.42915344,3.87658881,-1.65664763,-2.31978615,-0.10871894,0.70763306,0.42916826,-2.37951215,-1.71011241,-2.31978615,-0.10986328,0.71517087,0.42915344,-0.03417969,0.06835938,0.00488281,-0.02929688,-0.04394531,-0.01464844,0.35743713,1.29470825,1.29318237,-0.02441406
19.57905698,6860,-2.40659650,-1.70553477,-2.31978615,-0.10871887,0.70716000,0.42915344,3.87658881,-1.65591191,-2.31978615,-0.10871889,0.70731501,0.42918955,-2.38027509,-1.70896800,-2.31978615,-0.10948181,0.71402646,0.42915344,-0.03417969,0.05371094,-0.00000000,0.00000000,-0.07324219,-0.01464844,0.35743713,1.29463013,1.29356384,0.00000000
19.59455156,6865,-2.40659650,-1.70553477,-2.31978615,-0.10871887,0.70677853,0.42915344,3.87658881,-1.65542035,-2.31978615,-0.10871888,0.70707347,0.42916527,-2.38065656,-1.70782359,-2.31978615,-0.10986328,0.71288205,0.42915344,-0.05371094,0.08300781,0.00488281,-0.02929688,-0.08789062,-0.01464844,0.35743713,1.29468265,1.29318237,0.00000000
19.61218119,6870,-2.40659650,-1.70477183,-2.31978615,-0.10871887,0.70677853,0.42915344,3.87658881,-1.65495776,-2.31978615,-0.10871887,0.70687518,0.42915732,-2.38141950,-1.70706065,-2.31978615,-0.10948181,0.71173764,0.42915344,-0.03906250,0.04882812,0.00488281,-0.02929688,-0.04394531,0.00000000,0.35743713,1.29469986,1.29356384,-0.02441406
19.62667823,6875,-2.40659650,-1.70400889,-2.31978615,-0.10871887,0.70639706,0.42915344,3.87658881,-1.65420095,-2.31978615,-0.10871887,0.70655373,0.42915471,-2.38180097,-1.70553477,-2.31978615,-0.10986328,0.71059323,0.42915344,-0.02929688,0.07324219,0.00976562,-0.02929688,-0.04394531,0.00000000,0.35743713,1.29470550,1.29318237,-0.04882812
19.64104033,6880,-2.40659650,-1.70400889,-2.31978615,-0.10871887,0.70639706,0.42915344,3.87658881,-1.65383382,-2.31978615,-0.10871887,0.70644840,0.42915386,-2.38256390,-1.70439036,-2.31978615,-0.10948181,0.71059323,0.42915344,-0.04882812,0.07324219,0.00488281,-0.01464844,-0.00000000,-0.01464844,0.35743713,1.29470735,1.29356384,-0.02441406
19.65554404,6885,-2.40659650,-1.70362742,-2.31978615,-0.10871887,0.70639706,0.42915344,3.87658881,-1.65363723,-2.31978615,-0.10871887,0.70641388,0.42915358,-2.38294537,-1.70362742,-2.31978615,-0.10948181,0.71059323,0.42877197,-0.03906250,0.06347656,0.00488281,0.00000000,0.01464844,-0.02929688,0.35743713,1.29470796,1.29356384,0.00000000
19.66841173,6890,-2.40659650,-1.70362742,-2.31978615,-0.10871887,0.70639706,0.42915344,3.87658881,-1.65339263,-2.31978615,-0.10871887,0.70640257,0.42915349,-2.38332684,-1.70286448,-2.31978615,-0.10948181,0.71059323,0.42915344,-0.04394531,0.06347656,0.00488281,-0.01464844,-0.00000000,-0.01464844,0.35743713,1.29470816,1.29318237,-0.07324219
19.68035984,6895,-2.40659650,-1.70362742,-2.31978615,-0.10871887,0.70639706,0.42915344,3.87658881,-1.65331248,-2.31978615,-0.10871887,0.70639887,0.42915346,-2.38370831,-1.70172007,-2.31978615,-0.10948181,0.71059323,0.42915344,-0.02441406,0.06347656,0.00488281,-0.01464844,0.02929688,-0.01464844,0.35743713,1.29470822,1.29318237,-0.02441406
19.69721389,6900,-2.40659650,-1.70362742,-2.31978615,-0.10871887,0.70639706,0.42915344,3.87658881,-1.65328622,-2.31978615,-0.10871887,0.70639765,0.42915345,-2.38408978,-1.70095713,-2.31978615,-0.10986328,0.71059323,0.42915344,-0.02929688,0.05859375,0.00488281,-0.02929688,-0.00000000,-0.01464844,0.35743713,1.29470824,1.29318237,-0.02441406
19.71244597,6905,-2.40659650,-1.70362742,-2.31978615,-0.10871887,0.70639706,0.42915344,3.87658881,-1.65327761,-2.31978615,-0.10871887,0.70639726,0.42915344,-2.38485272,-1.70019419,-2.31978615,-0.10948181,0.71021176,0.42915344,-0.05371094,0.05371094,0.00488281,-0.02929688,-0.01464844,-0.01464844,0.35743713,1.29470825,1.29318237,-0.02441406
19.72482824,6910,-2.40659650,-1.70362742,-2.31978615,-0.10871887,0.70639706,0.42915344,3.87658881,-1.65327479,-2.31978615,-0.10871887,0.70639713,0.42915344,-2.38523419,-1.69943125,-2.31978615,-0.10986328,0.70983029,0.42915344,-0.03417969,0.03906250,0.00488281,-0.01464844,-0.00000000,-0.01464844,0.35743713,1.29470825,1.29356384,-0.02441406
19.74052334,6915,-2.40659650,-1.70362742,-2.31978615,-0.10871887,0.70639706,0.42915344,3.87658881,-1.65327387,-2.31978615,-0.10871887,0.70639708,0.42915344,-2.38561566,-1.69828685,-2.31978615,-0.10948181,0.70944882,0.42877197,-0.02441406,0.05859375,0.00488281,-0.01464844,-0.00000000,-0.02929688,0.35743713,1.29470825,1.29356384,-0.02441406
19.75517750,6920,-2.40659650,-1.70362742,-2.31978615,-0.10871887,0.70639706,0.42915344,3.87658881,-1.65327357,-2.31978615,-0.10871887,0.70639707,0.42915344,-2.38561566,-1.69752391,-2.31978615,-0.10948181,0.70944882,0.42915344,-0.01953125,0.05859375,0.00976562,-0.01464844,-0.01464844,0.00000000,0.35743713,1.29470825,1.29318237,-0.02441406
19.76835775,6925,-2.40659650,-1.70362742,-2.31978615,-0.10871887,0.70639706,0.42915344,3.87658881,-1.65327347,-2.31978615,-0.10871887,0.70639706,0.42915344,-2.38599713,-1.69637950,-2.31978615,-0.10948181,0.70944882,0.42877197,-0.02441406,0.06347656,0.00488281,0.00000000,0.01464844,-0.01464844,0.35743713,1.29470825,1.29356384,-0.02441406
19.78139520,6930,-2.40659650,-1.70362742,-2.31978615,-0.10871887,0.70639706,0.42915344,3.87658881,-1.65327343,-2.31978615,-0.10871887,0.70639706,0.42915344,-2.38637860,-1.69561656,-2.31978615,-0.10948181,0.70944882,0.42915344,-0.03906250,0.04394531,0.00488281,-0.01464844,0.02929688,0.00000000,0.35743713,1.29470825,1.29356384,-0.02441406
19.79777789,6935,-2.40659650,-1.70362742,-2.31978615,-0.10871887,0.70639706,0.42915344,3.87658881,-1.65327342,-2.31978615,-0.10867981,0.70639706,0.42915344,-2.38676007,-1.69447215,-2.31978615,-0.10948181,0.70906735,0.42915344,-0.03906250,0.05859375,0.00488281,-0.01464844,-0.00000000,-0.01464844,0.35743713,1.29464575,1.29356384,-0.02441406
19.81274891,6940,-2.40659650,-1.70362742,-2.31978615,-0.10871887,0.70639706,0.42953491,3.87658881,-1.65327342,-2.31978615,-0.10870607,0.70639706,0.42922974,-2.38752301,-1.69409068,-2.31978615,-0.10948181,0.70906735,0.42877197,-0.04394531,0.02441406,0.00488281,-0.02929688,-0.00000000,-0.01464844,0.35743713,1.29468777,1.29356384,-0.02441406
19.82582760,6945,-2.40659650,-1.70362742,-2.31978615,-0.10871887,0.70639706,0.42915344,3.87658881,-1.65327342,-2.31978615,-0.10865364,0.70639706,0.42917844,-2.38790448,-1.69332774,-2.31978615,-0.10948181,0.70830441,0.42877197,-0.02441406,0.04882812,0.00488281,-0.02929688,-0.04394531,-0.02929688,0.35743713,1.29470154,1.29356384,-0.04882812
19.84104872,6950,-2.40659650,-1.70362742,-2.31978615,-0.10833740,0.70639706,0.42915344,3.87658881,-1.65327342,-2.31978615,-0.10847228,0.70639706,0.42916163,-2.38828595,-1.69256480,-2.31978615,-0.10948181,0.70792294,0.42877197,-0.03906250,0.03906250,-0.00000000,0.00000000,-0.00000000,-0.01464844,0.35743713,1.29470605,1.29356384,-0.02441406
19.85365582,6955,-2.40659650,-1.70362742,-2.31978615,-0.10833740,0.70601559,0.42953491,3.87658881,-1.65327342,-2.31978615,-0.10838160,0.70614059,0.42923242,-2.38866742,-1.69218333,-2.31978615,-0.10948181,0.70792294,0.42877197,-0.02441406,0.01953125,0.00488281,-0.02929688,-0.00000000,0.00000000,0.35743713,1.29458546,1.29356384,-0.02441406
19.86905026,6960,-2.40659650,-1.70362742,-2.31978615,-0.10833740,0.70563412,0.42915344,3.87658881,-1.65327342,-2.31978615,-0.10835188,0.70598026,0.42917932,-2.38904889,-1.69142039,-2.31978615,-0.10948181,0.70754147,0.42877197,-0.03906250,0.04882812,0.00488281,0.00000000,0.01464844,-0.02929688,0.35743713,1.29466802,1.29356384,0.02441406
19.88481617,6965,-2.40659650,-1.70286448,-2.31978615,-0.10833740,0.70563412,0.42915344,3.87658881,-1.65294065,-2.31978615,-0.10834215,0.70574754,0.42916192,-2.38943036,-1.69027598,-2.31978615,-0.10948181,0.70754147,0.42877197,-0.01953125,0.06347656,0.00488281,-0.01464844,-0.00000000,-0.02929688,0.35743713,1.29447534,1.29356384,0.00000000
19.89932132,6970,-2.40659650,-1.70210154,-2.31978615,-0.10833740,0.70487118,0.42915344,3.87658881,-1.65234992,-2.31978615,-0.10833896,0.70527749,0.42915622,-2.38981183,-1.68989451,-2.31978615,-0.10948181,0.70716000,0.42877197,-0.02441406,0.04882812,0.00488281,-0.02929688,0.01464844,-0.01464844,0.35743713,1.29463193,1.29356384,-0.04882812
19.91537356,6975,-2.40659650,-1.70172007,-2.31978615,-0.10795593,0.70372677,0.42915344,3.87658881,-1.65180760,-2.31978615,-0.10820058,0.70456548,0.42915435,-2.39019330,-1.68875010,-2.31978615,-0.10948181,0.70677853,0.42877197,-0.02441406,0.06347656,0.00488281,-0.01464844,-0.00000000,-0.01464844,0.35705566,1.29453066,1.29356384,0.00000000
19.92823291,6980,-2.40659650,-1.70172007,-2.31978615,-0.10757446,0.70220089,0.42915344,3.87658881,-1.65151075,-2.31978615,-0.10795981,0.70319642,0.42921478,-2.39019330,-1.68798716,-2.31978615,-0.10948181,0.70677853,0.42877197,-0.01953125,0.05371094,0.00488281,-0.01464844,0.01464844,-0.01464844,0.35743713,1.29465006,1.29356384,0.00000000
19.94261289,6985,-2.40659650,-1.70019419,-2.31978615,-0.10719299,0.69991208,0.42915344,3.87658881,-1.65089834,-2.31978615,-0.10756340,0.70156935,0.42923458,-2.39057477,-1.68722422,-2.31978615,-0.10948181,0.70639706,0.42877197,-0.02441406,0.03906250,0.00488281,0.00000000,-0.01464844,-0.02929688,0.35743713,1.29468918,1.29356384,-0.02441406
19.95916271,6990,-2.40659650,-1.69904978,-2.31978615,-0.10719299,0.69914914,0.42915344,3.87658881,-1.64956791,-2.31978615,-0.10731437,0.69997344,0.42918003,-2.39095624,-1.68646128,-2.31978615,-0.10948181,0.70639706,0.42877197,-0.02929688,0.03906250,-0.00000000,-0.01464844,-0.00000000,-0.02929688,0.35743713,1.29470200,1.29356384,0.00000000
19.97282791,6995,-2.40659650,-1.69790538,-2.31978615,-0.10719299,0.69800473,0.42915344,3.87658881,-1.64836254,-2.31978615,-0.10723277,0.69894915,0.42916215,-2.39133771,-1.68607981,-2.31978615,-0.10948181,0.70601559,0.42877197,-0.02929688,0.04882812,0.00488281,-0.01464844,-0.01464844,-0.02929688,0.35743713,1.29470620,1.29356384,0.00000000
19.98635530,7000,-2.40659650,-1.69676097,-2.31978615,-0.10719299,0.69724179,0.42915344,3.87658881,-1.64729825,-2.31978615,-0.10720603,0.69805175,0.42915630,-2.39133771,-1.68531687,-2.31978615,-0.10910034,0.70525265,0.42877197,-0.01953125,0.03906250,0.00976562,0.00000000,-0.02929688,0.00000000,0.35743713,1.29470758,1.29356384,-0.04882812
19.99925208,7005,-2.40659650,-1.69523509,-2.31978615,-0.10719299,0.69533444,0.42915344,3.87658881,-1.64594267,-2.31978615,-0.10719726,0.69674487,0.42915438,-2.39171918,-1.68493540,-2.31978615,-0.10948181,0.70487118,0.42877197,-0.03906250,0.04882812,0.00976562,-0.01464844,-0.04394531,-0.01464844,0.35743713,1.29470803,1.29356384,-0.02441406
20.01476336,7010,-2.40659650,-1.69294627,-2.31978615,-0.10681152,0.69304562,0.42915344,3.87658881,-1.64408124,-2.31978615,-0.10693792,0.69472898,0.42915375,-2.39210065,-1.68417247,-2.31978615,-0.10910034,0.70334530,0.42877197,-0.01464844,0.04882812,0.00488281,0.00000000,-0.08789062,0.00000000,0.35743713,1.29470818,1.29356384,-0.02441406
20.02944589,7015,-2.40659650,-1.69142039,-2.31978615,-0.10643005,0.68961239,0.42915344,3.87658881,-1.64233603,-2.31978615,-0.10666678,0.69192279,0.42915354,-2.39248212,-1.68302806,-2.31978615,-0.10948181,0.70220089,0.42877197,-0.01953125,0.06347656,0.00488281,-0.01464844,-0.04394531,-0.02929688,0.35743713,1.29470823,1.29356384,-0.02441406
20.04249978,7020,-2.40659650,-1.68989451,-2.31978615,-0.10643005,0.68732358,0.42915344,3.87658881,-1.64077735,-2.31978615,-0.10650763,0.68926277,0.42915348,-2.39248212,-1.68264659,-2.31978615,-0.10910034,0.70143796,0.42877197,-0.02929688,0.04394531,0.00488281,-0.01464844,-0.04394531,-0.02929688,0.35743713,1.29470824,1.29356384,-0.02441406
20.05713034,7025,-2.40621503,-1.68760569,-2.31978615,-0.10604858,0.68541623,0.42915344,3.87666510,-1.63892700,-2.31978615,-0.10637918,0.68734561,0.42915345,-2.39286359,-1.68150218,-2.31978615,-0.10910034,0.70067502,0.42877197,-0.01953125,0.04394531,0.00488281,0.00000000,-0.05859375,-0.01464844,0.35743713,1.29470825,1.29356384,-0.02441406
20.07274413,7030,-2.40659650,-1.68531687,-2.31978615,-0.10604858,0.68312741,0.42915344,3.87664506,-1.63687414,-2.31978615,-0.10621795,0.68508287,0.42915345,-2.39324506,-1.68073924,-2.31978615,-0.10910034,0.69953061,0.42877197,-0.01464844,0.02929688,0.00488281,-0.01464844,-0.00000000,0.00000000,0.35781860,1.29486084,1.29356384,-0.02441406
20.08623958,7035,-2.40659650,-1.68340953,-2.31978615,-0.10604858,0.68198300,0.42915344,3.87660724,-1.63470769,-2.31978615,-0.10610408,0.68321947,0.42915344,-2.39324506,-1.68035777,-2.31978615,-0.10910034,0.69914914,0.42877197,-0.01953125,0.05371094,0.00488281,-0.01464844,-0.02929688,-0.01464844,0.35781860,1.29509541,1.29356384,-0.02441406
20.10207129,7040,-2.40659650,-1.68112071,-2.31978615,-0.10604858,0.68045712,0.42915344,3.87659485,-1.63249021,-2.31978615,-0.10619812,0.68164402,0.42915344,-2.39400800,-1.67921336,-2.31978615,-0.10871887,0.69876767,0.42877197,-0.03906250,0.05371094,0.00488281,0.02929688,-0.02929688,-0.01464844,0.35781860,1.29520743,1.29356384,-0.02441406
20.11857915,7045,-2.40659650,-1.67806895,-2.31978615,-0.10604858,0.68007565,0.42915344,3.87659079,-1.63004094,-2.31978615,-0.10620745,0.68062083,0.42915344,-2.39400800,-1.67806895,-2.31978615,-0.10871887,0.69762326,0.42877197,-0.01953125,0.07812500,0.00488281,0.00000000,-0.04394531,-0.01464844,0.35781860,1.29532226,1.29356384,-0.04882812
20.13210583,7050,-2.40659650,-1.67616160,-2.31978615,-0.10643005,0.68007565,0.42915344,3.87658946,-1.62756587,-2.31978615,-0.10622576,0.68025429,0.42915344,-2.39438947,-1.67730601,-2.31978615,-0.10871887,0.69647885,0.42877197,-0.02441406,0.05859375,0.00488281,-0.01464844,-0.07324219,-0.01464844,0.35781860,1.29542239,1.29356384,-0.02441406
20.14644074,7055,-2.40659650,-1.67425425,-2.31978615,-0.10604858,0.67931271,0.42915344,3.87658902,-1.62550228,-2.31978615,-0.10622578,0.67987174,0.42915344,-2.39477094,-1.67616160,-2.31978615,-0.10871887,0.69533444,0.42877197,-0.02441406,0.08300781,0.00488281,-0.01464844,-0.07324219,-0.01464844,0.35781860,1.29545520,1.29356384,-0.02441406
20.16176796,7060,-2.40659650,-1.67234690,-2.31978615,-0.10643005,0.67740536,0.42915344,3.87658888,-1.62343387,-2.31978615,-0.10626302,0.67861442,0.42915344,-2.39477094,-1.67539866,-2.31978615,-0.10871887,0.69380856,0.42877197,-0.01464844,0.05859375,0.00488281,-0.02929688,-0.08789062,-0.02929688,0.35781860,1.29540345,1.29356384,0.00000000
20.17491722,7065,-2.40659650,-1.66967662,-2.31978615,-0.10643005,0.67549801,0.42915344,3.87658883,-1.62125084,-2.31978615,-0.10629524,0.67692008,0.42915344,-2.39515241,-1.67425425,-2.31978615,-0.10871887,0.69304562,0.42877197,-0.01464844,0.06835938,0.00488281,0.01464844,-0.05859375,0.00000000,0.35781860,1.29530837,1.29394531,0.02441406
20.18812895,7070,-2.40659650,-1.66815074,-2.31978615,-0.10643005,0.67320920,0.42915344,3.87658882,-1.61939049,-2.31978615,-0.10628578,0.67506727,0.42915344,-2.39515241,-1.67310984,-2.31978615,-0.10871887,0.69190121,0.42877197,-0.01953125,0.05371094,0.00976562,-0.01464844,-0.05859375,-0.01464844,0.35781860,1.29541784,1.29356384,-0.02441406
20.20132399,7075,-2.40659650,-1.66700633,-2.31978615,-0.10604858,0.67244626,0.42915344,3.87658881,-1.61791919,-2.31978615,-0.10624545,0.67349456,0.42915344,-2.39553388,-1.67234690,-2.31978615,-0.10833740,0.69151974,0.42877197,-0.02929688,0.07324219,0.00488281,0.01464844,-0.02929688,0.00000000,0.35781860,1.29545371,1.29356384,0.00000000
20.21502471,7080,-2.40659650,-1.66471751,-2.31978615,-0.10643005,0.67168332,0.42915344,3.87658881,-1.61617072,-2.31978615,-0.10633831,0.67248825,0.42915344,-2.39591535,-1.67158396,-2.31978615,-0.10833740,0.69113827,0.42877197,-0.01953125,0.06347656,0.00488281,0.01464844,-0.01464844,-0.01464844,0.35781860,1.29546546,1.29356384,0.00000000
20.22790504,7085,-2.40659650,-1.66319163,-2.31978615,-0.10643005,0.66977597,0.42915344,3.87658881,-1.61421155,-2.31978615,-0.10639999,0.67106561,0.42919250,-2.39591535,-1.67043956,-2.31978615,-0.10833740,0.69037533,0.42877197,-0.01464844,0.07812500,0.00488281,-0.02929688,-0.04394531,0.00000000,0.35781860,1.29546931,1.29356384,0.00000000
20.24249148,7090,-2.40659650,-1.66166575,-2.31978615,-0.10643005,0.66786862,0.42915344,3.87658881,-1.61259252,-2.31978615,-0.10642020,0.66921699,0.42916624,-2.39629682,-1.66929515,-2.31978615,-0.10833740,0.68884945,0.42877197,-0.01464844,0.04882812,0.00488281,-0.01464844,-0.08789062,0.00000000,0.35820007,1.29568566,1.29356384,-0.04882812
20.25588226,7095,-2.40659650,-1.66013987,-2.31978615,-0.10604858,0.66557980,0.42915344,3.87658881,-1.61116747,-2.31978615,-0.10617036,0.66741373,0.42918889,-2.39629682,-1.66853221,-2.31978615,-0.10833740,0.68770505,0.42877197,-0.02929688,0.07812500,0.00488281,0.00000000,-0.10253906,-0.01464844,0.35820007,1.29569406,1.29356384,0.00000000
20.26783037,7100,-2.40659650,-1.65861399,-2.31978615,-0.10604858,0.66443539,0.42915344,3.87658881,-1.60943342,-2.31978615,-0.10608849,0.66551289,0.42916506,-2.39667828,-1.66776927,-2.31978615,-0.10833740,0.68617917,0.42877197,-0.02441406,0.04882812,0.00488281,-0.01464844,-0.13183594,-0.01464844,0.35781860,1.29554422,1.29356384,-0.02441406
20.28256845,7105,-2.40659650,-1.65708811,-2.31978615,-0.10604858,0.66252804,0.42915344,3.87664984,-1.60783932,-2.31978615,-0.10606166,0.66390700,0.42915725,-2.39667828,-1.66624339,-2.31978615,-0.10833740,0.68350888,0.42877197,-0.01464844,0.08789062,0.00488281,-0.02929688,-0.16113281,0.00000000,0.35820007,1.29576978,1.29356384,-0.02441406
20.29720998,7110,-2.40659650,-1.65556224,-2.31978615,-0.10604858,0.66062069,0.42915344,3.87664006,-1.60640095,-2.31978615,-0.10605287,0.66194950,0.42915469,-2.39667828,-1.66509898,-2.31978615,-0.10833740,0.68122006,0.42877197,-0.01464844,0.06347656,0.00488281,-0.01464844,-0.14648438,-0.01464844,0.35781860,1.29575360,1.29356384,-0.04882812
20.31299806,7115,-2.40659650,-1.65327342,-2.31978615,-0.10604858,0.65718747,0.42915344,3.87663685,-1.60464130,-2.31978615,-0.10604999,0.65956723,0.42915385,-2.39705975,-1.66395457,-2.31978615,-0.10833740,0.67854977,0.42877197,-0.01464844,0.07324219,-0.00000000,-0.02929688,-0.13183594,0.00000000,0.35781860,1.29562623,1.29356384,-0.04882812
20.32721734,7120,-2.40659650,-1.65212901,-2.31978615,-0.10604858,0.65528012,0.42915344,3.87666559,-1.60293494,-2.31978615,-0.10604904,0.65699791,0.42915358,-2.39705975,-1.66281016,-2.31978615,-0.10833740,0.67587948,0.42877197,-0.01953125,0.07812500,0.00488281,0.00000000,-0.14648438,0.00000000,0.35820007,1.29587478,1.29356384,-0.02441406
20.33886456,7125,-2.40659650,-1.65098460,-2.31978615,-0.10604858,0.65451718,0.42915344,3.87675508,-1.60163617,-2.31978615,-0.10604873,0.65548045,0.42915349,-2.39705975,-1.66166575,-2.31978615,-0.10833740,0.67435360,0.42839050,-0.01464844,0.07324219,0.00488281,0.00000000,-0.10253906,-0.01464844,0.35820007,1.29611638,1.29356384,0.00000000
20.35444546,7130,-2.40621503,-1.64945872,-2.31978615,-0.10604858,0.65451718,0.42915344,3.87671959,-1.60010610,-2.31978615,-0.10604863,0.65483283,0.42915346,-2.39744122,-1.66013987,-2.31978615,-0.10795593,0.67397214,0.42877197,-0.02929688,0.08789062,0.00488281,0.01464844,-0.02929688,-0.01464844,0.35820007,1.29619555,1.29356384,-0.02441406
20.36954808,7135,-2.40621503,-1.64716990,-2.31978615,-0.10604858,0.65375424,0.42915344,3.87670796,-1.59839501,-2.31978615,-0.10604860,0.65435816,0.42915345,-2.39782269,-1.65899546,-2.31978615,-0.10795593,0.67282773,0.42877197,-0.01953125,0.07812500,0.00488281,-0.02929688,-0.05859375,0.00000000,0.35820007,1.29622149,1.29356384,-0.02441406
20.38273191,7140,-2.40621503,-1.64602549,-2.31978615,-0.10604858,0.65260983,0.42915344,3.87670415,-1.59681442,-2.31978615,-0.10604859,0.65343321,0.42915344,-2.39782269,-1.65823252,-2.31978615,-0.10757446,0.67244626,0.42877197,-0.01953125,0.05859375,0.00488281,-0.01464844,-0.01464844,-0.01464844,0.35820007,1.29622999,1.29356384,-0.02441406
20.39859414,7145,-2.40659650,-1.64449961,-2.31978615,-0.10604858,0.65070248,0.42915344,3.87673647,-1.59530186,-2.31978615,-0.10604859,0.65199817,0.42915344,-2.39820416,-1.65708811,-2.31978615,-0.10757446,0.67168332,0.42877197,-0.02441406,0.08300781,0.00488281,-0.02929688,-0.01464844,-0.01464844,0.35858154,1.29638536,1.29356384,-0.02441406
20.41402268,7150,-2.40659650,-1.64297373,-2.31978615,-0.10604858,0.64917660,0.42915344,3.87666844,-1.59367049,-2.31978615,-0.10604858,0.65030430,0.42915344,-2.39858563,-1.65594371,-2.31978615,-0.10757446,0.67092038,0.42877197,-0.03417969,0.07324219,0.00488281,-0.01464844,-0.07324219,0.00000000,0.35820007,1.29628369,1.29356384,-0.02441406
20.42764568,7155,-2.40621503,-1.64182933,-2.31978615,-0.10604858,0.64726925,0.42915344,3.87684012,-1.59234502,-2.31978615,-0.10604858,0.64853331,0.42915344,-2.39858563,-1.65479930,-2.31978615,-0.10757446,0.66901303,0.42877197,-0.01464844,0.07812500,0.00488281,0.00000000,-0.08789062,-0.02929688,0.35820007,1.29625037,1.29356384,-0.02441406
20.43879986,7160,-2.40621503,-1.64068492,-2.31978615,-0.10604858,0.64650631,0.42915344,3.87678652,-1.59118035,-2.31978615,-0.10604858,0.64727208,0.42915344,-2.39858563,-1.65365489,-2.31978615,-0.10757446,0.66748715,0.42877197,-0.01464844,0.08789062,0.00488281,-0.02929688,-0.13183594,-0.02929688,0.35820007,1.29623945,1.29356384,0.00000000
20.45176530,7165,-2.40659650,-1.63954051,-2.31978615,-0.10604858,0.64574338,0.42915344,3.87680252,-1.58999024,-2.31978615,-0.10604858,0.64631461,0.42915344,-2.39858563,-1.65251048,-2.31978615,-0.10757446,0.66596127,0.42877197,-0.00976562,0.05859375,-0.00000000,-0.01464844,-0.08789062,-0.01464844,0.35820007,1.29623587,1.29356384,-0.04882812
20.46661592,7170,-2.40621503,-1.63801463,-2.31978615,-0.10604858,0.64459897,0.42915344,3.87688406,-1.58864470,-2.31978615,-0.10604858,0.64544289,0.42915344,-2.39896710,-1.65136607,-2.31978615,-0.10757446,0.66481686,0.42877197,-0.00976562,0.09277344,0.00488281,-0.01464844,-0.07324219,-0.01464844,0.35820007,1.29623470,1.29356384,-0.02441406
20.47880840,7175,-2.40659650,-1.63687022,-2.31978615,-0.10604858,0.64269162,0.42915344,3.87682667,-1.58746416,-2.31978615,-0.10604858,0.64395497,0.42915344,-2.39896710,-1.65022166,-2.31978615,-0.10757446,0.66405392,0.42877197,-0.01464844,0.06835938,0.00488281,-0.01464844,-0.02929688,-0.01464844,0.35820007,1.29643451,1.29356384,-0.02441406
20.49162197,7180,-2.40621503,-1.63648875,-2.31978615,-0.10604858,0.64154721,0.42915344,3.87689197,-1.58664068,-2.31978615,-0.10604858,0.64260572,0.42915344,-2.39896710,-1.64907725,-2.31978615,-0.10757446,0.66367245,0.42877197,-0.01464844,0.09277344,0.00488281,-0.01464844,-0.04394531,-0.01464844,0.35820007,1.29648436,1.29394531,-0.02441406
20.50558472,7185,-2.40621503,-1.63572581,-2.31978615,-0.10604858,0.63925839,0.42915344,3.87689579,-1.58596777,-2.31978615,-0.10604858,0.64087526,0.42915344,-2.39896710,-1.64793284,-2.31978615,-0.10719299,0.66252804,0.42877197,-0.01464844,0.08789062,0.00488281,0.00000000,-0.04394531,-0.02929688,0.35820007,1.29645675,1.29356384,-0.04882812
20.51955342,7190,-2.40621503,-1.63458140,-2.31978615,-0.10604858,0.63696957,0.42915344,3.87694587,-1.58512825,-2.31978615,-0.10604858,0.63878699,0.42915344,-2.39934857,-1.64678843,-2.31978615,-0.10681152,0.66100216,0.42877197,-0.01464844,0.07812500,0.00488281,0.01464844,-0.10253906,0.00000000,0.35820007,1.29636958,1.29356384,-0.02441406
20.53499842,7195,-2.40621503,-1.63343699,-2.31978615,-0.10604858,0.63582516,0.42915344,3.87696228,-1.58403492,-2.31978615,-0.10604858,0.63712626,0.42915344,-2.39973004,-1.64526255,-2.31978615,-0.10643005,0.65833188,0.42877197,-0.01464844,0.09277344,0.00488281,0.00000000,-0.16113281,-0.02929688,0.35820007,1.29649824,1.29394531,0.00000000
20.54941678,7200,-2.40621503,-1.63267405,-2.31978615,-0.10604858,0.63506222,0.42915344,3.87696766,-1.58300112,-2.31978615,-0.10604858,0.63580888,0.42915344,-2.39973004,-1.64411814,-2.31978615,-0.10643005,0.65604306,0.42877197,-0.01464844,0.09277344,0.00488281,-0.01464844,-0.14648438,0.00000000,0.35820007,1.29648083,1.29394531,-0.02441406
20.56408143,7205,-2.40621503,-1.63229258,-2.31978615,-0.10604858,0.63429928,0.42915344,3.87696942,-1.58235706,-2.31978615,-0.10604858,0.63500537,0.42915344,-2.40011151,-1.64297373,-2.31978615,-0.10643005,0.65337277,0.42839050,-0.02441406,0.06835938,0.00488281,-0.01464844,-0.14648438,-0.04394531,0.35858154,1.29674978,1.29356384,-0.02441406
20.57852316,7210,-2.40621503,-1.63152964,-2.31978615,-0.10604858,0.63315487,0.42915344,3.87697000,-1.58168191,-2.31978615,-0.10604858,0.63395070,0.42915344,-2.40011151,-1.64182933,-2.31978615,-0.10643005,0.65108395,0.42877197,-0.01953125,0.08300781,0.00488281,0.00000000,-0.17578125,-0.01464844,0.35858154,1.29685354,1.29356384,-0.02441406
20.59398127,7215,-2.40621503,-1.63038523,-2.31978615,-0.10604858,0.63201047,0.42915344,3.87697019,-1.58069127,-2.31978615,-0.10604858,0.63283569,0.42915344,-2.40049298,-1.64068492,-2.31978615,-0.10643005,0.64879513,0.42877197,-0.00976562,0.08300781,0.00488281,-0.01464844,-0.10253906,-0.02929688,0.35858154,1.29695004,1.29356384,-0.02441406
20.60941672,7220,-2.40621503,-1.63000376,-2.31978615,-0.10604858,0.63162900,0.42915344,3.87697025,-1.58002229,-2.31978615,-0.10604858,0.63205566,0.42915344,-2.40049298,-1.63915904,-2.31978615,-0.10643005,0.64803219,0.42877197,-0.00976562,0.06835938,0.00488281,-0.01464844,-0.04394531,-0.01464844,0.35858154,1.29680588,1.29394531,-0.02441406
20.62146020,7225,-2.40621503,-1.63000376,-2.31978615,-0.10604858,0.63162900,0.42915344,3.87697027,-1.57977183,-2.31978615,-0.10604858,0.63176880,0.42915344,-2.40049298,-1.63801463,-2.31978615,-0.10643005,0.64726925,0.42877197,-0.00976562,0.07812500,-0.00000000,-0.01464844,-0.04394531,-0.01464844,0.35820007,1.29665976,1.29394531,0.00000000
20.63569093,7230,-2.40621503,-1.62962229,-2.31978615,-0.10604858,0.63124753,0.42915344,3.87697028,-1.57943329,-2.31978615,-0.10604858,0.63159851,0.42915344,-2.40049298,-1.63687022,-2.31978615,-0.10643005,0.64688778,0.42877197,-0.00976562,0.08789062,-0.00000000,-0.01464844,0.01464844,-0.01464844,0.35858154,1.29671076,1.29394531,-0.02441406
20.64952445,7235,-2.40621503,-1.62885936,-2.31978615,-0.10604858,0.63124753,0.42915344,3.87697028,-1.57895981,-2.31978615,-0.10604858,0.63136254,0.42915344,-2.40087445,-1.63572581,-2.31978615,-0.10643005,0.64688778,0.42877197,-0.00976562,0.06835938,0.00488281,-0.01464844,-0.00000000,-0.01464844,0.35820007,1.29667254,1.29394531,-0.02441406
20.66340899,7240,-2.40621503,-1.62885936,-2.31978615,-0.10604858,0.63124753,0.42915344,3.87697028,-1.57865427,-2.31978615,-0.10604858,0.63128521,0.42915344,-2.40087445,-1.63496287,-2.31978615,-0.10643005,0.64650631,0.42877197,-0.00976562,0.08300781,0.00488281,0.00000000,-0.02929688,-0.01464844,0.35858154,1.29682823,1.29356384,-0.02441406
20.67736840,7245,-2.40621503,-1.62885936,-2.31978615,-0.10604858,0.63124753,0.42915344,3.87697028,-1.57855415,-2.31978615,-0.10604858,0.63125988,0.42915344,-2.40087445,-1.63381846,-2.31978615,-0.10643005,0.64536191,0.42877197,-0.00976562,0.06347656,0.00488281,-0.02929688,-0.04394531,-0.01464844,0.35820007,1.29672666,1.29394531,-0.02441406
20.69110489,7250,-2.40621503,-1.62847789,-2.31978615,-0.10604858,0.63124753,0.42915344,3.87697028,-1.57833518,-2.31978615,-0.10604858,0.63125157,0.42915344,-2.40087445,-1.63267405,-2.31978615,-0.10643005,0.64383603,0.42877197,-0.00976562,0.08300781,0.00488281,-0.01464844,-0.08789062,-0.01464844,0.35820007,1.29659572,1.29394531,-0.02441406
20.70619202,7255,-2.40621503,-1.62771495,-2.31978615,-0.10604858,0.63124753,0.42915344,3.87697028,-1.57779932,-2.31978615,-0.10604858,0.63124885,0.42915344,-2.40087445,-1.63191111,-2.31978615,-0.10643005,0.64231015,0.42877197,-0.00976562,0.04394531,0.00488281,-0.01464844,-0.11718750,-0.01464844,0.35858154,1.29670540,1.29394531,-0.02441406
20.72132063,7260,-2.40621503,-1.62695201,-2.31978615,-0.10604858,0.63124753,0.42915344,3.87697028,-1.57724214,-2.31978615,-0.10604858,0.63124796,0.42915344,-2.40125592,-1.63076670,-2.31978615,-0.10643005,0.64116574,0.42877197,-0.01464844,0.06835938,0.00488281,0.00000000,-0.05859375,0.00000000,0.35820007,1.29667078,1.29356384,-0.04882812
20.73665071,7265,-2.40621503,-1.62695201,-2.31978615,-0.10604858,0.63124753,0.42915344,3.87697028,-1.57680907,-2.31978615,-0.10604858,0.63124767,0.42915344,-2.40125592,-1.62962229,-2.31978615,-0.10643005,0.64040280,0.42877197,-0.01464844,0.06347656,0.00488281,-0.01464844,-0.01464844,-0.02929688,0.35858154,1.29689015,1.29394531,-0.02441406
20.75024772,7270,-2.40621503,-1.62580760,-2.31978615,-0.10604858,0.63086606,0.42915344,3.87697028,-1.57610918,-2.31978615,-0.10604858,0.63107118,0.42915344,-2.40125592,-1.62847789,-2.31978615,-0.10643005,0.64002133,0.42877197,-0.00976562,0.06347656,0.00488281,-0.01464844,-0.00000000,-0.01464844,0.35820007,1.29680945,1.29394531,-0.02441406
20.76377177,7275,-2.40621503,-1.62504466,-2.31978615,-0.10604858,0.63086606,0.42915344,3.87697028,-1.57529610,-2.31978615,-0.10604858,0.63093327,0.42915344,-2.40163739,-1.62771495,-2.31978615,-0.10643005,0.64002133,0.42877197,-0.00488281,0.07812500,0.00488281,-0.02929688,0.01464844,-0.01464844,0.35858154,1.29679497,1.29394531,-0.04882812
20.77864766,7280,-2.40621503,-1.62504466,-2.31978615,-0.10604858,0.63048459,0.42915344,3.87697028,-1.57488905,-2.31978615,-0.10604858,0.63066286,0.42915344,-2.40163739,-1.62657054,-2.31978615,-0.10643005,0.64002133,0.42877197,-0.00976562,0.05859375,0.00488281,-0.01464844,0.01464844,-0.01464844,0.35858154,1.29693084,1.29394531,-0.04882812
20.79413724,7285,-2.40621503,-1.62428172,-2.31978615,-0.10604858,0.63010312,0.42915344,3.87697028,-1.57445415,-2.31978615,-0.10604858,0.63031778,0.42915344,-2.40163739,-1.62542613,-2.31978615,-0.10643005,0.63925839,0.42877197,-0.00976562,0.07812500,-0.00000000,-0.01464844,-0.00000000,-0.02929688,0.35858154,1.29681521,1.29394531,-0.02441406
20.80918288,7290,-2.40621503,-1.62351878,-2.31978615,-0.10604858,0.63010312,0.42915344,3.87697028,-1.57368884,-2.31978615,-0.10604858,0.63017346,0.42915344,-2.40163739,-1.62466319,-2.31978615,-0.10643005,0.63887692,0.42877197,-0.01464844,0.04882812,0.00488281,-0.01464844,-0.02929688,-0.02929688,0.35820007,1.29652220,1.29394531,-0.02441406
20.82689857,7295,-2.40621503,-1.62313731,-2.31978615,-0.10604858,0.62972165,0.42915344,3.87697028,-1.57318989,-2.31978615,-0.10604858,0.62990876,0.42915344,-2.40201886,-1.62313731,-2.31978615,-0.10643005,0.63811398,0.42877197,-0.01953125,0.06835938,0.00488281,-0.01464844,-0.01464844,-0.01464844,0.35858154,1.29674381,1.29394531,-0.02441406
20.84052420,7300,-2.40621503,-1.62313731,-2.31978615,-0.10604858,0.62972165,0.42915344,3.87697028,-1.57303568,-2.31978615,-0.10604858,0.62978296,0.42915344,-2.40201886,-1.62237437,-2.31978615,-0.10643005,0.63773251,0.42877197,-0.01953125,0.04394531,0.00488281,-0.01464844,-0.04394531,-0.01464844,0.35820007,1.29640114,1.29394531,-0.02441406
20.85424638,7305,-2.40621503,-1.62313731,-2.31978615,-0.10604858,0.62972165,0.42915344,3.87697028,-1.57286600,-2.31978615,-0.10604858,0.62974174,0.42915344,-2.40240033,-1.62161143,-2.31978615,-0.10643005,0.63735104,0.42877197,-0.01464844,0.06347656,0.00488281,-0.01464844,-0.02929688,0.01464844,0.35820007,1.29628886,1.29394531,-0.04882812
20.86823440,7310,-2.40621503,-1.62313731,-2.31978615,-0.10604858,0.62934018,0.42915344,3.87697028,-1.57281040,-2.31978615,-0.10604858,0.62950301,0.42915344,-2.40240033,-1.62046702,-2.31978615,-0.10643005,0.63620663,0.42877197,-0.00976562,0.04882812,0.00488281,-0.01464844,-0.05859375,-0.01464844,0.35820007,1.29625206,1.29394531,-0.02441406
20.88167548,7315,-2.40621503,-1.62313731,-2.31978615,-0.10604858,0.62934018,0.42915344,3.87693903,-1.57279218,-2.31978615,-0.10604858,0.62939353,0.42915344,-2.40240033,-1.61970408,-2.31978615,-0.10643005,0.63544369,0.42877197,-0.00976562,0.06835938,0.00488281,-0.02929688,-0.04394531,0.00000000,0.35820007,1.29624001,1.29432678,0.00000000
20.89690638,7320,-2.40621503,-1.62313731,-2.31978615,-0.10604858,0.62934018,0.42915344,3.87696004,-1.57278621,-2.31978615,-0.10604858,0.62935766,0.42915344,-2.40240033,-1.61894114,-2.31978615,-0.10643005,0.63468075,0.42877197,-0.00976562,0.03417969,0.00488281,-0.01464844,-0.01464844,0.00000000,0.35820007,1.29607590,1.29394531,-0.04882812
20.91053176,7325,-2.40621503,-1.62275584,-2.31978615,-0.10604858,0.62934018,0.42915344,3.87696692,-1.57255904,-2.31978615,-0.10604858,0.62934591,0.42915344,-2.40240033,-1.61817820,-2.31978615,-0.10643005,0.63429928,0.42877197,-0.00488281,0.06347656,0.00976562,-0.01464844,-0.01464844,-0.02929688,0.35820007,1.29582193,1.29394531,0.00000000
20.92786551,7330,-2.40621503,-1.62199290,-2.31978615,-0.10604858,0.62934018,0.42915344,3.87696918,-1.57215183,-2.31978615,-0.10604858,0.62934205,0.42915344,-2.40278180,-1.61703379,-2.31978615,-0.10643005,0.63391781,0.42877197,-0.00488281,0.03417969,0.00488281,-0.02929688,-0.02929688,0.00000000,0.35781860,1.29577069,1.29394531,-0.02441406
20.94282007,7335,-2.40621503,-1.62122996,-2.31978615,-0.10604858,0.62934018,0.42915344,3.87696992,-1.57141318,-2.31978615,-0.10604858,0.62934079,0.42915344,-2.40278180,-1.61627085,-2.31978615,-0.10643005,0.63315487,0.42877197,-0.00976562,0.06347656,0.00488281,-0.01464844,-0.04394531,0.00000000,0.35781860,1.29569140,1.29394531,0.00000000
20.95676351,7340,-2.40621503,-1.62084849,-2.31978615,-0.10604858,0.62934018,0.42915344,3.87697016,-1.57086584,-2.31978615,-0.10604858,0.62934038,0.42915344,-2.40278180,-1.61550791,-2.31978615,-0.10643005,0.63201047,0.42877197,-0.00488281,0.04394531,0.00488281,0.00000000,-0.05859375,-0.01464844,0.35820007,1.29593422,1.29394531,-0.02441406
20.97215605,7345,-2.40621503,-1.61932261,-2.31978615,-0.10604858,0.62934018,0.42915344,3.87697024,-1.56992086,-2.31978615,-0.10604858,0.62934024,0.42915344,-2.40278180,-1.61436351,-2.31978615,-0.10643005,0.63162900,0.42877197,-0.00976562,0.06347656,0.00488281,-0.01464844,-0.02929688,-0.02929688,0.35781860,1.29588561,1.29394531,0.00000000
20.98629951,7350,-2.40621503,-1.61817820,-2.31978615,-0.10604858,0.62895871,0.42915344,3.87690923,-1.56879297,-2.31978615,-0.10604858,0.62920287,0.42915344,-2.40278180,-1.61360057,-2.31978615,-0.10643005,0.63124753,0.42877197,-0.01464844,0.04882812,0.00488281,0.00000000,-0.00000000,0.00000000,0.35781860,1.29596734,1.29394531,-0.02441406
21.00014353,7355,-2.40621503,-1.61703379,-2.31978615,-0.10604858,0.62857724,0.42915344,3.87688924,-1.56770280,-2.31978615,-0.10604858,0.62885256,0.42915344,-2.40316327,-1.61283763,-2.31978615,-0.10643005,0.63162900,0.42877197,-0.00976562,0.06835938,0.00488281,-0.02929688,0.02929688,-0.02929688,0.35781860,1.29563377,1.29394531,-0.02441406
21.01366854,7360,-2.40621503,-1.61550791,-2.31978615,-0.10604858,0.62857724,0.42915344,3.87676355,-1.56639001,-2.31978615,-0.10604858,0.62866745,0.42915344,-2.40316327,-1.61207469,-2.31978615,-0.10643005,0.63162900,0.42877197,-0.00976562,0.05859375,-0.00000000,-0.01464844,0.02929688,-0.01464844,0.35781860,1.29578716,1.29394531,-0.04882812
21.02859855,7365,-2.40621503,-1.61398204,-2.31978615,-0.10604858,0.62819577,0.42915344,3.87684150,-1.56480261,-2.31978615,-0.10604858,0.62838158,0.42915344,-2.40316327,-1.61131175,-2.31978615,-0.10643005,0.63162900,0.42877197,-0.00976562,0.04394531,-0.00000000,0.00000000,0.01464844,0.00000000,0.35820007,1.29608767,1.29394531,-0.02441406
21.04142475,7370,-2.40621503,-1.61245616,-2.31978615,-0.10604858,0.62781430,0.42915344,3.87684800,-1.56326878,-2.31978615,-0.10604858,0.62807050,0.42915344,-2.40316327,-1.61054881,-2.31978615,-0.10643005,0.63124753,0.42877197,-0.00976562,0.05859375,0.00488281,-0.01464844,-0.00000000,0.01464844,0.35820007,1.29608848,1.29394531,0.00000000
21.05682826,7375,-2.40659650,-1.61093028,-2.31978615,-0.10604858,0.62705136,0.42915344,3.87676163,-1.56178912,-2.31978615,-0.10604858,0.62759674,0.42915344,-2.40316327,-1.60978587,-2.31978615,-0.10643005,0.63124753,0.42877197,-0.00488281,0.03906250,0.00488281,-0.01464844,-0.00000000,0.00000000,0.35820007,1.29618640,1.29394531,-0.02441406
21.06935215,7380,-2.40621503,-1.60940440,-2.31978615,-0.10604858,0.62628842,0.42915344,3.87685308,-1.56016852,-2.31978615,-0.10604858,0.62696762,0.42915344,-2.40316327,-1.60902293,-2.31978615,-0.10643005,0.63124753,0.42877197,-0.00976562,0.05859375,0.00488281,0.01464844,-0.00000000,-0.02929688,0.35820007,1.29621849,1.29394531,-0.02441406
21.08220911,7385,-2.40659650,-1.60787852,-2.31978615,-0.10604858,0.62552548,0.42915344,3.87667541,-1.55867264,-2.31978615,-0.10604858,0.62614843,0.42915344,-2.40316327,-1.60787852,-2.31978615,-0.10643005,0.63086606,0.42877197,-0.00488281,0.06347656,0.00488281,-0.01464844,-0.00000000,0.00000000,0.35820007,1.29622901,1.29394531,-0.02441406
21.09852147,7390,-2.40621503,-1.60597117,-2.31978615,-0.10604858,0.62399960,0.42915344,3.87675451,-1.55705833,-2.31978615,-0.10604858,0.62492443,0.42915344,-2.40316327,-1.60711558,-2.31978615,-0.10643005,0.63086606,0.42877197,-0.00488281,0.07324219,0.00488281,-0.01464844,0.01464844,-0.01464844,0.35820007,1.29623245,1.29432678,-0.02441406
21.11195993,7395,-2.40621503,-1.60406382,-2.31978615,-0.10604858,0.62285519,0.42915344,3.87683854,-1.55523919,-2.31978615,-0.10604858,0.62378373,0.42915344,-2.40316327,-1.60597117,-2.31978615,-0.10643005,0.63048459,0.42877197,-0.00488281,0.05859375,0.00488281,-0.01464844,-0.01464844,0.00000000,0.35820007,1.29623358,1.29394531,-0.02441406
21.12465763,7400,-2.40659650,-1.60291941,-2.31978615,-0.10604858,0.62209225,0.42915344,3.87681957,-1.55369204,-2.31978615,-0.10604858,0.62285794,0.42915344,-2.40354474,-1.60520823,-2.31978615,-0.10643005,0.62972165,0.42877197,-0.00488281,0.07812500,-0.00000000,0.00000000,-0.04394531,-0.01464844,0.35820007,1.29615583,1.29394531,-0.04882812
21.13949919,7405,-2.40659650,-1.60177500,-2.31978615,-0.10604858,0.62056637,0.42915344,3.87669567,-1.55249574,-2.31978615,-0.10604858,0.62159901,0.42915344,-2.40354474,-1.60406382,-2.31978615,-0.10643005,0.62895871,0.42877197,-0.00976562,0.05371094,0.00488281,-0.02929688,-0.02929688,-0.01464844,0.35820007,1.29620847,1.29432678,-0.02441406
21.15203834,7410,-2.40659650,-1.60063060,-2.31978615,-0.10604858,0.61980343,0.42915344,3.87662383,-1.55137339,-2.31978615,-0.10604858,0.62058126,0.42915344,-2.40354474,-1.60330088,-2.31978615,-0.10643005,0.62857724,0.42877197,-0.00976562,0.06835938,0.00976562,-0.02929688,-0.01464844,-0.01464844,0.35820007,1.29622572,1.29394531,-0.02441406
21.16533136,7415,-2.40659650,-1.59910472,-2.31978615,-0.10604858,0.61865902,0.42915344,3.87663153,-1.54983082,-2.31978615,-0.10604858,0.61943929,0.42915344,-2.40354474,-1.60253794,-2.31978615,-0.10643005,0.62781430,0.42877197,-0.00976562,0.04882812,0.00488281,-0.02929688,-0.01464844,-0.01464844,0.35820007,1.29616888,1.29394531,-0.04882812
21.18114996,7420,-2.40621503,-1.59757884,-2.31978615,-0.10604858,0.61598874,0.42915344,3.87681045,-1.54840933,-2.31978615,-0.10604858,0.61755154,0.42918469,-2.40354474,-1.60139353,-2.31978615,-0.10643005,0.62705136,0.42877197,-0.01464844,0.06835938,0.00488281,-0.01464844,-0.02929688,-0.02929688,0.35820007,1.29621275,1.29432678,-0.04882812
21.19375062,7425,-2.40659650,-1.59681590,-2.31978615,-0.10604858,0.61293698,0.42915344,3.87669269,-1.54725042,-2.31978615,-0.10604858,0.61513951,0.42922472,-2.40354474,-1.60101206,-2.31978615,-0.10643005,0.62666989,0.42877197,-0.00976562,0.06835938,0.00488281,-0.01464844,-0.02929688,-0.01464844,0.35820007,1.29616462,1.29432678,-0.02441406
21.20789218,7430,-2.40659650,-1.59567149,-2.31978615,-0.10604858,0.60988522,0.42915344,3.87662285,-1.54632050,-2.31978615,-0.10604858,0.61255763,0.42917680,-2.40392621,-1.59986766,-2.31978615,-0.10643005,0.62514401,0.42877197,-0.00976562,0.05859375,0.00488281,-0.01464844,-0.08789062,-0.01464844,0.35820007,1.29608928,1.29394531,-0.04882812
21.22220540,7435,-2.40659650,-1.59376414,-2.31978615,-0.10604858,0.60835934,0.42915344,3.87674889,-1.54482572,-2.31978615,-0.10604858,0.60994646,0.42916110,-2.40392621,-1.59872325,-2.31978615,-0.10643005,0.62361813,0.42877197,-0.01464844,0.06835938,0.00488281,-0.01464844,-0.07324219,-0.01464844,0.35781860,1.29567373,1.29394531,-0.04882812
21.23856854,7440,-2.40659650,-1.59185679,-2.31978615,-0.10604858,0.60683346,0.42915344,3.87667251,-1.54304135,-2.31978615,-0.10604858,0.60830324,0.42919501,-2.40392621,-1.59757884,-2.31978615,-0.10643005,0.62247372,0.42877197,-0.01953125,0.08300781,0.00488281,-0.01464844,-0.08789062,-0.01464844,0.35820007,1.29598800,1.29394531,-0.02441406
21.25528193,7445,-2.40659650,-1.59109385,-2.31978615,-0.10604858,0.60568905,0.42915344,3.87667727,-1.54174449,-2.31978615,-0.10604858,0.60687624,0.42916706,-2.40430768,-1.59605296,-2.31978615,-0.10643005,0.62094784,0.42839050,-0.00976562,0.07812500,-0.00000000,-0.02929688,-0.05859375,-0.02929688,0.35820007,1.29615348,1.29394531,-0.02441406
21.26696396,7450,-2.40659650,-1.59033091,-2.31978615,-0.10604858,0.60530758,0.42953491,3.87665686,-1.54070650,-2.31978615,-0.10604858,0.60594074,0.42928303,-2.40430768,-1.59529002,-2.31978615,-0.10643005,0.62056637,0.42877197,-0.00488281,0.07812500,0.00488281,-0.02929688,-0.01464844,0.00000000,0.35781860,1.29605511,1.29394531,-0.04882812
21.28113341,7455,-2.40621503,-1.58880503,-2.31978615,-0.10604858,0.60492611,0.42953491,3.87668740,-1.53947184,-2.31978615,-0.10604858,0.60528984,0.42931126,-2.40430768,-1.59414561,-2.31978615,-0.10643005,0.62018490,0.42877197,-0.00976562,0.05859375,0.00488281,-0.01464844,0.01464844,-0.01464844,0.35820007,1.29617547,1.29432678,0.00000000
21.29434609,7460,-2.40621503,-1.58727915,-2.31978615,-0.10604858,0.60454464,0.42953491,3.87680727,-1.53798035,-2.31978615,-0.10604858,0.60482008,0.42939131,-2.40430768,-1.59300120,-2.31978615,-0.10643005,0.61980343,0.42877197,-0.00488281,0.07324219,-0.00000000,-0.02929688,-0.01464844,0.00000000,0.35820007,1.29621491,1.29432678,-0.04882812
21.30967498,7465,-2.40621503,-1.58651622,-2.31978615,-0.10604858,0.60416318,0.42953491,3.87688562,-1.53687712,-2.31978615,-0.10604858,0.60440968,0.42944880,-2.40430768,-1.59223826,-2.31978615,-0.10604858,0.61942196,0.42877197,-0.00488281,0.07324219,0.00488281,-0.01464844,-0.00000000,-0.01464844,0.35820007,1.29622783,1.29432678,-0.02441406
21.32403636,7470,-2.40659650,-1.58575328,-2.31978615,-0.10604858,0.60416318,0.42953491,3.87682718,-1.53609496,-2.31978615,-0.10604858,0.60424395,0.42945787,-2.40430768,-1.59109385,-2.31978615,-0.10643005,0.61827756,0.42877197,-0.00488281,0.05859375,0.00488281,-0.02929688,-0.07324219,-0.02929688,0.35820007,1.29623207,1.29432678,-0.02441406
21.33953786,7475,-2.40659650,-1.58537181,-2.31978615,-0.10604858,0.60416318,0.42915344,3.87681584,-1.53555094,-2.31978615,-0.10604858,0.60418964,0.42943337,-2.40430768,-1.58994944,-2.31978615,-0.10643005,0.61675168,0.42877197,-0.01464844,0.08300781,0.00488281,-0.01464844,-0.08789062,-0.01464844,0.35820007,1.29637408,1.29432678,-0.02441406
21.35275435,7480,-2.40621503,-1.58499034,-2.31978615,-0.10566711,0.60416318,0.42953491,3.87684936,-1.53505517,-2.31978615,-0.10597229,0.60417185,0.42947039,-2.40430768,-1.58918650,-2.31978615,-0.10643005,0.61522580,0.42877197,-0.00488281,0.05371094,0.00488281,0.00000000,-0.08789062,0.00000000,0.35820007,1.29637765,1.29432678,-0.02441406
21.36760187,7485,-2.40621503,-1.58499034,-2.31978615,-0.10604858,0.60416318,0.42953491,3.87693066,-1.53477358,-2.31978615,-0.10602358,0.60416602,0.42951377,-2.40468915,-1.58804209,-2.31978615,-0.10643005,0.61408139,0.42877197,-0.00976562,0.09277344,0.00488281,-0.02929688,-0.05859375,-0.01464844,0.35858154,1.29679410,1.29432678,0.00000000
21.38093185,7490,-2.40621503,-1.58499034,-2.31978615,-0.10604858,0.60454464,0.42953491,3.87691823,-1.53468131,-2.31978615,-0.10604039,0.60430144,0.42952798,-2.40468915,-1.58727915,-2.31978615,-0.10643005,0.61369992,0.42877197,-0.00976562,0.04394531,0.00488281,0.00000000,-0.01464844,-0.01464844,0.35858154,1.29693056,1.29432678,-0.02441406
21.39805603,7495,-2.40621503,-1.58499034,-2.31978615,-0.10604858,0.60454464,0.42953491,3.87695322,-1.53465107,-2.31978615,-0.10598486,0.60446495,0.42953264,-2.40468915,-1.58575328,-2.31978615,-0.10643005,0.61331845,0.42877197,-0.00488281,0.08300781,0.00488281,-0.02929688,0.01464844,0.00000000,0.35858154,1.29697528,1.29432678,0.00000000
21.41213751,7500,-2.40659650,-1.58499034,-2.31978615,-0.10604858,0.60454464,0.42953491,3.87685715,-1.53464116,-2.31978615,-0.10602770,0.60451853,0.42953417,-2.40468915,-1.58460887,-2.31978615,-0.10643005,0.61369992,0.42877197,-0.00488281,0.07324219,0.00488281,-0.02929688,0.01464844,-0.01464844,0.35896301,1.29714252,1.29432678,-0.02441406
21.42730808,7505,-2.40621503,-1.58499034,-2.31978615,-0.10604858,0.60454464,0.42953491,3.87687217,-1.53463791,-2.31978615,-0.10604174,0.60447505,0.42953467,-2.40468915,-1.58384593,-2.31978615,-0.10643005,0.61331845,0.42877197,-0.00976562,0.07812500,0.00488281,0.00000000,-0.00000000,-0.01464844,0.35896301,1.29731939,1.29432678,-0.04882812
21.44109058,7510,-2.40621503,-1.58499034,-2.31978615,-0.10604858,0.60416318,0.42953491,3.87693813,-1.53463685,-2.31978615,-0.10604634,0.60444555,0.42953483,-2.40468915,-1.58270152,-2.31978615,-0.10643005,0.61293698,0.42877197,-0.01464844,0.06835938,0.00488281,-0.02929688,-0.00000000,-0.01464844,0.35896301,1.29761563,1.29432678,-0.02441406
21.45466542,7515,-2.40659650,-1.58499034,-2.31978615,-0.10604858,0.60454464,0.42953491,3.87688345,-1.53463650,-2.31978615,-0.10604785,0.60442428,0.42953489,-2.40468915,-1.58193858,-2.31978615,-0.10643005,0.61255551,0.42877197,-0.01953125,0.06347656,0.00488281,-0.01464844,-0.01464844,-0.02929688,0.35896301,1.29771270,1.29432678,-0.02441406
21.46602321,7520,-2.40621503,-1.58499034,-2.31978615,-0.10604858,0.60454464,0.42953491,3.87691058,-1.53463639,-2.31978615,-0.10604834,0.60450520,0.42953490,-2.40507062,-1.58117564,-2.31978615,-0.10643005,0.61217404,0.42877197,-0.01464844,0.06835938,0.00976562,-0.02929688,-0.00000000,-0.01464844,0.35934448,1.29819495,1.29432678,0.00000000
21.47940040,7525,-2.40621503,-1.58499034,-2.31978615,-0.10604858,0.60454464,0.42953491,3.87688040,-1.53463635,-2.31978615,-0.10604851,0.60453172,0.42953491,-2.40507062,-1.58003123,-2.31978615,-0.10643005,0.61179257,0.42877197,-0.00488281,0.05859375,0.00488281,-0.01464844,-0.01464844,-0.01464844,0.36048889,1.29935565,1.29432678,-0.02441406
21.49548197,7530,-2.40621503,-1.58499034,-2.31978615,-0.10604858,0.60454464,0.42953491,3.87689200,-1.53463634,-2.31978615,-0.10604856,0.60454041,0.42953491,-2.40507062,-1.57926829,-2.31978615,-0.10643005,0.61141110,0.42877197,-0.00976562,0.04882812,0.00976562,0.00000000,-0.01464844,-0.01464844,0.36315918,1.30305802,1.29432678,-0.02441406
21.50797486,7535,-2.40659650,-1.58499034,-2.31978615,-0.10604858,0.60454464,0.42953491,3.87686833,-1.53463633,-2.31978615,-0.10604858,0.60454326,0.42953491,-2.40507062,-1.57850535,-2.31978615,-0.10643005,0.61026669,0.42877197,-0.00488281,0.05859375,0.00488281,-0.01464844,-0.05859375,-0.01464844,0.36354065,1.30541305,1.29470825,0.00000000
21.52189302,7540,-2.40621503,-1.58499034,-2.31978615,-0.10604858,0.60492611,0.42953491,3.87693687,-1.53463633,-2.31978615,-0.10604858,0.60480066,0.42953491,-2.40507062,-1.57774241,-2.31978615,-0.10643005,0.60950375,0.42877197,-0.00488281,0.03417969,0.00488281,-0.01464844,-0.04394531,0.00000000,0.36354065,1.30642303,1.29470825,-0.02441406
21.53537083,7545,-2.40621503,-1.58499034,-2.31978615,-0.10604858,0.60492611,0.42953491,3.87695933,-1.53463633,-2.31978615,-0.10600952,0.60488501,0.42953491,-2.40507062,-1.57659800,-2.31978615,-0.10643005,0.60874081,0.42877197,-0.00976562,0.06347656,0.00488281,0.00000000,-0.05859375,-0.01464844,0.36354065,1.30669148,1.29470825,-0.02441406
21.54935074,7550,-2.40621503,-1.58499034,-2.31978615,-0.10604858,0.60492611,0.42953491,3.87696669,-1.53463633,-2.31978615,-0.10603578,0.60491264,0.42953491,-2.40507062,-1.57621653,-2.31978615,-0.10643005,0.60797787,0.42877197,-0.00488281,0.03417969,0.00488281,0.00000000,-0.04394531,0.01464844,0.36354065,1.30684195,1.29470825,-0.02441406
21.56517506,7555,-2.40621503,-1.58499034,-2.31978615,-0.10604858,0.60492611,0.42953491,3.87696910,-1.53463633,-2.31978615,-0.10604439,0.60496076,0.42953491,-2.40507062,-1.57507212,-2.31978615,-0.10643005,0.60721493,0.42877197,-0.00976562,0.06835938,-0.00000000,-0.01464844,-0.00000000,-0.01464844,0.36392212,1.30726357,1.29470825,0.00000000
21.57955170,7560,-2.40621503,-1.58499034,-2.31978615,-0.10604858,0.60492611,0.42953491,3.87696989,-1.53463633,-2.31978615,-0.10604721,0.60499850,0.42953491,-2.40507062,-1.57430918,-2.31978615,-0.10643005,0.60683346,0.42877197,-0.00488281,0.04394531,-0.00000000,0.00000000,0.01464844,-0.01464844,0.36392212,1.30754235,1.29470825,-0.02441406
21.59284544,7565,-2.40621503,-1.58499034,-2.31978615,-0.10604858,0.60492611,0.42953491,3.87697015,-1.53463633,-2.31978615,-0.10604813,0.60499866,0.42953491,-2.40507062,-1.57392771,-2.31978615,-0.10643005,0.60683346,0.42877197,-0.00488281,0.05371094,-0.00000000,-0.01464844,0.01464844,-0.02929688,0.36430359,1.30778629,1.29508972,-0.02441406
21.60911393,7570,-2.40621503,-1.58499034,-2.31978615,-0.10604858,0.60492611,0.42953491,3.87697024,-1.53463633,-2.31978615,-0.10604844,0.60494989,0.42953491,-2.40507062,-1.57278331,-2.31978615,-0.10643005,0.60645199,0.42877197,-0.00488281,0.05371094,0.00488281,0.00000000,0.01464844,-0.01464844,0.36430359,1.30822657,1.29547119,0.00000000
21.61939931,7575,-2.40621503,-1.58499034,-2.31978615,-0.10604858,0.60492611,0.42953491,3.87697027,-1.53463633,-2.31978615,-0.10604854,0.60499494,0.42953491,-2.40507062,-1.57240184,-2.31978615,-0.10643005,0.60645199,0.42877197,-0.00976562,0.02929688,0.00488281,0.00000000,0.02929688,0.00000000,0.36506653,1.30897387,1.29547119,-0.02441406
21.63399601,7580,-2.40621503,-1.58499034,-2.31978615,-0.10604858,0.60492611,0.42953491,3.87697027,-1.53463633,-2.31978615,-0.10604857,0.60494867,0.42953491,-2.40507062,-1.57125743,-2.31978615,-0.10643005,0.60645199,0.42877197,-0.00976562,0.04394531,0.00488281,-0.01464844,0.01464844,-0.02929688,0.36888123,1.31234912,1.29547119,-0.02441406
21.65216398,7585,-2.40621503,-1.58499034,-2.31978615,-0.10604858,0.60492611,0.42953491,3.87697028,-1.53463633,-2.31978615,-0.10604858,0.60493350,0.42953491,-2.40507062,-1.57087596,-2.31978615,-0.10643005,0.60645199,0.42877197,-0.00488281,0.04882812,0.00488281,0.00000000,0.02929688,0.01464844,0.37269592,1.31906108,1.29585266,-0.04882812
21.66561151,7590,-2.40621503,-1.58499034,-2.31978615,-0.10604858,0.60492611,0.42953491,3.87697028,-1.53463633,-2.31978615,-0.10604858,0.60492854,0.42953491,-2.40507062,-1.57011302,-2.31978615,-0.10643005,0.60645199,0.42877197,-0.00488281,0.02929688,0.00488281,0.00000000,-0.00000000,-0.02929688,0.37498474,1.32595528,1.29585266,0.00000000
21.67982292,7595,-2.40621503,-1.58499034,-2.31978615,-0.10604858,0.60492611,0.42953491,3.87697028,-1.53463633,-2.31978615,-0.10604858,0.60492691,0.42953491,-2.40507062,-1.56973155,-2.31978615,-0.10643005,0.60645199,0.42877197,-0.00488281,0.02929688,-0.00000000,-0.01464844,-0.00000000,0.01464844,0.37536621,1.32869508,1.29623413,0.00000000
21.69491315,7600,-2.40621503,-1.58499034,-2.31978615,-0.10604858,0.60492611,0.42953491,3.87690924,-1.53463633,-2.31978615,-0.10604858,0.60492637,0.42953491,-2.40507062,-1.56896861,-2.31978615,-0.10643005,0.60607052,0.42877197,-0.00976562,0.04394531,0.00488281,-0.01464844,-0.00000000,-0.02929688,0.37574768,1.33032552,1.29661560,0.00000000
21.70800376,7605,-2.40659650,-1.58499034,-2.31978615,-0.10604858,0.60492611,0.42953491,3.87677389,-1.53463633,-2.31978615,-0.10604858,0.60492620,0.42953491,-2.40507062,-1.56858714,-2.31978615,-0.10643005,0.60607052,0.42877197,-0.00488281,0.02441406,0.00488281,-0.01464844,0.01464844,-0.01464844,0.38070679,1.33532585,1.29699707,0.00000000
21.72263885,7610,-2.40659650,-1.58499034,-2.31978615,-0.10604858,0.60492611,0.42953491,3.87664946,-1.53463633,-2.31978615,-0.10604858,0.60492614,0.42953491,-2.40507062,-1.56782420,-2.31978615,-0.10643005,0.60607052,0.42877197,-0.00488281,0.04394531,0.00488281,-0.01464844,0.01464844,0.00000000,0.38795471,1.34628541,1.29776001,0.00000000
21.73591018,7615,-2.40621503,-1.58499034,-2.31978615,-0.10604858,0.60530758,0.42953491,3.87677287,-1.53463633,-2.31978615,-0.10604858,0.60508250,0.42953491,-2.40507062,-1.56706126,-2.31978615,-0.10643005,0.60607052,0.42877197,-0.00488281,0.04394531,0.00488281,-0.01464844,-0.00000000,-0.01464844,0.39634705,1.35978142,1.29852295,0.02441406
21.75202751,7620,-2.40659650,-1.58499034,-2.31978615,-0.10604858,0.60530758,0.42953491,3.87674922,-1.53463633,-2.31978615,-0.10604858,0.60523383,0.42953491,-2.40545209,-1.56667979,-2.31978615,-0.10643005,0.60607052,0.42877197,-0.00488281,0.03417969,0.00976562,0.01464844,-0.00000000,-0.01464844,0.40397644,1.37592449,1.29966736,0.04882812
21.76636648,7625,-2.40659650,-1.58499034,-2.31978615,-0.10604858,0.60530758,0.42953491,3.87667262,-1.53463633,-2.31978615,-0.10604858,0.60528342,0.42953491,-2.40545209,-1.56553538,-2.31978615,-0.10643005,0.60607052,0.42877197,-0.00488281,0.04882812,0.00488281,-0.01464844,-0.00000000,0.00000000,0.41084290,1.39107607,1.30081177,0.09765625
21.77885246,7630,-2.40659650,-1.58499034,-2.31978615,-0.10604858,0.60530758,0.42953491,3.87661627,-1.53463633,-2.31978615,-0.10604858,0.60529966,0.42953491,-2.40545209,-1.56515391,-2.31978615,-0.10643005,0.60607052,0.42877197,-0.00488281,0.03906250,0.00488281,-0.01464844,0.02929688,-0.01464844,0.41351318,1.40108953,1.30195618,0.04882812
21.79285717,7635,-2.40659650,-1.58499034,-2.31978615,-0.10604858,0.60530758,0.42953491,3.87673892,-1.53463633,-2.31978615,-0.10604858,0.60530499,0.42953491,-2.40545209,-1.56477244,-2.31978615,-0.10643005,0.60568905,0.42877197,-0.00488281,0.03417969,0.00488281,-0.01464844,-0.00000000,-0.01464844,0.41580200,1.40664661,1.30271912,0.04882812
21.80601311,7640,-2.40659650,-1.58499034,-2.31978615,-0.10604858,0.60530758,0.42953491,3.87668683,-1.53463633,-2.31978615,-0.10604858,0.60530673,0.42953491,-2.40545209,-1.56400950,-2.31978615,-0.10643005,0.60568905,0.42877197,-0.00488281,0.04394531,0.00488281,-0.01464844,0.01464844,0.00000000,0.41732788,1.41154080,1.30348206,0.04882812
21.81933475,7645,-2.40659650,-1.58499034,-2.31978615,-0.10604858,0.60530758,0.42953491,3.87665218,-1.53463633,-2.31978615,-0.10604858,0.60530731,0.42953491,-2.40545209,-1.56362803,-2.31978615,-0.10643005,0.60607052,0.42877197,-0.00488281,0.03417969,0.00976562,-0.02929688,0.01464844,-0.01464844,0.41809082,1.41424853,1.30538940,0.09765625
21.83246017,7650,-2.40659650,-1.58499034,-2.31978615,-0.10604858,0.60530758,0.42953491,3.87660957,-1.53463633,-2.31978615,-0.10604858,0.60530749,0.42953491,-2.40545209,-1.56324656,-2.31978615,-0.10643005,0.60568905,0.42877197,-0.00976562,0.01953125,0.00488281,-0.01464844,0.01464844,0.00000000,0.42190552,1.41812848,1.30767822,0.19531250
21.84697866,7655,-2.40659650,-1.58499034,-2.31978615,-0.10604858,0.60530758,0.42953491,3.87659561,-1.53463633,-2.31978615,-0.10604858,0.60530755,0.42953491,-2.40545209,-1.56248362,-2.31978615,-0.10643005,0.60568905,0.42877197,-0.00488281,0.03906250,0.00488281,-0.01464844,0.01464844,-0.01464844,0.42304993,1.42313790,1.30996704,0.14648438
21.86279535,7660,-2.40621503,-1.58499034,-2.31978615,-0.10604858,0.60530758,0.42953491,3.87675962,-1.53463633,-2.31978615,-0.10604858,0.60530757,0.42953491,-2.40545209,-1.56210215,-2.31978615,-0.10643005,0.60568905,0.42877197,-0.00488281,0.02929688,0.00488281,-0.01464844,-0.00000000,-0.02929688,0.42343140,1.42537045,1.31225586,0.21972656
21.87581873,7665,-2.40659650,-1.58499034,-2.31978615,-0.10604858,0.60530758,0.42953491,3.87673707,-1.53463633,-2.31978615,-0.10604858,0.60530758,0.42953491,-2.40545209,-1.56133921,-2.31978615,-0.10643005,0.60568905,0.42877197,-0.00976562,0.03906250,0.00488281,0.00000000,0.01464844,-0.01464844,0.42457581,1.42713985,1.31454468,0.07324219
21.88974690,7670,-2.40659650,-1.58499034,-2.31978615,-0.10604858,0.60530758,0.42953491,3.87669843,-1.53463633,-2.31978615,-0.10604858,0.60530758,0.42953491,-2.40545209,-1.56095774,-2.31978615,-0.10643005,0.60568905,0.42877197,-0.00976562,0.02441406,0.00976562,-0.02929688,0.01464844,0.00000000,0.42800903,1.43165642,1.31759644,0.24414062
21.90209031,7675,-2.40621503,-1.58499034,-2.31978615,-0.10604858,0.60530758,0.42953491,3.87679331,-1.53463633,-2.31978615,-0.10604858,0.60530758,0.42953491,-2.40545209,-1.56057627,-2.31978615,-0.10643005,0.60568905,0.42877197,-0.00488281,0.04394531,0.00488281,-0.01464844,0.01464844,-0.01464844,0.42915344,1.43553069,1.32102966,0.36621094
21.91572237,7680,-2.40659650,-1.58499034,-2.31978615,-0.10604858,0.60530758,0.42953491,3.87679693,-1.53463633,-2.31978615,-0.10604858,0.60530758,0.42953491,-2.40545209,-1.55981333,-2.31978615,-0.10643005,0.60568905,0.42877197,-0.00976562,0.04394531,0.00488281,-0.01464844,0.02929688,-0.01464844,0.43449402,1.44141887,1.32446289,0.21972656
21.93161154,7685,-2.40621503,-1.58499034,-2.31978615,-0.10604858,0.60492611,0.42953491,3.87688223,-1.53463633,-2.31978615,-0.10604858,0.60523129,0.42953491,-2.40545209,-1.55905040,-2.31978615,-0.10643005,0.60568905,0.42877197,-0.00976562,0.02441406,0.00488281,-0.01464844,0.02929688,-0.01464844,0.43945312,1.45045890,1.32789612,0.19531250
21.94761753,7690,-2.40621503,-1.58499034,-2.31978615,-0.10604858,0.60492611,0.42953491,3.87689260,-1.53463633,-2.31978615,-0.10604858,0.60502611,0.42953491,-2.40545209,-1.55866893,-2.31978615,-0.10643005,0.60568905,0.42877197,-0.00976562,0.03417969,0.00488281,-0.01464844,0.01464844,-0.01464844,0.44479370,1.46072045,1.33132935,0.09765625
21.96144271,7695,-2.40621503,-1.58499034,-2.31978615,-0.10604858,0.60492611,0.42953491,3.87690576,-1.53463633,-2.31978615,-0.10604858,0.60495888,0.42953491,-2.40545209,-1.55828746,-2.31978615,-0.10643005,0.60568905,0.42877197,-0.00488281,0.01953125,0.00488281,-0.01464844,0.01464844,-0.02929688,0.45280457,1.47441524,1.33323669,0.12207031
21.97366834,7700,-2.40659650,-1.58499034,-2.31978615,-0.10604858,0.60492611,0.42953491,3.87684159,-1.53463633,-2.31978615,-0.10604858,0.60493685,0.42953491,-2.40545209,-1.55790599,-2.31978615,-0.10643005,0.60568905,0.42877197,-0.00976562,0.03417969,0.00488281,-0.01464844,0.02929688,-0.01464844,0.45890808,1.48722989,1.33552551,0.09765625
21.98957634,7705,-2.40621503,-1.58499034,-2.31978615,-0.10604858,0.60492611,0.42953491,3.87686708,-1.53463633,-2.31978615,-0.10604858,0.60492963,0.42953491,-2.40545209,-1.55752452,-2.31978615,-0.10643005,0.60568905,0.42877197,-0.00488281,0.00976562,0.00976562,-0.01464844,0.01464844,-0.01464844,0.46424866,1.49907402,1.33743286,0.09765625
22.00372624,7710,-2.40621503,-1.58499034,-2.31978615,-0.10604858,0.60492611,0.42953491,3.87689740,-1.53463633,-2.31978615,-0.10604858,0.60492727,0.42953491,-2.40545209,-1.55714305,-2.31978615,-0.10643005,0.60568905,0.42877197,-0.00488281,0.02441406,0.00488281,-0.01464844,-0.00000000,-0.01464844,0.47073364,1.51201687,1.34239197,0.36621094
22.01575112,7715,-2.40659650,-1.58499034,-2.31978615,-0.10604858,0.60492611,0.42953491,3.87683104,-1.53463633,-2.31978615,-0.10604858,0.60492649,0.42953491,-2.40583356,-1.55676158,-2.31978615,-0.10643005,0.60568905,0.42877197,-0.00488281,0.01953125,0.00488281,-0.01464844,0.01464844,-0.01464844,0.47340393,1.52056535,1.34506226,0.21972656
22.02815557,7720,-2.40659650,-1.58499034,-2.31978615,-0.10604858,0.60492611,0.42953491,3.87680930,-1.53463633,-2.31978615,-0.10604858,0.60492624,0.42953491,-2.40583356,-1.55638011,-2.31978615,-0.10643005,0.60568905,0.42877197,-0.00488281,0.02441406,0.00976562,-0.01464844,0.01464844,-0.01464844,0.47721863,1.52865314,1.34811401,0.19531250
22.04303360,7725,-2.40621503,-1.58499034,-2.31978615,-0.10604858,0.60492611,0.42953491,3.87676860,-1.53463633,-2.31978615,-0.10604858,0.60497498,0.42953491,-2.40583356,-1.55599864,-2.31978615,-0.10643005,0.60568905,0.42877197,-0.00488281,0.03417969,0.00488281,-0.01464844,0.01464844,0.00000000,0.48065186,1.53508289,1.35612488,0.51269531
22.05657411,7730,-2.40659650,-1.58499034,-2.31978615,-0.10604858,0.60492611,0.42953491,3.87671804,-1.53463633,-2.31978615,-0.10604858,0.60494213,0.42953491,-2.40583356,-1.55561717,-2.31978615,-0.10643005,0.60568905,0.42877197,-0.00488281,0.01464844,0.00488281,-0.01464844,0.02929688,-0.01464844,0.48446655,1.54217856,1.35955811,0.19531250
22.06995296,7735,-2.40659650,-1.58499034,-2.31978615,-0.10643005,0.60492611,0.42953491,3.87666240,-1.53463633,-2.31978615,-0.10612488,0.60493136,0.42953491,-2.40583356,-1.55523570,-2.31978615,-0.10643005,0.60568905,0.42877197,-0.00976562,0.02441406,0.00488281,-0.01464844,0.01464844,-0.02929688,0.48789978,1.55025489,1.36795044,0.43945312
22.08383012,7740,-2.40659650,-1.58499034,-2.31978615,-0.10643005,0.60492611,0.42953491,3.87664418,-1.53463633,-2.31978615,-0.10633005,0.60492783,0.42953491,-2.40583356,-1.55485423,-2.31978615,-0.10643005,0.60568905,0.42877197,-0.00976562,0.01953125,0.00488281,0.00000000,0.01464844,-0.02929688,0.48942566,1.55526169,1.37023926,0.14648438
22.09811330,7745,-2.40659650,-1.58499034,-2.31978615,-0.10643005,0.60492611,0.42953491,3.87660695,-1.53463633,-2.31978615,-0.10639729,0.60492668,0.42953491,-2.40583356,-1.55447276,-2.31978615,-0.10643005,0.60568905,0.42877197,-0.00488281,0.01953125,0.00488281,-0.01464844,0.02929688,-0.02929688,0.49247742,1.56060838,1.37596130,0.48828125
22.11329889,7750,-2.40659650,-1.58499034,-2.31978615,-0.10643005,0.60492611,0.42953491,3.87659475,-1.53463633,-2.31978615,-0.10641932,0.60492630,0.42953491,-2.40583356,-1.55409129,-2.31978615,-0.10643005,0.60568905,0.42877197,-0.00976562,0.01953125,0.00488281,-0.01464844,-0.00000000,0.00000000,0.49362183,1.56439431,1.38244629,0.41503906
22.12679935,7755,-2.40659650,-1.58499034,-2.31978615,-0.10643005,0.60492611,0.42953491,3.87659076,-1.53463633,-2.31978615,-0.10642654,0.60492618,0.42953491,-2.40583356,-1.55370982,-2.31978615,-0.10643005,0.60568905,0.42877197,-0.00976562,0.01953125,0.00488281,0.00000000,0.01464844,0.00000000,0.49819946,1.56993274,1.39083862,0.48828125
22.14248729,7760,-2.40621503,-1.58499034,-2.31978615,-0.10643005,0.60492611,0.42953491,3.87666574,-1.53463633,-2.31978615,-0.10642890,0.60492613,0.42953491,-2.40583356,-1.55332835,-2.31978615,-0.10643005,0.60568905,0.42877197,-0.00488281,0.02441406,0.00488281,0.00000000,-0.00000000,-0.01464844,0.49934387,1.57484596,1.39541626,0.31738281
22.15624595,7765,-2.40659650,-1.58499034,-2.31978615,-0.10643005,0.60492611,0.42953491,3.87661402,-1.53463633,-2.31978615,-0.10642968,0.60492612,0.42953491,-2.40583356,-1.55294688,-2.31978615,-0.10643005,0.60530758,0.42877197,-0.00488281,0.01953125,0.00488281,0.00000000,-0.00000000,0.00000000,0.50010681,1.57777966,1.39732361,0.02441406
22.17130494,7770,-2.40659650,-1.58499034,-2.31978615,-0.10643005,0.60492611,0.42953491,3.87659707,-1.53463633,-2.31978615,-0.10642993,0.60492612,0.42953491,-2.40583356,-1.55256541,-2.31978615,-0.10643005,0.60530758,0.42877197,0.00000000,0.02929688,0.00488281,-0.01464844,-0.01464844,0.00000000,0.50277710,1.58245361,1.40533447,0.63476562
22.18721342,7775,-2.40659650,-1.58499034,-2.31978615,-0.10643005,0.60492611,0.42953491,3.87659152,-1.53463633,-2.31978615,-0.10643001,0.60486508,0.42953491,-2.40583356,-1.55218394,-2.31978615,-0.10643005,0.60530758,0.42877197,0.00000000,0.01464844,0.00488281,-0.02929688,0.01464844,-0.01464844,0.50315857,1.58493952,1.41487122,0.56152344
22.19942212,7780,-2.40659650,-1.58499034,-2.31978615,-0.10643005,0.60492611,0.42953491,3.87658970,-1.53463633,-2.31978615,-0.10643004,0.60480602,0.42953491,-2.40621503,-1.55218394,-2.31978615,-0.10643005,0.60530758,0.42877197,-0.00976562,0.00976562,-0.00000000,-0.01464844,0.02929688,-0.01464844,0.50315857,1.58575411,1.42478943,0.80566406
22.21316504,7785,-2.40659650,-1.58499034,-2.31978615,-0.10643005,0.60454464,0.42953491,3.87658910,-1.53463633,-2.31978615,-0.10643005,0.60463029,0.42953491,-2.40621503,-1.55180247,-2.31978615,-0.10643005,0.60530758,0.42877197,-0.00488281,0.00976562,0.00488281,-0.02929688,0.01464844,-0.02929688,0.50315857,1.58611868,1.43661499,0.75683594
22.22534442,7790,-2.40659650,-1.58499034,-2.31978615,-0.10643005,0.60454464,0.42953491,3.87664994,-1.53463633,-2.31978615,-0.10643005,0.60457271,0.42953491,-2.40621503,-1.55142100,-2.31978615,-0.10643005,0.60530758,0.42877197,-0.00976562,0.00976562,0.00488281,0.00000000,0.01464844,0.00000000,0.50392151,1.58680602,1.44729614,0.90332031
22.23862123,7795,-2.40659650,-1.58499034,-2.31978615,-0.10643005,0.60454464,0.42953491,3.87666988,-1.53463633,-2.31978615,-0.10643005,0.60455384,0.42953491,-2.40621503,-1.55142100,-2.31978615,-0.10643005,0.60530758,0.42877197,-0.00976562,0.01953125,0.00488281,-0.01464844,0.01464844,-0.04394531,0.50468445,1.58821435,1.45759583,0.78125000
22.25313473,7800,-2.40659650,-1.58499034,-2.31978615,-0.10604858,0.60454464,0.42953491,3.87661537,-1.53463633,-2.31978615,-0.10635376,0.60454766,0.42953491,-2.40621503,-1.55103953,-2.31978615,-0.10643005,0.60530758,0.42877197,0.00000000,0.01953125,0.00488281,0.00000000,-0.00000000,-0.01464844,0.50888062,1.59349786,1.46751404,0.78125000
22.26694536,7805,-2.40621503,-1.58499034,-2.31978615,-0.10643005,0.60454464,0.42953491,3.87682273,-1.53463633,-2.31978615,-0.10635623,0.60454563,0.42953491,-2.40621503,-1.55027659,-2.31978615,-0.10643005,0.60492611,0.42877197,-0.00488281,0.03417969,0.00488281,-0.02929688,-0.01464844,-0.01464844,0.51307678,1.59951114,1.47781372,0.73242188
22.28111434,7810,-2.40659650,-1.58499034,-2.31978615,-0.10604858,0.60454464,0.42953491,3.87673577,-1.53463633,-2.31978615,-0.10618064,0.60454497,0.42953491,-2.40621503,-1.55027659,-2.31978615,-0.10643005,0.60530758,0.42915344,-0.00488281,0.01464844,-0.00000000,-0.01464844,0.01464844,0.00000000,0.51651001,1.60684998,1.49154663,0.78125000
22.29497695,7815,-2.40659650,-1.58499034,-2.31978615,-0.10604858,0.60454464,0.42953491,3.87677808,-1.53463633,-2.31978615,-0.10609186,0.60454475,0.42953491,-2.40621503,-1.54989512,-2.31978615,-0.10643005,0.60530758,0.42915344,-0.00488281,0.01464844,0.00488281,-0.01464844,0.01464844,-0.01464844,0.52032471,1.61501112,1.49917603,0.65917969
22.31025505,7820,-2.40659650,-1.58499034,-2.31978615,-0.10604858,0.60454464,0.42953491,3.87678218,-1.53463633,-2.31978615,-0.10606276,0.60461499,0.42953491,-2.40621503,-1.54951365,-2.31978615,-0.10643005,0.60530758,0.42877197,-0.00488281,0.02441406,0.00488281,-0.01464844,0.02929688,-0.01464844,0.52566528,1.62400714,1.51290894,0.80566406
22.32497907,7825,-2.40621503,-1.58499034,-2.31978615,-0.10604858,0.60454464,0.42953491,3.87690864,-1.53463633,-2.31978615,-0.10605323,0.60465559,0.42953491,-2.40621503,-1.54913218,-2.31978615,-0.10643005,0.60530758,0.42877197,-0.00488281,0.01464844,0.00488281,0.00000000,-0.00000000,-0.01464844,0.52680969,1.62963439,1.52664185,0.61035156
22.33774400,7830,-2.40659650,-1.58499034,-2.31978615,-0.10604858,0.60454464,0.42953491,3.87679371,-1.53463633,-2.31978615,-0.10605011,0.60458100,0.42953491,-2.40621503,-1.54913218,-2.31978615,-0.10643005,0.60492611,0.42915344,-0.00488281,0.00976562,0.00488281,0.00000000,0.01464844,-0.01464844,0.53024292,1.63577545,1.53350830,0.58593750
22.35237503,7835,-2.40659650,-1.58499034,-2.31978615,-0.10604858,0.60454464,0.42953491,3.87671699,-1.53463633,-2.31978615,-0.10604908,0.60455656,0.42953491,-2.40621503,-1.54875071,-2.31978615,-0.10643005,0.60492611,0.42877197,-0.00488281,0.02441406,0.00488281,0.00000000,0.01464844,-0.01464844,0.53405762,1.64174137,1.54800415,0.85449219
22.36814451,7840,-2.40659650,-1.58499034,-2.31978615,-0.10604858,0.60454464,0.42953491,3.87669185,-1.53463633,-2.31978615,-0.10604875,0.60454855,0.42953491,-2.40621503,-1.54836924,-2.31978615,-0.10643005,0.60492611,0.42877197,-0.00488281,0.01464844,-0.00000000,-0.01464844,0.01464844,0.00000000,0.53634644,1.64878954,1.56059265,0.61035156
22.38200307,7845,-2.40659650,-1.58499034,-2.31978615,-0.10604858,0.60454464,0.42953491,3.87665382,-1.53463633,-2.31978615,-0.10604864,0.60454592,0.42953491,-2.40621503,-1.54798777,-2.31978615,-0.10643005,0.60530758,0.42877197,0.00000000,0.01464844,0.00488281,0.00000000,0.01464844,-0.02929688,0.53787231,1.65261471,1.56555176,0.48828125
22.39802766,7850,-2.40659650,-1.58499034,-2.31978615,-0.10604858,0.60454464,0.42953491,3.87661011,-1.53463633,-2.31978615,-0.10604860,0.60454506,0.42953491,-2.40621503,-1.54760630,-2.31978615,-0.10643005,0.60492611,0.42877197,0.00000000,0.02441406,0.00488281,-0.01464844,0.01464844,-0.02929688,0.54130554,1.65799632,1.57775879,0.83007812
22.41039491,7855,-2.40659650,-1.58499034,-2.31978615,-0.10604858,0.60454464,0.42953491,3.87659579,-1.53463633,-2.31978615,-0.10604859,0.60454478,0.42953491,-2.40621503,-1.54760630,-2.31978615,-0.10643005,0.60492611,0.42877197,0.00000000,0.01464844,-0.00000000,-0.01464844,-0.00000000,-0.01464844,0.54130554,1.66084668,1.58538818,0.73242188
22.42291355,7860,-2.40659650,-1.58499034,-2.31978615,-0.10604858,0.60454464,0.42953491,3.87659110,-1.53463633,-2.31978615,-0.10604859,0.60454469,0.42953491,-2.40621503,-1.54722483,-2.31978615,-0.10643005,0.60492611,0.42877197,-0.00488281,0.00976562,0.00488281,-0.01464844,-0.00000000,-0.01464844,0.54130554,1.66192131,1.59301758,0.21972656
22.43666816,7865,-2.40659650,-1.58499034,-2.31978615,-0.10604858,0.60454464,0.42953491,3.87658956,-1.53463633,-2.31978615,-0.10604858,0.60454466,0.42953491,-2.40621503,-1.54684336,-2.31978615,-0.10643005,0.60492611,0.42877197,-0.00488281,0.01464844,0.00488281,-0.01464844,0.01464844,0.00000000,0.54168701,1.66284595,1.59721375,0.41503906
22.44942164,7870,-2.40659650,-1.58499034,-2.31978615,-0.10604858,0.60454464,0.42953491,3.87658906,-1.53463633,-2.31978615,-0.10604858,0.60454465,0.42953491,-2.40621503,-1.54684336,-2.31978615,-0.10643005,0.60492611,0.42877197,-0.00488281,0.01464844,0.00488281,-0.01464844,-0.00000000,0.00000000,0.54244995,1.66369240,1.60446167,0.56152344
22.46233535,7875,-2.40659650,-1.58499034,-2.31978615,-0.10604858,0.60454464,0.42953491,3.87658889,-1.53463633,-2.31978615,-0.10607983,0.60454465,0.42953491,-2.40621503,-1.54684336,-2.31978615,-0.10643005,0.60492611,0.42877197,-0.00488281,0.00976562,0.00488281,0.00000000,0.01464844,-0.01464844,0.54626465,1.66794388,1.60980225,0.58593750
22.47660542,7880,-2.40659650,-1.58499034,-2.31978615,-0.10604858,0.60454464,0.42953491,3.87658884,-1.53463633,-2.31978615,-0.10605882,0.60454465,0.42953491,-2.40621503,-1.54646189,-2.31978615,-0.10643005,0.60492611,0.42915344,-0.00976562,0.00488281,0.00488281,-0.01464844,0.01464844,-0.01464844,0.54969788,1.67343491,1.61933899,0.36621094
22.49098396,7885,-2.40659650,-1.58499034,-2.31978615,-0.10604858,0.60454464,0.42953491,3.87672017,-1.53463633,-2.31978615,-0.10605194,0.60454465,0.42953491,-2.40621503,-1.54646189,-2.31978615,-0.10643005,0.60492611,0.42877197,-0.00488281,0.00976562,0.00488281,-0.02929688,0.01464844,-0.01464844,0.55427551,1.68210530,1.62582397,0.41503906
22.50503731,7890,-2.40659650,-1.58499034,-2.31978615,-0.10604858,0.60454464,0.42953491,3.87663185,-1.53463633,-2.31978615,-0.10604968,0.60454464,0.42953491,-2.40621503,-1.54608042,-2.31978615,-0.10643005,0.60492611,0.42915344,-0.00488281,0.00976562,0.00488281,-0.01464844,0.01464844,0.00000000,0.55770874,1.68962342,1.62925720,0.19531250
22.51986122,7895,-2.40659650,-1.58499034,-2.31978615,-0.10604858,0.60454464,0.42953491,3.87660291,-1.53463633,-2.31978615,-0.10604894,0.60454464,0.42953491,-2.40621503,-1.54608042,-2.31978615,-0.10643005,0.60492611,0.42915344,-0.00488281,0.00976562,0.00488281,-0.01464844,0.01464844,0.00000000,0.56381226,1.69907426,1.63307190,0.41503906
22.53337026,7900,-2.40659650,-1.58499034,-2.31978615,-0.10604858,0.60454464,0.42953491,3.87659343,-1.53463633,-2.31978615,-0.10604870,0.60454464,0.42953491,-2.40621503,-1.54569895,-2.31978615,-0.10643005,0.60492611,0.42877197,-0.00488281,0.00488281,-0.00000000,0.00000000,0.02929688,-0.01464844,0.57029724,1.70994479,1.64222717,0.56152344
22.54802561,7905,-2.40659650,-1.58499034,-2.31978615,-0.10604858,0.60454464,0.42953491,3.87659032,-1.53463633,-2.31978615,-0.10604862,0.60454464,0.42953491,-2.40621503,-1.54569895,-2.31978615,-0.10643005,0.60492611,0.42877197,-0.00488281,0.00976562,0.00488281,-0.01464844,0.01464844,0.00000000,0.57830811,1.72378053,1.65061951,0.58593750
22.56240106,7910,-2.40659650,-1.58499034,-2.31978615,-0.10604858,0.60454464,0.42953491,3.87658931,-1.53463633,-2.31978615,-0.10604860,0.60454464,0.42953491,-2.40621503,-1.54531748,-2.31978615,-0.10643005,0.60492611,0.42915344,0.00000000,0.00976562,0.00488281,-0.01464844,0.01464844,-0.01464844,0.58517456,1.73882253,1.65519714,0.34179688
22.57530475,7915,-2.40659650,-1.58499034,-2.31978615,-0.10604858,0.60454464,0.42953491,3.87663780,-1.53463633,-2.31978615,-0.10604859,0.60454464,0.42953491,-2.40621503,-1.54493602,-2.31978615,-0.10643005,0.60492611,0.42877197,-0.00976562,0.01953125,0.00976562,-0.01464844,0.01464844,-0.01464844,0.59165955,1.75292946,1.66358948,0.68359375
22.59099627,7920,-2.40659650,-1.58499034,-2.31978615,-0.10604858,0.60454464,0.42953491,3.87660486,-1.53463633,-2.31978615,-0.10604859,0.60454464,0.42953491,-2.40621503,-1.54493602,-2.31978615,-0.10643005,0.60492611,0.42915344,-0.00488281,0.00976562,0.00488281,-0.01464844,-0.00000000,0.00000000,0.60081482,1.76778835,1.67427063,0.61035156
22.60843992,7925,-2.40659650,-1.58499034,-2.31978615,-0.10604858,0.60454464,0.42953491,3.87659407,-1.53463633,-2.31978615,-0.10604858,0.60454464,0.42964478,-2.40621503,-1.54455455,-2.31978615,-0.10643005,0.60492611,0.42915344,-0.00488281,0.00488281,0.00488281,-0.02929688,0.01464844,0.00000000,0.60729980,1.78322983,1.68533325,0.65917969
22.62012434,7930,-2.40659650,-1.58499034,-2.31978615,-0.10604858,0.60454464,0.42953491,3.87659053,-1.53463633,-2.31978615,-0.10604858,0.60454464,0.42957091,-2.40621503,-1.54455455,-2.31978615,-0.10643005,0.60492611,0.42915344,-0.00488281,0.00488281,0.00488281,-0.01464844,0.01464844,-0.02929688,0.61683655,1.80092958,1.69448853,0.61035156
22.63558674,7935,-2.40659650,-1.58499034,-2.31978615,-0.10604858,0.60454464,0.42991638,3.87658937,-1.53463633,-2.31978615,-0.10604858,0.60454464,0.42962300,-2.40621503,-1.54455455,-2.31978615,-0.10643005,0.60492611,0.42915344,-0.00488281,0.00000000,0.00976562,0.00000000,0.01464844,-0.01464844,0.62446594,1.81662201,1.70631409,0.90332031
22.65267467,7940,-2.40659650,-1.58499034,-2.31978615,-0.10604858,0.60454464,0.42953491,3.87658899,-1.53463633,-2.31978615,-0.10604858,0.60454464,0.42956378,-2.40621503,-1.54417308,-2.31978615,-0.10643005,0.60492611,0.42915344,-0.00488281,0.01464844,0.00488281,0.00000000,0.02929688,-0.02929688,0.63400269,1.83340596,1.71966553,0.63476562
22.66671991,7945,-2.40659650,-1.58499034,-2.31978615,-0.10604858,0.60454464,0.42953491,3.87658887,-1.53463633,-2.31978615,-0.10604858,0.60454464,0.42965423,-2.40621503,-1.54379161,-2.31978615,-0.10643005,0.60492611,0.42915344,-0.00488281,0.00976562,0.00488281,0.00000000,0.02929688,-0.01464844,0.64277649,1.85049141,1.72615051,0.75683594
22.68116117,7950,-2.40659650,-1.58499034,-2.31978615,-0.10604858,0.60454464,0.42953491,3.87658883,-1.53463633,-2.31978615,-0.10604858,0.60454464,0.42957401,-2.40659650,-1.54379161,-2.31978615,-0.10643005,0.60492611,0.42915344,-0.00976562,0.00488281,0.00488281,0.01464844,0.01464844,0.00000000,0.65383911,1.86959331,1.74484253,1.02539062
22.69664502,7955,-2.40659650,-1.58499034,-2.31978615,-0.10604858,0.60492611,0.42991638,3.87658882,-1.53463633,-2.31978615,-0.10604858,0.60462094,0.42980419,-2.40659650,-1.54341014,-2.31978615,-0.10643005,0.60492611,0.42915344,-0.00488281,0.01464844,0.00488281,-0.02929688,-0.00000000,-0.01464844,0.66642761,1.88959331,1.75361633,0.65917969
22.70876694,7960,-2.40659650,-1.58499034,-2.31978615,-0.10604858,0.60492611,0.42953491,3.87658881,-1.53463633,-2.31978615,-0.10604858,0.60479486,0.42975450,-2.40659650,-1.54302867,-2.31978615,-0.10643005,0.60492611,0.42915344,-0.00976562,0.00976562,-0.00000000,-0.02929688,0.01464844,0.00000000,0.67825317,1.90959331,1.76391602,0.75683594
22.72371888,7965,-2.40659650,-1.58499034,-2.31978615,-0.10604858,0.60492611,0.42991638,3.87658881,-1.53463633,-2.31978615,-0.10604858,0.60488311,0.42986334,-2.40659650,-1.54302867,-2.31978615,-0.10643005,0.60492611,0.42915344,-0.00976562,0.01464844,0.00976562,-0.04394531,-0.01464844,-0.01464844,0.69046021,1.92959331,1.77879333,0.95214844
22.73696184,7970,-2.40659650,-1.58499034,-2.31978615,-0.10604858,0.60530758,0.42991638,3.87658881,-1.53463633,-2.31978615,-0.10604858,0.60513724,0.42989900,-2.40659650,-1.54264720,-2.31978615,-0.10643005,0.60492611,0.42915344,-0.00488281,0.00488281,0.00488281,-0.01464844,0.01464844,-0.01464844,0.69999695,1.94959331,1.78756714,0.61035156
22.75157332,7975,-2.40659650,-1.58499034,-2.31978615,-0.10566711,0.60568905,0.42991638,3.87658881,-1.53463633,-2.31978615,-0.10593323,0.60538910,0.42987944,-2.40659650,-1.54264720,-2.31978615,-0.10643005,0.60492611,0.42915344,-0.00976562,0.00000000,0.00488281,-0.01464844,0.01464844,0.00000000,0.71754456,1.96959331,1.79786682,0.75683594
22.76651096,7980,-2.40621503,-1.58499034,-2.31978615,-0.10604858,0.60568905,0.42991638,3.87666510,-1.53463633,-2.31978615,-0.10601078,0.60559076,0.42990428,-2.40659650,-1.54264720,-2.31978615,-0.10643005,0.60492611,0.42915344,-0.00488281,-0.00488281,0.00976562,-0.02929688,0.01464844,-0.01464844,0.73280334,1.98959331,1.81121826,0.97656250
22.78110290,7985,-2.40659650,-1.58499034,-2.31978615,-0.10604858,0.60568905,0.42991638,3.87661381,-1.53463633,-2.31978615,-0.10600495,0.60565685,0.42979327,-2.40659650,-1.54264720,-2.31978615,-0.10643005,0.60492611,0.42915344,-0.00976562,-0.00488281,0.00488281,-0.01464844,0.01464844,0.00000000,0.74653625,2.00959331,1.82304382,0.61035156
22.79523969,7990,-2.40659650,-1.58499034,-2.31978615,-0.10604858,0.60568905,0.42991638,3.87659700,-1.53463633,-2.31978615,-0.10600304,0.60567850,0.42984479,-2.40659650,-1.54264720,-2.31978615,-0.10643005,0.60530758,0.42915344,-0.00976562,0.00000000,-0.00000000,-0.01464844,0.02929688,-0.02929688,0.76217651,2.02959331,1.83258057,0.75683594
22.80957603,7995,-2.40659650,-1.58499034,-2.31978615,-0.10604858,0.60568905,0.42953491,3.87659149,-1.53463633,-2.31978615,-0.10600241,0.60568560,0.42981663,-2.40659650,-1.54264720,-2.31978615,-0.10643005,0.60492611,0.42915344,-0.01464844,0.00000000,0.00488281,-0.01464844,0.01464844,0.00000000,0.77323914,2.04959331,1.84402466,0.92773438
22.82728291,8000,-2.40621503,-1.58499034,-2.31978615,-0.10604858,0.60568905,0.42953491,3.87666598,-1.53463633,-2.31978615,-0.10591431,0.60568792,0.42967605,-2.40697797,-1.54226573,-2.31978615,-0.10643005,0.60492611,0.42915344,-0.00976562,0.01464844,0.00488281,0.00000000,0.01464844,-0.01464844,0.78926086,2.06959331,1.85813904,0.75683594
22.84097505,8005,-2.40659650,-1.58499034,-2.31978615,-0.10604858,0.60530758,0.42991638,3.87661410,-1.53463633,-2.31978615,-0.10596552,0.60561239,0.42965746,-2.40697797,-1.54188426,-2.31978615,-0.10643005,0.60492611,0.42915344,-0.00488281,0.01464844,0.00488281,-0.01464844,0.01464844,-0.02929688,0.80261230,2.08959331,1.86996460,0.75683594
22.85698819,8010,-2.40659650,-1.58499034,-2.31978615,-0.10604858,0.60530758,0.42953491,3.87659710,-1.53463633,-2.31978615,-0.10596033,0.60540746,0.42966296,-2.40697797,-1.54188426,-2.31978615,-0.10643005,0.60492611,0.42915344,-0.00488281,0.01464844,0.00488281,-0.01464844,0.01464844,-0.02929688,0.81787109,2.10959331,1.88407898,0.85449219
22.87053180,8015,-2.40659650,-1.58499034,-2.31978615,-0.10566711,0.60530758,0.42953491,3.87659152,-1.53463633,-2.31978615,-0.10579445,0.60534031,0.42961593,-2.40697797,-1.54150279,-2.31978615,-0.10643005,0.60530758,0.42915344,-0.00488281,0.01464844,0.00488281,0.00000000,0.02929688,-0.01464844,0.82778931,2.12959331,1.89552307,0.83007812
22.88458991,8020,-2.40659650,-1.58499034,-2.31978615,-0.10566711,0.60530758,0.42953491,3.87662876,-1.53463633,-2.31978615,-0.10574790,0.60531831,0.42961029,-2.40697797,-1.54112132,-2.31978615,-0.10643005,0.60492611,0.42915344,-0.00488281,0.00976562,0.00488281,-0.01464844,0.02929688,-0.01464844,0.83999634,2.14959331,1.90582275,0.80566406
22.89771605,8025,-2.40659650,-1.58499034,-2.31978615,-0.10566711,0.60530758,0.42991638,3.87660190,-1.53463633,-2.31978615,-0.10569359,0.60531110,0.42977702,-2.40697797,-1.54112132,-2.31978615,-0.10643005,0.60492611,0.42915344,0.00000000,0.00976562,0.00488281,-0.02929688,0.01464844,0.00000000,0.85220337,2.16959331,1.91574097,0.73242188
22.91276240,8030,-2.40659650,-1.58499034,-2.31978615,-0.10566711,0.60530758,0.42953491,3.87659310,-1.53463633,-2.31978615,-0.10567579,0.60530874,0.42968456,-2.40697797,-1.54112132,-2.31978615,-0.10643005,0.60492611,0.42915344,-0.00488281,0.00000000,0.00488281,-0.01464844,0.01464844,-0.01464844,0.86441040,2.18959331,1.92756653,0.78125000
22.92850137,8035,-2.40659650,-1.58499034,-2.31978615,-0.10528564,0.60530758,0.42953491,3.87659022,-1.53463633,-2.31978615,-0.10544474,0.60530796,0.42967623,-2.40697797,-1.54112132,-2.31978615,-0.10643005,0.60530758,0.42915344,-0.00488281,-0.00488281,0.00976562,0.00000000,0.02929688,-0.02929688,0.87890625,2.20959331,1.94206238,0.80566406
22.94452834,8040,-2.40621503,-1.58499034,-2.31978615,-0.10490417,0.60530758,0.42991638,3.87666556,-1.53463633,-2.31978615,-0.10511256,0.60530771,0.42979863,-2.40697797,-1.54073985,-2.31978615,-0.10643005,0.60530758,0.42915344,-0.00488281,-0.00976562,0.00488281,-0.02929688,0.01464844,-0.01464844,0.89187622,2.22959331,1.95198059,0.65917969
22.95907021,8045,-2.40659650,-1.58499034,-2.31978615,-0.10452271,0.60530758,0.42953491,3.87676289,-1.53463633,-2.31978615,-0.10474724,0.60530762,0.42975267,-2.40697797,-1.54073985,-2.31978615,-0.10643005,0.60530758,0.42915344,-0.00488281,-0.00488281,0.00488281,-0.02929688,0.01464844,-0.01464844,0.90484619,2.24959331,1.96533203,0.87890625
22.97253299,8050,-2.40621503,-1.58499034,-2.31978615,-0.10414124,0.60530758,0.42991638,3.87685349,-1.53463633,-2.31978615,-0.10437106,0.60530760,0.42977485,-2.40697797,-1.54073985,-2.31978615,-0.10643005,0.60530758,0.42915344,-0.00488281,0.00000000,0.00488281,-0.01464844,0.02929688,-0.01464844,0.91629028,2.26959331,1.97639465,0.73242188
22.98635817,8055,-2.40621503,-1.58499034,-2.31978615,-0.10299683,0.60530758,0.42991638,3.87688318,-1.53463633,-2.31978615,-0.10363659,0.60530759,0.42979969,-2.40697797,-1.54073985,-2.31978615,-0.10643005,0.60492611,0.42915344,-0.00488281,0.00000000,-0.00000000,-0.01464844,0.01464844,0.00000000,0.93116760,2.28959331,1.98402405,0.58593750
22.99999857,8060,-2.40621503,-1.58499034,-2.31978615,-0.10147095,0.60530758,0.42991638,3.87690268,-1.53463633,-2.31978615,-0.10251115,0.60530759,0.42977805,-2.40697797,-1.54073985,-2.31978615,-0.10643005,0.60530758,0.42915344,-0.00976562,0.00000000,0.00488281,0.00000000,-0.00000000,-0.01464844,0.94375610,2.30959331,1.99623108,0.90332031
23.01396036,8065,-2.40621503,-1.58499034,-2.31978615,-0.10032654,0.60530758,0.42991638,3.87690906,-1.53463633,-2.31978615,-0.10119278,0.60530758,0.42981002,-2.40697797,-1.54035838,-2.31978615,-0.10604858,0.60530758,0.42915344,-0.00488281,0.01464844,-0.00000000,-0.01464844,0.01464844,-0.01464844,0.95558167,2.32959331,2.00958252,0.87890625
23.02752495,8070,-2.40621503,-1.58499034,-2.31978615,-0.09994507,0.60530758,0.42953491,3.87690139,-1.53463633,-2.31978615,-0.10038517,0.60530758,0.42974420,-2.40697797,-1.54035838,-2.31978615,-0.10604858,0.60530758,0.42915344,-0.00488281,0.00976562,0.00488281,-0.01464844,0.02929688,-0.02929688,0.96511841,2.34959331,2.01721191,0.58593750
23.04177046,8075,-2.40621503,-1.58499034,-2.31978615,-0.09880066,0.60530758,0.42991638,3.87681636,-1.53463633,-2.31978615,-0.09957036,0.60530758,0.42985996,-2.40697797,-1.54035838,-2.31978615,-0.10604858,0.60530758,0.42915344,-0.00488281,0.00488281,0.00488281,-0.01464844,0.01464844,-0.01464844,0.97694397,2.36959331,2.03170776,0.90332031
23.05644798,8080,-2.40659650,-1.58499034,-2.31978615,-0.09689331,0.60530758,0.42953491,3.87673369,-1.53463633,-2.31978615,-0.09817140,0.60530758,0.42977277,-2.40697797,-1.53997691,-2.31978615,-0.10604858,0.60530758,0.42915344,-0.00488281,-0.00488281,0.00488281,0.00000000,-0.00000000,0.00000000,0.99143982,2.38959331,2.04200745,0.90332031
23.07125187,8085,-2.40659650,-1.58499034,-2.31978615,-0.09384155,0.60530758,0.42953491,3.87663628,-1.53469737,-2.31978615,-0.09587266,0.60530758,0.42974420,-2.40697797,-1.53997691,-2.31978615,-0.10566711,0.60530758,0.42915344,-0.00488281,0.00000000,0.00488281,0.01464844,0.01464844,0.00000000,1.01089478,2.40959331,2.05039978,0.48828125
23.08539343,8090,-2.40659650,-1.58499034,-2.31978615,-0.09307861,0.60568905,0.42991638,3.87660437,-1.53477547,-2.31978615,-0.09406448,0.60544491,0.42974082,-2.40697797,-1.53997691,-2.31978615,-0.10528564,0.60530758,0.42915344,0.00000000,0.00000000,0.00488281,0.00000000,0.01464844,-0.01464844,1.02386475,2.42959331,2.06680298,1.00097656
23.10079265,8095,-2.40659650,-1.58537181,-2.31978615,-0.09269714,0.60568905,0.42953491,3.87659391,-1.53493840,-2.31978615,-0.09314519,0.60560905,0.42975131,-2.40697797,-1.53997691,-2.31978615,-0.10490417,0.60530758,0.42915344,-0.00488281,0.00000000,0.00488281,0.01464844,0.01464844,0.00000000,1.03530884,2.44959331,2.08053589,0.80566406
23.11804533,8100,-2.40659650,-1.58537181,-2.31978615,-0.09269714,0.60607052,0.42953491,3.87670962,-1.53494295,-2.31978615,-0.09284396,0.60591931,0.42964488,-2.40697797,-1.53997691,-2.31978615,-0.10414124,0.60530758,0.42915344,-0.00976562,-0.00488281,0.00488281,0.02929688,0.01464844,0.00000000,1.03340149,2.46959331,2.09159851,0.73242188
23.13059521,8105,-2.40659650,-1.58537181,-2.31978615,-0.09269714,0.60568905,0.42953491,3.87662840,-1.53499328,-2.31978615,-0.09274525,0.60594468,0.42957095,-2.40697797,-1.53997691,-2.31978615,-0.10375977,0.60530758,0.42915344,-0.00488281,0.00000000,0.00488281,0.04394531,0.02929688,0.00000000,1.03340149,2.48959331,2.10227966,0.85449219
23.14600086,8110,-2.40659650,-1.58575328,-2.31978615,-0.09307861,0.60607052,0.42953491,3.87666282,-1.53519592,-2.31978615,-0.09278920,0.60602929,0.42954672,-2.40697797,-1.53959544,-2.31978615,-0.10147095,0.60530758,0.42915344,-0.00488281,0.00000000,0.00488281,0.16113281,0.02929688,0.00000000,1.03378296,2.50959331,2.11410522,0.73242188
23.15963078,8115,-2.40659650,-1.58651622,-2.31978615,-0.09307861,0.60607052,0.42953491,3.87665212,-1.53572644,-2.31978615,-0.09295253,0.60605701,0.42953878,-2.40697797,-1.53959544,-2.31978615,-0.09994507,0.60530758,0.42915344,-0.00488281,0.00000000,-0.00000000,0.08789062,0.01464844,-0.02929688,1.03340149,2.52959331,2.12516785,0.75683594
23.17336416,8120,-2.40621503,-1.58651622,-2.31978615,-0.09307861,0.60607052,0.42953491,3.87674689,-1.53601942,-2.31978615,-0.09303730,0.60606610,0.42953618,-2.40697797,-1.53959544,-2.31978615,-0.09918213,0.60530758,0.42915344,0.00000000,0.00488281,0.00488281,0.05859375,0.01464844,-0.01464844,1.03340149,2.54959331,2.13699341,0.78125000
23.18580890,8125,-2.40659650,-1.58651622,-2.31978615,-0.09346008,0.60568905,0.42953491,3.87670164,-1.53611542,-2.31978615,-0.09318043,0.60590049,0.42953533,-2.40697797,-1.53959544,-2.31978615,-0.09841919,0.60530758,0.42915344,-0.00488281,0.00000000,0.00488281,0.02929688,0.01464844,-0.01464844,1.03378296,2.56959331,2.14614868,0.65917969
23.20153165,8130,-2.40659650,-1.58727915,-2.31978615,-0.09346008,0.60568905,0.42953491,3.87662578,-1.53650943,-2.31978615,-0.09333720,0.60575834,0.42944716,-2.40697797,-1.53921397,-2.31978615,-0.09803772,0.60530758,0.42915344,-0.00488281,0.00000000,0.00488281,0.00000000,0.01464844,-0.01464844,1.03340149,2.58959331,2.16064453,0.87890625
23.21599889,8135,-2.40659650,-1.58766062,-2.31978615,-0.09346008,0.60568905,0.42953491,3.87664975,-1.53701415,-2.31978615,-0.09341982,0.60571176,0.42950616,-2.40697797,-1.53921397,-2.31978615,-0.09765625,0.60530758,0.42915344,-0.00488281,0.00000000,0.00976562,0.00000000,0.01464844,-0.01464844,1.03340149,2.60959331,2.16903687,0.58593750
23.23207188,8140,-2.40621503,-1.58804209,-2.31978615,-0.09307861,0.60568905,0.42953491,3.87677296,-1.53746725,-2.31978615,-0.09326073,0.60569649,0.42952549,-2.40697797,-1.53921397,-2.31978615,-0.09765625,0.60530758,0.42915344,-0.00488281,0.00000000,0.00488281,-0.01464844,-0.00000000,-0.01464844,1.03340149,2.62959331,2.18162537,0.78125000
23.24652171,8145,-2.40659650,-1.58804209,-2.31978615,-0.09307861,0.60568905,0.42953491,3.87674144,-1.53761573,-2.31978615,-0.09313829,0.60569149,0.42953182,-2.40697797,-1.53921397,-2.31978615,-0.09765625,0.60530758,0.42915344,0.00000000,0.00000000,0.00488281,-0.01464844,0.02929688,-0.01464844,1.03340149,2.64105210,2.19612122,0.95214844
23.26006627,8150,-2.40659650,-1.58804209,-2.31978615,-0.09307861,0.60568905,0.42953491,3.87677994,-1.53766438,-2.31978615,-0.09309817,0.60568985,0.42953390,-2.40697797,-1.53921397,-2.31978615,-0.09765625,0.60530758,0.42915344,-0.00488281,-0.00488281,0.00488281,-0.01464844,0.01464844,-0.01464844,1.03378296,2.64495950,2.20527649,0.56152344
23.27368617,8155,-2.40659650,-1.58804209,-2.31978615,-0.09307861,0.60607052,0.42953491,3.87673933,-1.53768032,-2.31978615,-0.09308502,0.60576561,0.42953458,-2.40697797,-1.53921397,-2.31978615,-0.09765625,0.60530758,0.42915344,-0.00488281,-0.00488281,0.00488281,-0.01464844,-0.00000000,0.00000000,1.03340149,2.64608729,2.21443176,0.83007812
23.28595662,8160,-2.40621503,-1.58804209,-2.31978615,-0.09307861,0.60607052,0.42953491,3.87681452,-1.53768554,-2.31978615,-0.09308071,0.60582168,0.42953480,-2.40697797,-1.53921397,-2.31978615,-0.09765625,0.60530758,0.42915344,-0.00488281,-0.00976562,0.00488281,-0.01464844,0.01464844,-0.01464844,1.03340149,2.64651935,2.22778320,0.97656250
23.30027103,8165,-2.40621503,-1.58804209,-2.31978615,-0.09307861,0.60607052,0.42953491,3.87687041,-1.53768726,-2.31978615,-0.09307930,0.60595773,0.42953488,-2.40697797,-1.53921397,-2.31978615,-0.09765625,0.60530758,0.42915344,-0.00488281,-0.00488281,0.00488281,-0.01464844,0.01464844,0.00000000,1.03340149,2.64672049,2.23770142,0.46386719
23.31467748,8170,-2.40621503,-1.58804209,-2.31978615,-0.09307861,0.60607052,0.42953491,3.87684966,-1.53768782,-2.31978615,-0.09307884,0.60599450,0.42953490,-2.40697797,-1.53921397,-2.31978615,-0.09727478,0.60568905,0.42915344,-0.00488281,-0.00488281,0.00488281,-0.01464844,0.01464844,-0.02929688,1.03340149,2.64666433,2.24647522,0.75683594
23.32686710,8175,-2.40621503,-1.58804209,-2.31978615,-0.09307861,0.60607052,0.42953491,3.87693076,-1.53768800,-2.31978615,-0.09307869,0.60604561,0.42953491,-2.40697797,-1.53921397,-2.31978615,-0.09727478,0.60568905,0.42915344,-0.00488281,0.00000000,0.00488281,0.01464844,0.01464844,-0.01464844,1.03340149,2.64664593,2.26058960,1.00097656
23.34164906,8180,-2.40621503,-1.58804209,-2.31978615,-0.09307861,0.60607052,0.42953491,3.87695733,-1.53768806,-2.31978615,-0.09307864,0.60606236,0.42953491,-2.40697797,-1.53921397,-2.31978615,-0.09727478,0.60530758,0.42915344,-0.00488281,-0.00488281,0.00976562,0.00000000,-0.00000000,-0.01464844,1.03340149,2.64676197,2.27127075,0.73242188
23.35390043,8185,-2.40621503,-1.58804209,-2.31978615,-0.09307861,0.60607052,0.42953491,3.87696604,-1.53768808,-2.31978615,-0.09307862,0.60606785,0.42953491,-2.40697797,-1.53921397,-2.31978615,-0.09689331,0.60530758,0.42915344,-0.00488281,-0.00488281,0.00488281,-0.01464844,0.01464844,0.00000000,1.03340149,2.64667793,2.27813721,0.63476562
23.37134004,8190,-2.40621503,-1.58804209,-2.31978615,-0.09307861,0.60607052,0.42953491,3.87696889,-1.53768809,-2.31978615,-0.09307862,0.60606965,0.42953491,-2.40697797,-1.53921397,-2.31978615,-0.09689331,0.60530758,0.42915344,-0.00488281,0.00000000,0.00488281,-0.01464844,0.01464844,-0.01464844,1.03340149,2.64665039,2.29530334,0.90332031
23.38730073,8195,-2.40621503,-1.58804209,-2.31978615,-0.09307861,0.60645199,0.42953491,3.87696982,-1.53768809,-2.31978615,-0.09307861,0.60614653,0.42953491,-2.40697797,-1.53921397,-2.31978615,-0.09689331,0.60568905,0.42915344,-0.00488281,0.00000000,0.00488281,-0.01464844,0.01464844,0.00000000,1.03340149,2.64686109,2.30522156,0.75683594
23.40197444,8200,-2.40621503,-1.58804209,-2.31978615,-0.09307861,0.60645199,0.42953491,3.87692130,-1.53768809,-2.31978615,-0.09307861,0.60625961,0.42953491,-2.40697797,-1.53921397,-2.31978615,-0.09689331,0.60568905,0.42915344,-0.00488281,0.00000000,0.00976562,0.00000000,0.01464844,0.00000000,1.03340149,2.64678853,2.31704712,0.65917969
23.41413403,8205,-2.40621503,-1.58804209,-2.31978615,-0.09307861,0.60607052,0.42953491,3.87695423,-1.53768809,-2.31978615,-0.09307861,0.60621256,0.42953491,-2.40697797,-1.53921397,-2.31978615,-0.09651184,0.60530758,0.42915344,-0.00488281,0.00000000,0.00488281,-0.01464844,0.01464844,-0.01464844,1.03340149,2.64668663,2.32963562,0.92773438
23.42781258,8210,-2.40621503,-1.58804209,-2.31978615,-0.09307861,0.60645199,0.42953491,3.87696502,-1.53768809,-2.31978615,-0.09307861,0.60632471,0.42953491,-2.40697797,-1.53921397,-2.31978615,-0.09651184,0.60568905,0.42915344,0.00000000,0.00000000,0.00488281,0.00000000,0.02929688,0.00000000,1.03340149,2.64665324,2.33726501,0.68359375
23.44488478,8215,-2.40621503,-1.58804209,-2.31978615,-0.09307861,0.60607052,0.42953491,3.87691973,-1.53768809,-2.31978615,-0.09307861,0.60624171,0.42953491,-2.40697797,-1.53921397,-2.31978615,-0.09613037,0.60568905,0.42915344,-0.00488281,-0.00488281,0.00488281,0.00000000,0.01464844,0.00000000,1.03340149,2.64664230,2.35099792,0.73242188
23.45943928,8220,-2.40621503,-1.58804209,-2.31978615,-0.09307861,0.60645199,0.42953491,3.87695371,-1.53768809,-2.31978615,-0.09307861,0.60623416,0.42953491,-2.40697797,-1.53921397,-2.31978615,-0.09574890,0.60568905,0.42915344,-0.00488281,-0.00488281,0.00488281,0.01464844,0.02929688,-0.01464844,1.03340149,2.64663871,2.36434937,0.73242188
23.47520685,8225,-2.40621503,-1.58804209,-2.31978615,-0.09307861,0.60645199,0.42953491,3.87687257,-1.53768809,-2.31978615,-0.09307861,0.60629272,0.42953491,-2.40697797,-1.53921397,-2.31978615,-0.09536743,0.60568905,0.42915344,-0.00488281,0.00000000,0.00488281,0.02929688,0.01464844,-0.01464844,1.03340149,2.64663754,2.37655640,0.85449219
23.49011922,8230,-2.40621503,-1.58804209,-2.31978615,-0.09307861,0.60607052,0.42953491,3.87693826,-1.53768809,-2.31978615,-0.09307861,0.60624343,0.42953491,-2.40697797,-1.53921397,-2.31978615,-0.09422302,0.60568905,0.42915344,-0.00488281,-0.00488281,0.00488281,0.05859375,0.01464844,-0.01464844,1.03378296,2.64678974,2.39028931,0.75683594
23.50205350,8235,-2.40659650,-1.58804209,-2.31978615,-0.09307861,0.60645199,0.42953491,3.87684443,-1.53768809,-2.31978615,-0.09307861,0.60635240,0.42953491,-2.40697797,-1.53921397,-2.31978615,-0.09346008,0.60568905,0.42915344,-0.00488281,-0.00488281,0.00488281,0.05859375,0.02929688,-0.01464844,1.03340149,2.64674952,2.39830017,0.65917969
23.51400614,8240,-2.40621503,-1.58804209,-2.31978615,-0.09307861,0.60607052,0.42953491,3.87692904,-1.53768809,-2.31978615,-0.09307861,0.60623320,0.42953491,-2.40697797,-1.53921397,-2.31978615,-0.09307861,0.60568905,0.42915344,-0.00976562,-0.00976562,-0.00000000,0.01464844,-0.00000000,-0.01464844,1.03340149,2.64667385,2.40783691,0.78125000
23.52779341,8245,-2.40659650,-1.58804209,-2.31978615,-0.09307861,0.60645199,0.42953491,3.87681944,-1.53768809,-2.31978615,-0.09307861,0.60633147,0.42953491,-2.40697797,-1.53921397,-2.31978615,-0.09307861,0.60568905,0.42915344,-0.00488281,0.00000000,0.00488281,0.00000000,0.01464844,0.00000000,1.03340149,2.64671155,2.41699219,0.95214844
23.54463077,8250,-2.40621503,-1.58804209,-2.31978615,-0.09307861,0.60645199,0.42953491,3.87692085,-1.53768809,-2.31978615,-0.09307861,0.60633242,0.42953491,-2.40697797,-1.53921397,-2.31978615,-0.09307861,0.60568905,0.42915344,-0.00488281,0.00000000,0.00488281,-0.01464844,-0.01464844,0.00000000,1.03340149,2.64672390,2.43034363,0.63476562
23.55661130,8255,-2.40621503,-1.58804209,-2.31978615,-0.09307861,0.60645199,0.42953491,3.87695408,-1.53768809,-2.31978615,-0.09307861,0.60641281,0.42953491,-2.40697797,-1.53921397,-2.31978615,-0.09307861,0.60568905,0.42915344,-0.00488281,-0.00488281,0.00488281,-0.01464844,-0.00000000,-0.02929688,1.03378296,2.64681804,2.44178772,0.87890625
23.57016969,8260,-2.40659650,-1.58804209,-2.31978615,-0.09307861,0.60645199,0.42953491,3.87688868,-1.53768809,-2.31978615,-0.09307861,0.60643915,0.42953491,-2.40697797,-1.53921397,-2.31978615,-0.09307861,0.60568905,0.42915344,-0.00488281,-0.00488281,0.00488281,0.00000000,0.02929688,0.00000000,1.03340149,2.64699415,2.45437622,1.04980469
23.58557034,8265,-2.40621503,-1.58804209,-2.31978615,-0.09307861,0.60645199,0.42953491,3.87694354,-1.53768809,-2.31978615,-0.09307861,0.60644779,0.42953491,-2.40697797,-1.53921397,-2.31978615,-0.09307861,0.60607052,0.42915344,-0.00488281,-0.00488281,0.00488281,-0.01464844,0.04394531,-0.01464844,1.03378296,2.64702866,2.46467590,0.61035156
23.59779286,8270,-2.40621503,-1.58804209,-2.31978615,-0.09307861,0.60645199,0.42953491,3.87696152,-1.53768809,-2.31978615,-0.09307861,0.60645061,0.42953491,-2.40697797,-1.53921397,-2.31978615,-0.09307861,0.60568905,0.42915344,-0.00488281,-0.00976562,0.00488281,-0.01464844,0.01464844,-0.01464844,1.03340149,2.64676532,2.47421265,0.87890625
23.61172271,8275,-2.40621503,-1.58842356,-2.31978615,-0.09307861,0.60645199,0.42953491,3.87696741,-1.53787425,-2.31978615,-0.09307861,0.60645154,0.42953491,-2.40697797,-1.53883250,-2.31978615,-0.09307861,0.60607052,0.42915344,-0.00488281,0.00000000,-0.00000000,0.00000000,0.01464844,-0.01464844,1.03340149,2.64680109,2.48756409,0.87890625
23.62738943,8280,-2.40621503,-1.58842356,-2.31978615,-0.09307861,0.60645199,0.42953491,3.87696934,-1.53800556,-2.31978615,-0.09307861,0.60645185,0.42953491,-2.40697797,-1.53883250,-2.31978615,-0.09307861,0.60568905,0.42915344,-0.00488281,-0.00488281,0.00488281,-0.01464844,-0.00000000,0.00000000,1.03378296,2.64684333,2.49595642,0.46386719
23.64084101,8285,-2.40621503,-1.58880503,-2.31978615,-0.09307861,0.60645199,0.42953491,3.87696997,-1.53818592,-2.31978615,-0.09307861,0.60645195,0.42953491,-2.40697797,-1.53921397,-2.31978615,-0.09307861,0.60607052,0.42915344,-0.00488281,-0.00488281,0.00976562,-0.02929688,0.02929688,0.00000000,1.03378296,2.64699780,2.50587463,0.83007812
23.65429187,8290,-2.40621503,-1.58918650,-2.31978615,-0.09307861,0.60645199,0.42953491,3.87697018,-1.53855032,-2.31978615,-0.09307861,0.60645198,0.42953491,-2.40697797,-1.53883250,-2.31978615,-0.09307861,0.60568905,0.42915344,-0.00488281,-0.00488281,0.00488281,-0.02929688,-0.00000000,0.00000000,1.03340149,2.64685286,2.51655579,0.70800781
23.66855049,8295,-2.40621503,-1.58956797,-2.31978615,-0.09307861,0.60645199,0.42953491,3.87697025,-1.53892619,-2.31978615,-0.09307861,0.60645199,0.42953491,-2.40697797,-1.53883250,-2.31978615,-0.09307861,0.60607052,0.42915344,-0.00488281,0.00000000,0.00488281,-0.01464844,0.02929688,0.00000000,1.03340149,2.64670771,2.52647400,0.70800781
23.68770647,8300,-2.40621503,-1.59071238,-2.31978615,-0.09307861,0.60645199,0.42953491,3.87697027,-1.53960734,-2.31978615,-0.09307861,0.60645199,0.42953491,-2.40697797,-1.53883250,-2.31978615,-0.09307861,0.60607052,0.42915344,-0.00488281,-0.00488281,0.00488281,-0.01464844,0.01464844,-0.01464844,1.03340149,2.64666014,2.53448486,0.65917969
23.70092964,8305,-2.40659650,-1.59185679,-2.31978615,-0.09307861,0.60645199,0.42953491,3.87689398,-1.54055112,-2.31978615,-0.09307861,0.60650082,0.42953491,-2.40697797,-1.53883250,-2.31978615,-0.09307861,0.60607052,0.42915344,-0.00488281,0.00000000,0.00488281,-0.01464844,0.02929688,-0.01464844,1.03340149,2.64664456,2.55126953,0.87890625
23.71616673,8310,-2.40621503,-1.59261973,-2.31978615,-0.09307861,0.60683346,0.42953491,3.87694528,-1.54145340,-2.31978615,-0.09307861,0.60672446,0.42953491,-2.40697797,-1.53883250,-2.31978615,-0.09307861,0.60607052,0.42915344,-0.00488281,-0.00488281,0.00488281,0.00000000,-0.01464844,0.00000000,1.03340149,2.64670195,2.56004333,0.65917969
23.73076367,8315,-2.40621503,-1.59376414,-2.31978615,-0.09307861,0.60721493,0.42953491,3.87696209,-1.54243839,-2.31978615,-0.09307861,0.60702297,0.42953491,-2.40697797,-1.53883250,-2.31978615,-0.09307861,0.60607052,0.42915344,-0.00488281,-0.00488281,0.00488281,-0.02929688,0.02929688,-0.01464844,1.03340149,2.64678033,2.56881714,0.75683594
23.74511790,8320,-2.40621503,-1.59490855,-2.31978615,-0.09307861,0.60759640,0.42953491,3.87696759,-1.54356181,-2.31978615,-0.09307861,0.60733819,0.42953491,-2.40697797,-1.53883250,-2.31978615,-0.09307861,0.60607052,0.42915344,-0.00488281,-0.00976562,0.00488281,-0.01464844,0.01464844,0.00000000,1.03340149,2.64676207,2.57949829,0.51269531
23.75947022,8325,-2.40621503,-1.59605296,-2.31978615,-0.09307861,0.60835934,0.42953491,3.87696940,-1.54476037,-2.31978615,-0.09307861,0.60784455,0.42953491,-2.40697797,-1.53883250,-2.31978615,-0.09307861,0.60607052,0.42915344,-0.00488281,-0.00488281,-0.00000000,-0.02929688,0.02929688,0.00000000,1.03340149,2.64667796,2.58560181,0.46386719
23.77343321,8330,-2.40621503,-1.59796031,-2.31978615,-0.09307861,0.60874081,0.42953491,3.87696999,-1.54627287,-2.31978615,-0.09307861,0.60832799,0.42953491,-2.40697797,-1.53883250,-2.31978615,-0.09307861,0.60607052,0.42915344,-0.00488281,-0.00976562,-0.00000000,-0.01464844,0.02929688,-0.01464844,1.03378296,2.64680298,2.59056091,0.36621094
23.78613400,8335,-2.40621503,-1.59910472,-2.31978615,-0.09307861,0.60912228,0.42953491,3.87697018,-1.54765703,-2.31978615,-0.09307861,0.60883076,0.42953491,-2.40697797,-1.53883250,-2.31978615,-0.09307861,0.60607052,0.42915344,-0.00488281,-0.00488281,0.00488281,-0.01464844,0.01464844,-0.02929688,1.03340149,2.64675386,2.59666443,0.58593750
23.80115628,8340,-2.40621503,-1.60063060,-2.31978615,-0.09307861,0.60988522,0.42953491,3.87697025,-1.54908765,-2.31978615,-0.09307861,0.60942055,0.42953491,-2.40697797,-1.53883250,-2.31978615,-0.09307861,0.60645199,0.42915344,-0.00488281,-0.00488281,0.00488281,-0.01464844,0.02929688,0.00000000,1.03340149,2.64673777,2.60238647,0.29296875
23.81297827,8345,-2.40621503,-1.60215647,-2.31978615,-0.09307861,0.61064816,0.42953491,3.87697027,-1.55051200,-2.31978615,-0.09307861,0.61003447,0.42953491,-2.40697797,-1.53921397,-2.31978615,-0.09307861,0.60645199,0.42915344,-0.00488281,-0.00488281,0.00488281,0.00000000,0.01464844,0.00000000,1.03340149,2.64667000,2.60543823,0.29296875
23.82744956,8350,-2.40621503,-1.60444529,-2.31978615,-0.09307861,0.61141110,0.42953491,3.87697028,-1.55234958,-2.31978615,-0.09307861,0.61080962,0.42953491,-2.40697797,-1.53883250,-2.31978615,-0.09307861,0.60645199,0.42915344,-0.00488281,-0.00488281,0.00488281,-0.01464844,0.02929688,-0.01464844,1.03340149,2.64664779,2.60887146,0.17089844
23.84222341,8355,-2.40621503,-1.60597117,-2.31978615,-0.09307861,0.61293698,0.42953491,3.87697028,-1.55415484,-2.31978615,-0.09307861,0.61177797,0.42953491,-2.40697797,-1.53921397,-2.31978615,-0.09307861,0.60645199,0.42915344,-0.00488281,-0.00488281,-0.00000000,-0.01464844,0.01464844,-0.01464844,1.03340149,2.64664051,2.61116028,0.12207031
23.85568738,8360,-2.40621503,-1.60711558,-2.31978615,-0.09307861,0.61446286,0.42953491,3.87697028,-1.55562566,-2.31978615,-0.09307861,0.61330134,0.42953491,-2.40697797,-1.53921397,-2.31978615,-0.09307861,0.60683346,0.42915344,-0.00488281,-0.00976562,0.00488281,-0.01464844,0.04394531,-0.01464844,1.03340149,2.64673578,2.61192322,0.04882812
23.86964035,8365,-2.40621503,-1.60902293,-2.31978615,-0.09307861,0.61560727,0.42953491,3.87697028,-1.55727083,-2.31978615,-0.09307861,0.61466221,0.42953491,-2.40697797,-1.53921397,-2.31978615,-0.09307861,0.60683346,0.42915344,-0.00488281,-0.00976562,0.00488281,0.00000000,0.02929688,0.00000000,1.03340149,2.64666934,2.61383057,0.09765625
23.88450646,8370,-2.40621503,-1.61093028,-2.31978615,-0.09307861,0.61789609,0.42953491,3.87697028,-1.55914110,-2.31978615,-0.09307861,0.61649656,0.42953491,-2.40697797,-1.53921397,-2.31978615,-0.09307861,0.60721493,0.42915344,-0.00488281,-0.01953125,0.00976562,-0.01464844,0.04394531,-0.01464844,1.03378296,2.64680016,2.61726379,0.29296875
23.89771700,8375,-2.40621503,-1.61169322,-2.31978615,-0.09307861,0.62018490,0.42953491,3.87697028,-1.56049979,-2.31978615,-0.09307861,0.61852660,0.42953491,-2.40697797,-1.53959544,-2.31978615,-0.09307861,0.60835934,0.42915344,-0.00488281,-0.01953125,0.00488281,-0.02929688,0.10253906,0.00000000,1.03340149,2.64669044,2.61802673,0.02441406
23.91066980,8380,-2.40621503,-1.61321910,-2.31978615,-0.09307861,0.62247372,0.42953491,3.87697028,-1.56175946,-2.31978615,-0.09307861,0.62077945,0.42953491,-2.40697797,-1.53997691,-2.31978615,-0.09307861,0.60988522,0.42915344,0.00000000,-0.03417969,0.00976562,-0.01464844,0.14648438,-0.01464844,1.03340149,2.64671699,2.61917114,0.07324219
23.92508411,8385,-2.40621503,-1.61474498,-2.31978615,-0.09307861,0.62399960,0.42953491,3.87697028,-1.56327673,-2.31978615,-0.09307861,0.62267489,0.42953491,-2.40697797,-1.54035838,-2.31978615,-0.09307861,0.61255551,0.42915344,-0.00488281,-0.02929688,0.00976562,0.00000000,0.17578125,0.00000000,1.03340149,2.64666318,2.62184143,0.12207031
23.93893051,8390,-2.40621503,-1.61627085,-2.31978615,-0.09307861,0.62628842,0.42953491,3.87697028,-1.56480125,-2.31978615,-0.09307861,0.62475229,0.42953491,-2.40697797,-1.54073985,-2.31978615,-0.09307861,0.61408139,0.42915344,-0.00488281,-0.04394531,0.00488281,-0.01464844,0.13183594,0.00000000,1.03340149,2.64670806,2.62222290,0.00000000
23.95562482,8395,-2.40621503,-1.61741526,-2.31978615,-0.09307861,0.62857724,0.42953491,3.87697028,-1.56599013,-2.31978615,-0.09307861,0.62684292,0.42953491,-2.40697797,-1.54150279,-2.31940468,-0.09307861,0.61522580,0.42915344,-0.00488281,-0.03417969,0.00488281,0.00000000,0.05859375,-0.01464844,1.03340149,2.64666026,2.62298584,0.04882812
23.96921563,8400,-2.40621503,-1.61855967,-2.31978615,-0.09307861,0.63010312,0.42953491,3.87697028,-1.56732929,-2.31978615,-0.09307861,0.62881411,0.42953491,-2.40697797,-1.54188426,-2.31940468,-0.09307861,0.61560727,0.42915344,-0.00488281,-0.04882812,0.00488281,-0.02929688,0.02929688,-0.01464844,1.03340149,2.64674225,2.62374878,0.02441406
23.98301578,8405,-2.40621503,-1.62046702,-2.31978615,-0.09307861,0.63162900,0.42953491,3.87697028,-1.56891911,-2.31978615,-0.09307861,0.63042488,0.42953491,-2.40697797,-1.54226573,-2.31940468,-0.09307861,0.61522580,0.42915344,-0.00976562,-0.04394531,-0.00000000,-0.02929688,0.01464844,-0.01464844,1.03340149,2.64667146,2.62451172,0.07324219
23.99696803,8410,-2.40621503,-1.62122996,-2.31978615,-0.09307861,0.63277340,0.42953491,3.87697028,-1.56998425,-2.31978615,-0.09307861,0.63172210,0.42953491,-2.40697797,-1.54302867,-2.31940468,-0.09307861,0.61484433,0.42915344,0.00000000,-0.04882812,0.00488281,-0.01464844,0.02929688,-0.01464844,1.03340149,2.64664827,2.62718201,0.07324219
24.01283860,8415,-2.40621503,-1.62237437,-2.31978615,-0.09307861,0.63353634,0.42953491,3.87697028,-1.57113247,-2.31978615,-0.09307861,0.63273043,0.42953491,-2.40697797,-1.54341014,-2.31940468,-0.09307861,0.61522580,0.42915344,-0.00488281,-0.04394531,0.00488281,-0.01464844,0.05859375,0.00000000,1.03340149,2.64664067,2.62794495,0.02441406
24.02756524,8420,-2.40621503,-1.62351878,-2.31978615,-0.09307861,0.63429928,0.42953491,3.87697028,-1.57221709,-2.31978615,-0.09307861,0.63353471,0.42953491,-2.40697797,-1.54417308,-2.31940468,-0.09307861,0.61637021,0.42915344,-0.00488281,-0.03906250,-0.00000000,-0.01464844,0.07324219,-0.02929688,1.03340149,2.64670068,2.62832642,0.00000000
24.03974199,8425,-2.40621503,-1.62428172,-2.31978615,-0.09307861,0.63506222,0.42953491,3.87697028,-1.57321679,-2.31978615,-0.09307861,0.63441130,0.42953491,-2.40697797,-1.54455455,-2.31940468,-0.09307861,0.61713315,0.42915344,-0.00488281,-0.04394531,-0.00000000,0.00000000,0.07324219,-0.01464844,1.03340149,2.64665784,2.62870789,0.02441406
24.05460620,8430,-2.40621503,-1.62504466,-2.31978615,-0.09307861,0.63582516,0.42953491,3.87697028,-1.57405731,-2.31978615,-0.09307861,0.63526030,0.42953491,-2.40697797,-1.54493602,-2.31940468,-0.09307861,0.61865902,0.42915344,-0.00488281,-0.02929688,0.00488281,-0.01464844,0.10253906,-0.01464844,1.03340149,2.64664380,2.62947083,0.02441406
24.06877971,8435,-2.40621503,-1.62580760,-2.31978615,-0.09307861,0.63658810,0.42953491,3.87697028,-1.57484567,-2.31978615,-0.09307861,0.63594158,0.42953491,-2.40697797,-1.54531748,-2.31940468,-0.09307861,0.61980343,0.42915344,-0.00488281,-0.04882812,0.00976562,-0.01464844,0.13183594,-0.01464844,1.03340149,2.64663920,2.63023376,0.02441406
24.08261991,8440,-2.40621503,-1.62618907,-2.31978615,-0.09307861,0.63696957,0.42953491,3.87697028,-1.57547961,-2.31978615,-0.09307861,0.63656241,0.42953491,-2.40697797,-1.54608042,-2.31940468,-0.09307861,0.62171078,0.42915344,-0.00976562,-0.04394531,0.00976562,-0.02929688,0.07324219,-0.01464844,1.03340149,2.64663770,2.63137817,0.07324219
24.09662247,8445,-2.40621503,-1.62657054,-2.31978615,-0.09307861,0.63811398,0.42953491,3.87697028,-1.57597506,-2.31978615,-0.09307861,0.63730625,0.42953491,-2.40697797,-1.54684336,-2.31940468,-0.09307861,0.62247372,0.42915344,-0.00488281,-0.05859375,0.00488281,-0.02929688,0.07324219,-0.02929688,1.03340149,2.64663720,2.63252258,0.04882812
24.11334395,8450,-2.40621503,-1.62695201,-2.31978615,-0.09307861,0.63887692,0.42953491,3.87697028,-1.57636263,-2.31978615,-0.09307861,0.63817279,0.42953491,-2.40697797,-1.54722483,-2.31940468,-0.09307861,0.62399960,0.42915344,0.00000000,-0.03417969,0.00488281,-0.01464844,0.08789062,-0.02929688,1.03340149,2.64663704,2.63252258,0.00000000
24.12614632,8455,-2.40621503,-1.62695201,-2.31978615,-0.09307861,0.64002133,0.42953491,3.87697028,-1.57652087,-2.31978615,-0.09307861,0.63922615,0.42953491,-2.40697797,-1.54760630,-2.31940468,-0.09307861,0.62399960,0.42915344,0.00000000,-0.04882812,-0.00000000,-0.01464844,-0.00000000,-0.01464844,1.03340149,2.64673464,2.63328552,0.00000000
24.13890862,8460,-2.40621503,-1.62695201,-2.31978615,-0.09307861,0.64078427,0.42953491,3.87697028,-1.57657273,-2.31978615,-0.09307861,0.64020339,0.42953491,-2.40697797,-1.54798777,-2.31940468,-0.09307861,0.62399960,0.42915344,0.00000000,-0.03906250,0.00488281,0.00000000,0.02929688,-0.01464844,1.03340149,2.64676663,2.63328552,0.00000000
24.15616751,8465,-2.40621503,-1.62695201,-2.31978615,-0.09307861,0.64154721,0.42953491,3.87697028,-1.57658972,-2.31978615,-0.09307861,0.64095648,0.42953491,-2.40697797,-1.54875071,-2.31940468,-0.09307861,0.62476254,0.42915344,-0.00488281,-0.03417969,0.00488281,-0.01464844,0.07324219,-0.01464844,1.03340149,2.64667945,2.63366699,-0.02441406
24.16959548,8470,-2.40621503,-1.62695201,-2.31978615,-0.09269714,0.64269162,0.42953491,3.87697028,-1.57659529,-2.31978615,-0.09300232,0.64197266,0.42953491,-2.40697797,-1.54951365,-2.31940468,-0.09307861,0.62590695,0.42915344,-0.00488281,-0.04882812,0.00488281,-0.02929688,0.08789062,0.00000000,1.03340149,2.64665089,2.63404846,0.02441406
24.18084455,8475,-2.40621503,-1.62695201,-2.31978615,-0.09269714,0.64421750,0.42953491,3.87697028,-1.57659711,-2.31978615,-0.09279714,0.64315134,0.42953491,-2.40697797,-1.54989512,-2.31940468,-0.09307861,0.62705136,0.42915344,-0.00488281,-0.04882812,0.00488281,0.00000000,0.13183594,-0.02929688,1.03340149,2.64664153,2.63442993,0.00000000
24.19643545,8480,-2.40621503,-1.62695201,-2.31978615,-0.09269714,0.64612485,0.42953491,3.87697028,-1.57659771,-2.31978615,-0.09272991,0.64474961,0.42953491,-2.40697797,-1.55065806,-2.31940468,-0.09307861,0.62972165,0.42915344,-0.00488281,-0.03906250,0.00488281,-0.01464844,0.17578125,-0.02929688,1.03340149,2.64671658,2.63442993,-0.02441406
24.20998716,8485,-2.40621503,-1.62695201,-2.31978615,-0.09269714,0.64765072,0.42953491,3.87697028,-1.57659791,-2.31978615,-0.09270788,0.64629921,0.42953491,-2.40697797,-1.55065806,-2.31940468,-0.09346008,0.63201047,0.42915344,-0.00488281,-0.02929688,0.00488281,-0.01464844,0.21972656,-0.01464844,1.03340149,2.64666305,2.63519287,0.02441406
24.22314024,8490,-2.40621503,-1.62695201,-2.31978615,-0.09269714,0.64841366,0.42953491,3.87697028,-1.57659797,-2.31978615,-0.09270066,0.64760166,0.42953491,-2.40697797,-1.55142100,-2.31940468,-0.09307861,0.63391781,0.42915344,0.00000000,-0.04882812,-0.00000000,0.00000000,0.16113281,-0.01464844,1.03340149,2.64664551,2.63595581,0.02441406
24.24149108,8495,-2.40621503,-1.62695201,-2.31978615,-0.09269714,0.64955807,0.42953491,3.87697028,-1.57659799,-2.31978615,-0.09269830,0.64872754,0.42953491,-2.40697797,-1.55180247,-2.31940468,-0.09307861,0.63811398,0.42915344,-0.00488281,-0.03906250,0.00488281,-0.01464844,0.23437500,0.00000000,1.03340149,2.64663976,2.63671875,0.00000000
24.25240135,8500,-2.40621503,-1.62695201,-2.31978615,-0.09231567,0.65070248,0.42953491,3.87697028,-1.57659800,-2.31978615,-0.09247230,0.64977360,0.42953491,-2.40697797,-1.55218394,-2.31940468,-0.09307861,0.63963986,0.42915344,-0.00488281,-0.03417969,0.00488281,-0.01464844,0.19042969,-0.01464844,1.03340149,2.64663788,2.63710022,0.04882812
24.26692295,8505,-2.40621503,-1.62695201,-2.31978615,-0.09193420,0.65146542,0.42953491,3.87697028,-1.57659800,-2.31978615,-0.09229070,0.65076065,0.42953491,-2.40697797,-1.55256541,-2.31940468,-0.09307861,0.64040280,0.42915344,-0.00488281,-0.02441406,0.00488281,-0.01464844,0.04394531,-0.01464844,1.03340149,2.64663726,2.63786316,0.02441406
24.28347397,8510,-2.40621503,-1.62695201,-2.31978615,-0.09155273,0.65222836,0.42953491,3.87697028,-1.57659800,-2.31978615,-0.09186486,0.65162828,0.42953491,-2.40697797,-1.55294688,-2.31940468,-0.09307861,0.64078427,0.42915344,-0.00488281,-0.02929688,0.00488281,0.00000000,0.02929688,-0.02929688,1.03340149,2.64663706,2.63824463,0.00000000
24.29546189,8515,-2.40621503,-1.62695201,-2.31978615,-0.09040833,0.65222836,0.42915344,3.87697028,-1.57659800,-2.31978615,-0.09121617,0.65203173,0.42945862,-2.40697797,-1.55332835,-2.31940468,-0.09346008,0.64078427,0.42915344,-0.00488281,-0.03417969,0.00488281,-0.01464844,-0.00000000,-0.01464844,1.03340149,2.64663700,2.63824463,0.00000000
24.30815578,8520,-2.40621503,-1.62695201,-2.31978615,-0.08964539,0.65222836,0.42915344,3.87697028,-1.57659800,-2.31978615,-0.09031049,0.65216393,0.42925344,-2.40697797,-1.55370982,-2.31940468,-0.09307861,0.64040280,0.42915344,-0.00488281,-0.02929688,0.00488281,-0.01464844,0.01464844,-0.01464844,1.03340149,2.64663697,2.63824463,-0.02441406
24.32299161,8525,-2.40621503,-1.62695201,-2.31978615,-0.08888245,0.65260983,0.42915344,3.87697028,-1.57659800,-2.31978615,-0.08946953,0.65237143,0.42918621,-2.40697797,-1.55409129,-2.31940468,-0.09307861,0.64040280,0.42915344,-0.00488281,-0.03906250,0.00976562,0.00000000,0.01464844,-0.01464844,1.03340149,2.64663697,2.63862610,-0.02441406
24.33484077,8530,-2.40621503,-1.62695201,-2.31978615,-0.08811951,0.65260983,0.42915344,3.87697028,-1.57659800,-2.31978615,-0.08871227,0.65253171,0.42916418,-2.40697797,-1.55447276,-2.31940468,-0.09307861,0.64078427,0.42915344,-0.00488281,-0.02929688,0.00488281,-0.01464844,0.05859375,-0.04394531,1.03340149,2.64675903,2.63862610,0.00000000
24.34848332,8535,-2.40621503,-1.62695201,-2.31978615,-0.08697510,0.65260983,0.42915344,3.87697028,-1.57659800,-2.31978615,-0.08787490,0.65264527,0.42915696,-2.40697797,-1.55523570,-2.31940468,-0.09307861,0.64154721,0.42915344,0.00000000,-0.05371094,-0.00000000,-0.01464844,0.07324219,-0.01464844,1.03340149,2.64679903,2.63862610,-0.02441406
24.36180019,8540,-2.40621503,-1.62695201,-2.31978615,-0.08659363,0.65299130,0.42915344,3.87697028,-1.57659800,-2.31978615,-0.08702275,0.65284666,0.42915460,-2.40697797,-1.55561717,-2.31940468,-0.09307861,0.64231015,0.42915344,-0.00488281,-0.04394531,0.00976562,0.00000000,0.07324219,0.00000000,1.03340149,2.64675257,2.63900757,-0.04882812
24.37873459,8545,-2.40621503,-1.62733348,-2.31978615,-0.08621216,0.65299130,0.42877197,3.87697028,-1.57685447,-2.31978615,-0.08647777,0.65294391,0.42907753,-2.40697797,-1.55599864,-2.31940468,-0.09269714,0.64345456,0.42915344,-0.00976562,-0.03417969,0.00976562,0.02929688,0.05859375,-0.01464844,1.03340149,2.64685063,2.63900757,-0.02441406
24.39146471,8550,-2.40621503,-1.62733348,-2.31978615,-0.08583069,0.65337277,0.42915344,3.87697028,-1.57693851,-2.31978615,-0.08618384,0.65305206,0.42912857,-2.40697797,-1.55638011,-2.31940468,-0.09269714,0.64383603,0.42915344,-0.00488281,-0.03417969,-0.00000000,0.01464844,0.04394531,-0.01464844,1.03340149,2.64678510,2.63900757,-0.02441406
24.40537596,8555,-2.40621503,-1.62771495,-2.31978615,-0.08583069,0.65337277,0.42915344,3.87697028,-1.57710338,-2.31978615,-0.08594641,0.65326768,0.42914529,-2.40697797,-1.55676158,-2.31940468,-0.09231567,0.64421750,0.42915344,-0.00488281,-0.03906250,-0.00000000,0.01464844,0.04394531,-0.02929688,1.03340149,2.64678316,2.63938904,0.00000000
24.42132878,8560,-2.40621503,-1.62771495,-2.31978615,-0.08544922,0.65413571,0.42915344,3.87697028,-1.57727654,-2.31978615,-0.08573128,0.65367110,0.42915077,-2.40697797,-1.55714305,-2.31940468,-0.09155273,0.64459897,0.42915344,-0.00488281,-0.02929688,0.00976562,0.02929688,0.04394531,-0.01464844,1.03340149,2.64668487,2.63938904,-0.02441406
24.43519783,8565,-2.40621503,-1.62771495,-2.31978615,-0.08544922,0.65451718,0.42915344,3.87697028,-1.57733329,-2.31978615,-0.08554164,0.65416962,0.42911350,-2.40697797,-1.55752452,-2.31940468,-0.09117126,0.64536191,0.42915344,0.00000000,-0.02441406,-0.00000000,0.04394531,0.05859375,0.00000000,1.03340149,2.64665266,2.63977051,-0.02441406
24.44999766,8570,-2.40621503,-1.62771495,-2.31978615,-0.08506775,0.65489865,0.42915344,3.87697028,-1.57735188,-2.31978615,-0.08525428,0.65454062,0.42902121,-2.40697797,-1.55790599,-2.31940468,-0.09040833,0.64574338,0.42915344,-0.00488281,-0.02441406,0.00488281,0.04394531,0.05859375,-0.02929688,1.03340149,2.64664211,2.63977051,0.00000000
24.46648693,8575,-2.40621503,-1.62771495,-2.31978615,-0.08506775,0.65489865,0.42877197,3.87697028,-1.57735797,-2.31978615,-0.08512887,0.65478133,0.42892396,-2.40697797,-1.55828746,-2.31940468,-0.09002686,0.64688778,0.42915344,-0.00488281,-0.02441406,0.00488281,0.01464844,0.08789062,0.00000000,1.03340149,2.64676072,2.63977051,-0.04882812
24.47716761,8580,-2.40621503,-1.62771495,-2.31978615,-0.08468628,0.65489865,0.42877197,3.87697028,-1.57735997,-2.31978615,-0.08486256,0.65486021,0.42882177,-2.40697797,-1.55866893,-2.31940468,-0.09002686,0.64726925,0.42915344,0.00000000,-0.03906250,0.00488281,0.00000000,0.05859375,0.00000000,1.03340149,2.64667752,2.63977051,0.00000000
24.49141669,8585,-2.40621503,-1.62771495,-2.31978615,-0.08468628,0.65489865,0.42877197,3.87697028,-1.57736062,-2.31978615,-0.08474404,0.65488605,0.42878829,-2.40697797,-1.55905040,-2.31940468,-0.08964539,0.64803219,0.42915344,0.00000000,-0.02929688,0.00488281,-0.01464844,0.05859375,0.00000000,1.03378296,2.64694346,2.64015198,0.00000000
24.50614142,8590,-2.40621503,-1.62771495,-2.31978615,-0.08468628,0.65489865,0.42877197,3.87697028,-1.57736084,-2.31978615,-0.08470521,0.65489452,0.42877732,-2.40697797,-1.55943186,-2.31940468,-0.09002686,0.64803219,0.42915344,0.00000000,-0.03417969,0.00488281,0.00000000,0.02929688,-0.02929688,1.03340149,2.64673740,2.64015198,0.00000000
24.52272248,8595,-2.40621503,-1.62771495,-2.31978615,-0.08468628,0.65528012,0.42877197,3.87697028,-1.57736091,-2.31978615,-0.08464365,0.65515377,0.42877372,-2.40697797,-1.55981333,-2.31940468,-0.08964539,0.64803219,0.42915344,-0.00488281,-0.02929688,0.00488281,0.00000000,0.02929688,-0.01464844,1.03340149,2.64666987,2.64015198,0.00000000
24.53815317,8600,-2.40621503,-1.62771495,-2.31978615,-0.08430481,0.65566159,0.42877197,3.87697028,-1.57736093,-2.31978615,-0.08455696,0.65531501,0.42877255,-2.40697797,-1.56019480,-2.31940468,-0.08964539,0.64803219,0.42915344,-0.00488281,-0.02441406,0.00488281,0.00000000,-0.00000000,-0.02929688,1.03340149,2.64664775,2.64053345,0.02441406
24.55176473,8605,-2.40621503,-1.62809642,-2.31978615,-0.08430481,0.65566159,0.42839050,3.87697028,-1.57743723,-2.31978615,-0.08438743,0.65554802,0.42869587,-2.40697797,-1.56057627,-2.31940468,-0.08964539,0.64841366,0.42915344,-0.00488281,-0.02929688,0.00976562,-0.01464844,0.01464844,-0.02929688,1.03340149,2.64664050,2.64053345,0.00000000
24.56561613,8610,-2.40621503,-1.62847789,-2.31978615,-0.08430481,0.65566159,0.42839050,3.87697028,-1.57771870,-2.31978615,-0.08433188,0.65562437,0.42849056,-2.40697797,-1.56095774,-2.31940468,-0.08926392,0.64879513,0.42915344,-0.00488281,-0.02441406,0.00488281,-0.01464844,0.04394531,-0.02929688,1.03340149,2.64663812,2.64053345,-0.02441406
24.57877088,8615,-2.40621503,-1.62885936,-2.31978615,-0.08392334,0.65604306,0.42839050,3.87697028,-1.57806741,-2.31978615,-0.08423739,0.65590586,0.42842329,-2.40697797,-1.56095774,-2.31940468,-0.08926392,0.64917660,0.42915344,-0.00488281,-0.01953125,0.00976562,-0.02929688,0.07324219,-0.01464844,1.03340149,2.64669984,2.64053345,-0.04882812
24.59192276,8620,-2.40621503,-1.62962229,-2.31978615,-0.08354187,0.65642453,0.42839050,3.87697028,-1.57866336,-2.31978615,-0.08394995,0.65618426,0.42840125,-2.40697797,-1.56133921,-2.31940468,-0.08926392,0.64993954,0.42915344,-0.00488281,-0.02929688,0.00976562,-0.02929688,0.05859375,-0.04394531,1.03340149,2.64665757,2.64091492,-0.02441406
24.60578227,8625,-2.40621503,-1.63038523,-2.31978615,-0.08316040,0.65680600,0.42800903,3.87697028,-1.57933252,-2.31978615,-0.08348943,0.65653195,0.42831773,-2.40697797,-1.56172068,-2.31940468,-0.08888245,0.65032101,0.42915344,-0.00488281,-0.02441406,0.00488281,-0.01464844,0.04394531,0.00000000,1.03340149,2.64664371,2.64091492,0.00000000
24.61912251,8630,-2.40621503,-1.63191111,-2.31978615,-0.08239746,0.65756894,0.42762756,3.87697028,-1.58042728,-2.31978615,-0.08296670,0.65701771,0.42803389,-2.40697797,-1.56210215,-2.31940468,-0.08888245,0.65070248,0.42915344,-0.00976562,-0.01953125,-0.00000000,-0.01464844,0.02929688,-0.02929688,1.03340149,2.64676125,2.64129639,0.00000000
24.63187981,8635,-2.40621503,-1.63305552,-2.31978615,-0.08201599,0.65795041,0.42686462,3.87697028,-1.58163549,-2.31978615,-0.08244666,0.65757447,0.42749826,-2.40697797,-1.56248362,-2.31940468,-0.08850098,0.65070248,0.42915344,-0.00488281,-0.03906250,0.00488281,0.01464844,0.02929688,0.00000000,1.03340149,2.64667769,2.64129639,-0.02441406
24.64536238,8640,-2.40621503,-1.63419993,-2.31978615,-0.08125305,0.65909482,0.42457581,3.87697028,-1.58287112,-2.31978615,-0.08185560,0.65834614,0.42607543,-2.40697797,-1.56286509,-2.31940468,-0.08811951,0.65070248,0.42915344,-0.00488281,-0.03417969,0.00488281,0.01464844,0.01464844,-0.01464844,1.03340149,2.64665031,2.64129639,-0.04882812
24.66117835,8645,-2.40621503,-1.63648875,-2.31978615,-0.07820129,0.65985776,0.42037964,3.87697028,-1.58431386,-2.31978615,-0.08033038,0.65911194,0.42353803,-2.40697797,-1.56324656,-2.31940468,-0.08735657,0.65146542,0.42915344,-0.00976562,-0.03906250,0.00976562,0.04394531,0.04394531,-0.01464844,1.03340149,2.64664134,2.64167786,0.00000000
24.67480421,8650,-2.40621503,-1.63877757,-2.31978615,-0.07514954,0.66062069,0.41656494,3.87697028,-1.58655688,-2.31978615,-0.07757864,0.66000717,0.41963943,-2.40697797,-1.56362803,-2.31940468,-0.08621216,0.65184689,0.42877197,-0.00488281,-0.02441406,0.00488281,0.05859375,0.04394531,-0.02929688,1.03378296,2.64679098,2.64167786,0.00000000
24.68734789,8655,-2.40621503,-1.64030345,-2.31978615,-0.07286072,0.66214657,0.41427612,3.87697028,-1.58850720,-2.31978615,-0.07493891,0.66111497,0.41661463,-2.40697797,-1.56400950,-2.31940468,-0.08583069,0.65260983,0.42877197,-0.00488281,-0.02441406,0.00488281,0.04394531,0.10253906,-0.01464844,1.03340149,2.64668743,2.64205933,-0.02441406
24.70282149,8660,-2.40621503,-1.64259227,-2.31978615,-0.06980896,0.66367245,0.41236877,3.87697028,-1.59034233,-2.31978615,-0.07223360,0.66250385,0.41418291,-2.40697797,-1.56439097,-2.31940468,-0.08430481,0.65451718,0.42839050,-0.00488281,-0.02929688,-0.00000000,0.07324219,0.13183594,-0.04394531,1.03340149,2.64665350,2.64205933,0.00000000
24.71606493,8665,-2.40621503,-1.64564402,-2.31978615,-0.06752014,0.66519833,0.41122437,3.87697028,-1.59298614,-2.31978615,-0.06958467,0.66409470,0.41247556,-2.40697797,-1.56477244,-2.31940468,-0.08239746,0.65566159,0.42762756,-0.00488281,-0.03417969,0.00488281,0.14648438,0.10253906,-0.07324219,1.03340149,2.64674004,2.64244080,0.00000000
24.73036170,8670,-2.40621503,-1.64831431,-2.31978615,-0.06523132,0.66748715,0.40931702,3.87697028,-1.59574932,-2.31978615,-0.06710753,0.66582571,0.41072164,-2.40697797,-1.56515391,-2.31940468,-0.08125305,0.65718747,0.42610168,-0.00488281,-0.04882812,0.00488281,0.04394531,0.14648438,-0.14648438,1.03340149,2.64674886,2.64244080,0.00000000
24.74401808,8675,-2.40621503,-1.65098460,-2.31978615,-0.06294250,0.66939450,0.40779114,3.87697028,-1.59826987,-2.31978615,-0.06494939,0.66758299,0.40921332,-2.40697797,-1.56553538,-2.31940468,-0.08087158,0.65909482,0.42533875,-0.00488281,-0.02929688,0.00976562,0.01464844,0.13183594,-0.05859375,1.03340149,2.64667363,2.64244080,0.02441406
24.75878930,8680,-2.40621503,-1.65327342,-2.31978615,-0.06065369,0.67168332,0.40550232,3.87697028,-1.60104233,-2.31978615,-0.06245388,0.66998621,0.40707185,-2.40697797,-1.56629832,-2.31940468,-0.08049011,0.66138363,0.42419434,-0.00976562,-0.05859375,0.00488281,0.01464844,0.14648438,-0.11718750,1.03340149,2.64674663,2.64282227,0.00000000
24.77220917,8685,-2.40621503,-1.65670665,-2.31978615,-0.05836487,0.67473507,0.40283203,3.87697028,-1.60394996,-2.31978615,-0.06009782,0.67263551,0.40473354,-2.40697797,-1.56706126,-2.31940468,-0.07972717,0.66252804,0.42114258,-0.00488281,-0.06835938,0.00488281,0.04394531,0.11718750,-0.26367188,1.03340149,2.64667290,2.64282227,0.00000000
24.78510427,8690,-2.40621503,-1.65899546,-2.31978615,-0.05722046,0.67702389,0.40168762,3.87697028,-1.60658413,-2.31978615,-0.05844505,0.67506589,0.40283610,-2.40697797,-1.56744273,-2.31940468,-0.07896423,0.66367245,0.41961670,-0.00488281,-0.04394531,0.00488281,0.05859375,0.08789062,-0.11718750,1.03340149,2.64664874,2.64282227,0.00000000
24.79890823,8695,-2.40621503,-1.66204722,-2.31978615,-0.05569458,0.67969418,0.40130615,3.87697028,-1.60940677,-2.31978615,-0.05681656,0.67771420,0.40198766,-2.40697797,-1.56858714,-2.31940468,-0.07743835,0.66443539,0.41885376,-0.00488281,-0.07812500,0.00976562,0.10253906,0.10253906,-0.04394531,1.03340149,2.64670332,2.64282227,-0.02441406
24.81190777,8700,-2.40621503,-1.66509898,-2.31978615,-0.05378723,0.68236447,0.40054321,3.87697028,-1.61229556,-2.31978615,-0.05524180,0.68032065,0.40126702,-2.40697797,-1.56935008,-2.31940468,-0.07476807,0.66596127,0.41847229,-0.00976562,-0.05859375,0.00488281,0.17578125,0.08789062,-0.04394531,1.03340149,2.64665871,2.64282227,-0.02441406
24.82630539,8705,-2.40621503,-1.66891368,-2.31978615,-0.05073547,0.68503476,0.39672852,3.87697028,-1.61578537,-2.31978615,-0.05280244,0.68293096,0.39911755,-2.40697797,-1.57011302,-2.31940468,-0.07324219,0.66672421,0.41809082,-0.00976562,-0.07324219,0.00488281,0.05859375,0.07324219,-0.04394531,1.03340149,2.64664409,2.64320374,-0.04882812
24.84029746,8710,-2.40621503,-1.67196543,-2.31978615,-0.04806519,0.68732358,0.39367676,3.87697028,-1.61890987,-2.31978615,-0.05034893,0.68527190,0.39627112,-2.40697797,-1.57087596,-2.31940468,-0.07133484,0.66710568,0.41732788,-0.00488281,-0.07812500,-0.00000000,0.13183594,0.05859375,-0.08789062,1.03340149,2.64663930,2.64320374,0.00000000
24.85564494,8715,-2.40621503,-1.67425425,-2.31978615,-0.04615784,0.68961239,0.39100647,3.87697028,-1.62179381,-2.31978615,-0.04793205,0.68767008,0.39320278,-2.40697797,-1.57202037,-2.31940468,-0.07019043,0.66748715,0.41618347,-0.00488281,-0.07324219,0.00488281,0.04394531,0.04394531,-0.11718750,1.03340149,2.64663773,2.64320374,-0.02441406
24.86798096,8720,-2.40621503,-1.67768748,-2.31978615,-0.04386902,0.69266415,0.38948059,3.87697028,-1.62465544,-2.31978615,-0.04563252,0.69038414,0.39098202,-2.40697797,-1.57278331,-2.31940468,-0.07019043,0.66748715,0.41351318,-0.00488281,-0.06835938,0.00488281,0.00000000,0.02929688,-0.21972656,1.03340149,2.64663721,2.64320374,0.00000000
24.88180709,8725,-2.40621503,-1.68073924,-2.31978615,-0.04196167,0.69495297,0.38757324,3.87697028,-1.62760535,-2.31978615,-0.04373631,0.69285283,0.38920097,-2.40697797,-1.57354624,-2.31940468,-0.06942749,0.66786862,0.41198730,-0.00488281,-0.06347656,0.00488281,0.05859375,0.04394531,-0.13183594,1.03340149,2.64663705,2.64358521,-0.02441406
24.89615607,8730,-2.40621503,-1.68340953,-2.31978615,-0.04081726,0.69800473,0.38681030,3.87697028,-1.63070076,-2.31978615,-0.04192417,0.69556753,0.38774407,-2.40697797,-1.57469065,-2.31940468,-0.06675720,0.66863156,0.41046143,-0.00488281,-0.08789062,0.00488281,0.17578125,0.05859375,-0.08789062,1.03340149,2.64663699,2.64358521,-0.02441406
24.90990186,8735,-2.40621503,-1.68569834,-2.31978615,-0.04081726,0.70029355,0.38681030,3.87697028,-1.63347068,-2.31978615,-0.04111894,0.69836162,0.38711628,-2.40697797,-1.57545359,-2.31940468,-0.06408691,0.67015744,0.41007996,-0.00488281,-0.07324219,0.00976562,0.17578125,0.13183594,-0.05859375,1.03340149,2.64663697,2.64358521,-0.02441406
24.92201829,8740,-2.40621503,-1.68836863,-2.31978615,-0.04043579,0.70296383,0.38681030,3.87697028,-1.63592557,-2.31978615,-0.04065964,0.70097483,0.38691056,-2.40697797,-1.57697947,-2.31940468,-0.06256104,0.67168332,0.40893555,-0.00976562,-0.09277344,-0.00000000,0.08789062,0.17578125,-0.10253906,1.03340149,2.64663697,2.64358521,-0.02441406
24.93983984,8745,-2.40621503,-1.69180186,-2.31978615,-0.04043579,0.70677853,0.38681030,3.87697028,-1.63884583,-2.31978615,-0.04050914,0.70403546,0.38684316,-2.40697797,-1.57850535,-2.31940468,-0.06103516,0.67511654,0.40588379,-0.00488281,-0.11230469,-0.00000000,0.05859375,0.16113281,-0.21972656,1.03340149,2.64669946,2.64358521,0.02441406
24.95581961,8750,-2.40621503,-1.69409068,-2.31978615,-0.04043579,0.70944882,0.38681030,3.87697028,-1.64173316,-2.31978615,-0.04045983,0.70718181,0.38682107,-2.40697797,-1.57964976,-2.31940468,-0.05950928,0.67740536,0.40168762,-0.00488281,-0.09277344,0.00488281,0.08789062,0.14648438,-0.26367188,1.03340149,2.64665744,2.64358521,0.00000000
24.97025776,8755,-2.40621503,-1.69637950,-2.31978615,-0.04043579,0.71135617,0.38681030,3.87697028,-1.64420883,-2.31978615,-0.04044367,0.70961722,0.38681383,-2.40697797,-1.58079417,-2.31940468,-0.05798340,0.67893124,0.40092468,-0.00488281,-0.07812500,0.00488281,0.11718750,0.13183594,-0.04394531,1.03378296,2.64679626,2.64396667,-0.02441406
24.98567176,8760,-2.40621503,-1.69904978,-2.31978615,-0.04043579,0.71288205,0.38681030,3.87697028,-1.64671524,-2.31990529,-0.04043837,0.71144260,0.38681146,-2.40697797,-1.58193858,-2.31940468,-0.05493164,0.68198300,0.40054321,-0.00976562,-0.09765625,0.00488281,0.20507812,0.19042969,-0.05859375,1.03340149,2.64668916,2.64396667,-0.02441406
24.99921012,8765,-2.40621503,-1.70172007,-2.32016762,-0.04043579,0.71517087,0.38681030,3.87697028,-1.64926103,-2.31990149,-0.04043664,0.71351706,0.38681068,-2.40697797,-1.58346446,-2.31940468,-0.05378723,0.68465329,0.39939880,0.00000000,-0.08789062,0.00488281,0.08789062,0.20507812,-0.10253906,1.03340149,2.64665407,2.64396667,0.00000000
25.01238155,8770,-2.40621503,-1.70362742,-2.31978615,-0.04043579,0.71669674,0.38681030,3.87697028,-1.65152651,-2.31982394,-0.04043607,0.71537309,0.38681043,-2.40697797,-1.58422740,-2.31940468,-0.05302429,0.68617917,0.39901733,-0.00488281,-0.08789062,0.00488281,0.04394531,0.13183594,-0.02929688,1.03340149,2.64664257,2.64396667,0.00000000
25.02616549,8775,-2.40621503,-1.70591624,-2.31978615,-0.04043579,0.71898556,0.38681030,3.87697028,-1.65371979,-2.31988643,-0.04043588,0.71728181,0.38681034,-2.40697797,-1.58575328,-2.31940468,-0.05226135,0.68961239,0.39825439,0.00000000,-0.10253906,0.00976562,0.01464844,0.30761719,-0.05859375,1.03340149,2.64663880,2.64396667,-0.04882812
25.04011679,8780,-2.40621503,-1.70782359,-2.32016762,-0.04043579,0.72089291,0.38681030,3.87697028,-1.65573011,-2.31989530,-0.04043582,0.71915982,0.38681032,-2.40697797,-1.58651622,-2.31940468,-0.05226135,0.69419003,0.39634705,-0.00488281,-0.07324219,0.00488281,0.00000000,0.21972656,-0.19042969,1.03340149,2.64670006,2.64396667,-0.04882812
25.05351114,8785,-2.40621503,-1.71011241,-2.32016762,-0.04043579,0.72318173,0.38681030,3.87697028,-1.65767718,-2.31992946,-0.04049684,0.72120270,0.38681031,-2.40697797,-1.58804209,-2.31940468,-0.05187988,0.69609738,0.39405823,0.00000000,-0.11230469,0.00976562,0.00000000,0.13183594,-0.08789062,1.03340149,2.64665764,2.64396667,-0.02441406
25.06836295,8790,-2.40621503,-1.71240123,-2.31978615,-0.04043579,0.72623349,0.38681030,3.87697028,-1.66020509,-2.31992540,-0.04053587,0.72381449,0.38681030,-2.40697797,-1.58956797,-2.31940468,-0.05111694,0.69724179,0.39405823,-0.00488281,-0.11718750,0.01464844,0.04394531,0.10253906,-0.01464844,1.03378296,2.64679633,2.64396667,-0.04882812
25.08409381,8795,-2.40621503,-1.71430857,-2.32016762,-0.04043579,0.72852231,0.38681030,3.87697028,-1.66236412,-2.31998815,-0.04056087,0.72649869,0.38681030,-2.40697797,-1.59071238,-2.31940468,-0.05035400,0.69914914,0.39405823,-0.00488281,-0.09765625,0.00488281,0.05859375,0.13183594,-0.01464844,1.03340149,2.64668918,2.64396667,-0.02441406
25.09803247,8800,-2.40621503,-1.71697886,-2.31978615,-0.04043579,0.73119259,0.38681030,3.87697028,-1.66486688,-2.31990117,-0.04047678,0.72934151,0.38681030,-2.40697797,-1.59223826,-2.31940468,-0.04806519,0.69991208,0.39329529,-0.00488281,-0.08789062,0.00488281,0.11718750,0.04394531,-0.07324219,1.03340149,2.64673220,2.64396667,-0.02441406
25.11145020,8805,-2.40621503,-1.71926768,-2.32016762,-0.04043579,0.73424435,0.38681030,3.87697028,-1.66718674,-2.31998021,-0.04044922,0.73187656,0.38681030,-2.40697797,-1.59414561,-2.31940468,-0.04730225,0.69991208,0.39253235,-0.00488281,-0.12207031,0.00488281,0.02929688,0.05859375,-0.07324219,1.03340149,2.64666817,2.64434814,0.00000000
25.12566876,8810,-2.40621503,-1.72231944,-2.32016762,-0.04043579,0.73691464,0.38681030,3.87697028,-1.66976039,-2.31992604,-0.04044019,0.73477353,0.38681030,-2.40697797,-1.59529002,-2.31940468,-0.04692078,0.70105649,0.39253235,-0.00488281,-0.11718750,0.00488281,0.01464844,0.11718750,-0.01464844,1.03340149,2.64664719,2.64396667,-0.04882812
25.14060235,8815,-2.40621503,-1.72422679,-2.31978615,-0.04043579,0.73882199,0.38681030,3.87697028,-1.67223422,-2.31986324,-0.04043723,0.73720437,0.38681030,-2.40697797,-1.59719737,-2.31940468,-0.04653931,0.70372677,0.39215088,-0.00488281,-0.11718750,0.00488281,0.00000000,0.17578125,-0.02929688,1.03340149,2.64673797,2.64434814,0.00000000
25.15614104,8820,-2.40621503,-1.72766001,-2.32016762,-0.04043579,0.74149228,0.38681030,3.87697028,-1.67513383,-2.31988771,-0.04043626,0.73975714,0.38681030,-2.40697797,-1.59834178,-2.31940468,-0.04615784,0.70639706,0.39215088,-0.00488281,-0.11230469,0.00488281,0.02929688,0.23437500,-0.02929688,1.03340149,2.64676772,2.64434814,-0.02441406
25.16940308,8825,-2.40621503,-1.73109324,-2.31978615,-0.04043579,0.74454403,0.38681030,3.87697028,-1.67818078,-2.31995078,-0.04043595,0.74232410,0.38681030,-2.40697797,-1.59986766,-2.31940468,-0.04539490,0.70983029,0.39176941,-0.00488281,-0.08300781,0.00488281,0.02929688,0.27832031,-0.02929688,1.03340149,2.64667981,2.64434814,-0.02441406
25.18296456,8830,-2.40621503,-1.73376353,-2.32016762,-0.04043579,0.74645138,0.38681030,3.87697028,-1.68097449,-2.31997742,-0.04043584,0.74462776,0.38681030,-2.40697797,-1.60139353,-2.31940468,-0.04501343,0.71402646,0.39176941,-0.00488281,-0.11718750,0.00488281,0.01464844,0.30761719,-0.04394531,1.03378296,2.64680359,2.64434814,-0.04882812
25.19847536,8835,-2.40621503,-1.73719676,-2.31978615,-0.04043579,0.74912167,0.38681030,3.87697028,-1.68418840,-2.31988008,-0.04043581,0.74712909,0.38681030,-2.40697797,-1.60291941,-2.31940468,-0.04501343,0.71936703,0.39138794,0.00000000,-0.12207031,0.00488281,-0.01464844,0.35156250,-0.02929688,1.03378296,2.64684415,2.64434814,-0.02441406
25.21361160,8840,-2.40621503,-1.74062998,-2.32016762,-0.04043579,0.75255490,0.38681030,3.87697028,-1.68747944,-2.31996354,-0.04043580,0.74986535,0.38681030,-2.40697797,-1.60444529,-2.31940468,-0.04463196,0.72280026,0.39138794,-0.00488281,-0.12695312,0.00488281,0.00000000,0.24902344,-0.02929688,1.03340149,2.64670485,2.64434814,-0.04882812
25.22874999,8845,-2.40621503,-1.74368174,-2.32016762,-0.04043579,0.75446225,0.38681030,3.87697028,-1.69084789,-2.32006950,-0.04043579,0.75273523,0.38681030,-2.40697797,-1.60597117,-2.31940468,-0.04463196,0.72470761,0.39100647,-0.00488281,-0.10253906,0.00488281,-0.01464844,0.11718750,-0.04394531,1.03340149,2.64665921,2.64434814,-0.02441406
25.24303818,8850,-2.40621503,-1.74711497,-2.32016762,-0.04043579,0.75751401,0.38681030,3.87697028,-1.69424525,-2.32013547,-0.04043579,0.75542808,0.38681030,-2.40697797,-1.60787852,-2.31940468,-0.04463196,0.72585202,0.39062500,-0.00976562,-0.11230469,0.00976562,-0.01464844,0.08789062,-0.05859375,1.03378296,2.64679684,2.64434814,-0.02441406
25.25771356,8855,-2.40621503,-1.75092967,-2.32016762,-0.04043579,0.76018429,0.38681030,3.87697028,-1.69784848,-2.32015708,-0.04043579,0.75807451,0.38681030,-2.40697797,-1.60940440,-2.31940468,-0.04463196,0.72585202,0.38986206,-0.00976562,-0.12207031,-0.00000000,0.00000000,0.01464844,-0.07324219,1.03340149,2.64668935,2.64472961,0.00000000
25.27171397,8860,-2.40621503,-1.75359996,-2.32016762,-0.04043579,0.76171017,0.38681030,3.87697028,-1.70097487,-2.32016417,-0.04043579,0.76029813,0.38681030,-2.40697797,-1.61131175,-2.31940468,-0.04463196,0.72623349,0.38833618,-0.00488281,-0.12207031,0.00488281,0.00000000,0.04394531,-0.10253906,1.03340149,2.64665413,2.64472961,-0.02441406
25.28530788,8865,-2.40621503,-1.75741465,-2.32016762,-0.04005432,0.76399899,0.38681030,3.87697028,-1.70432720,-2.32016649,-0.04027942,0.76238542,0.38681030,-2.40697797,-1.61283763,-2.31940468,-0.04463196,0.72699643,0.38833618,-0.00488281,-0.11718750,0.00488281,-0.01464844,0.08789062,-0.02929688,1.03340149,2.64670509,2.64434814,-0.02441406
25.30126286,8870,-2.40621503,-1.76084788,-2.32016762,-0.03967285,0.76552487,0.38681030,3.87697028,-1.70774467,-2.32016725,-0.03999075,0.76415629,0.38681030,-2.40697797,-1.61474498,-2.31940468,-0.04425049,0.72966672,0.38833618,-0.00488281,-0.11718750,0.00976562,0.00000000,0.17578125,-0.01464844,1.03340149,2.64665929,2.64472961,-0.04882812
25.31467247,8875,-2.40621503,-1.76466258,-2.32016762,-0.03929138,0.76743222,0.38681030,3.87697028,-1.71140478,-2.32016750,-0.03970073,0.76600671,0.38681030,-2.40697797,-1.61627085,-2.31940468,-0.04425049,0.73195553,0.38833618,-0.00488281,-0.13183594,0.00488281,-0.01464844,0.17578125,-0.01464844,1.03340149,2.64664428,2.64472961,0.00000000
25.32927155,8880,-2.40621503,-1.76885874,-2.32016762,-0.03890991,0.76933957,0.38681030,3.87697028,-1.71522754,-2.32016758,-0.03928819,0.76778554,0.38681030,-2.40697797,-1.61817820,-2.31940468,-0.04425049,0.73615170,0.38833618,-0.00488281,-0.13183594,0.00488281,0.00000000,0.30761719,-0.01464844,1.03340149,2.64663936,2.64472961,0.00000000
25.34184051,8885,-2.40621503,-1.77076609,-2.32016762,-0.03852844,0.77010251,0.38681030,3.87697028,-1.71837337,-2.32016761,-0.03889654,0.76924172,0.38681030,-2.40697797,-1.61970408,-2.31940468,-0.04425049,0.73958493,0.38833618,0.00000000,-0.13183594,0.00976562,-0.01464844,0.26367188,-0.04394531,1.03340149,2.64663775,2.64472961,0.02441406
25.35701251,8890,-2.40621503,-1.77496226,-2.32016762,-0.03776550,0.77200985,0.38642883,3.87697028,-1.72194363,-2.32016762,-0.03820643,0.77088209,0.38667297,-2.40697797,-1.62161143,-2.31940468,-0.04386902,0.74530697,0.38795471,-0.00488281,-0.14648438,0.00488281,0.00000000,0.36621094,-0.01464844,1.03340149,2.64663722,2.64472961,-0.02441406
25.37244654,8895,-2.40621503,-1.77877696,-2.32016762,-0.03700256,0.77353573,0.38604736,3.87697028,-1.72553711,-2.32016762,-0.03746736,0.77244548,0.38637150,-2.40697797,-1.62390025,-2.31940468,-0.04310608,0.74835873,0.38795471,-0.00488281,-0.15625000,0.00488281,0.02929688,0.23437500,-0.01464844,1.03340149,2.64663705,2.64472961,-0.04882812
25.38629460,8900,-2.40621503,-1.78221019,-2.32016762,-0.03623962,0.77506161,0.38528442,3.87697028,-1.72920303,-2.32016762,-0.03679232,0.77398366,0.38575978,-2.40697797,-1.62580760,-2.31940468,-0.04310608,0.75026608,0.38795471,-0.00488281,-0.15136719,0.00488281,0.01464844,0.14648438,-0.02929688,1.03340149,2.64663699,2.64472961,0.00000000
25.39909434,8905,-2.40621503,-1.78602488,-2.32016762,-0.03471375,0.77696896,0.38299561,3.87697028,-1.73278880,-2.32016762,-0.03572542,0.77552882,0.38444336,-2.40697797,-1.62809642,-2.31940468,-0.04272461,0.75141049,0.38795471,-0.00488281,-0.16113281,0.00488281,0.02929688,0.08789062,-0.01464844,1.03340149,2.64663697,2.64472961,-0.02441406
25.41369176,8910,-2.40621503,-1.78907664,-2.32016762,-0.03356934,0.77887631,0.38070679,3.87697028,-1.73594669,-2.32016762,-0.03442623,0.77719835,0.38263138,-2.40697797,-1.62962229,-2.31940468,-0.04196167,0.75141049,0.38757324,-0.00488281,-0.17089844,0.00976562,0.02929688,0.02929688,-0.02929688,1.03340149,2.64671509,2.64472961,-0.02441406
25.42931867,8915,-2.40621503,-1.79289134,-2.32054909,-0.03242493,0.78078366,0.37727356,3.87697028,-1.73971707,-2.32030495,-0.03323111,0.77916888,0.37961954,-2.40697797,-1.63229258,-2.31940468,-0.04043579,0.75141049,0.38757324,-0.00488281,-0.15136719,0.00976562,0.04394531,0.01464844,-0.01464844,1.03340149,2.64666256,2.64472961,-0.02441406
25.44165373,8920,-2.40621503,-1.79708750,-2.32054909,-0.03166199,0.78307248,0.37574768,3.87697028,-1.74333475,-2.32046909,-0.03242664,0.78112440,0.37726690,-2.40697797,-1.63419993,-2.31940468,-0.04005432,0.75217343,0.38719177,-0.00976562,-0.15625000,0.00976562,0.02929688,0.07324219,-0.01464844,1.03340149,2.64664535,2.64511108,0.00000000
25.45778823,8925,-2.40621503,-1.80052073,-2.32131203,-0.03089905,0.78497983,0.37536621,3.87697028,-1.74736308,-2.32096550,-0.03155000,0.78328435,0.37602028,-2.40697797,-1.63648875,-2.31940468,-0.03929138,0.75408078,0.38604736,-0.00488281,-0.13671875,0.00488281,0.02929688,0.10253906,-0.08789062,1.03340149,2.64663971,2.64511108,-0.04882812
25.47185540,8930,-2.40621503,-1.80471690,-2.32245644,-0.02937317,0.78841305,0.37498474,3.87697028,-1.75141636,-2.32171740,-0.03033696,0.78618121,0.37539438,-2.40697797,-1.63839610,-2.31940468,-0.03852844,0.75598813,0.38528442,-0.00488281,-0.14648438,0.00976562,0.04394531,0.16113281,-0.08789062,1.03340149,2.64663786,2.64511108,0.00000000
25.48724198,8935,-2.40621503,-1.80929454,-2.32360085,-0.02861023,0.79184628,0.37345886,3.87697028,-1.75544425,-2.32261405,-0.02935622,0.78925851,0.37454280,-2.40697797,-1.64068492,-2.31940468,-0.03776550,0.75865841,0.38490295,-0.00488281,-0.15625000,0.00488281,0.04394531,0.23437500,-0.02929688,1.03340149,2.64663726,2.64511108,-0.02441406
25.50096416,8940,-2.40621503,-1.81272776,-2.32474526,-0.02708435,0.79566098,0.37155151,3.87697028,-1.75926032,-2.32386526,-0.02819061,0.79254007,0.37307369,-2.40659650,-1.64259227,-2.31940468,-0.03700256,0.76209164,0.38452148,-0.00488281,-0.16113281,0.00488281,0.01464844,0.23437500,-0.04394531,1.03340149,2.64663706,2.64511108,-0.02441406
25.51489115,8945,-2.40621503,-1.81654246,-2.32627114,-0.02479553,0.79909421,0.36926270,3.87697028,-1.76323563,-2.32511315,-0.02630891,0.79626393,0.37109254,-2.40659650,-1.64488108,-2.31940468,-0.03700256,0.76514340,0.38375854,-0.00488281,-0.17089844,0.00488281,0.00000000,0.21972656,-0.04394531,1.03340149,2.64669949,2.64511108,-0.02441406
25.52848554,8950,-2.40621503,-1.82035716,-2.32779702,-0.02288818,0.80405331,0.36735535,3.87697028,-1.76691301,-2.32658700,-0.02445879,0.80036856,0.36894177,-2.40659650,-1.64716990,-2.31940468,-0.03662109,0.76781369,0.38337708,0.00000000,-0.18066406,0.00488281,-0.02929688,0.29296875,-0.05859375,1.03340149,2.64665745,2.64511108,0.02441406
25.54134107,8955,-2.40621503,-1.82340892,-2.32932289,-0.02136230,0.80939389,0.36506653,3.87697028,-1.77040855,-2.32811341,-0.02265870,0.80527827,0.36682953,-2.40659650,-1.64945872,-2.31940468,-0.03662109,0.77239132,0.38223267,0.00000000,-0.16601562,0.00488281,0.01464844,0.29296875,-0.11718750,1.03340149,2.64664368,2.64511108,-0.02441406
25.55959415,8960,-2.40621503,-1.82760508,-2.33237465,-0.01945496,0.81626034,0.36468506,3.87697028,-1.77401722,-2.33031720,-0.02101550,0.81100890,0.36541901,-2.40659650,-1.65251048,-2.31940468,-0.03585815,0.77506161,0.38032532,-0.00976562,-0.16601562,0.00976562,0.02929688,0.11718750,-0.10253906,1.03340149,2.64663916,2.64511108,-0.02441406
25.57232022,8965,-2.40621503,-1.83027537,-2.33466347,-0.01792908,0.82160092,0.36468506,3.87697028,-1.77742761,-2.33283840,-0.01924903,0.81700220,0.36492556,-2.40659650,-1.65441783,-2.31940468,-0.03509521,0.77620602,0.37879944,-0.00488281,-0.17089844,0.00488281,0.05859375,0.10253906,-0.11718750,1.03340149,2.64663768,2.64511108,-0.04882812
25.58777499,8970,-2.40621503,-1.83370860,-2.33809670,-0.01564026,0.82884884,0.36468506,3.87697028,-1.78067172,-2.33563294,-0.01728177,0.82351527,0.36479512,-2.40697797,-1.65746958,-2.31940468,-0.03318787,0.77887631,0.37574768,-0.00488281,-0.18066406,-0.00000000,0.11718750,0.14648438,-0.19042969,1.03340149,2.64669970,2.64511108,-0.04882812
25.60377526,8975,-2.40621503,-1.83637889,-2.34191140,-0.01449585,0.83685971,0.36468506,3.87697028,-1.78370728,-2.33892096,-0.01554936,0.83047968,0.36472112,-2.40659650,-1.65975840,-2.31940468,-0.03166199,0.78040219,0.37612915,-0.00488281,-0.17089844,0.00488281,0.10253906,0.10253906,-0.01464844,1.03340149,2.64677959,2.64511108,0.00000000
25.61868811,8980,-2.40621503,-1.83866770,-2.34572609,-0.01373291,0.84448910,0.36468506,3.87697028,-1.78622321,-2.34236533,-0.01450830,0.83808502,0.36469688,-2.40697797,-1.66204722,-2.31940468,-0.02899170,0.78307248,0.37536621,-0.00488281,-0.17578125,-0.00000000,0.14648438,0.17578125,-0.04394531,1.03340149,2.64668370,2.64511108,0.00000000
25.63148189,8985,-2.40621503,-1.84057505,-2.34877785,-0.01335144,0.85097409,0.36506653,3.87697028,-1.78843008,-2.34595736,-0.01384966,0.84521984,0.36485312,-2.40659650,-1.66433604,-2.31978615,-0.02822876,0.78688717,0.37460327,-0.00488281,-0.17089844,-0.00976562,0.04394531,0.33691406,-0.11718750,1.03340149,2.64665228,2.64511108,-0.04882812
25.64583540,8990,-2.40621503,-1.84171946,-2.35221108,-0.01182556,0.85822201,0.36468506,3.87697028,-1.79012186,-2.34943041,-0.01277056,0.85247708,0.36481044,-2.40659650,-1.66624339,-2.32016762,-0.02746582,0.79108334,0.37345886,-0.00488281,-0.16601562,-0.03417969,0.05859375,0.39550781,-0.07324219,1.03340149,2.64664198,2.64511108,-0.02441406
25.65809727,8995,-2.40621503,-1.84324534,-2.35717018,-0.00953674,0.86737729,0.36468506,3.87697028,-1.79174116,-2.35361107,-0.01095822,0.86066032,0.36472614,-2.40659650,-1.66891368,-2.32054909,-0.02632141,0.79794980,0.37307739,-0.00488281,-0.18554688,-0.02929688,0.05859375,0.48339844,-0.02929688,1.03340149,2.64663861,2.64511108,0.00000000
25.67020464,9000,-2.40621503,-1.84400828,-2.36098488,-0.00762939,0.87424374,0.36468506,3.87697028,-1.79281596,-2.35746463,-0.00933102,0.86793726,0.36469852,-2.40659650,-1.67082102,-2.32093056,-0.02555847,0.80138302,0.37307739,-0.00488281,-0.18066406,-0.02441406,0.02929688,0.30761719,-0.04394531,1.03340149,2.64663750,2.64511108,-0.02441406
25.68328333,9005,-2.40621503,-1.84515269,-2.36518105,-0.00686646,0.88187314,0.36468506,3.87697028,-1.79393756,-2.36174091,-0.00785422,0.87563378,0.36468947,-2.40659650,-1.67310984,-2.32131203,-0.02555847,0.80672360,0.37231445,-0.00488281,-0.18066406,-0.04394531,0.00000000,0.45410156,-0.04394531,1.03340149,2.64663714,2.64549255,-0.02441406
25.69852948,9010,-2.40621503,-1.84553416,-2.37014016,-0.00686646,0.89064694,0.36506653,3.87697028,-1.79459281,-2.36594600,-0.00726044,0.88316444,0.36482383,-2.40697797,-1.67578013,-2.32207497,-0.02365112,0.81282712,0.37117004,-0.00976562,-0.17578125,-0.02441406,0.08789062,0.41015625,-0.11718750,1.03340149,2.64663702,2.64549255,-0.02441406
25.71336675,9015,-2.40621503,-1.84591563,-2.37433632,-0.00648499,0.89827633,0.36506653,3.87697028,-1.79506399,-2.37078571,-0.00691926,0.89190162,0.36493817,-2.40659650,-1.67806895,-2.32283791,-0.02136230,0.81702328,0.36888123,-0.00488281,-0.18066406,-0.06835938,0.16113281,0.32226562,-0.20507812,1.03340149,2.64673464,2.64511108,-0.04882812
25.72907829,9020,-2.40621503,-1.84629710,-2.37929543,-0.00610352,0.90628720,0.36506653,3.87697028,-1.79553589,-2.37555530,-0.00655100,0.90006112,0.36502447,-2.40659650,-1.68073924,-2.32398232,-0.02059937,0.82350827,0.36888123,-0.00488281,-0.15625000,-0.05859375,0.04394531,0.49804688,0.00000000,1.03340149,2.64666897,2.64511108,-0.02441406
25.74375963,9025,-2.40621503,-1.84629710,-2.38349160,-0.00610352,0.91429806,0.36506653,3.87697028,-1.79580966,-2.38022111,-0.00625015,0.90821982,0.36505275,-2.40659650,-1.68264659,-2.32512673,-0.01983643,0.82808590,0.36849976,-0.00488281,-0.14648438,-0.09277344,0.05859375,0.24902344,-0.01464844,1.03340149,2.64664745,2.64549255,-0.02441406
25.75646663,9030,-2.40621503,-1.84629710,-2.38730629,-0.00610352,0.92002011,0.36506653,3.87697028,-1.79589937,-2.38435327,-0.00615156,0.91512898,0.36506201,-2.40659650,-1.68493540,-2.32588967,-0.01831055,0.83342648,0.36849976,0.00000000,-0.14648438,-0.04394531,0.04394531,0.38085938,-0.01464844,1.03340149,2.64664040,2.64549255,-0.02441406
25.77398634,9035,-2.40621503,-1.84629710,-2.39150246,-0.00610352,0.92612362,0.36506653,3.87697028,-1.79592877,-2.38825649,-0.00611926,0.92124648,0.36506505,-2.40659650,-1.68760569,-2.32741555,-0.01792908,0.84067441,0.36849976,-0.00488281,-0.15625000,-0.07812500,0.01464844,0.48339844,-0.01464844,1.03340149,2.64663809,2.64549255,-0.02441406
25.78733873,9040,-2.40621503,-1.84629710,-2.39531716,-0.00610352,0.93184567,0.36506653,3.87697028,-1.79593840,-2.39224229,-0.00610867,0.92714938,0.36506604,-2.40659650,-1.68913157,-2.32855995,-0.01754761,0.84487057,0.36849976,-0.00488281,-0.15136719,-0.08300781,-0.01464844,0.41015625,-0.01464844,1.03340149,2.64663733,2.64549255,-0.02441406
25.80226970,9045,-2.40621503,-1.84629710,-2.39875038,-0.00610352,0.93642331,0.36506653,3.87697028,-1.79594156,-2.39576723,-0.00610521,0.93216421,0.36511520,-2.40697797,-1.69180186,-2.33008583,-0.01716614,0.85364438,0.36849976,-0.00488281,-0.13671875,-0.07812500,0.00000000,0.43945312,-0.02929688,1.03340149,2.64675915,2.64549255,0.00000000
25.81514716,9050,-2.40659650,-1.84629710,-2.40180214,-0.00610352,0.93985653,0.36544800,3.87684516,-1.79594259,-2.39932218,-0.00610407,0.93691209,0.36525887,-2.40659650,-1.69332774,-2.33123024,-0.01640320,0.85860348,0.36811829,-0.00488281,-0.15625000,-0.07812500,0.04394531,0.46875000,-0.04394531,1.03340149,2.64667700,2.64549255,-0.02441406
25.82840014,9055,-2.40659650,-1.84629710,-2.40523537,-0.00648499,0.94443417,0.36506653,3.87667281,-1.79594293,-2.40256629,-0.00628985,0.94105771,0.36523942,-2.40659650,-1.69561656,-2.33199318,-0.01525879,0.86279965,0.36735535,-0.00488281,-0.14160156,-0.06835938,0.10253906,0.30761719,-0.05859375,1.03340149,2.64665008,2.64549255,-0.02441406
25.84683228,9060,-2.40659650,-1.84629710,-2.40905007,-0.00648499,0.94748593,0.36544800,3.87661633,-1.79594304,-2.40597331,-0.00642104,0.94467787,0.36529176,-2.40659650,-1.69828685,-2.33351906,-0.01373291,0.87233639,0.36659241,-0.00488281,-0.13183594,-0.08300781,0.04394531,0.49804688,-0.02929688,1.03340149,2.64664126,2.64549255,-0.02441406
25.86142302,9065,-2.40659650,-1.84629710,-2.41248329,-0.00648499,0.94977475,0.36544800,3.87659783,-1.79605294,-2.40964063,-0.00646403,0.94763341,0.36539680,-2.40659650,-1.69981272,-2.33504494,-0.01296997,0.87729550,0.36659241,-0.00488281,-0.12695312,-0.10253906,0.01464844,0.54199219,-0.02929688,1.03340149,2.64663837,2.64549255,-0.02441406
25.87540913,9070,-2.40659650,-1.84667857,-2.41553505,-0.00648499,0.95206357,0.36544800,3.87659176,-1.79620431,-2.41298345,-0.00647812,0.95029109,0.36543122,-2.40659650,-1.70172007,-2.33657082,-0.01258850,0.88378048,0.36621094,0.00000000,-0.14160156,-0.09765625,0.02929688,0.41015625,-0.02929688,1.03340149,2.64663742,2.64549255,0.00000000
25.89120221,9075,-2.40659650,-1.84667857,-2.41896828,-0.00648499,0.95473385,0.36544800,3.87658978,-1.79628516,-2.41609555,-0.00648274,0.95276584,0.36544250,-2.40659650,-1.70400889,-2.33771523,-0.01182556,0.88797665,0.36621094,0.00000000,-0.14160156,-0.07812500,0.02929688,0.26367188,-0.04394531,1.03340149,2.64669961,2.64549255,0.00000000
25.90507627,9080,-2.40659650,-1.84667857,-2.42163857,-0.00648499,0.95702267,0.36582947,3.87658913,-1.79631165,-2.41917868,-0.00648425,0.95516442,0.36558353,-2.40659650,-1.70553477,-2.33885964,-0.01144409,0.89217282,0.36621094,0.00000000,-0.12695312,-0.09765625,0.02929688,0.41015625,-0.01464844,1.03340149,2.64665749,2.64549255,-0.02441406
25.91864181,9085,-2.40659650,-1.84667857,-2.42469033,-0.00648499,0.96007443,0.36582947,3.87658891,-1.79632033,-2.42238183,-0.00648474,0.95803339,0.36574888,-2.40659650,-1.70706065,-2.34076699,-0.01106262,0.89713193,0.36621094,-0.00488281,-0.11230469,-0.14648438,0.00000000,0.33691406,-0.02929688,1.03340149,2.64674135,2.64549255,-0.02441406
25.93349671,9090,-2.40659650,-1.84667857,-2.42812355,-0.00648499,0.96350766,0.36582947,3.87658884,-1.79632318,-2.42570988,-0.00648491,0.96118162,0.36580306,-2.40659650,-1.70858653,-2.34305580,-0.01106262,0.90361691,0.36621094,-0.00976562,-0.09277344,-0.12695312,-0.02929688,0.39550781,-0.01464844,1.03378296,2.64682376,2.64549255,-0.02441406
25.94976091,9095,-2.40659650,-1.84667857,-2.43231972,-0.00648499,0.96694089,0.36621094,3.87658882,-1.79632411,-2.42937744,-0.00648496,0.96433982,0.36604603,-2.40659650,-1.71049388,-2.34458168,-0.01106262,0.90705014,0.36621094,0.00000000,-0.11718750,-0.10253906,-0.01464844,0.23437500,0.00000000,1.03340149,2.64669817,2.64549255,-0.04882812
25.96310663,9100,-2.40659650,-1.84667857,-2.43537148,-0.00648499,0.96999264,0.36659241,3.87658881,-1.79632442,-2.43286389,-0.00648498,0.96764570,0.36634306,-2.40659650,-1.71201976,-2.34572609,-0.01068115,0.91048337,0.36621094,0.00000000,-0.12695312,-0.09277344,0.01464844,0.26367188,-0.02929688,1.03340149,2.64673514,2.64587402,-0.02441406
25.97509098,9105,-2.40659650,-1.84667857,-2.43918618,-0.00610352,0.97342587,0.36659241,3.87658881,-1.79632452,-2.43626390,-0.00640869,0.97065145,0.36651070,-2.40659650,-1.71392710,-2.34763344,-0.01029968,0.91353512,0.36621094,-0.00488281,-0.11718750,-0.12207031,0.01464844,0.26367188,0.00000000,1.03340149,2.64666914,2.64549255,-0.02441406
25.99011087,9110,-2.40659650,-1.84667857,-2.44223793,-0.00610352,0.97571469,0.36735535,3.87658881,-1.79632455,-2.43959775,-0.00633486,0.97353555,0.36689840,-2.40659650,-1.71507151,-2.34915932,-0.01029968,0.91620541,0.36621094,-0.00488281,-0.11230469,-0.10742188,0.00000000,0.32226562,-0.01464844,1.03340149,2.64664751,2.64587402,0.00000000
26.00367856,9115,-2.40659650,-1.84667857,-2.44528969,-0.00648499,0.97838498,0.36811829,3.87658881,-1.79632456,-2.44268530,-0.00639673,0.97623683,0.36746806,-2.40659650,-1.71659739,-2.35030373,-0.01029968,0.92230893,0.36621094,-0.00488281,-0.11718750,-0.11230469,0.00000000,0.30761719,-0.01464844,1.03340149,2.64664042,2.64587402,-0.02441406
26.01799035,9120,-2.40659650,-1.84667857,-2.44834145,-0.00648499,0.98143673,0.36964417,3.87658881,-1.79632456,-2.44605591,-0.00645607,0.97930070,0.36868061,-2.40659650,-1.71812327,-2.35259255,-0.01029968,0.92688656,0.36621094,-0.00488281,-0.10253906,-0.10253906,0.00000000,0.33691406,-0.01464844,1.03340149,2.64663809,2.64549255,-0.04882812
26.03175879,9125,-2.40697797,-1.84667857,-2.45177468,-0.00648499,0.98448849,0.37002563,3.87645148,-1.79632456,-2.44932751,-0.00647551,0.98232518,0.36955365,-2.40659650,-1.71964915,-2.35411843,-0.01029968,0.93146420,0.36621094,-0.00488281,-0.10253906,-0.12695312,0.00000000,0.30761719,-0.02929688,1.03340149,2.64663733,2.64587402,-0.02441406
26.04585028,9130,-2.40735944,-1.84667857,-2.45444496,-0.00648499,0.98792172,0.36964417,3.87615001,-1.79632456,-2.45224806,-0.00648188,0.98545650,0.36979468,-2.40697797,-1.72117503,-2.35602578,-0.00991821,0.93527890,0.36621094,-0.00976562,-0.10253906,-0.11230469,0.01464844,0.29296875,-0.01464844,1.03340149,2.64663708,2.64549255,-0.02441406
26.06129742,9135,-2.40926679,-1.84667857,-2.45749672,-0.00610352,0.99021054,0.36964417,3.87501936,-1.79632456,-2.45519579,-0.00634664,0.98814199,0.36987366,-2.40659650,-1.72270091,-2.35793312,-0.00991821,0.93871213,0.36621094,-0.00488281,-0.13183594,-0.12207031,0.00000000,0.21972656,-0.02929688,1.03340149,2.64663700,2.64587402,-0.02441406
26.07580018,9140,-2.41117413,-1.84667857,-2.46016701,-0.00495911,0.99249936,0.37002563,3.87342903,-1.79632456,-2.45789448,-0.00569551,0.99054712,0.36992701,-2.40659650,-1.72422679,-2.35984047,-0.00991821,0.94176388,0.36621094,-0.00488281,-0.11230469,-0.12207031,0.00000000,0.21972656,-0.01464844,1.03340149,2.64675905,2.64587402,-0.02441406
26.08855486,9145,-2.41270001,-1.84667857,-2.46207436,-0.00419617,0.99326230,0.36964417,3.87181952,-1.79632456,-2.46018468,-0.00480661,0.99218313,0.36977591,-2.40659650,-1.72537120,-2.36174782,-0.00953674,0.94519711,0.36621094,-0.00488281,-0.09765625,-0.15136719,0.01464844,0.32226562,-0.01464844,1.03378296,2.64682956,2.64549255,-0.04882812
26.10494590,9150,-2.41498883,-1.84667857,-2.46474465,-0.00343323,0.99516964,0.36964417,3.86993495,-1.79632456,-2.46278706,-0.00395357,0.99379015,0.36968734,-2.40697797,-1.72689707,-2.36365517,-0.00915527,0.94977475,0.36621094,0.00000000,-0.09765625,-0.14160156,0.00000000,0.26367188,-0.02929688,1.03340149,2.64679773,2.64587402,-0.02441406
26.11763287,9155,-2.41727765,-1.84667857,-2.46665200,-0.00343323,0.99631405,0.36964417,3.86786941,-1.79632456,-2.46492362,-0.00360373,0.99523653,0.36965831,-2.40697797,-1.72842295,-2.36556252,-0.00877380,0.95320797,0.36659241,-0.00976562,-0.10742188,-0.13671875,0.02929688,0.30761719,-0.01464844,1.03340149,2.64668964,2.64549255,-0.02441406
26.13225150,9160,-2.41918500,-1.84667857,-2.46894081,-0.00305176,0.99669552,0.36964417,3.86566901,-1.79632456,-2.46709223,-0.00330294,0.99618619,0.36964880,-2.40697797,-1.72994883,-2.36746987,-0.00801086,0.95702267,0.36659241,-0.00488281,-0.10742188,-0.13671875,0.04394531,0.23437500,-0.02929688,1.03378296,2.64680681,2.64587402,-0.02441406
26.14607692,9165,-2.42147382,-1.84667857,-2.47046669,-0.00305176,0.99707699,0.36926270,3.86358935,-1.79632456,-2.46904015,-0.00313407,0.99666595,0.36948150,-2.40697797,-1.73109324,-2.36937722,-0.00762939,0.95969296,0.36659241,-0.00976562,-0.08789062,-0.10253906,0.04394531,0.20507812,-0.01464844,1.03340149,2.64669262,2.64587402,-0.04882812
26.16028786,9170,-2.42414411,-1.84667857,-2.47161110,-0.00305176,0.99707699,0.36926270,3.86107304,-1.79632456,-2.47051816,-0.00307873,0.99694230,0.36936564,-2.40697797,-1.73223765,-2.37090309,-0.00686646,0.96274472,0.36659241,-0.00976562,-0.07812500,-0.09277344,0.01464844,0.17578125,0.00000000,1.03340149,2.64665520,2.64587402,-0.02441406
26.17386866,9175,-2.42681439,-1.84667857,-2.47275551,-0.00305176,0.99669552,0.36888123,3.85835165,-1.79632456,-2.47183292,-0.00306060,0.99695656,0.36922014,-2.40697797,-1.73338206,-2.37242897,-0.00648499,0.96388913,0.36659241,-0.00976562,-0.09277344,-0.14160156,0.02929688,0.11718750,-0.01464844,1.03340149,2.64664294,2.64587402,-0.02441406
26.18804765,9180,-2.43024762,-1.84706004,-2.47389992,-0.00305176,0.99669552,0.36888123,3.85550421,-1.79640086,-2.47301118,-0.00311569,0.99681231,0.36899228,-2.40697797,-1.73414500,-2.37471779,-0.00648499,0.96617795,0.36659241,-0.01953125,-0.06347656,-0.15136719,-0.01464844,0.14648438,0.00000000,1.03340149,2.64663892,2.64587402,-0.04882812
26.20340705,9185,-2.43329938,-1.84706004,-2.47504433,-0.00305176,0.99669552,0.36811829,3.85235632,-1.79660603,-2.47400848,-0.00320405,0.99673379,0.36865516,-2.40735944,-1.73567088,-2.37662514,-0.00648499,0.96884823,0.36659241,-0.02929688,-0.09765625,-0.13671875,0.00000000,0.21972656,-0.01464844,1.03340149,2.64663760,2.64587402,-0.04882812
26.21481824,9190,-2.43558820,-1.84706004,-2.47580727,-0.00343323,0.99669552,0.36773682,3.84965905,-1.79667327,-2.47511628,-0.00328782,0.99670806,0.36810805,-2.40774091,-1.73681529,-2.37815102,-0.00610352,0.97075558,0.36659241,-0.02929688,-0.10742188,-0.13183594,0.00000000,0.14648438,-0.01464844,1.03340149,2.64663717,2.64587402,0.00000000
26.22878551,9195,-2.43863995,-1.84706004,-2.47733315,-0.00343323,0.99669552,0.36582947,3.84672345,-1.79669530,-2.47627616,-0.00338558,0.99669963,0.36697699,-2.40812238,-1.73795970,-2.38005837,-0.00572205,0.97304440,0.36659241,-0.02441406,-0.08789062,-0.14160156,0.01464844,0.19042969,-0.01464844,1.03340149,2.64663703,2.64587402,-0.02441406
26.24224663,9200,-2.44245465,-1.84706004,-2.47885903,-0.00343323,0.99669552,0.36430359,3.84375492,-1.79670252,-2.47750193,-0.00341761,0.99669687,0.36540031,-2.40850385,-1.73910411,-2.38158425,-0.00457764,0.97495175,0.36659241,-0.03906250,-0.09277344,-0.13671875,0.07324219,0.16113281,-0.01464844,1.03340149,2.64663699,2.64587402,0.00000000
26.25695634,9205,-2.44550641,-1.84706004,-2.48000344,-0.00343323,0.99669552,0.36354065,3.84034030,-1.79670488,-2.47896304,-0.00342811,0.99669597,0.36426916,-2.40926679,-1.74024852,-2.38349160,-0.00305176,0.97762204,0.36659241,-0.05371094,-0.08300781,-0.12695312,0.04394531,0.20507812,0.00000000,1.03378296,2.64678956,2.64587402,-0.02441406
26.27225161,9210,-2.44970258,-1.84706004,-2.48229225,-0.00343323,0.99669552,0.36163330,3.83661165,-1.79670566,-2.48072038,-0.00349259,0.99669567,0.36294673,-2.41002973,-1.74139292,-2.38501747,-0.00267029,0.97952939,0.36659241,-0.05859375,-0.08789062,-0.11718750,0.00000000,0.17578125,-0.01464844,1.03340149,2.64668697,2.64587402,-0.04882812
26.28494048,9215,-2.45313580,-1.84706004,-2.48381813,-0.00343323,0.99707699,0.36087036,3.83295272,-1.79670591,-2.48245101,-0.00350151,0.99683290,0.36170114,-2.41041119,-1.74253733,-2.38692482,-0.00305176,0.98219967,0.36659241,-0.04882812,-0.09277344,-0.13183594,-0.04394531,0.14648438,-0.01464844,1.03340149,2.64665335,2.64587402,-0.04882812
26.29690385,9220,-2.45656903,-1.84706004,-2.48534401,-0.00381470,0.99707699,0.36048889,3.82942405,-1.79670599,-2.48411430,-0.00363199,0.99699701,0.36095643,-2.41117413,-1.74330027,-2.38883217,-0.00305176,0.98334408,0.36659241,-0.06347656,-0.06347656,-0.12207031,-0.01464844,0.13183594,-0.02929688,1.03340149,2.64676440,2.64587402,-0.04882812
26.31063509,9225,-2.46000226,-1.84706004,-2.48725136,-0.00381470,0.99707699,0.35972595,3.82596882,-1.79670602,-2.48582253,-0.00369379,0.99705078,0.36037964,-2.41193707,-1.74444468,-2.39035805,-0.00305176,0.98448849,0.36659241,-0.05859375,-0.07812500,-0.10253906,0.00000000,0.14648438,-0.02929688,1.03340149,2.64667872,2.64587402,-0.02441406
26.32323861,9230,-2.46343549,-1.84706004,-2.48877724,-0.00381470,0.99707699,0.35820007,3.82247028,-1.79670603,-2.48744722,-0.00377508,0.99706841,0.35931515,-2.41270001,-1.74520762,-2.39188393,-0.00305176,0.98486996,0.36659241,-0.06347656,-0.05371094,-0.10253906,-0.01464844,0.01464844,-0.01464844,1.03340149,2.64674830,2.64587402,-0.02441406
26.33776259,9235,-2.46725018,-1.84706004,-2.49068459,-0.00381470,0.99707699,0.35438538,3.81894424,-1.79670603,-2.48924486,-0.00380172,0.99707418,0.35704862,-2.41384442,-1.74635203,-2.39379128,-0.00305176,0.98486996,0.36621094,-0.08300781,-0.08300781,-0.13183594,-0.01464844,0.01464844,-0.02929688,1.03340149,2.64681407,2.64587402,0.00000000
26.35119343,9240,-2.47182782,-1.84706004,-2.49259194,-0.00381470,0.99745846,0.35057068,3.81495679,-1.79670603,-2.49099419,-0.00381044,0.99730129,0.35362648,-2.41460736,-1.74711497,-2.39531716,-0.00305176,0.98486996,0.36621094,-0.07812500,-0.05371094,-0.12207031,0.00000000,-0.00000000,-0.02929688,1.03340149,2.64669500,2.64587402,-0.02441406
26.36458158,9245,-2.47602399,-1.84706004,-2.49449929,-0.00381470,0.99745846,0.34713745,3.81044719,-1.79670603,-2.49294986,-0.00381330,0.99745579,0.34992491,-2.41575177,-1.74787791,-2.39722451,-0.00305176,0.98563290,0.36621094,-0.08300781,-0.09277344,-0.12207031,-0.02929688,0.07324219,-0.02929688,1.03340149,2.64665598,2.64587402,-0.02441406
26.37660027,9250,-2.47983869,-1.84706004,-2.49678810,-0.00381470,0.99822140,0.34294128,3.80642626,-1.79670603,-2.49505920,-0.00381424,0.99785139,0.34610175,-2.41651471,-1.74902232,-2.39875038,-0.00305176,0.98563290,0.36582947,-0.08300781,-0.07324219,-0.13183594,-0.01464844,0.01464844,-0.02929688,1.03340149,2.64664319,2.64587402,-0.04882812
26.39284706,9255,-2.48594220,-1.84706004,-2.49945839,-0.00343323,0.99936581,0.33798218,3.80161601,-1.79670603,-2.49743581,-0.00355808,0.99861908,0.34157590,-2.41765912,-1.74978526,-2.40065773,-0.00305176,0.98601437,0.36506653,-0.09277344,-0.08300781,-0.14648438,-0.02929688,0.05859375,-0.07324219,1.03340149,2.64663900,2.64587402,-0.04882812
26.40824509,9260,-2.49090131,-1.84706004,-2.50251015,-0.00343323,1.00051022,0.33531189,3.79632092,-1.79670603,-2.50020823,-0.00352297,0.99959121,0.33788450,-2.41918500,-1.75092967,-2.40294655,-0.00305176,0.98715878,0.36277771,-0.08300781,-0.06347656,-0.10253906,-0.01464844,0.08789062,-0.17578125,1.03340149,2.64663763,2.64587402,-0.02441406
26.42178965,9265,-2.49547894,-1.84706004,-2.50479897,-0.00343323,1.00203610,0.33378601,3.79164002,-1.79670603,-2.50281372,-0.00346263,1.00078525,0.33539854,-2.42032941,-1.75207408,-2.40447243,-0.00305176,0.98830319,0.36048889,-0.10253906,-0.07812500,-0.12695312,-0.01464844,0.08789062,-0.17578125,1.03302002,2.64618674,2.64587402,-0.02441406
26.43539929,9270,-2.50043805,-1.84706004,-2.50746926,-0.00343323,1.00356198,0.33226013,3.78672276,-1.79670603,-2.50535340,-0.00344286,1.00225122,0.33359712,-2.42147382,-1.75283702,-2.40599831,-0.00305176,0.98944760,0.35896301,-0.09765625,-0.06835938,-0.12695312,-0.01464844,0.10253906,-0.13183594,1.03302002,2.64597650,2.64587402,-0.02441406
26.45119405,9275,-2.50539716,-1.84706004,-2.51090248,-0.00343323,1.00508786,0.32997131,3.78183840,-1.79670603,-2.50828240,-0.00348521,1.00369644,0.33159155,-2.42338117,-1.75359996,-2.40828713,-0.00305176,0.99059201,0.35781860,-0.11230469,-0.06347656,-0.13671875,-0.02929688,0.10253906,-0.07324219,1.03263855,2.64575501,2.64587402,-0.04882812
26.46319866,9280,-2.50997479,-1.84706004,-2.51357277,-0.00343323,1.00737668,0.32730103,3.77694249,-1.79670603,-2.51121764,-0.00345026,1.00570736,0.32924063,-2.42452557,-1.75436290,-2.40981301,-0.00305176,0.99211789,0.35705566,-0.10742188,-0.06347656,-0.14160156,-0.02929688,0.08789062,-0.07324219,1.03225708,2.64487165,2.64587402,-0.02441406
26.47606230,9285,-2.51455243,-1.84706004,-2.51662453,-0.00343323,1.00966549,0.32577515,3.77240802,-1.79670603,-2.51412136,-0.00343881,1.00778744,0.32719246,-2.42566998,-1.75512583,-2.41133889,-0.00305176,0.99249936,0.35476685,-0.09277344,-0.06347656,-0.13671875,0.00000000,0.07324219,-0.19042969,1.03225708,2.64442203,2.64587402,-0.04882812
26.49010611,9290,-2.51989301,-1.84706004,-2.52005776,-0.00343323,1.01386166,0.32386780,3.76747074,-1.79670603,-2.51724191,-0.00343506,1.01082048,0.32527802,-2.42757733,-1.75588877,-2.41324623,-0.00305176,0.99288083,0.35133362,-0.13183594,-0.06347656,-0.14160156,-0.02929688,0.02929688,-0.27832031,1.03149414,2.64370683,2.64587402,-0.04882812
26.50484514,9295,-2.52485211,-1.84706004,-2.52310952,-0.00343323,1.01653195,0.32272339,3.76239868,-1.79670603,-2.52051641,-0.00343383,1.01402125,0.32374994,-2.42910321,-1.75665171,-2.41553505,-0.00305176,0.99364377,0.34904480,-0.13671875,-0.05371094,-0.14648438,0.01464844,0.07324219,-0.23437500,1.03111267,2.64295953,2.64625549,0.00000000
26.51986146,9300,-2.53057416,-1.84706004,-2.52692421,-0.00343323,1.02072812,0.32081604,3.75688278,-1.79670603,-2.52411210,-0.00343342,1.01763783,0.32223934,-2.43139203,-1.75779612,-2.41782387,-0.00305176,0.99555111,0.34713745,-0.12207031,-0.06835938,-0.14160156,0.00000000,0.08789062,-0.11718750,1.02920532,2.64107379,2.64587402,0.00000000
26.53584075,9305,-2.53744061,-1.84706004,-2.53112038,-0.00343323,1.02492428,0.31700134,3.75108729,-1.79670603,-2.52781219,-0.00343329,1.02152494,0.31965913,-2.43253644,-1.75855906,-2.41934975,-0.00343323,0.99707699,0.34599304,-0.11718750,-0.04882812,-0.14648438,-0.04394531,0.13183594,-0.11718750,1.02348328,2.63428424,2.64587402,-0.02441406
26.54899454,9310,-2.54239972,-1.84706004,-2.53455361,-0.00343323,1.02873898,0.31471252,3.74509143,-1.79670603,-2.53170542,-0.00343325,1.02566561,0.31677337,-2.43482526,-1.75932200,-2.42202004,-0.00305176,1.00051022,0.34141541,-0.13671875,-0.06347656,-0.12695312,-0.01464844,0.20507812,-0.30761719,1.02043152,2.62559069,2.64587402,0.00000000
26.56274986,9315,-2.54850324,-1.84706004,-2.53798683,-0.00343323,1.03217221,0.31242371,3.73971703,-1.79670603,-2.53506575,-0.00343323,1.02913827,0.31443006,-2.43673261,-1.76008494,-2.42392739,-0.00305176,1.00318051,0.33950806,-0.12695312,-0.05371094,-0.13183594,-0.01464844,0.23437500,-0.14648438,1.02005005,2.62166557,2.64587402,-0.04882812
26.57551956,9320,-2.55346234,-1.84706004,-2.54065712,-0.00343323,1.03484250,0.31127930,3.73433034,-1.79670603,-2.53811254,-0.00343323,1.03233125,0.31261106,-2.43863995,-1.76046641,-2.42545327,-0.00305176,1.00661374,0.33912659,-0.15136719,-0.04882812,-0.12695312,0.00000000,0.32226562,-0.05859375,1.02043152,2.62077611,2.64587402,-0.02441406
26.59238315,9325,-2.55956586,-1.84706004,-2.54409035,-0.00343323,1.03789425,0.31013489,3.72812333,-1.79670603,-2.54153974,-0.00343323,1.03551082,0.31121581,-2.44092877,-1.76122935,-2.42850502,-0.00305176,1.00890256,0.33798218,-0.16113281,-0.04394531,-0.15136719,-0.01464844,0.11718750,-0.13183594,1.02005005,2.62028812,2.64587402,-0.02441406
26.60804749,9330,-2.56681378,-1.84706004,-2.54752358,-0.00343323,1.04094601,0.30860901,3.72178242,-1.79670603,-2.54474346,-0.00343323,1.03845554,0.30965266,-2.44359906,-1.76199229,-2.43079384,-0.00343323,1.01195431,0.33454895,-0.15136719,-0.03417969,-0.13183594,-0.02929688,0.11718750,-0.20507812,1.02005005,2.62025029,2.64549255,-0.04882812
26.62136745,9335,-2.57253583,-1.84706004,-2.55019387,-0.00343323,1.04247189,0.30784607,3.71567740,-1.79670603,-2.54773747,-0.00347229,1.04081597,0.30864948,-2.44550641,-1.76275523,-2.43231972,-0.00343323,1.01348019,0.33340454,-0.15625000,-0.07324219,-0.14160156,-0.02929688,0.08789062,-0.10253906,1.02043152,2.62036607,2.64549255,-0.02441406
26.63474703,9340,-2.57749494,-1.84706004,-2.55210121,-0.00343323,1.04437924,0.30670166,3.70975394,-1.79670603,-2.55033146,-0.00356517,1.04291085,0.30760945,-2.44779523,-1.76351817,-2.43460854,-0.00343323,1.01462460,0.33187866,-0.17578125,-0.05371094,-0.15136719,-0.01464844,0.10253906,-0.11718750,1.02043152,2.62035029,2.64511108,-0.02441406
26.64805627,9345,-2.58436139,-1.84706004,-2.55439003,-0.00381470,1.04552365,0.30441284,3.70395625,-1.79670603,-2.55254010,-0.00373293,1.04447803,0.30602915,-2.45008405,-1.76389964,-2.43689736,-0.00343323,1.01500607,0.33111572,-0.16601562,-0.03906250,-0.15625000,-0.04394531,0.02929688,-0.07324219,1.02043152,2.62050528,2.64511108,-0.02441406
26.66269207,9350,-2.59122785,-1.84706004,-2.55629738,-0.00381470,1.04704953,0.30059814,3.69761676,-1.79670603,-2.55470438,-0.00371759,1.04574499,0.30342075,-2.45237286,-1.76466258,-2.43918618,-0.00343323,1.01576901,0.32920837,-0.17089844,-0.06347656,-0.15136719,-0.02929688,0.08789062,-0.17578125,1.02043152,2.62043400,2.64472961,-0.02441406
26.67721438,9355,-2.59656842,-1.84706004,-2.55782326,-0.00381470,1.04781247,0.29792786,3.69159730,-1.79670603,-2.55638281,-0.00378288,1.04698460,0.30041576,-2.45504315,-1.76542552,-2.44109352,-0.00305176,1.01729489,0.32653809,-0.17578125,-0.04882812,-0.14648438,-0.01464844,0.11718750,-0.17578125,1.02043152,2.62054833,2.64472961,-0.04882812
26.69055867,9360,-2.60343488,-1.84706004,-2.55934914,-0.00381470,1.04819394,0.29373169,3.68537167,-1.79670603,-2.55804657,-0.00380427,1.04776641,0.29709233,-2.45733197,-1.76580699,-2.44300087,-0.00305176,1.01843930,0.32348633,-0.18066406,-0.04394531,-0.15136719,0.00000000,0.13183594,-0.23437500,1.02043152,2.62058580,2.64434814,-0.04882812
26.70490551,9365,-2.60991986,-1.84706004,-2.56087502,-0.00343323,1.04857541,0.28915405,3.67880614,-1.79670603,-2.55963520,-0.00358606,1.04827907,0.29285781,-2.46000226,-1.76618846,-2.44567116,-0.00343323,1.02149106,0.32196045,-0.19042969,-0.05371094,-0.16113281,-0.02929688,0.24902344,-0.11718750,1.02005005,2.62028826,2.64396667,-0.02441406
26.71743822,9370,-2.61526044,-1.84706004,-2.56201943,-0.00381470,1.04933835,0.28572083,3.67247775,-1.79670603,-2.56101746,-0.00362064,1.04887210,0.28866348,-2.46229108,-1.76656993,-2.44795998,-0.00343323,1.02454281,0.32005310,-0.21484375,-0.03417969,-0.15136719,-0.02929688,0.27832031,-0.14648438,1.02005005,2.62012826,2.64396667,-0.04882812
26.73251343,9375,-2.62327130,-1.84706004,-2.56354531,-0.00381470,1.04933835,0.28190613,3.66550843,-1.79670603,-2.56231610,-0.00363197,1.04924660,0.28475563,-2.46534284,-1.76733287,-2.44986733,-0.00305176,1.02797604,0.31738281,-0.19042969,-0.04882812,-0.14160156,-0.01464844,0.21972656,-0.24902344,1.02043152,2.62015030,2.64358521,-0.02441406
26.74642348,9380,-2.63013776,-1.84706004,-2.56430825,-0.00381470,1.04933835,0.27885437,3.65896618,-1.79670603,-2.56340497,-0.00370599,1.04930828,0.28161964,-2.46839459,-1.76809581,-2.45177468,-0.00343323,1.03140927,0.31318665,-0.21484375,-0.04882812,-0.11230469,-0.01464844,0.29296875,-0.26367188,1.02005005,2.62020513,2.64358521,-0.04882812
26.75907922,9385,-2.63700421,-1.84706004,-2.56507119,-0.00343323,1.04933835,0.27427673,3.65185489,-1.79670603,-2.56427471,-0.00366372,1.04932850,0.27773510,-2.47068341,-1.76885874,-2.45330056,-0.00343323,1.03407956,0.31280518,-0.20996094,-0.04882812,-0.12695312,0.01464844,0.16113281,-0.01464844,1.02043152,2.62041377,2.64320374,-0.02441406
26.77289104,9390,-2.64501508,-1.84706004,-2.56545266,-0.00343323,1.04933835,0.26893616,3.64469202,-1.79670603,-2.56499635,-0.00350876,1.04933512,0.27311774,-2.47411664,-1.76924021,-2.45558937,-0.00343323,1.03560544,0.31166077,-0.22949219,-0.04882812,-0.12207031,-0.01464844,0.20507812,-0.11718750,1.02043152,2.62048213,2.64282227,-0.07324219
26.78822351,9395,-2.65264447,-1.84706004,-2.56583412,-0.00343323,1.04895688,0.26206970,3.63724186,-1.79670603,-2.56544046,-0.00345798,1.04908082,0.26768357,-2.47754987,-1.77000315,-2.45787819,-0.00343323,1.03713131,0.30708313,-0.22460938,-0.03906250,-0.13671875,-0.01464844,0.11718750,-0.27832031,1.02043152,2.62062661,2.64244080,-0.04882812
26.80433059,9400,-2.66065534,-1.84706004,-2.56659706,-0.00343323,1.04857541,0.25558472,3.62917449,-1.79670603,-2.56614776,-0.00344134,1.04886016,0.26093306,-2.48060162,-1.77038462,-2.45978554,-0.00343323,1.03751278,0.30555725,-0.22949219,-0.04394531,-0.15136719,0.01464844,0.02929688,-0.13183594,1.02005005,2.62022351,2.64244080,-0.07324219
26.81898642,9405,-2.66790326,-1.84706004,-2.56736000,-0.00343323,1.04857541,0.25062561,3.62132505,-1.79670603,-2.56681238,-0.00343588,1.04872975,0.25505247,-2.48403485,-1.77114756,-2.46245583,-0.00343323,1.03674985,0.30364990,-0.23925781,-0.04882812,-0.15625000,-0.01464844,-0.01464844,-0.17578125,1.02005005,2.62002892,2.64167786,-0.04882812
26.83155656,9410,-2.67553265,-1.84706004,-2.56812294,-0.00343323,1.04857541,0.24528503,3.61394923,-1.79670603,-2.56744301,-0.00346535,1.04862598,0.24980106,-2.48708661,-1.77152903,-2.46436318,-0.00343323,1.03674985,0.29869080,-0.23925781,-0.02441406,-0.15136719,0.00000000,0.01464844,-0.38085938,1.02043152,2.62011775,2.64091492,-0.07324219
26.84416080,9415,-2.68163617,-1.84706004,-2.56888588,-0.00343323,1.04857541,0.23994446,3.60658310,-1.79670603,-2.56826269,-0.00344375,1.04859198,0.24402583,-2.49013837,-1.77191050,-2.46627053,-0.00305176,1.03713131,0.29411316,-0.24414062,-0.03906250,-0.15625000,-0.01464844,0.01464844,-0.32226562,1.02005005,2.62017005,2.64053345,-0.04882812
26.85905719,9420,-2.69117291,-1.84706004,-2.56926735,-0.00343323,1.04857541,0.23231506,3.59882892,-1.79670603,-2.56881900,-0.00349771,1.04858084,0.23764464,-2.49319013,-1.77229197,-2.46779641,-0.00305176,1.03713131,0.29029846,-0.25390625,-0.03417969,-0.13671875,0.00000000,0.02929688,-0.35156250,1.02043152,2.62028606,2.64015198,-0.02441406
26.87325644,9425,-2.69880231,-1.84706004,-2.57003029,-0.00343323,1.04819394,0.22659302,3.59053949,-1.79670603,-2.56948299,-0.00352467,1.04835197,0.23130719,-2.49776776,-1.77267344,-2.47008522,-0.00305176,1.03713131,0.28572083,-0.24902344,-0.03906250,-0.12207031,-0.01464844,0.01464844,-0.21972656,1.02043152,2.62078208,2.63938904,-0.07324219
26.88804412,9430,-2.70757611,-1.84706004,-2.57079323,-0.00343323,1.04781247,0.21972656,3.58212509,-1.79670603,-2.57029358,-0.00346319,1.04802050,0.22489435,-2.50158246,-1.77305491,-2.47199257,-0.00343323,1.03789425,0.28305054,-0.28320312,-0.02929688,-0.13671875,-0.02929688,0.07324219,-0.30761719,1.02043152,2.62096318,2.63938904,-0.04882812
26.90210414,9435,-2.71634992,-1.84706004,-2.57155617,-0.00343323,1.04781247,0.21247864,3.57355255,-1.79670603,-2.57093102,-0.00344305,1.04788064,0.21813344,-2.50501569,-1.77343638,-2.47389992,-0.00305176,1.03942013,0.27885437,-0.26367188,-0.02929688,-0.13183594,0.01464844,0.11718750,-0.26367188,1.02081299,2.62123467,2.63900757,-0.04882812
26.91817665,9440,-2.72703107,-1.84706004,-2.57346352,-0.00305176,1.04781247,0.20294189,3.56411215,-1.79670603,-2.57223279,-0.00336015,1.04783480,0.21002631,-2.50959332,-1.77381785,-2.47580727,-0.00343323,1.04056454,0.27503967,-0.28320312,-0.03906250,-0.13183594,-0.01464844,0.05859375,-0.32226562,1.02081299,2.62152676,2.63862610,-0.04882812
26.93372798,9445,-2.73504193,-1.84706004,-2.57460793,-0.00343323,1.04819394,0.19721985,3.55486284,-1.79670603,-2.57354791,-0.00333897,1.04800594,0.20258228,-2.51378949,-1.77419932,-2.47771462,-0.00343323,1.04132748,0.26779175,-0.29296875,-0.03417969,-0.10742188,-0.02929688,0.11718750,-0.46875000,1.02081299,2.62148185,2.63824463,-0.07324219
26.94618201,9450,-2.74381574,-1.84706004,-2.57651528,-0.00343323,1.04857541,0.19073486,3.54593029,-1.79670603,-2.57514205,-0.00340234,1.04826966,0.19562972,-2.51760419,-1.77496226,-2.47924050,-0.00343323,1.04247189,0.26321411,-0.27832031,-0.03906250,-0.13183594,-0.01464844,0.08789062,-0.42480469,1.02081299,2.62146713,2.63824463,-0.04882812
26.96300125,9455,-2.75411542,-1.84706004,-2.57842263,-0.00343323,1.04895688,0.18196106,3.53662791,-1.79670603,-2.57694677,-0.00342311,1.04855151,0.18814264,-2.52180036,-1.77534373,-2.48114785,-0.00343323,1.04323483,0.25863647,-0.30273438,-0.03417969,-0.11718750,-0.01464844,0.02929688,-0.24902344,1.02119446,2.62171256,2.63748169,-0.04882812
26.97801924,9460,-2.76441510,-1.84706004,-2.58071144,-0.00305176,1.04933835,0.17471313,3.52704028,-1.79670603,-2.57891875,-0.00327354,1.04890034,0.18071284,-2.52675946,-1.77610667,-2.48305519,-0.00343323,1.04285336,0.25291443,-0.30273438,-0.03906250,-0.12695312,-0.01464844,0.01464844,-0.39550781,1.02119446,2.62205567,2.63748169,-0.04882812
26.99199224,9465,-2.77204450,-1.84706004,-2.58223732,-0.00305176,1.04971982,0.16899109,3.51794450,-1.79670603,-2.58082909,-0.00330461,1.04933215,0.17407377,-2.53171857,-1.77648814,-2.48534401,-0.00343323,1.04285336,0.24795532,-0.29785156,-0.03417969,-0.13183594,-0.01464844,0.01464844,-0.38085938,1.02157593,2.62232069,2.63671875,-0.04882812
27.00488448,9470,-2.78005536,-1.84706004,-2.58376320,-0.00343323,1.05010129,0.16326904,3.50964600,-1.79670603,-2.58247119,-0.00330319,1.04981801,0.16813131,-2.53515180,-1.77648814,-2.48686989,-0.00343323,1.04285336,0.24299622,-0.32714844,-0.02441406,-0.11230469,-0.05859375,0.02929688,-0.54199219,1.02157593,2.62268976,2.63633728,-0.07324219
27.01830053,9475,-2.78882916,-1.84706004,-2.58567055,-0.00305176,1.05048276,0.15563965,3.50113781,-1.79670603,-2.58425255,-0.00322204,1.05019462,0.16138526,-2.53896649,-1.77686961,-2.48839577,-0.00343323,1.04285336,0.23651123,-0.32226562,-0.02441406,-0.12695312,-0.02929688,0.01464844,-0.43945312,1.02157593,2.62301089,2.63519287,-0.12207031
27.03088832,9480,-2.79645856,-1.84706004,-2.58719643,-0.00305176,1.05086422,0.14915466,3.49294701,-1.79670603,-2.58595004,-0.00310756,1.05061356,0.15437869,-2.54354413,-1.77725108,-2.49030312,-0.00343323,1.04323483,0.23193359,-0.32714844,-0.02929688,-0.12695312,-0.01464844,0.04394531,-0.32226562,1.02195740,2.62324429,2.63442993,-0.07324219
27.04620337,9485,-2.80523236,-1.84706004,-2.58872231,-0.00305176,1.05124569,0.14228821,3.48441698,-1.79670603,-2.58751458,-0.00307004,1.05100731,0.14744045,-2.54812177,-1.77763255,-2.49182900,-0.00343323,1.04399777,0.22697449,-0.34667969,-0.02929688,-0.14160156,-0.04394531,0.07324219,-0.39550781,1.02157593,2.62330881,2.63404846,-0.04882812
27.05932283,9490,-2.81476911,-1.84706004,-2.59024819,-0.00305176,1.05162716,0.13351440,3.47568131,-1.79670603,-2.58902187,-0.00314564,1.05130491,0.13988824,-2.55308087,-1.77801402,-2.49411782,-0.00343323,1.04514218,0.22125244,-0.34667969,-0.02929688,-0.12695312,-0.01464844,0.04394531,-0.41015625,1.02195740,2.62360461,2.63366699,-0.04882812
27.07203007,9495,-2.82277997,-1.84706004,-2.59139260,-0.00305176,1.05162716,0.12626648,3.46760140,-1.79670603,-2.59029496,-0.00308252,1.05152157,0.13260896,-2.55765851,-1.77839549,-2.49526223,-0.00343323,1.04514218,0.21476746,-0.34179688,-0.04882812,-0.11718750,-0.01464844,0.02929688,-0.51269531,1.02195740,2.62370154,2.63328552,-0.09765625
27.08651257,9500,-2.83155377,-1.84706004,-2.59291848,-0.00343323,1.05162716,0.11940002,3.45913456,-1.79670603,-2.59164034,-0.00313813,1.05159256,0.12542950,-2.56185468,-1.77877696,-2.49678810,-0.00343323,1.04514218,0.20866394,-0.35644531,-0.03417969,-0.10253906,-0.02929688,0.02929688,-0.51269531,1.02233887,2.62410561,2.63328552,-0.04882812
27.09929776,9505,-2.83880170,-1.84706004,-2.59406288,-0.00305176,1.05162716,0.11329651,3.45106193,-1.79670603,-2.59293850,-0.00308006,1.05161583,0.11883524,-2.56719525,-1.77953990,-2.49869545,-0.00343323,1.04628659,0.20256042,-0.35644531,-0.05371094,-0.12695312,-0.01464844,0.08789062,-0.41015625,1.02233887,2.62437865,2.63290405,-0.04882812
27.11368561,9510,-2.84719403,-1.84706004,-2.59520729,-0.00343323,1.05162716,0.10528564,3.44277289,-1.79670603,-2.59424315,-0.00313733,1.05162345,0.11158641,-2.57215436,-1.77992137,-2.50060280,-0.00343323,1.04743100,0.19836426,-0.35156250,-0.02441406,-0.11718750,-0.02929688,0.10253906,-0.30761719,1.02233887,2.62446811,2.63290405,-0.02441406
27.12818551,9515,-2.85673078,-1.84706004,-2.59635170,-0.00343323,1.05162716,0.09651184,3.43349656,-1.79670603,-2.59551038,-0.00322640,1.05162595,0.10294708,-2.57711347,-1.78030284,-2.50251015,-0.00343323,1.04857541,0.19035339,-0.36132812,-0.03417969,-0.11230469,-0.02929688,0.10253906,-0.57128906,1.02310181,2.62492468,2.63252258,-0.04882812
27.14354134,9520,-2.86397870,-1.84706004,-2.59749611,-0.00343323,1.05162716,0.08964539,3.42540769,-1.79670603,-2.59663400,-0.00332639,1.05162677,0.09552264,-2.58169110,-1.78068431,-2.50403603,-0.00343323,1.04933835,0.18348694,-0.37597656,-0.01953125,-0.10253906,-0.01464844,0.10253906,-0.55664062,1.02310181,2.62567292,2.63252258,-0.02441406
27.15837097,9525,-2.87465985,-1.84706004,-2.59864052,-0.00305176,1.05124569,0.07858276,3.41624590,-1.79670603,-2.59768371,-0.00319058,1.05140963,0.08662142,-2.58817609,-1.78068431,-2.50632485,-0.00343323,1.05200863,0.17623901,-0.38085938,-0.01953125,-0.10742188,-0.01464844,0.13183594,-0.38085938,1.02310181,2.62604017,2.63214111,-0.02441406
27.17059064,9530,-2.88228925,-1.84706004,-2.59940346,-0.00305176,1.05124569,0.07095337,3.40731213,-1.79670603,-2.59865976,-0.00309725,1.05129941,0.07755183,-2.59237225,-1.78106578,-2.50746926,-0.00343323,1.05277157,0.17204285,-0.38085938,-0.01953125,-0.11230469,-0.02929688,0.07324219,-0.36621094,1.02348328,2.62655138,2.63175964,-0.04882812
27.18755484,9535,-2.89144452,-1.84706004,-2.60016640,-0.00343323,1.05124569,0.06217957,3.39898969,-1.79670603,-2.59942222,-0.00314296,1.05126330,0.06938081,-2.59809430,-1.78106578,-2.50937661,-0.00343323,1.05277157,0.16403198,-0.37597656,-0.02441406,-0.10742188,-0.02929688,-0.00000000,-0.60058594,1.02386475,2.62699355,2.63175964,-0.02441406
27.20112085,9540,-2.89983685,-1.84706004,-2.60092934,-0.00343323,1.05124569,0.05302429,3.39035659,-1.79670603,-2.60028509,-0.00325022,1.05125146,0.06056613,-2.60457929,-1.78144725,-2.51128395,-0.00381470,1.05277157,0.15411377,-0.38085938,-0.01953125,-0.12207031,-0.01464844,-0.00000000,-0.54199219,1.02577209,2.62874416,2.63137817,-0.07324219
27.21453309,9545,-2.90784772,-1.84706004,-2.60131081,-0.00305176,1.05086422,0.04463196,3.38182493,-1.79670603,-2.60090439,-0.00311679,1.05106143,0.05145043,-2.60953839,-1.78182872,-2.51280983,-0.00343323,1.05277157,0.14915466,-0.39062500,-0.02441406,-0.12695312,-0.02929688,0.01464844,-0.41015625,1.03034973,2.63531779,2.63137817,-0.02441406
27.22830677,9550,-2.91624005,-1.84706004,-2.60169228,-0.00343323,1.05048276,0.03662109,3.37391185,-1.79670603,-2.60140285,-0.00314936,1.05085255,0.04345205,-2.61526044,-1.78221019,-2.51471718,-0.00343323,1.05200863,0.14381409,-0.40039062,-0.03417969,-0.11718750,-0.01464844,-0.02929688,-0.41015625,1.03302002,2.64239445,2.63137817,-0.02441406
27.24201703,9555,-2.92348798,-1.84706004,-2.60207375,-0.00305176,1.05048276,0.02861023,3.36609196,-1.79670603,-2.60173477,-0.00308374,1.05063518,0.03528073,-2.61983807,-1.78259165,-2.51586159,-0.00343323,1.05200863,0.13504028,-0.41015625,-0.03417969,-0.11718750,-0.01464844,-0.00000000,-0.67382812,1.03302002,2.64473384,2.63137817,-0.02441406
27.25419164,9560,-2.92959149,-1.84706004,-2.60245522,-0.00305176,1.05010129,0.02174377,3.35870337,-1.79670603,-2.60214883,-0.00306224,1.05027623,0.02741296,-2.62556012,-1.78259165,-2.51776894,-0.00343323,1.05200863,0.12741089,-0.39550781,-0.02441406,-0.11718750,-0.02929688,0.01464844,-0.57128906,1.03302002,2.64550041,2.63137817,-0.04882812
27.26735377,9565,-2.93607648,-1.84706004,-2.60245522,-0.00305176,1.05010129,0.01564026,3.35167961,-1.79670603,-2.60235482,-0.00305519,1.05015861,0.02026942,-2.63090070,-1.78297312,-2.51929482,-0.00343323,1.05277157,0.12130737,-0.39550781,-0.01953125,-0.09765625,0.00000000,0.05859375,-0.41015625,1.03302002,2.64575160,2.63137817,0.00000000
27.28230357,9570,-2.94599469,-1.84706004,-2.60321816,-0.00267029,1.04971982,0.00610352,3.34405849,-1.79670603,-2.60272383,-0.00279641,1.04993391,0.01283427,-2.63585980,-1.78297312,-2.52043923,-0.00343323,1.05239010,0.11520386,-0.40527344,-0.02441406,-0.08300781,0.00000000,-0.00000000,-0.55664062,1.03302002,2.64583391,2.63137817,-0.02441406
27.29512668,9575,-2.95247968,-1.84706004,-2.60321816,-0.00190735,1.04971982,-0.00114441,3.33637748,-1.79670603,-2.60305618,-0.00244917,1.04978997,0.00488290,-2.64158185,-1.78335459,-2.52196511,-0.00343323,1.05200863,0.10566711,-0.41992188,-0.02441406,-0.11718750,-0.01464844,0.01464844,-0.67382812,1.03340149,2.64601347,2.63175964,0.00000000
27.30861211,9580,-2.96010907,-1.84706004,-2.60359963,-0.00038147,1.04971982,-0.00915527,3.32910862,-1.79670603,-2.60335124,-0.00145989,1.04966273,-0.00293806,-2.64768536,-1.78335459,-2.52349099,-0.00343323,1.05239010,0.09841919,-0.41992188,-0.00976562,-0.11230469,-0.01464844,0.02929688,-0.46875000,1.03302002,2.64613944,2.63175964,0.00000000
27.32197618,9585,-2.96392377,-1.84706004,-2.60359963,0.00000000,1.04971982,-0.01258850,3.32302339,-1.79670603,-2.60351824,-0.00054869,1.04970111,-0.00896140,-2.65188153,-1.78373606,-2.52463539,-0.00381470,1.05239010,0.09498596,-0.41503906,-0.01953125,-0.10253906,-0.02929688,0.01464844,-0.45410156,1.03302002,2.64596100,2.63214111,-0.02441406
27.33750558,9590,-2.97346051,-1.84706004,-2.60359963,0.00152588,1.04971982,-0.02021790,3.31565718,-1.79670603,-2.60357296,0.00056435,1.04971369,-0.01527546,-2.65951093,-1.78411753,-2.52654274,-0.00343323,1.05200863,0.08316040,-0.42968750,-0.03417969,-0.08789062,-0.02929688,-0.00000000,-0.67382812,1.03302002,2.64590252,2.63214111,-0.02441406
27.35271144,9595,-2.97956403,-1.84706004,-2.60359963,0.00228882,1.04971982,-0.02593994,3.30882595,-1.79670603,-2.60359089,0.00165343,1.04971781,-0.02125497,-2.66408856,-1.78449900,-2.52768715,-0.00343323,1.05200863,0.07629395,-0.40527344,-0.01953125,-0.09765625,-0.01464844,-0.00000000,-0.58593750,1.03302002,2.64588336,2.63214111,-0.04882812
27.36626887,9600,-2.98681195,-1.84706004,-2.60359963,0.00305176,1.04971982,-0.03204346,3.30160714,-1.79670603,-2.60359676,0.00252324,1.04971916,-0.02760546,-2.66981061,-1.78449900,-2.52921303,-0.00343323,1.05200863,0.06980896,-0.41015625,-0.01953125,-0.10742188,-0.01464844,0.02929688,-0.48339844,1.03302002,2.64587708,2.63252258,0.00000000
27.38131762,9605,-2.99405988,-1.84706004,-2.60398110,0.00343323,1.04933835,-0.03662109,3.29466710,-1.79670603,-2.60385516,0.00313504,1.04949438,-0.03289634,-2.67744000,-1.78488047,-2.53112038,-0.00305176,1.05239010,0.06141663,-0.41992188,-0.01953125,-0.11718750,-0.01464844,0.01464844,-0.52734375,1.03302002,2.64587503,2.63252258,-0.02441406
27.39665890,9610,-3.00016339,-1.84706004,-2.60436257,0.00343323,1.04857541,-0.04119873,3.28807658,-1.79670603,-2.60416505,0.00333552,1.04902693,-0.03754803,-2.68392499,-1.78526194,-2.53264626,-0.00305176,1.05200863,0.05264282,-0.42480469,-0.02929688,-0.09765625,0.00000000,-0.00000000,-0.58593750,1.03302002,2.64587435,2.63290405,0.00000000
27.40913653,9615,-3.00550397,-1.84706004,-2.60474404,0.00343323,1.04781247,-0.04425049,3.28201783,-1.79670603,-2.60443517,0.00340121,1.04836081,-0.04158303,-2.68888410,-1.78526194,-2.53340920,-0.00305176,1.05200863,0.04692078,-0.41503906,-0.01953125,-0.07324219,-0.01464844,0.01464844,-0.46875000,1.03302002,2.64587413,2.63290405,-0.02441406
27.42493486,9620,-3.01198895,-1.84706004,-2.60588845,0.00343323,1.04666806,-0.04882812,3.27626870,-1.79670603,-2.60513050,0.00342274,1.04747323,-0.04538960,-2.69575055,-1.78526194,-2.53531655,-0.00343323,1.05162716,0.04234314,-0.41503906,-0.01953125,-0.10742188,0.00000000,0.01464844,-0.39550781,1.03340149,2.64610477,2.63328552,-0.02441406
27.43949890,9625,-3.01771100,-1.84706004,-2.60665139,0.00343323,1.04704953,-0.05264282,3.26999286,-1.79670603,-2.60600263,0.00342979,1.04714930,-0.04969333,-2.70147260,-1.78564341,-2.53646096,-0.00305176,1.05200863,0.03433228,-0.41992188,-0.02441406,-0.09765625,-0.01464844,0.02929688,-0.54199219,1.03302002,2.64594963,2.63366699,0.00000000
27.45295811,9630,-3.02267011,-1.84706004,-2.60779579,0.00381470,1.04704953,-0.05531311,3.26468529,-1.79670603,-2.60692647,0.00350839,1.04708222,-0.05297846,-2.70719464,-1.78602488,-2.53760537,-0.00305176,1.05200863,0.02632141,-0.41992188,-0.02441406,-0.07812500,0.00000000,0.01464844,-0.57128906,1.03340149,2.64605139,2.63366699,0.00000000
27.46815038,9635,-3.02724774,-1.84706004,-2.60894020,0.00419617,1.04743100,-0.05569458,3.25971515,-1.79670603,-2.60812995,0.00379062,1.04728546,-0.05473425,-2.71215375,-1.78602488,-2.53913124,-0.00305176,1.05162716,0.02136230,-0.41992188,-0.01464844,-0.08789062,-0.01464844,-0.01464844,-0.41015625,1.03302002,2.64593214,2.63366699,-0.02441406
27.47968388,9640,-3.03144391,-1.84706004,-2.61008461,0.00457764,1.04781247,-0.05569458,3.25503002,-1.79670603,-2.60922341,0.00424944,1.04756947,-0.05537990,-2.71787579,-1.78602488,-2.53989418,-0.00267029,1.05124569,0.01716614,-0.42968750,-0.01464844,-0.09277344,-0.01464844,-0.01464844,-0.33691406,1.03302002,2.64589307,2.63404846,0.00000000
27.49401283,9645,-3.03602155,-1.84706004,-2.61046608,0.00495911,1.04781247,-0.05569458,3.25057438,-1.79670603,-2.60992754,0.00465625,1.04773284,-0.05559147,-2.72359784,-1.78640635,-2.54142006,-0.00267029,1.05086422,0.01258850,-0.41992188,-0.01953125,-0.07812500,0.00000000,0.01464844,-0.35156250,1.03302002,2.64578261,2.63442993,0.02441406
27.50705194,9650,-3.04021771,-1.84706004,-2.61046608,0.00534058,1.04781247,-0.05569458,3.24635423,-1.79670603,-2.61028961,0.00503626,1.04778638,-0.05566079,-2.72970136,-1.78640635,-2.54294594,-0.00267029,1.05086422,0.00534058,-0.41503906,-0.00976562,-0.07812500,-0.02929688,0.02929688,-0.48339844,1.03263855,2.64561336,2.63481140,0.02441406
27.52116847,9655,-3.04365094,-1.84706004,-2.61046608,0.00648499,1.04781247,-0.05569458,3.24253961,-1.79670603,-2.61040826,0.00564064,1.04780392,-0.05568351,-2.73504193,-1.78640635,-2.54409035,-0.00228882,1.05086422,0.00114441,-0.40527344,-0.01464844,-0.10742188,0.00000000,-0.00000000,-0.42480469,1.03263855,2.64547586,2.63481140,0.00000000
27.53536129,9660,-3.04670270,-1.84706004,-2.61046608,0.00839233,1.04781247,-0.05531311,3.23924324,-1.79670603,-2.61044713,0.00695306,1.04780967,-0.05543448,-2.74076398,-1.78678782,-2.54523476,-0.00228882,1.05086422,-0.00343323,-0.41503906,-0.00976562,-0.07812500,0.00000000,-0.01464844,-0.21972656,1.03302002,2.64574355,2.63519287,0.02441406
27.55375576,9665,-3.05013593,-1.84706004,-2.61046608,0.01029968,1.04781247,-0.05531311,3.23589295,-1.79670603,-2.61045987,0.00880218,1.04781155,-0.05535288,-2.74839337,-1.78716929,-2.54676064,-0.00152588,1.05010129,-0.00801086,-0.41015625,-0.01953125,-0.04394531,0.02929688,-0.02929688,-0.26367188,1.03263855,2.64558103,2.63595581,0.02441406
27.56681967,9670,-3.05280621,-1.84706004,-2.61046608,0.01220703,1.04781247,-0.05531311,3.23285921,-1.79670603,-2.61046405,0.01062942,1.04781217,-0.05532614,-2.75487836,-1.78716929,-2.54790505,-0.00076294,1.04933835,-0.01029968,-0.40527344,-0.01464844,-0.07812500,0.04394531,0.01464844,-0.14648438,1.03263855,2.64548480,2.63671875,0.02441406
27.58007216,9675,-3.05509503,-1.84706004,-2.61046608,0.01335144,1.04781247,-0.05531311,3.23013392,-1.79670603,-2.61046542,0.01230910,1.04781237,-0.05531738,-2.75907453,-1.78755076,-2.54866799,0.00000000,1.04971982,-0.01258850,-0.40527344,-0.02441406,-0.06835938,0.05859375,0.04394531,-0.23437500,1.03263855,2.64531167,2.63671875,0.00000000
27.59254265,9680,-3.05662091,-1.84706004,-2.61046608,0.01487732,1.04781247,-0.05531311,3.22810369,-1.79670603,-2.61046586,0.01378528,1.04775140,-0.05531451,-2.76403363,-1.78755076,-2.54981240,0.00038147,1.04971982,-0.01716614,-0.41992188,-0.03417969,-0.09277344,0.04394531,-0.00000000,-0.41015625,1.03302002,2.64550518,2.63710022,0.00000000
27.60598207,9685,-3.05852826,-1.84706004,-2.61046608,0.01640320,1.04781247,-0.05531311,3.22627521,-1.79670603,-2.61046601,0.01523676,1.04767332,-0.05531357,-2.76937421,-1.78793223,-2.55095681,0.00114441,1.04933835,-0.02098083,-0.38574219,-0.01464844,-0.09277344,0.02929688,0.01464844,-0.23437500,1.03263855,2.64538085,2.63710022,-0.02441406
27.62077737,9690,-3.06043561,-1.84706004,-2.61046608,0.01907349,1.04781247,-0.05531311,3.22423550,-1.79670603,-2.61046606,0.01741539,1.04776687,-0.05531326,-2.77547772,-1.78793223,-2.55248268,0.00190735,1.04933835,-0.02403259,-0.38574219,-0.01953125,-0.06347656,0.05859375,0.01464844,-0.27832031,1.03263855,2.64527760,2.63748169,0.02441406
27.63363624,9695,-3.06196149,-1.84706004,-2.61046608,0.01983643,1.04781247,-0.05531311,3.22264135,-1.79670603,-2.61046608,0.01897279,1.04771745,-0.05531316,-2.78081830,-1.78831370,-2.55362709,0.00343323,1.04895688,-0.02784729,-0.37597656,-0.01953125,-0.08300781,0.10253906,-0.01464844,-0.21972656,1.03263855,2.64516565,2.63786316,-0.02441406
27.65090632,9700,-3.06310590,-1.84706004,-2.61046608,0.02098083,1.04781247,-0.05531311,3.22105172,-1.79670603,-2.61046608,0.02017245,1.04769344,-0.05526430,-2.78539594,-1.78831370,-2.55439003,0.00495911,1.04895688,-0.02784729,-0.38574219,-0.01464844,-0.05371094,0.10253906,0.01464844,0.00000000,1.03302002,2.64540362,2.63786316,-0.04882812
27.66506052,9705,-3.06463178,-1.84706004,-2.61046608,0.02441406,1.04819394,-0.05531311,3.21970270,-1.79670603,-2.61046608,0.02222241,1.04784976,-0.05523608,-2.79226239,-1.78869517,-2.55553444,0.00724792,1.04933835,-0.02937317,-0.36621094,-0.00976562,-0.05371094,0.11718750,0.01464844,-0.13183594,1.03302002,2.64535953,2.63786316,0.02441406
27.67778039,9710,-3.06577619,-1.84706004,-2.61046608,0.02784729,1.04819394,-0.05493164,3.21844242,-1.79670603,-2.61046608,0.02540159,1.04808116,-0.05521158,-2.79531415,-1.78869517,-2.55629738,0.00801086,1.04933835,-0.03128052,-0.37109375,-0.00976562,-0.05371094,0.07324219,0.02929688,-0.23437500,1.03302002,2.64534508,2.63824463,0.00000000
27.69202018,9715,-3.06653912,-1.84706004,-2.61046608,0.03089905,1.04933835,-0.05493164,3.21738516,-1.79670603,-2.61050515,0.02848973,1.04862707,-0.05512347,-2.80179913,-1.78869517,-2.55782326,0.00839233,1.04933835,-0.03318787,-0.36132812,-0.00976562,-0.05859375,0.00000000,0.01464844,-0.10253906,1.03263855,2.64536354,2.63824463,-0.02441406
27.70629025,9720,-3.06692059,-1.84706004,-2.61046608,0.03395081,1.05124569,-0.05493164,3.21670217,-1.79670603,-2.61047888,0.03155878,1.04988665,-0.05499450,-2.80637677,-1.78869517,-2.55858620,0.00877380,1.04895688,-0.03471375,-0.35156250,-0.01953125,-0.07324219,0.02929688,-0.00000000,-0.11718750,1.03263855,2.64527193,2.63824463,0.02441406
27.72168994,9725,-3.06768353,-1.84706004,-2.61084755,0.03738403,1.05277157,-0.05493164,3.21601426,-1.79670603,-2.61072675,0.03486584,1.05152546,-0.05495224,-2.81209882,-1.78907664,-2.55973061,0.00991821,1.04857541,-0.03547668,-0.35644531,-0.01953125,-0.04394531,0.05859375,0.01464844,-0.07324219,1.03263855,2.64522629,2.63824463,-0.02441406
27.73468137,9730,-3.06768353,-1.84706004,-2.61084755,0.03929138,1.05277157,-0.05493164,3.21566971,-1.79670603,-2.61080797,0.03759854,1.05236325,-0.05497745,-2.81705792,-1.78945811,-2.56049355,0.01182556,1.04857541,-0.03662109,-0.36621094,-0.02441406,-0.06347656,0.14648438,0.02929688,-0.11718750,1.03263855,2.64522696,2.63862610,0.00000000
27.74687243,9735,-3.06768353,-1.84706004,-2.61084755,0.03929138,1.05162716,-0.05493164,3.21555680,-1.79670603,-2.61083458,0.03873667,1.05205782,-0.05494665,-2.82049115,-1.78945811,-2.56125649,0.01373291,1.04895688,-0.03814697,-0.33691406,-0.01953125,-0.05859375,0.14648438,0.04394531,-0.17578125,1.03263855,2.64522718,2.63862610,-0.04882812
27.76199913,9740,-3.06768353,-1.84706004,-2.61084755,0.03929138,1.04971982,-0.05493164,3.21551980,-1.79670603,-2.61084330,0.03910961,1.05088681,-0.05493656,-2.82583173,-1.78983958,-2.56240090,0.01640320,1.04933835,-0.04005432,-0.31738281,-0.02441406,-0.06835938,0.11718750,0.02929688,-0.11718750,1.03302002,2.64547750,2.63862610,-0.02441406
27.77644014,9745,-3.06768353,-1.84706004,-2.61084755,0.03890991,1.04743100,-0.05493164,3.21550768,-1.79670603,-2.61084616,0.03900660,1.04904436,-0.05493325,-2.83079083,-1.78983958,-2.56316384,0.01754761,1.04933835,-0.04310608,-0.32714844,-0.01464844,-0.06347656,0.08789062,0.01464844,-0.26367188,1.03263855,2.64541572,2.63862610,-0.04882812
27.79060721,9750,-3.06768353,-1.84706004,-2.61084755,0.03890991,1.04666806,-0.05493164,3.21550371,-1.79670603,-2.61084710,0.03894160,1.04736811,-0.05493217,-2.83498700,-1.78983958,-2.56430825,0.01907349,1.04933835,-0.04386902,-0.32714844,-0.00976562,-0.06835938,0.07324219,-0.00000000,-0.04394531,1.03302002,2.64560178,2.63862610,-0.02441406
27.80483770,9755,-3.06768353,-1.84706004,-2.61084755,0.03929138,1.04781247,-0.05416870,3.21550241,-1.79670603,-2.61084740,0.03917676,1.04729723,-0.05459905,-2.83994611,-1.78983958,-2.56507119,0.02021790,1.04933835,-0.04425049,-0.31250000,-0.00976562,-0.04882812,0.08789062,0.01464844,-0.02929688,1.03302002,2.64556509,2.63900757,0.00000000
27.81870055,9760,-3.06768353,-1.84706004,-2.61084755,0.03967285,1.05010129,-0.05378723,3.21550198,-1.79670603,-2.61084750,0.03939115,1.04864046,-0.05408450,-2.84452374,-1.79022105,-2.56583412,0.02288818,1.04895688,-0.04501343,-0.31738281,-0.00976562,-0.04882812,0.17578125,-0.02929688,-0.10253906,1.03263855,2.64543563,2.63900757,0.02441406
27.83532548,9765,-3.06768353,-1.84706004,-2.61084755,0.04234314,1.05429745,-0.05340576,3.21550184,-1.79670603,-2.61084754,0.04062681,1.05138176,-0.05362817,-2.84910138,-1.79022105,-2.56697853,0.02441406,1.04933835,-0.04615784,-0.31250000,-0.00488281,-0.04882812,0.07324219,0.02929688,-0.05859375,1.03302002,2.64566787,2.63900757,-0.04882812
27.84877992,9770,-3.06768353,-1.84706004,-2.61084755,0.04386902,1.05734921,-0.05340576,3.21550180,-1.79670603,-2.61084755,0.04250583,1.05472339,-0.05353968,-2.85291608,-1.79022105,-2.56774147,0.02555847,1.04933835,-0.04615784,-0.28320312,-0.00488281,-0.06347656,0.08789062,0.01464844,-0.02929688,1.03302002,2.64564632,2.63900757,0.00000000
27.86279607,9775,-3.06768353,-1.84706004,-2.61084755,0.04463196,1.05963803,-0.05340576,3.21550178,-1.79670603,-2.61084755,0.04386496,1.05759547,-0.05344964,-2.85673078,-1.79022105,-2.56850441,0.02632141,1.04933835,-0.04653931,-0.29296875,-0.00976562,-0.05859375,0.04394531,0.02929688,-0.04394531,1.03302002,2.64579941,2.63938904,0.02441406
27.87626600,9780,-3.06768353,-1.84706004,-2.61084755,0.04463196,1.06154538,-0.05340576,3.21550178,-1.79670603,-2.61084755,0.04438063,1.05986240,-0.05342014,-2.86016400,-1.79022105,-2.56888588,0.02708435,1.04971982,-0.04692078,-0.29296875,-0.01464844,-0.04394531,0.02929688,0.02929688,-0.04394531,1.03302002,2.64572750,2.63938904,0.00000000
27.89313793,9785,-3.06768353,-1.84706004,-2.61084755,0.04425049,1.06345273,-0.05340576,3.21550177,-1.79670603,-2.61084755,0.04440300,1.06187537,-0.05341047,-2.86474164,-1.79060252,-2.57041176,0.02822876,1.04971982,-0.04882812,-0.26855469,-0.03906250,-0.06347656,0.07324219,0.02929688,-0.16113281,1.03302002,2.64576351,2.63938904,0.00000000
27.90611959,9790,-3.06768353,-1.84706004,-2.61084755,0.04425049,1.06497860,-0.05340576,3.21550177,-1.79670603,-2.61084755,0.04430046,1.06354328,-0.05340731,-2.86931928,-1.79098399,-2.57079323,0.03013611,1.05048276,-0.05111694,-0.28808594,-0.01953125,-0.03906250,0.11718750,0.04394531,-0.13183594,1.03302002,2.64571574,2.63938904,-0.02441406
27.91872168,9795,-3.06768353,-1.84667857,-2.61084755,0.04425049,1.06612301,-0.05302429,3.21550177,-1.79651988,-2.61084755,0.04426686,1.06502720,-0.05319863,-2.87237103,-1.79136546,-2.57193764,0.03128052,1.05124569,-0.05073547,-0.26855469,-0.03417969,-0.04882812,0.07324219,0.10253906,0.00000000,1.03302002,2.64582216,2.63938904,-0.04882812
27.93243098,9800,-3.06768353,-1.84667857,-2.61084755,0.04386902,1.06650448,-0.05302429,3.21550177,-1.79638856,-2.61084755,0.04399938,1.06602041,-0.05308142,-2.87580426,-1.79174693,-2.57231911,0.03204346,1.05239010,-0.05073547,-0.26855469,-0.02441406,-0.05371094,0.04394531,0.10253906,-0.02929688,1.03302002,2.64585703,2.63977051,-0.02441406
27.94693255,9805,-3.06768353,-1.84667857,-2.61084755,0.04348755,1.06497860,-0.05302429,3.21550177,-1.79634554,-2.61084755,0.04383544,1.06579947,-0.05304301,-2.87885602,-1.79174693,-2.57308205,0.03280640,1.05391598,-0.05073547,-0.25878906,-0.01953125,-0.03906250,0.04394531,0.11718750,-0.01464844,1.03302002,2.64577080,2.63977051,-0.02441406
27.96074295,9810,-3.06768353,-1.84706004,-2.61084755,0.04348755,1.06268979,-0.05340576,3.21550177,-1.79646877,-2.61084755,0.04360155,1.06451883,-0.05325565,-2.88305219,-1.79174693,-2.57384499,0.03356934,1.05544186,-0.05111694,-0.25878906,-0.00976562,-0.04882812,0.02929688,0.14648438,-0.01464844,1.03302002,2.64571813,2.63977051,-0.02441406
27.97595549,9815,-3.06768353,-1.84706004,-2.61084755,0.04348755,1.05734921,-0.05340576,3.21550177,-1.79662829,-2.61084755,0.04352490,1.06094855,-0.05325647,-2.88724835,-1.79174693,-2.57460793,0.03433228,1.05734921,-0.05111694,-0.25390625,-0.00488281,-0.03906250,0.04394531,0.11718750,-0.02929688,1.03302002,2.64574481,2.63977051,-0.02441406
27.98970652,9820,-3.06768353,-1.84706004,-2.61084755,0.04348755,1.05086422,-0.05302429,3.21550177,-1.79668056,-2.61084755,0.04349979,1.05563399,-0.05328055,-2.89030011,-1.79174693,-2.57537087,0.03471375,1.05773068,-0.05111694,-0.23437500,-0.00488281,-0.04394531,0.00000000,0.05859375,-0.02929688,1.03302002,2.64583168,2.64015198,-0.02441406
28.00616765,9825,-3.06768353,-1.84706004,-2.61084755,0.04348755,1.04514218,-0.05302429,3.21550177,-1.79669769,-2.61084755,0.04349156,1.04971344,-0.05319615,-2.89411481,-1.79174693,-2.57613381,0.03471375,1.05773068,-0.05111694,-0.25878906,-0.00488281,-0.03906250,0.00000000,0.01464844,-0.01464844,1.03302002,2.64586015,2.64015198,-0.02441406
28.01946616,9830,-3.06768353,-1.84706004,-2.61084755,0.04348755,1.03865719,-0.05302429,3.21550177,-1.79670330,-2.61084755,0.04348886,1.04372200,-0.05308061,-2.89754804,-1.79174693,-2.57689675,0.03509521,1.05773068,-0.05111694,-0.21972656,0.00000000,-0.04882812,0.01464844,-0.01464844,-0.01464844,1.03302002,2.64586948,2.64015198,-0.02441406
28.03420138,9835,-3.06768353,-1.84706004,-2.61084755,0.04386902,1.03331662,-0.05302429,3.21550177,-1.79670514,-2.61084755,0.04361310,1.03827557,-0.05304275,-2.90098126,-1.79212840,-2.57727822,0.03585815,1.05734921,-0.05111694,-0.24902344,-0.00976562,-0.03906250,0.02929688,-0.01464844,-0.01464844,1.03302002,2.64587253,2.64015198,0.00000000
28.04666829,9840,-3.06768353,-1.84706004,-2.61084755,0.04386902,1.02988339,-0.05302429,3.21550177,-1.79670574,-2.61084755,0.04378516,1.03336430,-0.05303034,-2.90365155,-1.79212840,-2.57804116,0.03662109,1.05696774,-0.05149841,-0.21972656,-0.00976562,-0.03906250,0.04394531,-0.02929688,-0.02929688,1.03302002,2.64587354,2.64015198,-0.02441406
28.06085610,9845,-3.06768353,-1.84706004,-2.61084755,0.04386902,1.02721310,-0.05302429,3.21550177,-1.79670594,-2.61084755,0.04384154,1.02983175,-0.05302627,-2.90670331,-1.79212840,-2.57842263,0.03738403,1.05544186,-0.05149841,-0.23437500,-0.01953125,-0.02929688,0.04394531,-0.10253906,-0.02929688,1.03302002,2.64587386,2.64053345,0.00000000
28.07363176,9850,-3.06768353,-1.84706004,-2.61084755,0.04348755,1.02606869,-0.05340576,3.21550177,-1.79670600,-2.61084755,0.04367386,1.02745216,-0.05321110,-2.90937360,-1.79250987,-2.57880410,0.03814697,1.05315304,-0.05187988,-0.21972656,-0.01953125,-0.02441406,0.04394531,-0.13183594,-0.02929688,1.03302002,2.64587397,2.64053345,-0.02441406
28.08897424,9855,-3.06768353,-1.84706004,-2.61084755,0.04234314,1.02530575,-0.05340576,3.21550177,-1.79670602,-2.61084755,0.04307851,1.02625958,-0.05334197,-2.91280682,-1.79250987,-2.57956704,0.03890991,1.05048276,-0.05226135,-0.21484375,-0.00976562,-0.03906250,0.01464844,-0.13183594,-0.02929688,1.03302002,2.64587401,2.64053345,-0.02441406
28.10265923,9860,-3.06768353,-1.84706004,-2.61084755,0.04081726,1.02530575,-0.05340576,3.21550177,-1.79670603,-2.61084755,0.04206897,1.02555727,-0.05338486,-2.91585858,-1.79250987,-2.57994850,0.03890991,1.04895688,-0.05264282,-0.21972656,-0.00488281,-0.02929688,0.00000000,-0.08789062,-0.01464844,1.03302002,2.64587402,2.64091492,-0.02441406
28.11712289,9865,-3.06768353,-1.84706004,-2.61084755,0.03814697,1.02530575,-0.05340576,3.21550177,-1.79670603,-2.61084755,0.04003174,1.02538817,-0.05339891,-2.91852887,-1.79250987,-2.58071144,0.03929138,1.04666806,-0.05264282,-0.20996094,-0.00488281,-0.05371094,0.00000000,-0.13183594,-0.01464844,1.03302002,2.64587402,2.64091492,0.02441406
28.12949038,9870,-3.06768353,-1.84706004,-2.61084755,0.03318787,1.02492428,-0.05340576,3.21550177,-1.79670603,-2.61084755,0.03649248,1.02519543,-0.05340352,-2.92119916,-1.79289134,-2.58147438,0.03967285,1.04437924,-0.05264282,-0.20507812,-0.00976562,-0.03906250,0.01464844,-0.16113281,-0.01464844,1.03302002,2.64587402,2.64091492,-0.02441406
28.14643717,9875,-3.06768353,-1.84706004,-2.61084755,0.02441406,1.02492428,-0.05340576,3.21550177,-1.79670603,-2.61084755,0.03039877,1.02501313,-0.05340503,-2.92425092,-1.79289134,-2.58185585,0.03967285,1.04209042,-0.05264282,-0.19531250,-0.00976562,-0.02441406,-0.02929688,-0.13183594,0.00000000,1.03302002,2.64587402,2.64129639,0.00000000
28.16029072,9880,-3.06768353,-1.84706004,-2.61084755,0.01525879,1.02454281,-0.05340576,3.21550177,-1.79670603,-2.61084755,0.02172230,1.02472818,-0.05340552,-2.92692120,-1.79289134,-2.58261879,0.03929138,1.04056454,-0.05264282,-0.20019531,-0.00976562,-0.03906250,-0.01464844,-0.08789062,-0.02929688,1.03302002,2.64587402,2.64129639,0.00000000
28.17233753,9885,-3.06768353,-1.84706004,-2.61084755,0.00801086,1.02416134,-0.05378723,3.21550177,-1.79670603,-2.61084755,0.01379826,1.02441740,-0.05348198,-2.92921002,-1.79289134,-2.58300026,0.03929138,1.04018307,-0.05302429,-0.19531250,-0.00488281,-0.03906250,-0.02929688,0.01464844,-0.02929688,1.03302002,2.64587402,2.64129639,0.00000000
28.18507957,9890,-3.06768353,-1.84706004,-2.61084755,0.00000000,1.02416134,-0.05340576,3.21550177,-1.79670603,-2.61084755,0.00654192,1.02424525,-0.05343074,-2.93188031,-1.79289134,-2.58376320,0.03890991,1.04018307,-0.05264282,-0.20019531,-0.00488281,-0.02929688,-0.04394531,0.02929688,-0.01464844,1.03302002,2.64587402,2.64129639,-0.04882812
28.19974613,9895,-3.06768353,-1.84706004,-2.61084755,-0.01029968,1.02454281,-0.05378723,3.21550177,-1.79670603,-2.61084755,-0.00249245,1.02432617,-0.05363916,-2.93416913,-1.79289134,-2.58414467,0.03814697,1.03980160,-0.05302429,-0.18554688,-0.00976562,-0.01464844,-0.05859375,-0.04394531,-0.02929688,1.03302002,2.64587402,2.64129639,-0.02441406
28.21397614,9900,-3.06768353,-1.84706004,-2.61084755,-0.01754761,1.02568722,-0.05378723,3.21550177,-1.79670603,-2.61084755,-0.01053279,1.02484963,-0.05373871,-2.93722089,-1.79289134,-2.58452614,0.03662109,1.03827572,-0.05302429,-0.17578125,-0.00976562,-0.02441406,-0.14648438,-0.04394531,-0.01464844,1.03302002,2.64587402,2.64129639,-0.04882812
28.22789216,9905,-3.06768353,-1.84706004,-2.61084755,-0.02288818,1.02645016,-0.05378723,3.21550177,-1.79670603,-2.61084755,-0.01769357,1.02571427,-0.05377133,-2.93950971,-1.79327281,-2.58490761,0.03318787,1.03789425,-0.05302429,-0.18554688,-0.00488281,-0.03417969,-0.21972656,-0.02929688,-0.01464844,1.03302002,2.64587402,2.64167786,-0.02441406
28.24246740,9910,-3.06768353,-1.84706004,-2.61084755,-0.02899170,1.02873898,-0.05378723,3.21550177,-1.79670603,-2.61084755,-0.02357615,1.02709648,-0.05378202,-2.94141705,-1.79327281,-2.58528908,0.03051758,1.03713131,-0.05302429,-0.17089844,-0.00488281,-0.03906250,-0.24902344,-0.05859375,-0.01464844,1.03302002,2.64587402,2.64167786,-0.02441406
28.25572228,9915,-3.06768353,-1.84706004,-2.61084755,-0.03356934,1.02988339,-0.05416870,3.21550177,-1.79670603,-2.61084755,-0.02910141,1.02857857,-0.05404199,-2.94446881,-1.79327281,-2.58567055,0.02555847,1.03522397,-0.05302429,-0.18554688,-0.01464844,-0.02441406,-0.33691406,-0.11718750,-0.01464844,1.03302002,2.64568945,2.64167786,0.00000000
28.26980925,9920,-3.06768353,-1.84706004,-2.61084755,-0.03738403,1.03064633,-0.05416870,3.21550177,-1.79670603,-2.61084755,-0.03379742,1.02975734,-0.05412718,-2.94675763,-1.79365428,-2.58643349,0.02174377,1.03407956,-0.05302429,-0.17578125,-0.01464844,-0.02929688,-0.29296875,-0.08789062,-0.01464844,1.03302002,2.64581354,2.64167786,-0.02441406
28.28365827,9925,-3.06768353,-1.84706004,-2.61084755,-0.04005432,1.03140927,-0.05416870,3.21550177,-1.79670603,-2.61084755,-0.03734293,1.03065654,-0.05415510,-2.94866498,-1.79365428,-2.58643349,0.01792908,1.03407956,-0.05302429,-0.17578125,-0.00976562,-0.03417969,-0.36621094,0.04394531,0.00000000,1.03302002,2.64585421,2.64167786,-0.02441406
28.29607487,9930,-3.06768353,-1.84706004,-2.61084755,-0.04272461,1.03255368,-0.05416870,3.21550177,-1.79670603,-2.61084755,-0.04038009,1.03160146,-0.05416424,-2.95095380,-1.79365428,-2.58719643,0.01411438,1.03446103,-0.05302429,-0.17578125,-0.00976562,-0.03417969,-0.32226562,0.01464844,-0.01464844,1.03302002,2.64586753,2.64205933,-0.02441406
28.31083798,9935,-3.06768353,-1.84706004,-2.61084755,-0.04501343,1.03369809,-0.05416870,3.21550177,-1.79670603,-2.61084755,-0.04310406,1.03276058,-0.05416724,-2.95324262,-1.79365428,-2.58757790,0.00915527,1.03407956,-0.05340576,-0.16113281,-0.00976562,-0.01953125,-0.33691406,-0.00000000,-0.02929688,1.03302002,2.64587190,2.64167786,-0.04882812
28.32688189,9940,-3.06768353,-1.84706004,-2.61084755,-0.04539490,1.03407956,-0.05416870,3.21550177,-1.79670603,-2.61084755,-0.04461299,1.03346718,-0.05416822,-2.95553143,-1.79365428,-2.58834084,0.00457764,1.03407956,-0.05340576,-0.15625000,-0.00488281,-0.02929688,-0.24902344,0.02929688,-0.02929688,1.03302002,2.64587333,2.64205933,-0.04882812
28.33971190,9945,-3.06768353,-1.84706004,-2.61084755,-0.04539490,1.03484250,-0.05416870,3.21550177,-1.79670603,-2.61084755,-0.04513868,1.03409252,-0.05416854,-2.95782025,-1.79365428,-2.58872231,0.00114441,1.03446103,-0.05340576,-0.16113281,-0.00488281,-0.02929688,-0.24902344,0.02929688,-0.01464844,1.03302002,2.64587379,2.64205933,-0.04882812
28.35300756,9950,-3.06768353,-1.84706004,-2.61084755,-0.04539490,1.03636838,-0.05416870,3.21550177,-1.79670603,-2.61084755,-0.04531094,1.03544098,-0.05421748,-2.95934613,-1.79365428,-2.58910378,-0.00190735,1.03407956,-0.05340576,-0.16113281,-0.00488281,-0.02929688,-0.27832031,-0.00000000,-0.02929688,1.03302002,2.64587395,2.64244080,-0.02441406
28.36803150,9955,-3.06768353,-1.84706004,-2.61084755,-0.04539490,1.03827572,-0.05416870,3.21550177,-1.79670603,-2.61084755,-0.04536739,1.03701627,-0.05418468,-2.96163495,-1.79365428,-2.58948525,-0.00457764,1.03407956,-0.05340576,-0.15136719,0.00000000,-0.02441406,-0.17578125,-0.00000000,-0.01464844,1.03302002,2.64587400,2.64205933,-0.04882812
28.38316798,9960,-3.06768353,-1.84706004,-2.61084755,-0.04539490,1.04094601,-0.05416870,3.21550177,-1.79670603,-2.61084755,-0.04538588,1.03912462,-0.05417394,-2.96392377,-1.79403575,-2.58986672,-0.00724792,1.03407956,-0.05340576,-0.15136719,-0.00976562,-0.02929688,-0.23437500,0.01464844,-0.01464844,1.03302002,2.64587402,2.64244080,-0.02441406
28.39667058,9965,-3.06768353,-1.84706004,-2.61084755,-0.04539490,1.04285336,-0.05416870,3.21550177,-1.79670603,-2.61084755,-0.04533091,1.04124041,-0.05417042,-2.96583112,-1.79403575,-2.59024819,-0.01106262,1.03446103,-0.05340576,-0.16113281,-0.01464844,-0.01953125,-0.26367188,0.04394531,-0.01464844,1.03302002,2.64587402,2.64244080,-0.02441406
28.41134405,9970,-3.06730206,-1.84706004,-2.61084755,-0.04539490,1.04437924,-0.05416870,3.21562690,-1.79670603,-2.61084755,-0.04537393,1.04298889,-0.05416926,-2.96773847,-1.79403575,-2.59062966,-0.01411438,1.03446103,-0.05340576,-0.13671875,-0.02441406,-0.01953125,-0.23437500,0.02929688,-0.01464844,1.03302002,2.64587402,2.64244080,0.00000000
28.42654443,9975,-3.06768353,-1.84706004,-2.61084755,-0.04539490,1.04514218,-0.05416870,3.21560381,-1.79670603,-2.61084755,-0.04538803,1.04433503,-0.05416889,-2.97002728,-1.79441722,-2.59101113,-0.01678467,1.03484250,-0.05340576,-0.13183594,-0.01464844,-0.00976562,-0.17578125,0.01464844,-0.01464844,1.03302002,2.64587402,2.64244080,0.00000000
28.44154501,9980,-3.06768353,-1.84706004,-2.61084755,-0.04539490,1.04590512,-0.05416870,3.21553521,-1.79670603,-2.61084755,-0.04539265,1.04524024,-0.05416876,-2.97193463,-1.79441722,-2.59139260,-0.01907349,1.03484250,-0.05340576,-0.14160156,-0.01464844,-0.00000000,-0.16113281,0.02929688,0.00000000,1.03302002,2.64587402,2.64282227,-0.02441406
28.45711970,9985,-3.06768353,-1.84706004,-2.61084755,-0.04539490,1.04704953,-0.05416870,3.21551273,-1.79670603,-2.61084755,-0.04539416,1.04624523,-0.05416872,-2.97384198,-1.79441722,-2.59139260,-0.02059937,1.03560544,-0.05340576,-0.12207031,-0.00976562,-0.01464844,-0.11718750,0.07324219,-0.01464844,1.03302002,2.64587402,2.64282227,0.00000000
28.47067666,9990,-3.06768353,-1.84706004,-2.61084755,-0.04539490,1.04743100,-0.05416870,3.21550536,-1.79670603,-2.61084755,-0.04539466,1.04701120,-0.05416871,-2.97574933,-1.79441722,-2.59177407,-0.02174377,1.03674985,-0.05340576,-0.11718750,-0.00976562,-0.02441406,-0.13183594,0.07324219,-0.01464844,1.03302002,2.64587402,2.64282227,0.00000000
28.48563600,9995,-3.06768353,-1.84706004,-2.61084755,-0.04577637,1.04743100,-0.05416870,3.21550295,-1.79670603,-2.61084755,-0.04547111,1.04729344,-0.05416870,-2.97765668,-1.79441722,-2.59215554,-0.02365112,1.03789425,-0.05340576,-0.13671875,0.00000000,-0.01953125,-0.11718750,0.05859375,-0.01464844,1.03302002,2.64587402,2.64282227,0.00000000
28.49969292,10000,-3.06768353,-1.84706004,-2.61084755,-0.04615784,1.04704953,-0.05416870,3.21550216,-1.79670603,-2.61084755,-0.04586250,1.04716070,-0.05416870,-2.97918256,-1.79479869,-2.59291848,-0.02555847,1.03865719,-0.05340576,-0.13671875,-0.00976562,-0.03906250,-0.16113281,0.07324219,0.00000000,1.03263855,2.64572144,2.64282227,-0.02441406
28.51751161,10005,-3.06768353,-1.84706004,-2.61084755,-0.04730225,1.04704953,-0.05416870,3.21550190,-1.79670603,-2.61084755,-0.04671133,1.04708596,-0.05416870,-2.98147138,-1.79441722,-2.59291848,-0.02822876,1.03903866,-0.05378723,-0.12207031,-0.00488281,-0.01464844,-0.14648438,0.04394531,-0.02929688,1.03302002,2.64582402,2.64282227,-0.02441406
28.53050280,10010,-3.06768353,-1.84706004,-2.61084755,-0.04920959,1.04704953,-0.05416870,3.21550181,-1.79670603,-2.61084755,-0.04799008,1.04706146,-0.05416870,-2.98261578,-1.79479869,-2.59329995,-0.02975464,1.03942013,-0.05340576,-0.11718750,-0.00976562,-0.01464844,-0.13183594,0.04394531,-0.01464844,1.03302002,2.64585764,2.64282227,0.00000000
28.54487872,10015,-3.06768353,-1.84706004,-2.61084755,-0.05035400,1.04666806,-0.05416870,3.21550179,-1.79670603,-2.61084755,-0.04932891,1.04686728,-0.05416870,-2.98452313,-1.79479869,-2.59368141,-0.03013611,1.04018307,-0.05378723,-0.12207031,0.00000000,-0.02441406,-0.05859375,0.07324219,-0.01464844,1.03302002,2.64579053,2.64282227,-0.02441406
28.55936980,10020,-3.06768353,-1.84706004,-2.61084755,-0.05073547,1.04666806,-0.05416870,3.21550178,-1.79670603,-2.61084755,-0.05024332,1.04678217,-0.05416870,-2.98643048,-1.79479869,-2.59406288,-0.03089905,1.04094601,-0.05378723,-0.11718750,-0.00488281,-0.01464844,-0.05859375,0.07324219,-0.02929688,1.03302002,2.64584666,2.64282227,-0.02441406
28.57609653,10025,-3.06768353,-1.84706004,-2.61084755,-0.05149841,1.04666806,-0.05416870,3.21550177,-1.79670603,-2.61084755,-0.05093675,1.04670545,-0.05416870,-2.98795636,-1.79479869,-2.59444435,-0.03280640,1.04094601,-0.05378723,-0.11718750,-0.00488281,-0.01464844,-0.16113281,-0.00000000,-0.01464844,1.03302002,2.64586506,2.64320374,-0.02441406
28.58956051,10030,-3.06768353,-1.84706004,-2.61084755,-0.05264282,1.04666806,-0.05416870,3.21550177,-1.79670603,-2.61084755,-0.05189432,1.04668031,-0.05416870,-2.98948224,-1.79479869,-2.59482582,-0.03509521,1.04094601,-0.05378723,-0.10742188,-0.00976562,-0.00976562,-0.16113281,0.01464844,-0.01464844,1.03302002,2.64587109,2.64320374,-0.02441406
28.60308027,10035,-3.06768353,-1.84706004,-2.61084755,-0.05378723,1.04666806,-0.05416870,3.21550177,-1.79670603,-2.61084755,-0.05301657,1.04667207,-0.05416870,-2.99062665,-1.79479869,-2.59520729,-0.03738403,1.04094601,-0.05378723,-0.09765625,-0.00976562,-0.00976562,-0.16113281,-0.00000000,-0.02929688,1.03302002,2.64587306,2.64320374,-0.04882812
28.61688066,10040,-3.06768353,-1.84706004,-2.61122902,-0.05455017,1.04666806,-0.05416870,3.21550177,-1.79670603,-2.61103371,-0.05386747,1.04666937,-0.05416870,-2.99253400,-1.79479869,-2.59520729,-0.03814697,1.04094601,-0.05378723,-0.12207031,-0.00976562,-0.01464844,-0.07324219,0.01464844,-0.01464844,1.03302002,2.64587371,2.64320374,-0.04882812
28.63251185,10045,-3.06768353,-1.84706004,-2.61199196,-0.05493164,1.04666806,-0.05416870,3.21550177,-1.79670603,-2.61137865,-0.05446379,1.04666849,-0.05416870,-2.99405988,-1.79479869,-2.59558876,-0.03890991,1.04132748,-0.05378723,-0.11230469,-0.00976562,-0.01953125,-0.02929688,0.02929688,-0.01464844,1.03302002,2.64597158,2.64358521,0.00000000
28.64633369,10050,-3.06768353,-1.84706004,-2.61237343,-0.05531311,1.04743100,-0.05416870,3.21550177,-1.79670603,-2.61192832,-0.05491566,1.04703075,-0.05416870,-2.99520429,-1.79479869,-2.59597023,-0.03929138,1.04209042,-0.05378723,-0.09277344,-0.00488281,-0.01464844,-0.05859375,0.07324219,-0.01464844,1.03302002,2.64590599,2.64358521,0.00000000
28.66061258,10055,-3.06768353,-1.84706004,-2.61351784,-0.05569458,1.04781247,-0.05416870,3.21550177,-1.79670603,-2.61284660,-0.05540810,1.04743717,-0.05416870,-2.99634869,-1.79479869,-2.59635170,-0.04043579,1.04247189,-0.05378723,-0.12207031,-0.00488281,-0.01953125,-0.11718750,0.02929688,0.00000000,1.03302002,2.64588450,2.64320374,-0.02441406
28.67323184,10060,-3.06768353,-1.84706004,-2.61466225,-0.05569458,1.04933835,-0.05416870,3.21550177,-1.79670603,-2.61394816,-0.05560070,1.04838480,-0.05416870,-2.99787457,-1.79479869,-2.59673317,-0.04234314,1.04285336,-0.05378723,-0.08789062,-0.00488281,-0.00976562,-0.13183594,0.01464844,-0.01464844,1.03302002,2.64587746,2.64358521,-0.02441406
28.68758631,10065,-3.06768353,-1.84706004,-2.61580666,-0.05569458,1.05048276,-0.05416870,3.21550177,-1.79670603,-2.61504727,-0.05566382,1.04964491,-0.05416870,-2.99940045,-1.79479869,-2.59673317,-0.04425049,1.04285336,-0.05378723,-0.08789062,-0.00488281,-0.00488281,-0.14648438,-0.00000000,-0.01464844,1.03302002,2.64587515,2.64358521,-0.02441406
28.70440006,10070,-3.06768353,-1.84706004,-2.61771401,-0.05569458,1.05200863,-0.05416870,3.21550177,-1.79670603,-2.61655843,-0.05568450,1.05095235,-0.05416870,-3.00054486,-1.79479869,-2.59711464,-0.04539490,1.04247189,-0.05378723,-0.10253906,-0.00976562,-0.00976562,-0.07324219,0.02929688,0.00000000,1.03302002,2.64575232,2.64358521,0.00000000
28.71829462,10075,-3.06768353,-1.84706004,-2.61962136,-0.05569458,1.05277157,-0.05416870,3.21550177,-1.79670603,-2.61822658,-0.05569128,1.05192496,-0.05416870,-3.00207074,-1.79518016,-2.59749611,-0.04539490,1.04323483,-0.05378723,-0.08789062,-0.01464844,-0.01464844,-0.01464844,0.07324219,-0.01464844,1.03302002,2.64583414,2.64358521,-0.02441406
28.73272061,10080,-3.06768353,-1.84744151,-2.62152870,-0.05569458,1.05391598,-0.05416870,3.21550177,-1.79693125,-2.62004579,-0.05569350,1.05293300,-0.05416870,-3.00359662,-1.79518016,-2.59787758,-0.04577637,1.04399777,-0.05416870,-0.09765625,-0.00488281,-0.01953125,-0.02929688,0.07324219,-0.01464844,1.03302002,2.64586096,2.64358521,-0.04882812
28.74815249,10085,-3.06768353,-1.84744151,-2.62343605,-0.05569458,1.05544186,-0.05416870,3.21550177,-1.79703630,-2.62191497,-0.05569423,1.05436780,-0.05416870,-3.00474103,-1.79518016,-2.59825905,-0.04615784,1.04476071,-0.05416870,-0.10253906,-0.00976562,-0.02929688,-0.07324219,0.07324219,-0.02929688,1.03302002,2.64586974,2.64358521,0.00000000
28.76168871,10090,-3.06768353,-1.84782298,-2.62648781,-0.05569458,1.05696774,-0.05416870,3.21550177,-1.79729595,-2.62443811,-0.05569446,1.05589509,-0.05416870,-3.00588544,-1.79518016,-2.59864052,-0.04692078,1.04590512,-0.05416870,-0.07324219,-0.00976562,-0.01953125,-0.07324219,0.07324219,0.00000000,1.03302002,2.64587262,2.64358521,-0.02441406
28.77421665,10095,-3.06768353,-1.84820445,-2.62877663,-0.05569458,1.05887509,-0.05416870,3.21550177,-1.79759843,-2.62683497,-0.05569454,1.05752897,-0.05416870,-3.00702985,-1.79518016,-2.59902199,-0.04768372,1.04628659,-0.05416870,-0.09277344,-0.00976562,-0.01953125,-0.08789062,0.02929688,-0.01464844,1.03302002,2.64587356,2.64358521,-0.04882812
28.78911686,10100,-3.06768353,-1.84820445,-2.63068398,-0.05569458,1.06001950,-0.05416870,3.21550177,-1.79776787,-2.62928992,-0.05569457,1.05914090,-0.05416870,-3.00779279,-1.79518016,-2.59940346,-0.04844666,1.04666806,-0.05416870,-0.07324219,-0.00976562,-0.02929688,-0.07324219,0.05859375,-0.01464844,1.03302002,2.64587387,2.64358521,-0.04882812
28.80101013,10105,-3.06768353,-1.84820445,-2.63526162,-0.05569458,1.06307126,-0.05416870,3.21550177,-1.79782338,-2.63265344,-0.05569458,1.06128238,-0.05416870,-3.00893720,-1.79518016,-2.59978493,-0.04882812,1.04857541,-0.05416870,-0.09277344,-0.00488281,-0.04394531,-0.04394531,0.19042969,-0.01464844,1.03302002,2.64587397,2.64358521,0.00000000
28.81652403,10110,-3.06768353,-1.84820445,-2.63983925,-0.05569458,1.06803036,-0.05416870,3.21550177,-1.79784158,-2.63616820,-0.05569458,1.06456381,-0.05416870,-3.01008161,-1.79518016,-2.60054787,-0.04882812,1.05124569,-0.05416870,-0.08789062,-0.00488281,-0.03906250,-0.02929688,0.21972656,-0.01464844,1.03302002,2.64587401,2.64396667,0.00000000
28.83354878,10115,-3.06768353,-1.84820445,-2.64594277,-0.05569458,1.07451535,-0.05416870,3.21550177,-1.79784754,-2.64114560,-0.05569458,1.06944095,-0.05416870,-3.01160748,-1.79518016,-2.60169228,-0.04920959,1.05315304,-0.05416870,-0.08789062,-0.00488281,-0.03417969,-0.02929688,0.10253906,-0.01464844,1.03302002,2.64587402,2.64358521,-0.04882812
28.84668994,10120,-3.06768353,-1.84820445,-2.65090187,-0.05569458,1.07985592,-0.05416870,3.21556281,-1.79784949,-2.64666050,-0.05569458,1.07538944,-0.05416870,-3.01237042,-1.79556163,-2.60207375,-0.04959106,1.05353451,-0.05416870,-0.06347656,-0.01464844,-0.04882812,-0.04394531,0.08789062,-0.02929688,1.03302002,2.64587402,2.64358521,-0.02441406
28.86277723,10125,-3.06730206,-1.84820445,-2.65700539,-0.05569458,1.08710385,-0.05416870,3.21565910,-1.79785013,-2.65242222,-0.05569458,1.08195277,-0.05416870,-3.01389630,-1.79556163,-2.60283669,-0.05035400,1.05544186,-0.05416870,-0.09277344,-0.00488281,-0.05371094,-0.07324219,0.16113281,-0.01464844,1.03302002,2.64579590,2.64358521,-0.02441406
28.87679267,10130,-3.06730206,-1.84820445,-2.66387184,-0.05569458,1.09511471,-0.05416870,3.21580980,-1.79785034,-2.65905509,-0.05569458,1.08954741,-0.05416870,-3.01465924,-1.79556163,-2.60436257,-0.05149841,1.05849362,-0.05416870,-0.07324219,0.00000000,-0.07812500,-0.08789062,0.17578125,-0.01464844,1.03302002,2.64584842,2.64396667,-0.02441406
28.89024019,10135,-3.06730206,-1.84820445,-2.67035683,-0.05569458,1.10312558,-0.05416870,3.21585918,-1.79785041,-2.66539957,-0.05569458,1.09706056,-0.05416870,-3.01580365,-1.79556163,-2.60512551,-0.05264282,1.06040097,-0.05416870,-0.09765625,-0.00488281,-0.06347656,-0.08789062,0.16113281,-0.02929688,1.03302002,2.64586563,2.64358521,-0.04882812
28.90585852,10140,-3.06730206,-1.84820445,-2.67913063,-0.05569458,1.11228085,-0.05416870,3.21584411,-1.79785043,-2.67265907,-0.05569458,1.10518995,-0.05416870,-3.01694806,-1.79556163,-2.60626992,-0.05264282,1.06192685,-0.05416870,-0.06347656,-0.00976562,-0.07324219,-0.04394531,0.13183594,-0.02929688,1.03302002,2.64579315,2.64396667,-0.02441406
28.91972733,10145,-3.06768353,-1.84820445,-2.68599709,-0.05569458,1.12105465,-0.05416870,3.21579412,-1.79785044,-2.68007131,-0.05569458,1.11361001,-0.05416870,-3.01771100,-1.79556163,-2.60703286,-0.05302429,1.06421567,-0.05416870,-0.09277344,-0.00976562,-0.09277344,-0.02929688,0.17578125,-0.01464844,1.03302002,2.64584752,2.64396667,-0.02441406
28.93562341,10150,-3.06730206,-1.84820445,-2.69553383,-0.05569458,1.13097287,-0.05416870,3.21576176,-1.79785044,-2.68821610,-0.05569458,1.12296212,-0.05416870,-3.01885541,-1.79556163,-2.60894020,-0.05302429,1.06803036,-0.05416870,-0.06835938,-0.00488281,-0.10742188,-0.02929688,0.23437500,-0.01464844,1.03302002,2.64574327,2.64396667,-0.04882812
28.94959712,10155,-3.06768353,-1.84820445,-2.70163735,-0.05607605,1.13745785,-0.05416870,3.21569683,-1.79785044,-2.69595871,-0.05583191,1.13129578,-0.05416870,-3.01961835,-1.79556163,-2.61046608,-0.05340576,1.07070065,-0.05416870,-0.07324219,-0.00488281,-0.08789062,-0.05859375,0.21972656,-0.02929688,1.03302002,2.64583118,2.64396667,-0.02441406
28.96263504,10160,-3.06730206,-1.84820445,-2.70926674,-0.05683899,1.14623166,-0.05416870,3.21579091,-1.79785044,-2.70348604,-0.05635860,1.13963581,-0.05416870,-3.02076276,-1.79556163,-2.61199196,-0.05340576,1.07298947,-0.05416870,-0.06347656,-0.00488281,-0.08789062,-0.01464844,0.19042969,-0.01464844,1.03302002,2.64573791,2.64396667,-0.04882812
28.97911024,10165,-3.06768353,-1.84820445,-2.71880349,-0.05836487,1.15614987,-0.05378723,3.21568880,-1.79785044,-2.71158700,-0.05730657,1.14846120,-0.05409241,-3.02152570,-1.79556163,-2.61389931,-0.05378723,1.07756711,-0.05416870,-0.07324219,-0.00488281,-0.13183594,-0.01464844,0.32226562,0.00000000,1.03302002,2.64582942,2.64396667,0.00000000
28.99138927,10170,-3.06768353,-1.84820445,-2.72681435,-0.06065369,1.16530514,-0.05416870,3.21556306,-1.79785044,-2.71989057,-0.05894460,1.15764021,-0.05414370,-3.02267011,-1.79556163,-2.61580666,-0.05416870,1.08443356,-0.05416870,-0.07324219,-0.00488281,-0.14648438,-0.02929688,0.51269531,-0.01464844,1.03302002,2.64585941,2.64396667,-0.02441406
29.00465608,10175,-3.06768353,-1.84820445,-2.73482521,-0.06217957,1.17407895,-0.05416870,3.21559217,-1.79785044,-2.72808670,-0.06071865,1.16650480,-0.05416051,-3.02305158,-1.79556163,-2.61733254,-0.05416870,1.09053708,-0.05416870,-0.06347656,-0.00488281,-0.15136719,-0.02929688,0.48339844,-0.01464844,1.03302002,2.64586923,2.64396667,-0.02441406
29.01926255,10180,-3.06768353,-1.84820445,-2.74169167,-0.06294250,1.18132687,-0.05378723,3.21557046,-1.79785044,-2.73569258,-0.06206340,1.17477857,-0.05408972,-3.02419598,-1.79556163,-2.61923989,-0.05455017,1.09702206,-0.05416870,-0.07324219,-0.00488281,-0.13183594,-0.07324219,0.42480469,-0.02929688,1.03302002,2.64587245,2.64396667,-0.02441406
29.03414369,10185,-3.06730206,-1.84820445,-2.75008400,-0.06446838,1.18971921,-0.05416870,3.21569286,-1.79785044,-2.74408404,-0.06342983,1.18342014,-0.05405493,-3.02495892,-1.79594310,-2.62114724,-0.05531311,1.10350705,-0.05416870,-0.06347656,-0.01464844,-0.13671875,-0.07324219,0.43945312,-0.02929688,1.03302002,2.64587351,2.64396667,-0.02441406
29.04800487,10190,-3.06768353,-1.84820445,-2.75809487,-0.06599426,1.19925595,-0.05378723,3.21556439,-1.79785044,-2.75121278,-0.06460415,1.19127488,-0.05387495,-3.02572186,-1.79594310,-2.62419899,-0.05607605,1.11151791,-0.05416870,-0.05859375,-0.00488281,-0.18066406,-0.08789062,0.54199219,-0.01464844,1.03302002,2.64587385,2.64396667,-0.02441406
29.06166649,10195,-3.06730206,-1.84820445,-2.76343544,-0.06752014,1.20497799,-0.05378723,3.21569087,-1.79785044,-2.75841079,-0.06625603,1.19931784,-0.05381598,-3.02648480,-1.79594310,-2.62648781,-0.05645752,1.11685849,-0.05416870,-0.07324219,-0.00488281,-0.18554688,-0.04394531,0.45410156,0.00000000,1.03302002,2.64587397,2.64434814,-0.02441406
29.07664657,10200,-3.06768353,-1.84820445,-2.77182778,-0.06904602,1.21527768,-0.05378723,3.21556374,-1.79785044,-2.76606558,-0.06783248,1.20831260,-0.05379665,-3.02724774,-1.79594310,-2.62915810,-0.05683899,1.12143612,-0.05416870,-0.04394531,-0.00976562,-0.17089844,-0.02929688,0.27832031,0.00000000,1.03302002,2.64587401,2.64396667,-0.04882812
29.09345150,10205,-3.06768353,-1.84820445,-2.78022011,-0.06942749,1.22519589,-0.05378723,3.21557091,-1.79785044,-2.77361418,-0.06883453,1.21714600,-0.05382157,-3.02839215,-1.79594310,-2.63144692,-0.05722046,1.12486935,-0.05416870,-0.06835938,-0.01464844,-0.15136719,-0.07324219,0.24902344,-0.01464844,1.03302002,2.64577636,2.64434814,0.00000000
29.10960436,10210,-3.06768353,-1.84820445,-2.78632363,-0.06942749,1.23320675,-0.05416870,3.21552443,-1.79785044,-2.78100323,-0.06914530,1.22644397,-0.05391384,-3.02915509,-1.79632456,-2.63488015,-0.05836487,1.13097287,-0.05416870,-0.05371094,-0.00976562,-0.19531250,-0.08789062,0.45410156,-0.01464844,1.03302002,2.64584202,2.64396667,-0.02441406
29.12428665,10215,-3.06768353,-1.84820445,-2.79357155,-0.06942749,1.24083615,-0.05378723,3.21550920,-1.79785044,-2.78782817,-0.06924274,1.23460498,-0.05382872,-3.02991803,-1.79632456,-2.63793190,-0.05989075,1.14165402,-0.05416870,-0.04882812,0.00000000,-0.19531250,-0.10253906,0.70312500,-0.02929688,1.03302002,2.64586354,2.64434814,-0.04882812
29.13817096,10220,-3.06768353,-1.84820445,-2.79853066,-0.06904602,1.24693966,-0.05378723,3.21550421,-1.79785044,-2.79368968,-0.06922962,1.24135243,-0.05380083,-3.03068097,-1.79632456,-2.64098366,-0.06103516,1.14661313,-0.05416870,-0.06347656,-0.00488281,-0.19531250,-0.11718750,0.36621094,-0.01464844,1.03263855,2.64571800,2.64396667,-0.02441406
29.15327001,10225,-3.06768353,-1.84820445,-2.80425270,-0.06942749,1.25342465,-0.05378723,3.21550257,-1.79785044,-2.79942227,-0.06918248,1.24812947,-0.05379169,-3.03144391,-1.79632456,-2.64365395,-0.06179810,1.15386105,-0.05416870,-0.04882812,-0.00488281,-0.18554688,-0.08789062,0.57128906,0.00000000,1.03302002,2.64582290,2.64434814,-0.02441406
29.16805291,10230,-3.06768353,-1.84820445,-2.80997475,-0.06904602,1.25914670,-0.05378723,3.21556307,-1.79785044,-2.80500715,-0.06909073,1.25407563,-0.05378869,-3.03220685,-1.79632456,-2.64670571,-0.06294250,1.16454220,-0.05416870,-0.04394531,-0.00488281,-0.20507812,-0.04394531,0.68847656,-0.01464844,1.03302002,2.64585727,2.64434814,0.00000000
29.18242717,10235,-3.06768353,-1.84820445,-2.81378945,-0.06904602,1.26257992,-0.05378723,3.21552186,-1.79785044,-2.81027787,-0.06906067,1.25922976,-0.05378771,-3.03296979,-1.79632456,-2.64975746,-0.06332397,1.17331601,-0.05416870,-0.05859375,-0.00488281,-0.22949219,0.00000000,0.64453125,-0.01464844,1.03302002,2.64586853,2.64396667,-0.04882812
29.19514275,10240,-3.06768353,-1.84820445,-2.81913002,-0.06904602,1.26715756,-0.05378723,3.21558843,-1.79785044,-2.81543589,-0.06905082,1.26391671,-0.05378739,-3.03373273,-1.79632456,-2.65204628,-0.06370544,1.17827511,-0.05416870,-0.06347656,0.00000000,-0.19042969,-0.05859375,0.48339844,-0.02929688,1.03302002,2.64587222,2.64434814,-0.02441406
29.21036673,10245,-3.06768353,-1.84820445,-2.82447060,-0.06904602,1.27097226,-0.05378723,3.21557900,-1.79785044,-2.82033091,-0.06904759,1.26785073,-0.05378728,-3.03411420,-1.79632456,-2.65509804,-0.06408691,1.18437863,-0.05416870,-0.03906250,-0.00976562,-0.20019531,-0.02929688,0.43945312,-0.01464844,1.03302002,2.64587343,2.64434814,-0.02441406
29.22435546,10250,-3.06768353,-1.84820445,-2.82904824,-0.06904602,1.27440548,-0.05378723,3.21552708,-1.79785044,-2.82515854,-0.06904654,1.27158477,-0.05378725,-3.03487714,-1.79632456,-2.65853127,-0.06408691,1.19200802,-0.05416870,-0.04882812,-0.00488281,-0.22949219,-0.02929688,0.51269531,-0.01464844,1.03302002,2.64587383,2.64434814,0.00000000
29.23661327,10255,-3.06768353,-1.84820445,-2.83286293,-0.06904602,1.27707577,-0.05378723,3.21551007,-1.79785044,-2.82954441,-0.06904619,1.27481310,-0.05378724,-3.03564008,-1.79632456,-2.66196450,-0.06408691,1.19734860,-0.05416870,-0.05859375,0.00000000,-0.22460938,-0.02929688,0.39550781,-0.01464844,1.03302002,2.64587396,2.64434814,-0.02441406
29.25236797,10260,-3.06768353,-1.84820445,-2.83591469,-0.06904602,1.27936459,-0.05378723,3.21550449,-1.79785044,-2.83318372,-0.06904608,1.27757238,-0.05378723,-3.03602155,-1.79632456,-2.66425331,-0.06446838,1.19963742,-0.05416870,-0.03906250,-0.00488281,-0.20507812,-0.02929688,0.29296875,-0.01464844,1.03302002,2.64587400,2.64434814,-0.02441406
29.26489139,10265,-3.06768353,-1.84820445,-2.84011086,-0.06904602,1.28317929,-0.05378723,3.21550266,-1.79785044,-2.83718814,-0.06904604,1.28065940,-0.05378723,-3.03640302,-1.79632456,-2.66768654,-0.06484985,1.20383359,-0.05416870,-0.02929688,-0.00488281,-0.21484375,-0.02929688,0.24902344,-0.01464844,1.03302002,2.64575195,2.64434814,-0.02441406
29.27897429,10270,-3.06768353,-1.84820445,-2.84392556,-0.06904602,1.28623105,-0.05378723,3.21561193,-1.79785044,-2.84108405,-0.06904603,1.28384185,-0.05378723,-3.03754743,-1.79632456,-2.67073830,-0.06523132,1.20993710,-0.05416870,-0.06835938,-0.00488281,-0.22460938,-0.05859375,0.45410156,-0.01464844,1.03302002,2.64583402,2.64434814,0.00000000
29.29341054,10275,-3.06768353,-1.84820445,-2.84774025,-0.06904602,1.28928280,-0.05378723,3.21557693,-1.79785044,-2.84479645,-0.06904602,1.28691739,-0.05378723,-3.03792890,-1.79632456,-2.67493447,-0.06523132,1.21680356,-0.05416870,-0.03906250,-0.00488281,-0.24414062,0.00000000,0.49804688,0.00000000,1.03302002,2.64586092,2.64434814,-0.02441406
29.30818367,10280,-3.06730206,-1.84820445,-2.85079201,-0.06904602,1.29157162,-0.05378723,3.21568277,-1.79785044,-2.84809594,-0.06904602,1.28952651,-0.05378723,-3.03831036,-1.79632456,-2.67760475,-0.06523132,1.22061825,-0.05455017,-0.02929688,-0.00488281,-0.20996094,-0.02929688,0.29296875,-0.01464844,1.03302002,2.64586973,2.64434814,0.00000000
29.32038856,10285,-3.06768353,-1.84820445,-2.85346230,-0.06904602,1.29347897,-0.05378723,3.21560015,-1.79785044,-2.85120141,-0.06904602,1.29193187,-0.05378723,-3.03869183,-1.79632456,-2.68065651,-0.06561279,1.22405148,-0.05416870,-0.03417969,-0.00488281,-0.20507812,-0.05859375,0.39550781,-0.02929688,1.03302002,2.64587262,2.64434814,-0.02441406
29.33530736,10290,-3.06768353,-1.84820445,-2.85689553,-0.06904602,1.29614926,-0.05378723,3.21558284,-1.79785044,-2.85437831,-0.06904602,1.29441526,-0.05378723,-3.03945477,-1.79632456,-2.68332680,-0.06599426,1.23053647,-0.05416870,-0.04882812,-0.00976562,-0.21972656,-0.02929688,0.46875000,0.00000000,1.03302002,2.64579544,2.64434814,-0.04882812
29.35107875,10295,-3.06730206,-1.84820445,-2.85994728,-0.06904602,1.29881955,-0.05378723,3.21560463,-1.79785044,-2.85724207,-0.06904602,1.29667615,-0.05378723,-3.04021771,-1.79632456,-2.68752297,-0.06637573,1.23816586,-0.05416870,-0.04394531,-0.00976562,-0.24414062,-0.02929688,0.43945312,-0.02929688,1.03302002,2.64584827,2.64434814,-0.02441406
29.36423564,10300,-3.06768353,-1.84820445,-2.86261757,-0.06904602,1.30110837,-0.05378723,3.21558431,-1.79785044,-2.86024822,-0.06904602,1.29931617,-0.05378723,-3.04059918,-1.79632456,-2.69057473,-0.06675720,1.24388791,-0.05416870,-0.02929688,-0.00488281,-0.22949219,-0.05859375,0.52734375,-0.01464844,1.03302002,2.64586559,2.64434814,-0.02441406
29.37869072,10305,-3.06730206,-1.84820445,-2.86528786,-0.06828308,1.30377865,-0.05378723,3.21565394,-1.79785044,-2.86309448,-0.06871326,1.30188426,-0.05378723,-3.04098065,-1.79632456,-2.69362648,-0.06752014,1.24884701,-0.05416870,-0.04882812,-0.00488281,-0.20996094,-0.07324219,0.32226562,-0.01464844,1.03302002,2.64587126,2.64434814,-0.02441406
29.39371681,10310,-3.06768353,-1.84820445,-2.86795815,-0.06790161,1.30606747,-0.05378723,3.21555164,-1.79785044,-2.86580387,-0.06828671,1.30428656,-0.05378723,-3.04174359,-1.79670603,-2.69744118,-0.06790161,1.25228024,-0.05416870,-0.06835938,-0.01464844,-0.18066406,-0.01464844,0.23437500,-0.01464844,1.03302002,2.64587312,2.64434814,-0.02441406
29.40828609,10315,-3.06730206,-1.84820445,-2.87100991,-0.06790161,1.30835629,-0.05378723,3.21559441,-1.79785044,-2.86868388,-0.06802780,1.30658278,-0.05378723,-3.04212506,-1.79670603,-2.70011147,-0.06790161,1.25380612,-0.05416870,-0.03417969,-0.00976562,-0.22460938,-0.01464844,0.16113281,-0.01464844,1.03302002,2.64587373,2.64434814,-0.02441406
29.42371321,10320,-3.06768353,-1.84820445,-2.87329872,-0.06790161,1.31064511,-0.05378723,3.21559316,-1.79785044,-2.87119620,-0.06788193,1.30890381,-0.05378723,-3.04288800,-1.79670603,-2.70392617,-0.06790161,1.25647641,-0.05416870,-0.03906250,-0.00976562,-0.22460938,-0.01464844,0.20507812,-0.01464844,1.03302002,2.64581143,2.64434814,0.00000000
29.43783545,10325,-3.06730206,-1.84820445,-2.87635048,-0.06752014,1.31331540,-0.05378723,3.21578819,-1.79785044,-2.87401797,-0.06763869,1.31140643,-0.05378723,-3.04326947,-1.79670603,-2.70735939,-0.06790161,1.25990964,-0.05416870,-0.03417969,-0.00488281,-0.24414062,0.01464844,0.32226562,0.00000000,1.03302002,2.64585351,2.64472961,0.00000000
29.45218349,10330,-3.06730206,-1.84820445,-2.87902077,-0.06713867,1.31560422,-0.05378723,3.21585210,-1.79785044,-2.87683995,-0.06733377,1.31375749,-0.05378723,-3.04403241,-1.79670603,-2.71041115,-0.06790161,1.26334286,-0.05416870,-0.05859375,-0.00488281,-0.20507812,-0.02929688,0.21972656,-0.01464844,1.03302002,2.64586730,2.64434814,-0.02441406
29.46571493,10335,-3.06730206,-1.84820445,-2.88092812,-0.06713867,1.31713009,-0.05378723,3.21587304,-1.79785044,-2.87923646,-0.06720260,1.31570416,-0.05378723,-3.04441388,-1.79670603,-2.71346291,-0.06790161,1.26753903,-0.05416870,-0.02441406,-0.00976562,-0.20507812,0.00000000,0.32226562,-0.04394531,1.03302002,2.64587182,2.64472961,0.00000000
29.48376584,10340,-3.06730206,-1.84820445,-2.88359841,-0.06675720,1.31865597,-0.05378723,3.21587990,-1.79785044,-2.88155678,-0.06708333,1.31735816,-0.05378723,-3.04479535,-1.79670603,-2.71727761,-0.06752014,1.27287961,-0.05416870,-0.02929688,-0.00488281,-0.20507812,0.00000000,0.27832031,-0.01464844,1.03302002,2.64587330,2.64472961,-0.02441406
29.49754810,10345,-3.06730206,-1.84820445,-2.88626870,-0.06675720,1.32056332,-0.05378723,3.21588215,-1.79785044,-2.88414364,-0.06686407,1.31923131,-0.05382629,-3.04479535,-1.79670603,-2.72032936,-0.06790161,1.27783871,-0.05416870,-0.02441406,-0.00488281,-0.21972656,-0.04394531,0.36621094,-0.01464844,1.03302002,2.64587379,2.64472961,-0.04882812
29.51010656,10350,-3.06730206,-1.84820445,-2.88893898,-0.06675720,1.32208920,-0.05378723,3.21588288,-1.79785044,-2.88672409,-0.06679222,1.32079091,-0.05380003,-3.04555829,-1.79670603,-2.72299965,-0.06790161,1.28203488,-0.05416870,-0.05371094,-0.00976562,-0.20019531,-0.02929688,0.29296875,0.00000000,1.03302002,2.64587395,2.64472961,-0.04882812
29.52525973,10355,-3.06730206,-1.84820445,-2.89160927,-0.06675720,1.32399655,-0.05378723,3.21588313,-1.79785044,-2.88950605,-0.06676868,1.32254525,-0.05383049,-3.04593976,-1.79708750,-2.72643288,-0.06790161,1.28508664,-0.05416870,-0.03417969,-0.00488281,-0.21972656,0.00000000,0.21972656,0.00000000,1.03302002,2.64587400,2.64434814,-0.02441406
29.54139090,10360,-3.06730206,-1.84820445,-2.89466103,-0.06675720,1.32628537,-0.05416870,3.21588320,-1.79785044,-2.89217155,-0.06676096,1.32455883,-0.05392653,-3.04670270,-1.79708750,-2.72986611,-0.06790161,1.28813839,-0.05416870,-0.04882812,-0.00488281,-0.20996094,-0.01464844,0.16113281,-0.02929688,1.03302002,2.64565429,2.64472961,-0.02441406
29.55442166,10365,-3.06730206,-1.84820445,-2.89809426,-0.06675720,1.32895566,-0.05378723,3.21588323,-1.79785044,-2.89559442,-0.06675843,1.32707496,-0.05383288,-3.04670270,-1.79708750,-2.73329933,-0.06790161,1.29042721,-0.05416870,-0.01464844,-0.00488281,-0.22460938,0.00000000,0.14648438,-0.01464844,1.03302002,2.64580202,2.64472961,-0.02441406
29.56613016,10370,-3.06730206,-1.84820445,-2.90038308,-0.06675720,1.33010006,-0.05416870,3.21588324,-1.79785044,-2.89823288,-0.06675761,1.32895841,-0.05395856,-3.04708417,-1.79708750,-2.73482521,-0.06790161,1.29195309,-0.05416870,-0.01953125,-0.00976562,-0.20996094,-0.01464844,0.19042969,-0.01464844,1.03302002,2.64585043,2.64434814,-0.04882812
29.58262181,10375,-3.06730206,-1.84820445,-2.90381630,-0.06675720,1.33162594,-0.05416870,3.21588324,-1.79785044,-2.90110635,-0.06675733,1.33027235,-0.05391967,-3.04746564,-1.79708750,-2.73940285,-0.06790161,1.29653073,-0.05416870,-0.03906250,-0.00488281,-0.23437500,-0.01464844,0.26367188,-0.02929688,1.03302002,2.64586629,2.64472961,-0.02441406
29.59603500,10380,-3.06730206,-1.84820445,-2.90724953,-0.06675720,1.33277035,-0.05416870,3.21588324,-1.79785044,-2.90447530,-0.06675725,1.33170132,-0.05402606,-3.04784711,-1.79708750,-2.74169167,-0.06752014,1.29843808,-0.05416870,-0.02929688,-0.00488281,-0.21484375,0.00000000,0.23437500,0.00000000,1.03302002,2.64587149,2.64472961,-0.02441406
29.61177158,10385,-3.06730206,-1.84820445,-2.91144570,-0.06675720,1.33391476,-0.05416870,3.21588324,-1.79785044,-2.90817531,-0.06675722,1.33290772,-0.05412196,-3.04822858,-1.79708750,-2.74512490,-0.06752014,1.30034543,-0.05416870,-0.04394531,-0.00976562,-0.20507812,0.00000000,0.13183594,0.00000000,1.03302002,2.64587319,2.64472961,-0.02441406
29.62690187,10390,-3.06730206,-1.84820445,-2.91449745,-0.06675720,1.33467770,-0.05416870,3.21588324,-1.79785044,-2.91148441,-0.06675721,1.33394732,-0.05415339,-3.04861005,-1.79708750,-2.74779518,-0.06752014,1.30225277,-0.05416870,-0.01953125,-0.00488281,-0.20996094,0.00000000,0.16113281,0.01464844,1.03302002,2.64579563,2.64472961,-0.04882812
29.64091015,10395,-3.06730206,-1.84820445,-2.91869362,-0.06675720,1.33544064,-0.05416870,3.21588324,-1.79785044,-2.91540260,-0.06675720,1.33477114,-0.05411485,-3.04899152,-1.79708750,-2.75160988,-0.06752014,1.30416012,-0.05416870,-0.03417969,-0.00488281,-0.20507812,-0.01464844,0.11718750,-0.01464844,1.03302002,2.64584833,2.64472961,-0.02441406
29.65485716,10400,-3.06730206,-1.84820445,-2.92174538,-0.06675720,1.33544064,-0.05416870,3.21588324,-1.79785044,-2.91894530,-0.06675720,1.33522126,-0.05415106,-3.04937299,-1.79708750,-2.75466164,-0.06752014,1.30492306,-0.05416870,-0.02441406,-0.00488281,-0.21972656,-0.01464844,0.10253906,-0.01464844,1.03302002,2.64586561,2.64472961,0.00000000
29.66764116,10405,-3.06730206,-1.84820445,-2.92517861,-0.06675720,1.33544064,-0.05416870,3.21588324,-1.79785044,-2.92243637,-0.06675720,1.33536875,-0.05416292,-3.04975446,-1.79708750,-2.75733193,-0.06752014,1.30644894,-0.05416870,-0.03417969,-0.00488281,-0.20507812,0.00000000,0.11718750,-0.01464844,1.03302002,2.64587127,2.64472961,-0.02441406
29.68188739,10410,-3.06730206,-1.84782298,-2.92861183,-0.06675720,1.33544064,-0.05416870,3.21588324,-1.79777415,-2.92577869,-0.06675720,1.33541708,-0.05416681,-3.05051740,-1.79708750,-2.76038369,-0.06790161,1.30797482,-0.05416870,-0.05859375,-0.00488281,-0.21484375,-0.01464844,0.16113281,-0.01464844,1.03302002,2.64577546,2.64472961,-0.02441406
29.69656849,10415,-3.06730206,-1.84782298,-2.93204506,-0.06675720,1.33544064,-0.05416870,3.21588324,-1.79756897,-2.92933886,-0.06675720,1.33543292,-0.05416808,-3.05051740,-1.79708750,-2.76419838,-0.06752014,1.31217099,-0.05416870,-0.01953125,-0.00488281,-0.22460938,-0.01464844,0.24902344,-0.01464844,1.03302002,2.64584173,2.64472961,-0.02441406
29.71126390,10420,-3.06730206,-1.84782298,-2.93547829,-0.06675720,1.33544064,-0.05416870,3.21588324,-1.79750174,-2.93276633,-0.06675720,1.33543811,-0.05416850,-3.05089887,-1.79708750,-2.76725014,-0.06752014,1.31445981,-0.05416870,-0.03906250,-0.00976562,-0.22460938,-0.01464844,0.19042969,0.00000000,1.03302002,2.64586344,2.64472961,-0.04882812
29.72633982,10425,-3.06730206,-1.84782298,-2.93891152,-0.06599426,1.33620358,-0.05455017,3.21588324,-1.79747971,-2.93635636,-0.06642444,1.33577258,-0.05428399,-3.05128034,-1.79708750,-2.77068337,-0.06752014,1.31789303,-0.05416870,-0.01464844,-0.00488281,-0.21484375,0.00000000,0.32226562,0.00000000,1.03302002,2.64557270,2.64472961,-0.02441406
29.73913455,10430,-3.06730206,-1.84782298,-2.94196328,-0.06523132,1.33620358,-0.05455017,3.21588324,-1.79747249,-2.93956545,-0.06587277,1.33606235,-0.05446295,-3.05128034,-1.79708750,-2.77335366,-0.06752014,1.32170773,-0.05416870,-0.01953125,-0.00488281,-0.22460938,0.00000000,0.26367188,0.00000000,1.03302002,2.64577529,2.64472961,-0.02441406
29.75379133,10435,-3.06730206,-1.84706004,-2.94615944,-0.06370544,1.33658505,-0.05455017,3.21588324,-1.79713736,-2.94308710,-0.06478526,1.33634346,-0.05452159,-3.05166181,-1.79708750,-2.77678688,-0.06752014,1.32437802,-0.05416870,-0.02441406,-0.00488281,-0.20507812,-0.01464844,0.14648438,-0.01464844,1.03302002,2.64584167,2.64472961,-0.02441406
29.76834798,10440,-3.06730206,-1.84667857,-2.94997414,-0.06179810,1.33696652,-0.05493164,3.21588324,-1.79666122,-2.94669640,-0.06321687,1.33676236,-0.05467813,-3.05204328,-1.79708750,-2.77945717,-0.06752014,1.32437802,-0.05455017,-0.02929688,-0.01464844,-0.18066406,-0.01464844,0.02929688,-0.01464844,1.03302002,2.64558120,2.64472961,-0.04882812
29.78269434,10445,-3.06730206,-1.84591563,-2.95417031,-0.05989075,1.33772946,-0.05493164,3.21588324,-1.79610211,-2.95049323,-0.06158856,1.33711324,-0.05479974,-3.05242474,-1.79746897,-2.78289040,-0.06713867,1.32437802,-0.05416870,-0.02929688,-0.00488281,-0.21484375,0.01464844,0.02929688,-0.01464844,1.03302002,2.64563744,2.64472961,-0.02441406
29.79748106,10450,-3.06730206,-1.84553416,-2.95874794,-0.05874634,1.34078122,-0.05493164,3.21588324,-1.79566244,-2.95501765,-0.05992817,1.33879658,-0.05488842,-3.05280621,-1.79746897,-2.78632363,-0.06713867,1.32437802,-0.05416870,-0.02441406,-0.00488281,-0.24902344,-0.01464844,-0.00000000,-0.01464844,1.03263855,2.64558141,2.64472961,0.00000000
29.81641507,10455,-3.06730206,-1.84324534,-2.96446999,-0.05836487,1.34535885,-0.05531311,3.21588324,-1.79431939,-2.96005233,-0.05887713,1.34213870,-0.05510364,-3.05318768,-1.79746897,-2.79090126,-0.06713867,1.32437802,-0.05455017,-0.01953125,-0.00488281,-0.22949219,-0.01464844,-0.00000000,-0.01464844,1.03263855,2.64544098,2.64472961,0.00000000
29.82872701,10460,-3.06730206,-1.84210093,-2.96828469,-0.05798340,1.34879208,-0.05645752,3.21588324,-1.79277933,-2.96485615,-0.05838612,1.34598251,-0.05576339,-3.05318768,-1.79746897,-2.79280861,-0.06713867,1.32437802,-0.05455017,-0.01953125,-0.00976562,-0.22460938,0.00000000,0.01464844,-0.01464844,1.03302002,2.64546943,2.64472961,-0.02441406
29.84638286,10465,-3.06730206,-1.84019358,-2.97515114,-0.05836487,1.35565854,-0.05836487,3.21588324,-1.79124282,-2.97056625,-0.05830152,1.35124522,-0.05717257,-3.05356915,-1.79746897,-2.79738625,-0.06713867,1.32514096,-0.05455017,-0.01464844,-0.00976562,-0.22460938,0.00000000,0.07324219,-0.02929688,1.03302002,2.64554125,2.64472961,0.00000000
29.86147523,10470,-3.06730206,-1.83828623,-2.98049172,-0.05836487,1.36138058,-0.05912781,3.21588324,-1.78943697,-2.97624911,-0.05834411,1.35695005,-0.05833673,-3.05356915,-1.79746897,-2.80081948,-0.06675720,1.32781125,-0.05455017,-0.01953125,-0.00976562,-0.22949219,0.04394531,0.21972656,-0.04394531,1.03302002,2.64558920,2.64472961,-0.04882812
29.87633920,10475,-3.06730206,-1.83561595,-2.98659523,-0.05836487,1.36748410,-0.06027222,3.21588324,-1.78723451,-2.98175775,-0.05835807,1.36258504,-0.05930743,-3.05395062,-1.79746897,-2.80387123,-0.06637573,1.32971860,-0.05493164,-0.03417969,-0.00488281,-0.24902344,0.02929688,0.17578125,-0.04394531,1.03302002,2.64568304,2.64472961,-0.02441406
29.89023757,10480,-3.06730206,-1.83332713,-2.99193581,-0.05836487,1.37320614,-0.06179810,3.21588324,-1.78474840,-2.98754353,-0.05836264,1.36848851,-0.06067336,-3.05433209,-1.79746897,-2.80768593,-0.06523132,1.33238888,-0.05569458,-0.02441406,-0.00488281,-0.21972656,0.04394531,0.17578125,-0.05859375,1.03263855,2.64529850,2.64472961,-0.02441406
29.90639687,10485,-3.06730206,-1.83065684,-2.99803933,-0.05874634,1.37969113,-0.06561279,3.21588324,-1.78218729,-2.99355514,-0.05862061,1.37485619,-0.06325791,-3.05471356,-1.79746897,-2.81073769,-0.06446838,1.33391476,-0.05645752,-0.03906250,-0.00488281,-0.22949219,0.05859375,0.13183594,-0.07324219,1.03302002,2.64544716,2.64472961,0.00000000
29.92059541,10490,-3.06730206,-1.82607920,-3.00605019,-0.05874634,1.38846493,-0.07171631,3.21588324,-1.77901262,-2.99986646,-0.05870514,1.38184595,-0.06740511,-3.05509503,-1.79708750,-2.81493386,-0.06370544,1.33772946,-0.05760193,-0.01464844,0.00000000,-0.25390625,0.01464844,0.27832031,-0.05859375,1.03302002,2.64551442,2.64472961,0.00000000
29.93644094,10495,-3.06730206,-1.82264598,-3.01253517,-0.05912781,1.39571286,-0.07858276,3.21588324,-1.77544488,-3.00651377,-0.05891899,1.38914844,-0.07289956,-3.05509503,-1.79708750,-2.81951149,-0.06370544,1.34307004,-0.05798340,-0.01464844,0.00488281,-0.26367188,-0.02929688,0.32226562,-0.02929688,1.03263855,2.64544344,2.64472961,-0.02441406
29.95227480,10500,-3.06730206,-1.81921275,-3.01940163,-0.05912781,1.40296078,-0.08506775,3.21588324,-1.77173613,-3.01375764,-0.05899835,1.39697479,-0.07977872,-3.05547650,-1.79708750,-2.82180031,-0.06408691,1.34764767,-0.05836487,-0.01464844,0.00488281,-0.22949219,-0.04394531,0.46875000,-0.07324219,1.03263855,2.64521999,2.64472961,-0.02441406
29.96707749,10505,-3.06730206,-1.81501658,-3.02703102,-0.05912781,1.41097165,-0.09002686,3.21588324,-1.76780905,-3.02117477,-0.05908539,1.40493936,-0.08576982,-3.05585797,-1.79632456,-2.82637795,-0.06332397,1.35108090,-0.06027222,-0.02929688,0.02929688,-0.23437500,0.01464844,0.26367188,-0.14648438,1.03263855,2.64526884,2.64472961,-0.02441406
29.97995138,10510,-3.06730206,-1.81043894,-3.03427895,-0.05950928,1.41783810,-0.09384155,3.21588324,-1.76342750,-3.02866270,-0.05919020,1.41246935,-0.09068440,-3.05585797,-1.79594310,-2.82981118,-0.06332397,1.35680295,-0.06141663,-0.01953125,0.02929688,-0.23925781,-0.01464844,0.26367188,-0.07324219,1.03263855,2.64522528,2.64472961,-0.02441406
29.99577856,10515,-3.06730206,-1.80586131,-3.04267128,-0.05989075,1.42584897,-0.09651184,3.21588324,-1.75909381,-3.03628017,-0.05948102,1.41969520,-0.09413111,-3.05623944,-1.79518016,-2.83400734,-0.06332397,1.36023617,-0.06294250,-0.01953125,0.03906250,-0.25390625,0.01464844,0.23437500,-0.13183594,1.03263855,2.64534870,2.64511108,0.00000000
30.01244307,10520,-3.06730206,-1.79975779,-3.05335244,-0.05989075,1.43653012,-0.09918213,3.21588324,-1.75406192,-3.04513075,-0.05971742,1.42832518,-0.09687565,-3.05662091,-1.79441722,-2.83820351,-0.06370544,1.36366940,-0.06637573,-0.04394531,0.05371094,-0.29785156,-0.01464844,0.21972656,-0.26367188,1.03302002,2.64556126,2.64511108,-0.02441406
30.02653718,10525,-3.06730206,-1.79479869,-3.06098183,-0.05989075,1.44415951,-0.10070801,3.21588324,-1.74880651,-3.05391666,-0.05980270,1.43703879,-0.09908259,-3.05700238,-1.79327281,-2.84239968,-0.06332397,1.36748410,-0.07057190,-0.02441406,0.07324219,-0.26367188,0.00000000,0.32226562,-0.27832031,1.03263855,2.64543438,2.64472961,-0.02441406
30.04059029,10530,-3.06730206,-1.79060252,-3.06784829,-0.05989075,1.45026303,-0.10147095,3.21588324,-1.74402643,-3.06162692,-0.05986190,1.44448489,-0.10049888,-3.05700238,-1.79250987,-2.84659584,-0.06332397,1.37358761,-0.07209778,-0.00976562,0.05371094,-0.26367188,-0.02929688,0.45410156,-0.11718750,1.03302002,2.64566746,2.64472961,-0.02441406
30.05706024,10535,-3.06730206,-1.78602488,-3.07585915,-0.06141663,1.45789242,-0.10185242,3.21588324,-1.73912416,-3.06982737,-0.06054536,1.45220119,-0.10145772,-3.05738385,-1.79136546,-2.85117348,-0.06332397,1.37778378,-0.07438660,-0.01464844,0.06347656,-0.27832031,0.01464844,0.26367188,-0.17578125,1.03302002,2.64570868,2.64472961,-0.02441406
30.07162380,10540,-3.06730206,-1.78144725,-3.08348854,-0.06294250,1.46475888,-0.10185242,3.21588324,-1.73470675,-3.07744906,-0.06178738,1.45930022,-0.10172308,-3.05776532,-1.79060252,-2.85536965,-0.06294250,1.38388730,-0.07820129,-0.02441406,0.05859375,-0.28808594,0.00000000,0.45410156,-0.29296875,1.03302002,2.64574172,2.64511108,-0.02441406
30.08603954,10545,-3.06730206,-1.77725108,-3.09035500,-0.06446838,1.47009945,-0.10185242,3.21588324,-1.73056503,-3.08440918,-0.06317141,1.46521359,-0.10181004,-3.05776532,-1.78945811,-2.85956581,-0.06294250,1.39037228,-0.07972717,-0.00976562,0.07812500,-0.30273438,-0.02929688,0.45410156,-0.11718750,1.03302002,2.64570860,2.64511108,-0.04882812
30.10083079,10550,-3.06730206,-1.77419932,-3.09607704,-0.06599426,1.47429562,-0.10185242,3.21588324,-1.72659850,-3.09119024,-0.06469964,1.47048662,-0.10183853,-3.05776532,-1.78831370,-2.86414345,-0.06294250,1.39685727,-0.07972717,-0.01464844,0.07812500,-0.30761719,0.00000000,0.48339844,-0.04394531,1.03302002,2.64572216,2.64511108,0.00000000
30.11568093,10555,-3.06730206,-1.77152903,-3.10179909,-0.06828308,1.47772885,-0.10185242,3.21588324,-1.72354253,-3.09709329,-0.06658884,1.47468530,-0.10184787,-3.05776532,-1.78716929,-2.86910256,-0.06294250,1.40448666,-0.08125305,-0.01464844,0.06835938,-0.29296875,0.01464844,0.41015625,-0.10253906,1.03263855,2.64567167,2.64472961,-0.04882812
30.13164997,10560,-3.06730206,-1.76847727,-3.10752114,-0.06980896,1.48078061,-0.10185242,3.21588324,-1.72067933,-3.10242592,-0.06830408,1.47803427,-0.10185093,-3.05814679,-1.78564341,-2.87368019,-0.06294250,1.41059018,-0.08430481,-0.01464844,0.07324219,-0.28320312,0.00000000,0.39550781,-0.21972656,1.03302002,2.64580772,2.64511108,-0.02441406
30.14741373,10565,-3.06730206,-1.76618846,-3.11324318,-0.07133484,1.48268796,-0.10185242,3.21588324,-1.71781509,-3.10842075,-0.06997990,1.48080122,-0.10185193,-3.05814679,-1.78449900,-2.87825783,-0.06332397,1.41516781,-0.08544922,-0.02441406,0.09277344,-0.30273438,-0.04394531,0.30761719,-0.07324219,1.03302002,2.64585230,2.64511108,0.00000000
30.16228580,10570,-3.06730206,-1.76428111,-3.11782082,-0.07247925,1.48383236,-0.10185242,3.21588324,-1.71563325,-3.11369617,-0.07137852,1.48258863,-0.10185226,-3.05852826,-1.78335459,-2.88245400,-0.06294250,1.41936398,-0.08659363,-0.02929688,0.07812500,-0.30761719,-0.02929688,0.30761719,-0.13183594,1.03302002,2.64578878,2.64472961,-0.02441406
30.17589378,10575,-3.06730206,-1.76313670,-3.12125405,-0.07324219,1.48421383,-0.10185242,3.21588324,-1.71393747,-3.11800697,-0.07238101,1.48361098,-0.10185236,-3.05890973,-1.78182872,-2.88779457,-0.06332397,1.42546750,-0.08735657,-0.00488281,0.08300781,-0.30273438,-0.02929688,0.41015625,-0.02929688,1.03302002,2.64574843,2.64472961,-0.02441406
30.18883824,10580,-3.06730206,-1.76161082,-3.12468727,-0.07400513,1.48459530,-0.10185242,3.21588324,-1.71238570,-3.12181566,-0.07332255,1.48427276,-0.10176451,-3.05890973,-1.78068431,-2.89160927,-0.06332397,1.42890072,-0.08773804,-0.01464844,0.09277344,-0.31738281,-0.02929688,0.20507812,-0.04394531,1.03302002,2.64583287,2.64511108,-0.02441406
30.20191741,10585,-3.06730206,-1.76084788,-3.12850197,-0.07553101,1.48459530,-0.10147095,3.21588324,-1.71132522,-3.12548727,-0.07452560,1.48448961,-0.10156714,-3.05890973,-1.77915843,-2.89580544,-0.06332397,1.43271542,-0.08850098,-0.01464844,0.08300781,-0.28320312,-0.02929688,0.30761719,-0.08789062,1.03302002,2.64579804,2.64472961,-0.04882812
30.21538305,10590,-3.06730206,-1.76046641,-3.13155373,-0.07705688,1.48459530,-0.10147095,3.21588324,-1.71069000,-3.12879097,-0.07594570,1.48456067,-0.10150247,-3.05929120,-1.77801402,-2.89962014,-0.06370544,1.43576718,-0.08964539,-0.00976562,0.08789062,-0.28808594,-0.01464844,0.23437500,-0.08789062,1.03302002,2.64584912,2.64511108,-0.02441406
30.22999573,10595,-3.06730206,-1.76008494,-3.13498696,-0.07781982,1.48421383,-0.10147095,3.21588324,-1.71016434,-3.13226867,-0.07701626,1.48432749,-0.10148128,-3.05929120,-1.77686961,-2.90343483,-0.06370544,1.43805600,-0.09117126,-0.02441406,0.08789062,-0.29785156,-0.02929688,0.19042969,-0.13183594,1.03302002,2.64578774,2.64472961,-0.02441406
30.24299979,10600,-3.06730206,-1.75970347,-3.13880165,-0.07934570,1.48421383,-0.10147095,3.21588324,-1.70964774,-3.13571024,-0.07825182,1.48425108,-0.10147433,-3.05967267,-1.77572520,-2.90724953,-0.06446838,1.44110776,-0.09155273,-0.01953125,0.08300781,-0.29296875,-0.05859375,0.24902344,-0.04394531,1.03302002,2.64584575,2.64472961,-0.04882812
30.25994539,10605,-3.06730206,-1.75932200,3.14133190,-0.08010864,1.48421383,-0.10185242,3.21588324,-1.70919073,-3.13916708,-0.07928877,1.48422604,-0.10158741,-3.05967267,-1.77419932,-2.91259011,-0.06484985,1.44492245,-0.09269714,-0.01464844,0.07812500,-0.31738281,-0.05859375,0.27832031,-0.10253906,1.03302002,2.64586476,2.64511108,0.00000000
30.27232003,10610,-3.06730206,-1.75894053,3.13789867,-0.08049011,1.48459530,-0.10185242,3.21588324,-1.70890365,-3.14240931,-0.08002615,1.48435516,-0.10171675,-3.05967267,-1.77305491,-2.91678627,-0.06599426,1.44759274,-0.09498596,-0.00488281,0.09277344,-0.30273438,-0.10253906,0.24902344,-0.20507812,1.03302002,2.64587099,2.64511108,-0.02441406
30.28693318,10615,-3.06730206,-1.75894053,3.13560985,-0.08087158,1.48497677,-0.10185242,3.21588324,-1.70869044,-3.14545976,-0.08056330,1.48474183,-0.10166685,-3.05967267,-1.77152903,-2.92174538,-0.06752014,1.45369626,-0.09536743,-0.00976562,0.09277344,-0.28808594,-0.10253906,0.29296875,0.01464844,1.03302002,2.64581053,2.64511108,-0.04882812
30.30374455,10620,-3.06730206,-1.75894053,3.13179515,-0.08201599,1.48573971,-0.10185242,3.21588324,-1.70862058,-3.14876427,-0.08135052,1.48538148,-0.10179161,-3.06005414,-1.77038462,-2.92556008,-0.06828308,1.45636654,-0.09536743,-0.01464844,0.06347656,-0.29296875,-0.05859375,0.29296875,-0.01464844,1.03263855,2.64570063,2.64472961,-0.04882812
30.31734037,10625,-3.06730206,-1.75894053,3.12912486,-0.08354187,1.48650265,-0.10185242,3.21588324,-1.70859769,-3.15186161,-0.08254207,1.48606495,-0.10183249,-3.06005414,-1.76962168,-2.92975624,-0.06942749,1.45903683,-0.09574890,-0.01464844,0.08300781,-0.28808594,-0.10253906,0.24902344,-0.02929688,1.03302002,2.64581721,2.64511108,0.00000000
30.33111501,10630,-3.06730206,-1.75894053,3.12683605,-0.08506775,1.48726559,-0.10185242,3.21588324,-1.70859018,-3.15431527,-0.08377822,1.48672178,-0.10184589,-3.06043561,-1.76809581,-2.93471535,-0.07095337,1.46056271,-0.09613037,-0.02441406,0.07324219,-0.28808594,-0.10253906,0.11718750,-0.02929688,1.03263855,2.64560516,2.64511108,0.00000000
30.34604859,10635,-3.06730206,-1.75894053,3.12454723,-0.08659363,1.48802853,-0.10185242,3.21588324,-1.70858773,-3.15675039,-0.08538006,1.48734985,-0.10185028,-3.06043561,-1.76695140,-2.93853005,-0.07209778,1.46056271,-0.09651184,-0.01464844,0.07812500,-0.30273438,-0.08789062,0.02929688,-0.05859375,1.03263855,2.64541361,2.64511108,0.00000000
30.36389160,10640,-3.06730206,-1.75894053,3.12263988,-0.08659363,1.48917294,-0.10185242,3.21588324,-1.70858692,-3.15891857,-0.08619597,1.48829381,-0.10185172,-3.06081708,-1.76580699,-2.94387062,-0.07286072,1.46094418,-0.09765625,-0.01464844,0.07324219,-0.31738281,-0.05859375,0.02929688,-0.05859375,1.03302002,2.64564503,2.64511108,-0.02441406
30.38016105,10645,-3.06730206,-1.75894053,3.12073253,-0.08659363,1.49031735,-0.10185242,3.21588324,-1.70858666,-3.16089381,-0.08646332,1.48932371,-0.10185219,-3.06081708,-1.76466258,-2.94730385,-0.07362366,1.46247006,-0.09803772,-0.00976562,0.06347656,-0.27832031,-0.05859375,0.11718750,-0.02929688,1.03302002,2.64567692,2.64511108,-0.02441406
30.39221072,10650,-3.06730206,-1.75894053,3.11996959,-0.08659363,1.49108029,-0.10185242,3.21588324,-1.70858657,-3.16230448,-0.08650210,1.49029327,-0.10185234,-3.06119855,-1.76351817,-2.95226296,-0.07438660,1.46399594,-0.09803772,-0.01953125,0.07324219,-0.26855469,-0.07324219,0.10253906,-0.01464844,1.03302002,2.64571178,2.64511108,-0.02441406
30.40570855,10655,-3.06730206,-1.75894053,3.11882518,-0.08621216,1.49184323,-0.10185242,3.21588324,-1.70858654,-3.16358497,-0.08634623,1.49123378,-0.10185239,-3.06158002,-1.76275523,-2.95645912,-0.07553101,1.46628476,-0.09803772,-0.03417969,0.05859375,-0.28808594,-0.10253906,0.21972656,-0.02929688,1.03302002,2.64553863,2.64511108,0.00000000
30.42218709,10660,-3.06730206,-1.75855906,3.11729930,-0.08621216,1.49222470,-0.10185242,3.21588324,-1.70844920,-3.16476237,-0.08625609,1.49189999,-0.10185241,-3.06158002,-1.76122935,-2.96065529,-0.07629395,1.46971798,-0.09841919,-0.00488281,0.06835938,-0.26855469,-0.04394531,0.30761719,-0.02929688,1.03302002,2.64576412,2.64511108,-0.02441406
30.43498635,10665,-3.06730206,-1.75817759,3.11653636,-0.08621216,1.49260617,-0.10223389,3.21588324,-1.70814773,-3.16578026,-0.08622655,1.49234352,-0.10207763,-3.06158002,-1.76046641,-2.96446999,-0.07667542,1.47276974,-0.09841919,-0.00976562,0.08300781,-0.25878906,-0.02929688,0.14648438,-0.02929688,1.03263855,2.64556335,2.64511108,0.00000000
30.44734979,10670,-3.06730206,-1.75817759,3.11577342,-0.08621216,1.49298764,-0.10223389,3.21588324,-1.70792980,-3.16662675,-0.08621688,1.49265743,-0.10218269,-3.06158002,-1.75932200,-2.96752175,-0.07705688,1.47658444,-0.09880066,-0.00976562,0.05371094,-0.25878906,-0.07324219,0.30761719,0.00000000,1.03302002,2.64570972,2.64511108,-0.02441406
30.45907879,10675,-3.06730206,-1.75779612,3.11501048,-0.08621216,1.49336911,-0.10223389,3.21588324,-1.70763317,-3.16745612,-0.08621370,1.49310466,-0.10221711,-3.06158002,-1.75855906,-2.97095497,-0.07820129,1.47925473,-0.09880066,-0.00976562,0.07812500,-0.25878906,-0.10253906,0.17578125,-0.02929688,1.03302002,2.64582019,2.64472961,-0.04882812
30.47478318,10680,-3.06730206,-1.75741465,3.11386607,-0.08621216,1.49451352,-0.10261536,3.21588324,-1.70736739,-3.16833910,-0.08621266,1.49380137,-0.10230468,-3.06158002,-1.75779612,-2.97476967,-0.07972717,1.48116208,-0.09918213,-0.00976562,0.04882812,-0.25390625,-0.11718750,0.08789062,-0.02929688,1.03302002,2.64573431,2.64511108,-0.02441406
30.48845410,10685,-3.06730206,-1.75665171,3.11310314,-0.08621216,1.49527646,-0.10223389,3.21588324,-1.70679861,-3.16936061,-0.08621232,1.49464271,-0.10240601,-3.06196149,-1.75703318,-2.97820290,-0.08049011,1.48116208,-0.09956360,-0.01953125,0.06347656,-0.24902344,-0.07324219,-0.00000000,-0.04394531,1.03263855,2.64557800,2.64511108,-0.02441406
30.50284362,10690,-3.06730206,-1.75627024,3.11157726,-0.08621216,1.49642087,-0.10261536,3.21588324,-1.70620538,-3.17054104,-0.08621221,1.49561750,-0.10254676,-3.06196149,-1.75588877,-2.98201760,-0.08087158,1.48078061,-0.10070801,-0.01464844,0.05859375,-0.27343750,-0.04394531,-0.01464844,-0.13183594,1.03302002,2.64567937,2.64511108,0.00000000
30.51946568,10695,-3.06730206,-1.75588877,3.11081432,-0.08621216,1.49718381,-0.10261536,3.21588324,-1.70578576,-3.17166979,-0.08621218,1.49660024,-0.10259288,-3.06234296,-1.75512583,-2.98621376,-0.08087158,1.48116208,-0.10261536,-0.01464844,0.06347656,-0.25390625,-0.04394531,0.04394531,-0.10253906,1.03263855,2.64549749,2.64511108,-0.02441406
30.53461385,10700,-3.06730206,-1.75512583,3.10966991,-0.08621216,1.49756527,-0.10299683,3.21588324,-1.70522322,-3.17273045,-0.08621216,1.49724905,-0.10279415,-3.06234296,-1.75398143,-2.99040993,-0.08125305,1.48116208,-0.10261536,-0.00976562,0.06835938,-0.24902344,-0.04394531,0.02929688,-0.01464844,1.03302002,2.64553092,2.64511108,0.00000000
30.54864836,10705,-3.06730206,-1.75436290,3.10928844,-0.08621216,1.49756527,-0.10299683,3.21588324,-1.70447711,-3.17339552,-0.08621216,1.49746166,-0.10293041,-3.06234296,-1.75283702,-2.99384316,-0.08201599,1.48154355,-0.10223389,-0.00488281,0.06347656,-0.23437500,-0.05859375,0.05859375,-0.01464844,1.03263855,2.64560901,2.64511108,0.00000000
30.56513095,10710,-3.06730206,-1.75436290,3.10852550,-0.08621216,1.49756527,-0.10337830,3.21588324,-1.70416232,-3.17406535,-0.08621216,1.49753132,-0.10323153,-3.06234296,-1.75169261,-2.99689492,-0.08239746,1.48268796,-0.10261536,-0.00976562,0.06835938,-0.22949219,-0.02929688,0.08789062,-0.01464844,1.03302002,2.64568953,2.64511108,-0.04882812
30.57891989,10715,-3.06730206,-1.75398143,3.10814403,-0.08621216,1.49756527,-0.10414124,3.21588324,-1.70398287,-3.17460235,-0.08621216,1.49755415,-0.10363172,-3.06234296,-1.75054820,-3.00109108,-0.08239746,1.48459530,-0.10261536,-0.00976562,0.07324219,-0.23925781,-0.01464844,0.10253906,-0.01464844,1.03302002,2.64581357,2.64511108,-0.02441406
30.59271240,10720,-3.06730206,-1.75398143,3.10814403,-0.08621216,1.49756527,-0.10528564,3.21588324,-1.70374390,-3.17489745,-0.08621216,1.49756163,-0.10437406,-3.06234296,-1.74978526,-3.00376137,-0.08239746,1.48573971,-0.10261536,-0.00976562,0.05371094,-0.22460938,-0.01464844,0.11718750,-0.02929688,1.03302002,2.64577609,2.64511108,-0.02441406
30.60797000,10725,-3.06730206,-1.75398143,3.10814403,-0.08621216,1.49756527,-0.10604858,3.21588324,-1.70366559,-3.17499415,-0.08621216,1.49756408,-0.10535925,-3.06272443,-1.74864085,-3.00681313,-0.08277893,1.48650265,-0.10261536,-0.00976562,0.05859375,-0.22460938,-0.04394531,0.04394531,-0.02929688,1.03263855,2.64546962,2.64511108,0.00000000
30.62274742,10730,-3.06730206,-1.75359996,3.10814403,-0.08621216,1.49756527,-0.10643005,3.21588324,-1.70338346,-3.17502583,-0.08621216,1.49756488,-0.10607917,-3.06272443,-1.74787791,-3.01024636,-0.08277893,1.48650265,-0.10261536,-0.01464844,0.03417969,-0.21972656,-0.01464844,0.01464844,0.00000000,1.03263855,2.64544829,2.64511108,-0.02441406
30.63581538,10735,-3.06730206,-1.75359996,3.10776256,-0.08621216,1.49756527,-0.10643005,3.21588324,-1.70329101,-3.17517355,-0.08621216,1.49756515,-0.10631508,-3.06272443,-1.74711497,-3.01291664,-0.08277893,1.48650265,-0.10261536,-0.01464844,0.04882812,-0.21484375,-0.02929688,0.02929688,-0.01464844,1.03302002,2.64563686,2.64511108,-0.02441406
30.65088606,10740,-3.06730206,-1.75359996,3.10776256,-0.08621216,1.49756527,-0.10643005,3.21588324,-1.70326072,-3.17534109,-0.08621216,1.49756523,-0.10639238,-3.06310590,-1.74635203,-3.01711281,-0.08316040,1.48764706,-0.10261536,-0.01953125,0.04394531,-0.22949219,-0.02929688,0.08789062,-0.01464844,1.03263855,2.64540544,2.64511108,-0.04882812
30.66410470,10745,-3.06730206,-1.75359996,3.10738109,-0.08621216,1.49756527,-0.10643005,3.21588324,-1.70325079,-3.17562121,-0.08621216,1.49756526,-0.10641771,-3.06348737,-1.74597056,-3.01978310,-0.08316040,1.48841000,-0.10261536,-0.03417969,0.03417969,-0.22460938,-0.02929688,0.07324219,-0.01464844,1.03302002,2.64553591,2.64511108,-0.02441406
30.67654681,10750,-3.06730206,-1.75359996,3.10699962,-0.08621216,1.49756527,-0.10643005,3.21588324,-1.70324754,-3.17582054,-0.08621216,1.49756527,-0.10642601,-3.06348737,-1.74520762,-3.02245339,-0.08354187,1.48879147,-0.10299683,-0.01464844,0.05371094,-0.21972656,-0.01464844,0.05859375,-0.01464844,1.03302002,2.64570073,2.64511108,-0.02441406
30.69225240,10755,-3.06730206,-1.75359996,3.10661815,-0.08621216,1.49756527,-0.10643005,3.21588324,-1.70324647,-3.17625219,-0.08621216,1.49756527,-0.10642873,-3.06348737,-1.74444468,-3.02588662,-0.08392334,1.48993588,-0.10299683,-0.00488281,0.03417969,-0.20019531,-0.02929688,0.05859375,-0.04394531,1.03263855,2.64548008,2.64511108,-0.04882812
30.70728183,10760,-3.06730206,-1.75359996,3.10585521,-0.08621216,1.49794674,-0.10643005,3.21588324,-1.70324612,-3.17679671,-0.08621216,1.49782174,-0.10642962,-3.06348737,-1.74368174,-3.02855690,-0.08392334,1.49031735,-0.10337830,-0.00488281,0.06347656,-0.20019531,-0.01464844,0.02929688,-0.02929688,1.03302002,2.64568244,2.64511108,-0.04882812
30.72287917,10765,-3.06730206,-1.75359996,3.10547374,-0.08621216,1.49794674,-0.10643005,3.21588324,-1.70324601,-3.17738054,-0.08621216,1.49790578,-0.10642991,-3.06348737,-1.74253733,-3.03122719,-0.08430481,1.49108029,-0.10375977,-0.01464844,0.06347656,-0.17578125,-0.04394531,0.07324219,-0.02929688,1.03263855,2.64556100,2.64511108,0.02441406
30.73612332,10770,-3.06730206,-1.75359996,3.10471080,-0.08621216,1.49832821,-0.10643005,3.21588324,-1.70324597,-3.17790461,-0.08621216,1.49805844,-0.10643001,-3.06348737,-1.74139292,-3.03427895,-0.08506775,1.49222470,-0.10452271,-0.00488281,0.06347656,-0.18554688,-0.05859375,0.08789062,-0.05859375,1.03302002,2.64553317,2.64549255,0.00000000
30.75147724,10775,-3.06730206,-1.75359996,3.10432933,-0.08621216,1.49870968,-0.10643005,3.21588324,-1.70324596,-3.17851298,-0.08621216,1.49846504,-0.10643004,-3.06386884,-1.74024852,-3.03694924,-0.08544922,1.49413205,-0.10490417,-0.00976562,0.05371094,-0.18066406,-0.04394531,0.13183594,-0.05859375,1.03263855,2.64537146,2.64511108,-0.04882812
30.76549125,10780,-3.06730206,-1.75359996,3.10356639,-0.08621216,1.49909115,-0.10643005,3.21588324,-1.70324595,-3.17922527,-0.08621216,1.49885474,-0.10643005,-3.06386884,-1.73948558,-3.03961953,-0.08583069,1.49527646,-0.10490417,-0.00488281,0.05859375,-0.18066406,-0.02929688,0.10253906,-0.01464844,1.03263855,2.64533703,2.64511108,-0.02441406
30.77900624,10785,-3.06730206,-1.75359996,3.10280345,-0.08583069,1.49985409,-0.10643005,3.21588324,-1.70324595,-3.17993255,-0.08613586,1.49934645,-0.10643005,-3.06386884,-1.73872264,-3.04267128,-0.08621216,1.49642087,-0.10490417,-0.01464844,0.03906250,-0.18554688,-0.01464844,0.08789062,-0.01464844,1.03263855,2.64518512,2.64511108,0.00000000
30.79534078,10790,-3.06730206,-1.75359996,3.10165904,-0.08583069,1.50061703,-0.10643005,3.21588324,-1.70324595,-3.18075355,-0.08607180,1.50005030,-0.10643005,-3.06386884,-1.73834117,-3.04496010,-0.08621216,1.49718381,-0.10528564,-0.00976562,0.05371094,-0.17089844,-0.01464844,0.04394531,-0.01464844,1.03263855,2.64523300,2.64511108,-0.02441406
30.80843234,10795,-3.06730206,-1.75359996,3.10051463,-0.08583069,1.50137997,-0.10681152,3.21588324,-1.70324595,-3.18185302,-0.08590970,1.50087395,-0.10658643,-3.06425031,-1.73795970,-3.04763039,-0.08621216,1.49718381,-0.10528564,-0.00488281,0.01953125,-0.18554688,0.00000000,0.02929688,-0.01464844,1.03263855,2.64527310,2.64511108,-0.02441406
30.82328272,10800,-3.06730206,-1.75359996,3.09937023,-0.08583069,1.50252438,-0.10681152,3.21588324,-1.70324595,-3.18284159,-0.08585658,1.50173308,-0.10673776,-3.06425031,-1.73719676,-3.05030068,-0.08621216,1.49718381,-0.10528564,-0.00976562,0.03906250,-0.17578125,-0.02929688,-0.00000000,-0.01464844,1.03263855,2.64532433,2.64511108,-0.02441406
30.83659434,10805,-3.06730206,-1.75359996,3.09822582,-0.08583069,1.50328732,-0.10681152,3.21588324,-1.70324595,-3.18411511,-0.08583917,1.50252754,-0.10678735,-3.06425031,-1.73719676,-3.05258950,-0.08621216,1.49718381,-0.10528564,-0.00488281,0.01464844,-0.17578125,-0.01464844,-0.00000000,-0.01464844,1.03263855,2.64547881,2.64511108,-0.02441406
30.85189438,10810,-3.06730206,-1.75359996,3.09669994,-0.08583069,1.50366879,-0.10681152,3.21588324,-1.70324595,-3.18533905,-0.08583347,1.50311465,-0.10680360,-3.06425031,-1.73643382,-3.05564125,-0.08621216,1.49718381,-0.10528564,-0.00976562,0.04394531,-0.17578125,-0.01464844,0.04394531,-0.02929688,1.03302002,2.64554433,2.64511108,0.00000000
30.86622858,10815,-3.06730206,-1.75359996,3.09479259,-0.08583069,1.50443173,-0.10681152,3.21588324,-1.70324595,-3.18684229,-0.08583160,1.50388101,-0.10680893,-3.06425031,-1.73605235,-3.05754860,-0.08659363,1.49794674,-0.10528564,-0.00976562,0.03417969,-0.15625000,-0.02929688,0.04394531,-0.01464844,1.03263855,2.64549133,2.64511108,-0.02441406
30.88006973,10820,-3.06730206,-1.75359996,3.09364818,-0.08583069,1.50519467,-0.10681152,3.21588324,-1.70324595,-3.18838455,-0.08583099,1.50461382,-0.10681067,-3.06425031,-1.73528941,-3.06021889,-0.08621216,1.49832821,-0.10528564,-0.00488281,0.04394531,-0.16113281,0.00000000,0.07324219,-0.01464844,1.03302002,2.64567050,2.64511108,0.00000000
30.89371943,10825,-3.06730206,-1.75359996,3.09174083,-0.08583069,1.50633908,-0.10681152,3.21588324,-1.70324595,-3.19009756,-0.08583079,1.50549201,-0.10681124,-3.06425031,-1.73490794,-3.06250771,-0.08621216,1.49947262,-0.10528564,-0.00488281,0.03906250,-0.16601562,-0.01464844,0.10253906,-0.01464844,1.03302002,2.64558761,2.64511108,-0.04882812
30.90839863,10830,-3.06730206,-1.75359996,3.09021495,-0.08583069,1.50710202,-0.10681152,3.21588324,-1.70324595,-3.19169843,-0.08583072,1.50642406,-0.10681143,-3.06425031,-1.73376353,-3.06517800,-0.08621216,1.50061703,-0.10566711,-0.00488281,0.04394531,-0.17089844,0.00000000,0.05859375,-0.01464844,1.03302002,2.64549794,2.64511108,-0.02441406
30.92126417,10835,-3.06730206,-1.75359996,3.08868907,-0.08583069,1.50786496,-0.10681152,3.21588324,-1.70324595,-3.19329771,-0.08583070,1.50724241,-0.10681149,-3.06425031,-1.73338206,-3.06746682,-0.08621216,1.50176144,-0.10528564,-0.00488281,0.04394531,-0.16113281,-0.01464844,0.10253906,-0.01464844,1.03302002,2.64562872,2.64511108,-0.07324219
30.93748903,10840,-3.06730206,-1.75359996,3.08716319,-0.08583069,1.50824643,-0.10681152,3.21588324,-1.70324595,-3.19472850,-0.08583069,1.50779829,-0.10681151,-3.06425031,-1.73261912,-3.07013710,-0.08621216,1.50328732,-0.10566711,-0.00488281,0.05371094,-0.15136719,-0.01464844,0.11718750,-0.02929688,1.03263855,2.64534320,2.64549255,-0.02441406
30.95021415,10845,-3.06730206,-1.75359996,3.08563732,-0.08583069,1.50900937,-0.10681152,3.21588324,-1.70324595,-3.19625447,-0.08583069,1.50849338,-0.10681152,-3.06425031,-1.73185618,-3.07242592,-0.08621216,1.50405026,-0.10566711,-0.00976562,0.03906250,-0.16601562,-0.01464844,0.05859375,-0.02929688,1.03302002,2.64562196,2.64511108,-0.02441406
30.96396518,10850,-3.06730206,-1.75359996,3.08449291,-0.08621216,1.50939084,-0.10719299,3.21588324,-1.70324595,-3.19756297,-0.08601685,1.50906551,-0.10688782,-3.06463178,-1.73147471,-3.07433327,-0.08621216,1.50443173,-0.10566711,-0.01464844,0.02441406,-0.15625000,-0.01464844,0.04394531,-0.01464844,1.03302002,2.64571330,2.64511108,-0.04882812
30.97710514,10855,-3.06730206,-1.75359996,3.08296703,-0.08621216,1.50977231,-0.10719299,3.21588324,-1.70324595,-3.19902739,-0.08614816,1.50950945,-0.10706174,-3.06463178,-1.73071177,-3.07662209,-0.08621216,1.50443173,-0.10566711,-0.00488281,0.03417969,-0.14648438,-0.02929688,-0.00000000,-0.01464844,1.03302002,2.64582136,2.64511108,0.00000000
30.99195123,10860,-3.06730206,-1.75359996,3.08144115,-0.08621216,1.51053525,-0.10757446,3.21588324,-1.70324595,-3.20040422,-0.08619119,1.51007997,-0.10728731,-3.06463178,-1.73033030,-3.07929238,-0.08621216,1.50443173,-0.10566711,-0.01464844,0.02929688,-0.16601562,0.00000000,0.01464844,-0.01464844,1.03302002,2.64567220,2.64511108,-0.02441406
31.00605655,10865,-3.06730206,-1.75359996,3.08029674,-0.08621216,1.51167965,-0.10833740,3.21588324,-1.70324595,-3.20177518,-0.08620529,1.51094405,-0.10778188,-3.06463178,-1.72956736,-3.08158120,-0.08621216,1.50481320,-0.10566711,-0.00976562,0.03906250,-0.17578125,-0.01464844,0.01464844,-0.02929688,1.03263855,2.64565530,2.64511108,-0.02441406
31.02066350,10870,-3.06730206,-1.75359996,3.07877086,-0.08621216,1.51320553,-0.10948181,3.21588324,-1.70324595,-3.20325030,-0.08620991,1.51216517,-0.10862546,-3.06463178,-1.72956736,-3.08387001,-0.08621216,1.50481320,-0.10566711,-0.00488281,0.01953125,-0.14648438,-0.01464844,0.01464844,-0.01464844,1.03263855,2.64528941,2.64511108,-0.04882812
31.03468060,10875,-3.06730206,-1.75359996,3.07762645,-0.08621216,1.51396847,-0.10986328,3.21588324,-1.70324595,-3.20447182,-0.08621142,1.51316614,-0.10942642,-3.06463178,-1.72880442,-3.08577736,-0.08621216,1.50481320,-0.10604858,-0.00976562,0.03906250,-0.14648438,-0.01464844,0.01464844,-0.02929688,1.03263855,2.64531014,2.64511108,-0.02441406
31.04982352,10880,-3.06730206,-1.75359996,3.07686351,-0.08621216,1.51396847,-0.10986328,3.21588324,-1.70324595,-3.20546511,-0.08621192,1.51370557,-0.10972013,-3.06501325,-1.72842295,-3.08844765,-0.08621216,1.50557614,-0.10604858,-0.01953125,0.02929688,-0.15625000,-0.01464844,0.05859375,-0.02929688,1.03263855,2.64517631,2.64511108,-0.02441406
31.06577706,10885,-3.06730206,-1.75359996,3.07648204,-0.08621216,1.51396847,-0.10986328,3.21588324,-1.70324595,-3.20626630,-0.08627311,1.51388232,-0.10981637,-3.06501325,-1.72766001,-3.09073647,-0.08621216,1.50557614,-0.10604858,-0.01464844,0.02441406,-0.15136719,0.00000000,0.01464844,-0.02929688,1.03302002,2.64548524,2.64549255,-0.02441406
31.07835698,10890,-3.06730206,-1.75359996,3.07648204,-0.08659363,1.51396847,-0.10986328,3.21588324,-1.70324595,-3.20656008,-0.08642757,1.51394024,-0.10984791,-3.06501325,-1.72727854,-3.09264382,-0.08621216,1.50557614,-0.10643005,-0.01464844,0.01953125,-0.15136719,-0.02929688,0.02929688,-0.02929688,1.03302002,2.64550835,2.64511108,0.00000000
31.09392452,10895,-3.06730206,-1.75359996,3.07571910,-0.08621216,1.51396847,-0.10986328,3.21588324,-1.70324595,-3.20705015,-0.08636282,1.51395922,-0.10985824,-3.06539472,-1.72689707,-3.09493264,-0.08621216,1.50595761,-0.10643005,-0.00488281,0.03906250,-0.15136719,-0.02929688,0.04394531,-0.02929688,1.03263855,2.64560161,2.64511108,-0.02441406
31.10751057,10900,-3.06730206,-1.75359996,3.07533763,-0.08659363,1.51396847,-0.10986328,3.21588324,-1.70324595,-3.20751603,-0.08645696,1.51396544,-0.10986163,-3.06539472,-1.72651561,-3.09683998,-0.08621216,1.50633908,-0.10643005,-0.00976562,0.02441406,-0.13183594,-0.02929688,0.04394531,-0.02929688,1.03302002,2.64542441,2.64511108,-0.02441406
31.12406731,10905,-3.06730206,-1.75359996,3.07495616,-0.08659363,1.51396847,-0.10986328,3.21588324,-1.70324595,-3.20792516,-0.08650978,1.51396748,-0.10986274,-3.06539472,-1.72613414,-3.09989174,-0.08621216,1.50672055,-0.10681152,-0.00488281,0.01953125,-0.14648438,0.00000000,0.04394531,-0.02929688,1.03263855,2.64535438,2.64511108,-0.02441406
31.13648438,10910,-3.06730206,-1.75359996,3.07457469,-0.08659363,1.51396847,-0.10986328,3.21588324,-1.70324595,-3.20835475,-0.08656615,1.51396815,-0.10986310,-3.06539472,-1.72575267,-3.10179909,-0.08621216,1.50748349,-0.10719299,-0.00488281,0.00976562,-0.15136719,-0.01464844,0.08789062,-0.04394531,1.03263855,2.64531288,2.64549255,0.00000000
31.15024424,10915,-3.06730206,-1.75359996,3.07457469,-0.08659363,1.51358700,-0.10986328,3.21588324,-1.70324595,-3.20852677,-0.08658463,1.51389207,-0.10986322,-3.06539472,-1.72575267,-3.10370644,-0.08659363,1.50786496,-0.10833740,-0.00488281,0.01464844,-0.14160156,-0.01464844,-0.00000000,-0.10253906,1.03263855,2.64539693,2.64511108,-0.02441406
31.16309953,10920,-3.06730206,-1.75359996,3.07419322,-0.08659363,1.51358700,-0.10986328,3.21588324,-1.70324595,-3.20876930,-0.08659068,1.51368697,-0.10986326,-3.06539472,-1.72537120,-3.10523232,-0.08621216,1.50786496,-0.10948181,-0.00488281,0.02441406,-0.13183594,-0.01464844,0.02929688,-0.07324219,1.03302002,2.64541984,2.64549255,0.00000000
31.17996073,10925,-3.06730206,-1.75359996,3.07343028,-0.08659363,1.51358700,-0.10986328,3.21588324,-1.70324595,-3.20922060,-0.08659266,1.51361976,-0.10986328,-3.06539472,-1.72498973,-3.10752114,-0.08621216,1.50862790,-0.10948181,-0.00488281,0.01464844,-0.15625000,-0.02929688,0.05859375,-0.01464844,1.03263855,2.64521226,2.64511108,-0.02441406
31.19500351,10930,-3.06730206,-1.75359996,3.07266734,-0.08697510,1.51358700,-0.10986328,3.21588324,-1.70324595,-3.20990339,-0.08666961,1.51359774,-0.10986328,-3.06539472,-1.72460826,-3.10942849,-0.08659363,1.50900937,-0.10948181,-0.00488281,0.02929688,-0.13183594,-0.02929688,0.02929688,-0.01464844,1.03263855,2.64544209,2.64511108,-0.04882812
31.20885873,10935,-3.06730206,-1.75359996,3.07228587,-0.08697510,1.51358700,-0.11024475,3.21588324,-1.70324595,-3.21045391,-0.08687499,1.51359052,-0.11003967,-3.06539472,-1.72384532,-3.11171730,-0.08659363,1.50939084,-0.10948181,-0.00976562,0.01953125,-0.11718750,-0.02929688,0.04394531,-0.01464844,1.03302002,2.64554792,2.64511108,0.00000000
31.22472906,10940,-3.06730206,-1.75359996,3.07114147,-0.08735657,1.51358700,-0.11024475,3.21588324,-1.70324595,-3.21122354,-0.08701859,1.51358816,-0.11017755,-3.06539472,-1.72346385,-3.11362465,-0.08659363,1.51015378,-0.10948181,-0.00976562,0.02441406,-0.13183594,-0.01464844,0.04394531,0.00000000,1.03302002,2.64550447,2.64511108,-0.02441406
31.24101400,10945,-3.06730206,-1.75359996,3.07076000,-0.08735657,1.51358700,-0.11024475,3.21588324,-1.70324595,-3.21196120,-0.08712668,1.51358738,-0.11022273,-3.06577619,-1.72308238,-3.11591347,-0.08659363,1.51091672,-0.10948181,-0.01464844,0.02441406,-0.11230469,-0.01464844,0.08789062,-0.01464844,1.03263855,2.64545972,2.64511108,-0.02441406
31.25413275,10950,-3.06730206,-1.75359996,3.07037853,-0.08735657,1.51358700,-0.11024475,3.21588324,-1.70324595,-3.21249845,-0.08728124,1.51358713,-0.11023754,-3.06577619,-1.72270091,-3.11743935,-0.08659363,1.51129818,-0.10948181,-0.00488281,0.02441406,-0.11230469,-0.02929688,0.04394531,-0.01464844,1.03263855,2.64522532,2.64511108,-0.02441406
31.27068830,10955,-3.06730206,-1.75359996,3.06923412,-0.08773804,1.51358700,-0.11024475,3.21588324,-1.70324595,-3.21337359,-0.08758835,1.51358704,-0.11024239,-3.06577619,-1.72231944,-3.11934670,-0.08659363,1.51167965,-0.10948181,-0.01464844,0.01464844,-0.10742188,-0.01464844,0.04394531,-0.01464844,1.03263855,2.64533309,2.64511108,-0.02441406
31.28290653,10960,-3.06730206,-1.75359996,3.06808971,-0.08773804,1.51358700,-0.11062622,3.21588324,-1.70324595,-3.21423202,-0.08768899,1.51358702,-0.11032027,-3.06577619,-1.72193797,-3.12087258,-0.08659363,1.51167965,-0.10948181,-0.00976562,0.01464844,-0.11718750,-0.02929688,0.01464844,-0.02929688,1.03263855,2.64535961,2.64511108,-0.02441406
31.29839134,10965,-3.06730206,-1.75359996,3.06694530,-0.08811951,1.51358700,-0.11062622,3.21588324,-1.70324595,-3.21530029,-0.08779826,1.51358701,-0.11045565,-3.06577619,-1.72155650,-3.12277993,-0.08659363,1.51167965,-0.10948181,-0.00488281,0.02441406,-0.10742188,0.01464844,0.01464844,-0.02929688,1.03263855,2.64519252,2.64511108,-0.04882812
31.31263971,10970,-3.06730206,-1.75359996,3.06618236,-0.08811951,1.51358700,-0.11062622,3.21588324,-1.70324595,-3.21623360,-0.08801424,1.51358700,-0.11046047,-3.06615765,-1.72117503,-3.12468727,-0.08697510,1.51167965,-0.10948181,-0.00976562,0.02441406,-0.11718750,-0.01464844,0.02929688,0.00000000,1.03263855,2.64521589,2.64511108,-0.02441406
31.32810950,10975,-3.06730206,-1.75321849,3.06503795,-0.08850098,1.51358700,-0.11062622,3.21588324,-1.70298948,-3.21730883,-0.08831023,1.51358700,-0.11057191,-3.06615765,-1.72079356,-3.12659462,-0.08697510,1.51206112,-0.10948181,-0.00488281,0.01953125,-0.11230469,-0.01464844,0.02929688,-0.02929688,1.03263855,2.64542765,2.64511108,-0.04882812
31.34110355,10980,-3.06730206,-1.75321849,3.06389354,-0.08888245,1.51358700,-0.11062622,3.21588324,-1.70290544,-3.21839151,-0.08866369,1.51358700,-0.11060842,-3.06615765,-1.72041209,-3.12812050,-0.08697510,1.51206112,-0.10948181,-0.00488281,0.01464844,-0.11718750,-0.02929688,0.01464844,-0.01464844,1.03302002,2.64558713,2.64511108,-0.04882812
31.35662723,10985,-3.06730206,-1.75321849,3.06313060,-0.08926392,1.51358700,-0.11062622,3.21588324,-1.70287790,-3.21939057,-0.08906724,1.51358700,-0.11062039,-3.06615765,-1.72003062,-3.12964638,-0.08735657,1.51206112,-0.10986328,-0.00488281,0.01464844,-0.12695312,-0.01464844,-0.01464844,-0.02929688,1.03263855,2.64538915,2.64511108,0.00000000
31.37036610,10990,-3.06730206,-1.75321849,3.06198619,-0.09002686,1.51358700,-0.11062622,3.21588324,-1.70286888,-3.22041704,-0.08959327,1.51358700,-0.11062431,-3.06615765,-1.71964915,-3.13193520,-0.08735657,1.51206112,-0.10948181,0.00000000,0.02929688,-0.12695312,-0.01464844,0.01464844,0.01464844,1.03263855,2.64520220,2.64511108,-0.02441406
31.38744617,10995,-3.06730206,-1.75321849,3.06084178,-0.09078979,1.51358700,-0.11062622,3.21588324,-1.70286592,-3.22156186,-0.09024733,1.51358700,-0.11062559,-3.06615765,-1.71926768,-3.13384255,-0.08735657,1.51244259,-0.10986328,-0.00976562,0.02441406,-0.12695312,-0.02929688,0.02929688,0.00000000,1.03263855,2.64531672,2.64549255,-0.02441406
31.39990020,11000,-3.06730206,-1.75321849,3.06007884,-0.09155273,1.51358700,-0.11100769,3.21588324,-1.70286495,-3.22241088,-0.09093552,1.51358700,-0.11081217,-3.06615765,-1.71888621,-3.13536843,-0.08773804,1.51244259,-0.10986328,-0.00976562,0.02441406,-0.12695312,-0.01464844,-0.00000000,-0.01464844,1.03263855,2.64544116,2.64511108,-0.02441406
31.41412926,11005,-3.06730206,-1.75283702,3.05931590,-0.09269714,1.51358700,-0.11138916,3.21588324,-1.70278834,-3.22332116,-0.09186941,1.51358700,-0.11101992,-3.06615765,-1.71850474,-3.13689431,-0.08773804,1.51206112,-0.10986328,-0.00488281,0.00976562,-0.11718750,-0.02929688,0.01464844,-0.01464844,1.03263855,2.64535987,2.64511108,-0.02441406
31.43031979,11010,-3.06730206,-1.75245555,3.05817149,-0.09460449,1.51320553,-0.11253357,3.21588324,-1.70250677,-3.22420868,-0.09334644,1.51340085,-0.11170701,-3.06615765,-1.71812327,-3.13880165,-0.08811951,1.51244259,-0.10986328,-0.00488281,0.01464844,-0.10742188,-0.02929688,0.04394531,0.00000000,1.03263855,2.64537718,2.64511108,-0.04882812
31.44327688,11015,-3.06730206,-1.75245555,3.05740856,-0.09536743,1.51320553,-0.11482239,3.21588324,-1.70223433,-3.22511253,-0.09449377,1.51326953,-0.11316238,-3.06615765,-1.71812327,-3.13994606,-0.08850098,1.51282406,-0.11024475,-0.00488281,0.01953125,-0.10253906,-0.02929688,0.04394531,-0.04394531,1.03263855,2.64519828,2.64511108,-0.02441406
31.45724440,11020,-3.06730206,-1.75207408,3.05626415,-0.09613037,1.51282406,-0.12016296,3.21588324,-1.70206876,-3.22602919,-0.09544370,1.51315021,-0.11661755,-3.06615765,-1.71774180,3.14133190,-0.08926392,1.51282406,-0.11024475,-0.00976562,0.01953125,-0.09277344,-0.05859375,0.02929688,-0.02929688,1.03263855,2.64520216,2.64511108,0.00000000
31.47236037,11025,-3.06730206,-1.75169261,3.05511974,-0.09727478,1.51282406,-0.12550354,3.21588324,-1.70169700,-3.22720884,-0.09642428,1.51293094,-0.12130125,-3.06615765,-1.71736033,3.13980602,-0.09002686,1.51244259,-0.11062622,-0.00488281,0.00976562,-0.09277344,-0.04394531,0.01464844,-0.05859375,1.03302002,2.64529351,2.64511108,0.00000000
31.48779750,11030,-3.06730206,-1.75016673,3.05321239,-0.09880066,1.51282406,-0.13504028,3.21588324,-1.70076073,-3.22855644,-0.09754248,1.51285908,-0.12805537,-3.06615765,-1.71697886,3.13789867,-0.09040833,1.51282406,-0.11138916,-0.00488281,0.01464844,-0.09765625,-0.02929688,0.04394531,-0.08789062,1.03263855,2.64545309,2.64511108,-0.02441406
31.50049424,11035,-3.06730206,-1.74940379,3.05130504,-0.09994507,1.51282406,-0.14076233,3.21588324,-1.69972957,-3.23039024,-0.09888826,1.51283554,-0.13524548,-3.06615765,-1.71659739,3.13637279,-0.09040833,1.51282406,-0.11253357,-0.00976562,0.01953125,-0.12207031,-0.02929688,0.01464844,-0.10253906,1.03263855,2.64528565,2.64511108,-0.04882812
31.51477265,11040,-3.06730206,-1.74864085,3.04901622,-0.10261536,1.51320553,-0.14762878,3.21588324,-1.69894905,-3.23241081,-0.10080373,1.51308429,-0.14211155,-3.06615765,-1.71659739,3.13484691,-0.09078979,1.51282406,-0.11367798,-0.00488281,0.00976562,-0.12695312,-0.04394531,0.01464844,-0.05859375,1.03263855,2.64529036,2.64511108,-0.04882812
31.53192687,11045,-3.06730206,-1.74711497,3.04634593,-0.10566711,1.51320553,-0.15602112,3.21588324,-1.69779876,-3.23477592,-0.10321069,1.51316581,-0.14945591,-3.06615765,-1.71621592,3.13332103,-0.09117126,1.51282406,-0.11444092,-0.00488281,0.00976562,-0.11230469,-0.04394531,0.01464844,-0.10253906,1.03263855,2.64516983,2.64511108,-0.04882812
31.54467273,11050,-3.06730206,-1.74558909,3.04405711,-0.10871887,1.51320553,-0.16403198,3.21588324,-1.69629585,-3.23730897,-0.10627040,1.51319252,-0.15778548,-3.06615765,-1.71583445,3.13179515,-0.09155273,1.51282406,-0.11711121,0.00000000,0.01953125,-0.10742188,-0.05859375,0.02929688,-0.21972656,1.03263855,2.64531490,2.64511108,-0.02441406
31.55662227,11055,-3.06730206,-1.74406321,3.04138683,-0.11177063,1.51358700,-0.17051697,3.21588324,-1.69483854,-3.23971505,-0.10937798,1.51342649,-0.16499209,-3.06615765,-1.71583445,3.13026927,-0.09269714,1.51320553,-0.12130737,-0.00488281,0.00976562,-0.10253906,-0.10253906,0.01464844,-0.36621094,1.03263855,2.64529994,2.64511108,-0.02441406
31.57135272,11060,-3.06730206,-1.74253733,3.03833507,-0.11444092,1.51473141,-0.17890930,3.21588324,-1.69344499,-3.24241412,-0.11232779,1.51391221,-0.17223905,-3.06615765,-1.71545298,3.12874339,-0.09422302,1.51282406,-0.12435913,-0.00976562,0.01464844,-0.10742188,-0.10253906,0.01464844,-0.20507812,1.03263855,2.64517297,2.64511108,-0.02441406
31.58376741,11065,-3.06730206,-1.74177439,3.03642772,-0.11520386,1.51587582,-0.18424988,3.21588324,-1.69223420,-3.24501205,-0.11415987,1.51501168,-0.17932003,-3.06615765,-1.71545298,3.12721752,-0.09498596,1.51282406,-0.12702942,0.00000000,0.01464844,-0.12207031,-0.10253906,-0.00000000,-0.21972656,1.03263855,2.64513136,2.64511108,-0.02441406
31.59928179,11070,-3.06730206,-1.73986705,3.03261302,-0.11596680,1.51892758,-0.19073486,3.21588324,-1.69067424,-3.24807990,-0.11537470,1.51695643,-0.18605451,-3.06615765,-1.71507151,3.12569164,-0.09651184,1.51320553,-0.13237000,-0.00976562,0.01953125,-0.12207031,-0.11718750,0.04394531,-0.38085938,1.03263855,2.64511773,2.64511108,-0.04882812
31.61317492,11075,-3.06730206,-1.73757823,3.02994274,-0.11596680,1.52236081,-0.19264221,3.21588324,-1.68866771,-3.25107968,-0.11577278,1.51990728,-0.19038199,-3.06615765,-1.71469004,3.12340282,-0.09880066,1.51358700,-0.13618469,-0.00488281,0.01464844,-0.14160156,-0.13183594,0.02929688,-0.27832031,1.03263855,2.64511326,2.64511108,0.00000000
31.62880158,11080,-3.06730206,-1.73605235,3.02727245,-0.11596680,1.52541256,-0.19226074,3.21588324,-1.68700191,-3.25377004,-0.11590322,1.52301826,-0.19171543,-3.06615765,-1.71392710,3.12187694,-0.09956360,1.51358700,-0.13961792,-0.00976562,0.03417969,-0.11230469,-0.11718750,-0.00000000,-0.27832031,1.03263855,2.64511180,2.64511108,-0.02441406
31.64208317,11085,-3.06730206,-1.73414500,3.02498363,-0.11558533,1.52922726,-0.19226074,3.21588324,-1.68524403,-3.25638770,-0.11568949,1.52654914,-0.19208205,-3.06653912,-1.71354563,3.11996959,-0.10108948,1.51358700,-0.14266968,-0.00976562,0.01953125,-0.13183594,-0.10253906,0.01464844,-0.23437500,1.03263855,2.64511132,2.64511108,0.00000000
31.65599990,11090,-3.06730206,-1.73223765,3.02269481,-0.11520386,1.53151608,-0.19187927,3.21588324,-1.68338566,-3.25874521,-0.11536299,1.52959750,-0.19194572,-3.06653912,-1.71316416,3.11844371,-0.10223389,1.51434994,-0.14762878,0.00000000,0.04394531,-0.12207031,-0.07324219,0.05859375,-0.41015625,1.03263855,2.64511116,2.64511108,0.00000000
31.66929746,11095,-3.06730206,-1.73071177,3.02078746,-0.11520386,1.53380490,-0.19149780,3.21588324,-1.68181186,-3.26073904,-0.11514614,1.53174507,-0.19178569,-3.06653912,-1.71240123,3.11615489,-0.10261536,1.51511288,-0.15106201,-0.00488281,0.03417969,-0.13183594,-0.04394531,0.07324219,-0.26367188,1.03263855,2.64511111,2.64511108,-0.04882812
31.68521476,11100,-3.06730206,-1.72956736,3.01888011,-0.11482239,1.53609372,-0.19035339,3.21588324,-1.68049550,-3.26252580,-0.11496754,1.53398760,-0.19136326,-3.06653912,-1.71163829,3.11424754,-0.10337830,1.51549435,-0.15563965,-0.00488281,0.03906250,-0.12207031,-0.07324219,0.02929688,-0.33691406,1.03263855,2.64504859,2.64511108,0.00000000
31.69933820,11105,-3.06730206,-1.72766001,3.01659129,-0.11482239,1.53761960,-0.18768311,3.21588324,-1.67870319,-3.26472871,-0.11486995,1.53607741,-0.18972056,-3.06653912,-1.71125682,3.11272167,-0.10528564,1.51625729,-0.15869141,-0.00488281,0.05371094,-0.11230469,-0.11718750,0.05859375,-0.20507812,1.03263855,2.64491483,2.64511108,-0.04882812
31.71185660,11110,-3.06730206,-1.72651561,3.01506542,-0.11444092,1.53838254,-0.18463135,3.21588324,-1.67718388,-3.26660779,-0.11470064,1.53752563,-0.18700845,-3.06653912,-1.71087535,3.11157726,-0.10643005,1.51778317,-0.15869141,-0.00976562,0.02929688,-0.11718750,-0.13183594,0.16113281,-0.01464844,1.03263855,2.64488662,2.64511108,-0.02441406
31.72591972,11115,-3.06730206,-1.72498973,3.01315807,-0.11405945,1.53914547,-0.18043518,3.21588324,-1.67580127,-3.26850588,-0.11433987,1.53843451,-0.18351001,-3.06653912,-1.71011241,3.11005138,-0.10681152,1.52007199,-0.16021729,-0.00488281,0.05859375,-0.13183594,-0.08789062,0.20507812,-0.14648438,1.03225708,2.64458709,2.64511108,-0.02441406
31.73940444,11120,-3.06730206,-1.72384532,3.01201366,-0.11329651,1.53876401,-0.17738342,3.21588324,-1.67456904,-3.27004764,-0.11370871,1.53865604,-0.17992272,-3.06653912,-1.70934947,3.10776256,-0.10757446,1.52426816,-0.16403198,-0.00976562,0.03417969,-0.10742188,-0.04394531,0.19042969,-0.17578125,1.03225708,2.64456707,2.64511108,-0.02441406
31.75147891,11125,-3.06730206,-1.72270091,3.01125072,-0.11291504,1.53876401,-0.17242432,3.21588324,-1.67328648,-3.27124596,-0.11320636,1.53872863,-0.17583647,-3.06653912,-1.70896800,3.10661815,-0.10757446,1.52579403,-0.16441345,-0.00976562,0.02441406,-0.12207031,-0.02929688,0.21972656,-0.11718750,1.03225708,2.64449801,2.64511108,-0.02441406
31.76543808,11130,-3.06730206,-1.72193797,3.01086925,-0.11253357,1.53876401,-0.16632080,3.21588324,-1.67224341,-3.27193416,-0.11278528,1.53875241,-0.17076653,-3.06653912,-1.70820506,3.10471080,-0.10795593,1.52922726,-0.16517639,-0.00976562,0.04882812,-0.13183594,-0.04394531,0.20507812,-0.05859375,1.03225708,2.64439725,2.64511108,-0.02441406
31.78075147,11135,-3.06730206,-1.72155650,3.01086925,-0.11215210,1.53876401,-0.15678406,3.21588324,-1.67154358,-3.27219092,-0.11235958,1.53876021,-0.16351330,-3.06653912,-1.70744212,3.10242198,-0.10871887,1.53151608,-0.16555786,-0.00976562,0.03417969,-0.13183594,-0.04394531,0.11718750,-0.01464844,1.03225708,2.64436424,2.64511108,-0.02441406
31.79443455,11140,-3.06730206,-1.72117503,3.01086925,-0.11177063,1.53876401,-0.14953613,3.21588324,-1.67108904,-3.27227505,-0.11199487,1.53876276,-0.15560054,-3.06653912,-1.70706065,3.10089610,-0.10910034,1.53113461,-0.16555786,-0.00488281,0.02929688,-0.11718750,-0.04394531,-0.02929688,0.00000000,1.03225708,2.64435342,2.64511108,-0.04882812
31.80986691,11145,-3.06730206,-1.72041209,3.01086925,-0.11138916,1.53876401,-0.14114380,3.21588324,-1.67049747,-3.27230262,-0.11161889,1.53876360,-0.14804895,-3.06653912,-1.70629771,3.09898876,-0.10910034,1.53113461,-0.16517639,-0.00976562,0.03906250,-0.13183594,-0.02929688,0.01464844,0.00000000,1.03225708,2.64434987,2.64511108,0.00000000
31.82512689,11150,-3.06730206,-1.71964915,3.01086925,-0.11138916,1.53876401,-0.13351440,3.21588324,-1.66975944,-3.27231166,-0.11146444,1.53876387,-0.13985716,-3.06653912,-1.70553477,3.09708141,-0.10910034,1.53151608,-0.16517639,-0.00976562,0.05371094,-0.14648438,-0.01464844,0.02929688,-0.01464844,1.03225708,2.64454891,2.64511108,-0.02441406
31.83910680,11155,-3.06730206,-1.71926768,3.01086925,-0.11138916,1.53876401,-0.12626648,3.21588324,-1.66922207,-3.27231462,-0.11150611,1.53876396,-0.13185757,-3.06653912,-1.70477183,3.09517406,-0.10948181,1.53151608,-0.16479492,-0.00976562,0.03906250,-0.09277344,-0.02929688,-0.00000000,0.00000000,1.03225708,2.64457409,2.64511108,0.00000000
31.85387564,11160,-3.06730206,-1.71926768,3.01086925,-0.11138916,1.53876401,-0.12130737,3.21588324,-1.66901473,-3.27231559,-0.11142748,1.53876399,-0.12567559,-3.06653912,-1.70439036,3.09402965,-0.10948181,1.53151608,-0.16403198,-0.00488281,0.03417969,-0.10253906,-0.01464844,0.02929688,0.05859375,1.03263855,2.64477496,2.64511108,-0.02441406
31.86978197,11165,-3.06730206,-1.71926768,3.01086925,-0.11138916,1.53876401,-0.11596680,3.21588324,-1.66894679,-3.27231590,-0.11140172,1.53876400,-0.12041185,-3.06653912,-1.70324595,3.09250377,-0.10948181,1.53266049,-0.16136169,-0.00488281,0.04394531,-0.09765625,-0.02929688,0.10253906,0.19042969,1.03263855,2.64464059,2.64511108,-0.02441406
31.88293815,11170,-3.06730206,-1.71888621,3.01086925,-0.11177063,1.53876401,-0.11291504,3.21588324,-1.66878720,-3.27231601,-0.11146957,1.53876400,-0.11607179,-3.06653912,-1.70248301,3.09059642,-0.10948181,1.53342343,-0.15907288,-0.00488281,0.05371094,-0.11718750,-0.01464844,0.04394531,0.14648438,1.03225708,2.64454163,2.64511108,-0.04882812
31.89922714,11175,-3.06730206,-1.71888621,3.01086925,-0.11177063,1.53876401,-0.10948181,3.21588324,-1.66861576,-3.27231604,-0.11154063,1.53876400,-0.11267198,-3.06692059,-1.70172007,3.08945201,-0.10948181,1.53304196,-0.15563965,-0.00976562,0.05371094,-0.07812500,-0.02929688,0.01464844,0.16113281,1.03263855,2.64486199,2.64549255,0.00000000
31.91462302,11180,-3.06730206,-1.71888621,3.01086925,-0.11177063,1.53876401,-0.10566711,3.21588324,-1.66855959,-3.27231605,-0.11162495,1.53876401,-0.10877643,-3.06692059,-1.70095713,3.08754466,-0.10986328,1.53304196,-0.15296936,-0.00976562,0.04394531,-0.07812500,-0.01464844,-0.00000000,0.17578125,1.03263855,2.64480973,2.64511108,-0.02441406
31.92913365,11185,-3.06730206,-1.71888621,3.01086925,-0.11138916,1.53876401,-0.10299683,3.21588324,-1.66854118,-3.27231606,-0.11156652,1.53876401,-0.10526618,-3.06692059,-1.70057566,3.08601878,-0.10986328,1.53342343,-0.14953613,-0.00488281,0.03906250,-0.11718750,-0.02929688,0.05859375,0.29296875,1.03263855,2.64483656,2.64511108,-0.02441406
31.94392204,11190,-3.06730206,-1.71888621,3.01086925,-0.11177063,1.53876401,-0.10108948,3.21588324,-1.66853515,-3.27231606,-0.11167250,1.53876401,-0.10277890,-3.06692059,-1.69981272,3.08449291,-0.10986328,1.53380490,-0.14533997,-0.00488281,0.03906250,-0.12207031,-0.02929688,0.01464844,0.23437500,1.03263855,2.64486097,2.64511108,-0.02441406
31.95777249,11195,-3.06730206,-1.71888621,3.01086925,-0.11177063,1.53876401,-0.10070801,3.21588324,-1.66853317,-3.27231606,-0.11164619,1.53876401,-0.10141785,-3.06692059,-1.69943125,3.08334850,-0.11024475,1.53380490,-0.14266968,-0.01464844,0.04394531,-0.09277344,-0.02929688,0.01464844,0.20507812,1.03225708,2.64477888,2.64511108,-0.02441406
31.97073603,11200,-3.06730206,-1.71888621,3.01086925,-0.11177063,1.53876401,-0.10070801,3.21588324,-1.66853252,-3.27231606,-0.11172985,1.53881283,-0.10094061,-3.06692059,-1.69866831,3.08182262,-0.11024475,1.53418637,-0.13732910,-0.00976562,0.02441406,-0.06835938,-0.01464844,0.02929688,0.36621094,1.03225708,2.64475198,2.64511108,0.00000000
31.98390937,11205,-3.06730206,-1.71888621,3.01086925,-0.11138916,1.53876401,-0.10070801,3.21588324,-1.66853231,-3.27231606,-0.11164972,1.53878001,-0.10078423,-3.06692059,-1.69828685,3.08105968,-0.11024475,1.53418637,-0.13580322,-0.00488281,0.03417969,-0.09765625,-0.02929688,0.02929688,0.08789062,1.03263855,2.64491529,2.64511108,-0.04882812
31.99693894,11210,-3.06730206,-1.71888621,3.01086925,-0.11177063,1.53876401,-0.10032654,3.21588324,-1.66853224,-3.27231606,-0.11173101,1.53876925,-0.10059565,-3.06692059,-1.69790538,3.07953380,-0.11062622,1.53456784,-0.13465881,-0.00976562,0.01953125,-0.09277344,-0.02929688,0.07324219,0.08789062,1.03263855,2.64488677,2.64511108,0.00000000
32.01112175,11215,-3.06730206,-1.71888621,3.01086925,-0.11138916,1.53876401,-0.09994507,3.21588324,-1.66853222,-3.27231606,-0.11163253,1.53876572,-0.10033843,-3.06692059,-1.69714244,3.07800792,-0.11062622,1.53494931,-0.13275146,-0.00488281,0.03906250,-0.07324219,-0.02929688,0.04394531,0.14648438,1.03263855,2.64493992,2.64511108,-0.02441406
32.02491188,11220,-3.06730206,-1.71888621,3.01086925,-0.11138916,1.53876401,-0.09956360,3.21588324,-1.66853221,-3.27231606,-0.11161783,1.53876457,-0.09988781,-3.06692059,-1.69676097,3.07686351,-0.11100769,1.53494931,-0.12969971,-0.00488281,0.03906250,-0.09277344,-0.02929688,0.01464844,0.16113281,1.03225708,2.64490241,2.64511108,-0.02441406
32.03811932,11225,-3.06730206,-1.71888621,3.01086925,-0.11138916,1.53876401,-0.09803772,3.21588324,-1.66853221,-3.27231606,-0.11146409,1.53876419,-0.09892569,-3.06692059,-1.69599803,3.07571910,-0.11100769,1.53494931,-0.12855530,-0.00976562,0.01953125,-0.08789062,-0.02929688,0.01464844,0.08789062,1.03263855,2.64504271,2.64511108,-0.02441406
32.05042839,11230,-3.06730206,-1.71888621,3.01086925,-0.11138916,1.53876401,-0.09574890,3.21588324,-1.66853221,-3.27231606,-0.11146254,1.53876407,-0.09715169,-3.06692059,-1.69561656,3.07495616,-0.11138916,1.53533078,-0.12626648,-0.00488281,0.03906250,-0.07324219,-0.02929688,0.02929688,0.11718750,1.03225708,2.64493609,2.64511108,-0.02441406
32.06371593,11235,-3.06730206,-1.71888621,3.01086925,-0.11138916,1.53876401,-0.09269714,3.21588324,-1.66853221,-3.27231606,-0.11141321,1.53876403,-0.09482722,-3.06692059,-1.69485362,3.07343028,-0.11138916,1.53533078,-0.12397766,0.00000000,0.04394531,-0.09765625,-0.02929688,0.02929688,0.21972656,1.03263855,2.64499124,2.64511108,-0.04882812
32.07899189,11240,-3.06730206,-1.71888621,3.01086925,-0.11138916,1.53876401,-0.08544922,3.21588324,-1.66853221,-3.27231606,-0.11148932,1.53876401,-0.09036546,-3.06692059,-1.69447215,3.07266734,-0.11177063,1.53609372,-0.12092590,-0.00488281,0.04882812,-0.07324219,-0.02929688,0.05859375,0.20507812,1.03263855,2.64480912,2.64511108,0.00000000
32.09453368,11245,-3.06730206,-1.71888621,3.01086925,-0.11177063,1.53876401,-0.07858276,3.21588324,-1.66853221,-3.27231606,-0.11159837,1.53876401,-0.08405114,-3.06692059,-1.69409068,3.07114147,-0.11177063,1.53609372,-0.11940002,-0.00488281,0.01953125,-0.05859375,-0.02929688,0.02929688,0.00000000,1.03263855,2.64501214,2.64511108,0.00000000
32.11077762,11250,-3.06730206,-1.71888621,3.01086925,-0.11177063,1.53876401,-0.07133484,3.21588324,-1.66853221,-3.27231606,-0.11156526,1.53876401,-0.07708912,-3.06730206,-1.69332774,3.06923412,-0.11215210,1.53647519,-0.11596680,-0.00488281,0.02441406,-0.08789062,0.00000000,0.01464844,0.26367188,1.03263855,2.64507866,2.64511108,-0.02441406
32.12440681,11255,-3.06730206,-1.71888621,3.01086925,-0.11138916,1.53876401,-0.06790161,3.21588324,-1.66853221,-3.27231606,-0.11147811,1.53876401,-0.07180622,-3.06730206,-1.69294627,3.06847118,-0.11215210,1.53723813,-0.11100769,-0.00488281,0.01953125,-0.07324219,-0.02929688,0.08789062,0.35156250,1.03263855,2.64510046,2.64549255,-0.04882812
32.13849854,11260,-3.06730206,-1.71888621,3.01086925,-0.11138916,1.53876401,-0.06370544,3.21588324,-1.66853221,-3.27231606,-0.11141831,1.53876401,-0.06720073,-3.06730206,-1.69256480,3.06732677,-0.11215210,1.53800107,-0.10948181,-0.00488281,0.02929688,-0.06835938,-0.02929688,0.08789062,0.07324219,1.03263855,2.64510760,2.64511108,-0.02441406
32.15361023,11265,-3.06730206,-1.71888621,3.01086925,-0.11100769,1.53876401,-0.06027222,3.21588324,-1.66853221,-3.27231606,-0.11121255,1.53876401,-0.06327400,-3.06730206,-1.69218333,3.06618236,-0.11215210,1.53838254,-0.10719299,-0.00488281,0.00976562,-0.07324219,-0.02929688,0.02929688,0.16113281,1.03263855,2.64510994,2.64511108,-0.02441406
32.16502047,11270,-3.06730206,-1.71888621,3.01086925,-0.11062622,1.53876401,-0.05836487,3.21588324,-1.66853221,-3.27231606,-0.11093749,1.53876401,-0.06037437,-3.06730206,-1.69180186,3.06541942,-0.11253357,1.53838254,-0.10452271,-0.00488281,0.01953125,-0.05371094,-0.02929688,0.01464844,0.26367188,1.03263855,2.64501305,2.64511108,-0.04882812
32.17732620,11275,-3.06730206,-1.71888621,3.01086925,-0.11024475,1.53876401,-0.05569458,3.21588324,-1.66853221,-3.27231606,-0.11065192,1.53876401,-0.05784817,-3.06730206,-1.69142039,3.06427501,-0.11253357,1.53838254,-0.10147095,-0.00976562,0.02929688,-0.06835938,-0.02929688,-0.00000000,0.19042969,1.03263855,2.64507896,2.64511108,-0.04882812
32.19069481,11280,-3.06730206,-1.71888621,3.01086925,-0.10986328,1.53876401,-0.05378723,3.21588324,-1.66853221,-3.27231606,-0.11030188,1.53876401,-0.05557983,-3.06730206,-1.69103892,3.06351207,-0.11253357,1.53838254,-0.09956360,-0.00488281,0.02929688,-0.04882812,-0.02929688,0.01464844,0.14648438,1.03263855,2.64510056,2.64511108,0.00000000
32.20568705,11285,-3.06730206,-1.71888621,3.01086925,-0.10910034,1.53876401,-0.05264282,3.21588324,-1.66853221,-3.27231606,-0.10974455,1.53876401,-0.05388696,-3.06730206,-1.69065745,3.06274913,-0.11253357,1.53838254,-0.09574890,-0.00488281,0.04394531,-0.05371094,-0.01464844,0.01464844,0.29296875,1.03263855,2.64510763,2.64511108,-0.02441406
32.22338557,11290,-3.06730206,-1.71888621,3.01086925,-0.10910034,1.53876401,-0.05264282,3.21588324,-1.66853221,-3.27231606,-0.10931144,1.53876401,-0.05305050,-3.06730206,-1.68989451,3.06160472,-0.11215210,1.53838254,-0.09231567,-0.00488281,0.03417969,-0.04882812,-0.02929688,0.02929688,0.08789062,1.03263855,2.64510995,2.64511108,-0.04882812
32.23593783,11295,-3.06730206,-1.71888621,3.01086925,-0.10910034,1.53876401,-0.05264282,3.21588324,-1.66853221,-3.27231606,-0.10916951,1.53876401,-0.05277641,-3.06730206,-1.68951304,3.06084178,-0.11215210,1.53838254,-0.08888245,0.00000000,0.03417969,-0.06835938,-0.02929688,-0.00000000,0.27832031,1.03263855,2.64511071,2.64511108,-0.02441406
32.24829149,11300,-3.06730206,-1.71888621,3.01086925,-0.10910034,1.53876401,-0.05264282,3.21588324,-1.66853221,-3.27231606,-0.10912301,1.53876401,-0.05268660,-3.06730206,-1.68913157,3.06007884,-0.11215210,1.53838254,-0.08430481,-0.00976562,0.02929688,-0.07324219,0.00000000,0.01464844,0.32226562,1.03263855,2.64511096,2.64511108,-0.02441406
32.26415777,11305,-3.06730206,-1.71888621,3.01086925,-0.10910034,1.53914547,-0.05264282,3.21588324,-1.66853221,-3.27231606,-0.10910777,1.53890133,-0.05265717,-3.06730206,-1.68836863,3.05855296,-0.11177063,1.53838254,-0.08277893,-0.00488281,0.01464844,-0.08300781,-0.01464844,-0.00000000,0.05859375,1.03263855,2.64511104,2.64511108,-0.02441406
32.27750063,11310,-3.06730206,-1.71888621,3.01086925,-0.10910034,1.53914547,-0.05264282,3.21588324,-1.66853221,-3.27231606,-0.10910278,1.53906547,-0.05264752,-3.06730206,-1.68798716,3.05779003,-0.11215210,1.53838254,-0.08201599,-0.00976562,0.03906250,-0.03906250,-0.01464844,0.04394531,0.07324219,1.03263855,2.64503295,2.64511108,0.00000000
32.29270077,11315,-3.06730206,-1.71888621,3.01086925,-0.10948181,1.53990841,-0.05264282,3.21588324,-1.66853221,-3.27231606,-0.10928730,1.53951306,-0.05264436,-3.06730206,-1.68760569,3.05702709,-0.11177063,1.53838254,-0.07896423,-0.00488281,0.00976562,-0.05371094,-0.01464844,-0.00000000,0.21972656,1.03263855,2.64508548,2.64511108,-0.02441406
32.30605388,11320,-3.06730206,-1.71888621,3.01086925,-0.10948181,1.54067135,-0.05264282,3.21588324,-1.66853221,-3.27231606,-0.10929893,1.54017266,-0.05264333,-3.06730206,-1.68760569,3.05626415,-0.11177063,1.53838254,-0.07705688,-0.00488281,0.00976562,-0.05371094,0.00000000,0.04394531,0.07324219,1.03263855,2.64504019,2.64511108,-0.02441406
32.31906915,11325,-3.06730206,-1.71888621,3.01086925,-0.10910034,1.54143429,-0.05264282,3.21588324,-1.66853221,-3.27231606,-0.10923573,1.54090174,-0.05264299,-3.06730206,-1.68722422,3.05550121,-0.11177063,1.53876401,-0.07629395,-0.00488281,0.00976562,-0.05371094,-0.01464844,0.01464844,0.08789062,1.03263855,2.64508785,2.64511108,0.00000000
32.33369255,11330,-3.06730206,-1.71888621,3.01086925,-0.10910034,1.54219723,-0.05264282,3.21588324,-1.66853221,-3.27231606,-0.10922478,1.54165359,-0.05264288,-3.06730206,-1.68722422,3.05473827,-0.11138916,1.53876401,-0.07476807,-0.00488281,0.01953125,-0.06835938,0.01464844,0.02929688,0.08789062,1.03263855,2.64510347,2.64511108,-0.04882812
32.34878778,11335,-3.06730206,-1.71888621,3.01086925,-0.10910034,1.54334164,-0.05264282,3.21588324,-1.66853221,-3.27231606,-0.10924122,1.54259905,-0.05264284,-3.06730206,-1.68646128,3.05359386,-0.11138916,1.53876401,-0.07324219,-0.00488281,0.01953125,-0.07812500,0.00000000,0.01464844,0.10253906,1.03263855,2.64510859,2.64511108,-0.02441406
32.36447835,11340,-3.06730206,-1.71888621,3.01086925,-0.10948181,1.54448605,-0.05264282,3.21588324,-1.66853221,-3.27231606,-0.10934194,1.54361723,-0.05264283,-3.06730206,-1.68646128,3.05244945,-0.11100769,1.53876401,-0.07019043,-0.00488281,0.01464844,-0.04882812,0.01464844,-0.00000000,0.19042969,1.03263855,2.64504777,2.64511108,0.00000000
32.37886095,11345,-3.06730206,-1.71888621,3.01086925,-0.10948181,1.54524899,-0.05264282,3.21588324,-1.66853221,-3.27231606,-0.10943598,1.54461273,-0.05264282,-3.06730206,-1.68607981,3.05168651,-0.11062622,1.53876401,-0.06866455,-0.00488281,0.02441406,-0.05859375,0.01464844,0.01464844,0.07324219,1.03263855,2.64509034,2.64511108,0.00000000
32.39568472,11350,-3.06730206,-1.71888621,3.01086925,-0.10948181,1.54601193,-0.05264282,3.21588324,-1.66853221,-3.27231606,-0.10946679,1.54543430,-0.05264282,-3.06730206,-1.68569834,3.05054210,-0.11062622,1.53914547,-0.06752014,-0.00488281,0.01464844,-0.03906250,0.01464844,0.04394531,0.01464844,1.03263855,2.64510429,2.64511108,-0.02441406
32.40867567,11355,-3.06730206,-1.71888621,3.01086925,-0.10948181,1.54639340,-0.05264282,3.21588324,-1.66853221,-3.27231606,-0.10947689,1.54595998,-0.05264282,-3.06730206,-1.68531687,3.05016063,-0.11024475,1.53914547,-0.06713867,-0.00488281,0.01953125,-0.02441406,-0.01464844,0.01464844,0.01464844,1.03263855,2.64510886,2.64511108,-0.04882812
32.42163134,11360,-3.06730206,-1.71888621,3.01086925,-0.10948181,1.54639340,-0.05264282,3.21588324,-1.66853221,-3.27224575,-0.10948020,1.54625138,-0.05264282,-3.06730206,-1.68493540,3.04977916,-0.11024475,1.53914547,-0.06675720,-0.00488281,0.01464844,-0.04394531,0.00000000,0.04394531,0.02929688,1.03263855,2.64511035,2.64511108,-0.02441406
32.43799877,11365,-3.06730206,-1.71888621,3.01086925,-0.10948181,1.54677487,-0.05264282,3.21588324,-1.66853221,-3.27229302,-0.10948128,1.54657208,-0.05264282,-3.06730206,-1.68455394,3.04901622,-0.10986328,1.53990841,-0.06561279,-0.00976562,0.00976562,-0.05371094,-0.01464844,0.05859375,0.08789062,1.03263855,2.64511084,2.64511108,-0.02441406
32.45025778,11370,-3.06730206,-1.71888621,3.01086925,-0.10948181,1.54715634,-0.05264282,3.21588324,-1.66853221,-3.27230851,-0.10948164,1.54689458,-0.05264282,-3.06730206,-1.68417247,3.04825328,-0.11024475,1.54028988,-0.06179810,-0.00488281,0.02441406,-0.03906250,0.00000000,0.02929688,0.21972656,1.03263855,2.64511101,2.64511108,-0.04882812
32.46224546,11375,-3.06730206,-1.71888621,3.01086925,-0.10948181,1.54715634,-0.05264282,3.21588324,-1.66853221,-3.27231358,-0.10948175,1.54707057,-0.05264282,-3.06730206,-1.68379100,3.04749034,-0.10986328,1.54028988,-0.05989075,-0.00976562,0.02441406,-0.04882812,-0.01464844,-0.00000000,0.17578125,1.03263855,2.64511106,2.64511108,-0.02441406
32.47686529,11380,-3.06730206,-1.71888621,3.01086925,-0.10948181,1.54753781,-0.05264282,3.21588324,-1.66853221,-3.27227619,-0.10948179,1.54731439,-0.05264282,-3.06730206,-1.68340953,3.04672740,-0.10986328,1.54067135,-0.06027222,-0.00488281,0.00976562,-0.03906250,-0.01464844,0.04394531,-0.04394531,1.03263855,2.64511108,2.64511108,0.00000000
32.49353075,11385,-3.06730206,-1.71888621,3.01086925,-0.10986328,1.54753781,-0.05264282,3.21588324,-1.66853221,-3.27230299,-0.10966796,1.54746460,-0.05264282,-3.06730206,-1.68340953,3.04634593,-0.10986328,1.54067135,-0.05989075,-0.00488281,0.01464844,-0.04394531,0.00000000,0.02929688,-0.01464844,1.03263855,2.64511108,2.64511108,-0.04882812
32.50776625,11390,-3.06730206,-1.71888621,3.01086925,-0.10986328,1.54791928,-0.05264282,3.21588324,-1.66853221,-3.27231178,-0.10979928,1.54759011,-0.05264282,-3.06730206,-1.68302806,3.04558299,-0.10986328,1.54143429,-0.05989075,-0.00488281,0.00488281,-0.04882812,0.00000000,0.05859375,-0.01464844,1.03263855,2.64511108,2.64511108,-0.02441406
32.51984143,11395,-3.06730206,-1.71888621,3.01086925,-0.10986328,1.54753781,-0.05264282,3.21588324,-1.66853221,-3.27231466,-0.10984231,1.54755495,-0.05264282,-3.06730206,-1.68302806,3.04482005,-0.10986328,1.54219723,-0.05989075,-0.00488281,0.00488281,-0.02929688,-0.02929688,0.07324219,-0.01464844,1.03263855,2.64511108,2.64511108,-0.02441406
32.53433800,11400,-3.06730206,-1.71888621,3.01125072,-0.10986328,1.54791928,-0.05264282,3.21588324,-1.66853221,-3.27223930,-0.10985641,1.54776864,-0.05264282,-3.06730206,-1.68302806,3.04443858,-0.10986328,1.54219723,-0.05989075,-0.00488281,0.00000000,-0.04394531,-0.02929688,0.01464844,0.00000000,1.03263855,2.64511108,2.64511108,-0.02441406
32.54658937,11405,-3.06730206,-1.71888621,3.01086925,-0.10986328,1.54791928,-0.05264282,3.21588324,-1.66853221,-3.27229091,-0.10986103,1.54782109,-0.05264282,-3.06730206,-1.68264659,3.04367565,-0.10986328,1.54219723,-0.05950928,-0.00976562,0.00488281,-0.03417969,-0.01464844,0.05859375,0.02929688,1.03263855,2.64511108,2.64511108,-0.02441406
32.55924344,11410,-3.06730206,-1.71888621,3.01086925,-0.10986328,1.54791928,-0.05264282,3.21588324,-1.66853221,-3.27225899,-0.10986254,1.54788710,-0.05264282,-3.06730206,-1.68264659,3.04329418,-0.10986328,1.54296017,-0.05912781,-0.00488281,0.00976562,-0.03906250,-0.02929688,0.07324219,0.00000000,1.03263855,2.64511108,2.64511108,-0.04882812
32.57288098,11415,-3.06730206,-1.71888621,3.01086925,-0.11024475,1.54791928,-0.05264282,3.21588324,-1.66853221,-3.27225830,-0.10993933,1.54790874,-0.05264282,-3.06730206,-1.68226512,3.04253124,-0.10986328,1.54334164,-0.05912781,-0.00488281,0.02441406,-0.03906250,-0.01464844,0.04394531,0.00000000,1.03263855,2.64503296,2.64511108,-0.02441406
32.58708668,11420,-3.06730206,-1.71888621,3.01086925,-0.11024475,1.54791928,-0.05264282,3.21588324,-1.66853221,-3.27229713,-0.11014467,1.54791582,-0.05264282,-3.06730206,-1.68188365,3.04176830,-0.10986328,1.54448605,-0.05874634,-0.00488281,0.01464844,-0.03906250,0.00000000,0.13183594,0.01464844,1.03263855,2.64508548,2.64511108,-0.02441406
32.59924316,11425,-3.06730206,-1.71888621,3.01125072,-0.11024475,1.54830075,-0.05264282,3.21588324,-1.66853221,-3.27219450,-0.11021196,1.54817462,-0.05264282,-3.06730206,-1.68150218,3.04100536,-0.11024475,1.54601193,-0.05798340,-0.00488281,0.01953125,-0.03906250,-0.02929688,0.16113281,0.02929688,1.03263855,2.64510270,2.64511108,-0.02441406
32.61274505,11430,-3.06730206,-1.71888621,3.01086925,-0.11024475,1.54830075,-0.05264282,3.21588324,-1.66853221,-3.27227623,-0.11023401,1.54825942,-0.05264282,-3.06730206,-1.68112071,3.04062389,-0.10986328,1.54753781,-0.05722046,-0.00488281,0.01953125,-0.03906250,-0.01464844,0.13183594,0.05859375,1.03263855,2.64510834,2.64511108,-0.02441406
32.62649059,11435,-3.06730206,-1.71888621,3.01086925,-0.11024475,1.54868222,-0.05264282,3.21588324,-1.66853221,-3.27230301,-0.11024123,1.54842453,-0.05264282,-3.06730206,-1.68112071,3.04024242,-0.10986328,1.54868222,-0.05683899,-0.00488281,0.00976562,-0.01953125,-0.01464844,0.10253906,0.00000000,1.03263855,2.64511018,2.64511108,0.00000000
32.63884640,11440,-3.06730206,-1.71888621,3.01086925,-0.11024475,1.54868222,-0.05264282,3.21588324,-1.66853221,-3.27231178,-0.11024360,1.54859778,-0.05264282,-3.06730206,-1.68112071,3.03986095,-0.10986328,1.54944516,-0.05683899,-0.00488281,0.00488281,-0.02929688,-0.01464844,0.08789062,-0.01464844,1.03263855,2.64511079,2.64511108,0.00000000
32.65301013,11445,-3.06730206,-1.71888621,3.01125072,-0.11024475,1.54868222,-0.05264282,3.21588324,-1.66853221,-3.27217733,-0.11024437,1.54865455,-0.05264282,-3.06730206,-1.68073924,3.03947948,-0.10986328,1.54944516,-0.05683899,-0.00488281,0.00488281,-0.03417969,-0.01464844,-0.00000000,-0.01464844,1.03263855,2.64511099,2.64549255,0.02441406
32.66692924,11450,-3.06730206,-1.71888621,3.01125072,-0.11024475,1.54868222,-0.05264282,3.21588324,-1.66853221,-3.27216306,-0.11024463,1.54867315,-0.05264282,-3.06730206,-1.68073924,3.03871654,-0.10986328,1.54906369,-0.05645752,-0.00488281,0.00488281,-0.04394531,0.00000000,-0.02929688,0.00000000,1.03263855,2.64511105,2.64511108,-0.02441406
32.67899942,11455,-3.06730206,-1.71888621,3.01086925,-0.11024475,1.54868222,-0.05264282,3.21588324,-1.66853221,-3.27222686,-0.11024471,1.54867925,-0.05264282,-3.06730206,-1.68035777,3.03833507,-0.10986328,1.54906369,-0.05645752,0.00000000,0.01464844,-0.04394531,-0.01464844,0.01464844,0.00000000,1.03225708,2.64495849,2.64472961,-0.07324219
32.69384074,11460,-3.06730206,-1.71888621,3.01086925,-0.11024475,1.54868222,-0.05264282,3.21588324,-1.66853221,-3.27228683,-0.11024474,1.54868124,-0.05264282,-3.06730206,-1.68035777,3.03757213,-0.10986328,1.54944516,-0.05607605,-0.00976562,0.00976562,-0.02441406,-0.02929688,0.01464844,-0.01464844,1.03263855,2.64506108,2.64511108,-0.02441406
32.70530343,11465,-3.06730206,-1.71888621,3.01086925,-0.11024475,1.54868222,-0.05264282,3.21588324,-1.66853221,-3.27222640,-0.11024475,1.54868190,-0.05264282,-3.06730206,-1.67997630,3.03719066,-0.11024475,1.54906369,-0.05607605,-0.00488281,0.00488281,-0.01953125,-0.02929688,-0.00000000,-0.01464844,1.03225708,2.64494211,2.64511108,0.00000000
32.72049618,11470,-3.06730206,-1.71888621,3.01086925,-0.11024475,1.54868222,-0.05264282,3.21588324,-1.66853221,-3.27223785,-0.11024475,1.54868211,-0.05264282,-3.06730206,-1.67997630,3.03680919,-0.10986328,1.54944516,-0.05607605,-0.00488281,0.00488281,-0.02441406,0.00000000,0.04394531,0.01464844,1.03263855,2.64505571,2.64511108,-0.04882812
32.73358107,11475,-3.06730206,-1.71888621,3.01086925,-0.11024475,1.54868222,-0.05264282,3.21588324,-1.66853221,-3.27222012,-0.11024475,1.54868218,-0.05264282,-3.06730206,-1.67959483,3.03642772,-0.10986328,1.54944516,-0.05607605,0.00000000,0.01464844,-0.02441406,0.00000000,0.01464844,-0.02929688,1.03263855,2.64503044,2.64511108,-0.02441406
32.74792004,11480,-3.06730206,-1.71888621,3.01086925,-0.11024475,1.54868222,-0.05264282,3.21588324,-1.66853221,-3.27228462,-0.11024475,1.54868221,-0.05264282,-3.06730206,-1.67921336,3.03566478,-0.10986328,1.54944516,-0.05569458,-0.00488281,0.01464844,-0.02441406,0.00000000,0.01464844,0.00000000,1.03263855,2.64508466,2.64511108,-0.04882812
32.76134419,11485,-3.06730206,-1.71888621,3.01086925,-0.11024475,1.54868222,-0.05264282,3.21588324,-1.66853221,-3.27230576,-0.11024475,1.54868221,-0.05264282,-3.06768353,-1.67921336,3.03528331,-0.11024475,1.54944516,-0.05531311,-0.00488281,0.00488281,-0.02441406,-0.04394531,-0.00000000,0.00000000,1.03225708,2.64494984,2.64511108,0.00000000
32.77688527,11490,-3.06730206,-1.71888621,3.01086925,-0.11024475,1.54868222,-0.05264282,3.21588324,-1.66853221,-3.27231268,-0.11024475,1.54868222,-0.05264282,-3.06768353,-1.67883189,3.03490184,-0.11024475,1.54906369,-0.05531311,-0.00488281,0.01953125,-0.02441406,-0.01464844,0.02929688,-0.01464844,1.03263855,2.64483852,2.64511108,-0.04882812
