time_s,loop_count,master_q1,master_q2,master_q3,master_q4,master_q5,master_q6,slave_target_q1,slave_target_q2,slave_target_q3,slave_target_q4,slave_target_q5,slave_target_q6,slave_actual_q1,slave_actual_q2,slave_actual_q3,slave_actual_q4,slave_actual_q5,slave_actual_q6,slave_actual_v1,slave_actual_v2,slave_actual_v3,slave_actual_v4,slave_actual_v5,slave_actual_v6,master_tool,slave_tool_target,slave_tool_actual,slave_tool_actual_vel
0.02974367,5,3.09991645,-1.69981272,-3.09951027,-0.00038147,1.50023556,-0.00038147,3.09979145,-1.64970872,-3.09951027,-0.00063794,1.50010409,-0.00038147,3.09953498,-1.65022166,-3.09951027,-0.00038147,1.50023556,-0.00038147,0.00000000,0.00000000,0.00488281,-0.01464844,0.01464844,-0.01464844,0.99983215,2.58010889,2.57949829,-0.02441406
0.04188585,10,3.09991645,-1.69981272,-3.09951027,-0.00038147,1.50023556,-0.00038147,3.09987549,-1.64954064,-3.09951027,-0.00072198,1.49993601,-0.00038147,3.09953498,-1.65022166,-3.09951027,-0.00038147,1.50061703,-0.00038147,-0.00488281,-0.00488281,0.00976562,0.00000000,0.04394531,-0.01464844,0.99983215,2.58035194,2.57949829,-0.02441406
0.05573583,15,3.09991645,-1.69981272,-3.09951027,-0.00038147,1.50023556,-0.00038147,3.09990302,-1.64948556,-3.09951027,-0.00068848,1.49988094,-0.00046155,3.09953498,-1.65022166,-3.09951027,-0.00038147,1.50023556,-0.00038147,0.00000000,-0.00488281,0.00488281,0.00000000,-0.00000000,-0.01464844,1.00021362,2.58056561,2.57949829,-0.02441406
0.07130003,20,3.09991645,-1.69981272,-3.09951027,-0.00038147,1.50023556,-0.00038147,3.09991205,-1.64946752,-3.09951027,-0.00069948,1.49986289,-0.00040771,3.09953498,-1.65022166,-3.09951027,-0.00038147,1.50023556,-0.00038147,-0.00488281,-0.00488281,0.00488281,-0.02929688,0.01464844,-0.01464844,0.99983215,2.58048304,2.57949829,0.00000000
0.08680439,25,3.09991645,-1.69981272,-3.09951027,-0.00038147,1.50023556,-0.00038147,3.09991501,-1.64946160,-3.09951027,-0.00074214,1.49985698,-0.00039007,3.09953498,-1.65022166,-3.09951027,-0.00038147,1.50023556,-0.00038147,-0.00976562,-0.00488281,0.00488281,-0.01464844,-0.00000000,-0.02929688,0.99983215,2.58045598,2.57949829,-0.02441406
0.10003233,30,3.09991645,-1.69981272,-3.09951027,-0.00038147,1.50023556,-0.00038147,3.09991597,-1.64945966,-3.09951027,-0.00069509,1.49985504,-0.00038429,3.09953498,-1.65022166,-3.09951027,-0.00038147,1.50023556,-0.00038147,0.00000000,-0.00488281,0.00488281,-0.01464844,0.01464844,0.00000000,0.99983215,2.58040317,2.57949829,-0.04882812
0.11529469,35,3.09991645,-1.69981272,-3.09951027,-0.00038147,1.50023556,-0.00038147,3.09991629,-1.64945903,-3.09951027,-0.00074071,1.49985440,-0.00038239,3.09953498,-1.65022166,-3.09951027,-0.00038147,1.50023556,-0.00038147,-0.00976562,-0.00488281,0.00488281,-0.01464844,-0.00000000,-0.02929688,0.99983215,2.58030774,2.57949829,-0.02441406
0.12824512,40,3.09991645,-1.69981272,-3.09951027,-0.00038147,1.50023556,-0.00038147,3.09991640,-1.64945882,-3.09951027,-0.00075565,1.49985419,-0.00038177,3.09953498,-1.65022166,-3.09951027,-0.00038147,1.50023556,-0.00038147,-0.00488281,-0.00488281,0.00488281,0.00000000,0.02929688,-0.02929688,0.99983215,2.58057432,2.57949829,-0.04882812
0.14307189,45,3.09991645,-1.69981272,-3.09951027,-0.00038147,1.50023556,-0.00038147,3.09991643,-1.64945875,-3.09951027,-0.00076055,1.49985413,-0.00038157,3.09953498,-1.65022166,-3.09951027,-0.00038147,1.50023556,-0.00038147,-0.00488281,-0.00488281,0.00488281,0.00000000,0.01464844,-0.01464844,1.00021362,2.58063848,2.57949829,-0.02441406
0.15426302,50,3.09991645,-1.69981272,-3.09951027,-0.00038147,1.50023556,-0.00076294,3.09991644,-1.64945873,-3.09951027,-0.00076216,1.49985410,-0.00045780,3.09953498,-1.65022166,-3.09951027,-0.00038147,1.50023556,-0.00038147,-0.00488281,-0.00488281,0.00488281,0.00000000,0.02929688,0.00000000,1.00021362,2.58075716,2.57949829,-0.04882812
0.16719675,55,3.09991645,-1.69981272,-3.09951027,-0.00038147,1.50023556,-0.00038147,3.09991644,-1.64945872,-3.09951027,-0.00076268,1.49985410,-0.00040648,3.09953498,-1.65022166,-3.09951027,-0.00038147,1.50023556,-0.00038147,-0.00488281,-0.00488281,0.00488281,-0.01464844,0.01464844,0.00000000,0.99983215,2.58042374,2.57949829,-0.02441406
0.18084121,60,3.09991645,-1.69981272,-3.09951027,-0.00038147,1.50023556,-0.00038147,3.09991645,-1.64945872,-3.09951027,-0.00076286,1.49985409,-0.00045070,3.09953498,-1.65022166,-3.09951027,-0.00038147,1.50023556,-0.00038147,-0.00488281,-0.00488281,0.00488281,-0.01464844,0.01464844,-0.02929688,0.99983215,2.58061233,2.57987976,-0.02441406
0.19807386,65,3.09991645,-1.69981272,-3.09951027,-0.00038147,1.50023556,-0.00038147,3.09991645,-1.64945872,-3.09951027,-0.00076291,1.49985409,-0.00040416,3.09953498,-1.65022166,-3.09951027,-0.00038147,1.50023556,-0.00038147,-0.00976562,-0.00488281,-0.00000000,-0.01464844,0.01464844,-0.01464844,0.99983215,2.58043878,2.57949829,0.00000000
0.21086645,70,3.09991645,-1.69981272,-3.09951027,-0.00038147,1.50023556,-0.00076294,3.09991645,-1.64945872,-3.09951027,-0.00076293,1.49985409,-0.00046520,3.09953498,-1.65022166,-3.09951027,-0.00038147,1.50023556,-0.00038147,-0.00488281,-0.00488281,-0.00000000,-0.01464844,0.01464844,-0.01464844,0.99983215,2.58031941,2.57949829,-0.04882812
0.22262883,75,3.09991645,-1.69981272,-3.09951027,-0.00038147,1.50023556,-0.00038147,3.09991645,-1.64945872,-3.09951027,-0.00076294,1.49985409,-0.00040891,3.09953498,-1.65022166,-3.09951027,-0.00038147,1.50023556,-0.00038147,-0.00488281,-0.00488281,-0.00000000,-0.01464844,0.01464844,-0.01464844,1.00021362,2.58060866,2.57949829,-0.02441406
0.23636794,80,3.09991645,-1.69981272,-3.09951027,-0.00038147,1.50023556,-0.00038147,3.09991645,-1.64945872,-3.09951027,-0.00076294,1.49985409,-0.00043929,3.09953498,-1.65022166,-3.09951027,-0.00038147,1.50023556,-0.00038147,0.00000000,-0.00488281,0.00488281,-0.01464844,0.02929688,0.00000000,1.00021362,2.58080989,2.57949829,-0.04882812
0.25092268,85,3.09991645,-1.69981272,-3.09951027,0.00000000,1.50023556,-0.00076294,3.09991645,-1.64945872,-3.09951027,-0.00068665,1.49985409,-0.00047671,3.09953498,-1.65022166,-3.09951027,-0.00038147,1.50023556,-0.00038147,-0.00488281,0.00000000,0.00976562,-0.01464844,0.01464844,-0.01464844,0.99983215,2.58053867,2.57949829,-0.02441406
0.26312423,90,3.09991645,-1.69981272,-3.09951027,0.00000000,1.50023556,-0.00038147,3.09991645,-1.64945872,-3.09951027,-0.00048147,1.49985409,-0.00044393,3.09953498,-1.65022166,-3.09951027,-0.00038147,1.50023556,-0.00038147,-0.00488281,-0.00488281,0.00488281,-0.01464844,0.01464844,-0.01464844,0.99983215,2.58047421,2.57949829,-0.02441406
0.27866316,95,3.09991645,-1.69981272,-3.09951027,0.00000000,1.50023556,-0.00038147,3.09991645,-1.64945872,-3.09951027,-0.00041424,1.49985409,-0.00040194,3.09953498,-1.65022166,-3.09951027,-0.00038147,1.50023556,-0.00038147,0.00000000,-0.00488281,0.00488281,-0.01464844,0.01464844,-0.01464844,0.99983215,2.58047165,2.57987976,-0.02441406
0.29710412,100,3.09991645,-1.69981272,-3.09951027,0.00000000,1.49985409,-0.00038147,3.09991645,-1.64945872,-3.09951027,-0.00039221,1.49967770,-0.00041943,3.09953498,-1.65022166,-3.09951027,-0.00038147,1.50023556,-0.00038147,0.00000000,-0.00488281,-0.00000000,-0.01464844,0.02929688,-0.02929688,0.99983215,2.58049034,2.57987976,0.02441406
0.31223989,105,3.09991645,-1.69981272,-3.09951027,0.00000000,1.49985409,-0.00038147,3.09991645,-1.64945872,-3.09951027,-0.00038499,1.49953982,-0.00039391,3.09953498,-1.65022166,-3.09951027,-0.00038147,1.50023556,-0.00038147,-0.00976562,-0.00488281,0.00976562,-0.01464844,0.01464844,-0.02929688,1.00021362,2.58061096,2.57949829,-0.04882812
0.32461238,110,3.09991645,-1.69981272,-3.09951027,0.00000000,1.49985409,-0.00076294,3.09991645,-1.64945872,-3.09951027,-0.00038262,1.49949464,-0.00050090,3.09953498,-1.65022166,-3.09951027,-0.00038147,1.50023556,-0.00038147,-0.00488281,-0.00488281,0.00488281,-0.01464844,0.01464844,-0.01464844,1.00021362,2.58081064,2.57949829,-0.04882812
0.33852696,115,3.09991645,-1.69981272,-3.09951027,0.00000000,1.49985409,-0.00038147,3.09991645,-1.64945872,-3.09951027,-0.00038185,1.49947984,-0.00042061,3.09953498,-1.65022166,-3.09951027,-0.00038147,1.50023556,-0.00038147,-0.00488281,-0.00488281,0.00976562,-0.01464844,0.01464844,-0.02929688,1.00021362,2.58095420,2.57987976,-0.02441406
0.35389638,120,3.09991645,-1.69981272,-3.09951027,0.00000000,1.49985409,-0.00038147,3.09991645,-1.64945872,-3.09951027,-0.00038159,1.49947499,-0.00039429,3.09953498,-1.65022166,-3.09951027,-0.00038147,1.50023556,-0.00038147,-0.00488281,-0.00488281,0.00488281,-0.01464844,0.01464844,-0.01464844,0.99983215,2.58056643,2.57949829,-0.02441406
0.36929893,125,3.09991645,-1.69981272,-3.09951027,0.00000000,1.49985409,-0.00076294,3.09991645,-1.64945872,-3.09951027,-0.00038151,1.49947340,-0.00046197,3.09953498,-1.65022166,-3.09951027,-0.00038147,1.50023556,-0.00038147,0.00000000,-0.00488281,0.00488281,-0.02929688,0.01464844,-0.01464844,0.99983215,2.58064346,2.57949829,-0.02441406
0.38667870,130,3.09991645,-1.69981272,-3.09951027,0.00000000,1.49985409,-0.00076294,3.09991645,-1.64945872,-3.09951027,-0.00044252,1.49947288,-0.00048414,3.09953498,-1.65022166,-3.09951027,-0.00038147,1.50023556,-0.00038147,-0.00488281,-0.00488281,0.00488281,-0.01464844,-0.00000000,-0.01464844,1.00021362,2.58082130,2.57949829,0.00000000
0.39944386,135,3.09991645,-1.69981272,-3.09951027,0.00000000,1.49985409,-0.00038147,3.09991645,-1.64945872,-3.09951027,-0.00045030,1.49947271,-0.00053425,3.09953498,-1.65022166,-3.09951027,-0.00038147,1.50023556,-0.00038147,-0.00488281,-0.00488281,0.00488281,0.00000000,0.01464844,-0.01464844,1.00021362,2.58073797,2.57987976,-0.02441406
0.41136503,140,3.09991645,-1.69981272,-3.09951027,-0.00038147,1.49985409,-0.00076294,3.09991645,-1.64945872,-3.09951027,-0.00059946,1.49947265,-0.00068800,3.09953498,-1.65022166,-3.09951027,-0.00038147,1.50023556,-0.00038147,-0.00488281,-0.00488281,-0.00000000,-0.01464844,0.02929688,-0.01464844,0.99983215,2.58065573,2.57949829,0.00000000
0.42791867,145,3.09991645,-1.69981272,-3.09951027,-0.00038147,1.49985409,-0.00076294,3.09991645,-1.64945872,-3.09951027,-0.00063906,1.49947263,-0.00073838,3.09953498,-1.65022166,-3.09951027,-0.00076294,1.50023556,-0.00038147,-0.00488281,0.00000000,-0.00000000,0.00000000,0.01464844,0.00000000,1.00021362,2.58071887,2.57987976,0.00000000
0.44118023,150,3.09991645,-1.69981272,-3.09951027,0.00000000,1.49985409,-0.00076294,3.09991645,-1.64945872,-3.09951027,-0.00060699,1.49947263,-0.00075489,3.09953498,-1.65022166,-3.09951027,-0.00038147,1.50023556,-0.00038147,-0.00976562,-0.00976562,0.00976562,-0.01464844,0.01464844,-0.01464844,0.99983215,2.58064947,2.57987976,-0.02441406
0.45623398,155,3.09991645,-1.69981272,-3.09951027,0.00000000,1.49985409,-0.00076294,3.09991645,-1.64945872,-3.09951027,-0.00055547,1.49947262,-0.00076030,3.09953498,-1.65022166,-3.09951027,-0.00038147,1.50023556,-0.00038147,-0.00488281,-0.00488281,-0.00000000,0.00000000,0.01464844,-0.01464844,1.00021362,2.58060354,2.57949829,-0.02441406
0.47272325,160,3.09991645,-1.69981272,-3.09951027,-0.00038147,1.49985409,-0.00076294,3.09991645,-1.64945872,-3.09951027,-0.00062464,1.49947262,-0.00076208,3.09953498,-1.65022166,-3.09951027,-0.00038147,1.50023556,-0.00038147,-0.00488281,-0.00488281,0.00488281,-0.02929688,0.01464844,0.00000000,1.00021362,2.58058849,2.57949829,0.00000000
0.48819828,165,3.09991645,-1.69981272,-3.09951027,0.00000000,1.49985409,-0.00076294,3.09991645,-1.64945872,-3.09951027,-0.00064133,1.49947262,-0.00076266,3.09953498,-1.65022166,-3.09951027,-0.00076294,1.50023556,-0.00038147,-0.00976562,-0.00488281,0.00488281,-0.02929688,0.01464844,-0.02929688,0.99983215,2.58044659,2.57949829,-0.02441406
0.50112772,170,3.09991645,-1.69981272,-3.09951027,0.00000000,1.49985409,-0.00076294,3.09991645,-1.64945872,-3.09951027,-0.00050568,1.49947262,-0.00076285,3.09953498,-1.65022166,-3.09951027,-0.00076294,1.50023556,-0.00038147,-0.00488281,0.00000000,0.00488281,-0.02929688,0.01464844,-0.01464844,0.99983215,2.58058466,2.57949829,-0.02441406
0.51589012,175,3.09991645,-1.69981272,-3.09951027,0.00000000,1.49985409,-0.00076294,3.09991645,-1.64945872,-3.09951027,-0.00042217,1.49947262,-0.00076291,3.09953498,-1.65022166,-3.09951027,-0.00038147,1.50023556,-0.00038147,-0.00488281,-0.00976562,0.00488281,0.00000000,0.01464844,-0.01464844,0.99983215,2.58055178,2.57949829,-0.04882812
0.52885890,180,3.09991645,-1.69981272,-3.09951027,0.00000000,1.49985409,-0.00076294,3.09991645,-1.64945872,-3.09951027,-0.00039481,1.49947262,-0.00076293,3.09953498,-1.65022166,-3.09951027,-0.00038147,1.50023556,-0.00038147,-0.00488281,-0.00488281,0.00488281,-0.01464844,0.01464844,-0.01464844,0.99983215,2.58047851,2.57987976,-0.02441406
0.54203486,185,3.09991645,-1.69981272,-3.09951027,0.00038147,1.49985409,-0.00076294,3.09991645,-1.64945872,-3.09951027,-0.00016062,1.49947262,-0.00076294,3.09953498,-1.65022166,-3.09951027,-0.00038147,1.50023556,-0.00038147,-0.00488281,0.00000000,0.00488281,-0.01464844,0.01464844,-0.01464844,0.99983215,2.58049258,2.57987976,0.00000000
0.55575538,190,3.09991645,-1.69981272,-3.09951027,0.00076294,1.49985409,-0.00076294,3.09991645,-1.64945872,-3.09951027,0.00008470,1.49947262,-0.00076294,3.09953498,-1.65022166,-3.09951027,-0.00038147,1.50023556,-0.00038147,-0.00976562,-0.00976562,0.00488281,-0.01464844,0.02929688,-0.01464844,0.99983215,2.58033704,2.57949829,-0.04882812
0.57039642,195,3.09991645,-1.69981272,-3.09951027,0.00114441,1.49985409,-0.00076294,3.09991645,-1.64945872,-3.09951027,0.00042155,1.49947262,-0.00076294,3.09953498,-1.65022166,-3.09951027,-0.00076294,1.50023556,-0.00076294,0.00000000,-0.00488281,0.00488281,-0.01464844,0.01464844,-0.01464844,0.99983215,2.58038373,2.57987976,-0.02441406
0.58419776,200,3.09991645,-1.69981272,-3.09951027,0.00114441,1.49985409,-0.00076294,3.09991645,-1.64945872,-3.09951027,0.00065107,1.49947262,-0.00076294,3.09953498,-1.65022166,-3.09951027,-0.00038147,1.50023556,-0.00038147,-0.00976562,-0.00488281,0.00976562,-0.01464844,0.02929688,-0.01464844,1.00021362,2.58045396,2.57949829,-0.04882812
0.59987974,205,3.09991645,-1.69981272,-3.09951027,0.00152588,1.49985409,-0.00076294,3.09991645,-1.64945872,-3.09951027,0.00098275,1.49947262,-0.00076294,3.09953498,-1.65022166,-3.09951027,-0.00038147,1.50023556,-0.00038147,-0.00488281,-0.00976562,0.00488281,0.00000000,-0.00000000,-0.02929688,0.99983215,2.58032438,2.57987976,0.02441406
0.61705279,210,3.09991645,-1.69981272,-3.09951027,0.00228882,1.49985409,-0.00076294,3.09991645,-1.64945872,-3.09951027,0.00148524,1.49947262,-0.00076294,3.09953498,-1.65022166,-3.09951027,-0.00038147,1.50023556,-0.00038147,-0.00488281,-0.00488281,-0.00000000,0.00000000,0.01464844,-0.01464844,0.99983215,2.58040399,2.57987976,-0.02441406
0.63222122,215,3.09991645,-1.69981272,-3.09951027,0.00305176,1.49985409,-0.00076294,3.09991645,-1.64945872,-3.09951027,0.00216283,1.49947262,-0.00076294,3.09953498,-1.65022166,-3.09951027,-0.00038147,1.50023556,-0.00038147,-0.00488281,-0.00488281,0.00488281,-0.02929688,0.01464844,-0.01464844,0.99983215,2.58030801,2.57987976,-0.02441406
0.64640975,220,3.09991645,-1.69981272,-3.09951027,0.00419617,1.49985409,-0.00076294,3.09991645,-1.64945872,-3.09951027,0.00320310,1.49947262,-0.00076294,3.09953498,-1.65022166,-3.09951027,-0.00038147,1.49985409,-0.00038147,-0.00488281,-0.00488281,0.00488281,-0.01464844,0.02929688,-0.01464844,0.99983215,2.58027656,2.57987976,0.00000000
0.65917921,225,3.09991645,-1.69981272,-3.09951027,0.00495911,1.49985409,-0.00076294,3.09991645,-1.64945872,-3.09951027,0.00405692,1.49947262,-0.00070190,3.09953498,-1.65022166,-3.09951027,-0.00038147,1.49985409,-0.00076294,-0.00488281,-0.00488281,0.00488281,0.00000000,-0.00000000,-0.01464844,0.99983215,2.58026625,2.57987976,-0.02441406
0.67155766,230,3.09991645,-1.69981272,-3.09951027,0.00495911,1.49985409,-0.00076294,3.09991645,-1.64945872,-3.09951027,0.00440701,1.49947262,-0.00074294,3.09953498,-1.65022166,-3.09951027,-0.00038147,1.49985409,-0.00038147,-0.00976562,0.00000000,0.00488281,-0.01464844,0.02929688,-0.01464844,1.00021362,2.58041546,2.57987976,0.00000000
0.68508172,235,3.09991645,-1.69981272,-3.09951027,0.00534058,1.49985409,-0.00076294,3.09991645,-1.64945872,-3.09951027,0.00469812,1.49947262,-0.00062504,3.09953498,-1.65022166,-3.09951027,-0.00038147,1.49985409,-0.00038147,-0.00488281,-0.00488281,0.00976562,-0.02929688,0.01464844,0.00000000,1.00021362,2.58056201,2.57987976,-0.02441406
0.69812918,240,3.09991645,-1.69981272,-3.09951027,0.00534058,1.49985409,-0.00038147,3.09991645,-1.64945872,-3.09951027,0.00487359,1.49947262,-0.00061021,3.09953498,-1.65022166,-3.09951027,-0.00038147,1.49985409,-0.00038147,0.00000000,-0.00488281,0.00488281,0.00000000,0.02929688,-0.01464844,0.99983215,2.58042229,2.57949829,-0.04882812
0.71203327,245,3.09991645,-1.69981272,-3.09951027,0.00534058,1.49985409,-0.00038147,3.09991645,-1.64945872,-3.09951027,0.00493108,1.49947262,-0.00045642,3.09953498,-1.65022166,-3.09951027,-0.00038147,1.49985409,-0.00038147,-0.00488281,-0.00488281,0.00488281,0.00000000,-0.00000000,0.00000000,0.99983215,2.58031401,2.57987976,0.00000000
0.72647905,250,3.09991645,-1.69981272,-3.09951027,0.00534058,1.49985409,-0.00038147,3.09991645,-1.64945872,-3.09951027,0.00494992,1.49947262,-0.00040603,3.09953498,-1.65022166,-3.09951027,-0.00038147,1.49985409,-0.00038147,-0.00488281,-0.00488281,0.00976562,0.00000000,0.01464844,0.00000000,0.99983215,2.58035665,2.57987976,-0.02441406
0.73951292,255,3.09991645,-1.69981272,-3.09951027,0.00534058,1.49985409,-0.00038147,3.09991645,-1.64945872,-3.09951027,0.00495610,1.49947262,-0.00042858,3.09953498,-1.65022166,-3.09951027,-0.00038147,1.49985409,-0.00076294,-0.00488281,-0.00488281,0.00488281,-0.01464844,0.01464844,-0.02929688,0.99983215,2.58029250,2.57987976,-0.02441406
0.75366139,260,3.09991645,-1.69981272,-3.09951027,0.00610352,1.49985409,-0.00038147,3.09991645,-1.64945872,-3.09951027,0.00540075,1.49947262,-0.00039691,3.09953498,-1.65022166,-3.09951027,0.00000000,1.49985409,-0.00076294,-0.00488281,-0.00488281,0.00488281,-0.01464844,0.02929688,0.00000000,0.99983215,2.58027148,2.57987976,0.00000000
0.76864147,265,3.09991645,-1.69981272,-3.09951027,0.00762939,1.49985409,-0.00076294,3.09991645,-1.64945872,-3.09951027,0.00642194,1.49947262,-0.00052386,3.09953498,-1.65022166,-3.09951027,0.00000000,1.49985409,-0.00038147,-0.00488281,-0.00488281,0.00976562,-0.01464844,-0.00000000,0.00000000,0.99983215,2.58026459,2.57987976,0.00000000
0.78216124,270,3.09991645,-1.69981272,-3.09951027,0.00991821,1.49985409,-0.00076294,3.09991645,-1.64945872,-3.09951027,0.00800534,1.49947262,-0.00068460,3.09953498,-1.65022166,-3.09951027,0.00000000,1.49985409,-0.00076294,-0.00488281,-0.00488281,0.00488281,0.00000000,0.01464844,-0.02929688,0.99983215,2.58026233,2.57987976,0.00000000
0.79608345,275,3.09991645,-1.69981272,-3.09951027,0.01220703,1.49985409,-0.00076294,3.09991645,-1.64945872,-3.09951027,0.01004153,1.49947262,-0.00073727,3.09953498,-1.65022166,-3.09951027,0.00000000,1.49985409,-0.00038147,-0.00488281,-0.00488281,0.00488281,0.00000000,-0.00000000,-0.01464844,1.00021362,2.58071203,2.57987976,0.00000000
0.81169581,280,3.09991645,-1.69981272,-3.09951027,0.01335144,1.49985409,-0.00076294,3.09991645,-1.64945872,-3.09951027,0.01174085,1.49947262,-0.00075453,3.09953498,-1.65022166,-3.09951027,0.00038147,1.49985409,-0.00076294,0.00000000,-0.00488281,0.00488281,0.00000000,-0.00000000,-0.01464844,1.00097656,2.58170949,2.57987976,0.00000000
0.82449794,285,3.09991645,-1.69981272,-3.09951027,0.01449585,1.49985409,-0.00076294,3.09991645,-1.64945872,-3.09951027,0.01305488,1.49947262,-0.00076018,3.09953498,-1.65022166,-3.09951027,0.00076294,1.49985409,-0.00076294,-0.00488281,-0.00488281,0.00488281,0.00000000,-0.00000000,-0.01464844,1.00212097,2.58324995,2.57987976,0.00000000
0.83741236,290,3.09991645,-1.69981272,-3.09951027,0.01602173,1.49985409,-0.00076294,3.09991645,-1.64945872,-3.09951027,0.01448449,1.49947262,-0.00076204,3.09953498,-1.65022166,-3.09951027,0.00114441,1.49985409,-0.00076294,-0.00488281,-0.00488281,0.00488281,0.02929688,0.01464844,-0.01464844,1.00746155,2.58936655,2.57987976,-0.02441406
0.85138226,295,3.09991645,-1.69981272,-3.09951027,0.01907349,1.49985409,-0.00114441,3.09991645,-1.64945872,-3.09951027,0.01667413,1.49947262,-0.00094880,3.09953498,-1.65022166,-3.09951027,0.00152588,1.49947262,-0.00076294,-0.00488281,-0.00488281,0.00976562,0.01464844,0.01464844,-0.01464844,1.02424622,2.60746783,2.58026123,0.02441406
0.86630774,300,3.09991645,-1.69981272,-3.09951027,0.02136230,1.49985409,-0.00190735,3.09991645,-1.64945872,-3.09951027,0.01919852,1.49947262,-0.00144286,3.09953498,-1.65022166,-3.09951027,0.00267029,1.49985409,-0.00076294,-0.00488281,-0.00488281,-0.00000000,0.05859375,0.02929688,-0.01464844,1.03416443,2.62746783,2.58598328,0.43945312
0.88219810,305,3.09991645,-1.69981272,-3.09951027,0.02250671,1.49985409,-0.00457764,3.09991645,-1.64945872,-3.09951027,0.02097676,1.49947262,-0.00300893,3.09953498,-1.65022166,-3.09951027,0.00495911,1.49985409,-0.00076294,-0.00488281,-0.00488281,0.00488281,0.11718750,0.01464844,-0.01464844,1.03340149,2.64079044,2.58903503,0.09765625
0.89854240,310,3.10029792,-1.69981272,-3.09951027,0.02403259,1.49985409,-0.00839233,3.10014167,-1.64945872,-3.09951027,0.02244422,1.49947262,-0.00569910,3.09953498,-1.65022166,-3.09951027,0.00648499,1.49985409,-0.00076294,-0.00488281,-0.00488281,0.00488281,0.10253906,0.01464844,-0.01464844,1.03340149,2.64511204,2.59208679,0.26855469
0.91403103,315,3.10067939,-1.69981272,-3.09951027,0.02517700,1.49947262,-0.01373291,3.10043287,-1.64945872,-3.09951027,0.02380435,1.49924740,-0.01002959,3.09953498,-1.65022166,-3.09951027,0.00801086,1.49985409,-0.00076294,-0.00488281,-0.00976562,0.00488281,0.05859375,0.01464844,-0.01464844,1.03340149,2.64665022,2.60162354,0.43945312
0.93034172,320,3.10106086,-1.69981272,-3.09951027,0.02746582,1.49947262,-0.02212524,3.10073594,-1.64945872,-3.09951027,0.02545976,1.49914235,-0.01615051,3.09953498,-1.65022166,-3.09951027,0.00839233,1.49985409,-0.00076294,-0.00488281,0.00000000,0.00488281,0.01464844,0.01464844,-0.02929688,1.03340149,2.64715425,2.60429382,0.26855469
0.94299912,325,3.10106086,-1.69981272,-3.09951027,0.02975464,1.49947262,-0.02899170,3.10095439,-1.64945872,-3.09951027,0.02743945,1.49910793,-0.02305685,3.09953498,-1.65022166,-3.09951027,0.00915527,1.49985409,-0.00114441,-0.00488281,0.00000000,0.00488281,0.01464844,0.01464844,-0.04394531,1.03340149,2.64731941,2.60887146,0.21972656
0.95930338,330,3.10106086,-1.69981272,-3.09951027,0.03242493,1.49870968,-0.03547668,3.10102597,-1.64945872,-3.09951027,0.03013247,1.49873410,-0.03036105,3.09953498,-1.65022166,-3.09951027,0.00953674,1.49985409,-0.00228882,-0.00976562,-0.00488281,0.00488281,0.01464844,0.01464844,-0.10253906,1.03340149,2.64737353,2.61192322,0.14648438
0.97290754,335,3.10106086,-1.69981272,-3.09951027,0.03585815,1.49680234,-0.04272461,3.10104942,-1.64945872,-3.09951027,0.03298184,1.49753092,-0.03714549,3.09953498,-1.65022166,-3.09951027,0.01068115,1.49947262,-0.00495911,-0.00488281,-0.00488281,0.00488281,0.08789062,0.01464844,-0.21972656,1.03340149,2.64739126,2.61344910,0.17089844
0.98638678,340,3.10106086,-1.69981272,-3.09951027,0.03814697,1.49603940,-0.04806519,3.10105711,-1.64945872,-3.09951027,0.03561694,1.49634198,-0.04306466,3.09953498,-1.65022166,-3.09951027,0.01296997,1.49947262,-0.00686646,-0.00488281,-0.00976562,-0.00000000,0.14648438,-0.00000000,-0.13183594,1.03340149,2.64739707,2.61764526,0.19531250
1.00314331,345,3.10106086,-1.69981272,-3.09951027,0.04272461,1.49565793,-0.05989075,3.10105963,-1.64945872,-3.09951027,0.03898920,1.49562561,-0.05165305,3.09953498,-1.65022166,-3.09951027,0.01640320,1.49947262,-0.00915527,-0.00488281,-0.00488281,0.00488281,0.16113281,-0.00000000,-0.11718750,1.03378296,2.64791191,2.62145996,0.29296875
1.01997828,350,3.10106086,-1.69981272,-3.09951027,0.04615784,1.49565793,-0.06675720,3.10106045,-1.64945872,-3.09951027,0.04278184,1.49539087,-0.06005543,3.09953498,-1.65022166,-3.09951027,0.01716614,1.49947262,-0.01068115,-0.00488281,-0.00488281,0.00488281,0.07324219,-0.00000000,-0.16113281,1.03378296,2.64801812,2.62260437,0.02441406
1.03190351,355,3.10106086,-1.69981272,-3.09951027,0.04997253,1.49565793,-0.07629395,3.10106072,-1.64945872,-3.09951027,0.04676802,1.49531395,-0.06934644,3.09953498,-1.65022166,-3.09951027,0.01907349,1.49909115,-0.01640320,-0.00488281,-0.00488281,0.00976562,0.11718750,-0.00000000,-0.42480469,1.03378296,2.64789569,2.62374878,0.04882812
1.04563642,360,3.10106086,-1.69981272,-3.09951027,0.05416870,1.49565793,-0.08621216,3.10106081,-1.64945872,-3.09951027,0.05089099,1.49528874,-0.07901373,3.09953498,-1.65022166,-3.09951027,0.02021790,1.49870968,-0.02098083,-0.00488281,-0.00488281,0.00488281,0.07324219,-0.01464844,-0.30761719,1.03378296,2.64799718,2.62527466,0.07324219
1.05864930,365,3.10106086,-1.69981272,-3.09951027,0.05798340,1.49565793,-0.09384155,3.10106084,-1.64945872,-3.09951027,0.05478130,1.49528048,-0.08765172,3.09953498,-1.65022166,-3.09951027,0.02250671,1.49794674,-0.02555847,-0.00488281,-0.00976562,0.00488281,0.14648438,-0.02929688,-0.38085938,1.03378296,2.64810856,2.62680054,0.07324219
1.07173657,370,3.10144233,-1.69981272,-3.09951027,0.06179810,1.49565793,-0.10185242,3.10124701,-1.64945872,-3.09951027,0.05842840,1.49527778,-0.09553995,3.09953498,-1.65022166,-3.09951027,0.02517700,1.49718381,-0.02899170,-0.00488281,-0.00976562,0.00488281,0.19042969,-0.02929688,-0.24902344,1.03378296,2.64814505,2.62718201,0.02441406
1.08288360,375,3.10182379,-1.69981272,-3.09912880,0.06484985,1.49565793,-0.10871887,3.10156448,-1.64945872,-3.09937294,0.06187543,1.49527689,-0.10303224,3.09953498,-1.65022166,-3.09951027,0.02746582,1.49680234,-0.03242493,-0.00488281,-0.00488281,-0.00000000,0.16113281,-0.01464844,-0.30761719,1.03378296,2.64815701,2.62756348,0.00000000
1.09916139,380,3.10258673,-1.69981272,-3.09874733,0.06866455,1.49603940,-0.11787415,3.10204034,-1.64945872,-3.09913251,0.06518391,1.49540172,-0.11081007,3.09953498,-1.65022166,-3.09951027,0.02975464,1.49680234,-0.03662109,-0.00488281,-0.00488281,0.00488281,0.17578125,0.01464844,-0.32226562,1.03378296,2.64816093,2.62832642,-0.02441406
1.11250353,385,3.10334967,-1.69981272,-3.09836586,0.07171631,1.49603940,-0.12474060,3.10277024,-1.64945872,-3.09873622,0.06869772,1.49548608,-0.11876032,3.09991645,-1.65022166,-3.09951027,0.03242493,1.49680234,-0.04272461,-0.00488281,-0.00488281,0.00488281,0.14648438,0.01464844,-0.46875000,1.03378296,2.64816222,2.62908936,0.00000000
1.12702847,390,3.10487555,-1.69981272,-3.09798439,0.07514954,1.49565793,-0.13465881,3.10396498,-1.64945872,-3.09834989,0.07222767,1.49543304,-0.12796335,3.09991645,-1.65022166,-3.09951027,0.03509521,1.49680234,-0.04997253,-0.00488281,0.00000000,0.00488281,0.14648438,0.01464844,-0.46875000,1.03416443,2.64843729,2.62985229,0.00000000
1.13934278,395,3.10678290,-1.69981272,-3.09798439,0.07705688,1.49565793,-0.14114380,3.10560757,-1.64945872,-3.09810416,0.07496602,1.49544691,-0.13593616,3.09991645,-1.65022166,-3.09951027,0.03662109,1.49680234,-0.05493164,-0.00488281,-0.00488281,0.00488281,0.16113281,0.01464844,-0.38085938,1.03416443,2.64862509,2.63099670,0.07324219
1.15292215,400,3.10983466,-1.69981272,-3.09798439,0.07934570,1.49603940,-0.14877319,3.10783722,-1.64945872,-3.09802364,0.07729228,1.49547892,-0.14337193,3.09991645,-1.65022166,-3.09951027,0.03967285,1.49680234,-0.05950928,-0.00488281,-0.00488281,0.00488281,0.17578125,0.01464844,-0.36621094,1.03416443,2.64874913,2.63175964,0.04882812
1.16661143,405,3.11212348,-1.69981272,-3.09798439,0.08049011,1.49565793,-0.15373230,3.11000656,-1.64945872,-3.09799725,0.07879418,1.49552297,-0.14891261,3.09991645,-1.65022166,-3.09951027,0.04272461,1.49680234,-0.06484985,0.00000000,0.00000000,0.00488281,0.20507812,0.01464844,-0.35156250,1.03416443,2.64886789,2.63252258,0.04882812
1.17965555,410,3.11479377,-1.69981272,-3.09798439,0.08049011,1.49565793,-0.15792847,3.11273486,-1.64945872,-3.09798861,0.07967792,1.49538849,-0.15413187,3.09991645,-1.65022166,-3.09951027,0.04539490,1.49680234,-0.07209778,0.00000000,-0.00976562,0.00488281,0.19042969,0.01464844,-0.58593750,1.03416443,2.64890681,2.63290405,0.02441406
1.19467497,415,3.11860846,-1.69981272,-3.09798439,0.08049011,1.49603940,-0.16174316,3.11609347,-1.64945872,-3.09798577,0.07991867,1.49547735,-0.15865876,3.09991645,-1.65022166,-3.09951027,0.04730225,1.49680234,-0.07858276,0.00488281,-0.00488281,0.00976562,0.16113281,-0.00000000,-0.54199219,1.03416443,2.64891957,2.63290405,-0.02441406
1.20975113,420,3.12280463,-1.69981272,-3.09798439,0.08010864,1.49565793,-0.16250610,3.11978472,-1.64945872,-3.09798485,0.07982117,1.49534229,-0.16121416,3.10029792,-1.65022166,-3.09951027,0.05073547,1.49680234,-0.08468628,0.01464844,-0.00488281,0.00976562,0.17578125,0.01464844,-0.39550781,1.03416443,2.64892374,2.63366699,0.02441406
1.22297668,425,3.12623786,-1.69981272,-3.09798439,0.08010864,1.49565793,-0.16250610,3.12342163,-1.64945872,-3.09798454,0.07975798,1.49540789,-0.16208276,3.10067939,-1.65022166,-3.09951027,0.05264282,1.49680234,-0.08926392,0.01953125,-0.00976562,0.00488281,0.17578125,0.01464844,-0.36621094,1.03416443,2.64892511,2.63404846,-0.02441406
1.23729873,430,3.13043402,-1.69981272,-3.09798439,0.08010864,1.49565793,-0.16250610,3.12740329,-1.64945872,-3.09798444,0.07973727,1.49531952,-0.16236738,3.10106086,-1.65022166,-3.09951027,0.05416870,1.49680234,-0.09460449,0.04394531,0.00000000,0.00488281,0.07324219,-0.00000000,-0.46875000,1.03454590,2.64907815,2.63442993,0.02441406
1.25102353,435,3.13463019,-1.69981272,-3.09798439,0.08010864,1.49565793,-0.16212463,3.13124353,-1.64945872,-3.09798441,0.07973048,1.49529057,-0.16223543,3.10144233,-1.65022166,-3.09951027,0.05569458,1.49680234,-0.10070801,0.00488281,-0.00488281,0.00488281,0.10253906,0.02929688,-0.41015625,1.03416443,2.64897571,2.63481140,0.00000000
1.26344347,440,3.13844489,-1.69981272,-3.09798439,0.07972717,1.49565793,-0.16212463,3.13521259,-1.64945872,-3.09798440,0.07950304,1.49528108,-0.16224883,3.10182379,-1.65022166,-3.09951027,0.05760193,1.49680234,-0.10452271,0.03906250,-0.00488281,0.00488281,0.14648438,0.02929688,-0.41015625,1.03416443,2.64894214,2.63519287,0.02441406
1.27725172,445,-3.14054425,-1.69981272,-3.09798439,0.07934570,1.49527646,-0.16212463,3.13940514,-1.64945872,-3.09798440,0.07925993,1.49506056,-0.16216533,3.10220526,-1.65022166,-3.09951027,0.05950928,1.49680234,-0.10910034,0.02929688,-0.00488281,0.00488281,0.13183594,0.01464844,-0.24902344,1.03416443,2.64899364,2.63595581,0.04882812
1.29069138,450,-3.13558515,-1.69981272,-3.09760292,0.07858276,1.49527646,-0.16212463,3.14375271,-1.64945872,-3.09790810,0.07861850,1.49494924,-0.16213797,3.10296820,-1.65022166,-3.09951027,0.06103516,1.49642087,-0.11329651,0.05371094,-0.00488281,0.00976562,0.07324219,-0.00000000,-0.30761719,1.03454590,2.64924123,2.63671875,0.00000000
1.30645919,455,-3.13024457,-1.69981272,-3.09760292,0.07743835,1.49489499,-0.16212463,3.14842512,-1.64945872,-3.09770292,0.07789916,1.49478764,-0.16212900,3.10411261,-1.65022166,-3.09951027,0.06217957,1.49642087,-0.11558533,0.05371094,-0.00488281,0.00488281,0.05859375,-0.01464844,-0.17578125,1.03454590,2.64954209,2.63748169,0.00000000
1.32121372,460,-3.12528546,-1.69981272,-3.09722145,0.07629395,1.49489499,-0.16174316,3.15382544,-1.64945872,-3.09744953,0.07675293,1.49460334,-0.16193991,3.10449408,-1.65022166,-3.09951027,0.06256104,1.49642087,-0.11978149,0.03906250,-0.00488281,0.00976562,0.02929688,-0.00000000,-0.33691406,1.03454590,2.64964067,2.63786316,0.02441406
1.33593988,465,-3.11956342,-1.69981272,-3.09607704,0.07514954,1.49451352,-0.16174316,3.15928777,-1.64945872,-3.09677727,0.07563917,1.49446666,-0.16180763,3.10563849,-1.65022166,-3.09951027,0.06294250,1.49642087,-0.12474060,0.07324219,-0.00488281,0.00488281,0.01464844,0.02929688,-0.26367188,1.03454590,2.64967298,2.63786316,0.00000000
1.35362577,470,-3.11231549,-1.69981272,-3.09493264,0.07362366,1.49375058,-0.16174316,3.16511514,-1.64945872,-3.09590671,0.07439726,1.49402807,-0.16176429,3.10678290,-1.65022166,-3.09951027,0.06484985,1.49642087,-0.12817383,0.06835938,-0.00488281,0.00976562,0.11718750,0.02929688,-0.29296875,1.03454590,2.64968356,2.63824463,-0.02441406
1.36788273,475,-3.10697492,-1.69981272,-3.09340676,0.07209778,1.49298764,-0.16136169,3.17120898,-1.64945872,-3.09462682,0.07310554,1.49328352,-0.16157369,3.10792731,-1.65022166,-3.09951027,0.06637573,1.49642087,-0.13237000,0.06835938,-0.00488281,0.00488281,0.07324219,0.01464844,-0.27832031,1.03454590,2.64968703,2.63862610,0.00000000
1.38153148,480,-3.10239728,-1.69981272,-3.09188088,0.07095337,1.49260617,-0.16136169,3.17657788,-1.64945872,-3.09318155,0.07168386,1.49260290,-0.16143116,3.10869025,-1.65022166,-3.09951027,0.06713867,1.49603940,-0.13275146,0.08300781,-0.00488281,0.01464844,0.04394531,-0.00000000,-0.02929688,1.03454590,2.64968817,2.63900757,0.00000000
1.39405012,485,-3.09705670,-1.69981272,-3.09035500,0.07057190,1.49260617,-0.16136169,3.18190283,-1.64945872,-3.09156294,0.07071105,1.49234863,-0.16138446,3.11021613,-1.65022166,-3.09951027,0.06790161,1.49603940,-0.13427734,0.08789062,-0.00488281,0.00976562,0.01464844,-0.00000000,-0.14648438,1.03454590,2.64975104,2.63900757,-0.04882812
1.40904260,490,-3.09095319,-1.69981272,-3.08806618,0.06942749,1.49222470,-0.16136169,3.18757007,-1.64945872,-3.08974423,0.06974201,1.49200884,-0.16136915,3.11174201,-1.65022166,-3.09912880,0.06790161,1.49565793,-0.13732910,0.10253906,-0.00488281,0.01464844,-0.01464844,-0.00000000,-0.23437500,1.03492737,2.64995939,2.63900757,-0.02441406
1.42399430,495,-3.08599408,-1.69981272,-3.08577736,0.06866455,1.49146176,-0.16098022,3.19288476,-1.64945872,-3.08754842,0.06888028,1.49163504,-0.16113892,3.11326789,-1.65022166,-3.09912880,0.06790161,1.49565793,-0.13885498,0.09277344,-0.00488281,0.01953125,-0.01464844,0.01464844,-0.08789062,1.03492737,2.65010578,2.63938904,0.00000000
1.43622327,500,-3.08103497,-1.69981272,-3.08387001,0.06866455,1.48917294,-0.16059875,3.19826897,-1.64945872,-3.08535709,0.06847877,1.49018517,-0.16084607,3.11441230,-1.65022166,-3.09874733,0.06790161,1.49565793,-0.13961792,0.09765625,0.00000000,0.02441406,0.01464844,-0.00000000,-0.07324219,1.03454590,2.65018573,2.63977051,0.00000000
1.45200562,505,-3.07531293,-1.69981272,-3.08081826,0.06866455,1.48650265,-0.15945435,3.20360005,-1.64945872,-3.08295837,0.06834721,1.48803539,-0.16019212,3.11593817,-1.65022166,-3.09836586,0.06828308,1.49527646,-0.14038086,0.09277344,-0.00488281,0.01953125,0.00000000,0.01464844,-0.10253906,1.03492737,2.65030202,2.63977051,0.02441406
1.46885753,510,-3.06920941,-1.69981272,-3.07700356,0.06866455,1.48268796,-0.15754700,3.20969947,-1.64945872,-3.07936938,0.06830409,1.48477846,-0.15854656,3.11784552,-1.65022166,-3.09798439,0.06828308,1.49489499,-0.14152527,0.10742188,-0.00488281,0.02929688,-0.01464844,-0.01464844,-0.08789062,1.03492737,2.65040263,2.64015198,0.00000000
1.48413873,515,-3.06272443,-1.69981272,-3.07318886,0.06904602,1.47734738,-0.15716553,3.21569093,-1.64945872,-3.07591575,0.06847612,1.48055815,-0.15764932,3.11975287,-1.65022166,-3.09760292,0.06828308,1.49413205,-0.14419556,0.11718750,-0.00488281,0.02441406,-0.01464844,-0.04394531,-0.08789062,1.03492737,2.65033794,2.64015198,0.00000000
1.49848676,520,-3.05852826,-1.69981272,-3.06975563,0.06904602,1.47315121,-0.15640259,3.22066922,-1.64945872,-3.07258571,0.06860281,1.47634040,-0.15702254,3.12127875,-1.65022166,-3.09760292,0.06828308,1.49260617,-0.14572144,0.11718750,-0.00976562,0.02441406,-0.01464844,-0.07324219,-0.14648438,1.03492737,2.65041440,2.64053345,0.00000000
1.51066470,525,-3.05318768,-1.69981272,-3.06517800,0.06904602,1.46781064,-0.15525818,3.22576658,-1.64945872,-3.06870936,0.06864432,1.47141365,-0.15611806,3.12318610,-1.65022166,-3.09722145,0.06790161,1.49108029,-0.14801025,0.12695312,-0.00488281,0.03417969,-0.01464844,-0.10253906,-0.13183594,1.03492737,2.65043945,2.64053345,-0.02441406
1.52501059,530,-3.04784711,-1.69981272,-3.06098183,0.06904602,1.46170712,-0.15411377,3.23102062,-1.64945872,-3.06454475,0.06865792,1.46611176,-0.15495999,3.12509345,-1.65022166,-3.09645851,0.06790161,1.48879147,-0.14801025,0.14160156,-0.00488281,0.04882812,-0.01464844,-0.16113281,-0.02929688,1.03492737,2.65044766,2.64091492,0.00000000
1.53973794,535,-3.04365094,-1.69981272,-3.05754860,0.06904602,1.45674801,-0.15335083,3.23603364,-1.64945872,-3.06043290,0.06866238,1.46042118,-0.15402851,3.12738227,-1.65022166,-3.09569558,0.06790161,1.48612118,-0.14801025,0.13183594,-0.00488281,0.06347656,-0.01464844,-0.14648438,-0.02929688,1.03492737,2.65045035,2.64129639,0.00000000
1.55353117,540,-3.03792890,-1.69981272,-3.05182656,0.06904602,1.44759274,-0.15258789,3.24116056,-1.64945872,-3.05565010,0.06866384,1.45344517,-0.15331044,3.12928962,-1.65022166,-3.09531411,0.06790161,1.48535824,-0.14839172,0.13183594,-0.00488281,0.03906250,-0.01464844,-0.05859375,-0.04394531,1.03492737,2.65045123,2.64129639,-0.02441406
1.56870031,545,-3.03335126,-1.69981272,-3.04724892,0.06904602,1.43920041,-0.15144348,3.24593968,-1.64945872,-3.05105406,0.06866432,1.44568490,-0.15242488,3.13157843,-1.65022166,-3.09455117,0.06790161,1.48459530,-0.14953613,0.14648438,-0.00488281,0.04394531,-0.01464844,-0.05859375,-0.10253906,1.03492737,2.65045152,2.64167786,0.00000000
1.58479142,550,-3.02801068,-1.70019419,-3.04114540,0.06904602,1.43118954,-0.14839172,3.25125447,-1.64953501,-3.04553681,0.06866447,1.43709697,-0.15035540,3.13386725,-1.65022166,-3.09378823,0.06828308,1.48192502,-0.15029907,0.14160156,-0.00488281,0.06835938,-0.01464844,-0.14648438,-0.04394531,1.03492737,2.65065181,2.64205933,0.00000000
1.59574056,555,-3.02343305,-1.70019419,-3.03580483,0.06904602,1.42623044,-0.14457703,3.25608343,-1.64974019,-3.04008951,0.06866453,1.43045024,-0.14717458,3.13577460,-1.65022166,-3.09302529,0.06828308,1.48001767,-0.15029907,0.13671875,-0.00488281,0.08300781,-0.01464844,-0.17578125,-0.01464844,1.03492737,2.65051725,2.64244080,0.00000000
1.61016583,560,-3.01847394,-1.70019419,-3.02893837,0.06904602,1.41707516,-0.13809204,3.26094959,-1.64980742,-3.03373007,0.06866454,1.42277126,-0.14219663,3.13806342,-1.65022166,-3.09188088,0.06828308,1.47658444,-0.15029907,0.15136719,-0.00488281,0.05859375,-0.01464844,-0.17578125,0.00000000,1.03492737,2.65047315,2.64244080,0.02441406
1.62534642,565,-3.01389630,-1.70019419,-3.02245339,0.06904602,1.40868283,-0.13160706,3.26566670,-1.64982945,-3.02736875,0.06866455,1.41445252,-0.13629726,3.14073371,-1.65022166,-3.09111794,0.06828308,1.47276974,-0.15029907,0.16113281,-0.00488281,0.08789062,-0.02929688,-0.27832031,-0.01464844,1.03492737,2.65045870,2.64244080,0.00000000
1.64128423,570,-3.00855573,-1.70019419,-3.01291664,0.06904602,1.39762021,-0.12474060,3.27056030,-1.64983667,-3.01984518,0.06866455,1.40549068,-0.12995913,-3.14016278,-1.65022166,-3.08959206,0.06828308,1.46742917,-0.14991760,0.16113281,-0.00976562,0.09277344,-0.01464844,-0.36621094,0.01464844,1.03492737,2.65045397,2.64282227,0.00000000
1.65128684,575,-3.00512250,-1.70019419,-3.00757607,0.06904602,1.38960934,-0.12092590,3.27465419,-1.64983904,-3.01311790,0.06866455,1.39672923,-0.12490642,-3.13825543,-1.65022166,-3.08844765,0.06828308,1.46285153,-0.14953613,0.16113281,-0.00488281,0.11718750,-0.01464844,-0.41015625,0.01464844,1.03492737,2.65045242,2.64282227,-0.02441406
1.66498590,580,-3.00092633,-1.70019419,-3.00032814,0.06942749,1.38083554,-0.11520386,3.27892085,-1.64983981,-3.00597319,0.06892102,1.38725049,-0.11941884,-3.13558515,-1.65022166,-3.08730324,0.06828308,1.45751095,-0.14915466,0.17089844,0.00000000,0.10253906,-0.02929688,-0.33691406,0.01464844,1.03492737,2.65059253,2.64320374,-0.02441406
1.67919922,585,-2.99634869,-1.70019419,-2.99231728,0.06942749,1.37206173,-0.11024475,3.28334385,-1.64984007,-2.99842242,0.06900506,1.37853183,-0.11414984,-3.13367780,-1.65022166,-3.08615883,0.06828308,1.45369626,-0.14801025,0.16113281,0.00000000,0.08789062,-0.02929688,-0.32226562,0.08789062,1.03492737,2.65049782,2.64358521,-0.02441406
1.69227624,590,-2.99215253,-1.70057566,-2.98545082,0.06942749,1.36214352,-0.10566711,3.28764120,-1.65002631,-2.99112470,0.06903260,1.36923178,-0.10931099,-3.13100751,-1.65022166,-3.08425148,0.06828308,1.44873715,-0.14572144,0.19042969,-0.00976562,0.13671875,-0.01464844,-0.32226562,0.10253906,1.03492737,2.65046679,2.64358521,-0.02441406
1.70706582,595,-2.98795636,-1.70057566,-2.97782143,0.06942749,1.35260678,-0.10223389,3.29197209,-1.65015765,-2.98348045,0.06904162,1.35942836,-0.10507293,-3.12871869,-1.65022166,-3.08272560,0.06828308,1.44339657,-0.14419556,0.17578125,-0.00488281,0.15625000,-0.02929688,-0.42480469,0.11718750,1.03492737,2.65045662,2.64358521,0.00000000
1.71875358,600,-2.98414166,-1.70057566,-2.97095497,0.06942749,1.34307004,-0.09918213,3.29619323,-1.65020068,-2.97598510,0.06904458,1.34954886,-0.10150501,-3.12642987,-1.65022166,-3.08081826,0.06828308,1.43805600,-0.13961792,0.18554688,-0.00488281,0.15136719,-0.01464844,-0.41015625,0.36621094,1.03492737,2.65045328,2.64358521,-0.02441406
1.73440146,605,-2.97880109,-1.70095713,-2.96103676,0.06942749,1.33010006,-0.09574890,3.30051904,-1.65047126,-2.96826609,0.06909438,1.33909890,-0.09835430,-3.12299664,-1.65022166,-3.07852944,0.06828308,1.43118954,-0.13580322,0.18066406,0.00000000,0.15136719,-0.02929688,-0.43945312,0.10253906,1.03492737,2.65045219,2.64358521,-0.04882812
1.74669790,610,-2.97574933,-1.70095713,-2.95493325,0.06942749,1.32285214,-0.09269714,3.30440869,-1.65055992,-2.96093350,0.06906187,1.32981052,-0.09531162,-3.12070783,-1.65022166,-3.07662209,0.06828308,1.42432309,-0.13542175,0.17578125,-0.00488281,0.14648438,0.01464844,-0.46875000,0.04394531,1.03492737,2.65045183,2.64396667,0.02441406
1.75933862,615,-2.97193463,-1.70095713,-2.94768532,0.06980896,1.31293393,-0.08926392,3.30814590,-1.65058897,-2.95371301,0.06927643,1.32047516,-0.09203811,-3.11880048,-1.65022166,-3.07509621,0.06828308,1.41898251,-0.13351440,0.19042969,-0.00488281,0.15625000,-0.02929688,-0.49804688,0.16113281,1.03492737,2.65045172,2.64396667,-0.02441406
1.77361798,620,-2.96888287,-1.70133860,-2.94081887,0.07019043,1.30530453,-0.08697510,3.31170254,-1.65085496,-2.94635945,0.06951532,1.31152406,-0.08914635,-3.11613019,-1.65022166,-3.07280739,0.06828308,1.41135312,-0.12969971,0.18554688,-0.00488281,0.17089844,-0.01464844,-0.51269531,0.21972656,1.03492737,2.65045168,2.64396667,-0.02441406
1.78654885,625,-2.96506818,-1.70172007,-2.93357094,0.07057190,1.29805661,-0.08468628,3.31495026,-1.65112828,-2.93967994,0.06978903,1.30398268,-0.08675078,-3.11345990,-1.65022166,-3.07051857,0.06828308,1.40410519,-0.12779236,0.19531250,-0.00488281,0.18066406,-0.02929688,-0.49804688,0.13183594,1.03492737,2.65045167,2.64434814,-0.02441406
1.80068016,630,-2.96201642,-1.70248301,-2.92632302,0.07095337,1.28966427,-0.08201599,3.31857990,-1.65168195,-2.93201378,0.07031537,1.29571294,-0.08399962,-3.11078961,-1.65022166,-3.06784829,0.06828308,1.39723874,-0.12512207,0.19042969,-0.00488281,0.18554688,-0.01464844,-0.46875000,0.19042969,1.03492737,2.65045166,2.64434814,-0.02441406
1.81369019,635,-2.95896466,-1.70248301,-2.92021950,0.07133484,1.28317929,-0.08049011,3.32175998,-1.65194345,-2.92548903,0.07062517,1.28837360,-0.08197067,-3.10850079,-1.65022166,-3.06594094,0.06828308,1.39151669,-0.12168884,0.18554688,-0.00976562,0.17578125,0.01464844,-0.48339844,0.33691406,1.03454590,2.65017700,2.64434814,0.02441406
1.82895279,640,-2.95514996,-1.70248301,-2.91259011,0.07209778,1.27593136,-0.07858276,3.32505960,-1.65198813,-2.91862591,0.07105945,1.28144191,-0.08009379,-3.10506757,-1.65022166,-3.06250771,0.06866455,1.38236142,-0.11863708,0.19042969,-0.00488281,0.20996094,-0.01464844,-0.57128906,0.08789062,1.03492737,2.65036166,2.64472961,0.00000000
1.84236813,645,-2.95209821,-1.70248301,-2.90686806,0.07286072,1.27059079,-0.07705688,3.32824922,-1.65208284,-2.91211736,0.07186362,1.27526501,-0.07836501,-3.10239728,-1.65022166,-3.05983742,0.06828308,1.37473202,-0.11482239,0.20019531,-0.00488281,0.20019531,-0.01464844,-0.58593750,0.30761719,1.03454590,2.65026958,2.64472961,0.00000000
1.85519838,650,-2.94942792,-1.70248301,-2.90152748,0.07400513,1.26525021,-0.07553101,3.33134017,-1.65211388,-2.90601076,0.07279644,1.26935889,-0.07679022,-3.10010846,-1.65022166,-3.05754860,0.06866455,1.36939145,-0.11062622,0.19531250,-0.00488281,0.18554688,0.00000000,-0.41015625,0.27832031,1.03454590,2.65007925,2.64472961,-0.02441406
1.86891317,655,-2.94599469,-1.70248301,-2.89580544,0.07514954,1.25990964,-0.07476807,3.33455186,-1.65208499,-2.90030333,0.07398138,1.26400340,-0.07550100,-3.09743817,-1.65022166,-3.05487831,0.06866455,1.36214352,-0.10948181,0.20019531,-0.00488281,0.20507812,-0.01464844,-0.51269531,0.02929688,1.03454590,2.64981669,2.64511108,0.00000000
1.88548231,660,-2.94217999,-1.70248301,-2.88855751,0.07629395,1.25456906,-0.07476807,3.33785207,-1.65211458,-2.89435218,0.07498038,1.25888255,-0.07500823,-3.09438641,-1.65022166,-3.05182656,0.06904602,1.35336972,-0.10833740,0.19531250,-0.00488281,0.23437500,0.01464844,-0.55664062,0.10253906,1.03454590,2.64973065,2.64472961,0.02441406
1.90018106,665,-2.93836530,-1.70248301,-2.88207253,0.07705688,1.25113583,-0.07514954,3.34160512,-1.65212428,-2.88788929,0.07586950,1.25434945,-0.07492306,-3.09133466,-1.65022166,-3.04839333,0.06942749,1.34574032,-0.10490417,0.19531250,0.00000000,0.20996094,0.01464844,-0.43945312,0.23437500,1.03454590,2.64970246,2.64472961,-0.02441406
1.91455102,670,-2.93683942,-1.70248301,-2.87940224,0.07705688,1.24922848,-0.07514954,3.34462056,-1.65212746,-2.88248797,0.07634102,1.25085318,-0.07503626,-3.08828290,-1.65022166,-3.04496010,0.06942749,1.33963681,-0.10261536,0.18554688,-0.00488281,0.20996094,0.01464844,-0.39550781,0.10253906,1.03416443,2.64932091,2.64511108,0.00000000
1.92868161,675,-2.93149884,-1.70248301,-2.87062844,0.07781982,1.24198056,-0.07514954,3.34870851,-1.65207967,-2.87569718,0.07695964,1.24578283,-0.07511242,-3.08523114,-1.65022166,-3.04190834,0.06980896,1.33315182,-0.10108948,0.20507812,-0.00488281,0.23925781,0.01464844,-0.51269531,0.10253906,1.03416443,2.64929354,2.64511108,0.00000000
1.94123292,680,-2.92844708,-1.70210154,-2.86490639,0.07781982,1.23549557,-0.07514954,3.35207002,-1.65197551,-2.86979583,0.07728149,1.24011394,-0.07513737,-3.08294232,-1.65022166,-3.03923806,0.07019043,1.32666684,-0.09994507,0.19042969,-0.00488281,0.24414062,0.02929688,-0.48339844,0.08789062,1.03416443,2.64916836,2.64511108,-0.02441406
1.95490813,685,-2.92425092,-1.70248301,-2.85842141,0.07781982,1.22862912,-0.07476807,3.35585207,-1.65207871,-2.86348403,0.07732592,1.23329127,-0.07506926,-3.07989057,-1.65022166,-3.03580483,0.07095337,1.32018185,-0.09689331,0.19042969,-0.00488281,0.23925781,0.04394531,-0.43945312,0.24902344,1.03416443,2.64900527,2.64511108,-0.02441406
1.96728301,690,-2.92158063,-1.70248301,-2.85384377,0.07743835,1.22481442,-0.07514954,3.35912982,-1.65211253,-2.85792261,0.07714504,1.22806611,-0.07512323,-3.07760175,-1.65022166,-3.03351601,0.07133484,1.31522275,-0.09460449,0.20019531,-0.00488281,0.21484375,0.02929688,-0.42480469,0.19042969,1.03416443,2.64895183,2.64549255,0.00000000
1.98268223,695,-2.91738446,-1.70248301,-2.84583290,0.07743835,1.21718503,-0.07476807,3.36267690,-1.65212361,-2.85146878,0.07708577,1.22215911,-0.07495476,-3.07493146,-1.65022166,-3.03008278,0.07209778,1.30911923,-0.09384155,0.19531250,-0.00488281,0.24414062,0.04394531,-0.41015625,0.02929688,1.03416443,2.64893432,2.64549255,0.00000000
1.99560404,700,-2.91356976,-1.70248301,-2.84011086,0.07743835,1.21031857,-0.07438660,3.36641269,-1.65206620,-2.84503135,0.07706635,1.21529113,-0.07460402,-3.07149823,-1.65022166,-3.02664955,0.07286072,1.30148984,-0.09346008,0.20996094,-0.00488281,0.23437500,0.01464844,-0.46875000,0.04394531,1.03416443,2.64892858,2.64549255,-0.02441406
2.00881481,705,-2.91051801,-1.70210154,-2.83362587,0.07667542,1.20421506,-0.07400513,3.37010998,-1.65203213,-2.83856342,0.07666619,1.20860801,-0.07432051,-3.06959088,-1.65022166,-3.02397927,0.07286072,1.29767514,-0.09269714,0.20019531,-0.00488281,0.25390625,-0.01464844,-0.42480469,0.07324219,1.03416443,2.64892670,2.64549255,0.00000000
2.02270103,710,-2.90670331,-1.70248301,-2.82675942,0.07514954,1.19887448,-0.07362366,3.37351999,-1.65206601,-2.83228604,0.07575186,1.20310437,-0.07403218,-3.06615765,-1.65022166,-3.02054604,0.07324219,1.29119015,-0.09002686,0.20507812,0.00000000,0.22460938,-0.01464844,-0.39550781,0.20507812,1.03416443,2.64892608,2.64549255,-0.02441406
2.03534293,715,-2.90327008,-1.70248301,-2.82027443,0.07400513,1.19238949,-0.07286072,3.37721954,-1.65210837,-2.82532270,0.07447142,1.19699320,-0.07339497,-3.06348737,-1.65022166,-3.01673134,0.07362366,1.28508664,-0.08659363,0.20507812,-0.00488281,0.26855469,0.01464844,-0.43945312,0.23437500,1.03416443,2.64892588,2.64587402,0.00000000
2.05069947,720,-2.90021832,-1.70248301,-2.81378945,0.07286072,1.18399716,-0.07133484,3.38050114,-1.65205193,-2.81889191,0.07346261,1.18991329,-0.07231068,-3.06005414,-1.65022166,-3.01253517,0.07476807,1.27707577,-0.08621216,0.20019531,-0.00488281,0.26367188,0.05859375,-0.48339844,-0.04394531,1.03416443,2.64892581,2.64549255,-0.04882812
2.06436229,725,-2.89678510,-1.70248301,-2.80539711,0.07133484,1.17255307,-0.06828308,3.38375480,-1.65210375,-2.81158374,0.07205733,1.18035238,-0.07031525,-3.05776532,-1.65022166,-3.00948342,0.07514954,1.27211667,-0.08583069,0.20507812,-0.00488281,0.26367188,0.04394531,-0.42480469,0.01464844,1.03416443,2.64892579,2.64587402,-0.02441406
2.07775235,730,-2.89449628,-1.70248301,-2.79929360,0.07095337,1.16644955,-0.06484985,3.38648185,-1.65208167,-2.80481448,0.07112896,1.17222044,-0.06751282,-3.05471356,-1.65022166,-3.00643166,0.07514954,1.26639462,-0.08583069,0.20507812,0.00000000,0.25390625,0.00000000,-0.39550781,0.00000000,1.03416443,2.64892578,2.64587402,-0.02441406
2.09316468,735,-2.89220746,-1.70248301,-2.79051979,0.06980896,1.15500546,-0.06141663,3.38906466,-1.65199436,-2.79709206,0.07017448,1.16296861,-0.06406511,-3.05128034,-1.65022166,-3.00185402,0.07514954,1.25762082,-0.08468628,0.20996094,-0.00488281,0.28320312,-0.01464844,-0.54199219,0.05859375,1.03416443,2.64892578,2.64587402,-0.04882812
2.10649467,740,-2.89068158,-1.70210154,-2.78365334,0.06980896,1.14737607,-0.05874634,3.39101500,-1.65194756,-2.78950811,0.06967226,1.15368160,-0.06098382,-3.04861005,-1.65022166,-2.99803933,0.07514954,1.25075436,-0.08316040,0.20019531,-0.00488281,0.30273438,-0.01464844,-0.54199219,0.13183594,1.03416443,2.64892578,2.64587402,-0.02441406
2.12239766,745,-2.88915570,-1.70248301,-2.77526100,0.06980896,1.13745785,-0.05531311,3.39276004,-1.65202072,-2.78143096,0.06954676,1.14427881,-0.05771279,-3.04517682,-1.65022166,-2.99346169,0.07514954,1.24312497,-0.08163452,0.20507812,-0.00488281,0.25390625,-0.01464844,-0.46875000,0.05859375,1.03416443,2.64892578,2.64625549,-0.02441406
2.13772225,750,-2.88762982,-1.70248301,-2.76763161,0.07019043,1.12792111,-0.05416870,3.39433088,-1.65209353,-2.77345807,0.06972304,1.13444856,-0.05556831,-3.04212506,-1.65022166,-2.98926552,0.07476807,1.23663998,-0.07934570,0.19531250,-0.00488281,0.29296875,-0.01464844,-0.43945312,0.16113281,1.03378296,2.64865112,2.64625549,-0.02441406
2.15139937,755,-2.88648541,-1.70210154,-2.75923928,0.07019043,1.11914731,-0.05264282,3.39573416,-1.65199226,-2.76520757,0.06978081,1.12539401,-0.05388318,-3.03907330,-1.65022166,-2.98545082,0.07514954,1.22862912,-0.07743835,0.20996094,-0.00976562,0.30761719,-0.01464844,-0.61523438,0.05859375,1.03416443,2.64867563,2.64625549,0.00000000
2.16422248,760,-2.88572247,-1.70248301,-2.75199135,0.07057190,1.11189938,-0.05264282,3.39668496,-1.65205295,-2.75834255,0.06987603,1.11808534,-0.05304926,-3.03640302,-1.65022166,-2.98278054,0.07476807,1.22061825,-0.07705688,0.19531250,-0.00488281,0.32714844,-0.05859375,-0.60058594,0.05859375,1.03416443,2.64884381,2.64625549,-0.02441406
2.17908764,765,-2.88534100,-1.70248301,-2.74359902,0.07095337,1.10045529,-0.05264282,3.39739410,-1.65206502,-2.75040528,0.07022474,1.10877027,-0.05277601,-3.03335126,-1.65022166,-2.97667702,0.07438660,1.21337033,-0.07476807,0.20019531,-0.00488281,0.29296875,-0.02929688,-0.42480469,0.11718750,1.03416443,2.64889892,2.64625549,-0.04882812
2.19360590,770,-2.88534100,-1.70248301,-2.73787697,0.07095337,1.09358883,-0.05264282,3.39769678,-1.65202796,-2.74332160,0.07045814,1.09974793,-0.05268646,-3.03068097,-1.65022166,-2.97248085,0.07438660,1.20612240,-0.07400513,0.19531250,-0.00488281,0.30761719,-0.01464844,-0.54199219,0.05859375,1.03416443,2.64891698,2.64625549,-0.02441406
2.20608377,775,-2.88534100,-1.70248301,-2.72834023,0.07095337,1.08252621,-0.05264282,3.39779596,-1.65209590,-2.73484259,0.07053462,1.08972692,-0.05265712,-3.02839215,-1.65022166,-2.96942910,0.07438660,1.19849301,-0.07171631,0.19531250,-0.00488281,0.34667969,0.00000000,-0.67382812,0.19042969,1.03378296,2.64858574,2.64625549,-0.02441406
2.21981072,780,-2.88534100,-1.70248301,-2.71880349,0.07095337,1.07146359,-0.05264282,3.39782846,-1.65198681,-2.72638096,0.07055968,1.07948364,-0.05264751,-3.02534039,-1.65022166,-2.96332558,0.07438660,1.18933774,-0.06904602,0.18554688,-0.00488281,0.34179688,-0.02929688,-0.57128906,0.11718750,1.03378296,2.64830142,2.64663696,-0.02441406
2.23252654,785,-2.88534100,-1.70248301,-2.71269997,0.07095337,1.06459714,-0.05264282,3.39783911,-1.65208241,-2.71858872,0.07056790,1.07083586,-0.05268342,-3.02305158,-1.65022166,-2.96027382,0.07400513,1.18476010,-0.06828308,0.16601562,-0.00488281,0.28320312,-0.04394531,-0.45410156,0.07324219,1.03378296,2.64840845,2.64663696,0.00000000
2.24848104,790,-2.88534100,-1.70248301,-2.70430764,0.07095337,1.05467892,-0.05302429,3.39784260,-1.65211374,-2.71009273,0.07057059,1.06116207,-0.05291260,-3.02076276,-1.65022166,-2.95569619,0.07362366,1.17827511,-0.06752014,0.18066406,-0.00976562,0.34179688,-0.07324219,-0.51269531,0.01464844,1.03378296,2.64824332,2.64892578,0.12207031
2.26316428,795,-2.88534100,-1.70248301,-2.69438942,0.07095337,1.04132748,-0.05302429,3.39784375,-1.65212401,-2.70163567,0.07057147,1.05025205,-0.05294863,-3.01771100,-1.65022166,-2.94997414,0.07286072,1.16530514,-0.06713867,0.17578125,-0.00488281,0.37597656,-0.07324219,-0.68847656,0.02929688,1.03378296,2.64818921,2.64892578,-0.02441406
2.28092599,800,-2.88534100,-1.70210154,-2.68408974,0.07095337,1.02835751,-0.05302429,3.39784412,-1.65190996,-2.69221224,0.07057176,1.03845855,-0.05299950,-3.01465924,-1.65022166,-2.94501503,0.07133484,1.15729428,-0.06599426,0.17578125,-0.00488281,0.32226562,-0.10253906,-0.49804688,0.05859375,1.03378296,2.64817148,2.64892578,-0.02441406
2.29377818,805,-2.88534100,-1.70210154,-2.67722329,0.07057190,1.01996518,-0.05302429,3.39784424,-1.65180076,-2.68389463,0.07043452,1.02778815,-0.05301617,-3.01198895,-1.65022166,-2.94043740,0.07057190,1.14699460,-0.06294250,0.16601562,-0.00488281,0.33203125,-0.08789062,-0.65917969,0.20507812,1.03378296,2.64816567,2.64892578,0.00000000
2.30737877,810,-2.88534100,-1.70210154,-2.66959389,0.07057190,1.01080990,-0.05302429,3.39784428,-1.65176498,-2.67577898,0.07027041,1.01788542,-0.05302163,-3.01008161,-1.65022166,-2.93624123,0.07019043,1.14089108,-0.06027222,0.15625000,-0.00488281,0.37597656,-0.05859375,-0.65917969,0.23437500,1.03378296,2.64816377,2.64930725,0.00000000
2.31917572,815,-2.88534100,-1.70210154,-2.66272744,0.07019043,1.00165463,-0.05302429,3.39784430,-1.65175325,-2.66829469,0.06996017,1.00848815,-0.05302342,-3.00779279,-1.65022166,-2.93128212,0.07019043,1.13097287,-0.06027222,0.15625000,-0.00488281,0.36621094,-0.01464844,-0.58593750,-0.05859375,1.03378296,2.64816315,2.64892578,-0.04882812
2.33474541,820,-2.88534100,-1.70210154,-2.65509804,0.07019043,0.99249936,-0.05302429,3.39784430,-1.65174941,-2.66106587,0.06985851,0.99937614,-0.05302401,-3.00550397,-1.65022166,-2.92632302,0.06980896,1.12258053,-0.05989075,0.15625000,-0.00488281,0.33691406,-0.05859375,-0.58593750,0.01464844,1.03378296,2.64816294,2.64930725,-0.02441406
2.34965134,825,-2.88534100,-1.70210154,-2.64861306,0.06980896,0.98448849,-0.05302429,3.39784430,-1.65174815,-2.65398412,0.06974890,0.99070025,-0.05302420,-3.00321515,-1.65022166,-2.92136391,0.06942749,1.11380673,-0.05989075,0.14648438,0.00000000,0.37109375,-0.04394531,-0.67382812,0.01464844,1.03378296,2.64816287,2.64930725,-0.02441406
2.36276317,830,-2.88534100,-1.70210154,-2.64212807,0.07019043,0.97571469,-0.05302429,3.39784430,-1.65174774,-2.64747693,0.06978928,0.98236478,-0.05302426,-3.00130780,-1.65022166,-2.91678627,0.06942749,1.10541440,-0.05989075,0.14648438,-0.00488281,0.38574219,-0.01464844,-0.62988281,-0.01464844,1.03378296,2.64816285,2.64930725,-0.02441406
2.37557340,835,-2.88534100,-1.70210154,-2.63755043,0.07019043,0.96961117,-0.05302429,3.39784430,-1.65174760,-2.64170354,0.06977126,0.97472521,-0.05302428,-2.99863751,-1.65022166,-2.91068276,0.06904602,1.09587765,-0.05989075,0.14648438,-0.00488281,0.38085938,-0.04394531,-0.60058594,0.00000000,1.03378296,2.64824097,2.64930725,-0.02441406
2.38897109,840,-2.88534100,-1.70210154,-2.63373574,0.07019043,0.96427060,-0.05264282,3.39784430,-1.65174756,-2.63691303,0.06979661,0.96830708,-0.05284790,-2.99673016,-1.65022166,-2.90610512,0.06942749,1.08634091,-0.05989075,0.13671875,-0.00488281,0.38574219,0.00000000,-0.67382812,0.00000000,1.03378296,2.64836422,2.64892578,-0.07324219
2.40470099,845,-2.88534100,-1.70210154,-2.62839516,0.07057190,0.95625973,-0.05264282,3.39784430,-1.65174755,-2.63209938,0.07003013,0.96122584,-0.05271002,-2.99482282,-1.65022166,-2.90114601,0.06942749,1.07756711,-0.05950928,0.14160156,-0.00488281,0.34667969,-0.01464844,-0.65917969,0.01464844,1.03416443,2.64838142,2.64930725,-0.02441406
2.41864395,850,-2.88534100,-1.70210154,-2.62572487,0.07095337,0.95091916,-0.05264282,3.39784430,-1.65174754,-2.62833369,0.07027523,0.95516791,-0.05266484,-2.99253400,-1.65022166,-2.89542397,0.06942749,1.06955624,-0.05912781,0.14160156,-0.00488281,0.34179688,-0.01464844,-0.64453125,0.00000000,1.03378296,2.64831259,2.64892578,-0.02441406
2.43467450,855,-2.88534100,-1.70210154,-2.62343605,0.07095337,0.94443417,-0.05226135,3.39784430,-1.65174754,-2.62547304,0.07047469,0.94918907,-0.05246388,-2.99024518,-1.65022166,-2.88970192,0.06942749,1.06268979,-0.05874634,0.11718750,0.00000000,0.37597656,0.00000000,-0.57128906,0.02929688,1.03378296,2.64821191,2.64930725,-0.02441406
2.44813752,860,-2.88534100,-1.70210154,-2.62152870,0.07171631,0.94023800,-0.05187988,3.39784430,-1.65174754,-2.62308095,0.07080250,0.94392292,-0.05207125,-2.98833783,-1.65022166,-2.88474282,0.06942749,1.05200863,-0.05760193,0.13671875,-0.00488281,0.37109375,-0.01464844,-0.51269531,0.05859375,1.03378296,2.64817892,2.64930725,0.00000000
2.46215343,865,-2.88534100,-1.70210154,-2.62038430,0.07362366,0.93566037,-0.05149841,3.39784430,-1.65174754,-2.62147936,0.07198084,0.93908549,-0.05172518,-2.98643048,-1.65022166,-2.88054665,0.06942749,1.04514218,-0.05722046,0.13671875,-0.00976562,0.34667969,-0.01464844,-0.54199219,0.04394531,1.03340149,2.64771767,2.64930725,-0.04882812
2.47683787,870,-2.88495953,-1.70210154,-2.62038430,0.07629395,0.93299008,-0.05149841,3.39806952,-1.65174754,-2.62074313,0.07410414,0.93507080,-0.05157272,-2.98414166,-1.65022166,-2.87558754,0.06942749,1.03598691,-0.05683899,0.11718750,-0.00488281,0.34179688,-0.02929688,-0.55664062,0.00000000,1.03378296,2.64791931,2.64930725,0.00000000
2.49002671,875,-2.88495953,-1.70210154,-2.62038430,0.07705688,0.93299008,-0.05149841,3.39817457,-1.65174754,-2.62050188,0.07562143,0.93341542,-0.05152276,-2.98261578,-1.65022166,-2.87062844,0.06942749,1.02950192,-0.05683899,0.13671875,-0.00488281,0.34667969,0.00000000,-0.45410156,0.01464844,1.03340149,2.64783280,2.64930725,-0.04882812
2.50462723,880,-2.88495953,-1.70210154,-2.62038430,0.07820129,0.93260861,-0.05073547,3.39820900,-1.65174754,-2.62042282,0.07694906,0.93268683,-0.05106376,-2.98070844,-1.65022166,-2.86605080,0.06980896,1.02339840,-0.05645752,0.13671875,-0.00488281,0.34179688,0.00000000,-0.45410156,0.00000000,1.03378296,2.64805469,2.64930725,-0.04882812
2.51796842,885,-2.88495953,-1.70210154,-2.62038430,0.07934570,0.92993832,-0.04920959,3.39822027,-1.65174754,-2.62039692,0.07809248,0.93124362,-0.05014774,-2.97880109,-1.65022166,-2.86147316,0.06980896,1.01462460,-0.05645752,0.12695312,-0.00488281,0.32226562,0.00000000,-0.51269531,-0.01464844,1.03378296,2.64812740,2.64930725,-0.02441406
2.53234744,890,-2.88495953,-1.70210154,-2.62038430,0.07934570,0.92574215,-0.04844666,3.39822397,-1.65174754,-2.62038843,0.07867858,0.92822151,-0.04921549,-2.97765668,-1.65022166,-2.85727700,0.07019043,1.00890256,-0.05607605,0.10253906,-0.00488281,0.33203125,0.00000000,-0.46875000,0.00000000,1.03340149,2.64783849,2.64930725,-0.02441406
2.54497862,895,-2.88495953,-1.70210154,-2.62038430,0.07896423,0.92421628,-0.04844666,3.39822518,-1.65174754,-2.62038565,0.07879434,0.92552273,-0.04869859,-2.97574933,-1.65022166,-2.85269936,0.07057190,1.00356198,-0.05607605,0.10742188,-0.00488281,0.32226562,0.01464844,-0.32226562,0.00000000,1.03378296,2.64793449,2.64930725,-0.02441406
2.56058359,900,-2.88495953,-1.70210154,-2.62000283,0.07896423,0.92345334,-0.04806519,3.39822558,-1.65174754,-2.62015952,0.07865209,0.92402536,-0.04827274,-2.97384198,-1.65022166,-2.84850319,0.07095337,0.99822140,-0.05531311,0.13183594,-0.00488281,0.31250000,0.01464844,-0.36621094,0.02929688,1.03378296,2.64796594,2.64930725,-0.02441406
2.57514358,905,-2.88495953,-1.70210154,-2.62000283,0.07743835,0.92421628,-0.04806519,3.39822571,-1.65174754,-2.62005417,0.07806837,0.92368582,-0.04813320,-2.97193463,-1.65022166,-2.84316262,0.07247925,0.99173642,-0.05455017,0.11230469,-0.00488281,0.31250000,0.05859375,-0.38085938,0.04394531,1.03378296,2.64809832,2.64930725,-0.02441406
2.58642602,910,-2.88495953,-1.70172007,-2.61962136,0.07400513,0.92459775,-0.04806519,3.39822575,-1.65167124,-2.61994336,0.07594289,0.92397214,-0.04808747,-2.97079022,-1.65022166,-2.83934792,0.07247925,0.98715878,-0.05302429,0.09765625,-0.00488281,0.33203125,0.00000000,-0.38085938,0.10253906,1.03340149,2.64782896,2.64930725,-0.02441406
2.60033035,915,-2.88495953,-1.70172007,-2.61923989,0.07019043,0.92574215,-0.04806519,3.39822577,-1.65146607,-2.61958954,0.07273983,0.92463616,-0.04807249,-2.96888287,-1.65022166,-2.83553322,0.07286072,0.98258114,-0.05264282,0.11718750,-0.00488281,0.28320312,0.02929688,-0.39550781,-0.01464844,1.03340149,2.64774069,2.64930725,-0.04882812
2.61390734,920,-2.88495953,-1.70172007,-2.61809548,0.06523132,0.92803097,-0.04844666,3.39822577,-1.65139884,-2.61883554,0.06851874,0.92626121,-0.04820491,-2.96735700,-1.65022166,-2.83171852,0.07286072,0.97876645,-0.05264282,0.12207031,0.00000000,0.28808594,-0.01464844,-0.23437500,-0.02929688,1.03340149,2.64751157,2.64930725,-0.02441406
2.62771392,925,-2.88534100,-1.70172007,-2.61656960,0.06065369,0.92993832,-0.04806519,3.39800055,-1.65137681,-2.61759384,0.06370979,0.92809364,-0.04814222,-2.96583112,-1.65022166,-2.82828530,0.07324219,0.97533322,-0.05264282,0.10742188,-0.00976562,0.27343750,-0.01464844,-0.21972656,-0.01464844,1.03340149,2.64743649,2.64930725,-0.02441406
2.64034438,930,-2.88572247,-1.70172007,-2.61504372,0.05416870,0.93222714,-0.04844666,3.39767028,-1.65136959,-2.61598091,0.05759139,0.93043456,-0.04834690,-2.96468671,-1.65022166,-2.82485207,0.07324219,0.97228146,-0.05264282,0.09765625,-0.00488281,0.29785156,-0.01464844,-0.27832031,-0.01464844,1.03340149,2.64747439,2.64930725,-0.02441406
2.65797043,935,-2.88724835,-1.70172007,-2.61122902,0.04234314,0.93604184,-0.04806519,3.39665532,-1.65136722,-2.61340770,0.04864865,0.93336546,-0.04828884,-2.96277936,-1.65022166,-2.81913002,0.07247925,0.96808529,-0.05264282,0.09765625,-0.00976562,0.30273438,-0.05859375,-0.24902344,0.00000000,1.03340149,2.64742431,2.64930725,-0.02441406
2.67513967,940,-2.88762982,-1.70172007,-2.60741433,0.03433228,0.93756772,-0.04806519,3.39609605,-1.65136645,-2.61012189,0.04043447,0.93572282,-0.04831865,-2.96087201,-1.65022166,-2.81531533,0.07171631,0.96427060,-0.05226135,0.11230469,-0.00976562,0.27343750,-0.05859375,-0.14648438,-0.01464844,1.03340149,2.64759247,2.64930725,-0.02441406
2.68714356,945,-2.88801129,-1.70172007,-2.60512551,0.02937317,0.93756772,-0.04844666,3.39550740,-1.65136619,-2.60712600,0.03367486,0.93670671,-0.04837346,-2.96010907,-1.65022166,-2.81188210,0.07095337,0.96236325,-0.05226135,0.08789062,-0.00488281,0.25878906,-0.08789062,-0.19042969,-0.01464844,1.03340149,2.64763878,2.64930725,0.00000000
2.70444822,950,-2.88839276,-1.70172007,-2.59978493,0.02021790,0.93756772,-0.04806519,3.39502679,-1.65136611,-2.60325198,0.02622452,0.93691925,-0.04820526,-2.95858319,-1.65022166,-2.80806740,0.06904602,0.96045590,-0.05187988,0.09277344,-0.00488281,0.28320312,-0.19042969,-0.14648438,0.00000000,1.03340149,2.64747818,2.64930725,-0.04882812
2.72043467,955,-2.88839276,-1.70172007,-2.59558876,0.01449585,0.93718625,-0.04844666,3.39486930,-1.65136608,-2.59912524,0.01925060,0.93697363,-0.04829724,-2.95629437,-1.65022166,-2.80196389,0.06561279,0.95740414,-0.05187988,0.09765625,-0.00488281,0.28320312,-0.17578125,-0.10253906,0.00000000,1.03340149,2.64742555,2.64930725,-0.02441406
2.73315811,960,-2.88877423,-1.70172007,-2.59215554,0.00991821,0.93718625,-0.04806519,3.39468037,-1.65136607,-2.59502189,0.01343072,0.93686011,-0.04817248,-2.95553143,-1.65022166,-2.79891213,0.06332397,0.95702267,-0.05149841,0.08789062,-0.00488281,0.27343750,-0.19042969,-0.01464844,0.00000000,1.03340149,2.64747081,2.64892578,-0.02441406
2.74741626,965,-2.88877423,-1.70172007,-2.58910378,0.00610352,0.93680478,-0.04806519,3.39449932,-1.65136607,-2.59139654,0.00868162,0.93659769,-0.04810034,-2.95400556,-1.65022166,-2.79509743,0.05950928,0.95664120,-0.05149841,0.08300781,-0.00488281,0.27343750,-0.29296875,-0.01464844,0.00000000,1.03340149,2.64742314,2.64930725,-0.02441406
2.76054215,970,-2.88877423,-1.70172007,-2.58452614,0.00000000,0.93489743,-0.04806519,3.39443999,-1.65136607,-2.58749911,0.00370160,0.93556773,-0.04807671,-2.95286115,-1.65022166,-2.79128273,0.05569458,0.95511532,-0.05111694,0.08789062,0.00000000,0.26855469,-0.29296875,-0.08789062,0.00000000,1.03340149,2.64740752,2.64892578,-0.02441406
2.77512121,975,-2.88877423,-1.70172007,-2.58071144,-0.00381470,0.93451596,-0.04806519,3.39442055,-1.65136607,-2.58353182,-0.00083186,0.93463538,-0.04806896,-2.95171674,-1.65060313,-2.78708657,0.05187988,0.95358944,-0.05111694,0.07324219,-0.00976562,0.30761719,-0.33691406,-0.10253906,0.00000000,1.03340149,2.64762212,2.64930725,-0.04882812
2.79129314,980,-2.88877423,-1.70172007,-2.57689675,-0.00839233,0.93413449,-0.04730225,3.39423400,-1.65136607,-2.57984144,-0.00529932,0.93404215,-0.04773366,-2.95057233,-1.65060313,-2.78365334,0.04806519,0.95244504,-0.05073547,0.09277344,-0.00488281,0.25390625,-0.24902344,-0.07324219,0.01464844,1.03340149,2.64747272,2.64930725,-0.04882812
2.80541182,985,-2.88915570,-1.70172007,-2.57346352,-0.01182556,0.93260861,-0.04577637,3.39416690,-1.65136607,-2.57630490,-0.00908218,0.93332286,-0.04684840,-2.94904645,-1.65060313,-2.77945717,0.04310608,0.95130063,-0.05035400,0.07324219,0.00000000,0.26367188,-0.33691406,-0.05859375,0.02929688,1.03340149,2.64742376,2.64930725,-0.02441406
2.81855869,990,-2.88915570,-1.70172007,-2.57117470,-0.01411438,0.92955685,-0.04425049,3.39419373,-1.65136607,-2.57326592,-0.01231174,0.93119507,-0.04544161,-2.94790204,-1.65060313,-2.77526100,0.04005432,0.95015622,-0.04997253,0.09277344,-0.00488281,0.29785156,-0.21972656,-0.11718750,0.00000000,1.03340149,2.64740772,2.64930725,-0.04882812
2.83149147,995,-2.88877423,-1.70172007,-2.56812294,-0.01716614,0.92497922,-0.04119873,3.39425197,-1.65136607,-2.57037704,-0.01531190,0.92766825,-0.04322820,-2.94713910,-1.65060313,-2.77144631,0.03662109,0.94786740,-0.04997253,0.07324219,-0.00488281,0.26855469,-0.29296875,-0.10253906,0.00000000,1.03340149,2.64754309,2.64930725,0.00000000
2.84635019,1000,-2.88877423,-1.70172007,-2.56545266,-0.01907349,0.92078305,-0.03700256,3.39435894,-1.65136607,-2.56763952,-0.01773554,0.92371631,-0.03991514,-2.94599469,-1.65060313,-2.76801308,0.03204346,0.94672299,-0.04959106,0.07324219,-0.00976562,0.28320312,-0.33691406,-0.10253906,0.01464844,1.03340149,2.64744682,2.64930725,-0.02441406
2.86057758,1005,-2.88877423,-1.70172007,-2.56316384,-0.02059937,0.91773129,-0.03395081,3.39439399,-1.65136607,-2.56509234,-0.01966693,0.92000728,-0.03643742,-2.94485028,-1.65060313,-2.76457985,0.02861023,0.94443417,-0.04920959,0.06835938,-0.00976562,0.25878906,-0.24902344,-0.13183594,0.00000000,1.03302002,2.64696484,2.64930725,-0.02441406
2.87484050,1010,-2.88915570,-1.70172007,-2.56049355,-0.02403259,0.91429806,-0.03013611,3.39418026,-1.65136607,-2.56245605,-0.02221350,0.91646952,-0.03292602,-2.94408734,-1.65060313,-2.76000222,0.02441406,0.94252682,-0.04844666,0.06347656,-0.00488281,0.27832031,-0.30761719,-0.14648438,0.02929688,1.03263855,2.64646974,2.64930725,-0.02441406
2.88838816,1015,-2.88915570,-1.70172007,-2.55820473,-0.02708435,0.91162777,-0.02708435,3.39407897,-1.65136607,-2.55989858,-0.02529357,0.91337777,-0.02929933,-2.94294293,-1.65060313,-2.75733193,0.02174377,0.93985653,-0.04806519,0.06835938,-0.00488281,0.26855469,-0.23437500,-0.20507812,0.01464844,1.03225708,2.64579457,2.64930725,0.00000000
2.90270138,1020,-2.88915570,-1.70172007,-2.55477150,-0.03013611,0.90743161,-0.02403259,3.39404578,-1.65136607,-2.55698377,-0.02822472,0.90984526,-0.02615928,-2.94179852,-1.65060313,-2.75313576,0.01831055,0.93718625,-0.04653931,0.07324219,-0.00488281,0.28808594,-0.29296875,-0.19042969,0.11718750,1.03225708,2.64533505,2.64930725,0.00000000
2.91686678,1025,-2.88915570,-1.70172007,-2.55210121,-0.03280640,0.90399838,-0.02212524,3.39403491,-1.65136607,-2.55431344,-0.03094924,0.90656944,-0.02384799,-2.94103558,-1.65060313,-2.74893959,0.01449585,0.93527890,-0.04348755,0.06347656,-0.00488281,0.27832031,-0.23437500,-0.08789062,0.17578125,1.03187561,2.64503188,2.64892578,-0.04882812
2.93140578,1030,-2.88915570,-1.70172007,-2.54943093,-0.03471375,0.90018368,-0.02059937,3.39403134,-1.65136607,-2.55163092,-0.03337484,0.90280144,-0.02199444,-2.93950971,-1.65060313,-2.74550637,0.01106262,0.93451596,-0.04196167,0.07324219,-0.00488281,0.24902344,-0.24902344,-0.02929688,0.10253906,1.03187561,2.64457219,2.64930725,-0.04882812
2.94844961,1035,-2.88915570,-1.70172007,-2.54676064,-0.03547668,0.89636899,-0.01831055,3.39403017,-1.65136607,-2.54885898,-0.03483300,0.89905331,-0.02002013,-2.93874677,-1.65060313,-2.74131020,0.00762939,0.93260861,-0.04119873,0.05371094,-0.00488281,0.28320312,-0.26367188,-0.13183594,0.04394531,1.03187561,2.64429949,2.64930725,-0.02441406
2.96200037,1040,-2.88953717,-1.70172007,-2.54370888,-0.03585815,0.89331723,-0.01525879,3.39395350,-1.65136607,-2.54615769,-0.03559852,0.89559172,-0.01758021,-2.93760236,-1.65060313,-2.73673256,0.00457764,0.92955685,-0.04005432,0.08300781,-0.00976562,0.28320312,-0.20507812,-0.14648438,0.08789062,1.03187561,2.64433220,2.64892578,-0.04882812
2.97568488,1045,-2.88991864,-1.70172007,-2.54142006,-0.03623962,0.89102841,-0.01220703,3.39361087,-1.65136607,-2.54349251,-0.03616688,0.89274820,-0.01451899,-2.93683942,-1.65060313,-2.73406227,0.00228882,0.92803097,-0.03852844,0.06347656,-0.01464844,0.25878906,-0.17578125,-0.14648438,0.11718750,1.03187561,2.64434292,2.64892578,-0.02441406
2.98950863,1050,-2.89106305,-1.70172007,-2.53874977,-0.03623962,0.88873959,-0.00953674,3.39275067,-1.65136607,-2.54081413,-0.03647226,0.89023661,-0.01156044,-2.93569501,-1.65060313,-2.73024758,-0.00152588,0.92650509,-0.03280640,0.06835938,-0.00976562,0.23437500,-0.24902344,-0.05859375,0.33691406,1.03187561,2.64434643,2.64892578,-0.02441406
3.00399899,1055,-2.89258893,-1.70172007,-2.53569802,-0.03585815,0.88759518,-0.00801086,3.39167193,-1.65136607,-2.53802583,-0.03638617,0.88845474,-0.00954362,-2.93493207,-1.65060313,-2.72643288,-0.00457764,0.92459775,-0.03242493,0.05859375,-0.00488281,0.25390625,-0.24902344,-0.16113281,0.00000000,1.03187561,2.64424993,2.64892578,-0.02441406
3.01895905,1060,-2.89411481,-1.70172007,-2.53302773,-0.03585815,0.88492489,-0.00572205,3.39028475,-1.65136607,-2.53532664,-0.03628764,0.88643739,-0.00755535,-2.93416913,-1.65098460,-2.72261818,-0.00610352,0.91925717,-0.03204346,0.04882812,-0.01464844,0.27832031,-0.17578125,-0.24902344,0.02929688,1.03187561,2.64419389,2.64892578,-0.02441406
3.03579688,1065,-2.89564069,-1.70172007,-2.52997597,-0.03547668,0.88149167,-0.00305176,3.38871204,-1.65136607,-2.53244852,-0.03611803,0.88361411,-0.00516666,-2.93340619,-1.65098460,-2.71880349,-0.00877380,0.91658688,-0.03013611,0.04394531,-0.00976562,0.23437500,-0.20507812,-0.17578125,0.11718750,1.03187561,2.64405932,2.64892578,-0.02441406
3.05003572,1070,-2.89716657,-1.70172007,-2.52768715,-0.03509521,0.87920285,-0.00152588,3.38717081,-1.65136607,-2.52976738,-0.03571809,0.88096071,-0.00308852,-2.93264325,-1.65098460,-2.71537026,-0.01182556,0.91391659,-0.02899170,0.04394531,-0.00976562,0.25390625,-0.23437500,-0.16113281,0.04394531,1.03225708,2.64440609,2.64892578,-0.02441406
3.06407404,1075,-2.89831098,-1.70172007,-2.52577980,-0.03471375,0.87729550,0.00038147,3.38577723,-1.65136607,-2.52730715,-0.03541846,0.87846075,-0.00097628,-2.93188031,-1.65098460,-2.71231850,-0.01335144,0.91048337,-0.02708435,0.03417969,-0.00488281,0.24414062,-0.13183594,-0.24902344,0.16113281,1.03187561,2.64444526,2.64892578,-0.02441406
3.07720828,1080,-2.90021832,-1.70172007,-2.52272805,-0.03433228,0.87386227,0.00152588,3.38440787,-1.65136607,-2.52477980,-0.03506381,0.87584408,0.00049455,-2.93111737,-1.65098460,-2.70774086,-0.01525879,0.90705014,-0.02517700,0.05371094,-0.00976562,0.25878906,-0.11718750,-0.17578125,0.04394531,1.03225708,2.64453255,2.64892578,-0.04882812
3.09230042,1085,-2.90212567,-1.70172007,-2.51967629,-0.03395081,0.87042904,0.00190735,3.38261870,-1.65136607,-2.52210984,-0.03475216,0.87271748,0.00141315,-2.93073590,-1.65098460,-2.70468911,-0.01640320,0.90514279,-0.02441406,0.04882812,-0.00488281,0.24902344,-0.13183594,-0.08789062,0.07324219,1.03187561,2.64440857,2.64854431,-0.09765625
3.10610008,1090,-2.90327008,-1.70172007,-2.51776894,-0.03356934,0.86737729,0.00190735,3.38108284,-1.65136607,-2.51952340,-0.03424464,0.86951425,0.00174541,-2.93035443,-1.65098460,-2.70163735,-0.01831055,0.90399838,-0.02212524,0.02441406,-0.00488281,0.25390625,-0.14648438,-0.08789062,0.11718750,1.03149414,2.64421536,2.64892578,0.02441406
3.12096071,1095,-2.90441449,-1.70172007,-2.51509865,-0.03356934,0.86432553,0.00190735,3.37977110,-1.65136607,-2.51698068,-0.03404709,0.86638160,0.00185428,-2.92959149,-1.65098460,-2.69820412,-0.01907349,0.90247250,-0.02098083,0.04394531,-0.00488281,0.25390625,-0.08789062,-0.07324219,0.08789062,1.03187561,2.64430463,2.64854431,0.00000000
3.13461375,1100,-2.90555890,-1.70172007,-2.51204689,-0.03356934,0.86165524,0.00152588,3.37847957,-1.65136607,-2.51406448,-0.03398236,0.86329956,0.00176484,-2.92882855,-1.65098460,-2.69438942,-0.02059937,0.90094662,-0.01754761,0.03906250,-0.00976562,0.26367188,-0.10253906,-0.13183594,0.21972656,1.03225708,2.64460854,2.64854431,-0.02441406
3.14885783,1105,-2.90746625,-1.70172007,-2.50861367,-0.03356934,0.85707760,0.00152588,3.37699325,-1.65136607,-2.51107020,-0.03396114,0.85971053,0.00169207,-2.92844708,-1.65098460,-2.69057473,-0.02098083,0.89789486,-0.01564026,0.01464844,-0.00488281,0.25390625,-0.04394531,-0.17578125,0.08789062,1.03263855,2.64539685,2.64854431,-0.02441406
3.16605186,1110,-2.90899213,-1.70133860,-2.50479897,-0.03356934,0.85364438,0.00114441,3.37544127,-1.65114085,-2.50776555,-0.03395419,0.85616814,0.00150404,-2.92806561,-1.65098460,-2.68714150,-0.02136230,0.89446164,-0.01487732,0.01953125,-0.00976562,0.24902344,-0.04394531,-0.21972656,0.02929688,1.03302002,2.64587025,2.64854431,-0.02441406
3.18276215,1115,-2.91013654,-1.70095713,-2.50136574,-0.03395081,0.84906674,0.00076294,3.37404417,-1.65089847,-2.50404535,-0.03413807,0.85209917,0.00112492,-2.92730267,-1.65098460,-2.68256386,-0.02288818,0.88988400,-0.01411438,0.02441406,-0.00488281,0.24414062,-0.10253906,-0.20507812,0.05859375,1.03340149,2.64659789,2.64854431,0.00000000
3.19786263,1120,-2.91051801,-1.70095713,-2.49755104,-0.03395081,0.84563351,0.00076294,3.37314972,-1.65069991,-2.50034951,-0.03426864,0.84809581,0.00088155,-2.92692120,-1.65098460,-2.67874916,-0.02403259,0.88683224,-0.01144409,0.01953125,-0.00488281,0.23437500,-0.05859375,-0.20507812,0.17578125,1.03340149,2.64732167,2.64854431,-0.04882812
3.21389055,1125,-2.91128095,-1.70057566,-2.49335488,-0.03395081,0.84181881,0.00038147,3.37243158,-1.65044868,-2.49661905,-0.03431142,0.84455230,0.00066448,-2.92653973,-1.65098460,-2.67493447,-0.02479553,0.88149167,-0.00724792,0.01953125,-0.00488281,0.26367188,-0.10253906,-0.29296875,0.21972656,1.03378296,2.64788721,2.64854431,0.00000000
3.22768521,1130,-2.91204389,-1.69981272,-2.48992165,-0.03395081,0.83914853,0.00038147,3.37171457,-1.64997256,-2.49298832,-0.03432544,0.84128435,0.00047421,-2.92653973,-1.65098460,-2.67188271,-0.02593994,0.87882138,-0.00801086,0.00488281,-0.00488281,0.24414062,-0.11718750,-0.19042969,-0.04394531,1.03378296,2.64807252,2.64816284,-0.04882812
3.24227285,1135,-2.91318829,-1.69981272,-2.48648842,-0.03395081,0.83609677,0.00038147,3.37081031,-1.64962710,-2.48940102,-0.03433004,0.83819153,0.00041186,-2.92615827,-1.65136607,-2.66883095,-0.02708435,0.87729550,-0.00724792,0.00976562,-0.00488281,0.24414062,-0.07324219,-0.13183594,0.00000000,1.03378296,2.64813325,2.64816284,-0.02441406
3.25441933,1140,-2.91395123,-1.69943125,-2.48305519,-0.03395081,0.83380795,0.00000000,3.36990097,-1.64937656,-2.48600422,-0.03433154,0.83567588,0.00016621,-2.92615827,-1.65098460,-2.66539772,-0.02746582,0.87576962,-0.00762939,0.01464844,-0.00488281,0.24902344,-0.02929688,-0.08789062,-0.01464844,1.03378296,2.64815314,2.64854431,0.00000000
3.26869392,1145,-2.91471417,-1.69866831,-2.47924050,-0.03433228,0.83113766,-0.00038147,3.36905880,-1.64881278,-2.48221953,-0.03440833,0.83291955,-0.00020201,-2.92577680,-1.65098460,-2.66158303,-0.02784729,0.87386227,-0.00762939,0.00976562,-0.00488281,0.25390625,-0.04394531,-0.10253906,-0.01464844,1.03378296,2.64825732,2.64816284,-0.02441406
3.28655291,1150,-2.91509564,-1.69790538,-2.47504433,-0.03395081,0.82884884,-0.00038147,3.36840723,-1.64799596,-2.47795605,-0.03435720,0.83021728,-0.00032266,-2.92539533,-1.65136607,-2.65776833,-0.02822876,0.87119198,-0.00724792,0.00976562,-0.00976562,0.25878906,-0.04394531,-0.16113281,0.00000000,1.03416443,2.64853096,2.64816284,-0.02441406
3.30320168,1155,-2.91509564,-1.69752391,-2.46970375,-0.03395081,0.82503415,0.00000000,3.36819372,-1.64755973,-2.47352652,-0.03440148,0.82741456,-0.00013698,-2.92539533,-1.65136607,-2.65395363,-0.02861023,0.86775876,-0.00724792,0.00976562,-0.00976562,0.24902344,-0.07324219,-0.27832031,0.01464844,1.03378296,2.64845925,2.64816284,-0.02441406
3.31539416,1160,-2.91509564,-1.69714244,-2.46741494,-0.03395081,0.82198239,0.00000000,3.36812376,-1.64707242,-2.46973203,-0.03435495,0.82397078,-0.00004489,-2.92501386,-1.65098460,-2.65090187,-0.02937317,0.86394406,-0.00686646,0.01953125,-0.00488281,0.24414062,-0.07324219,-0.26367188,0.01464844,1.03378296,2.64835762,2.64854431,-0.04882812
3.32819366,1165,-2.91509564,-1.69676097,-2.46245583,-0.03395081,0.81816769,0.00000000,3.36810084,-1.64665627,-2.46569068,-0.03433971,0.82040311,-0.00005377,-2.92463239,-1.65136607,-2.64785012,-0.03013611,0.85898495,-0.00648499,0.00976562,-0.00976562,0.22460938,-0.04394531,-0.30761719,0.01464844,1.03378296,2.64822667,2.64816284,0.00000000
3.34420538,1170,-2.91509564,-1.69637950,-2.45749672,-0.03433228,0.81320859,0.00000000,3.36809333,-1.64623219,-2.46119490,-0.03459118,0.81623052,-0.00006645,-2.92463239,-1.65098460,-2.64365395,-0.02975464,0.85440732,-0.00572205,0.00488281,-0.00488281,0.25390625,-0.01464844,-0.26367188,0.01464844,1.03378296,2.64840348,2.64816284,-0.02441406
3.35954666,1175,-2.91509564,-1.69637950,-2.45406349,-0.03433228,0.81015683,0.00000000,3.36809086,-1.64609322,-2.45687297,-0.03467358,0.81236324,-0.00005302,-2.92463239,-1.65098460,-2.64022072,-0.03013611,0.85135556,-0.00495911,0.00976562,-0.00488281,0.22949219,-0.02929688,-0.16113281,0.02929688,1.03378296,2.64831982,2.64854431,-0.04882812
3.37325692,1180,-2.91509564,-1.69599803,-2.44910439,-0.03471375,0.80519772,0.00000000,3.36809006,-1.64582247,-2.45243564,-0.03483791,0.80811396,-0.00013652,-2.92425092,-1.65098460,-2.63678749,-0.03013611,0.84982968,-0.00457764,0.01464844,-0.00488281,0.25390625,-0.01464844,-0.08789062,0.00000000,1.03378296,2.64827678,2.64816284,-0.04882812
3.38834047,1185,-2.91509564,-1.69561656,-2.44338234,-0.03471375,0.80023861,-0.00038147,3.36808979,-1.64551634,-2.44746905,-0.03493082,0.80348364,-0.00026214,-2.92386945,-1.65098460,-2.63297280,-0.03051758,0.84830380,-0.00457764,0.00488281,-0.00976562,0.25390625,-0.02929688,-0.07324219,-0.01464844,1.03416443,2.64853734,2.64854431,-0.02441406
3.40041947,1190,-2.91547711,-1.69523509,-2.43956765,-0.03433228,0.79413510,-0.00038147,3.36795238,-1.64515956,-2.44329740,-0.03492599,0.79872028,-0.00029354,-2.92386945,-1.65136607,-2.62953957,-0.03051758,0.84677792,-0.00419617,0.00000000,-0.00488281,0.27832031,-0.02929688,-0.10253906,-0.01464844,1.03378296,2.64852384,2.64816284,-0.02441406
3.41639757,1195,-2.91547711,-1.69523509,-2.43499001,-0.03433228,0.78459836,0.00000000,3.36778821,-1.64497233,-2.43846657,-0.03478329,0.79061926,-0.00009619,-2.92386945,-1.65098460,-2.62610634,-0.03051758,0.84410763,-0.00419617,0.00000000,-0.00488281,0.27343750,-0.02929688,-0.20507812,0.00000000,1.03416443,2.64873157,2.64816284,-0.04882812
3.42982388,1200,-2.91547711,-1.69485362,-2.43079384,-0.03433228,0.77849484,0.00000000,3.36773441,-1.64472483,-2.43397796,-0.03479757,0.78328210,-0.00003152,-2.92386945,-1.65098460,-2.62229164,-0.03089905,0.83876706,-0.00419617,0.00000000,-0.00488281,0.25878906,-0.02929688,-0.35156250,-0.01464844,1.03416443,2.64886214,2.64816284,-0.02441406
3.44495559,1205,-2.91624005,-1.69447215,-2.42659767,-0.03433228,0.77277279,0.00000000,3.36741527,-1.64434819,-2.42978802,-0.03474121,0.77713287,-0.00001033,-2.92348798,-1.65098460,-2.61847695,-0.03128052,0.83304501,-0.00381470,0.00000000,0.00000000,0.25878906,-0.05859375,-0.35156250,0.01464844,1.03416443,2.64890493,2.64816284,-0.02441406
3.45815969,1210,-2.91662152,-1.69409068,-2.42163857,-0.03433228,0.76361752,0.00000000,3.36687405,-1.64393706,-2.42514199,-0.03480282,0.76946554,-0.00000338,-2.92348798,-1.65098460,-2.61580666,-0.03204346,0.82884884,-0.00381470,0.00488281,-0.00488281,0.23437500,-0.07324219,-0.33691406,-0.01464844,1.03416443,2.64891895,2.64816284,-0.02441406
3.47408867,1215,-2.91738446,-1.69332774,-2.41667946,-0.03433228,0.75636960,0.00000000,3.36627165,-1.64340854,-2.42030256,-0.03474293,0.76154552,-0.00000111,-2.92310651,-1.65098460,-2.61122902,-0.03318787,0.82312680,-0.00343323,0.01464844,-0.00488281,0.25878906,-0.11718750,-0.29296875,0.00000000,1.03416443,2.64892354,2.64854431,-0.02441406
3.48821211,1220,-2.91738446,-1.69256480,-2.41286476,-0.03471375,0.75102902,0.00000000,3.36595512,-1.64275366,-2.41603489,-0.03479960,0.75525229,-0.00000036,-2.92310651,-1.65098460,-2.60779579,-0.03471375,0.81893063,-0.00343323,0.01953125,-0.00488281,0.24414062,-0.08789062,-0.26367188,-0.01464844,1.03454590,2.64927783,2.64854431,-0.04882812
3.50056481,1225,-2.91852887,-1.69180186,-2.40905007,-0.03433228,0.74568844,0.00000000,3.36533248,-1.64212623,-2.41217040,-0.03474188,0.74971820,-0.00000012,-2.92272504,-1.65098460,-2.60512551,-0.03471375,0.81626034,-0.00343323,0.00000000,0.00000000,0.26855469,-0.02929688,-0.23437500,0.00000000,1.03454590,2.64941346,2.64816284,0.00000000
3.51390624,1230,-2.91967328,-1.69103892,-2.40637978,-0.03433228,0.73882199,0.00000000,3.36443912,-1.64139549,-2.40890420,-0.03472296,0.74378150,-0.00006107,-2.92272504,-1.65098460,-2.60092934,-0.03471375,0.81168271,-0.00305176,0.00000000,-0.00976562,0.26367188,0.00000000,-0.27832031,0.01464844,1.03416443,2.64944593,2.64816284,-0.02441406
3.52725291,1235,-2.92119916,-1.68989451,-2.40256508,-0.03433228,0.73233700,-0.00038147,3.36304043,-1.64035977,-2.40519355,-0.03471677,0.73681260,-0.00015734,-2.92272504,-1.65098460,-2.59749611,-0.03471375,0.80710507,-0.00267029,0.00488281,-0.00488281,0.29785156,-0.01464844,-0.36621094,0.00000000,1.03454590,2.64954666,2.64816284,0.00000000
3.54011512,1240,-2.92234357,-1.68875010,-2.39951332,-0.03433228,0.72890378,-0.00038147,3.36186152,-1.63937012,-2.40207482,-0.03471474,0.73212852,-0.00023772,-2.92272504,-1.65098460,-2.59406288,-0.03471375,0.80252743,-0.00267029,0.00488281,0.00488281,0.27832031,0.00000000,-0.43945312,0.01464844,1.03454590,2.64956405,2.64816284,-0.02441406
3.55517697,1245,-2.92272504,-1.68722422,-2.39646157,-0.03433228,0.72508908,-0.00038147,3.36098974,-1.63809027,-2.39892250,-0.03471407,0.72795033,-0.00029530,-2.92272504,-1.65098460,-2.58986672,-0.03471375,0.79604245,-0.00228882,-0.00488281,0.00976562,0.26855469,-0.01464844,-0.35156250,0.02929688,1.03454590,2.64958537,2.64816284,-0.02441406
3.56983781,1250,-2.92348798,-1.68531687,-2.39379128,-0.03433228,0.72241879,-0.00038147,3.36019114,-1.63641978,-2.39593606,-0.03471385,0.72458720,-0.00035323,-2.92272504,-1.65060313,-2.58643349,-0.03471375,0.79184628,-0.00152588,0.00000000,0.01464844,0.24414062,-0.01464844,-0.24902344,0.02929688,1.03454590,2.64971735,2.64816284,-0.02441406
3.58781457,1255,-2.92501386,-1.68302806,-2.39112099,-0.03433228,0.72089291,-0.00038147,3.35920289,-1.63431161,-2.39325006,-0.03471378,0.72218683,-0.00037222,-2.92234357,-1.65060313,-2.58185585,-0.03471375,0.78612423,-0.00076294,0.00000000,0.00000000,0.24414062,-0.01464844,-0.35156250,0.01464844,1.03454590,2.64991783,2.64816284,-0.04882812
3.60556769,1260,-2.92730267,-1.68035777,-2.38959511,-0.03395081,0.72051144,-0.00038147,3.35749063,-1.63193538,-2.39112333,-0.03463746,0.72080396,-0.00032961,-2.92234357,-1.65022166,-2.57804116,-0.03471375,0.77773190,-0.00076294,-0.00488281,0.00488281,0.26367188,-0.01464844,-0.38085938,-0.02929688,1.03454590,2.64976380,2.64816284,-0.02441406
3.61974025,1265,-2.92844708,-1.67806895,-2.38883217,-0.03395081,0.72051144,-0.00038147,3.35586084,-1.62975903,-2.38973333,-0.03443228,0.72035083,-0.00036448,-2.92234357,-1.65022166,-2.57384499,-0.03471375,0.77315426,-0.00076294,-0.00488281,0.01953125,0.24414062,0.00000000,-0.32226562,-0.01464844,1.03454590,2.64971332,2.64854431,-0.02441406
3.63387084,1270,-2.92959149,-1.67539866,-2.38883217,-0.03395081,0.72127438,-0.00038147,3.35454810,-1.62712169,-2.38912746,-0.03436504,0.72053510,-0.00037590,-2.92234357,-1.64945872,-2.57155617,-0.03509521,0.77010251,-0.00076294,0.00000000,0.03417969,0.24414062,-0.02929688,-0.21972656,-0.01464844,1.03454590,2.64969678,2.64816284,-0.02441406
3.64892578,1275,-2.92997296,-1.67310984,-2.38883217,-0.03395081,0.72165585,-0.00038147,3.35376918,-1.62478654,-2.38892893,-0.03434301,0.72100089,-0.00037965,-2.92234357,-1.64907725,-2.56697853,-0.03471375,0.76705075,-0.00076294,-0.00488281,0.02441406,0.23437500,0.00000000,-0.17578125,-0.01464844,1.03454590,2.64989156,2.64816284,-0.02441406
3.66125989,1280,-2.93073590,-1.67082102,-2.38883217,-0.03395081,0.72203732,0.00000000,3.35306205,-1.62236340,-2.38886388,-0.03433579,0.72144123,-0.00030458,-2.92234357,-1.64831431,-2.56430825,-0.03509521,0.76476193,-0.00076294,-0.00976562,0.03906250,0.27832031,-0.02929688,-0.21972656,0.00000000,1.03454590,2.64981769,2.64854431,-0.02441406
3.67656422,1285,-2.93188031,-1.66815074,-2.38883217,-0.03395081,0.72165585,-0.00038147,3.35213123,-1.61973308,-2.38884256,-0.03433343,0.72139937,-0.00035627,-2.92234357,-1.64793284,-2.55973061,-0.03509521,0.76018429,-0.00076294,-0.00488281,0.02441406,0.26855469,-0.01464844,-0.23437500,-0.02929688,1.03492737,2.64998122,2.64816284,-0.02441406
3.68991113,1290,-2.93302472,-1.66624339,-2.38883217,-0.03395081,0.72127438,-0.00038147,3.35094695,-1.61743990,-2.38883558,-0.03433265,0.72105887,-0.00037321,-2.92272504,-1.64755137,-2.55744179,-0.03471375,0.75789547,-0.00076294,-0.00976562,0.04882812,0.24902344,-0.01464844,-0.19042969,-0.01464844,1.03454590,2.65002285,2.64816284,0.00000000
3.70510697,1295,-2.93455060,-1.66281016,-2.38883217,-0.03395081,0.72051144,-0.00038147,3.34961309,-1.61481091,-2.38883329,-0.03433240,0.72061453,-0.00037876,-2.92272504,-1.64678843,-2.55400856,-0.03471375,0.75484372,-0.00076294,-0.01464844,0.03417969,0.22460938,-0.01464844,-0.17578125,-0.01464844,1.03492737,2.65031115,2.64854431,0.00000000
3.71867013,1300,-2.93531354,-1.66013987,-2.38883217,-0.03395081,0.71936703,-0.00038147,3.34854393,-1.61224693,-2.38883254,-0.03433232,0.71991094,-0.00038058,-2.92272504,-1.64602549,-2.55133828,-0.03471375,0.75141049,-0.00076294,-0.01464844,0.03417969,0.21484375,-0.01464844,-0.19042969,-0.01464844,1.03454590,2.65025303,2.64854431,-0.02441406
3.73173380,1305,-2.93607648,-1.65785105,-2.38883217,-0.03433228,0.71745968,-0.00038147,3.34779051,-1.60948562,-2.38883229,-0.03440858,0.71840732,-0.00038118,-2.92310651,-1.64564402,-2.54790505,-0.03509521,0.74912167,-0.00076294,-0.01464844,0.04394531,0.20996094,-0.01464844,-0.16113281,-0.01464844,1.03492737,2.65038657,2.64854431,0.00000000
3.74620032,1310,-2.93683942,-1.65556224,-2.38883217,-0.03433228,0.71517087,-0.00038147,3.34696965,-1.60693211,-2.38883221,-0.03456492,0.71629718,-0.00038137,-2.92310651,-1.64526255,-2.54485329,-0.03509521,0.74645138,-0.00076294,-0.01953125,0.01953125,0.21972656,-0.01464844,-0.16113281,-0.02929688,1.03492737,2.65043033,2.64816284,-0.02441406
3.76154780,1315,-2.93836530,-1.65212901,-2.38883217,-0.03395081,0.71288205,-0.00038147,3.34592528,-1.60414750,-2.38883218,-0.03445734,0.71414553,-0.00038144,-2.92348798,-1.64449961,-2.54370888,-0.03471375,0.74416256,-0.00076294,-0.02441406,0.05371094,0.21972656,0.00000000,-0.08789062,-0.02929688,1.03492737,2.65044467,2.64854431,0.00000000
3.77537417,1320,-2.94027265,-1.64945872,-2.38883217,-0.03395081,0.71135617,-0.00038147,3.34439300,-1.60136944,-2.38883218,-0.03448312,0.71241459,-0.00038146,-2.92425092,-1.64373667,-2.53874977,-0.03471375,0.74339963,-0.00076294,-0.04882812,0.05859375,0.21484375,-0.01464844,-0.02929688,-0.01464844,1.03492737,2.65044937,2.64854431,-0.02441406
3.78851223,1325,-2.94141705,-1.64755137,-2.38883217,-0.03395081,0.71021176,-0.00038147,3.34287101,-1.59898732,-2.38883217,-0.03438170,0.71091979,-0.00038147,-2.92425092,-1.64335520,-2.53646096,-0.03509521,0.74263669,-0.00076294,-0.00488281,0.04394531,0.20507812,0.00000000,-0.05859375,-0.01464844,1.03492737,2.65045091,2.64816284,-0.04882812
3.80135369,1330,-2.94294293,-1.64449961,-2.38883217,-0.03395081,0.70906735,-0.00038147,3.34135421,-1.59631320,-2.38883217,-0.03434847,0.70956828,-0.00038147,-2.92425092,-1.64182933,-2.53379067,-0.03471375,0.74149228,-0.00076294,-0.01953125,0.08300781,0.20996094,0.00000000,-0.07324219,-0.01464844,1.03492737,2.65045141,2.64816284,-0.02441406
3.81490088,1335,-2.94408734,-1.64221080,-2.38883217,-0.03433228,0.70754147,-0.00038147,3.34008778,-1.59383709,-2.38883217,-0.03445294,0.70826995,-0.00038147,-2.92463239,-1.64106639,-2.53035744,-0.03471375,0.73805905,-0.00076294,-0.02929688,0.05859375,0.20507812,-0.01464844,-0.21972656,0.00000000,1.03492737,2.65045158,2.64854431,0.02441406
3.82954216,1340,-2.94523175,-1.64030345,-2.38883217,-0.03433228,0.70677853,-0.00038147,3.33896149,-1.59160225,-2.38883217,-0.03462828,0.70712991,-0.00038147,-2.92501386,-1.63992198,-2.52883156,-0.03471375,0.73538876,-0.00076294,-0.03417969,0.08300781,0.21484375,-0.01464844,-0.23437500,-0.01464844,1.03492737,2.65045163,2.64854431,-0.02441406
3.84438944,1345,-2.94752057,-1.63725169,-2.38883217,-0.03433228,0.70677853,-0.00076294,3.33722597,-1.58913166,-2.38883217,-0.03468574,0.70663720,-0.00045776,-2.92539533,-1.63877757,-2.52463539,-0.03471375,0.73119259,-0.00076294,-0.02929688,0.06347656,0.18554688,-0.02929688,-0.19042969,0.00000000,1.03454590,2.65029906,2.64816284,-0.02441406
3.85929155,1350,-2.94904645,-1.63572581,-2.38883217,-0.03433228,0.70639706,-0.00076294,3.33541998,-1.58682454,-2.38883217,-0.03466551,0.70633842,-0.00066294,-2.92577680,-1.63801463,-2.52272805,-0.03471375,0.72814084,-0.00076294,-0.06347656,0.06347656,0.17089844,-0.01464844,-0.20507812,0.00000000,1.03492737,2.65040166,2.64854431,0.00000000
3.87353230,1355,-2.95019086,-1.63419993,-2.38883217,-0.03433228,0.70601559,-0.00076294,3.33400995,-1.58519159,-2.38883217,-0.03469794,0.70593522,-0.00073017,-2.92615827,-1.63725169,-2.52005776,-0.03509521,0.72623349,-0.00076294,-0.03417969,0.04394531,0.18066406,-0.01464844,-0.13183594,-0.01464844,1.03492737,2.65025070,2.64854431,0.00000000
3.88705230,1360,-2.95133527,-1.63229258,-2.38883217,-0.03433228,0.70563412,-0.00076294,3.33280829,-1.58335658,-2.38883217,-0.03470857,0.70554663,-0.00075220,-2.92692120,-1.63648875,-2.51776894,-0.03509521,0.72470761,-0.00076294,-0.02929688,0.04882812,0.17089844,-0.01464844,-0.10253906,0.00000000,1.03492737,2.65012312,2.64816284,-0.04882812
3.90153384,1365,-2.95286115,-1.63114817,-2.38883217,-0.03433228,0.70563412,-0.00114441,3.33145896,-1.58188431,-2.38883217,-0.03471205,0.70534898,-0.00089675,-2.92692120,-1.63572581,-2.51509865,-0.03471375,0.72470761,-0.00076294,-0.02441406,0.04882812,0.17089844,-0.01464844,-0.00000000,-0.02929688,1.03454590,2.64992872,2.64816284,-0.02441406
3.91709471,1370,-2.95438703,-1.63038523,-2.38883217,-0.03433228,0.70563412,-0.00190735,3.33003976,-1.58081862,-2.38883217,-0.03471319,0.70528422,-0.00127688,-2.92730267,-1.63458140,-2.51242836,-0.03471375,0.72356320,-0.00076294,-0.04394531,0.06347656,0.20019531,-0.01464844,-0.07324219,-0.01464844,1.03454590,2.64984549,2.64854431,-0.02441406
3.93023515,1375,-2.95553143,-1.62962229,-2.38883217,-0.03471375,0.70563412,-0.00305176,3.32868617,-1.58002679,-2.38883217,-0.03478986,0.70526300,-0.00207856,-2.92806561,-1.63381846,-2.50975808,-0.03509521,0.72203732,-0.00076294,-0.03417969,0.05371094,0.18554688,-0.02929688,-0.05859375,-0.02929688,1.03454590,2.64974009,2.64816284,-0.04882812
3.94545221,1380,-2.95667584,-1.62885936,-2.38883217,-0.03471375,0.70601559,-0.00495911,3.32752204,-1.57930321,-2.38883217,-0.03499516,0.70533234,-0.00368464,-2.92882855,-1.63229258,-2.50708779,-0.03471375,0.72127438,-0.00076294,-0.04882812,0.08789062,0.16113281,-0.01464844,-0.04394531,0.00000000,1.03454590,2.64970555,2.64854431,-0.04882812
3.95797682,1385,-2.95782025,-1.62885936,-2.38883217,-0.03509521,0.70601559,-0.00495911,3.32640242,-1.57876679,-2.38883217,-0.03513872,0.70553523,-0.00454149,-2.92882855,-1.63114817,-2.50518044,-0.03471375,0.72012997,-0.00076294,-0.02441406,0.08300781,0.16601562,-0.01464844,-0.07324219,-0.01464844,1.03454590,2.64961611,2.64854431,0.00000000
3.97137713,1390,-2.95934613,-1.62885936,-2.38883217,-0.03547668,0.70601559,-0.00495911,3.32504873,-1.57859102,-2.38883217,-0.03555210,0.70560172,-0.00482226,-2.92959149,-1.63000376,-2.50365456,-0.03509521,0.71898556,-0.00076294,-0.04394531,0.05859375,0.14160156,-0.01464844,-0.07324219,-0.02929688,1.03454590,2.64940223,2.64816284,-0.02441406
3.98833537,1395,-2.96201642,-1.62885936,-2.38883217,-0.03547668,0.70601559,-0.00572205,3.32298223,-1.57853342,-2.38883217,-0.03575787,0.70562350,-0.00521578,-2.92997296,-1.62885936,-2.50098427,-0.03509521,0.71822262,-0.00076294,-0.03906250,0.07812500,0.15625000,-0.02929688,-0.04394531,-0.01464844,1.03416443,2.64908190,2.64816284,-0.02441406
4.00143504,1400,-2.96316083,-1.62885936,-2.38883217,-0.03547668,0.70601559,-0.00648499,3.32131447,-1.57851455,-2.38883217,-0.03582529,0.70563064,-0.00581860,-2.93073590,-1.62809642,-2.49869545,-0.03509521,0.71745968,-0.00076294,-0.04882812,0.04394531,0.15625000,-0.01464844,-0.02929688,-0.01464844,1.03416443,2.64897694,2.64854431,-0.02441406
4.01550055,1405,-2.96468671,-1.62885936,-2.38883217,-0.03547668,0.70639706,-0.00801086,3.31970304,-1.57850837,-2.38883217,-0.03584739,0.70588945,-0.00701077,-2.93111737,-1.62733348,-2.49678810,-0.03471375,0.71707821,-0.00076294,-0.04882812,0.05371094,0.15625000,-0.01464844,0.01464844,-0.01464844,1.03416443,2.64894254,2.64854431,0.02441406
4.02959323,1410,-2.96735700,-1.62885936,-2.38883217,-0.03547668,0.70716000,-0.01029968,3.31764925,-1.57850634,-2.38883217,-0.03585463,0.70633681,-0.00874101,-2.93188031,-1.62657054,-2.49526223,-0.03471375,0.71707821,-0.00114441,-0.03906250,0.04394531,0.15625000,-0.01464844,0.01464844,-0.02929688,1.03416443,2.64893127,2.64854431,0.00000000
4.04102468,1415,-2.96888287,-1.62885936,-2.38883217,-0.03509521,0.70792294,-0.01220703,3.31579072,-1.57850567,-2.38883217,-0.03567084,0.70696655,-0.01060937,-2.93226178,-1.62580760,-2.49297341,-0.03509521,0.71707821,-0.00114441,-0.06835938,0.06347656,0.16601562,-0.02929688,-0.00000000,-0.01464844,1.03416443,2.64892758,2.64816284,0.00000000
4.05813384,1420,-2.97117169,-1.62885936,-2.38883217,-0.03547668,0.70868588,-0.01335144,3.31357356,-1.57850546,-2.38883217,-0.03576553,0.70776446,-0.01226347,-2.93302472,-1.62466319,-2.49106606,-0.03471375,0.71593381,-0.00114441,-0.05371094,0.05859375,0.13183594,-0.01464844,-0.05859375,-0.01464844,1.03416443,2.64892637,2.64854431,-0.02441406
4.07240438,1425,-2.97422345,-1.62809642,-2.38883217,-0.03509521,0.70944882,-0.01487732,3.31093200,-1.57811159,-2.38883217,-0.03557133,0.70852128,-0.01371222,-2.93378766,-1.62390025,-2.48915871,-0.03509521,0.71517087,-0.00190735,-0.03906250,0.07812500,0.13671875,-0.04394531,-0.05859375,-0.05859375,1.03416443,2.64892597,2.64816284,-0.04882812
4.08487558,1430,-2.97651227,-1.62733348,-2.38883217,-0.03509521,0.71059323,-0.01716614,3.30854957,-1.57753062,-2.38883217,-0.03550770,0.70950743,-0.01563348,-2.93455060,-1.62275584,-2.48686989,-0.03547668,0.71364499,-0.00267029,-0.06835938,0.06347656,0.13671875,-0.04394531,-0.10253906,-0.07324219,1.03416443,2.64892584,2.64854431,-0.02441406
4.09779000,1435,-2.97841962,-1.62695201,-2.38883217,-0.03509521,0.71135617,-0.01983643,3.30660862,-1.57708378,-2.38883217,-0.03548685,0.71028248,-0.01760569,-2.93493207,-1.62237437,-2.48572548,-0.03547668,0.71250058,-0.00343323,-0.06347656,0.06835938,0.14648438,-0.02929688,-0.11718750,-0.13183594,1.03416443,2.64892580,2.64816284,-0.02441406
4.11431289,1440,-2.98147138,-1.62695201,-2.38883217,-0.03509521,0.71135617,-0.02517700,3.30419819,-1.57675718,-2.38883217,-0.03548001,0.71074787,-0.02109349,-2.93607648,-1.62084849,-2.48305519,-0.03623962,0.71173764,-0.00495911,-0.05859375,0.03906250,0.12207031,-0.05859375,-0.00000000,-0.02929688,1.03416443,2.64892579,2.64854431,-0.02441406
4.12983799,1445,-2.98376019,-1.62618907,-2.38883217,-0.03509521,0.71135617,-0.02861023,3.30157021,-1.57625636,-2.38883217,-0.03547778,0.71090037,-0.02537664,-2.93683942,-1.62046702,-2.48152932,-0.03623962,0.71135617,-0.00534058,-0.07324219,0.03417969,0.11718750,-0.02929688,-0.02929688,-0.04394531,1.03416443,2.64892578,2.64816284,-0.07324219
4.14283156,1450,-2.98681195,-1.62580760,-2.38883217,-0.03509521,0.71135617,-0.03128052,3.29871982,-1.57574790,-2.38883217,-0.03547704,0.71095034,-0.02882152,-2.93760236,-1.62008555,-2.47962197,-0.03623962,0.71097470,-0.00724792,-0.05859375,0.03906250,0.12207031,0.00000000,-0.00000000,-0.14648438,1.03416443,2.64892578,2.64854431,-0.02441406
4.15711808,1455,-2.98948224,-1.62542613,-2.38883217,-0.03509521,0.71097470,-0.03242493,3.29600809,-1.57547374,-2.38883217,-0.03547680,0.71082939,-0.03100149,-2.93836530,-1.61932261,-2.47809609,-0.03662109,0.71135617,-0.00801086,-0.06835938,0.04394531,0.11718750,-0.02929688,0.04394531,-0.10253906,1.03378296,2.64877319,2.64816284,-0.04882812
4.17361856,1460,-2.99215253,-1.62542613,-2.38883217,-0.03509521,0.71059323,-0.03395081,3.29309522,-1.57520372,-2.38883217,-0.03547672,0.71041414,-0.03261474,-2.93950971,-1.61855967,-2.47618874,-0.03623962,0.71135617,-0.00877380,-0.07324219,0.07324219,0.12207031,0.00000000,0.01464844,-0.05859375,1.03378296,2.64866069,2.64854431,0.00000000
4.18633938,1465,-2.99558576,-1.62542613,-2.38883217,-0.03509521,0.70983029,-0.03700256,3.29019432,-1.57511525,-2.38883217,-0.03547670,0.70991553,-0.03480207,-2.94065411,-1.61741526,-2.47428139,-0.03623962,0.71097470,-0.01029968,-0.06347656,0.05859375,0.13671875,-0.01464844,-0.01464844,-0.11718750,1.03416443,2.64877642,2.64854431,-0.02441406
4.19934082,1470,-2.99787457,-1.62542613,-2.38883217,-0.03509521,0.70983029,-0.04005432,3.28760190,-1.57508625,-2.38883217,-0.03547669,0.70960175,-0.03752320,-2.94141705,-1.61665232,-2.47275551,-0.03662109,0.71097470,-0.01296997,-0.06835938,0.06835938,0.13183594,-0.02929688,0.01464844,-0.20507812,1.03378296,2.64848597,2.64854431,0.00000000
4.21365118,1475,-3.00130780,-1.62542613,-2.38883217,-0.03509521,0.70983029,-0.04386902,3.28449253,-1.57507675,-2.38883217,-0.03547669,0.70949893,-0.04098005,-2.94256146,-1.61550791,-2.47122963,-0.03623962,0.71135617,-0.01640320,-0.06835938,0.05859375,0.11718750,-0.01464844,0.04394531,-0.30761719,1.03378296,2.64853142,2.64816284,-0.02441406
4.22913432,1480,-3.00359662,-1.62542613,-2.38883217,-0.03509521,0.70983029,-0.04768372,3.28167654,-1.57507364,-2.38883217,-0.03547669,0.70946524,-0.04463647,-2.94370587,-1.61474498,-2.46970375,-0.03662109,0.71135617,-0.01869202,-0.08789062,0.06347656,0.12695312,-0.01464844,-0.00000000,-0.13183594,1.03378296,2.64838127,2.64816284,-0.02441406
4.24333692,1485,-3.00702985,-1.62542613,-2.38883217,-0.03509521,0.70983029,-0.05226135,3.27857691,-1.57507262,-2.38883217,-0.03547668,0.70945420,-0.04886879,-2.94485028,-1.61398204,-2.46779641,-0.03662109,0.71097470,-0.01983643,-0.08300781,0.04394531,0.11718750,-0.01464844,-0.00000000,-0.08789062,1.03416443,2.64860673,2.64854431,-0.02441406
4.25808883,1490,-3.01008161,-1.62542613,-2.38883217,-0.03509521,0.70983029,-0.05569458,3.27568964,-1.57507229,-2.38883217,-0.03541565,0.70945058,-0.05276552,-2.94599469,-1.61360057,-2.46665200,-0.03662109,0.71097470,-0.02136230,-0.10742188,0.02441406,0.10253906,-0.02929688,-0.01464844,-0.19042969,1.03378296,2.64830830,2.64854431,0.00000000
4.27249241,1495,-3.01313336,-1.62542613,-2.38883217,-0.03509521,0.70944882,-0.05798340,3.27254286,-1.57507218,-2.38883217,-0.03545668,0.70927301,-0.05584148,-2.94713910,-1.61245616,-2.46512612,-0.03662109,0.71097470,-0.02670288,-0.07324219,0.05371094,0.07812500,-0.01464844,0.01464844,-0.29296875,1.03416443,2.64852325,2.64854431,0.00000000
4.28633189,1500,-3.01580365,-1.62542613,-2.38883217,-0.03509521,0.70906735,-0.05950928,3.26972425,-1.57507214,-2.38883217,-0.03547013,0.70905845,-0.05790653,-2.94828351,-1.61207469,-2.46360024,-0.03662109,0.71097470,-0.02708435,-0.09765625,0.04882812,0.11718750,-0.01464844,0.02929688,-0.02929688,1.03378296,2.64842156,2.64854431,-0.02441406
4.29872799,1505,-3.01771100,-1.62542613,-2.38883217,-0.03509521,0.70906735,-0.06103516,3.26741673,-1.57507213,-2.38883217,-0.03547454,0.70880796,-0.05964034,-2.94904645,-1.61169322,-2.46283730,-0.03662109,0.71059323,-0.02746582,-0.07812500,0.03906250,0.09277344,-0.01464844,-0.01464844,-0.05859375,1.03378296,2.64844782,2.64816284,-0.04882812
4.31240201,1510,-3.02038129,-1.62542613,-2.38883217,-0.03509521,0.70868588,-0.06332397,3.26475692,-1.57507213,-2.38883217,-0.03547598,0.70853973,-0.06164573,-2.95057233,-1.61054881,-2.46092995,-0.03662109,0.71021176,-0.03013611,-0.09765625,0.04394531,0.11230469,-0.01464844,0.01464844,-0.21972656,1.03416443,2.64853088,2.64854431,-0.02441406
4.32640338,1515,-3.02267011,-1.62542613,-2.38883217,-0.03471375,0.70792294,-0.06599426,3.26235483,-1.57507212,-2.38883217,-0.03525123,0.70811907,-0.06408838,-2.95171674,-1.61016734,-2.45940407,-0.03662109,0.71059323,-0.03280640,-0.09277344,0.05371094,0.10253906,-0.01464844,0.02929688,-0.14648438,1.03378296,2.64846801,2.64816284,-0.02441406
4.33910131,1520,-3.02534039,-1.62542613,-2.38883217,-0.03471375,0.70677853,-0.06752014,3.25994284,-1.57507212,-2.38883217,-0.03514634,0.70721182,-0.06602599,-2.95286115,-1.60940440,-2.45825966,-0.03662109,0.71059323,-0.03471375,-0.09765625,0.03906250,0.10742188,-0.01464844,0.02929688,-0.13183594,1.03416443,2.64877578,2.64854431,-0.02441406
4.35312772,1525,-3.02762921,-1.62542613,-2.38883217,-0.03471375,0.70639706,-0.06942749,3.25723768,-1.57507212,-2.38883217,-0.03511197,0.70643882,-0.06810000,-2.95438703,-1.60864146,-2.45711525,-0.03662109,0.71059323,-0.03585815,-0.10253906,0.03417969,0.09765625,-0.02929688,0.01464844,-0.11718750,1.03378296,2.64866154,2.64854431,-0.04882812
4.36714458,1530,-3.03029950,-1.62542613,-2.38883217,-0.03471375,0.70525265,-0.07171631,3.25487091,-1.57507212,-2.38883217,-0.03510070,0.70563535,-0.06991120,-2.95591290,-1.60787852,-2.45597084,-0.03662109,0.71021176,-0.03929138,-0.09277344,0.03417969,0.09765625,-0.01464844,-0.00000000,-0.24902344,1.03416443,2.64883919,2.64854431,-0.04882812
4.38285279,1535,-3.03258832,-1.62542613,-2.38883217,-0.03471375,0.70372677,-0.07438660,3.25243887,-1.57507212,-2.38883217,-0.03509701,0.70443555,-0.07235955,-2.95743878,-1.60749705,-2.45482643,-0.03662109,0.71021176,-0.04310608,-0.11718750,0.03417969,0.10253906,0.00000000,-0.01464844,-0.30761719,1.03416443,2.64889741,2.64816284,-0.04882812
4.39930105,1540,-3.03525861,-1.62542613,-2.38883217,-0.03433228,0.70181943,-0.07705688,3.24987644,-1.57507212,-2.38883217,-0.03490965,0.70271122,-0.07519540,-2.95896466,-1.60673411,-2.45291909,-0.03662109,0.70944882,-0.04577637,-0.10742188,0.02441406,0.09277344,0.00000000,-0.00000000,-0.14648438,1.03416443,2.64891648,2.64854431,0.00000000
4.41292858,1545,-3.03678449,-1.62542613,-2.38883217,-0.03433228,0.70029355,-0.07820129,3.24789176,-1.57507212,-2.38883217,-0.03477794,0.70111104,-0.07696583,-2.96049054,-1.60635264,-2.45177468,-0.03662109,0.70906735,-0.04653931,-0.09277344,0.03906250,0.07324219,0.00000000,-0.01464844,-0.07324219,1.03416443,2.64892273,2.64854431,-0.02441406
4.42782855,1550,-3.03983624,-1.62542613,-2.38883217,-0.03433228,0.69914914,-0.07934570,3.24549875,-1.57507212,-2.38883217,-0.03473478,0.69965468,-0.07835444,-2.96163495,-1.60597117,-2.45063027,-0.03662109,0.70868588,-0.05035400,-0.11718750,0.02929688,0.11230469,-0.01464844,-0.01464844,-0.30761719,1.03416443,2.64892478,2.64854431,0.00000000
4.44322538,1555,-3.04212506,-1.62542613,-2.38883217,-0.03433228,0.69876767,-0.07972717,3.24315674,-1.57507212,-2.38883217,-0.03472064,0.69898203,-0.07909718,-2.96316083,-1.60520823,-2.44910439,-0.03662109,0.70716000,-0.05378723,-0.10253906,0.02929688,0.10742188,0.00000000,-0.05859375,-0.14648438,1.03416443,2.64892545,2.64816284,-0.02441406
4.45754027,1560,-3.04441388,-1.62542613,-2.38883217,-0.03433228,0.69838620,-0.08010864,3.24078946,-1.57507212,-2.38883217,-0.03471600,0.69839528,-0.07959703,-2.96468671,-1.60444529,-2.44795998,-0.03623962,0.70639706,-0.05340576,-0.09765625,0.03906250,0.08789062,0.01464844,-0.04394531,-0.04394531,1.03416443,2.64892567,2.64816284,0.00000000
4.47205925,1565,-3.04632123,-1.62542613,-2.38883217,-0.03433228,0.69838620,-0.08049011,3.23855123,-1.57507212,-2.38883217,-0.03471449,0.69813271,-0.08001729,-2.96621259,-1.60406382,-2.44643410,-0.03623962,0.70563412,-0.05455017,-0.12207031,0.01953125,0.07812500,-0.02929688,-0.04394531,-0.10253906,1.03416443,2.64892575,2.64854431,-0.02441406
4.48943710,1570,-3.04822858,-1.62542613,-2.38883217,-0.03433228,0.69838620,-0.08087158,3.23653545,-1.57507212,-2.38883217,-0.03471399,0.69804666,-0.08052134,-2.96811994,-1.60330088,-2.44567116,-0.03623962,0.70525265,-0.05836487,-0.11230469,0.03417969,0.07812500,-0.02929688,-0.01464844,-0.20507812,1.03416443,2.64892577,2.64816284,-0.02441406
4.50293827,1575,-3.04975446,-1.62542613,-2.38883217,-0.03433228,0.69838620,-0.08087158,3.23466887,-1.57507212,-2.38883217,-0.03471382,0.69801847,-0.08075681,-2.96926434,-1.60291941,-2.44452675,-0.03623962,0.70448971,-0.05950928,-0.10742188,0.03417969,0.05859375,0.00000000,-0.05859375,-0.11718750,1.03416443,2.64892578,2.64854431,-0.02441406
4.51760721,1580,-3.05204328,-1.62542613,-2.38883217,-0.03433228,0.69838620,-0.08087158,3.23272984,-1.57507212,-2.38883217,-0.03471377,0.69800923,-0.08087304,-2.97117169,-1.60253794,-2.44338234,-0.03623962,0.70296383,-0.06103516,-0.11718750,0.00976562,0.08300781,-0.01464844,-0.08789062,-0.07324219,1.03416443,2.64892578,2.64816284,-0.02441406
4.53404284,1585,-3.05356915,-1.62542613,-2.38883217,-0.03356934,0.69838620,-0.08087158,3.23082590,-1.57507212,-2.38883217,-0.03438099,0.69804527,-0.08087206,-2.97269757,-1.60215647,-2.44261940,-0.03623962,0.70143796,-0.06141663,-0.12695312,0.02441406,0.06347656,-0.01464844,-0.08789062,-0.05859375,1.03416443,2.64892578,2.64854431,-0.04882812
4.54694247,1590,-3.05471356,-1.62542613,-2.38883217,-0.03395081,0.69838620,-0.08087158,3.22939354,-1.57507212,-2.38883217,-0.03431699,0.69801801,-0.08087174,-2.97384198,-1.60177500,-2.44147499,-0.03623962,0.70105649,-0.06256104,-0.10253906,0.03417969,0.07812500,0.00000000,-0.01464844,-0.11718750,1.03416443,2.64892578,2.64816284,-0.02441406
4.56028152,1595,-3.05547650,-1.62542613,-2.38883217,-0.03356934,0.69838620,-0.08087158,3.22844104,-1.57507212,-2.38883217,-0.03413183,0.69800908,-0.08087163,-2.97536786,-1.60139353,-2.44033058,-0.03623962,0.70105649,-0.06484985,-0.09765625,0.02441406,0.07324219,0.00000000,-0.00000000,-0.17578125,1.03416443,2.64892578,2.64854431,0.00000000
4.57473087,1600,-3.05623944,-1.62542613,-2.38883217,-0.03356934,0.69914914,-0.08087158,3.22768629,-1.57507212,-2.38883217,-0.03405895,0.69830767,-0.08087160,-2.97727521,-1.60063060,-2.43918618,-0.03623962,0.70105649,-0.06752014,-0.11718750,0.02441406,0.07812500,0.00000000,0.01464844,-0.19042969,1.03416443,2.64892578,2.64854431,0.00000000
4.59132195,1605,-3.05700238,-1.62542613,-2.38883217,-0.03356934,0.69953061,-0.08087158,3.22679469,-1.57507212,-2.38883217,-0.03398624,0.69869323,-0.08087159,-2.97880109,-1.59986766,-2.43842324,-0.03623962,0.70105649,-0.06942749,-0.12207031,0.03906250,0.07812500,0.01464844,0.01464844,-0.08789062,1.03416443,2.64880371,2.64816284,0.00000000
4.60482407,1610,-3.05738385,-1.62542613,-2.38883217,-0.03318787,0.69991208,-0.08087158,3.22619723,-1.57507212,-2.38883217,-0.03370595,0.69918590,-0.08087158,-2.98032697,-1.59948619,-2.43727883,-0.03623962,0.70105649,-0.06942749,-0.10253906,0.03417969,0.07324219,0.00000000,-0.00000000,-0.02929688,1.03416443,2.64888578,2.64816284,-0.04882812
4.61897206,1615,-3.05738385,-1.62542613,-2.38883217,-0.03280640,0.70029355,-0.08087158,3.22593114,-1.57507212,-2.38883217,-0.03335763,0.69964287,-0.08087158,-2.98185285,-1.59872325,-2.43651589,-0.03623962,0.70105649,-0.06980896,-0.10253906,0.02441406,0.07324219,-0.01464844,0.01464844,-0.04394531,1.03416443,2.64891267,2.64854431,-0.02441406
4.63392711,1620,-3.05738385,-1.62542613,-2.38883217,-0.03280640,0.70067502,-0.08087158,3.22584395,-1.57507212,-2.38883217,-0.03324349,0.70008033,-0.08087158,-2.98376019,-1.59834178,-2.43537148,-0.03623962,0.70067502,-0.07133484,-0.11718750,0.01953125,0.08300781,-0.02929688,-0.01464844,-0.11718750,1.03416443,2.64879942,2.64816284,-0.02441406
4.64741635,1625,-3.05738385,-1.62542613,-2.38883217,-0.03204346,0.70105649,-0.08087158,3.22581538,-1.57507212,-2.38883217,-0.03290458,0.70044890,-0.08087158,-2.98490460,-1.59796031,-2.43460854,-0.03623962,0.70067502,-0.07209778,-0.09277344,0.02929688,0.08300781,0.00000000,0.02929688,-0.04394531,1.03416443,2.64888437,2.64854431,0.00000000
4.65904665,1630,-3.05738385,-1.62542613,-2.38883217,-0.03166199,0.70143796,-0.08087158,3.22580602,-1.57507212,-2.38883217,-0.03239594,0.70073825,-0.08087158,-2.98604901,-1.59796031,-2.43346413,-0.03623962,0.70067502,-0.07209778,-0.10253906,0.00976562,0.06835938,0.00000000,0.01464844,-0.02929688,1.03416443,2.64891221,2.64854431,-0.02441406
4.67357802,1635,-3.05738385,-1.62542613,-2.38883217,-0.03051758,0.70143796,-0.08087158,3.22580295,-1.57507212,-2.38883217,-0.03153994,0.70095221,-0.08087158,-2.98719342,-1.59757884,-2.43308266,-0.03585815,0.70067502,-0.07286072,-0.09277344,0.01953125,0.05859375,-0.02929688,0.01464844,-0.05859375,1.03416443,2.64892134,2.64816284,-0.02441406
4.68669391,1640,-3.05738385,-1.62542613,-2.38883217,-0.02937317,0.70181943,-0.08087158,3.22580195,-1.57507212,-2.38883217,-0.03055107,0.70124754,-0.08087158,-2.98871930,-1.59681590,-2.43231972,-0.03585815,0.70067502,-0.07362366,-0.08789062,0.02929688,0.05371094,-0.01464844,0.01464844,-0.08789062,1.03416443,2.64892432,2.64854431,-0.02441406
4.70112681,1645,-3.05738385,-1.62542613,-2.38883217,-0.02899170,0.70258236,-0.08087158,3.22580162,-1.57507212,-2.38883217,-0.02982946,0.70173811,-0.08087158,-2.99024518,-1.59643443,-2.43155678,-0.03585815,0.70067502,-0.07667542,-0.11230469,0.02441406,0.04882812,0.00000000,-0.01464844,-0.21972656,1.03416443,2.64892530,2.64854431,-0.02441406
4.71498275,1650,-3.05738385,-1.62542613,-2.38883217,-0.02708435,0.70372677,-0.08087158,3.22580151,-1.57507212,-2.38883217,-0.02875108,0.70253692,-0.08087158,-2.99100812,-1.59605296,-2.43079384,-0.03547668,0.70029355,-0.07667542,-0.09277344,0.03906250,0.06835938,0.00000000,-0.00000000,0.00000000,1.03416443,2.64892562,2.64816284,-0.02441406
4.72985220,1655,-3.05738385,-1.62542613,-2.38883217,-0.02517700,0.70487118,-0.08087158,3.22580147,-1.57507212,-2.38883217,-0.02703675,0.70351926,-0.08087158,-2.99253400,-1.59567149,-2.42964943,-0.03509521,0.70029355,-0.07667542,-0.08300781,0.01464844,0.05859375,0.02929688,0.01464844,-0.02929688,1.03416443,2.64892573,2.64854431,-0.02441406
4.74484134,1660,-3.05738385,-1.62542613,-2.38883217,-0.02365112,0.70601559,-0.08087158,3.22580146,-1.57507212,-2.38883217,-0.02534756,0.70461056,-0.08092041,-2.99367841,-1.59529002,-2.42888649,-0.03395081,0.70067502,-0.07667542,-0.09277344,0.02441406,0.07812500,0.04394531,0.04394531,-0.02929688,1.03378296,2.64877318,2.64854431,-0.02441406
4.75868416,1665,-3.05738385,-1.62542613,-2.38883217,-0.02250671,0.70754147,-0.08125305,3.22580146,-1.57507212,-2.38883217,-0.02391478,0.70592372,-0.08107374,-2.99520429,-1.59490855,-2.42774208,-0.03318787,0.70067502,-0.07667542,-0.07324219,0.00976562,0.05859375,0.02929688,0.01464844,-0.01464844,1.03416443,2.64877812,2.64816284,-0.02441406
4.77429962,1670,-3.05738385,-1.62542613,-2.38883217,-0.02136230,0.70830441,-0.08125305,3.22580146,-1.57507212,-2.38883217,-0.02264462,0.70707838,-0.08119429,-2.99634869,-1.59490855,-2.42697914,-0.03280640,0.70105649,-0.07667542,-0.09765625,0.01464844,0.06347656,0.02929688,0.04394531,-0.01464844,1.03416443,2.64887740,2.64816284,-0.04882812
4.78833961,1675,-3.05738385,-1.62542613,-2.38883217,-0.01983643,0.70906735,-0.08125305,3.22580146,-1.57507212,-2.38883217,-0.02138271,0.70808882,-0.08123380,-2.99749310,-1.59452708,-2.42659767,-0.03204346,0.70105649,-0.07705688,-0.07812500,0.02929688,0.05371094,0.07324219,0.02929688,-0.05859375,1.03416443,2.64890993,2.64854431,-0.02441406
4.80353355,1680,-3.05738385,-1.62542613,-2.38883217,-0.01792908,0.71059323,-0.08163452,3.22580146,-1.57507212,-2.38883217,-0.01966929,0.70926563,-0.08132304,-2.99901898,-1.59376414,-2.42583474,-0.02937317,0.70105649,-0.07781982,-0.09765625,0.01953125,0.03417969,0.13183594,0.01464844,-0.07324219,1.03416443,2.64892059,2.64854431,-0.02441406
4.81777143,1685,-3.05738385,-1.62542613,-2.38883217,-0.01564026,0.71173764,-0.08277893,3.22580146,-1.57507212,-2.38883217,-0.01774919,0.71045044,-0.08197130,-2.99978192,-1.59338267,-2.42545327,-0.02899170,0.70143796,-0.07858276,-0.07812500,0.02929688,0.05371094,0.02929688,0.04394531,-0.04394531,1.03416443,2.64892408,2.64854431,-0.02441406
4.83522344,1690,-3.05700238,-1.62542613,-2.38883217,-0.01373291,0.71250058,-0.08392334,3.22593879,-1.57507212,-2.38883217,-0.01566725,0.71136089,-0.08310205,-3.00130780,-1.59300120,-2.42430886,-0.02861023,0.70105649,-0.07858276,-0.06347656,0.00976562,0.05859375,0.00000000,0.02929688,-0.01464844,1.03416443,2.64892522,2.64816284,-0.02441406
4.85048723,1695,-3.05700238,-1.62542613,-2.38883217,-0.01220703,0.71288205,-0.08392334,3.22610293,-1.57507212,-2.38883217,-0.01405926,0.71205681,-0.08365422,-3.00207074,-1.59300120,-2.42392739,-0.02861023,0.70143796,-0.07858276,-0.07812500,0.01464844,0.05371094,0.00000000,0.04394531,-0.02929688,1.03416443,2.64892560,2.64816284,-0.02441406
4.86512923,1700,-3.05662091,-1.62542613,-2.38883217,-0.00953674,0.71364499,-0.08468628,3.22634287,-1.57507212,-2.38883217,-0.01213648,0.71279779,-0.08409761,-3.00283368,-1.59261973,-2.42316445,-0.02822876,0.70220089,-0.07896423,-0.09277344,0.01953125,0.06347656,0.01464844,0.08789062,-0.04394531,1.03416443,2.64892572,2.64854431,-0.02441406
4.87935543,1705,-3.05623944,-1.62542613,-2.38883217,-0.00686646,0.71402646,-0.08583069,3.22674828,-1.57507212,-2.38883217,-0.00936006,0.71336738,-0.08494199,-3.00435956,-1.59223826,-2.42202004,-0.02632141,0.70296383,-0.07896423,-0.08789062,0.00976562,0.04394531,0.08789062,0.02929688,-0.01464844,1.03416443,2.64892576,2.64816284,-0.02441406
4.89141726,1710,-3.05623944,-1.62542613,-2.38883217,-0.00534058,0.71402646,-0.08773804,3.22688112,-1.57507212,-2.38883217,-0.00724472,0.71355402,-0.08646001,-3.00550397,-1.59185679,-2.42163857,-0.02555847,0.70372677,-0.07934570,-0.09277344,0.01953125,0.06347656,0.02929688,0.10253906,-0.02929688,1.03416443,2.64892577,2.64854431,0.00000000
4.90802503,1715,-3.05585797,-1.62542613,-2.38883217,-0.00228882,0.71402646,-0.09040833,3.22714987,-1.57507212,-2.38883217,-0.00498320,0.71361518,-0.08829228,-3.00626691,-1.59147532,-2.42087563,-0.02441406,0.70372677,-0.07934570,-0.07324219,0.02441406,0.05371094,0.05859375,0.02929688,-0.04394531,1.03416443,2.64922363,2.64816284,-0.04882812
4.92069125,1720,-3.05509503,-1.62542613,-2.38883217,0.00152588,0.71440793,-0.09346008,3.22771181,-1.57507212,-2.38883217,-0.00152413,0.71386044,-0.09111533,-3.00741132,-1.59109385,-2.42049416,-0.02212524,0.70410824,-0.07972717,-0.07812500,0.00976562,0.02929688,0.11718750,0.01464844,-0.04394531,1.03416443,2.64919916,2.64854431,-0.02441406
4.93459821,1725,-3.05395062,-1.62542613,-2.38883217,0.00343323,0.71440793,-0.09574890,3.22840510,-1.57507212,-2.38883217,0.00112020,0.71397206,-0.09361827,-3.00817426,-1.59109385,-2.41973122,-0.02098083,0.70487118,-0.08010864,-0.05859375,0.01464844,0.04882812,0.07324219,0.08789062,-0.04394531,1.03454590,2.64934373,2.64816284,-0.04882812
4.94810653,1730,-3.05318768,-1.62542613,-2.38883217,0.00495911,0.71440793,-0.09765625,3.22926436,-1.57507212,-2.38883217,0.00311414,0.71400863,-0.09582234,-3.00893720,-1.59071238,-2.41934975,-0.01945496,0.70639706,-0.08087158,-0.07324219,0.00976562,0.03417969,0.11718750,0.11718750,-0.10253906,1.03454590,2.64957567,2.64816284,-0.02441406
4.96302056,1735,-3.05128034,-1.62542613,-2.38883217,0.00724792,0.71478940,-0.10108948,3.23061684,-1.57507212,-2.38883217,0.00505584,0.71424583,-0.09875124,-3.01008161,-1.59033091,-2.41858681,-0.01792908,0.70868588,-0.08354187,-0.06347656,0.01464844,0.04882812,0.04394531,0.16113281,-0.17578125,1.03454590,2.64965168,2.64816284,-0.04882812
4.97897172,1740,-3.05013593,-1.62542613,-2.38883217,0.00953674,0.71517087,-0.10414124,3.23206283,-1.57507212,-2.38883217,0.00734078,0.71458003,-0.10181156,-3.01084454,-1.59033091,-2.41820534,-0.01716614,0.71021176,-0.08392334,-0.05371094,0.00976562,0.03906250,0.02929688,0.16113281,-0.05859375,1.03454590,2.64967658,2.64854431,-0.02441406
4.99255943,1745,-3.04899152,-1.62542613,-2.38883217,0.01220703,0.71517087,-0.10643005,3.23334513,-1.57507212,-2.38883217,0.00980472,0.71472079,-0.10448454,-3.01198895,-1.58994944,-2.41744240,-0.01449585,0.71211911,-0.08544922,-0.05859375,0.02441406,0.05371094,0.13183594,0.08789062,-0.13183594,1.03454590,2.64984490,2.64854431,-0.02441406
5.00852680,1750,-3.04708417,-1.62542613,-2.38883217,0.01449585,0.71517087,-0.10757446,3.23474834,-1.57507212,-2.38883217,0.01209428,0.71476692,-0.10641157,-3.01237042,-1.58956797,-2.41667946,-0.01258850,0.71211911,-0.08697510,-0.03417969,0.01953125,0.04882812,0.13183594,0.02929688,-0.10253906,1.03492737,2.64989249,2.64816284,-0.04882812
5.02455974,1755,-3.04441388,-1.62542613,-2.38883217,0.01678467,0.71517087,-0.10871887,3.23686281,-1.57507212,-2.38883217,0.01447123,0.71478203,-0.10777336,-3.01351483,-1.58918650,-2.41591652,-0.01029968,0.71250058,-0.08773804,-0.06835938,0.01464844,0.03906250,0.08789062,0.02929688,-0.05859375,1.03492737,2.65014636,2.64816284,-0.04882812
5.03829241,1760,-3.04288800,-1.62542613,-2.38883217,0.01831055,0.71517087,-0.10948181,3.23878322,-1.57507212,-2.38883217,0.01634630,0.71478698,-0.10880285,-3.01389630,-1.58880503,-2.41515358,-0.00915527,0.71250058,-0.08888245,-0.04394531,0.02441406,0.04882812,0.04394531,-0.00000000,-0.13183594,1.03492737,2.65035162,2.64854431,-0.02441406
5.05383086,1765,-3.04136212,-1.62542613,-2.38883217,0.01983643,0.71555234,-0.10986328,3.24056728,-1.57507212,-2.38883217,0.01821561,0.71492593,-0.10948455,-3.01427777,-1.58842356,-2.41477211,-0.00724792,0.71211911,-0.09117126,-0.02929688,0.00976562,0.02441406,0.13183594,-0.01464844,-0.17578125,1.03492737,2.65041888,2.64816284,-0.04882812
5.06774068,1770,-3.03869183,-1.62542613,-2.38883217,0.02098083,0.71669674,-0.10986328,3.24267471,-1.57507212,-2.38883217,0.01956777,0.71560953,-0.10973918,-3.01504071,-1.58842356,-2.41439064,-0.00534058,0.71250058,-0.09231567,-0.05371094,0.00976562,0.02929688,0.13183594,0.02929688,-0.11718750,1.03492737,2.65028076,2.64816284,-0.02441406
5.08257771,1775,-3.03602155,-1.62542613,-2.38883217,0.02136230,0.71822262,-0.10986328,3.24504142,-1.57507212,-2.38883217,0.02044749,0.71670902,-0.10982262,-3.01580365,-1.58804209,-2.41400917,-0.00228882,0.71250058,-0.09574890,-0.06835938,0.00976562,0.03417969,0.14648438,0.01464844,-0.19042969,1.03492737,2.65039566,2.64854431,0.00000000
5.09853935,1780,-3.03296979,-1.62542613,-2.38883217,0.02212524,0.71974850,-0.10986328,3.24770073,-1.57507212,-2.38883217,0.02116862,0.71822652,-0.10984996,-3.01618512,-1.58804209,-2.41324623,-0.00038147,0.71250058,-0.09574890,-0.01953125,0.01464844,0.05371094,0.14648438,0.01464844,-0.01464844,1.03492737,2.65043331,2.64854431,-0.02441406
5.11078882,1785,-3.03068097,-1.62542613,-2.38883217,0.02250671,0.72089291,-0.10986328,3.25052014,-1.57507212,-2.38883217,0.02178053,0.71957327,-0.10977102,-3.01656659,-1.58766062,-2.41286476,0.00076294,0.71288205,-0.09651184,-0.03417969,0.01464844,0.02441406,0.05859375,0.05859375,-0.08789062,1.03492737,2.65044565,2.64854431,-0.04882812
5.12568498,1790,-3.02724774,-1.62542613,-2.38883217,0.02250671,0.72318173,-0.10986328,3.25343094,-1.57507212,-2.38883217,0.02201229,0.72116178,-0.10978422,-3.01694806,-1.58727915,-2.41286476,0.00190735,0.71402646,-0.09803772,-0.01464844,0.00976562,0.02929688,0.05859375,0.10253906,-0.11718750,1.03492737,2.65044969,2.64854431,-0.04882812
5.13834715,1795,-3.02534039,-1.62542613,-2.38883217,0.02288818,0.72470761,-0.10948181,3.25608995,-1.57507212,-2.38883217,0.02231345,0.72306854,-0.10958091,-3.01694806,-1.58727915,-2.41248329,0.00267029,0.71478940,-0.09841919,-0.02441406,0.00976562,0.03417969,0.08789062,0.10253906,-0.04394531,1.03492737,2.65045101,2.64854431,0.00000000
5.15372896,1800,-3.02190717,-1.62542613,-2.38883217,0.02326965,0.72814084,-0.10948181,3.25907563,-1.57507212,-2.38883217,0.02261978,0.72579015,-0.10954553,-3.01771100,-1.58727915,-2.41172036,0.00534058,0.71555234,-0.09918213,-0.03906250,0.00000000,0.04394531,0.11718750,0.05859375,-0.05859375,1.03492737,2.65045145,2.64854431,-0.02441406
5.16768360,1805,-3.01885541,-1.62542613,-2.38883217,0.02365112,0.73042965,-0.10948181,3.26196902,-1.57507212,-2.38883217,0.02293756,0.72816414,-0.10950269,-3.01771100,-1.58727915,-2.41133889,0.00724792,0.71669674,-0.10032654,-0.01464844,0.00000000,0.02929688,0.13183594,0.08789062,-0.13183594,1.03492737,2.65045159,2.64854431,-0.02441406
5.18286729,1810,-3.01580365,-1.62542613,-2.38883217,0.02403259,0.73233700,-0.10948181,3.26496449,-1.57507212,-2.38883217,0.02341730,0.73031229,-0.10948865,-3.01771100,-1.58689769,-2.41095742,0.00801086,0.71822262,-0.10299683,-0.00976562,0.01464844,0.02929688,0.05859375,0.14648438,-0.23437500,1.03492737,2.65045164,2.64854431,-0.02441406
5.19625998,1815,-3.01313336,-1.62542613,-2.38883217,0.02441406,0.73424435,-0.10948181,3.26774133,-1.57507212,-2.38883217,0.02371183,0.73226730,-0.10948405,-3.01771100,-1.58651622,-2.41057595,0.00801086,0.71936703,-0.10337830,-0.00488281,0.01464844,0.03417969,0.00000000,0.07324219,-0.02929688,1.03492737,2.65045165,2.64854431,-0.02441406
5.21100640,1820,-3.01046307,-1.62542613,-2.38883217,0.02479553,0.73538876,-0.10910034,3.27048218,-1.57507212,-2.38883217,0.02406482,0.73387117,-0.10940625,-3.01771100,-1.58651622,-2.41019448,0.00839233,0.71898556,-0.10375977,-0.00488281,0.01464844,0.03906250,0.00000000,-0.01464844,-0.02929688,1.03492737,2.65045166,2.64854431,0.00000000
5.22585535,1825,-3.00741132,-1.62542613,-2.38883217,0.02593994,0.73691464,-0.10910034,3.27334759,-1.57507212,-2.38883217,0.02458954,0.73544946,-0.10920058,-3.01771100,-1.58613475,-2.40943154,0.00915527,0.71936703,-0.10414124,0.00000000,0.02441406,0.02441406,0.02929688,0.04394531,-0.05859375,1.03492737,2.65045166,2.64816284,-0.02441406
5.24147296,1830,-3.00474103,-1.62542613,-2.38883217,0.02746582,0.73729611,-0.10910034,3.27626394,-1.57507212,-2.38883217,0.02594605,0.73643453,-0.10913319,-3.01771100,-1.58575328,-2.40905007,0.01068115,0.71974850,-0.10490417,-0.00976562,0.00488281,0.02929688,0.11718750,0.07324219,-0.07324219,1.03492737,2.65045166,2.64854431,-0.02441406
5.25644612,1835,-3.00321515,-1.62542613,-2.38883217,0.02822876,0.73729611,-0.10910034,3.27851303,-1.57507212,-2.38883217,0.02701287,0.73675732,-0.10911111,-3.01771100,-1.58575328,-2.40866860,0.01258850,0.72012997,-0.10490417,0.00000000,0.00488281,0.04394531,0.10253906,0.04394531,-0.01464844,1.03530884,2.65060425,2.64854431,-0.02441406
5.26918459,1840,-3.00130780,-1.62542613,-2.38883217,0.03051758,0.73767758,-0.10910034,3.28040540,-1.57507212,-2.38883217,0.02863173,0.73711956,-0.10910387,-3.01771100,-1.58537181,-2.40828713,0.01449585,0.72089291,-0.10490417,0.00000000,-0.00488281,0.02929688,0.13183594,0.07324219,-0.01464844,1.03492737,2.65050166,2.64854431,-0.02441406
5.28414488,1845,-2.99940045,-1.62542613,-2.38883217,0.03242493,0.73767758,-0.10910034,3.28230785,-1.57507212,-2.38883217,0.03055587,0.73723826,-0.10910150,-3.01771100,-1.58537181,-2.40752419,0.01564026,0.72203732,-0.10528564,-0.00488281,-0.00488281,0.03906250,0.04394531,0.10253906,-0.01464844,1.03492737,2.65046804,2.64854431,0.00000000
5.29764676,1850,-2.99825604,-1.62542613,-2.38883217,0.03395081,0.73767758,-0.10910034,3.28381051,-1.57507212,-2.38883217,0.03226108,0.73727715,-0.10910072,-3.01771100,-1.58537181,-2.40752419,0.01602173,0.72318173,-0.10528564,0.00000000,0.00000000,0.01953125,0.00000000,0.11718750,-0.01464844,1.03492737,2.65045703,2.64854431,-0.04882812
5.31258893,1855,-2.99711163,-1.62542613,-2.38883217,0.03585815,0.73767758,-0.10910034,3.28508159,-1.57507212,-2.38883217,0.03407095,0.73728990,-0.10910047,-3.01732953,-1.58537181,-2.40714272,0.01640320,0.72470761,-0.10528564,0.00976562,0.00488281,0.01953125,0.02929688,0.10253906,-0.02929688,1.03492737,2.65045342,2.64854431,-0.02441406
5.32818174,1860,-2.99634869,-1.62542613,-2.38883217,0.03890991,0.73767758,-0.10948181,3.28611114,-1.57507212,-2.38883217,0.03652631,0.73729407,-0.10928654,-3.01694806,-1.58499034,-2.40714272,0.01716614,0.72623349,-0.10566711,0.02441406,0.00976562,0.02441406,0.04394531,0.08789062,-0.01464844,1.03492737,2.65045224,2.64854431,0.00000000
5.34290147,1865,-2.99558576,-1.62542613,-2.38883217,0.04158020,0.73767758,-0.10948181,3.28686134,-1.57507212,-2.38883217,0.03887958,0.73729544,-0.10941782,-3.01618512,-1.58499034,-2.40676125,0.01907349,0.72623349,-0.10566711,0.03906250,0.00976562,0.03417969,0.14648438,0.01464844,-0.01464844,1.03454590,2.64993891,2.64854431,0.02441406
5.35557485,1870,-2.99444135,-1.62542613,-2.38883217,0.04386902,0.73767758,-0.10986328,3.28794542,-1.57507212,-2.38883217,0.04147517,0.73729589,-0.10968606,-3.01618512,-1.58460887,-2.40599831,0.02098083,0.72623349,-0.10566711,0.00000000,0.00488281,0.03417969,0.14648438,0.01464844,-0.01464844,1.03492737,2.64992329,2.64854431,0.00000000
5.37105036,1875,-2.99329694,-1.62542613,-2.38883217,0.04501343,0.73767758,-0.10986328,3.28915014,-1.57507212,-2.38883217,0.04353504,0.73729604,-0.10980521,-3.01580365,-1.58460887,-2.40561684,0.02365112,0.72661496,-0.10604858,0.01953125,0.01464844,0.03417969,0.17578125,0.04394531,-0.02929688,1.03454590,2.64976558,2.64854431,-0.02441406
5.38544154,1880,-2.99177106,-1.62542613,-2.38883217,0.04577637,0.73767758,-0.10986328,3.29034178,-1.57507212,-2.38883217,0.04460528,0.73729609,-0.10984425,-3.01542218,-1.58422740,-2.40561684,0.02479553,0.72699643,-0.10604858,0.00976562,0.01464844,0.01953125,0.07324219,0.05859375,-0.02929688,1.03454590,2.64971391,2.64854431,0.00000000
5.39911056,1885,-2.99100812,-1.62542613,-2.38883217,0.04653931,0.73805905,-0.10986328,3.29142537,-1.57507212,-2.38883217,0.04543767,0.73752132,-0.10982580,-3.01504071,-1.58384593,-2.40523537,0.02593994,0.72737790,-0.10604858,0.02929688,0.00976562,0.01953125,0.07324219,0.05859375,-0.02929688,1.03454590,2.64979463,2.64854431,-0.02441406
5.41177225,1890,-2.98986371,-1.62542613,-2.38883217,0.04730225,0.73805905,-0.10986328,3.29251079,-1.57507212,-2.38883217,0.04624534,0.73762638,-0.10985100,-3.01427777,-1.58384593,-2.40523537,0.02670288,0.72814084,-0.10643005,0.04882812,0.00488281,0.02441406,0.02929688,0.02929688,-0.01464844,1.03454590,2.64982108,2.64854431,0.00000000
5.42521262,1895,-2.98795636,-1.62542613,-2.38883217,0.04844666,0.73805905,-0.10986328,3.29393738,-1.57507212,-2.38883217,0.04721837,0.73772184,-0.10985926,-3.01389630,-1.58384593,-2.40447243,0.02784729,0.72814084,-0.10643005,0.03417969,0.00488281,0.03417969,0.05859375,0.02929688,-0.02929688,1.03454590,2.64973209,2.64854431,-0.04882812
5.44082284,1900,-2.98566754,-1.62542613,-2.38883217,0.04844666,0.73805905,-0.10948181,3.29588117,-1.57507212,-2.38883217,0.04778770,0.73769208,-0.10972463,-3.01351483,-1.58346446,-2.40447243,0.03013611,0.72890378,-0.10681152,0.00000000,0.00000000,0.02929688,0.16113281,0.07324219,-0.04394531,1.03454590,2.64970293,2.64854431,-0.02441406
5.45401382,1905,-2.98376019,-1.62542613,-2.38883217,0.04844666,0.73805905,-0.10948181,3.29780192,-1.57507212,-2.38883217,0.04797426,0.73768233,-0.10956138,-3.01313336,-1.58346446,-2.40409096,0.03166199,0.72966672,-0.10757446,0.02929688,-0.00488281,0.03417969,0.10253906,0.07324219,-0.07324219,1.03454590,2.64977150,2.64854431,-0.02441406
5.46622062,1910,-2.98261578,-1.62542613,-2.38883217,0.04844666,0.73805905,-0.10948181,3.29936332,-1.57507212,-2.38883217,0.04803539,0.73767914,-0.10950788,-3.01275189,-1.58346446,-2.40370949,0.03318787,0.73004818,-0.10833740,0.03906250,0.00000000,0.01953125,0.08789062,0.04394531,-0.08789062,1.03454590,2.64995413,2.64854431,-0.02441406
5.48031330,1915,-2.98070844,-1.62542613,-2.38883217,0.04882812,0.73805905,-0.10948181,3.30105574,-1.57507212,-2.38883217,0.04819275,0.73781920,-0.10949036,-3.01237042,-1.58346446,-2.40332802,0.03395081,0.73157406,-0.10910034,0.02441406,0.00976562,0.02441406,0.02929688,0.13183594,-0.05859375,1.03454590,2.64989776,2.64854431,0.00000000
5.49337268,1920,-2.97880109,-1.62542613,-2.38883217,0.04882812,0.73805905,-0.10910034,3.30301181,-1.57507212,-2.38883217,0.04836346,0.73778502,-0.10940832,-3.01160748,-1.58308299,-2.40332802,0.03433228,0.73309994,-0.10948181,0.03906250,0.01464844,0.02441406,-0.01464844,0.16113281,-0.01464844,1.03454590,2.64975722,2.64854431,-0.04882812
5.50818300,1925,-2.97689374,-1.62542613,-2.38883217,0.04882812,0.73805905,-0.10948181,3.30476715,-1.57507212,-2.38883217,0.04841939,0.73771279,-0.10945773,-3.01122601,-1.58270152,-2.40294655,0.03471375,0.73424435,-0.10910034,0.02441406,0.00488281,0.03417969,0.02929688,0.10253906,0.00000000,1.03492737,2.64992625,2.64854431,0.00000000
5.52118754,1930,-2.97536786,-1.62542613,-2.38883217,0.04882812,0.73805905,-0.10948181,3.30639947,-1.57507212,-2.38883217,0.04843772,0.73768912,-0.10947392,-3.01084454,-1.58270152,-2.40256508,0.03547668,0.73538876,-0.10948181,0.03417969,0.00488281,0.03906250,0.04394531,0.08789062,-0.01464844,1.03454590,2.64982906,2.64854431,-0.02441406
5.53762197,1935,-2.97307904,-1.62542613,-2.38883217,0.04882812,0.73805905,-0.10910034,3.30838137,-1.57507212,-2.38883217,0.04844373,0.73773019,-0.10929307,-3.01008161,-1.58270152,-2.40218361,0.03623962,0.73691464,-0.10948181,0.04882812,0.00000000,0.02929688,0.05859375,0.11718750,-0.01464844,1.03454590,2.64985678,2.64854431,-0.02441406
5.55337906,1940,-2.97155316,-1.62542613,-2.38883217,0.04882812,0.73805905,-0.10910034,3.31026615,-1.57507212,-2.38883217,0.04844570,0.73769482,-0.10916349,-3.00893720,-1.58270152,-2.40180214,0.03814697,0.73805905,-0.10948181,0.04394531,0.00488281,0.02441406,0.05859375,0.07324219,-0.01464844,1.03454590,2.64974379,2.64854431,0.00000000
5.56813145,1945,-2.97040875,-1.62542613,-2.38883217,0.04920959,0.73805905,-0.10871887,3.31180355,-1.57507212,-2.38883217,0.04867156,0.73768323,-0.10898371,-3.00855573,-1.58232005,-2.40142067,0.03929138,0.73805905,-0.10948181,0.03417969,0.00976562,0.01953125,0.07324219,0.02929688,-0.01464844,1.03454590,2.64970677,2.64854431,-0.02441406
5.58182335,1950,-2.96926434,-1.62542613,-2.38883217,0.05073547,0.73805905,-0.10871887,3.31297664,-1.57507212,-2.38883217,0.04948190,0.73771068,-0.10886669,-3.00779279,-1.58193858,-2.40142067,0.04043579,0.73767758,-0.10948181,0.05859375,0.00976562,0.01953125,0.08789062,-0.01464844,-0.01464844,1.03454590,2.64969463,2.64854431,-0.02441406
5.59596205,1955,-2.96811994,-1.62542613,-2.38883217,0.05187988,0.73805905,-0.10871887,3.31423055,-1.57507212,-2.38883217,0.05068725,0.73768843,-0.10876731,-3.00702985,-1.58193858,-2.40103920,0.04119873,0.73729611,-0.10948181,0.03417969,0.00000000,0.01464844,0.02929688,-0.01464844,-0.02929688,1.03454590,2.64976878,2.64854431,-0.02441406
5.61210632,1960,-2.96659406,-1.62542613,-2.38883217,0.05264282,0.73805905,-0.10871887,3.31548713,-1.57507212,-2.38883217,0.05171430,0.73768113,-0.10873474,-3.00626691,-1.58193858,-2.40103920,0.04196167,0.73729611,-0.10948181,0.04394531,0.00000000,0.01953125,0.05859375,0.04394531,-0.01464844,1.03454590,2.64971496,2.64854431,0.00000000
5.62770057,1965,-2.96583112,-1.62542613,-2.38883217,0.05302429,0.73805905,-0.10833740,3.31659200,-1.57507212,-2.38883217,0.05221942,0.73767874,-0.10853792,-3.00550397,-1.58193858,-2.40065773,0.04196167,0.73729611,-0.10948181,0.05859375,-0.00488281,0.02441406,0.00000000,0.04394531,-0.04394531,1.03454590,2.64969732,2.64854431,-0.04882812
5.64060163,1970,-2.96544965,-1.62542613,-2.38883217,0.05378723,0.73805905,-0.10833740,3.31724177,-1.57507212,-2.38883217,0.05276653,0.73767796,-0.10840311,-3.00474103,-1.58193858,-2.40027626,0.04234314,0.73729611,-0.10948181,0.01953125,0.00000000,0.03417969,-0.01464844,0.02929688,-0.01464844,1.03454590,2.64955091,2.64854431,0.00000000
5.65389800,1975,-2.96544965,-1.62542613,-2.38883217,0.05493164,0.73805905,-0.10833740,3.31757382,-1.57507212,-2.38883217,0.05369618,0.73767770,-0.10835893,-3.00435956,-1.58193858,-2.40027626,0.04272461,0.73767758,-0.10948181,0.05371094,-0.00488281,0.01953125,0.01464844,0.01464844,-0.01464844,1.03416443,2.64936891,2.64854431,-0.04882812
5.66758990,1980,-2.96506818,-1.62542613,-2.38883217,0.05645752,0.73805905,-0.10833740,3.31793910,-1.57507212,-2.38883217,0.05496565,0.73767762,-0.10834446,-3.00359662,-1.58155711,-2.39989479,0.04310608,0.73767758,-0.10948181,0.05859375,0.00488281,0.01464844,0.00000000,0.02929688,-0.01464844,1.03454590,2.64939935,2.64854431,-0.02441406
5.68244410,1985,-2.96506818,-1.62542613,-2.38883217,0.05760193,0.73805905,-0.10871887,3.31805879,-1.57507212,-2.38883217,0.05618229,0.73767759,-0.10856493,-3.00245221,-1.58155711,-2.39989479,0.04386902,0.73767758,-0.10948181,0.04394531,0.01464844,0.01464844,0.04394531,-0.00000000,-0.01464844,1.03416443,2.64931924,2.64892578,-0.02441406
5.69577742,1990,-2.96506818,-1.62542613,-2.38883217,0.05836487,0.73767758,-0.10871887,3.31809801,-1.57507212,-2.38883217,0.05714272,0.73754025,-0.10866843,-3.00207074,-1.58117564,-2.39989479,0.04501343,0.73767758,-0.10948181,0.03417969,0.00976562,0.01464844,0.05859375,0.01464844,-0.01464844,1.03416443,2.64927444,2.64854431,0.00000000
5.71064711,1995,-2.96506818,-1.62542613,-2.38883217,0.06027222,0.73767758,-0.10910034,3.31811087,-1.57507212,-2.38883217,0.05840922,0.73737611,-0.10877864,-3.00130780,-1.58079417,-2.39951332,0.04615784,0.73729611,-0.10910034,0.05371094,0.00976562,0.00976562,0.04394531,0.01464844,0.00000000,1.03416443,2.64927831,2.64854431,-0.07324219
5.72471142,2000,-2.96506818,-1.62542613,-2.38883217,0.06179810,0.73729611,-0.10948181,3.31811508,-1.57507212,-2.38883217,0.06016163,0.73718500,-0.10913225,-3.00054486,-1.58079417,-2.39951332,0.04692078,0.73729611,-0.10948181,0.04882812,0.00488281,0.02929688,0.04394531,0.01464844,-0.01464844,1.03416443,2.64904130,2.64854431,-0.02441406
5.73716927,2005,-2.96506818,-1.62542613,-2.38883217,0.06370544,0.73691464,-0.10986328,3.31811646,-1.57507212,-2.38883217,0.06206703,0.73681707,-0.10944356,-3.00016339,-1.58079417,-2.39913185,0.04844666,0.73729611,-0.10948181,0.03417969,0.00000000,0.02929688,0.10253906,0.02929688,-0.01464844,1.03416443,2.64896363,2.64854431,-0.02441406
5.75109005,2010,-2.96506818,-1.62542613,-2.38883217,0.06408691,0.73653317,-0.10986328,3.31811691,-1.57507212,-2.38883217,0.06316857,0.73644004,-0.10959440,-2.99940045,-1.58079417,-2.39875038,0.05035400,0.73767758,-0.10948181,0.03906250,0.00488281,0.02929688,0.08789062,0.04394531,-0.02929688,1.03416443,2.64893818,2.64854431,0.00000000
5.76736760,2015,-2.96506818,-1.62542613,-2.38883217,0.06446838,0.73653317,-0.10948181,3.31811706,-1.57507212,-2.38883217,0.06375474,0.73624618,-0.10957974,-2.99863751,-1.58041270,-2.39836891,0.05073547,0.73767758,-0.10948181,0.05859375,0.00000000,0.02929688,0.01464844,0.02929688,-0.01464844,1.03416443,2.64885172,2.64854431,-0.04882812
5.78118777,2020,-2.96392377,-1.62542613,-2.38883217,0.06484985,0.73577023,-0.10986328,3.31863603,-1.57507212,-2.38883217,0.06423454,0.73584990,-0.10967809,-2.99787457,-1.58041270,-2.39836891,0.05111694,0.73767758,-0.10948181,0.03417969,0.00488281,0.01464844,0.02929688,-0.00000000,-0.02929688,1.03378296,2.64874893,2.64854431,-0.04882812
5.79562521,2025,-2.96277936,-1.62542613,-2.38883217,0.06484985,0.73462582,-0.10986328,3.31939532,-1.57507212,-2.38872231,0.06439176,0.73502095,-0.10973228,-2.99749310,-1.58041270,-2.39798745,0.05187988,0.73767758,-0.10910034,0.02441406,0.00488281,0.00976562,0.01464844,0.01464844,-0.01464844,1.03378296,2.64835489,2.64854431,-0.02441406
5.80879474,2030,-2.96087201,-1.62542613,-2.38883217,0.06484985,0.73309994,-0.10986328,3.32077608,-1.57507212,-2.38879617,0.06444327,0.73384258,-0.10982036,-2.99673016,-1.58003123,-2.39798745,0.05264282,0.73767758,-0.10948181,0.05371094,0.00976562,0.00976562,0.05859375,-0.01464844,-0.02929688,1.03378296,2.64828827,2.64892578,0.00000000
5.82340097,2035,-2.95934613,-1.62542613,-2.38883217,0.06446838,0.73271847,-0.10986328,3.32241700,-1.57507212,-2.38882038,0.06438386,0.73294949,-0.10984922,-2.99596723,-1.58003123,-2.39798745,0.05378723,0.73729611,-0.10948181,0.03906250,0.00000000,0.00976562,0.02929688,0.01464844,-0.01464844,1.03378296,2.64820394,2.64854431,-0.02441406
5.83521533,2040,-2.95858319,-1.62542613,-2.38883217,0.06484985,0.73271847,-0.10986328,3.32381579,-1.57507212,-2.38876727,0.06437038,0.73253770,-0.10985867,-2.99558576,-1.58003123,-2.39798745,0.05416870,0.73729611,-0.10948181,0.02441406,0.00000000,0.01953125,0.05859375,0.02929688,-0.01464844,1.03378296,2.64817631,2.64854431,-0.02441406
5.85223961,2045,-2.95743878,-1.62542613,-2.38883217,0.06484985,0.73271847,-0.10986328,3.32492441,-1.57507212,-2.38881091,0.06443627,0.73240277,-0.10986177,-2.99482282,-1.58003123,-2.39760598,0.05531311,0.73729611,-0.10910034,0.05859375,-0.00488281,0.02441406,0.04394531,0.01464844,-0.01464844,1.03378296,2.64816725,2.64892578,-0.04882812
5.86684084,2050,-2.95667584,-1.62542613,-2.38883217,0.06484985,0.73233700,-0.10948181,3.32588851,-1.57507212,-2.38882520,0.06445786,0.73213333,-0.10964538,-2.99405988,-1.58003123,-2.39722451,0.05607605,0.73729611,-0.10948181,0.04882812,-0.00488281,0.01953125,0.05859375,0.01464844,-0.01464844,1.03378296,2.64816429,2.64892578,-0.02441406
5.88242126,2055,-2.95476849,-1.62542613,-2.38883217,0.06484985,0.73119259,-0.10948181,3.32712642,-1.57507212,-2.38882989,0.06457480,0.73149487,-0.10953541,-2.99367841,-1.58003123,-2.39722451,0.05722046,0.73729611,-0.10948181,0.02441406,-0.00488281,0.01953125,0.08789062,0.01464844,-0.01464844,1.03416443,2.64831590,2.64854431,-0.04882812
5.89441276,2060,-2.95324262,-1.62542613,-2.38883217,0.06484985,0.73004818,-0.10948181,3.32858919,-1.57507212,-2.38883142,0.06456429,0.73063540,-0.10949937,-2.99291547,-1.58003123,-2.39684304,0.05798340,0.73691464,-0.10948181,0.03906250,0.00488281,0.02929688,0.02929688,-0.01464844,-0.01464844,1.03378296,2.64847569,2.64892578,0.00000000
5.90845966,2065,-2.95209821,-1.62542613,-2.38883217,0.06484985,0.72928525,-0.10948181,3.32993802,-1.57507212,-2.38883193,0.06449981,0.72957276,-0.10948757,-2.99177106,-1.57964976,-2.39646157,0.05798340,0.73653317,-0.10948181,0.06347656,0.00000000,0.01953125,-0.02929688,-0.01464844,-0.01464844,1.03378296,2.64836301,2.64854431,0.00000000
5.92249846,2070,-2.95171674,-1.62542613,-2.38845070,0.06484985,0.72928525,-0.10948181,3.33089673,-1.57507212,-2.38868548,0.06447868,0.72912299,-0.10948370,-2.99100812,-1.57964976,-2.39646157,0.05836487,0.73653317,-0.10948181,0.03906250,0.01464844,0.00976562,0.01464844,0.01464844,0.00000000,1.03416443,2.64838102,2.64854431,0.02441406
5.93768167,2075,-2.95133527,-1.62542613,-2.38845070,0.06523132,0.72928525,-0.10948181,3.33141852,-1.57507212,-2.38861553,0.06469698,0.72897561,-0.10948243,-2.99062665,-1.57926829,-2.39646157,0.05874634,0.73653317,-0.10948181,0.04882812,0.00488281,0.01464844,0.01464844,-0.00000000,-0.02929688,1.03378296,2.64823434,2.64854431,0.00000000
5.95567441,2080,-2.95133527,-1.62542613,-2.38883217,0.06523132,0.72928525,-0.10948181,3.33170864,-1.57507212,-2.38869087,0.06479976,0.72892731,-0.10938973,-2.98948224,-1.57926829,-2.39608010,0.05950928,0.73577023,-0.10948181,0.04882812,-0.00488281,0.01464844,0.04394531,-0.04394531,-0.01464844,1.03378296,2.64818627,2.64892578,0.00000000
5.97092009,2085,-2.95133527,-1.62542613,-2.38845070,0.06561279,0.72928525,-0.10948181,3.33180371,-1.57507212,-2.38862169,0.06501960,0.72891149,-0.10945164,-2.98871930,-1.57926829,-2.39608010,0.06027222,0.73500729,-0.10948181,0.03906250,-0.00488281,0.01464844,0.04394531,-0.02929688,-0.01464844,1.03378296,2.64817052,2.64892578,-0.02441406
5.98628330,2090,-2.95133527,-1.62542613,-2.38845070,0.06675720,0.72928525,-0.10948181,3.33183486,-1.57507212,-2.38864784,0.06574190,0.72890630,-0.10947192,-2.98795636,-1.57926829,-2.39608010,0.06065369,0.73424435,-0.10948181,0.05859375,-0.00488281,0.01953125,-0.01464844,-0.04394531,-0.01464844,1.03378296,2.64816536,2.64854431,-0.02441406
6.00224018,2095,-2.95133527,-1.62542613,-2.38845070,0.06752014,0.72928525,-0.10948181,3.33184506,-1.57507212,-2.38851530,0.06653059,0.72890460,-0.10947857,-2.98719342,-1.57926829,-2.39569863,0.06065369,0.73309994,-0.10948181,0.03906250,-0.00976562,0.02441406,-0.01464844,-0.04394531,-0.02929688,1.03378296,2.64822617,2.64854431,0.00000000
6.01502037,2100,-2.95133527,-1.62542613,-2.38845070,0.06752014,0.72928525,-0.10948181,3.33184841,-1.57507212,-2.38847187,0.06693941,0.72890405,-0.10948075,-2.98643048,-1.57888682,-2.39531716,0.06103516,0.73271847,-0.10948181,0.05371094,0.00000000,0.01464844,0.01464844,-0.00000000,0.00000000,1.03378296,2.64818359,2.64854431,-0.02441406
6.03053427,2105,-2.95133527,-1.62542613,-2.38845070,0.06752014,0.72928525,-0.10948181,3.33184951,-1.57507212,-2.38845764,0.06707338,0.72890386,-0.10948146,-2.98566754,-1.57888682,-2.39531716,0.06103516,0.73271847,-0.10948181,0.05371094,0.00488281,0.01464844,-0.01464844,-0.00000000,-0.01464844,1.03378296,2.64816964,2.64854431,-0.02441406
6.04510593,2110,-2.95133527,-1.62542613,-2.38806923,0.06752014,0.72928525,-0.10948181,3.33184986,-1.57507212,-2.38826682,0.06711728,0.72890380,-0.10948170,-2.98528607,-1.57888682,-2.39531716,0.06103516,0.73271847,-0.10948181,0.01464844,0.00488281,0.01464844,-0.02929688,-0.00000000,-0.01464844,1.03378296,2.64816507,2.64892578,-0.04882812
6.05908680,2115,-2.95133527,-1.62542613,-2.38768776,0.06752014,0.72928525,-0.10948181,3.33184998,-1.57507212,-2.38794782,0.06713166,0.72890379,-0.10948177,-2.98452313,-1.57888682,-2.39493569,0.06141663,0.73271847,-0.10948181,0.04394531,0.00000000,0.02441406,0.01464844,0.01464844,-0.02929688,1.03378296,2.64816357,2.64854431,-0.04882812
6.07193422,2120,-2.95133527,-1.62542613,-2.38692482,0.06752014,0.72928525,-0.10948181,3.33185002,-1.57507212,-2.38737918,0.06713637,0.72890378,-0.10948180,-2.98414166,-1.57850535,-2.39455422,0.06141663,0.73233700,-0.10948181,0.02929688,-0.00488281,0.01464844,0.00000000,-0.00000000,-0.01464844,1.03378296,2.64816308,2.64854431,-0.02441406
6.08528829,2125,-2.95133527,-1.62542613,-2.38578041,0.06752014,0.72928525,-0.10948181,3.33185003,-1.57507212,-2.38660361,0.06713792,0.72886471,-0.10948181,-2.98337872,-1.57850535,-2.39455422,0.06179810,0.73233700,-0.10948181,0.06347656,-0.00488281,0.01464844,0.01464844,-0.00000000,-0.01464844,1.03416443,2.64831551,2.64854431,-0.02441406
6.09959030,2130,-2.95133527,-1.62542613,-2.38501747,0.06752014,0.72814084,-0.10948181,3.33185004,-1.57507212,-2.38563878,0.06713843,0.72839110,-0.10948181,-2.98261578,-1.57850535,-2.39455422,0.06217957,0.73195553,-0.10948181,0.03906250,0.00000000,0.01464844,-0.02929688,-0.00000000,-0.01464844,1.03378296,2.64821287,2.64854431,-0.02441406
6.11226130,2135,-2.95133527,-1.62542613,-2.38387307,0.06752014,0.72547055,-0.10948181,3.33185004,-1.57507212,-2.38464111,0.06713859,0.72664228,-0.10948181,-2.98261578,-1.57850535,-2.39455422,0.06256104,0.73195553,-0.10948181,0.01953125,0.00000000,0.01464844,0.01464844,-0.01464844,-0.01464844,1.03378296,2.64817923,2.64854431,-0.02441406
6.12746382,2140,-2.95133527,-1.62542613,-2.38234719,0.06752014,0.72356320,-0.10948181,3.33185004,-1.57507212,-2.38338060,0.06713865,0.72477760,-0.10948181,-2.98185285,-1.57850535,-2.39455422,0.06332397,0.73081112,-0.10948181,0.05371094,0.00000000,0.00976562,0.04394531,-0.07324219,0.00000000,1.03378296,2.64826587,2.64854431,-0.02441406
6.13928318,2145,-2.95133527,-1.62542613,-2.38120278,0.06752014,0.72165585,-0.10948181,3.33185004,-1.57507212,-2.38210586,0.06713866,0.72291108,-0.10948181,-2.98108991,-1.57850535,-2.39417275,0.06370544,0.72928525,-0.10948181,0.05371094,0.00000000,0.01464844,0.01464844,-0.10253906,-0.01464844,1.03378296,2.64833723,2.64854431,-0.04882812
6.15352607,2150,-2.95133527,-1.62542613,-2.37929543,0.06752014,0.71860409,-0.10948181,3.33185004,-1.57507212,-2.38054692,0.06713867,0.72037124,-0.10948181,-2.98070844,-1.57850535,-2.39417275,0.06446838,0.72737790,-0.10948181,0.01464844,-0.00488281,0.01953125,0.02929688,-0.10253906,-0.01464844,1.03378296,2.64821998,2.64854431,-0.02441406
6.17040515,2155,-2.95133527,-1.62542613,-2.37700661,0.06752014,0.71326352,-0.10948181,3.33185004,-1.57507212,-2.37855537,0.06708984,0.71639079,-0.10948181,-2.97994550,-1.57812388,-2.39379128,0.06523132,0.72661496,-0.10948181,0.04882812,0.00488281,0.02441406,0.01464844,-0.04394531,-0.02929688,1.03378296,2.64818157,2.64854431,-0.02441406
6.18233681,2160,-2.95133527,-1.62542613,-2.37471779,0.06752014,0.70944882,-0.10948181,3.33185004,-1.57507212,-2.37649970,0.06708361,0.71230450,-0.10948181,-2.97956403,-1.57812388,-2.39340981,0.06484985,0.72585202,-0.10948181,0.03906250,-0.00488281,0.02441406,-0.01464844,-0.05859375,-0.01464844,1.03378296,2.64816898,2.64854431,-0.04882812
6.19524407,2165,-2.95133527,-1.62542613,-2.37204750,0.06752014,0.70601559,-0.10948181,3.33185004,-1.57507212,-2.37405767,0.06712063,0.70844145,-0.10948181,-2.97880109,-1.57812388,-2.39340981,0.06523132,0.72547055,-0.10948181,0.02929688,-0.00976562,0.03417969,-0.01464844,0.01464844,0.00000000,1.03378296,2.64816485,2.64854431,-0.04882812
6.20823431,2170,-2.95133527,-1.62542613,-2.37014016,0.06752014,0.70220089,-0.10948181,3.33185004,-1.57507212,-2.37167580,0.06713276,0.70469099,-0.10948181,-2.97841962,-1.57812388,-2.39302834,0.06523132,0.72585202,-0.10948181,0.01464844,-0.00488281,0.03417969,0.00000000,0.04394531,-0.01464844,1.03378296,2.64816350,2.64892578,0.00000000
6.22502208,2175,-2.95133527,-1.62542613,-2.36670693,0.06752014,0.69762326,-0.10948181,3.33185004,-1.57507212,-2.36901774,0.06713673,0.70043567,-0.10948181,-2.97803815,-1.57812388,-2.39264687,0.06523132,0.72547055,-0.10948181,0.03417969,-0.00488281,0.02929688,0.00000000,-0.01464844,0.00000000,1.03378296,2.64816306,2.64854431,-0.04882812
6.23892498,2180,-2.95133527,-1.62542613,-2.36403664,0.06713867,0.69419003,-0.10948181,3.33185004,-1.57507212,-2.36607900,0.06695188,0.69649185,-0.10948181,-2.97765668,-1.57812388,-2.39188393,0.06523132,0.72470761,-0.10948181,0.02441406,0.00000000,0.05371094,-0.01464844,-0.02929688,-0.01464844,1.03378296,2.64816291,2.64854431,0.00000000
6.25215125,2185,-2.95133527,-1.62542613,-2.36136635,0.06752014,0.68923092,-0.10948181,3.33185004,-1.57507212,-2.36344282,0.06707746,0.69224727,-0.10948181,-2.97689374,-1.57812388,-2.39150246,0.06561279,0.72318173,-0.10948181,0.03906250,0.00000000,0.04394531,-0.01464844,-0.13183594,-0.01464844,1.03378296,2.64816286,2.64854431,-0.02441406
6.26689243,2190,-2.95133527,-1.62542613,-2.35831459,0.06752014,0.68350888,-0.10948181,3.33185004,-1.57507212,-2.36069472,0.06711862,0.68754256,-0.10948181,-2.97651227,-1.57812388,-2.39073952,0.06561279,0.72012997,-0.10948181,0.02929688,-0.00488281,0.04882812,-0.01464844,-0.19042969,0.00000000,1.03378296,2.64816285,2.64854431,-0.02441406
6.27907276,2195,-2.95133527,-1.62542613,-2.35564431,0.06752014,0.68007565,-0.10948181,3.33185004,-1.57507212,-2.35802139,0.06708327,0.68308967,-0.10948181,-2.97613080,-1.57812388,-2.39035805,0.06561279,0.71822262,-0.10948181,0.01464844,0.00000000,0.04882812,0.00000000,-0.11718750,-0.01464844,1.03378296,2.64816284,2.64854431,-0.02441406
6.29398942,2200,-2.95133527,-1.62542613,-2.35297402,0.06752014,0.67740536,-0.10948181,3.33185004,-1.57507212,-2.35542042,0.06707169,0.67962383,-0.10948181,-2.97574933,-1.57812388,-2.38959511,0.06561279,0.71669674,-0.10948181,0.01953125,0.00000000,0.02929688,-0.01464844,-0.08789062,-0.01464844,1.03378296,2.64816284,2.64854431,-0.02441406
6.30741835,2205,-2.95133527,-1.62542613,-2.35030373,0.06752014,0.67587948,-0.10948181,3.33185004,-1.57507212,-2.35274160,0.06711672,0.67732945,-0.10948181,-2.97498639,-1.57812388,-2.38921364,0.06561279,0.71402646,-0.10948181,0.03417969,-0.00488281,0.06835938,-0.01464844,-0.19042969,-0.01464844,1.03378296,2.64816284,2.64854431,-0.02441406
6.32465339,2210,-2.95133527,-1.62542613,-2.34839638,0.06752014,0.67435360,-0.10948181,3.33185004,-1.57507212,-2.35007217,0.06713148,0.67529296,-0.10948181,-2.97460492,-1.57812388,-2.38845070,0.06561279,0.71021176,-0.10948181,0.04882812,-0.00488281,0.05859375,0.00000000,-0.23437500,-0.01464844,1.03378296,2.64816284,2.64854431,0.00000000
6.33859277,2215,-2.95133527,-1.62542613,-2.34496315,0.06713867,0.67206479,-0.10948181,3.33185004,-1.57507212,-2.34731989,0.06706002,0.67322794,-0.10948181,-2.97422345,-1.57812388,-2.38768776,0.06599426,0.70792294,-0.10948181,0.00976562,-0.00488281,0.04394531,-0.01464844,-0.16113281,-0.01464844,1.03378296,2.64816284,2.64854431,-0.02441406
6.35697079,2220,-2.95133527,-1.62542613,-2.34305580,0.06752014,0.66939450,-0.10948181,3.33185004,-1.57507212,-2.34479730,0.06701280,0.67091859,-0.10948181,-2.97346051,-1.57812388,-2.38692482,0.06637573,0.70296383,-0.10986328,0.03417969,0.00000000,0.03417969,0.02929688,-0.29296875,-0.01464844,1.03378296,2.64816284,2.64854431,-0.02441406
6.37030888,2225,-2.95133527,-1.62542613,-2.34076699,0.06713867,0.66901303,-0.10948181,3.33185004,-1.57507212,-2.34253735,0.06702113,0.66941222,-0.10948181,-2.97307904,-1.57774241,-2.38616188,0.06637573,0.70067502,-0.10986328,0.01953125,0.00000000,0.06835938,0.00000000,-0.23437500,-0.01464844,1.03378296,2.64816284,2.64892578,0.00000000
6.38421011,2230,-2.95133527,-1.62542613,-2.33924111,0.06713867,0.66825009,-0.10948181,3.33185004,-1.57507212,-2.34065179,0.06693158,0.66849357,-0.10948181,-2.97269757,-1.57774241,-2.38501747,0.06675720,0.69724179,-0.10986328,0.02929688,-0.00488281,0.06835938,-0.01464844,-0.17578125,-0.01464844,1.03378296,2.64816284,2.64854431,-0.02441406
6.39984465,2235,-2.95171674,-1.62542613,-2.33809670,0.06713867,0.66786862,-0.10948181,3.33171271,-1.57507212,-2.33920348,0.06681434,0.66784818,-0.10948181,-2.97231610,-1.57774241,-2.38463600,0.06675720,0.69495297,-0.10948181,0.01464844,-0.00488281,0.05371094,0.00000000,-0.19042969,0.00000000,1.03378296,2.64816284,2.64854431,-0.02441406
6.41374588,2240,-2.95171674,-1.62542613,-2.33733376,0.06713867,0.66786862,-0.10948181,3.33154857,-1.57507212,-2.33804799,0.06677593,0.66760545,-0.10948181,-2.97193463,-1.57774241,-2.38349160,0.06675720,0.69380856,-0.10948181,0.01464844,-0.00488281,0.07324219,0.00000000,-0.07324219,-0.01464844,1.03378296,2.64806519,2.64854431,-0.04882812
6.42724156,2245,-2.95171674,-1.62542613,-2.33657082,0.06713867,0.66786862,-0.10948181,3.33149478,-1.57507212,-2.33717400,0.06676334,0.66752592,-0.10948181,-2.97155316,-1.57774241,-2.38272866,0.06713867,0.69266415,-0.10986328,0.03417969,0.00000000,0.06347656,0.00000000,-0.05859375,-0.01464844,1.03378296,2.64813084,2.64854431,-0.02441406
6.44078374,2250,-2.95209821,-1.62542613,-2.33618935,0.06675720,0.66825009,-0.10948181,3.33125194,-1.57507212,-2.33663114,0.06650274,0.66763718,-0.10948181,-2.97155316,-1.57774241,-2.38158425,0.06713867,0.69228268,-0.10986328,0.00976562,-0.00488281,0.08300781,0.00000000,-0.04394531,-0.02929688,1.03378296,2.64815236,2.64854431,-0.02441406
6.45615196,2255,-2.95286115,-1.62542613,-2.33542641,0.06713867,0.66901303,-0.10948181,3.33074732,-1.57507212,-2.33607166,0.06658154,0.66818658,-0.10938171,-2.97117169,-1.57774241,-2.38082131,0.06713867,0.69151974,-0.10986328,0.02441406,0.00000000,0.07324219,-0.01464844,-0.02929688,-0.01464844,1.03378296,2.64806175,2.64854431,-0.02441406
6.47074389,2260,-2.95362409,-1.62542613,-2.33466347,0.06675720,0.66901303,-0.10910034,3.33010027,-1.57507212,-2.33524405,0.06644317,0.66848575,-0.10922379,-2.97040875,-1.57774241,-2.37967690,0.06675720,0.69075680,-0.10986328,0.03906250,0.00976562,0.05859375,-0.02929688,-0.05859375,-0.01464844,1.03378296,2.64812972,2.64854431,-0.02441406
6.48367262,2265,-2.95400556,-1.62542613,-2.33390053,0.06675720,0.66863156,-0.10910034,3.32960053,-1.57507212,-2.33455220,0.06639783,0.66832731,-0.10927214,-2.97040875,-1.57736094,-2.37891396,0.06675720,0.68846798,-0.10986328,0.01464844,0.00000000,0.04394531,-0.02929688,-0.14648438,-0.01464844,1.03378296,2.64815199,2.64854431,0.00000000
6.50079989,2270,-2.95438703,-1.62542613,-2.33237465,0.06599426,0.66863156,-0.10910034,3.32918030,-1.57507212,-2.33341876,0.06616935,0.66827539,-0.10915664,-2.96964581,-1.57736094,-2.37776955,0.06675720,0.68541623,-0.10986328,0.02441406,0.00000000,0.06347656,-0.01464844,-0.21972656,-0.02929688,1.03378296,2.64815928,2.64854431,-0.02441406
6.51669788,2275,-2.95476849,-1.62542613,-2.33199318,0.06446838,0.66825009,-0.10910034,3.32869824,-1.57507212,-2.33257946,0.06517017,0.66800191,-0.10911879,-2.96964581,-1.57736094,-2.37700661,0.06675720,0.68236447,-0.10986328,0.01464844,-0.00488281,0.05371094,-0.01464844,-0.17578125,-0.01464844,1.03378296,2.64816168,2.64892578,-0.02441406
6.53024244,2280,-2.95553143,-1.62542613,-2.33084877,0.06332397,0.66863156,-0.10871887,3.32820752,-1.57507212,-2.33171520,0.06382286,0.66804963,-0.10892023,-2.96926434,-1.57736094,-2.37624367,0.06713867,0.68045712,-0.10986328,0.00976562,-0.00488281,0.06835938,0.01464844,-0.10253906,-0.01464844,1.03378296,2.64804039,2.64854431,-0.04882812
6.54401493,2285,-2.95629437,-1.62542613,-2.33046730,0.06294250,0.66825009,-0.10871887,3.32757284,-1.57507212,-2.33094653,0.06297451,0.66795918,-0.10878485,-2.96888287,-1.57736094,-2.37548073,0.06713867,0.67931271,-0.10948181,0.02929688,-0.00488281,0.04882812,-0.01464844,-0.07324219,-0.01464844,1.03378296,2.64812272,2.64854431,-0.02441406
6.55758977,2290,-2.95705731,-1.62542613,-2.32970436,0.06294250,0.66825009,-0.10871887,3.32685193,-1.57507212,-2.33026179,0.06269652,0.66793736,-0.10874049,-2.96850140,-1.57736094,-2.37471779,0.06713867,0.67893124,-0.10986328,0.01464844,0.00000000,0.07324219,-0.01464844,-0.01464844,-0.01464844,1.03378296,2.64814969,2.64854431,-0.02441406
6.57062364,2295,-2.95858319,-1.62542613,-2.32894142,0.06179810,0.66825009,-0.10871887,3.32577000,-1.57507212,-2.32958551,0.06208651,0.66789114,-0.10872596,-2.96811994,-1.57736094,-2.37357338,0.06675720,0.67854977,-0.10948181,0.02441406,-0.00976562,0.05371094,-0.01464844,-0.01464844,-0.01464844,1.03378296,2.64808041,2.64854431,-0.02441406
6.58449030,2300,-2.96049054,-1.62542613,-2.32817849,0.06141663,0.66825009,-0.10871887,3.32410334,-1.57507212,-2.32875868,0.06141091,0.66787600,-0.10876026,-2.96773847,-1.57736094,-2.37281044,0.06675720,0.67816830,-0.10948181,0.00488281,-0.00488281,0.06835938,-0.02929688,-0.00000000,-0.01464844,1.03378296,2.64801376,2.64854431,-0.02441406
6.60056925,2305,-2.96201642,-1.62542613,-2.32741555,0.06141663,0.66825009,-0.10910034,3.32253133,-1.57507212,-2.32800605,0.06115828,0.66787104,-0.10891859,-2.96773847,-1.57736094,-2.37204750,0.06675720,0.67702389,-0.10986328,0.00000000,-0.00488281,0.07324219,-0.01464844,-0.07324219,-0.02929688,1.03378296,2.64811399,2.64854431,-0.02441406
6.61343193,2310,-2.96316083,-1.62542613,-2.32665261,0.06141663,0.66825009,-0.10910034,3.32103538,-1.57507212,-2.32727628,0.06107550,0.66786941,-0.10904079,-2.96773847,-1.57736094,-2.37128456,0.06675720,0.67549801,-0.10986328,0.00000000,-0.00488281,0.06347656,-0.02929688,-0.07324219,-0.01464844,1.03378296,2.64814683,2.64854431,0.00000000
6.63044596,2315,-2.96544965,-1.62542613,-2.32588967,0.06065369,0.66825009,-0.10910034,3.31944679,-1.57507212,-2.32655546,0.06071561,0.66786888,-0.10904176,-2.96773847,-1.57736094,-2.37014016,0.06637573,0.67435360,-0.10986328,-0.00488281,0.00488281,0.06835938,-0.04394531,-0.04394531,-0.02929688,1.03378296,2.64815760,2.64854431,-0.02441406
6.64146638,2320,-2.96697553,-1.62542613,-2.32550820,0.06065369,0.66825009,-0.10910034,3.31763230,-1.57507212,-2.32603154,0.06041751,0.66786870,-0.10908115,-2.96773847,-1.57736094,-2.36975869,0.06599426,0.67359067,-0.10986328,0.00000000,0.00000000,0.05371094,-0.02929688,-0.05859375,-0.02929688,1.03378296,2.64816112,2.64854431,0.02441406
6.65490103,2325,-2.96811994,-1.62542613,-2.32550820,0.06065369,0.66825009,-0.10910034,3.31605689,-1.57507212,-2.32567969,0.06031983,0.66786865,-0.10903302,-2.96773847,-1.57697947,-2.36899575,0.06599426,0.67320920,-0.10986328,-0.00488281,0.00000000,0.07324219,-0.01464844,-0.01464844,-0.01464844,1.03378296,2.64816228,2.64854431,-0.02441406
6.66958737,2330,-2.96888287,-1.62542613,-2.32550820,0.06065369,0.66863156,-0.10910034,3.31505751,-1.57507212,-2.32556439,0.06028782,0.66812510,-0.10907828,-2.96773847,-1.57697947,-2.36785134,0.06561279,0.67320920,-0.10986328,-0.00976562,0.00000000,0.05371094,-0.04394531,0.02929688,-0.01464844,1.03378296,2.64816266,2.64854431,-0.02441406
6.68234730,2335,-2.96964581,-1.62542613,-2.32550820,0.06027222,0.66901303,-0.10871887,3.31424834,-1.57507212,-2.32552661,0.06005211,0.66843435,-0.10883664,-2.96773847,-1.57697947,-2.36708840,0.06561279,0.67359067,-0.10986328,-0.00488281,0.00976562,0.06347656,-0.02929688,0.04394531,-0.01464844,1.03378296,2.64816278,2.64854431,0.00000000
6.69619274,2340,-2.97040875,-1.62542613,-2.32550820,0.05989075,0.66939450,-0.10871887,3.31355815,-1.57507212,-2.32545320,0.05971840,0.66879216,-0.10875746,-2.96773847,-1.57659800,-2.36632546,0.06484985,0.67359067,-0.10986328,-0.00488281,0.00488281,0.06347656,-0.04394531,-0.00000000,-0.01464844,1.03378296,2.64816282,2.64854431,-0.02441406
6.70952249,2345,-2.97193463,-1.62542613,-2.32512673,0.05912781,0.67015744,-0.10871887,3.31233735,-1.57507212,-2.32523370,0.05918400,0.66924217,-0.10873152,-2.96773847,-1.57659800,-2.36556252,0.06484985,0.67320920,-0.10948181,-0.00488281,0.00976562,0.06835938,0.00000000,-0.00000000,0.00000000,1.03378296,2.64816284,2.64854431,-0.02441406
6.72485471,2350,-2.97307904,-1.62542613,-2.32512673,0.05912781,0.67092038,-0.10871887,3.31102680,-1.57507212,-2.32516178,0.05888975,0.66992454,-0.10872302,-2.96773847,-1.57659800,-2.36479958,0.06446838,0.67320920,-0.10948181,-0.00488281,0.00488281,0.05371094,-0.05859375,-0.01464844,-0.01464844,1.03378296,2.64816284,2.64854431,-0.02441406
6.74026203,2355,-2.97422345,-1.62542613,-2.32512673,0.05912781,0.67282773,-0.10871887,3.30978889,-1.57507212,-2.32513821,0.05879333,0.67128937,-0.10872023,-2.96773847,-1.57659800,-2.36403664,0.06446838,0.67244626,-0.10986328,-0.00488281,-0.00488281,0.05371094,-0.01464844,-0.00000000,-0.01464844,1.03378296,2.64826050,2.64854431,-0.02441406
6.75568032,2360,-2.97498639,-1.62542613,-2.32512673,0.05836487,0.67359067,-0.10871887,3.30887031,-1.57507212,-2.32513049,0.05849929,0.67247855,-0.10875838,-2.96773847,-1.57621653,-2.36289223,0.06408691,0.67282773,-0.10948181,-0.00488281,0.00000000,0.06347656,-0.05859375,0.01464844,-0.01464844,1.03378296,2.64819484,2.64854431,-0.02441406
6.76938629,2365,-2.97536786,-1.62542613,-2.32512673,0.05607605,0.67435360,-0.10871887,3.30823276,-1.57507212,-2.32512796,0.05705357,0.67330254,-0.10873182,-2.96773847,-1.57621653,-2.36251076,0.06370544,0.67244626,-0.10948181,-0.00488281,-0.00976562,0.04394531,-0.04394531,0.01464844,-0.01464844,1.03378296,2.64817333,2.64854431,-0.02441406
6.78653574,2370,-2.97574933,-1.62542613,-2.32512673,0.05493164,0.67473507,-0.10833740,3.30769707,-1.57507212,-2.32512713,0.05558191,0.67397794,-0.10846664,-2.96773847,-1.57621653,-2.36174782,0.06332397,0.67320920,-0.10948181,-0.00488281,-0.00488281,0.05371094,-0.04394531,0.04394531,-0.01464844,1.03378296,2.64816628,2.64854431,-0.02441406
6.80017447,2375,-2.97574933,-1.62542613,-2.32512673,0.05340576,0.67587948,-0.10757446,3.30752153,-1.57507212,-2.32512686,0.05437311,0.67475724,-0.10807824,-2.96773847,-1.57621653,-2.36098488,0.06179810,0.67282773,-0.10948181,-0.00488281,-0.00488281,0.05859375,-0.13183594,-0.01464844,0.00000000,1.03378296,2.64816397,2.64854431,-0.02441406
6.81276226,2380,-2.97574933,-1.62542613,-2.32512673,0.05187988,0.67702389,-0.10643005,3.30746401,-1.57507212,-2.32512677,0.05278024,0.67569412,-0.10727872,-2.96773847,-1.57621653,-2.36060341,0.06065369,0.67282773,-0.10948181,-0.00488281,0.00000000,0.03417969,-0.10253906,0.02929688,-0.02929688,1.03378296,2.64816321,2.64854431,-0.02441406
6.82656741,2385,-2.97574933,-1.62542613,-2.32512673,0.05035400,0.67740536,-0.10490417,3.30744516,-1.57507212,-2.32512674,0.05111327,0.67651784,-0.10590297,-2.96773847,-1.57621653,-2.35984047,0.06027222,0.67282773,-0.10948181,-0.00488281,-0.00488281,0.04394531,-0.04394531,-0.00000000,-0.01464844,1.03416443,2.64831555,2.64854431,-0.02441406
6.83930349,2390,-2.97574933,-1.62542613,-2.32512673,0.04920959,0.67816830,-0.10452271,3.30743899,-1.57507212,-2.32512673,0.04982741,0.67715958,-0.10500624,-2.96773847,-1.57621653,-2.35907753,0.06027222,0.67282773,-0.10948181,-0.00976562,-0.00488281,0.06347656,-0.01464844,-0.01464844,-0.02929688,1.03378296,2.64821288,2.64854431,-0.02441406
6.85344434,2395,-2.97574933,-1.62542613,-2.32474526,0.04920959,0.67854977,-0.10452271,3.30743696,-1.57507212,-2.32505043,0.04915557,0.67771862,-0.10468115,-2.96773847,-1.57621653,-2.35869606,0.06027222,0.67282773,-0.10948181,-0.00488281,-0.00488281,0.03417969,-0.01464844,0.01464844,0.00000000,1.03378296,2.64817924,2.64854431,0.00000000
6.86823964,2400,-2.97574933,-1.62542613,-2.32474526,0.04920959,0.67854977,-0.10452271,3.30743630,-1.57507212,-2.32484526,0.04893542,0.67802095,-0.10462345,-2.96811994,-1.57621653,-2.35793312,0.05989075,0.67320920,-0.10948181,-0.00488281,-0.00976562,0.04882812,-0.02929688,0.01464844,-0.01464844,1.03378296,2.64816821,2.64854431,-0.02441406
6.88134289,2405,-2.97574933,-1.62542613,-2.32398232,0.04882812,0.67816830,-0.10452271,3.30743608,-1.57507212,-2.32433540,0.04878699,0.67786355,-0.10455572,-2.96811994,-1.57621653,-2.35717018,0.05912781,0.67320920,-0.10948181,-0.00976562,-0.00976562,0.06347656,-0.05859375,-0.00000000,0.01464844,1.03378296,2.64810210,2.64854431,-0.02441406
6.89627600,2410,-2.97574933,-1.62542613,-2.32321938,0.04882812,0.67778683,-0.10452271,3.30743601,-1.57507212,-2.32379650,0.04855818,0.67762581,-0.10458235,-2.96811994,-1.57621653,-2.35678871,0.05836487,0.67320920,-0.10948181,-0.00976562,-0.00488281,0.04394531,-0.08789062,0.02929688,-0.01464844,1.03378296,2.64808044,2.64854431,-0.02441406
6.90963984,2415,-2.97574933,-1.62542613,-2.32245644,0.04882812,0.67740536,-0.10490417,3.30743599,-1.57507212,-2.32314604,0.04848320,0.67740131,-0.10461854,-2.96811994,-1.57621653,-2.35602578,0.05683899,0.67359067,-0.10948181,-0.01953125,0.00000000,0.04394531,-0.08789062,-0.00000000,-0.01464844,1.03378296,2.64813584,2.64854431,-0.02441406
6.92520952,2420,-2.97574933,-1.62504466,-2.32131203,0.04882812,0.67702389,-0.10452271,3.30743598,-1.57485472,-2.32219474,0.04845863,0.67710252,-0.10460294,-2.96850140,-1.57621653,-2.35526284,0.05645752,0.67320920,-0.10910034,-0.01953125,-0.00488281,0.03906250,-0.02929688,-0.00000000,-0.01464844,1.03378296,2.64815399,2.64854431,0.00000000
6.93964458,2425,-2.97574933,-1.62504466,-2.32093056,0.04882812,0.67702389,-0.10452271,3.30743598,-1.57474441,-2.32141512,0.04845058,0.67679319,-0.10459782,-2.96888287,-1.57621653,-2.35488137,0.05607605,0.67359067,-0.10910034,-0.02441406,-0.00488281,0.03906250,-0.04394531,0.05859375,-0.02929688,1.03378296,2.64809744,2.64854431,0.00000000
6.95606184,2430,-2.97574933,-1.62504466,-2.31902321,0.04882812,0.67664242,-0.10490417,3.30743598,-1.57470827,-2.32002769,0.04844794,0.67655450,-0.10467244,-2.96888287,-1.57621653,-2.35411843,0.05569458,0.67359067,-0.10910034,-0.00976562,-0.00488281,0.03906250,-0.04394531,-0.00000000,0.00000000,1.03378296,2.64814141,2.64854431,-0.02441406
6.96906972,2435,-2.97574933,-1.62504466,-2.31749733,0.04920959,0.67511654,-0.10490417,3.30743598,-1.57469643,-2.31854719,0.04857220,0.67573214,-0.10475793,-2.96888287,-1.57621653,-2.35335549,0.05493164,0.67320920,-0.10910034,-0.01464844,-0.00488281,0.05859375,-0.05859375,-0.00000000,-0.01464844,1.03378296,2.64815582,2.64854431,-0.02441406
6.98200417,2440,-2.97574933,-1.62504466,-2.31635292,0.04920959,0.67359067,-0.10490417,3.30743598,-1.57469255,-2.31729264,0.04867395,0.67432693,-0.10485625,-2.96888287,-1.57621653,-2.35335549,0.05378723,0.67320920,-0.10910034,-0.00976562,0.00488281,0.04394531,-0.13183594,0.01464844,-0.01464844,1.03378296,2.64816054,2.64854431,-0.04882812
6.99740696,2445,-2.97574933,-1.62504466,-2.31444558,0.04920959,0.67168332,-0.10490417,3.30743598,-1.57469127,-2.31573055,0.04877761,0.67269399,-0.10488847,-2.96926434,-1.57583506,-2.35221108,0.05226135,0.67359067,-0.10910034,-0.02441406,0.00000000,0.06347656,-0.10253906,0.02929688,-0.01464844,1.03378296,2.64786424,2.64854431,-0.02441406
7.01297450,2450,-2.97574933,-1.62504466,-2.31253823,0.04920959,0.66863156,-0.10490417,3.30743598,-1.57469086,-2.31404620,0.04881157,0.67049875,-0.10489903,-2.96964581,-1.57583506,-2.35144814,0.05187988,0.67359067,-0.10871887,-0.02929688,0.00000000,0.05371094,-0.05859375,0.01464844,-0.01464844,1.03378296,2.64776714,2.64854431,-0.04882812
7.02895975,2455,-2.97574933,-1.62504466,-2.31139382,0.04920959,0.66519833,-0.10490417,3.30743598,-1.57469072,-2.31253248,0.04882270,0.66758739,-0.10490249,-2.96964581,-1.57583506,-2.35030373,0.05187988,0.67397214,-0.10871887,-0.00488281,0.00488281,0.06835938,-0.02929688,0.05859375,-0.01464844,1.03378296,2.64793552,2.64854431,-0.02441406
7.04186463,2460,-2.97574933,-1.62504466,-2.31024941,0.04920959,0.66252804,-0.10452271,3.30743598,-1.57469068,-2.31114792,0.04882635,0.66443186,-0.10482733,-2.96964581,-1.57583506,-2.34954079,0.05187988,0.67397214,-0.10871887,-0.00488281,0.00000000,0.05859375,0.00000000,-0.01464844,0.00000000,1.03378296,2.64796628,2.64854431,-0.02441406
7.05806947,2465,-2.97574933,-1.62504466,-2.30872353,0.04920959,0.65909482,-0.10490417,3.30743598,-1.57469066,-2.30988758,0.04882754,0.66122635,-0.10487899,-2.97002728,-1.57583506,-2.34877785,0.05149841,0.67397214,-0.10833740,-0.00976562,0.00000000,0.05371094,-0.04394531,0.02929688,0.00000000,1.03340149,2.64788335,2.64854431,-0.02441406
7.07249117,2470,-2.97536786,-1.62504466,-2.30796059,0.04959106,0.65566159,-0.10490417,3.30762213,-1.57469066,-2.30866234,0.04901409,0.65798981,-0.10489592,-2.97002728,-1.57545359,-2.34801491,0.05149841,0.67359067,-0.10833740,-0.00976562,0.00000000,0.05371094,-0.02929688,-0.01464844,-0.01464844,1.03378296,2.64778903,2.64854431,-0.02441406
7.08586144,2475,-2.97536786,-1.62504466,-2.30643471,0.04959106,0.65337277,-0.10490417,3.30775345,-1.57469065,-2.30749523,0.04914553,0.65514923,-0.10490147,-2.97002728,-1.57545359,-2.34763344,0.05111694,0.67282773,-0.10833740,-0.01464844,0.00000000,0.03906250,-0.02929688,-0.02929688,0.00000000,1.03340149,2.64760554,2.64854431,0.00000000
7.09822702,2480,-2.97498639,-1.62504466,-2.30605324,0.04997253,0.65032101,-0.10490417,3.30793380,-1.57469065,-2.30659606,0.04926490,0.65250945,-0.10490329,-2.97002728,-1.57545359,-2.34687050,0.05073547,0.67282773,-0.10795593,-0.00976562,-0.00488281,0.05859375,-0.02929688,-0.01464844,-0.01464844,1.03378296,2.64761987,2.64854431,0.00000000
7.11424375,2485,-2.97422345,-1.62504466,-2.30567177,0.05035400,0.64765072,-0.10490417,3.30841356,-1.57469065,-2.30600589,0.04956048,0.64958646,-0.10490388,-2.97040875,-1.57545359,-2.34610756,0.05073547,0.67168332,-0.10757446,-0.01464844,0.00000000,0.06347656,-0.02929688,-0.04394531,0.01464844,1.03340149,2.64747198,2.64854431,-0.04882812
7.12589145,2490,-2.97384198,-1.62504466,-2.30529030,0.05035400,0.64650631,-0.10490417,3.30891952,-1.57469065,-2.30559510,0.04983751,0.64739196,-0.10490408,-2.97040875,-1.57545359,-2.34534462,0.05035400,0.67015744,-0.10719299,-0.02441406,0.00000000,0.05371094,-0.01464844,-0.10253906,0.01464844,1.03340149,2.64742352,2.64854431,-0.02441406
7.13896441,2495,-2.97346051,-1.62504466,-2.30529030,0.04997253,0.64574338,-0.10490417,3.30942967,-1.57469065,-2.30539018,0.04985200,0.64609743,-0.10490414,-2.97040875,-1.57545359,-2.34420021,0.05035400,0.66901303,-0.10604858,-0.00976562,-0.00488281,0.06835938,-0.02929688,-0.07324219,0.07324219,1.03340149,2.64740764,2.64854431,-0.02441406
7.15105724,2500,-2.97346051,-1.62466319,-2.30529030,0.05035400,0.64536191,-0.10490417,3.30962809,-1.57455332,-2.30532303,0.04986272,0.64537770,-0.10490416,-2.97079022,-1.57545359,-2.34381874,0.05035400,0.66748715,-0.10528564,-0.00976562,-0.00488281,0.04882812,0.00000000,-0.08789062,-0.01464844,1.03340149,2.64740244,2.64854431,-0.02441406
7.16573024,2505,-2.97346051,-1.62466319,-2.30529030,0.05035400,0.64498044,-0.10490417,3.30969311,-1.57438918,-2.30530103,0.04993655,0.64492445,-0.10490417,-2.97079022,-1.57545359,-2.34305580,0.04997253,0.66672421,-0.10528564,-0.00976562,0.00000000,0.06347656,-0.02929688,-0.07324219,0.00000000,1.03340149,2.64740073,2.64854431,-0.02441406
7.17776847,2510,-2.97346051,-1.62428172,-2.30529030,0.05035400,0.64459897,-0.10490417,3.30971441,-1.57407893,-2.30529382,0.04996074,0.64448040,-0.10490417,-2.97079022,-1.57545359,-2.34267433,0.04997253,0.66557980,-0.10528564,-0.00976562,0.00000000,0.04882812,-0.04394531,-0.07324219,-0.02929688,1.03340149,2.64746267,2.64854431,0.00000000
7.19196105,2515,-2.97346051,-1.62390025,-2.30529030,0.05035400,0.64459897,-0.10490417,3.30972139,-1.57383994,-2.30529145,0.04996867,0.64430365,-0.10490417,-2.97079022,-1.57545359,-2.34191140,0.04997253,0.66443539,-0.10528564,-0.00488281,0.00000000,0.02929688,-0.02929688,-0.07324219,0.00000000,1.03340149,2.64742047,2.64854431,-0.02441406
7.20635319,2520,-2.97307904,-1.62351878,-2.30529030,0.05035400,0.64459897,-0.10490417,3.30998015,-1.57341726,-2.30529068,0.04997127,0.64424573,-0.10490417,-2.97079022,-1.57545359,-2.34114846,0.04997253,0.66405392,-0.10528564,-0.00976562,-0.00488281,0.04394531,-0.02929688,-0.01464844,-0.01464844,1.03340149,2.64740664,2.64854431,-0.02441406
7.21918964,2525,-2.97307904,-1.62313731,-2.30529030,0.05035400,0.64421750,-0.10490417,3.31006494,-1.57299104,-2.30529043,0.04997212,0.64404059,-0.10490417,-2.97079022,-1.57545359,-2.34076699,0.04997253,0.66252804,-0.10528564,-0.00976562,-0.00488281,0.04882812,0.00000000,-0.11718750,-0.01464844,1.03340149,2.64740211,2.64854431,-0.02441406
7.23251271,2530,-2.97307904,-1.62199290,-2.30529030,0.05035400,0.64421750,-0.10452271,3.31009272,-1.57233245,-2.30529034,0.04997240,0.64390306,-0.10482788,-2.97079022,-1.57545359,-2.34000405,0.04997253,0.65985776,-0.10528564,-0.00488281,-0.00488281,0.03906250,0.00000000,-0.17578125,0.00000000,1.03340149,2.64740063,2.64816284,0.00000000
7.24540639,2535,-2.97307904,-1.62084849,-2.30529030,0.05035400,0.64383603,-0.10452271,3.31010183,-1.57124714,-2.30529031,0.04997249,0.64373287,-0.10462271,-2.97079022,-1.57545359,-2.33924111,0.04997253,0.65833188,-0.10528564,-0.00976562,-0.00488281,0.06347656,-0.02929688,-0.10253906,0.00000000,1.03378296,2.64761523,2.64854431,-0.02441406
7.26089454,2540,-2.97307904,-1.61970408,-2.30529030,0.05035400,0.64383603,-0.10452271,3.31010481,-1.57016116,-2.30529031,0.04997252,0.64354575,-0.10455547,-2.97079022,-1.57545359,-2.33847817,0.04997253,0.65642453,-0.10528564,-0.00976562,-0.00488281,0.04882812,-0.02929688,-0.07324219,-0.01464844,1.03340149,2.64747046,2.64854431,-0.04882812
7.27431726,2545,-2.97307904,-1.61855967,-2.30529030,0.05035400,0.64383603,-0.10452271,3.31010579,-1.56912818,-2.30529030,0.04997253,0.64348444,-0.10453344,-2.97079022,-1.57545359,-2.33809670,0.04997253,0.65489865,-0.10528564,-0.00976562,0.00000000,0.03417969,-0.01464844,-0.08789062,-0.01464844,1.03340149,2.64759880,2.64854431,0.00000000
7.28903055,2550,-2.97269757,-1.61665232,-2.30529030,0.05035400,0.64307309,-0.10452271,3.31023123,-1.56762649,-2.30529030,0.04997253,0.64302172,-0.10452622,-2.97079022,-1.57545359,-2.33733376,0.04997253,0.65413571,-0.10528564,-0.00976562,-0.00488281,0.05859375,-0.02929688,-0.05859375,-0.01464844,1.03340149,2.64752758,2.64854431,-0.02441406
7.30163407,2555,-2.97269757,-1.61474498,-2.30529030,0.05035400,0.64231015,-0.10452271,3.31040368,-1.56577199,-2.30529030,0.04997253,0.64253734,-0.10452386,-2.97117169,-1.57545359,-2.33657082,0.04997253,0.65337277,-0.10528564,-0.00976562,-0.00488281,0.06835938,-0.01464844,-0.05859375,-0.01464844,1.03340149,2.64758236,2.64816284,-0.02441406
7.31479669,2560,-2.97269757,-1.61283763,-2.30529030,0.05073547,0.64116574,-0.10452271,3.31046019,-1.56396203,-2.30529030,0.05004883,0.64154817,-0.10452308,-2.97117169,-1.57545359,-2.33618935,0.04997253,0.65260983,-0.10528564,-0.02929688,-0.00488281,0.03906250,-0.02929688,-0.07324219,0.00000000,1.03340149,2.64745969,2.64816284,-0.04882812
7.32831860,2565,-2.97269757,-1.61054881,-2.30529030,0.05035400,0.63849545,-0.10452271,3.31047871,-1.56196148,-2.30529030,0.04999753,0.63977152,-0.10452283,-2.97155316,-1.57507212,-2.33542641,0.04997253,0.65184689,-0.10528564,-0.03417969,0.01464844,0.04882812,-0.02929688,-0.02929688,-0.01464844,1.03340149,2.64741949,2.64816284,0.00000000
7.34351945,2570,-2.97269757,-1.60825999,-2.30529030,0.05035400,0.63658810,-0.10452271,3.31048478,-1.55964505,-2.30529030,0.05001198,0.63789479,-0.10452275,-2.97155316,-1.57469065,-2.33466347,0.04997253,0.65032101,-0.10528564,-0.00976562,0.02441406,0.05371094,-0.01464844,-0.07324219,-0.01464844,1.03340149,2.64748445,2.64854431,0.00000000
7.35755873,2575,-2.97269757,-1.60520823,-2.30529030,0.05035400,0.63353634,-0.10452271,3.31048677,-1.55715553,-2.30529030,0.04998546,0.63558842,-0.10452272,-2.97155316,-1.57469065,-2.33428200,0.04997253,0.64917660,-0.10528564,-0.00488281,0.00976562,0.02929688,-0.01464844,-0.05859375,-0.01464844,1.03340149,2.64742761,2.64854431,-0.02441406
7.37030292,2580,-2.97269757,-1.60291941,-2.30529030,0.05035400,0.63124753,-0.10452271,3.31048742,-1.55452067,-2.30529030,0.04997677,0.63286465,-0.10452271,-2.97155316,-1.57430918,-2.33390053,0.04997253,0.64879513,-0.10528564,-0.00488281,0.00976562,0.04394531,-0.02929688,-0.01464844,-0.01464844,1.03340149,2.64740898,2.64816284,-0.02441406
7.38493872,2585,-2.97269757,-1.60024913,-2.30529030,0.05035400,0.62934018,-0.10490417,3.31048763,-1.55193084,-2.30529030,0.04997392,0.63045931,-0.10459900,-2.97155316,-1.57392771,-2.33351906,0.04997253,0.64765072,-0.10528564,-0.00488281,0.01464844,0.03906250,-0.02929688,-0.07324219,-0.01464844,1.03340149,2.64740288,2.64854431,0.00000000
7.39761090,2590,-2.97269757,-1.59719737,-2.30529030,0.05035400,0.62781430,-0.10490417,3.31048770,-1.54906951,-2.30529030,0.04997299,0.62861400,-0.10480418,-2.97155316,-1.57354624,-2.33275612,0.04997253,0.64650631,-0.10528564,-0.00488281,0.01464844,0.05859375,-0.01464844,-0.05859375,0.01464844,1.03340149,2.64740088,2.64816284,0.00000000
7.41433644,2595,-2.97269757,-1.59414561,-2.30529030,0.05035400,0.62514401,-0.10490417,3.31048772,-1.54597029,-2.30529030,0.04997268,0.62658367,-0.10487141,-2.97155316,-1.57316477,-2.33237465,0.04997253,0.64612485,-0.10528564,-0.00488281,0.01953125,0.03906250,-0.01464844,-0.00000000,-0.02929688,1.03340149,2.64740022,2.64816284,-0.02441406
7.43036079,2600,-2.97269757,-1.59071238,-2.30529030,0.05035400,0.62209225,-0.10490417,3.31048773,-1.54278762,-2.30529030,0.04997258,0.62395890,-0.10489344,-2.97155316,-1.57278331,-2.33161171,0.04997253,0.64536191,-0.10528564,-0.00488281,0.03417969,0.03906250,-0.02929688,-0.04394531,-0.01464844,1.03340149,2.64746251,2.64816284,-0.04882812
7.44414473,2605,-2.97269757,-1.58727915,-2.30529030,0.05035400,0.62018490,-0.10490417,3.31048773,-1.53957761,-2.30529030,0.04997255,0.62152691,-0.10490066,-2.97155316,-1.57240184,-2.33123024,0.04997253,0.64383603,-0.10528564,-0.00488281,0.02929688,0.06347656,0.00000000,-0.10253906,-0.02929688,1.03378296,2.64757300,2.64854431,0.00000000
7.45905375,2610,-2.97269757,-1.58422740,-2.30529030,0.05035400,0.61942196,-0.10490417,3.31048773,-1.53653991,-2.30529030,0.04997254,0.62004470,-0.10490302,-2.97155316,-1.57163890,-2.33046730,0.04997253,0.64192868,-0.10528564,0.00000000,0.04394531,0.04394531,-0.01464844,-0.13183594,-0.01464844,1.03340149,2.64757869,2.64816284,-0.04882812
7.47354460,2615,-2.97269757,-1.58155711,-2.30529030,0.05035400,0.61827756,-0.10490417,3.31048774,-1.53354220,-2.30529030,0.04997254,0.61888188,-0.10490380,-2.97193463,-1.57049449,-2.32970436,0.04997253,0.64002133,-0.10528564,-0.00976562,0.04882812,0.03417969,-0.01464844,-0.08789062,-0.01464844,1.03378296,2.64789330,2.64816284,0.00000000
7.48706627,2620,-2.97269757,-1.57850535,-2.30529030,0.05035400,0.61637021,-0.10490417,3.31048774,-1.53037681,-2.30529030,0.04997253,0.61726733,-0.10490405,-2.97193463,-1.57011302,-2.32932289,0.04997253,0.63925839,-0.10528564,-0.00488281,0.03906250,0.03906250,0.00000000,-0.04394531,-0.01464844,1.03340149,2.64784381,2.64816284,0.00000000
7.50163794,2625,-2.97269757,-1.57621653,-2.30529030,0.05035400,0.61522580,-0.10490417,3.31048774,-1.52781296,-2.30529030,0.04997253,0.61585900,-0.10490413,-2.97193463,-1.56973155,-2.32894142,0.04997253,0.63811398,-0.10528564,-0.00488281,0.03417969,0.02441406,-0.04394531,-0.05859375,0.00000000,1.03378296,2.64777607,2.64816284,-0.02441406
7.51419401,2630,-2.97269757,-1.57430918,-2.30529030,0.05035400,0.61293698,-0.10490417,3.31048774,-1.52561041,-2.30529030,0.04997253,0.61414825,-0.10490416,-2.97193463,-1.56896861,-2.32894142,0.04997253,0.63735104,-0.10528564,-0.00488281,0.04882812,0.02929688,-0.01464844,-0.05859375,-0.02929688,1.03340149,2.64788352,2.64816284,-0.02441406
7.52803683,2635,-2.97269757,-1.57202037,-2.30529030,0.05035400,0.61217404,-0.10490417,3.31048774,-1.52349097,-2.30529030,0.04997253,0.61266604,-0.10490417,-2.97193463,-1.56858714,-2.32817849,0.04997253,0.63582516,-0.10528564,0.00000000,0.02929688,0.02929688,0.00000000,-0.10253906,-0.01464844,1.03378296,2.64793069,2.64816284,-0.04882812
7.54055762,2640,-2.97269757,-1.57011302,-2.30529030,0.05035400,0.61102963,-0.10452271,3.31048774,-1.52132175,-2.30529030,0.04997253,0.61145977,-0.10471802,-2.97193463,-1.56782420,-2.32779702,0.04959106,0.63353634,-0.10528564,-0.00976562,0.05371094,0.03906250,-0.01464844,-0.14648438,-0.01464844,1.03340149,2.64787168,2.64816284,0.00000000
7.55602264,2645,-2.97269757,-1.56820567,-2.30529030,0.05073547,0.60950375,-0.10452271,3.31048774,-1.51938962,-2.30529030,0.05015869,0.61016997,-0.10458670,-2.97193463,-1.56667979,-2.32741555,0.04997253,0.63086606,-0.10528564,-0.00488281,0.05371094,0.02929688,-0.01464844,-0.13183594,-0.01464844,1.03340149,2.64785235,2.64816284,0.00000000
7.56920242,2650,-2.97269757,-1.56667979,-2.30529030,0.05073547,0.60874081,-0.10452271,3.31048774,-1.51769937,-2.30529030,0.05029000,0.60907179,-0.10454368,-2.97193463,-1.56553538,-2.32703408,0.04959106,0.62819577,-0.10528564,-0.00488281,0.07812500,0.02441406,-0.01464844,-0.13183594,-0.01464844,1.03340149,2.64768878,2.64816284,-0.04882812
7.58421803,2655,-2.97269757,-1.56477244,-2.30529030,0.05149841,0.60721493,-0.10452271,3.31048774,-1.51588221,-2.30529030,0.05072683,0.60787551,-0.10452958,-2.97193463,-1.56477244,-2.32703408,0.04997253,0.62666989,-0.10528564,-0.00976562,0.04882812,0.01953125,-0.01464844,-0.10253906,-0.01464844,1.03340149,2.64771429,2.64816284,0.00000000
7.59879184,2660,-2.97269757,-1.56362803,-2.30529030,0.05149841,0.60607052,-0.10452271,3.31048774,-1.51442799,-2.30529030,0.05098911,0.60664379,-0.10452496,-2.97193463,-1.56362803,-2.32627114,0.04959106,0.62438107,-0.10528564,-0.00976562,0.07324219,0.04394531,-0.02929688,-0.16113281,-0.01464844,1.03340149,2.64767870,2.64816284,-0.04882812
7.61211681,2665,-2.97269757,-1.56210215,-2.30529030,0.05187988,0.60492611,-0.10452271,3.31048774,-1.51299591,-2.30529030,0.05126121,0.60548298,-0.10452344,-2.97193463,-1.56286509,-2.32588967,0.04959106,0.62209225,-0.10528564,-0.00488281,0.03906250,0.04394531,-0.01464844,-0.13183594,-0.02929688,1.03340149,2.64749126,2.64778137,-0.04882812
7.62454867,2670,-2.97269757,-1.56095774,-2.30529030,0.05187988,0.60454464,-0.10452271,3.31048774,-1.51171817,-2.30529030,0.05142069,0.60466596,-0.10452295,-2.97193463,-1.56210215,-2.32512673,0.04959106,0.62132931,-0.10528564,-0.00488281,0.06835938,0.03417969,-0.02929688,-0.05859375,-0.02929688,1.03340149,2.64742984,2.64816284,-0.02441406
7.63589644,2675,-2.97269757,-1.55981333,-2.30529030,0.05187988,0.60378171,-0.10452271,3.31048774,-1.51038896,-2.30529030,0.05147294,0.60388530,-0.10452278,-2.97193463,-1.56133921,-2.32512673,0.04997253,0.62132931,-0.10528564,0.00000000,0.06347656,0.01464844,-0.01464844,0.01464844,0.00000000,1.03340149,2.64756987,2.64816284,-0.04882812
7.65214825,2680,-2.97269757,-1.55866893,-2.30529030,0.05187988,0.60225583,-0.10452271,3.31048774,-1.50914493,-2.30529030,0.05149007,0.60275401,-0.10452273,-2.97193463,-1.56019480,-2.32474526,0.04959106,0.62094784,-0.10528564,-0.00488281,0.07812500,0.02441406,0.00000000,-0.01464844,-0.01464844,1.03340149,2.64745560,2.64816284,-0.02441406
7.66405654,2685,-2.97269757,-1.55790599,-2.30529030,0.05187988,0.60187436,-0.10452271,3.31048774,-1.50826341,-2.30529030,0.05149568,0.60197644,-0.10457154,-2.97193463,-1.55943186,-2.32436379,0.04959106,0.62018490,-0.10528564,-0.00976562,0.06347656,0.04394531,-0.01464844,-0.05859375,0.00000000,1.03340149,2.64748065,2.64778137,-0.02441406
7.67904210,2690,-2.97269757,-1.55714305,-2.30529030,0.05187988,0.60111142,-0.10452271,3.31048774,-1.50745234,-2.30529030,0.05149752,0.60131858,-0.10453871,-2.97193463,-1.55790599,-2.32398232,0.04997253,0.61865902,-0.10528564,-0.00976562,0.07324219,0.03906250,-0.01464844,-0.08789062,-0.01464844,1.03340149,2.64772421,2.64816284,0.00000000
7.69354630,2695,-2.97269757,-1.55599864,-2.30529030,0.05187988,0.60034848,-0.10452271,3.31048774,-1.50651872,-2.30529030,0.05149812,0.60066038,-0.10452795,-2.97193463,-1.55714305,-2.32360085,0.04959106,0.61713315,-0.10528564,-0.00488281,0.06835938,0.02929688,-0.01464844,-0.11718750,-0.02929688,1.03340149,2.64750617,2.64778137,0.00000000
7.70493770,2700,-2.97269757,-1.55523570,-2.30529030,0.05187988,0.59958554,-0.10452271,3.31048774,-1.50559829,-2.30529030,0.05149832,0.59993176,-0.10452442,-2.97193463,-1.55599864,-2.32321938,0.04997253,0.61637021,-0.10528564,-0.00488281,0.07324219,0.02929688,-0.01464844,-0.04394531,-0.01464844,1.03340149,2.64765445,2.64778137,-0.04882812
7.72002769,2705,-2.97269757,-1.55485423,-2.30529030,0.05187988,0.59882260,-0.10452271,3.31048774,-1.50493035,-2.30529030,0.05149838,0.59911903,-0.10447444,-2.97193463,-1.55523570,-2.32283791,0.04997253,0.61560727,-0.10528564,-0.00976562,0.05859375,0.02441406,-0.02929688,-0.04394531,-0.01464844,1.03340149,2.64754581,2.64816284,-0.02441406
7.73513627,2710,-2.97269757,-1.55370982,-2.30529030,0.05187988,0.59844113,-0.10375977,3.31048774,-1.50408318,-2.30529030,0.05149840,0.59847711,-0.10411309,-2.97193463,-1.55409129,-2.32245644,0.04997253,0.61408139,-0.10528564,-0.00488281,0.05859375,0.02441406,0.00000000,-0.07324219,0.00000000,1.03378296,2.64760030,2.64816284,-0.02441406
7.75025558,2715,-2.97269757,-1.55332835,-2.30529030,0.05187988,0.59805966,-0.10337830,3.31048774,-1.50345683,-2.30529030,0.05149841,0.59801029,-0.10373821,-2.97193463,-1.55332835,-2.32207497,0.04997253,0.61331845,-0.10528564,-0.00976562,0.03906250,0.01953125,-0.01464844,-0.02929688,-0.01464844,1.03340149,2.64746557,2.64816284,-0.02441406
7.76388001,2720,-2.97269757,-1.55294688,-2.30529030,0.05187988,0.59767819,-0.10299683,3.31048774,-1.50299512,-2.30529030,0.05149841,0.59771072,-0.10335890,-2.97193463,-1.55256541,-2.32207497,0.04997253,0.61293698,-0.10528564,-0.00488281,0.05859375,0.01953125,0.00000000,-0.01464844,-0.01464844,1.03340149,2.64742142,2.64778137,-0.04882812
7.77760720,2725,-2.97269757,-1.55218394,-2.30529030,0.05149841,0.59805966,-0.10223389,3.31048774,-1.50242317,-2.30529030,0.05142212,0.59764002,-0.10281396,-2.97231610,-1.55180247,-2.32169350,0.04997253,0.61217404,-0.10528564,-0.00488281,0.03906250,0.02929688,-0.01464844,-0.04394531,0.00000000,1.03340149,2.64740695,2.64778137,0.00000000
7.79195285,2730,-2.97269757,-1.55218394,-2.30529030,0.05149841,0.59805966,-0.10147095,3.31048774,-1.50202433,-2.30529030,0.05121694,0.59766568,-0.10206142,-2.97231610,-1.55065806,-2.32131203,0.04997253,0.61141110,-0.10528564,0.00000000,0.07812500,0.02441406,-0.01464844,-0.04394531,-0.01464844,1.03340149,2.64757799,2.64778137,-0.04882812
7.80586863,2735,-2.97269757,-1.55218394,-2.30529030,0.05149841,0.59805966,-0.10108948,3.31048774,-1.50189363,-2.30529030,0.05114971,0.59767409,-0.10140796,-2.97231610,-1.54989512,-2.32131203,0.04997253,0.61064816,-0.10490417,-0.00488281,0.05371094,0.01953125,-0.01464844,-0.04394531,0.01464844,1.03340149,2.64765845,2.64816284,-0.04882812
7.81912589,2740,-2.97269757,-1.55218394,-2.30529030,0.05149841,0.59805966,-0.10108948,3.31048774,-1.50185081,-2.30529030,0.05112768,0.59767685,-0.10119384,-2.97231610,-1.54875071,-2.32093056,0.04997253,0.60950375,-0.10490417,-0.00488281,0.08789062,0.02929688,-0.02929688,-0.05859375,0.00000000,1.03340149,2.64756275,2.64778137,-0.02441406
7.83388877,2745,-2.97269757,-1.55218394,-2.30529030,0.05111694,0.59920407,-0.10070801,3.31048774,-1.50183678,-2.30529030,0.05086399,0.59825771,-0.10104738,-2.97231610,-1.54760630,-2.32016762,0.04997253,0.60759640,-0.10490417,-0.00488281,0.05859375,0.03417969,-0.01464844,-0.14648438,0.01464844,1.03340149,2.64745326,2.64778137,-0.04882812
7.84792471,2750,-2.97269757,-1.55218394,-2.30529030,0.05035400,0.60072995,-0.10070801,3.31048774,-1.50183218,-2.30529030,0.05038379,0.59938164,-0.10081921,-2.97231610,-1.54684336,-2.31978615,0.04997253,0.60530758,-0.10490417,-0.00488281,0.06347656,0.04394531,0.00000000,-0.08789062,0.00000000,1.03378296,2.64756998,2.64778137,-0.04882812
7.86317801,2755,-2.97269757,-1.55218394,-2.30529030,0.04997253,0.60263730,-0.09994507,3.31048774,-1.50183067,-2.30529030,0.04988207,0.60104448,-0.10041168,-2.97231610,-1.54608042,-2.31978615,0.04997253,0.60492611,-0.10452271,-0.00976562,0.03906250,0.01464844,-0.02929688,-0.02929688,0.00000000,1.03378296,2.64767072,2.64778137,0.00000000
7.87878585,2760,-2.97269757,-1.55218394,-2.30529030,0.04997253,0.60454464,-0.09841919,3.31048774,-1.50183018,-2.30529030,0.04968642,0.60285950,-0.09935383,-2.97231610,-1.54531748,-2.31940468,0.04997253,0.60530758,-0.10452271,-0.00488281,0.04394531,0.01464844,-0.01464844,0.02929688,0.00000000,1.03340149,2.64755114,2.64778137,-0.02441406
7.89304852,2765,-2.97269757,-1.55218394,-2.30529030,0.04997253,0.60530758,-0.09651184,3.31042670,-1.50183001,-2.30529030,0.04962231,0.60406875,-0.09788304,-2.97231610,-1.54455455,-2.31940468,0.04997253,0.60530758,-0.10452271,-0.00488281,0.04394531,0.01953125,-0.01464844,0.01464844,-0.02929688,1.03378296,2.64760205,2.64778137,-0.04882812
7.90508890,2770,-2.97269757,-1.55218394,-2.30529030,0.04997253,0.60568905,-0.09536743,3.31040670,-1.50182996,-2.30529030,0.04960130,0.60483133,-0.09652231,-2.97231610,-1.54379161,-2.31902321,0.04997253,0.60492611,-0.10414124,-0.00976562,0.05371094,0.03417969,-0.02929688,0.01464844,0.01464844,1.03340149,2.64776399,2.64778137,-0.04882812
7.92226338,2775,-2.97307904,-1.55218394,-2.30529030,0.04997253,0.60645199,-0.09269714,3.31026575,-1.50182994,-2.30529030,0.04959442,0.60548429,-0.09454091,-2.97231610,-1.54264720,-2.31864174,0.04997253,0.60492611,-0.10337830,-0.00488281,0.06347656,0.01953125,-0.02929688,0.01464844,0.05859375,1.03378296,2.64783195,2.64778137,-0.02441406
7.93555355,2780,-2.97307904,-1.55218394,-2.30529030,0.04997253,0.60645199,-0.09040833,3.31027767,-1.50182994,-2.30529030,0.04959216,0.60587843,-0.09214140,-2.97231610,-1.54188426,-2.31826027,0.04997253,0.60492611,-0.10223389,-0.00976562,0.05859375,0.02929688,-0.01464844,0.02929688,0.05859375,1.03378296,2.64793235,2.64778137,0.00000000
7.94925332,2785,-2.97307904,-1.55218394,-2.30529030,0.04997253,0.60645199,-0.08926392,3.31016243,-1.50182994,-2.30529030,0.04959142,0.60600758,-0.09023806,-2.97231610,-1.54112132,-2.31787880,0.04997253,0.60492611,-0.10185242,-0.00488281,0.06347656,0.03417969,-0.01464844,-0.00000000,0.00000000,1.03378296,2.64802481,2.64778137,-0.02441406
7.96563315,2790,-2.97307904,-1.55218394,-2.30529030,0.04997253,0.60645199,-0.08964539,3.31012467,-1.50182994,-2.30529030,0.04959118,0.60604990,-0.08972045,-2.97231610,-1.54035838,-2.31749733,0.04997253,0.60530758,-0.10147095,-0.00488281,0.06347656,0.01953125,-0.01464844,0.04394531,0.01464844,1.03378296,2.64811761,2.64778137,-0.02441406
7.97891593,2795,-2.97269757,-1.55218394,-2.30529030,0.04997253,0.60645199,-0.08926392,3.31024963,-1.50182994,-2.30529030,0.04959110,0.60606376,-0.08941351,-2.97231610,-1.53959544,-2.31749733,0.04997253,0.60568905,-0.10108948,-0.00976562,0.04882812,0.02441406,-0.01464844,0.04394531,0.02929688,1.03378296,2.64797224,2.64778137,-0.02441406
7.99292564,2800,-2.97307904,-1.55218394,-2.30529030,0.04997253,0.60645199,-0.08926392,3.31018449,-1.50182994,-2.30529030,0.04959108,0.60606831,-0.08931294,-2.97231610,-1.53883250,-2.31711586,0.04997253,0.60530758,-0.10032654,0.00000000,0.02441406,0.03417969,-0.01464844,-0.01464844,0.04394531,1.03340149,2.64794780,2.64778137,-0.02441406
8.00528049,2805,-2.97269757,-1.55218394,-2.30529030,0.04997253,0.60645199,-0.08926392,3.31020819,-1.50182994,-2.30529030,0.04959107,0.60606980,-0.08932881,-2.97231610,-1.53845103,-2.31673439,0.04997253,0.60492611,-0.09918213,-0.00488281,0.03906250,0.01953125,0.00000000,-0.00000000,0.07324219,1.03340149,2.64787729,2.64778137,-0.02441406
8.02126503,2810,-2.97269757,-1.55218394,-2.30529030,0.04997253,0.60645199,-0.08964539,3.31027699,-1.50182994,-2.30529030,0.04959107,0.60607029,-0.08954165,-2.97231610,-1.53768809,-2.31673439,0.04997253,0.60530758,-0.09651184,-0.00488281,0.02929688,0.00976562,0.00000000,0.02929688,0.10253906,1.03378296,2.64792865,2.64778137,-0.02441406
8.03581977,2815,-2.97269757,-1.55218394,-2.30529030,0.04997253,0.60645199,-0.08964539,3.31030882,-1.50182994,-2.30529030,0.04959106,0.60607045,-0.08957233,-2.97231610,-1.53730662,-2.31673439,0.04997253,0.60530758,-0.09651184,-0.00976562,0.04882812,0.01464844,0.00000000,0.01464844,-0.01464844,1.03340149,2.64763566,2.64778137,-0.04882812
8.04847193,2820,-2.97307904,-1.55218394,-2.30529030,0.04997253,0.60645199,-0.08964539,3.31024295,-1.50182994,-2.30529030,0.04959106,0.60607050,-0.08962145,-2.97231610,-1.53692515,-2.31635292,0.04997253,0.60492611,-0.09651184,-0.00488281,0.02929688,0.02441406,-0.01464844,0.01464844,0.01464844,1.03340149,2.64747716,2.64778137,-0.04882812
8.06251287,2825,-2.97307904,-1.55218394,-2.30529030,0.04997253,0.60645199,-0.08964539,3.31026092,-1.50182994,-2.30529030,0.04959106,0.60607052,-0.08963754,-2.97231610,-1.53578074,-2.31597145,0.04997253,0.60492611,-0.09536743,-0.00976562,0.05859375,0.01953125,-0.01464844,0.02929688,0.05859375,1.03340149,2.64742522,2.64778137,-0.02441406
8.07708716,2830,-2.97269757,-1.55218394,-2.30529030,0.04997253,0.60645199,-0.08964539,3.31023324,-1.50182994,-2.30529030,0.04959106,0.60607052,-0.08964282,-2.97231610,-1.53501780,-2.31597145,0.04997253,0.60530758,-0.09460449,-0.00488281,0.04882812,0.01464844,0.00000000,0.02929688,0.02929688,1.03340149,2.64740820,2.64778137,-0.02441406
8.08955455,2835,-2.97307904,-1.55218394,-2.30529030,0.04997253,0.60645199,-0.08964539,3.31014787,-1.50182994,-2.30529030,0.04959106,0.60607052,-0.08964454,-2.97231610,-1.53463633,-2.31558998,0.04997253,0.60530758,-0.09460449,-0.00976562,0.04882812,0.01953125,0.00000000,0.02929688,0.00000000,1.03340149,2.64740262,2.64778137,-0.02441406
8.10332131,2840,-2.97307904,-1.55218394,-2.30529030,0.04997253,0.60607052,-0.08964539,3.31022976,-1.50182994,-2.30529030,0.04959106,0.60599423,-0.08964511,-2.97231610,-1.53387339,-2.31558998,0.04997253,0.60530758,-0.09460449,-0.00976562,0.04882812,0.01464844,0.00000000,0.01464844,0.00000000,1.03340149,2.64740079,2.64778137,-0.04882812
8.11771417,2845,-2.97307904,-1.55218394,-2.30529030,0.04997253,0.60645199,-0.08964539,3.31029566,-1.50182994,-2.30529030,0.04959106,0.60601427,-0.08970633,-2.97231610,-1.53311045,-2.31558998,0.04997253,0.60530758,-0.09422302,-0.00488281,0.02441406,0.01953125,-0.01464844,-0.00000000,-0.01464844,1.03378296,2.64755278,2.64778137,-0.02441406
8.13138151,2850,-2.97307904,-1.55218394,-2.30529030,0.04997253,0.60607052,-0.08964539,3.31019958,-1.50182994,-2.30529030,0.04959106,0.60582687,-0.08966536,-2.97231610,-1.53272898,-2.31520851,0.04997253,0.60530758,-0.09422302,0.00000000,0.03906250,0.01464844,0.00000000,-0.00000000,-0.01464844,1.03340149,2.64745000,2.64778137,-0.02441406
8.14598489,2855,-2.97269757,-1.55218394,-2.30529030,0.04997253,0.60607052,-0.08964539,3.31030542,-1.50182994,-2.30529030,0.04959106,0.60573421,-0.08965193,-2.97231610,-1.53234751,-2.31520851,0.04997253,0.60492611,-0.09422302,-0.00488281,0.03417969,0.01464844,-0.01464844,0.01464844,-0.01464844,1.03340149,2.64741632,2.64778137,0.00000000
8.16171741,2860,-2.97307904,-1.55218394,-2.30529030,0.04997253,0.60607052,-0.09002686,3.31035170,-1.50182994,-2.30529030,0.04959106,0.60570385,-0.08972382,-2.97231610,-1.53158457,-2.31482704,0.04997253,0.60530758,-0.09422302,-0.00488281,0.04882812,0.01464844,-0.01464844,0.01464844,-0.01464844,1.03340149,2.64740528,2.64778137,0.00000000
8.17661166,2865,-2.97307904,-1.55218394,-2.30529030,0.04997253,0.60607052,-0.09002686,3.31024772,-1.50182994,-2.30529030,0.04959106,0.60569390,-0.08977863,-2.97269757,-1.53120311,-2.31482704,0.04997253,0.60530758,-0.09384155,-0.00976562,0.02441406,0.01464844,-0.01464844,0.01464844,-0.01464844,1.03302002,2.64724908,2.64778137,-0.02441406
8.19053817,2870,-2.97269757,-1.55218394,-2.30529030,0.04997253,0.60645199,-0.09002686,3.31028995,-1.50182994,-2.30529030,0.04959106,0.60582797,-0.08994552,-2.97231610,-1.53044017,-2.31444558,0.04997253,0.60530758,-0.09384155,-0.00976562,0.04394531,0.01953125,-0.04394531,0.01464844,-0.01464844,1.03302002,2.64683754,2.64739990,-0.04882812
8.20442104,2875,-2.97269757,-1.55218394,-2.30529030,0.04997253,0.60607052,-0.09002686,3.31037410,-1.50182994,-2.30529030,0.04959106,0.60573457,-0.09000020,-2.97231610,-1.53005870,-2.31406411,0.04997253,0.60530758,-0.09384155,-0.00976562,0.03417969,0.01953125,0.00000000,0.01464844,-0.01464844,1.03302002,2.64682476,2.64778137,0.00000000
8.21910310,2880,-2.97269757,-1.55218394,-2.30529030,0.04997253,0.60607052,-0.09002686,3.31045050,-1.50182994,-2.30529030,0.04959106,0.60570397,-0.09001812,-2.97231610,-1.52967723,-2.31406411,0.04997253,0.60530758,-0.09346008,0.00000000,0.02441406,0.01953125,-0.01464844,0.01464844,0.00000000,1.03302002,2.64679616,2.64778137,-0.04882812
8.23091078,2885,-2.97269757,-1.55218394,-2.30529030,0.04997253,0.60607052,-0.09002686,3.31037544,-1.50182994,-2.30529030,0.04959106,0.60569394,-0.09002399,-2.97269757,-1.52891429,-2.31406411,0.04997253,0.60530758,-0.09346008,-0.00488281,0.03906250,0.00976562,0.00000000,0.04394531,0.00000000,1.03302002,2.64676725,2.64778137,0.00000000
8.24760342,2890,-2.97307904,-1.55218394,-2.30529030,0.04997253,0.60607052,-0.09002686,3.31029456,-1.50182994,-2.30529030,0.04959106,0.60569066,-0.09002592,-2.97269757,-1.52853282,-2.31368264,0.04959106,0.60530758,-0.09307861,-0.00488281,0.02441406,0.00976562,-0.01464844,0.01464844,0.00000000,1.03302002,2.64667966,2.64778137,-0.07324219
8.26215935,2895,-2.97307904,-1.55218394,-2.30529030,0.04997253,0.60607052,-0.09002686,3.31026807,-1.50182994,-2.30529030,0.04959106,0.60568958,-0.09002655,-2.97269757,-1.52776988,-2.31368264,0.04959106,0.60530758,-0.09307861,-0.00488281,0.02929688,0.01464844,-0.02929688,-0.00000000,0.00000000,1.03340149,2.64680354,2.64778137,-0.02441406
8.27593780,2900,-2.97269757,-1.55218394,-2.30529030,0.04997253,0.60568905,-0.09002686,3.31030589,-1.50182994,-2.30529030,0.04959106,0.60557387,-0.09002675,-2.97269757,-1.52738841,-2.31368264,0.04959106,0.60530758,-0.09269714,-0.00488281,0.02441406,0.00976562,-0.02929688,0.02929688,0.00000000,1.03302002,2.64669155,2.64739990,-0.04882812
8.29069281,2905,-2.97269757,-1.55218394,-2.30529030,0.04997253,0.60568905,-0.09002686,3.31042815,-1.50182994,-2.30529030,0.04959106,0.60533381,-0.09002682,-2.97269757,-1.52700694,-2.31330117,0.04959106,0.60530758,-0.09231567,-0.00488281,0.03417969,0.02441406,0.00000000,0.01464844,0.01464844,1.03302002,2.64665485,2.64739990,-0.02441406
8.30258560,2910,-2.97269757,-1.55218394,-2.30529030,0.04997253,0.60530758,-0.09002686,3.31046821,-1.50182994,-2.30529030,0.04959106,0.60505971,-0.09002684,-2.97269757,-1.52662547,-2.31330117,0.04959106,0.60530758,-0.09193420,-0.00488281,0.03417969,0.01953125,-0.02929688,0.02929688,0.02929688,1.03302002,2.64664282,2.64778137,-0.02441406
8.31557870,2915,-2.97269757,-1.55218394,-2.30529030,0.04997253,0.60530758,-0.09002686,3.31043251,-1.50182994,-2.30529030,0.04959106,0.60496989,-0.09002685,-2.97269757,-1.52586253,-2.31291970,0.04959106,0.60530758,-0.09040833,-0.00976562,0.03906250,0.01953125,-0.01464844,0.02929688,0.13183594,1.03302002,2.64671701,2.64739990,-0.07324219
8.32862520,2920,-2.97269757,-1.55218394,-2.30529030,0.04997253,0.60530758,-0.09002686,3.31046964,-1.50182994,-2.30529030,0.04959106,0.60494046,-0.09002685,-2.97269757,-1.52586253,-2.31253823,0.04959106,0.60568905,-0.08888245,-0.00488281,0.01953125,0.02441406,-0.05859375,-0.00000000,0.08789062,1.03302002,2.64666319,2.64739990,-0.02441406
8.34310031,2925,-2.97307904,-1.55218394,-2.30529030,0.04997253,0.60530758,-0.09002686,3.31040551,-1.50182994,-2.30529030,0.04959106,0.60493081,-0.09002686,-2.97269757,-1.52548106,-2.31253823,0.04959106,0.60530758,-0.08850098,-0.00488281,0.02441406,0.02441406,-0.01464844,-0.00000000,-0.01464844,1.03302002,2.64672368,2.64739990,0.00000000
8.35646820,2930,-2.97269757,-1.55218394,-2.30529030,0.04997253,0.60530758,-0.09002686,3.31046079,-1.50182994,-2.30529030,0.04959106,0.60492765,-0.09002686,-2.97269757,-1.52509959,-2.31215676,0.04959106,0.60530758,-0.08850098,-0.00976562,0.02929688,0.00976562,-0.01464844,0.02929688,-0.01464844,1.03302002,2.64678745,2.64739990,-0.02441406
8.37095666,2935,-2.97307904,-1.55218394,-2.30529030,0.04997253,0.60530758,-0.09002686,3.31040261,-1.50182994,-2.30529030,0.04959106,0.60492662,-0.09002686,-2.97269757,-1.52471812,-2.31215676,0.04959106,0.60530758,-0.08850098,-0.00488281,0.01953125,0.00976562,-0.02929688,0.02929688,-0.01464844,1.03302002,2.64668627,2.64739990,-0.02441406
8.38673043,2940,-2.97269757,-1.55218394,-2.30529030,0.04997253,0.60530758,-0.09002686,3.31045984,-1.50182994,-2.30529030,0.04965210,0.60492628,-0.09002686,-2.97269757,-1.52433665,-2.31215676,0.04959106,0.60530758,-0.08850098,-0.00488281,0.02929688,0.00976562,0.00000000,0.01464844,-0.01464844,1.03263855,2.64650053,2.64739990,0.00000000
8.40037751,2945,-2.97269757,-1.55218394,-2.30529030,0.05035400,0.60530758,-0.09002686,3.31047860,-1.50182994,-2.30529030,0.04968736,0.60492617,-0.09002686,-2.97269757,-1.52395518,-2.31215676,0.04959106,0.60530758,-0.08850098,-0.00488281,0.01464844,0.00488281,-0.02929688,-0.00000000,0.00000000,1.03225708,2.64598923,2.64739990,-0.02441406
8.41380119,2950,-2.97269757,-1.55218394,-2.30529030,0.04997253,0.60530758,-0.09002686,3.31048474,-1.50182994,-2.30529030,0.04962262,0.60492613,-0.09002686,-2.97269757,-1.52357371,-2.31215676,0.04959106,0.60530758,-0.08888245,-0.00488281,0.02929688,0.00488281,0.00000000,0.02929688,-0.01464844,1.03225708,2.64546133,2.64739990,-0.02441406
8.43331361,2955,-2.97269757,-1.55218394,-2.30529030,0.04997253,0.60530758,-0.09002686,3.31048675,-1.50182994,-2.30529030,0.04960140,0.60492612,-0.09002686,-2.97269757,-1.52281077,-2.31215676,0.04959106,0.60530758,-0.08850098,-0.00488281,0.02441406,0.01464844,0.00000000,0.01464844,-0.01464844,1.03187561,2.64477541,2.64739990,-0.02441406
8.44666576,2960,-2.97269757,-1.55218394,-2.30529030,0.04997253,0.60530758,-0.09002686,3.31048741,-1.50182994,-2.30529030,0.04959445,0.60492612,-0.09002686,-2.97269757,-1.52242930,-2.31177529,0.04959106,0.60530758,-0.08888245,-0.00488281,0.01953125,0.01953125,-0.01464844,0.02929688,-0.01464844,1.03187561,2.64448815,2.64701843,-0.02441406
8.46084738,2965,-2.97269757,-1.55218394,-2.30529030,0.04997253,0.60530758,-0.09002686,3.31045638,-1.50182994,-2.30529030,0.04959217,0.60492612,-0.09002686,-2.97269757,-1.52204783,-2.31177529,0.04997253,0.60530758,-0.08850098,-0.00488281,0.01953125,0.02441406,-0.01464844,-0.00000000,0.00000000,1.03187561,2.64445652,2.64701843,0.00000000
8.47356582,2970,-2.97269757,-1.55218394,-2.30529030,0.04997253,0.60530758,-0.09002686,3.31047746,-1.50182994,-2.30529030,0.04959143,0.60492611,-0.09002686,-2.97269757,-1.52204783,-2.31139382,0.04959106,0.60530758,-0.08850098,-0.00488281,0.00976562,0.01953125,-0.02929688,0.01464844,0.00000000,1.03187561,2.64438366,2.64701843,-0.04882812
8.48812723,2975,-2.97269757,-1.55218394,-2.30529030,0.04997253,0.60530758,-0.09002686,3.31048437,-1.50182994,-2.30529030,0.04959118,0.60492611,-0.09002686,-2.97269757,-1.52166636,-2.31139382,0.04959106,0.60530758,-0.08888245,-0.00488281,0.02441406,0.01464844,-0.01464844,0.02929688,-0.01464844,1.03225708,2.64471256,2.64701843,-0.02441406
8.50037241,2980,-2.97269757,-1.55218394,-2.30529030,0.04997253,0.60530758,-0.09002686,3.31048663,-1.50182994,-2.30529030,0.04959110,0.60492611,-0.09002686,-2.97269757,-1.52128489,-2.31101235,0.04959106,0.60568905,-0.08888245,-0.00488281,0.02441406,0.01464844,0.00000000,0.02929688,-0.01464844,1.03187561,2.64476541,2.64701843,-0.02441406
8.51398134,2985,-2.97269757,-1.55218394,-2.30529030,0.04997253,0.60530758,-0.09002686,3.31048737,-1.50182994,-2.30529030,0.04959108,0.60492611,-0.09002686,-2.97269757,-1.52090342,-2.31101235,0.04959106,0.60530758,-0.08888245,-0.00488281,0.02441406,0.01953125,-0.01464844,-0.00000000,-0.01464844,1.03187561,2.64484523,2.64701843,-0.02441406
8.52817655,2990,-2.97269757,-1.55218394,-2.30529030,0.04997253,0.60530758,-0.09002686,3.31044855,-1.50182994,-2.30529030,0.04959107,0.60492611,-0.09002686,-2.97269757,-1.52052195,-2.31063088,0.04959106,0.60530758,-0.08888245,-0.00488281,0.02929688,0.01464844,-0.01464844,0.01464844,-0.01464844,1.03187561,2.64467118,2.64701843,-0.02441406
8.54502535,2995,-2.97269757,-1.55218394,-2.30529030,0.04997253,0.60530758,-0.09002686,3.31043583,-1.50182994,-2.30529030,0.04959107,0.60492611,-0.09002686,-2.97269757,-1.52014048,-2.31063088,0.04959106,0.60530758,-0.08888245,-0.00488281,0.02441406,0.01464844,0.00000000,-0.00000000,-0.01464844,1.03111267,2.64405117,2.64663696,-0.02441406
8.55913234,3000,-2.97269757,-1.55218394,-2.30529030,0.04997253,0.60530758,-0.09040833,3.31042190,-1.50182994,-2.30529030,0.04959106,0.60492611,-0.09019543,-2.97269757,-1.51975901,-2.31063088,0.04959106,0.60530758,-0.08888245,-0.00976562,0.02441406,0.01464844,-0.02929688,0.01464844,0.00000000,1.02653503,2.63956382,2.64663696,-0.02441406
8.57659173,3005,-2.97307904,-1.55218394,-2.30529030,0.04997253,0.60530758,-0.09040833,3.31038987,-1.50182994,-2.30529030,0.04959106,0.60492611,-0.09015839,-2.97269757,-1.51937754,-2.31024941,0.04959106,0.60530758,-0.08888245,-0.00488281,0.01464844,0.00976562,0.01464844,0.01464844,-0.02929688,1.02081299,2.63081240,2.64663696,-0.04882812
8.58918786,3010,-2.97269757,-1.55218394,-2.30529030,0.04997253,0.60530758,-0.09040833,3.31045567,-1.50182994,-2.30529030,0.04959106,0.60492611,-0.09029518,-2.97269757,-1.51899607,-2.31024941,0.04959106,0.60530758,-0.08888245,-0.00488281,0.01464844,0.00976562,0.00000000,0.01464844,-0.01464844,1.02043152,2.62452457,2.64625549,-0.04882812
8.60295391,3015,-2.97269757,-1.55218394,-2.30529030,0.04997253,0.60530758,-0.09040833,3.31047723,-1.50182994,-2.30529030,0.04959106,0.60492611,-0.09037125,-2.97269757,-1.51861460,-2.31024941,0.04959106,0.60530758,-0.08888245,-0.00488281,0.02929688,0.00488281,-0.01464844,0.01464844,0.00000000,1.02043152,2.62246417,2.64549255,-0.07324219
8.61987138,3020,-2.97269757,-1.55218394,-2.30529030,0.04997253,0.60530758,-0.09040833,3.31048429,-1.50182994,-2.30529030,0.04959106,0.60492611,-0.09039618,-2.97269757,-1.51823313,-2.31024941,0.04959106,0.60530758,-0.08926392,0.00000000,0.00976562,0.00488281,-0.01464844,-0.00000000,-0.01464844,1.01890564,2.62083687,2.64472961,-0.09765625
8.63149261,3025,-2.97269757,-1.55218394,-2.30529030,0.04997253,0.60530758,-0.09040833,3.31048661,-1.50182994,-2.30529030,0.04959106,0.60492611,-0.09040434,-2.97269757,-1.51823313,-2.31024941,0.04959106,0.60530758,-0.08926392,-0.00488281,0.01464844,0.00488281,-0.01464844,0.01464844,-0.01464844,1.01394653,2.61488738,2.64434814,-0.07324219
8.64693093,3030,-2.97269757,-1.55218394,-2.30529030,0.04997253,0.60530758,-0.09040833,3.31048737,-1.50182994,-2.30529030,0.04959106,0.60492611,-0.09040702,-2.97269757,-1.51785166,-2.31024941,0.04959106,0.60530758,-0.08926392,0.00000000,0.01953125,0.00976562,0.00000000,0.02929688,-0.01464844,1.00593567,2.60279014,2.64358521,-0.07324219
8.66427255,3035,-2.97269757,-1.55218394,-2.30529030,0.04997253,0.60530758,-0.09040833,3.31042658,-1.50182994,-2.30529030,0.04959106,0.60492611,-0.09040790,-2.97269757,-1.51747019,-2.31024941,0.04959106,0.60530758,-0.08926392,-0.00488281,0.00976562,0.00976562,-0.01464844,0.02929688,-0.01464844,0.99601746,2.58628267,2.64244080,-0.09765625
8.67836356,3040,-2.97269757,-1.55218394,-2.30529030,0.04997253,0.60530758,-0.09040833,3.31042863,-1.50182994,-2.30529030,0.04959106,0.60492611,-0.09040819,-2.97269757,-1.51708873,-2.30986794,0.04959106,0.60530758,-0.08926392,0.00000000,0.01953125,0.01464844,-0.01464844,-0.00000000,-0.02929688,0.98915100,2.56990621,2.64167786,-0.09765625
8.69326282,3045,-2.97269757,-1.55218394,-2.30529030,0.04959106,0.60530758,-0.09040833,3.31042931,-1.50182994,-2.30529030,0.04948352,0.60492611,-0.09040828,-2.97269757,-1.51670726,-2.30986794,0.04959106,0.60530758,-0.08926392,-0.00488281,0.02929688,0.01464844,-0.01464844,-0.00000000,-0.01464844,0.98075867,2.55264557,2.63862610,-0.14648438
8.70714569,3050,-2.97269757,-1.55218394,-2.30529030,0.04959106,0.60530758,-0.09040833,3.31043734,-1.50182994,-2.30529030,0.04941850,0.60492611,-0.09040831,-2.97269757,-1.51632579,-2.30948647,0.04959106,0.60530758,-0.08964539,-0.00488281,0.00976562,0.01464844,-0.01464844,-0.00000000,-0.04394531,0.97579956,2.54018601,2.63671875,-0.17089844
8.72005153,3055,-2.97269757,-1.55218394,-2.30529030,0.04959106,0.60530758,-0.09078979,3.31047122,-1.50182994,-2.30529030,0.04945822,0.60492611,-0.09048461,-2.97269757,-1.51632579,-2.30948647,0.04959106,0.60530758,-0.08964539,-0.00488281,0.01464844,0.01464844,0.00000000,0.01464844,-0.01464844,0.96549988,2.52416210,2.63252258,-0.41503906
8.73479891,3060,-2.97269757,-1.55218394,-2.30529030,0.04997253,0.60530758,-0.09078979,3.31044326,-1.50182994,-2.30529030,0.04947722,0.60492611,-0.09068979,-2.97269757,-1.51594432,-2.30948647,0.04959106,0.60530758,-0.08964539,-0.00488281,0.01464844,0.00976562,0.00000000,0.02929688,-0.02929688,0.95672607,2.50731104,2.63023376,-0.19531250
8.74803805,3065,-2.97269757,-1.55218394,-2.30529030,0.04959106,0.60530758,-0.09078979,3.31047316,-1.50182994,-2.30529030,0.04941643,0.60492611,-0.09075703,-2.97269757,-1.51556285,-2.30948647,0.04959106,0.60530758,-0.08964539,0.00000000,0.01464844,0.00488281,-0.02929688,0.02929688,-0.02929688,0.94642639,2.48894285,2.62374878,-0.48828125
8.76467371,3070,-2.97269757,-1.55218394,-2.30529030,0.04997253,0.60530758,-0.09078979,3.31048296,-1.50182994,-2.30529030,0.04944595,0.60492611,-0.09077906,-2.97269757,-1.51556285,-2.30910500,0.04959106,0.60530758,-0.08964539,-0.00488281,0.01464844,0.00488281,-0.01464844,0.01464844,-0.01464844,0.93803406,2.47104750,2.61535645,-0.58593750
8.78005266,3075,-2.97269757,-1.55218394,-2.30529030,0.04997253,0.60530758,-0.09078979,3.31048617,-1.50182994,-2.30529030,0.04951226,0.60492611,-0.09078628,-2.97269757,-1.51518138,-2.30910500,0.04959106,0.60530758,-0.08964539,-0.00488281,0.02441406,0.00976562,-0.01464844,-0.00000000,-0.02929688,0.93078613,2.45423750,2.60429382,-0.73242188
8.79433084,3080,-2.97269757,-1.55218394,-2.30529030,0.04997253,0.60530758,-0.09078979,3.31048722,-1.50182994,-2.30529030,0.04945538,0.60492611,-0.09078864,-2.97269757,-1.51479991,-2.30910500,0.04959106,0.60530758,-0.08964539,0.00000000,0.00488281,0.00976562,0.00000000,0.01464844,-0.02929688,0.92430115,2.44045650,2.59437561,-0.63476562
8.80944037,3085,-2.97269757,-1.55218394,-2.30529030,0.04997253,0.60530758,-0.09078979,3.31048757,-1.50182994,-2.30529030,0.04954660,0.60492611,-0.09078942,-2.97269757,-1.51441844,-2.30910500,0.04959106,0.60530758,-0.09002686,-0.00488281,0.00976562,0.00976562,-0.01464844,-0.00000000,-0.01464844,0.91667175,2.42682062,2.58026123,-1.00097656
8.82489991,3090,-2.97269757,-1.55218394,-2.30529030,0.04997253,0.60530758,-0.09078979,3.31048768,-1.50182994,-2.30529030,0.04953743,0.60492611,-0.09078967,-2.97269757,-1.51403697,-2.30910500,0.04959106,0.60530758,-0.09002686,-0.00488281,0.01464844,0.01464844,-0.01464844,0.01464844,-0.01464844,0.90713501,2.40936487,2.56919861,-0.80566406
8.83821607,3095,-2.97269757,-1.55218394,-2.30529030,0.04959106,0.60530758,-0.09078979,3.31048772,-1.50182994,-2.30529030,0.04943616,0.60492611,-0.09078975,-2.97269757,-1.51365550,-2.30910500,0.04959106,0.60530758,-0.09002686,-0.00976562,0.01464844,0.01464844,-0.01464844,0.02929688,0.00000000,0.90065002,2.39400898,2.55928040,-0.92773438
8.85030699,3100,-2.97269757,-1.55218394,-2.30529030,0.04997253,0.60530758,-0.09078979,3.31048773,-1.50182994,-2.30529030,0.04944802,0.60492611,-0.09078978,-2.97269757,-1.51365550,-2.30872353,0.04959106,0.60530758,-0.09002686,-0.00976562,0.00976562,0.01953125,-0.02929688,0.02929688,0.00000000,0.89416504,2.37945641,2.54707336,-0.90332031
8.86547351,3105,-2.97269757,-1.55218394,-2.30529030,0.04997253,0.60530758,-0.09078979,3.31048773,-1.50182994,-2.30529030,0.04949536,0.60492611,-0.09078979,-2.97269757,-1.51327403,-2.30872353,0.04959106,0.60530758,-0.09002686,-0.00488281,0.00976562,0.01464844,-0.01464844,0.02929688,-0.01464844,0.88424683,2.36302913,2.53715515,-0.78125000
8.88067555,3110,-2.97269757,-1.55218394,-2.30529030,0.04997253,0.60530758,-0.09078979,3.31048773,-1.50182994,-2.30529030,0.04955971,0.60492611,-0.09078979,-2.97269757,-1.51289256,-2.30872353,0.04959106,0.60530758,-0.09002686,-0.00488281,0.02441406,0.00976562,0.00000000,0.01464844,0.00000000,0.87509155,2.34548653,2.52342224,-0.90332031
8.89576101,3115,-2.97269757,-1.55218394,-2.30529030,0.04997253,0.60530758,-0.09078979,3.31048774,-1.50182994,-2.30529030,0.04958079,0.60492611,-0.09078979,-2.97269757,-1.51289256,-2.30872353,0.04959106,0.60530758,-0.09002686,-0.00488281,0.00488281,0.00488281,-0.01464844,-0.00000000,-0.01464844,0.86860657,2.32914276,2.51350403,-0.65917969
8.90946531,3120,-2.97269757,-1.55218394,-2.30529030,0.04997253,0.60530758,-0.09117126,3.31048774,-1.50182994,-2.30529030,0.04958770,0.60492611,-0.09091492,-2.97269757,-1.51289256,-2.30872353,0.04920959,0.60530758,-0.09002686,-0.00488281,0.00488281,0.00976562,-0.02929688,0.02929688,-0.01464844,0.86441040,2.31794568,2.50511169,-0.75683594
8.92327166,3125,-2.97269757,-1.55218394,-2.30529030,0.04959106,0.60530758,-0.09117126,3.31048774,-1.50182994,-2.30529030,0.04951367,0.60492611,-0.09099498,-2.97269757,-1.51251109,-2.30834206,0.04920959,0.60530758,-0.09002686,-0.00488281,0.00000000,0.00488281,0.00000000,0.02929688,-0.02929688,0.85754395,2.30504761,2.49023438,-1.00097656
8.93835711,3130,-2.97269757,-1.55218394,-2.30529030,0.04959106,0.60530758,-0.09117126,3.31048774,-1.50182994,-2.30529030,0.04934048,0.60492611,-0.09111350,-2.97269757,-1.51251109,-2.30834206,0.04920959,0.60530758,-0.09040833,-0.00976562,0.00000000,0.00976562,-0.01464844,0.01464844,-0.01464844,0.84915161,2.29173768,2.47955322,-0.61035156
8.95396185,3135,-2.97269757,-1.55218394,-2.30529030,0.04997253,0.60530758,-0.09078979,3.31048774,-1.50182994,-2.30529030,0.04938981,0.60492611,-0.09100573,-2.97269757,-1.51251109,-2.30834206,0.04959106,0.60530758,-0.09040833,-0.00488281,0.00976562,0.00488281,-0.02929688,0.01464844,-0.02929688,0.84342957,2.27886188,2.46849060,-0.83007812
8.96641612,3140,-2.97269757,-1.55218394,-2.30529030,0.04997253,0.60530758,-0.09078979,3.31048774,-1.50182994,-2.30529030,0.04945481,0.60492611,-0.09092159,-2.97269757,-1.51212962,-2.30834206,0.04920959,0.60530758,-0.09040833,-0.00976562,0.01953125,0.00488281,0.00000000,0.01464844,-0.01464844,0.83656311,2.26568717,2.45513916,-0.97656250
8.98294950,3145,-2.97269757,-1.55218394,-2.30529030,0.04959106,0.60530758,-0.09117126,3.31048774,-1.50182994,-2.30529030,0.04928995,0.60492611,-0.09095810,-2.97269757,-1.51174815,-2.30834206,0.04920959,0.60530758,-0.09040833,-0.00488281,0.01464844,0.00488281,-0.01464844,0.02929688,-0.01464844,0.83236694,2.25288009,2.44407654,-0.63476562
8.99573827,3150,-2.97269757,-1.55218394,-2.30529030,0.04959106,0.60530758,-0.09117126,3.31048774,-1.50182994,-2.30529030,0.04923592,0.60492611,-0.09110142,-2.97269757,-1.51136668,-2.30834206,0.04959106,0.60530758,-0.09040833,0.00000000,0.01953125,0.00976562,0.00000000,0.01464844,-0.01464844,0.83198547,2.24758947,2.43492126,-0.83007812
9.01032686,3155,-2.97269757,-1.55218394,-2.30529030,0.04959106,0.60530758,-0.09117126,3.31048774,-1.50182994,-2.30529030,0.04921822,0.60492611,-0.09114838,-2.97269757,-1.51098521,-2.30834206,0.04959106,0.60530758,-0.09040833,-0.00976562,0.01953125,0.00976562,-0.01464844,0.02929688,-0.02929688,0.83198547,2.24573377,2.41889954,-1.00097656
9.02560782,3160,-2.97269757,-1.55218394,-2.30529030,0.04959106,0.60530758,-0.09117126,3.31048774,-1.50182994,-2.30529030,0.04921242,0.60492611,-0.09116376,-2.97269757,-1.51098521,-2.30834206,0.04920959,0.60530758,-0.09078979,-0.00976562,0.00000000,0.00976562,-0.02929688,0.01464844,-0.01464844,0.83198547,2.24494991,2.41050720,-0.61035156
9.03840232,3165,-2.97269757,-1.55218394,-2.30529030,0.04959106,0.60530758,-0.09078979,3.31048774,-1.50182994,-2.30529030,0.04921052,0.60492611,-0.09100462,-2.97269757,-1.51098521,-2.30834206,0.04920959,0.60530758,-0.09078979,-0.00488281,0.00000000,0.00976562,0.00000000,-0.00000000,-0.01464844,0.83122253,2.24426581,2.40097046,-0.83007812
9.05458641,3170,-2.97269757,-1.55218394,-2.30529030,0.04959106,0.60530758,-0.09117126,3.31048774,-1.50182994,-2.30529030,0.04920990,0.60492611,-0.09102437,-2.97269757,-1.51098521,-2.30834206,0.04920959,0.60530758,-0.09078979,-0.00976562,0.00000000,0.00976562,0.00000000,0.02929688,-0.01464844,0.82359314,2.23782290,2.38685608,-0.97656250
9.07094407,3175,-2.97269757,-1.55218394,-2.30529030,0.04959106,0.60530758,-0.09078979,3.31048774,-1.50182994,-2.30529030,0.04920969,0.60492611,-0.09089791,-2.97269757,-1.51098521,-2.30796059,0.04920959,0.60530758,-0.09078979,-0.00488281,0.00000000,0.00976562,-0.01464844,0.01464844,-0.01464844,0.81405640,2.22355226,2.37312317,-0.70800781
9.08461380,3180,-2.97269757,-1.55218394,-2.30529030,0.04959106,0.60530758,-0.09078979,3.31048774,-1.50182994,-2.30529030,0.04920963,0.60492611,-0.09082522,-2.97269757,-1.51098521,-2.30796059,0.04920959,0.60530758,-0.09078979,-0.00976562,-0.00488281,0.00488281,-0.01464844,0.01464844,-0.01464844,0.80718994,2.20629347,2.36358643,-0.92773438
9.10075569,3185,-2.97269757,-1.55218394,-2.30529030,0.04882812,0.60530758,-0.09117126,3.31048774,-1.50182994,-2.30529030,0.04876698,0.60492611,-0.09090895,-2.97269757,-1.51060374,-2.30796059,0.04920959,0.60530758,-0.09078979,-0.00488281,0.00976562,0.00976562,-0.02929688,0.01464844,-0.02929688,0.79193115,2.18629347,2.34794617,-0.78125000
9.11522961,3190,-2.97269757,-1.55218394,-2.30529030,0.04844666,0.60530758,-0.09117126,3.31048774,-1.50182994,-2.30529030,0.04847532,0.60492611,-0.09108531,-2.97269757,-1.51022227,-2.30796059,0.04920959,0.60530758,-0.09117126,-0.00488281,0.01464844,0.00976562,-0.01464844,0.01464844,-0.01464844,0.78010559,2.16629347,2.33650208,-0.80566406
9.12897420,3195,-2.97269757,-1.55218394,-2.30529030,0.04806519,0.60530758,-0.09117126,3.31045649,-1.50182994,-2.30529030,0.04801342,0.60492611,-0.09114310,-2.97269757,-1.51022227,-2.30757912,0.04920959,0.60530758,-0.09078979,0.00000000,0.01464844,0.01953125,-0.01464844,-0.00000000,-0.01464844,0.76980591,2.14629347,2.32849121,-0.78125000
9.14435220,3200,-2.97269757,-1.55218394,-2.30529030,0.04806519,0.60530758,-0.09117126,3.31047750,-1.50182994,-2.30529030,0.04779175,0.60492611,-0.09107414,-2.97269757,-1.50984080,-2.30757912,0.04920959,0.60530758,-0.09117126,-0.00488281,0.01464844,0.01953125,-0.01464844,0.01464844,-0.01464844,0.75798035,2.12629347,2.31857300,-0.80566406
9.15813446,3205,-2.97269757,-1.55218394,-2.30529030,0.04768372,0.60530758,-0.09117126,3.31048438,-1.50182994,-2.30529030,0.04746265,0.60492611,-0.09106913,-2.97269757,-1.50945933,-2.30757912,0.04920959,0.60530758,-0.09117126,-0.00488281,0.00976562,0.00488281,-0.01464844,0.01464844,-0.01464844,0.74996948,2.10629347,2.30102539,-0.97656250
9.17212772,3210,-2.97269757,-1.55218394,-2.30529030,0.04768372,0.60530758,-0.09078979,3.31048664,-1.50182994,-2.30529030,0.04735481,0.60492611,-0.09091258,-2.97269757,-1.50945933,-2.30757912,0.04920959,0.60530758,-0.09117126,-0.00488281,0.01464844,0.00976562,0.00000000,0.01464844,-0.01464844,0.74081421,2.08629347,2.29301453,-0.73242188
9.18581533,3215,-2.97269757,-1.55218394,-2.30529030,0.04768372,0.60530758,-0.09078979,3.31048737,-1.50182994,-2.30529030,0.04731947,0.60492611,-0.09083003,-2.97269757,-1.50907786,-2.30719765,0.04882812,0.60530758,-0.09117126,-0.00488281,0.00976562,0.00488281,-0.01464844,0.01464844,-0.02929688,0.73471069,2.06629347,2.28157043,-0.75683594
9.20202398,3220,-2.97269757,-1.55218394,-2.30529030,0.04768372,0.60530758,-0.09078979,3.31048762,-1.50182994,-2.30529030,0.04730789,0.60492611,-0.09080298,-2.97269757,-1.50907786,-2.30719765,0.04882812,0.60530758,-0.09117126,0.00000000,0.00488281,0.00976562,-0.02929688,-0.01464844,-0.01464844,0.72555542,2.04677297,2.26669312,-0.97656250
9.21428084,3225,-2.97269757,-1.55218394,-2.30529030,0.04768372,0.60530758,-0.09078979,3.31042666,-1.50182994,-2.30529030,0.04730410,0.60492611,-0.09079411,-2.97269757,-1.50907786,-2.30719765,0.04882812,0.60530758,-0.09155273,-0.00488281,-0.00488281,0.00488281,-0.01464844,0.01464844,-0.01464844,0.71868896,2.02951396,2.25830078,-0.61035156
9.22863126,3230,-2.97269757,-1.55218394,-2.30529030,0.04768372,0.60530758,-0.09078979,3.31046772,-1.50182994,-2.30529030,0.04730285,0.60492611,-0.09087129,-2.97269757,-1.50907786,-2.30719765,0.04882812,0.60530758,-0.09155273,-0.00976562,0.00000000,0.00976562,-0.01464844,0.04394531,-0.02929688,0.71334839,2.01702796,2.24761963,-0.90332031
9.24391246,3235,-2.97269757,-1.55218394,-2.30529030,0.04768372,0.60568905,-0.09078979,3.31048118,-1.50182994,-2.30529030,0.04730244,0.60506344,-0.09085556,-2.97269757,-1.50907786,-2.30719765,0.04882812,0.60530758,-0.09155273,-0.00488281,-0.00488281,0.00976562,0.00000000,0.02929688,-0.02929688,0.70419312,2.00137307,2.23197937,-1.07421875
9.25795770,3240,-2.97269757,-1.55218394,-2.30529030,0.04768372,0.60568905,-0.09078979,3.31048559,-1.50182994,-2.30529030,0.04730231,0.60508647,-0.09084260,-2.97269757,-1.50869639,-2.30719765,0.04844666,0.60530758,-0.09231567,-0.00488281,0.00000000,0.00976562,-0.02929688,0.01464844,-0.07324219,0.69427490,1.98379650,2.22206116,-0.51269531
9.27333117,3245,-2.97269757,-1.55218394,-2.30529030,0.04768372,0.60568905,-0.09078979,3.31048703,-1.50182994,-2.30529030,0.04730227,0.60518630,-0.09098727,-2.97269757,-1.50869639,-2.30719765,0.04844666,0.60530758,-0.09460449,-0.00488281,0.00976562,0.00976562,-0.02929688,0.01464844,-0.16113281,0.68473816,1.96519312,2.21099854,-0.90332031
9.28961134,3250,-2.97269757,-1.55218394,-2.30529030,0.04768372,0.60530758,-0.09078979,3.31048750,-1.50182994,-2.30529030,0.04730225,0.60509145,-0.09096437,-2.97269757,-1.50831492,-2.30681618,0.04844666,0.60530758,-0.09422302,-0.00488281,0.01953125,0.00488281,-0.01464844,0.01464844,-0.02929688,0.67596436,1.94672719,2.19612122,-0.92773438
9.30299783,3255,-2.97269757,-1.55218394,-2.30529030,0.04768372,0.60530758,-0.09117126,3.31048766,-1.50182994,-2.30529030,0.04730225,0.60498029,-0.09100337,-2.97269757,-1.50793345,-2.30681618,0.04844666,0.60530758,-0.09422302,-0.00976562,0.01464844,-0.00000000,-0.01464844,0.01464844,-0.01464844,0.66947937,1.93055005,2.18696594,-0.65917969
9.31690931,3260,-2.97269757,-1.55218394,-2.30529030,0.04768372,0.60530758,-0.09117126,3.31048771,-1.50182994,-2.30529030,0.04730225,0.60494387,-0.09093607,-2.97269757,-1.50793345,-2.30681618,0.04844666,0.60530758,-0.09422302,-0.00488281,0.01464844,0.01464844,-0.01464844,0.01464844,-0.02929688,0.65956116,1.91467735,2.17590332,-0.90332031
9.33182240,3265,-2.97269757,-1.55218394,-2.30529030,0.04768372,0.60530758,-0.09117126,3.31048773,-1.50182994,-2.30529030,0.04730225,0.60493193,-0.09100631,-2.97269757,-1.50755198,-2.30681618,0.04844666,0.60530758,-0.09422302,-0.00488281,0.01464844,0.00488281,-0.01464844,0.01464844,-0.02929688,0.65155029,1.89768199,2.16178894,-1.00097656
9.34526753,3270,-2.97269757,-1.55218394,-2.30529030,0.04768372,0.60530758,-0.09117126,3.31048773,-1.50182994,-2.30529030,0.04730225,0.60492802,-0.09097610,-2.97269757,-1.50717051,-2.30681618,0.04806519,0.60530758,-0.09422302,-0.00488281,0.00488281,0.00976562,-0.01464844,0.01464844,-0.01464844,0.64392090,1.88062369,2.15263367,-0.73242188
9.35898185,3275,-2.97269757,-1.55218394,-2.30529030,0.04768372,0.60530758,-0.09117126,3.31048773,-1.50182994,-2.30532155,0.04730225,0.60492674,-0.09110731,-2.97269757,-1.50717051,-2.30681618,0.04806519,0.60530758,-0.09422302,0.00000000,-0.00488281,0.00976562,-0.02929688,0.02929688,-0.01464844,0.63705444,1.86705503,2.14347839,-0.73242188
9.37307596,3280,-2.97269757,-1.55218394,-2.30529030,0.04768372,0.60530758,-0.09117126,3.31048773,-1.50182994,-2.30530054,0.04730225,0.60492632,-0.09111906,-2.97269757,-1.50717051,-2.30681618,0.04806519,0.60530758,-0.09422302,-0.00488281,0.00488281,0.00488281,-0.01464844,0.02929688,-0.01464844,0.62904358,1.85120333,2.13241577,-1.00097656
9.38893771,3285,-2.97269757,-1.55218394,-2.30529030,0.04768372,0.60530758,-0.09117126,3.31048774,-1.50182994,-2.30529366,0.04730225,0.60492618,-0.09111510,-2.97269757,-1.50717051,-2.30681618,0.04806519,0.60530758,-0.09422302,0.00000000,-0.00488281,0.00488281,-0.01464844,-0.00000000,-0.02929688,0.61874390,1.83274171,2.11868286,-0.80566406
9.40019250,3290,-2.97269757,-1.55218394,-2.30529030,0.04768372,0.60530758,-0.09117126,3.31048774,-1.50182994,-2.30529140,0.04730225,0.60492614,-0.09115286,-2.97269757,-1.50717051,-2.30681618,0.04806519,0.60530758,-0.09422302,-0.00488281,0.00488281,0.00488281,-0.01464844,0.01464844,-0.01464844,0.61149597,1.81561921,2.10838318,-0.78125000
9.41382647,3295,-2.97269757,-1.55218394,-2.30529030,0.04768372,0.60530758,-0.09117126,3.31048774,-1.50182994,-2.30529066,0.04727100,0.60492612,-0.09116523,-2.97269757,-1.50717051,-2.30681618,0.04768372,0.60530758,-0.09422302,-0.00488281,0.00000000,0.00976562,-0.02929688,0.01464844,-0.01464844,0.60615540,1.80170138,2.09732056,-0.95214844
9.42835116,3300,-2.97269757,-1.55218394,-2.30529030,0.04768372,0.60530758,-0.09117126,3.31048774,-1.50182994,-2.30529042,0.04729201,0.60492612,-0.09116929,-2.97269757,-1.50717051,-2.30681618,0.04768372,0.60530758,-0.09422302,0.00000000,0.00000000,0.00488281,-0.01464844,-0.00000000,-0.01464844,0.59967041,1.79030949,2.08625793,-0.80566406
9.44207716,3305,-2.97269757,-1.55218394,-2.30529030,0.04730225,0.60530758,-0.09117126,3.31048774,-1.50182994,-2.30538263,0.04711273,0.60492612,-0.09117062,-2.97269757,-1.50717051,-2.30681618,0.04768372,0.60530758,-0.09422302,-0.00488281,0.00488281,0.00976562,-0.01464844,0.01464844,0.00000000,0.59356689,1.77680706,2.07557678,-0.92773438
9.45566797,3310,-2.97269757,-1.55218394,-2.30529030,0.04730225,0.60530758,-0.09117126,3.31048774,-1.50182994,-2.30532055,0.04702274,0.60492611,-0.09117105,-2.97307904,-1.50717051,-2.30681618,0.04730225,0.60530758,-0.09422302,-0.00488281,0.00000000,0.00488281,-0.02929688,-0.00000000,0.00000000,0.58403015,1.76175929,2.06718445,-0.68359375
9.46893096,3315,-2.97269757,-1.55218394,-2.30529030,0.04730225,0.60530758,-0.09117126,3.31048774,-1.50182994,-2.30530021,0.04695419,0.60492611,-0.09117120,-2.97269757,-1.50678904,-2.30643471,0.04692078,0.60530758,-0.09422302,-0.00488281,0.00000000,0.00488281,-0.01464844,0.01464844,-0.01464844,0.57678223,1.74704060,2.05307007,-0.80566406
9.48426771,3320,-2.97269757,-1.55218394,-2.30567177,0.04692078,0.60530758,-0.09117126,3.31044867,-1.50182994,-2.30540891,0.04670650,0.60492611,-0.09117124,-2.97269757,-1.50678904,-2.30643471,0.04653931,0.60530758,-0.09384155,-0.00488281,-0.00488281,0.00488281,-0.05859375,0.01464844,0.00000000,0.56838989,1.73016240,2.04162598,-1.02539062
9.49895692,3325,-2.97269757,-1.55218394,-2.30529030,0.04615784,0.60530758,-0.09117126,3.31047494,-1.50182994,-2.30539020,0.04620030,0.60492611,-0.09117126,-2.97307904,-1.50678904,-2.30643471,0.04577637,0.60530758,-0.09384155,-0.00488281,0.00000000,0.00488281,-0.07324219,-0.00000000,0.00000000,0.55885315,1.71398405,2.03094482,-0.51269531
9.51622248,3330,-2.97269757,-1.55218394,-2.30567177,0.04501343,0.60492611,-0.09117126,3.31048354,-1.50182994,-2.30544816,0.04535730,0.60470089,-0.09117126,-2.97307904,-1.50678904,-2.30643471,0.04539490,0.60530758,-0.09384155,-0.00488281,0.00488281,0.00488281,-0.07324219,-0.00000000,-0.02929688,0.54626465,1.69544411,2.01835632,-0.83007812
9.52866244,3335,-2.97269757,-1.55218394,-2.30529030,0.04501343,0.60454464,-0.09117126,3.31048636,-1.50182994,-2.30537328,0.04486964,0.60445852,-0.09117126,-2.97307904,-1.50678904,-2.30643471,0.04463196,0.60530758,-0.09384155,-0.00488281,0.00488281,0.00976562,-0.04394531,0.01464844,-0.01464844,0.53825378,1.67544411,2.00462341,-0.92773438
9.54330230,3340,-2.97269757,-1.55218394,-2.30567177,0.04501343,0.60378171,-0.09117126,3.31048728,-1.50182994,-2.30544261,0.04470984,0.60392719,-0.09117126,-2.97307904,-1.50640757,-2.30643471,0.04463196,0.60530758,-0.09346008,-0.00488281,0.00976562,0.00976562,0.00000000,-0.00000000,0.00000000,0.52795410,1.65544411,1.99546814,-0.61035156
9.55860949,3345,-2.97269757,-1.55218394,-2.30529030,0.04501343,0.60301877,-0.09117126,3.31044853,-1.50182994,-2.30534021,0.04465748,0.60316153,-0.09117126,-2.97307904,-1.50640757,-2.30643471,0.04463196,0.60530758,-0.09346008,-0.00488281,0.00488281,0.00488281,-0.01464844,0.02929688,-0.01464844,0.51918030,1.63544411,1.98631287,-0.92773438
9.57358980,3350,-2.97269757,-1.55218394,-2.30529030,0.04501343,0.60263730,-0.09117126,3.31047489,-1.50182994,-2.30541652,0.04464032,0.60255261,-0.09117126,-2.97307904,-1.50602610,-2.30643471,0.04463196,0.60530758,-0.09346008,-0.00488281,0.00000000,0.00488281,-0.01464844,-0.00000000,0.01464844,0.50926208,1.61602492,1.96952820,-0.95214844
9.58686161,3355,-2.97269757,-1.55218394,-2.30529030,0.04501343,0.60263730,-0.09117126,3.31048353,-1.50182994,-2.30536291,0.04463470,0.60235308,-0.09117126,-2.97307904,-1.50602610,-2.30643471,0.04463196,0.60530758,-0.09346008,-0.00488281,-0.00488281,0.00976562,0.00000000,-0.00000000,-0.01464844,0.50125122,1.59741478,1.96075439,-0.58593750
9.60081410,3360,-2.97269757,-1.55218394,-2.30567177,0.04463196,0.60263730,-0.09117126,3.31048636,-1.50182994,-2.30553931,0.04440764,0.60228769,-0.09117126,-2.97307904,-1.50602610,-2.30643471,0.04463196,0.60530758,-0.09346008,-0.00488281,-0.00488281,0.00488281,0.00000000,0.01464844,0.00000000,0.49247742,1.57950045,1.94854736,-0.97656250
9.61479807,3365,-2.97269757,-1.55218394,-2.30567177,0.04463196,0.60263730,-0.09117126,3.31048728,-1.50182994,-2.30556733,0.04430198,0.60226627,-0.09117126,-2.97307904,-1.50602610,-2.30643471,0.04463196,0.60530758,-0.09346008,-0.00488281,0.00000000,0.00976562,-0.04394531,-0.00000000,-0.01464844,0.48332214,1.56264522,1.93634033,-0.85449219
9.62713957,3370,-2.97269757,-1.55218394,-2.30567177,0.04463196,0.60263730,-0.09117126,3.31048759,-1.50182994,-2.30559849,0.04426736,0.60225925,-0.09117126,-2.97307904,-1.50602610,-2.30643471,0.04463196,0.60492611,-0.09307861,-0.00488281,-0.00488281,0.00488281,-0.02929688,0.01464844,0.00000000,0.47683716,1.54681101,1.92756653,-0.80566406
9.64402461,3375,-2.97269757,-1.55218394,-2.30567177,0.04425049,0.60263730,-0.09117126,3.31048769,-1.50182994,-2.30560869,0.04414066,0.60225695,-0.09117126,-2.97307904,-1.50602610,-2.30643471,0.04463196,0.60492611,-0.09307861,-0.00488281,0.00000000,0.00488281,-0.01464844,-0.00000000,0.00000000,0.46768188,1.52986269,1.91459656,-0.95214844
9.65846682,3380,-2.97269757,-1.55218394,-2.30567177,0.04425049,0.60263730,-0.09117126,3.31048772,-1.50182994,-2.30565110,0.04395803,0.60225619,-0.09117126,-2.97307904,-1.50602610,-2.30643471,0.04463196,0.60492611,-0.09307861,-0.00488281,0.00488281,0.00488281,-0.01464844,0.01464844,-0.01464844,0.46005249,1.51385887,1.90162659,-0.78125000
9.67277193,3385,-2.97269757,-1.55218394,-2.30567177,0.04425049,0.60263730,-0.09117126,3.31048773,-1.50182994,-2.30566500,0.04389819,0.60225595,-0.09117126,-2.97307904,-1.50564463,-2.30643471,0.04463196,0.60492611,-0.09269714,-0.00488281,0.00000000,0.00976562,-0.01464844,0.01464844,-0.01464844,0.45433044,1.49920092,1.89018250,-0.83007812
9.68742347,3390,-2.97269757,-1.55218394,-2.30567177,0.04425049,0.60263730,-0.09117126,3.31048773,-1.50182994,-2.30566955,0.04387858,0.60225587,-0.09117126,-2.97307904,-1.50564463,-2.30643471,0.04463196,0.60492611,-0.09269714,-0.00488281,0.00488281,0.00488281,-0.01464844,0.01464844,0.00000000,0.44708252,1.48665879,1.87950134,-0.83007812
9.70105505,3395,-2.97269757,-1.55218394,-2.30567177,0.04463196,0.60263730,-0.09117126,3.31040766,-1.50182994,-2.30567104,0.04394844,0.60225584,-0.09117126,-2.97307904,-1.50564463,-2.30643471,0.04425049,0.60492611,-0.09269714,-0.00976562,0.00000000,0.00488281,-0.01464844,-0.00000000,0.00000000,0.44326782,1.47529166,1.86958313,-0.83007812
9.71532321,3400,-2.97269757,-1.55218394,-2.30567177,0.04425049,0.60263730,-0.09117126,3.31043025,-1.50182994,-2.30567153,0.04389504,0.60217575,-0.09117126,-2.97307904,-1.50564463,-2.30643471,0.04425049,0.60454464,-0.09231567,-0.00488281,0.00488281,-0.00000000,-0.01464844,-0.00000000,0.01464844,0.43487549,1.46224608,1.85585022,-0.95214844
9.72886658,3405,-2.97269757,-1.55218394,-2.30567177,0.04463196,0.60263730,-0.09117126,3.31046890,-1.50182994,-2.30564044,0.04395384,0.60222959,-0.09117126,-2.97307904,-1.50526316,-2.30643471,0.04425049,0.60454464,-0.09040833,-0.00488281,-0.00488281,0.00488281,-0.01464844,-0.00000000,0.14648438,0.42915344,1.44893249,1.84555054,-0.78125000
9.74121165,3410,-2.97269757,-1.55218394,-2.30567177,0.04425049,0.60263730,-0.09117126,3.31048156,-1.50182994,-2.30566151,0.04392806,0.60224723,-0.09117126,-2.97307904,-1.50526316,-2.30643471,0.04425049,0.60416318,-0.08811951,-0.00488281,-0.00488281,0.00488281,-0.01464844,-0.00000000,0.16113281,0.42381287,1.43669245,1.83792114,-0.68359375
9.75519109,3415,-2.97269757,-1.55218394,-2.30567177,0.04425049,0.60263730,-0.09117126,3.31048571,-1.50182994,-2.30566841,0.04388837,0.60225301,-0.09117126,-2.97307904,-1.50526316,-2.30643471,0.04425049,0.60378171,-0.08735657,-0.00488281,-0.00488281,-0.00000000,-0.01464844,-0.00000000,0.01464844,0.42037964,1.42655248,1.82609558,-0.83007812
9.76847839,3420,-2.97269757,-1.55218394,-2.30567177,0.04463196,0.60263730,-0.09117126,3.31048707,-1.50182994,-2.30567067,0.04413183,0.60225490,-0.09117126,-2.97307904,-1.50526316,-2.30643471,0.04425049,0.60340024,-0.08773804,-0.00976562,-0.00976562,0.00976562,-0.01464844,-0.02929688,-0.01464844,0.42037964,1.42296126,1.81274414,-0.87890625
9.78245902,3425,-2.97269757,-1.55218394,-2.30567177,0.04463196,0.60263730,-0.09117126,3.31048752,-1.50182994,-2.30564016,0.04421161,0.60225552,-0.09117126,-2.97307904,-1.50526316,-2.30643471,0.04386902,0.60340024,-0.08773804,-0.00976562,-0.00488281,0.00976562,-0.02929688,-0.01464844,-0.01464844,0.42037964,1.42188215,1.80549622,-0.63476562
9.79931235,3430,-2.97269757,-1.55218394,-2.30567177,0.04463196,0.60263730,-0.09117126,3.31048766,-1.50182994,-2.30566141,0.04423775,0.60225573,-0.09117126,-2.97307904,-1.50526316,-2.30643471,0.04386902,0.60301877,-0.08773804,-0.00488281,0.00000000,0.00976562,-0.01464844,-0.01464844,-0.01464844,0.42037964,1.42152854,1.78909302,-0.97656250
9.81310439,3435,-2.97269757,-1.55218394,-2.30567177,0.04463196,0.60263730,-0.09117126,3.31048771,-1.50182994,-2.30566838,0.04424631,0.60225579,-0.09117126,-2.97307904,-1.50526316,-2.30605324,0.04386902,0.60301877,-0.08773804,-0.00488281,0.00000000,0.00488281,-0.02929688,-0.00000000,-0.01464844,0.42037964,1.42141267,1.77764893,-0.95214844
9.82901645,3440,-2.97269757,-1.55218394,-2.30529030,0.04463196,0.60301877,-0.09117126,3.31048773,-1.50182994,-2.30553333,0.04424912,0.60239314,-0.09117126,-2.97307904,-1.50526316,-2.30605324,0.04386902,0.60263730,-0.08811951,-0.00488281,-0.00488281,0.00488281,-0.02929688,-0.00000000,-0.04394531,0.42076111,1.42152729,1.76963806,-0.56152344
9.84275436,3445,-2.97269757,-1.55218394,-2.30567177,0.04463196,0.60263730,-0.09117126,3.31048773,-1.50182994,-2.30562641,0.04425004,0.60238090,-0.09117126,-2.97307904,-1.50526316,-2.30605324,0.04386902,0.60301877,-0.08811951,-0.00488281,-0.00488281,0.00488281,-0.01464844,0.01464844,-0.02929688,0.42076111,1.42186270,1.75628662,-0.97656250
9.85759521,3450,-2.97269757,-1.55218394,-2.30567177,0.04463196,0.60301877,-0.09117126,3.31048773,-1.50182994,-2.30565691,0.04425034,0.60243414,-0.09117126,-2.97307904,-1.50526316,-2.30605324,0.04386902,0.60263730,-0.08811951,-0.00488281,0.00000000,0.00488281,-0.01464844,0.01464844,-0.02929688,0.42076111,1.42203511,1.74217224,-0.87890625
9.87282538,3455,-2.97269757,-1.55218394,-2.30567177,0.04463196,0.60301877,-0.09117126,3.31048773,-1.50182994,-2.30566690,0.04425044,0.60252190,-0.09117126,-2.97307904,-1.50526316,-2.30605324,0.04386902,0.60263730,-0.08850098,-0.00488281,0.00000000,0.00976562,-0.02929688,0.01464844,-0.02929688,0.42076111,1.42209161,1.73339844,-0.58593750
9.88724303,3460,-2.97269757,-1.55218394,-2.30567177,0.04463196,0.60301877,-0.09117126,3.31048774,-1.50182994,-2.30563111,0.04425047,0.60259948,-0.09117126,-2.97307904,-1.50526316,-2.30605324,0.04386902,0.60263730,-0.08850098,-0.00488281,-0.00488281,0.01464844,-0.01464844,-0.00000000,-0.02929688,0.42076111,1.42211012,1.71928406,-1.02539062
9.90152979,3465,-2.97269757,-1.55218394,-2.30567177,0.04463196,0.60301877,-0.09117126,3.31048774,-1.50182994,-2.30565845,0.04425048,0.60262491,-0.09117126,-2.97307904,-1.50526316,-2.30605324,0.04386902,0.60263730,-0.08850098,-0.00488281,-0.00488281,0.00976562,-0.01464844,0.02929688,-0.02929688,0.42076111,1.42219431,1.70783997,-0.85449219
9.91631961,3470,-2.97307904,-1.55218394,-2.30567177,0.04463196,0.60301877,-0.09117126,3.31031134,-1.50182994,-2.30566741,0.04425049,0.60263324,-0.09117126,-2.97307904,-1.50488169,-2.30605324,0.04386902,0.60263730,-0.08888245,-0.00488281,-0.00488281,0.00488281,-0.01464844,0.01464844,-0.02929688,0.42076111,1.42226584,1.69715881,-0.68359375
9.93014240,3475,-2.97269757,-1.55218394,-2.30567177,0.04463196,0.60301877,-0.09117126,3.31032984,-1.50182994,-2.30567034,0.04425049,0.60263597,-0.09117126,-2.97307904,-1.50488169,-2.30605324,0.04386902,0.60263730,-0.08926392,-0.00488281,0.00000000,0.00488281,-0.01464844,-0.00000000,-0.04394531,0.42076111,1.42216721,1.68609619,-0.87890625
9.94551897,3480,-2.97307904,-1.55218394,-2.30529030,0.04463196,0.60301877,-0.09117126,3.31035970,-1.50182994,-2.30559501,0.04425049,0.60263686,-0.09117126,-2.97307904,-1.50488169,-2.30605324,0.04386902,0.60263730,-0.08926392,-0.00488281,0.00000000,0.00976562,0.00000000,-0.00000000,-0.02929688,0.42076111,1.42203724,1.67388916,-0.80566406
9.95903993,3485,-2.97307904,-1.55218394,-2.30567177,0.04463196,0.60301877,-0.09117126,3.31036949,-1.50182994,-2.30564662,0.04425049,0.60263715,-0.09117126,-2.97307904,-1.50488169,-2.30605324,0.04386902,0.60263730,-0.08964539,-0.00488281,-0.00976562,0.00488281,-0.01464844,0.01464844,-0.01464844,0.42037964,1.42171999,1.66358948,-0.83007812
9.97724867,3490,-2.97269757,-1.55218394,-2.30567177,0.04463196,0.60263730,-0.09117126,3.31033912,-1.50182994,-2.30552242,0.04425049,0.60249992,-0.09117126,-2.97307904,-1.50488169,-2.30567177,0.04348755,0.60263730,-0.08964539,0.00000000,-0.00488281,0.00488281,-0.02929688,0.01464844,-0.01464844,0.42037964,1.42153791,1.64909363,-0.90332031
9.99131846,3495,-2.97307904,-1.55218394,-2.30529030,0.04463196,0.60263730,-0.09117126,3.31033149,-1.50182994,-2.30554654,0.04425049,0.60233581,-0.09117126,-2.97307904,-1.50488169,-2.30567177,0.04386902,0.60263730,-0.09002686,-0.00488281,-0.00488281,0.00976562,-0.01464844,0.01464844,-0.01464844,0.42037964,1.42141574,1.63688660,-0.73242188
10.00381327,3500,-2.97269757,-1.55218394,-2.30567177,0.04463196,0.60263730,-0.09117126,3.31033644,-1.50182994,-2.30563073,0.04425049,0.60228204,-0.09117126,-2.97307904,-1.50488169,-2.30567177,0.04386902,0.60263730,-0.09002686,-0.00488281,0.00000000,0.00488281,-0.02929688,0.02929688,-0.01464844,0.41999817,1.42100340,1.62582397,-0.90332031
10.01555490,3505,-2.97269757,-1.55218394,-2.30567177,0.04463196,0.60263730,-0.09117126,3.31043816,-1.50182994,-2.30565832,0.04425049,0.60226441,-0.09117126,-2.97307904,-1.50488169,-2.30567177,0.04386902,0.60263730,-0.09002686,-0.00976562,0.00000000,0.00488281,-0.01464844,0.01464844,-0.01464844,0.41999817,1.42072765,1.61857605,-0.80566406
10.02804208,3510,-2.97269757,-1.55218394,-2.30567177,0.04463196,0.60263730,-0.09117126,3.31047149,-1.50182994,-2.30566737,0.04425049,0.60225864,-0.09117126,-2.97307904,-1.50488169,-2.30567177,0.04386902,0.60263730,-0.09002686,-0.00488281,0.00000000,0.00488281,-0.02929688,-0.00000000,-0.01464844,0.41999817,1.42063730,1.60827637,-0.78125000
10.04161310,3515,-2.97269757,-1.55218394,-2.30567177,0.04463196,0.60263730,-0.09117126,3.31048241,-1.50182994,-2.30567033,0.04425049,0.60225675,-0.09117126,-2.97307904,-1.50450022,-2.30567177,0.04386902,0.60263730,-0.09002686,-0.00488281,0.00000000,-0.00000000,-0.01464844,0.01464844,-0.01464844,0.41961670,1.42035745,1.59835815,-0.92773438
10.05619168,3520,-2.97269757,-1.55218394,-2.30567177,0.04463196,0.60263730,-0.09117126,3.31048599,-1.50182994,-2.30563224,0.04425049,0.60225613,-0.09117126,-2.97307904,-1.50450022,-2.30567177,0.04386902,0.60263730,-0.09040833,-0.00976562,-0.00488281,0.00488281,-0.01464844,0.01464844,-0.02929688,0.41847229,1.41942322,1.58462524,-0.87890625
10.07029986,3525,-2.97269757,-1.55218394,-2.30567177,0.04463196,0.60263730,-0.09117126,3.31048716,-1.50182994,-2.30565882,0.04425049,0.60225593,-0.09117126,-2.97307904,-1.50450022,-2.30567177,0.04386902,0.60263730,-0.09040833,-0.00976562,0.00488281,0.00488281,0.00000000,-0.00000000,-0.02929688,0.41313171,1.41389394,1.57546997,-0.73242188
10.08308649,3530,-2.97269757,-1.55218394,-2.30567177,0.04501343,0.60263730,-0.09117126,3.31048755,-1.50182994,-2.30566753,0.04435803,0.60225586,-0.09117126,-2.97307904,-1.50450022,-2.30567177,0.04386902,0.60263730,-0.09040833,-0.00488281,0.00000000,0.00488281,-0.01464844,0.01464844,0.00000000,0.40817261,1.40384554,1.56440735,-0.87890625
10.09567714,3535,-2.97269757,-1.55218394,-2.30567177,0.04463196,0.60263730,-0.09117126,3.31048767,-1.50182994,-2.30567038,0.04428573,0.60225584,-0.09117126,-2.97307904,-1.50450022,-2.30567177,0.04386902,0.60263730,-0.09040833,-0.00488281,0.00000000,0.00488281,-0.02929688,0.01464844,-0.02929688,0.40359497,1.39532436,1.55296326,-0.97656250
10.10950446,3540,-2.97269757,-1.55218394,-2.30529030,0.04501343,0.60263730,-0.09117126,3.31048772,-1.50182994,-2.30556377,0.04438716,0.60225583,-0.09117126,-2.97307904,-1.50450022,-2.30567177,0.04386902,0.60263730,-0.09040833,-0.00488281,0.00000000,-0.00000000,-0.01464844,0.01464844,0.00000000,0.39863586,1.38485905,1.54495239,-0.61035156
10.12284112,3545,-2.97269757,-1.55218394,-2.30567177,0.04501343,0.60263730,-0.09117126,3.31048773,-1.50182994,-2.30563638,0.04448143,0.60225583,-0.09117126,-2.97307904,-1.50450022,-2.30567177,0.04386902,0.60263730,-0.09040833,0.00000000,-0.00488281,0.00488281,0.00000000,0.01464844,-0.01464844,0.39863586,1.38015926,1.53198242,-0.97656250
10.13610387,3550,-2.97269757,-1.55218394,-2.30567177,0.04463196,0.60263730,-0.09117126,3.31048773,-1.50182994,-2.30566017,0.04442626,0.60225583,-0.09117126,-2.97307904,-1.50450022,-2.30567177,0.04386902,0.60263730,-0.09040833,0.00000000,0.00000000,0.00488281,-0.01464844,-0.00000000,-0.02929688,0.39863586,1.37861924,1.51939392,-0.97656250
10.15145946,3555,-2.97269757,-1.55218394,-2.30567177,0.04501343,0.60263730,-0.09117126,3.31048773,-1.50182994,-2.30566797,0.04447227,0.60225583,-0.09117126,-2.97307904,-1.50450022,-2.30567177,0.04386902,0.60263730,-0.09040833,0.00000000,-0.00488281,0.00488281,-0.01464844,-0.00000000,-0.01464844,0.39825439,1.37796202,1.51214600,-0.36621094
10.16801763,3560,-2.97269757,-1.55218394,-2.30567177,0.04463196,0.60263730,-0.09117126,3.31048774,-1.50182994,-2.30558264,0.04432316,0.60225583,-0.09117126,-2.97346051,-1.50411875,-2.30567177,0.04386902,0.60263730,-0.09040833,-0.00488281,0.00000000,0.00976562,-0.01464844,-0.00000000,-0.01464844,0.39901733,1.37805183,1.50260925,-0.58593750
10.18372726,3565,-2.97269757,-1.55218394,-2.30567177,0.04463196,0.60263730,-0.09117126,3.31048774,-1.50182994,-2.30564256,0.04427430,0.60225583,-0.09117126,-2.97307904,-1.50411875,-2.30567177,0.04386902,0.60263730,-0.09078979,0.00000000,-0.00488281,0.00976562,-0.01464844,0.02929688,-0.01464844,0.39863586,1.37792868,1.49116516,-0.97656250
10.19641685,3570,-2.97269757,-1.55218394,-2.30567177,0.04463196,0.60263730,-0.09117126,3.31048774,-1.50182994,-2.30566220,0.04425829,0.60225583,-0.09117126,-2.97307904,-1.50411875,-2.30567177,0.04348755,0.60263730,-0.09078979,-0.00488281,0.00000000,0.00488281,-0.01464844,0.02929688,-0.01464844,0.39825439,1.37773573,1.47895813,-1.00097656
10.21203446,3575,-2.97269757,-1.55218394,-2.30567177,0.04463196,0.60263730,-0.09117126,3.31048774,-1.50182994,-2.30566864,0.04425305,0.60225583,-0.09117126,-2.97307904,-1.50411875,-2.30567177,0.04386902,0.60263730,-0.09078979,0.00000000,0.00000000,0.00488281,0.00000000,0.01464844,-0.02929688,0.39710999,1.37663467,1.46560669,-0.90332031
10.22565365,3580,-2.97269757,-1.55218394,-2.30567177,0.04463196,0.60263730,-0.09117126,3.31048774,-1.50182994,-2.30563168,0.04425133,0.60225583,-0.09117126,-2.97307904,-1.50411875,-2.30567177,0.04386902,0.60263730,-0.09078979,-0.00488281,0.00000000,0.00976562,0.00000000,0.01464844,-0.01464844,0.39291382,1.37073994,1.45568848,-0.65917969
10.23872304,3585,-2.97269757,-1.55218394,-2.30567177,0.04463196,0.60263730,-0.09117126,3.31048774,-1.50182994,-2.30565863,0.04425076,0.60225583,-0.09117126,-2.97307904,-1.50411875,-2.30567177,0.04386902,0.60263730,-0.09078979,-0.00976562,0.00000000,-0.00000000,-0.02929688,0.01464844,-0.01464844,0.39215088,1.36719165,1.44729614,-0.68359375
10.25583553,3590,-2.97269757,-1.55218394,-2.30567177,0.04463196,0.60263730,-0.09117126,3.31048774,-1.50182994,-2.30566747,0.04425058,0.60225583,-0.09117126,-2.97307904,-1.50411875,-2.30567177,0.04386902,0.60263730,-0.09078979,-0.00488281,0.00488281,0.00488281,-0.01464844,0.01464844,-0.02929688,0.38871765,1.36201406,1.44004822,-0.61035156
10.26959634,3595,-2.97269757,-1.55218394,-2.30567177,0.04463196,0.60263730,-0.09117126,3.31048774,-1.50182994,-2.30567036,0.04425052,0.60225583,-0.09117126,-2.97307904,-1.50373728,-2.30567177,0.04348755,0.60263730,-0.09078979,-0.00488281,-0.00488281,0.00488281,-0.01464844,0.02929688,-0.01464844,0.38871765,1.35933699,1.43165588,-0.56152344
10.28461504,3600,-2.97269757,-1.55218394,-2.30567177,0.04463196,0.60263730,-0.09117126,3.31048774,-1.50182994,-2.30567131,0.04425050,0.60225583,-0.09117126,-2.97307904,-1.50373728,-2.30567177,0.04386902,0.60263730,-0.09078979,-0.00488281,-0.00488281,0.00488281,-0.01464844,0.02929688,-0.02929688,0.38833618,1.35820953,1.42555237,-0.21972656
10.29678154,3605,-2.97269757,-1.55218394,-2.30567177,0.04463196,0.60263730,-0.09117126,3.31048774,-1.50182994,-2.30567162,0.04425049,0.60225583,-0.09121033,-2.97307904,-1.50373728,-2.30567177,0.04386902,0.60263730,-0.09078979,-0.00488281,-0.00488281,0.00488281,-0.01464844,0.01464844,-0.01464844,0.38795471,1.35720507,1.42059326,-0.53710938
10.31313229,3610,-2.97269757,-1.55218394,-2.30567177,0.04501343,0.60263730,-0.09117126,3.31048774,-1.50182994,-2.30567172,0.04440686,0.60225583,-0.09118406,-2.97307904,-1.50373728,-2.30567177,0.04386902,0.60263730,-0.09117126,-0.00488281,0.00000000,0.00488281,-0.01464844,0.02929688,-0.02929688,0.38719177,1.35601021,1.41563416,-0.31738281
10.32951498,3615,-2.97269757,-1.55218394,-2.30567177,0.04463196,0.60263730,-0.09155273,3.31048774,-1.50182994,-2.30567176,0.04430173,0.60225583,-0.09125175,-2.97307904,-1.50373728,-2.30567177,0.04386902,0.60263730,-0.09117126,-0.00488281,0.00000000,0.00976562,-0.01464844,0.01464844,-0.02929688,0.38414001,1.35279055,1.40953064,-0.46386719
10.34147096,3620,-2.97269757,-1.55218394,-2.30567177,0.04501343,0.60263730,-0.09117126,3.31048774,-1.50182994,-2.30567177,0.04438264,0.60225583,-0.09125867,-2.97307904,-1.50373728,-2.30567177,0.04386902,0.60263730,-0.09117126,-0.00976562,-0.00488281,0.00488281,-0.01464844,0.01464844,-0.02929688,0.38414001,1.35015936,1.40762329,-0.19531250
10.35730863,3625,-2.97269757,-1.55218394,-2.30567177,0.04463196,0.60263730,-0.09155273,3.31048774,-1.50182994,-2.30567177,0.04433285,0.60225583,-0.09145638,-2.97307904,-1.50373728,-2.30567177,0.04386902,0.60263730,-0.09117126,0.00000000,-0.00488281,-0.00000000,0.00000000,-0.00000000,0.01464844,0.38414001,1.34929717,1.40495300,-0.14648438
10.37202239,3630,-2.97269757,-1.55218394,-2.30567177,0.04463196,0.60263730,-0.09155273,3.31048774,-1.50182994,-2.30567177,0.04427748,0.60225583,-0.09152116,-2.97307904,-1.50373728,-2.30567177,0.04386902,0.60263730,-0.09117126,-0.00488281,-0.00488281,0.00488281,-0.01464844,0.02929688,-0.01464844,0.38414001,1.34889258,1.40266418,-0.21972656
10.38628435,3635,-2.97269757,-1.55218394,-2.30567177,0.04463196,0.60263730,-0.09155273,3.31048774,-1.50182994,-2.30567177,0.04425933,0.60225583,-0.09154239,-2.97307904,-1.50373728,-2.30567177,0.04386902,0.60263730,-0.09117126,-0.00488281,-0.00488281,0.00488281,-0.01464844,-0.00000000,-0.01464844,0.38375854,1.34849120,1.39846802,-0.21972656
10.40297222,3640,-2.97269757,-1.55218394,-2.30567177,0.04463196,0.60263730,-0.09155273,3.31048774,-1.50182994,-2.30567177,0.04425339,0.60225583,-0.09154934,-2.97307904,-1.50373728,-2.30567177,0.04348755,0.60263730,-0.09117126,-0.00488281,-0.00488281,0.00488281,-0.01464844,-0.00000000,-0.01464844,0.38375854,1.34823761,1.39617920,-0.21972656
10.41732144,3645,-2.97269757,-1.55218394,-2.30567177,0.04463196,0.60263730,-0.09155273,3.31048774,-1.50182994,-2.30567177,0.04429050,0.60225583,-0.09155162,-2.97307904,-1.50373728,-2.30567177,0.04386902,0.60263730,-0.09117126,-0.00488281,-0.00488281,0.00488281,0.00000000,0.01464844,-0.02929688,0.38375854,1.34815451,1.39427185,-0.07324219
10.43302488,3650,-2.97269757,-1.55218394,-2.30567177,0.04463196,0.60263730,-0.09155273,3.31048774,-1.50182994,-2.30567177,0.04434368,0.60225583,-0.09155237,-2.97307904,-1.50373728,-2.30567177,0.04386902,0.60263730,-0.09117126,0.00000000,-0.00976562,-0.00000000,0.00000000,0.02929688,-0.02929688,0.38375854,1.34812728,1.39274597,-0.14648438
10.44664335,3655,-2.97269757,-1.55218394,-2.30567177,0.04501343,0.60263730,-0.09155273,3.31048774,-1.50182994,-2.30567177,0.04444521,0.60225583,-0.09155262,-2.97307904,-1.50373728,-2.30567177,0.04348755,0.60263730,-0.09117126,-0.00488281,-0.00488281,-0.00000000,-0.01464844,0.01464844,-0.02929688,0.38375854,1.34811836,1.38969421,-0.29296875
10.46088529,3660,-2.97269757,-1.55218394,-2.30567177,0.04501343,0.60263730,-0.09155273,3.31048774,-1.50182994,-2.30567177,0.04448287,0.60225583,-0.09155270,-2.97307904,-1.50373728,-2.30567177,0.04386902,0.60263730,-0.09155273,-0.00976562,0.00000000,0.00488281,-0.01464844,-0.00000000,-0.02929688,0.38375854,1.34811544,1.38854980,-0.09765625
10.47701049,3665,-2.97269757,-1.55218394,-2.30567177,0.04463196,0.60263730,-0.09155273,3.31048774,-1.50182994,-2.30567177,0.04443650,0.60225583,-0.09155272,-2.97307904,-1.50373728,-2.30567177,0.04386902,0.60263730,-0.09155273,0.00000000,0.00488281,0.00488281,-0.01464844,-0.00000000,-0.04394531,0.38375854,1.34829905,1.38702393,-0.12207031
10.49095416,3670,-2.97269757,-1.55218394,-2.30567177,0.04463196,0.60263730,-0.09155273,3.31048774,-1.50182994,-2.30567177,0.04441154,0.60225583,-0.09155273,-2.97307904,-1.50373728,-2.30567177,0.04386902,0.60263730,-0.09231567,-0.00976562,0.00000000,0.00488281,-0.02929688,0.02929688,-0.05859375,0.38375854,1.34853500,1.38473511,-0.21972656
10.50500035,3675,-2.97269757,-1.55218394,-2.30567177,0.04501343,0.60263730,-0.09155273,3.31048774,-1.50182994,-2.30567177,0.04452848,0.60225583,-0.09155273,-2.97307904,-1.50335581,-2.30567177,0.04348755,0.60263730,-0.09498596,-0.00488281,0.00000000,0.00488281,-0.02929688,0.02929688,-0.13183594,0.38375854,1.34825196,1.38359070,-0.09765625
10.51879287,3680,-2.97269757,-1.55218394,-2.30567177,0.04501343,0.60263730,-0.09155273,3.31048774,-1.50182994,-2.30567177,0.04459805,0.60225583,-0.09155273,-2.97307904,-1.50335581,-2.30567177,0.04348755,0.60263730,-0.09460449,-0.00488281,0.00000000,0.00488281,0.00000000,0.01464844,0.01464844,0.38414001,1.34853153,1.38282776,-0.04882812
10.53444624,3685,-2.97269757,-1.55218394,-2.30567177,0.04501343,0.60263730,-0.09155273,3.31048774,-1.50182994,-2.30567177,0.04462085,0.60225583,-0.09155273,-2.97307904,-1.50335581,-2.30567177,0.04386902,0.60263730,-0.09460449,-0.00488281,0.00000000,0.00488281,0.00000000,0.01464844,0.00000000,0.38414001,1.34858798,1.38053894,-0.21972656
10.54991865,3690,-2.97269757,-1.55218394,-2.30567177,0.04501343,0.60263730,-0.09155273,3.31048774,-1.50182994,-2.30567177,0.04462832,0.60225583,-0.09155273,-2.97307904,-1.50335581,-2.30567177,0.04386902,0.60263730,-0.09460449,-0.00488281,0.00000000,0.00488281,-0.01464844,0.02929688,-0.01464844,0.38414001,1.34878226,1.37863159,-0.07324219
10.56327581,3695,-2.97269757,-1.55218394,-2.30567177,0.04501343,0.60263730,-0.09193420,3.31048774,-1.50182994,-2.30567177,0.04463076,0.60225583,-0.09180920,-2.97307904,-1.50335581,-2.30567177,0.04386902,0.60263730,-0.09460449,-0.00488281,0.00000000,0.00488281,-0.01464844,0.01464844,-0.01464844,0.38414001,1.34874827,1.37786865,-0.07324219
10.57843256,3700,-2.97269757,-1.55218394,-2.30567177,0.04501343,0.60263730,-0.09307861,3.31048774,-1.50182994,-2.30567177,0.04463157,0.60225583,-0.09238091,-2.97307904,-1.50335581,-2.30567177,0.04386902,0.60263730,-0.09460449,-0.00976562,-0.00488281,0.00488281,0.00000000,-0.00000000,0.00000000,0.38414001,1.34883479,1.37710571,-0.09765625
10.59058332,3705,-2.97269757,-1.55218394,-2.30567177,0.04501343,0.60263730,-0.09460449,3.31048774,-1.50182994,-2.30567177,0.04463183,0.60225583,-0.09341396,-2.97307904,-1.50335581,-2.30567177,0.04386902,0.60263730,-0.09460449,-0.00488281,-0.00488281,0.00488281,0.00000000,0.02929688,-0.01464844,0.38414001,1.34886314,1.37634277,-0.09765625
10.60548186,3710,-2.97231610,-1.55218394,-2.30567177,0.04501343,0.60263730,-0.09574890,3.31056403,-1.50182994,-2.30567177,0.04463192,0.60225583,-0.09466299,-2.97307904,-1.50335581,-2.30567177,0.04386902,0.60263730,-0.09460449,-0.00976562,-0.00488281,0.00488281,0.00000000,0.02929688,-0.01464844,0.38414001,1.34899450,1.37481689,-0.09765625
10.61997581,3715,-2.97231610,-1.55218394,-2.30567177,0.04501343,0.60263730,-0.09574890,3.31076920,-1.50182994,-2.30567177,0.04463194,0.60225583,-0.09545410,-2.97307904,-1.50335581,-2.30567177,0.04386902,0.60263730,-0.09460449,-0.00488281,-0.00488281,0.00488281,-0.02929688,0.01464844,-0.02929688,0.38414001,1.34901313,1.37405396,-0.09765625
10.63266325,3720,-2.97193463,-1.55218394,-2.30567177,0.04501343,0.60263730,-0.09613037,3.31106166,-1.50182994,-2.30567177,0.04463195,0.60225583,-0.09590877,-2.97307904,-1.50335581,-2.30567177,0.04386902,0.60263730,-0.09460449,-0.00488281,-0.00488281,-0.00000000,-0.01464844,0.01464844,0.00000000,0.38452148,1.34919623,1.37367249,-0.07324219
10.64684725,3725,-2.97117169,-1.55218394,-2.30567177,0.04501343,0.60263730,-0.09651184,3.31158254,-1.50182994,-2.30567177,0.04463196,0.60225583,-0.09624391,-2.97307904,-1.50335581,-2.30567177,0.04386902,0.60301877,-0.09460449,-0.00488281,-0.00488281,-0.00000000,0.00000000,0.02929688,-0.01464844,0.38452148,1.34949451,1.37290955,-0.07324219
10.65917659,3730,-2.97079022,-1.55218394,-2.30567177,0.04501343,0.60263730,-0.09765625,3.31212883,-1.50182994,-2.30567177,0.04463196,0.60225583,-0.09694297,-2.97307904,-1.50335581,-2.30567177,0.04386902,0.60263730,-0.09460449,-0.00488281,-0.00488281,-0.00000000,0.00000000,0.02929688,0.00000000,0.38452148,1.34959225,1.37214661,-0.04882812
10.67295885,3735,-2.97040875,-1.55218394,-2.30567177,0.04501343,0.60263730,-0.09841919,3.31249399,-1.50182994,-2.30567177,0.04463196,0.60225583,-0.09772404,-2.97307904,-1.50335581,-2.30567177,0.04348755,0.60263730,-0.09460449,-0.00488281,0.00000000,0.00488281,-0.01464844,0.02929688,-0.01464844,0.38452148,1.34954616,1.37176514,-0.09765625
10.68877506,3740,-2.97002728,-1.55256541,-2.30567177,0.04501343,0.60263730,-0.09841919,3.31287012,-1.50201609,-2.30567177,0.04463196,0.60225583,-0.09819140,-2.97307904,-1.50335581,-2.30567177,0.04348755,0.60263730,-0.09460449,-0.00488281,-0.00488281,0.00488281,-0.01464844,0.01464844,-0.01464844,0.38452148,1.34960918,1.37023926,-0.12207031
10.70160484,3745,-2.96964581,-1.55256541,-2.30567177,0.04501343,0.60263730,-0.09841919,3.31328890,-1.50214741,-2.30567177,0.04463196,0.60225583,-0.09834455,-2.97307904,-1.50335581,-2.30567177,0.04386902,0.60263730,-0.09460449,-0.00488281,-0.00488281,0.00976562,0.00000000,-0.00000000,0.00000000,0.38490295,1.34998261,1.36833191,-0.07324219
10.71516252,3750,-2.96850140,-1.55294688,-2.30605324,0.04501343,0.60263730,-0.09841919,3.31401536,-1.50226673,-2.30585793,0.04463196,0.60225583,-0.09839473,-2.97307904,-1.50335581,-2.30567177,0.04348755,0.60263730,-0.09460449,-0.00488281,-0.00488281,0.00488281,-0.01464844,-0.00000000,-0.01464844,0.38490295,1.35026513,1.36833191,-0.07324219
10.72644210,3755,-2.96773847,-1.55332835,-2.30605324,0.04501343,0.60263730,-0.09841919,3.31472729,-1.50262333,-2.30598924,0.04463196,0.60225583,-0.09841117,-2.97307904,-1.50335581,-2.30567177,0.04386902,0.60301877,-0.09460449,-0.00488281,-0.00488281,0.00488281,-0.01464844,0.02929688,0.00000000,0.38528442,1.35087065,1.36795044,-0.04882812
10.74004793,3760,-2.96697553,-1.55409129,-2.30681618,0.04501343,0.60263730,-0.09841919,3.31557361,-1.50316084,-2.30633378,0.04463196,0.60225583,-0.09841656,-2.97307904,-1.50335581,-2.30567177,0.04386902,0.60263730,-0.09460449,0.00000000,-0.00488281,0.00488281,-0.01464844,0.01464844,-0.01464844,0.38528442,1.35106907,1.36756897,-0.04882812
10.75560713,3765,-2.96621259,-1.55409129,-2.30681618,0.04501343,0.60263730,-0.09841919,3.31644395,-1.50354840,-2.30665811,0.04463196,0.60225583,-0.09841833,-2.97307904,-1.50335581,-2.30567177,0.04386902,0.60263730,-0.09460449,-0.00488281,-0.00976562,0.00488281,-0.02929688,-0.00000000,-0.01464844,0.38528442,1.35113408,1.36756897,-0.02441406
10.76875710,3770,-2.96544965,-1.55447276,-2.30681618,0.04501343,0.60263730,-0.09841919,3.31719325,-1.50390061,-2.30676438,0.04463196,0.60225583,-0.09841891,-2.97307904,-1.50335581,-2.30567177,0.04386902,0.60263730,-0.09460449,0.00000000,-0.00488281,0.00488281,-0.01464844,0.01464844,-0.02929688,0.38604736,1.35182092,1.36680603,-0.04882812
10.78338933,3775,-2.96468671,-1.55523570,-2.30719765,0.04501343,0.60263730,-0.09841919,3.31795172,-1.50438004,-2.30698536,0.04463196,0.60225583,-0.09841910,-2.97307904,-1.50335581,-2.30567177,0.04386902,0.60263730,-0.09498596,0.00488281,-0.00976562,0.00976562,0.00000000,-0.00000000,-0.02929688,0.38833618,1.35396150,1.36680603,-0.04882812
10.79917407,3780,-2.96354230,-1.55676158,-2.30681618,0.04501343,0.60263730,-0.09841919,3.31893842,-1.50546145,-2.30697172,0.04463196,0.60225583,-0.09841916,-2.97269757,-1.50335581,-2.30567177,0.04386902,0.60263730,-0.09498596,0.00488281,-0.00488281,0.00976562,-0.01464844,0.04394531,-0.01464844,0.38948059,1.35802206,1.36642456,-0.04882812
10.81211877,3785,-2.96239789,-1.55714305,-2.30719765,0.04539490,0.60263730,-0.09841919,3.31999208,-1.50617384,-2.30697469,0.04485718,0.60225583,-0.09841918,-2.97269757,-1.50335581,-2.30567177,0.04386902,0.60263730,-0.09498596,0.00488281,-0.00488281,0.00488281,0.00000000,0.01464844,-0.02929688,0.38986206,1.35926986,1.36642456,-0.02441406
10.82734561,3790,-2.96049054,-1.55828746,-2.30719765,0.04539490,0.60263730,-0.09803772,3.32153962,-1.50708733,-2.30712459,0.04496223,0.60225583,-0.09828186,-2.97269757,-1.50335581,-2.30567177,0.04386902,0.60263730,-0.09498596,0.00488281,-0.00488281,0.00488281,0.00000000,0.01464844,-0.02929688,0.38948059,1.35970194,1.36604309,-0.07324219
10.83901882,3795,-2.95934613,-1.55905040,-2.30719765,0.04539490,0.60263730,-0.09841919,3.32293527,-1.50809882,-2.30717371,0.04493562,0.60225583,-0.09831315,-2.97269757,-1.50335581,-2.30567177,0.04386902,0.60263730,-0.09536743,0.00000000,-0.00488281,0.00488281,0.00000000,-0.00000000,-0.02929688,0.38948059,1.35996559,1.36604309,-0.02441406
10.85428071,3800,-2.95820172,-1.56019480,-2.30757912,0.04539490,0.60301877,-0.09803772,3.32412294,-1.50908054,-2.30744628,0.04498793,0.60248105,-0.09812797,-2.97231610,-1.50335581,-2.30567177,0.04386902,0.60263730,-0.09536743,-0.00488281,-0.00488281,-0.00000000,0.00000000,0.01464844,-0.04394531,0.38986206,1.36002879,1.36566162,-0.02441406
10.86838150,3805,-2.95705731,-1.56133921,-2.30796059,0.04577637,0.60378171,-0.09803772,3.32518924,-1.51021070,-2.30776081,0.04508137,0.60297990,-0.09810636,-2.97231610,-1.50335581,-2.30567177,0.04386902,0.60263730,-0.09574890,0.00000000,-0.00488281,0.00488281,-0.01464844,-0.00000000,-0.04394531,0.38948059,1.35983441,1.36528015,-0.04882812
10.88497829,3810,-2.95514996,-1.56324656,-2.30834206,0.04577637,0.60530758,-0.09803772,3.32667060,-1.51170078,-2.30797142,0.04529216,0.60395781,-0.09806021,-2.97231610,-1.50335581,-2.30567177,0.04386902,0.60263730,-0.09613037,0.00976562,-0.00488281,0.00488281,0.00000000,0.01464844,-0.02929688,0.38948059,1.35972677,1.36528015,-0.09765625
10.89855194,3815,-2.95286115,-1.56515391,-2.30872353,0.04539490,0.60645199,-0.09803772,3.32862452,-1.51335226,-2.30835794,0.04522390,0.60509649,-0.09804509,-2.97193463,-1.50335581,-2.30567177,0.04386902,0.60301877,-0.09613037,0.00976562,-0.00488281,0.00488281,-0.02929688,0.02929688,-0.04394531,0.38948059,1.35978915,1.36489868,-0.02441406
10.91181135,3820,-2.95171674,-1.56629832,-2.30872353,0.04539490,0.60721493,-0.09803772,3.33031593,-1.51481321,-2.30860373,0.04511365,0.60611390,-0.09804013,-2.97155316,-1.50335581,-2.30567177,0.04386902,0.60301877,-0.09689331,0.00976562,0.00000000,0.00488281,-0.01464844,0.02929688,-0.04394531,0.38986206,1.35978640,1.36451721,-0.07324219
10.92666674,3825,-2.95057233,-1.56820567,-2.30872353,0.04577637,0.60835934,-0.09803772,3.33170989,-1.51645515,-2.30868427,0.04517139,0.60714638,-0.09803851,-2.97155316,-1.50335581,-2.30567177,0.04386902,0.60301877,-0.09727478,0.00976562,-0.00488281,0.00488281,-0.01464844,0.01464844,-0.04394531,0.38948059,1.35979307,1.36451721,-0.02441406
10.94108891,3830,-2.94904645,-1.57087596,-2.30872353,0.04577637,0.60950375,-0.09803772,3.33301237,-1.51868690,-2.30871067,0.04532166,0.60825412,-0.09803798,-2.97117169,-1.50335581,-2.30567177,0.04386902,0.60301877,-0.09727478,0.02441406,-0.00488281,0.00976562,-0.01464844,0.02929688,-0.02929688,0.38948059,1.35963510,1.36451721,-0.04882812
10.95481515,3835,-2.94752057,-1.57278331,-2.30872353,0.04577637,0.61102963,-0.09803772,3.33452608,-1.52084117,-2.30871931,0.04537090,0.60953311,-0.09803780,-2.97040875,-1.50335581,-2.30567177,0.04386902,0.60301877,-0.09727478,0.04394531,-0.00976562,0.00976562,-0.01464844,0.01464844,-0.01464844,0.38948059,1.35940755,1.36413574,-0.04882812
10.96907711,3840,-2.94599469,-1.57469065,-2.30872353,0.04539490,0.61217404,-0.09803772,3.33601818,-1.52268051,-2.30872215,0.04527949,0.61075287,-0.09803775,-2.97002728,-1.50335581,-2.30567177,0.04386902,0.60301877,-0.09765625,0.02441406,-0.00976562,0.00488281,-0.01464844,0.01464844,-0.02929688,0.38948059,1.35950877,1.36375427,-0.04882812
10.98160672,3845,-2.94485028,-1.57697947,-2.30872353,0.04539490,0.61408139,-0.09803772,3.33742545,-1.52490066,-2.30872308,0.04510061,0.61242124,-0.09803773,-2.96964581,-1.50335581,-2.30567177,0.04386902,0.60301877,-0.09765625,0.02441406,-0.00976562,0.00488281,0.00000000,0.02929688,-0.01464844,0.38948059,1.35954194,1.36375427,-0.02441406
10.99659777,3850,-2.94408734,-1.57964976,-2.30872353,0.04577637,0.61637021,-0.09803772,3.33847960,-1.52724327,-2.30872338,0.04514954,0.61423869,-0.09803772,-2.96926434,-1.50373728,-2.30567177,0.04386902,0.60301877,-0.09765625,0.01953125,-0.01464844,0.00488281,-0.01464844,0.01464844,-0.02929688,0.38948059,1.35955281,1.36375427,0.00000000
11.00989056,3855,-2.94294293,-1.58155711,-2.30872353,0.04577637,0.61865902,-0.09803772,3.33945332,-1.52965359,-2.30872348,0.04531450,0.61663183,-0.09803772,-2.96888287,-1.50373728,-2.30567177,0.04386902,0.60340024,-0.09765625,0.02929688,-0.01953125,0.00488281,-0.01464844,0.01464844,-0.02929688,0.38948059,1.35955637,1.36337280,-0.04882812
11.02283931,3860,-2.94179852,-1.58384593,-2.30872353,0.04539490,0.62171078,-0.09803772,3.34047149,-1.53183330,-2.30872351,0.04519216,0.61913868,-0.09803772,-2.96850140,-1.50411875,-2.30567177,0.04386902,0.60340024,-0.09765625,0.02441406,-0.03417969,0.00488281,-0.01464844,0.04394531,-0.02929688,0.38948059,1.35955754,1.36299133,-0.04882812
11.03353858,3865,-2.94065411,-1.58613475,-2.30872353,0.04577637,0.62323666,-0.09803772,3.34152570,-1.53405512,-2.30872352,0.04529721,0.62130680,-0.09803772,-2.96811994,-1.50450022,-2.30567177,0.04386902,0.60416318,-0.09765625,0.03417969,-0.02441406,0.00488281,-0.01464844,0.04394531,-0.01464844,0.38948059,1.35955792,1.36299133,-0.04882812
11.04518771,3870,-2.93989118,-1.58842356,-2.30872353,0.04577637,0.62552548,-0.09803772,3.34256426,-1.53646309,-2.30872353,0.04532383,0.62341544,-0.09803772,-2.96773847,-1.50488169,-2.30567177,0.04386902,0.60492611,-0.09765625,0.00976562,-0.03417969,-0.00000000,-0.01464844,0.11718750,-0.01464844,0.38948059,1.35949554,1.36299133,-0.02441406
11.06271410,3875,-2.93874677,-1.59147532,-2.30872353,0.04577637,0.63010312,-0.09765625,3.34357389,-1.53888251,-2.30872353,0.04537161,0.62654195,-0.09796143,-2.96735700,-1.50526316,-2.30567177,0.04386902,0.60645199,-0.09765625,0.02929688,-0.03906250,-0.00000000,0.00000000,0.02929688,-0.01464844,0.38948059,1.35945948,1.36299133,-0.02441406
11.07863045,3880,-2.93798383,-1.59452708,-2.30872353,0.04577637,0.63315487,-0.09765625,3.34445673,-1.54160792,-2.30872353,0.04535602,0.62985111,-0.09779531,-2.96659406,-1.50602610,-2.30567177,0.04425049,0.60797787,-0.09765625,0.02929688,-0.05859375,-0.00000000,-0.01464844,0.11718750,-0.01464844,0.38948059,1.35952579,1.36260986,-0.04882812
11.09154081,3885,-2.93760236,-1.59643443,-2.30872353,0.04577637,0.63506222,-0.09765625,3.34509477,-1.54416517,-2.30872353,0.04538216,0.63279739,-0.09770182,-2.96583112,-1.50678904,-2.30567177,0.04425049,0.61141110,-0.09765625,0.04394531,-0.05859375,0.00488281,-0.01464844,0.29296875,-0.01464844,0.38948059,1.35937173,1.36260986,-0.04882812
11.10511923,3890,-2.93722089,-1.59872325,-2.30872353,0.04577637,0.63735104,-0.09765625,3.34560914,-1.54648921,-2.30872353,0.04539072,0.63513905,-0.09773222,-2.96583112,-1.50755198,-2.30567177,0.04425049,0.61408139,-0.09765625,0.01953125,-0.05371094,0.00488281,-0.01464844,0.23437500,0.00000000,0.38948059,1.35949704,1.36260986,-0.02441406
11.11958575,3895,-2.93531354,-1.60215647,-2.30872353,0.04577637,0.64078427,-0.09765625,3.34684861,-1.54944130,-2.30872353,0.04539353,0.63798755,-0.09768114,-2.96506818,-1.50831492,-2.30567177,0.04425049,0.61522580,-0.09765625,0.03906250,-0.07812500,0.00488281,-0.01464844,0.13183594,-0.02929688,0.38948059,1.35953809,1.36222839,-0.04882812
11.13417435,3900,-2.93416913,-1.60368235,-2.30872353,0.04577637,0.64192868,-0.09765625,3.34811646,-1.55174605,-2.30872353,0.04539445,0.64019132,-0.09770347,-2.96468671,-1.50945933,-2.30567177,0.04425049,0.61675168,-0.09765625,0.02441406,-0.05859375,0.00488281,0.00000000,0.11718750,0.00000000,0.38948059,1.35955155,1.36222839,-0.02441406
11.14756417,3905,-2.93302472,-1.60597117,-2.30872353,0.04577637,0.64459897,-0.09765625,3.34930131,-1.55402641,-2.30872353,0.04539475,0.64246607,-0.09772055,-2.96392377,-1.51022227,-2.30567177,0.04425049,0.61789609,-0.09765625,0.04882812,-0.07812500,0.00976562,0.00000000,0.13183594,0.00000000,0.38948059,1.35955596,1.36222839,-0.04882812
11.16394138,3910,-2.93226178,-1.60787852,-2.30872353,0.04577637,0.64765072,-0.09765625,3.35024157,-1.55607748,-2.30872353,0.04539485,0.64506400,-0.09767732,-2.96316083,-1.51098521,-2.30567177,0.04425049,0.61865902,-0.09765625,0.03417969,-0.06835938,0.00488281,-0.01464844,0.02929688,0.00000000,0.38948059,1.35955740,1.36184692,-0.04882812
11.17538071,3915,-2.93149884,-1.61016734,-2.30872353,0.04577637,0.64993954,-0.09765625,3.35109386,-1.55815704,-2.30872353,0.04539488,0.64765333,-0.09766315,-2.96277936,-1.51136668,-2.30567177,0.04425049,0.61904049,-0.09765625,0.01464844,-0.04882812,0.00488281,-0.02929688,0.05859375,0.00000000,0.38986206,1.35983253,1.36184692,-0.04882812
11.19257259,3920,-2.93035443,-1.61207469,-2.30872353,0.04577637,0.65184689,-0.09765625,3.35197995,-1.56030100,-2.30872353,0.04539489,0.64987643,-0.09765851,-2.96201642,-1.51289256,-2.30567177,0.04463196,0.62132931,-0.09765625,0.03906250,-0.07812500,-0.00000000,0.00000000,0.16113281,0.00000000,0.38986206,1.36016097,1.36184692,-0.02441406
11.20684409,3925,-2.92882855,-1.61360057,-2.30872353,0.04577637,0.65337277,-0.09765625,3.35326933,-1.56202159,-2.30872353,0.04539490,0.65178117,-0.09765699,-2.96125348,-1.51365550,-2.30567177,0.04425049,0.62247372,-0.09803772,0.05371094,-0.06347656,0.00488281,-0.01464844,0.10253906,-0.02929688,0.38986206,1.36026859,1.36184692,-0.04882812
11.22223020,3930,-2.92730267,-1.61588938,-2.30872353,0.04577637,0.65528012,-0.09765625,3.35474457,-1.56392207,-2.30872353,0.04539490,0.65365641,-0.09765649,-2.96087201,-1.51479991,-2.30567177,0.04425049,0.62476254,-0.09765625,0.02929688,-0.06835938,0.00488281,0.00000000,0.14648438,-0.01464844,0.38986206,1.36042593,1.36184692,-0.02441406
11.23574758,3935,-2.92615827,-1.61703379,-2.30872353,0.04577637,0.65604306,-0.09765625,3.35612873,-1.56558669,-2.30872353,0.04539490,0.65488539,-0.09765633,-2.96010907,-1.51518138,-2.30567177,0.04463196,0.62628842,-0.09765625,0.04394531,-0.04882812,0.00488281,0.00000000,0.13183594,-0.01464844,0.38986206,1.36035541,1.36184692,-0.02441406
11.25104308,3940,-2.92539533,-1.61894114,-2.30872353,0.04577637,0.65756894,-0.09765625,3.35703420,-1.56715424,-2.30872353,0.04539490,0.65610256,-0.09765628,-2.95972760,-1.51632579,-2.30567177,0.04463196,0.62972165,-0.09803772,0.02929688,-0.07324219,0.00488281,0.01464844,0.27832031,-0.02929688,0.39024353,1.36054739,1.36146545,-0.02441406
11.26530623,3945,-2.92463239,-1.62046702,-2.30872353,0.04577637,0.65833188,-0.09765625,3.35784384,-1.56874261,-2.30872353,0.04539490,0.65713348,-0.09765626,-2.95896466,-1.51747019,-2.30567177,0.04463196,0.63277340,-0.09803772,0.02929688,-0.06347656,0.00488281,-0.02929688,0.20507812,-0.01464844,0.38986206,1.36045772,1.36146545,-0.02441406
11.27918816,3950,-2.92386945,-1.62161143,-2.30872353,0.04577637,0.65909482,-0.09765625,3.35864406,-1.57016384,-2.30872353,0.04539490,0.65807651,-0.09765625,-2.95858319,-1.51823313,-2.30567177,0.04463196,0.63429928,-0.09765625,0.03906250,-0.07324219,0.00488281,-0.01464844,0.14648438,0.00000000,0.38986206,1.36036583,1.36146545,-0.02441406
11.29208660,3955,-2.92234357,-1.62237437,-2.30872353,0.04577637,0.65947629,-0.09727478,3.35985207,-1.57134171,-2.30872353,0.04539490,0.65876114,-0.09747009,-2.95820172,-1.51899607,-2.30567177,0.04463196,0.63735104,-0.09803772,0.02929688,-0.05859375,0.00488281,-0.02929688,0.30761719,0.00000000,0.38986206,1.36043338,1.36146545,0.00000000
11.30712652,3960,-2.92005475,-1.62428172,-2.30872353,0.04577637,0.65947629,-0.09689331,3.36163195,-1.57268726,-2.30872353,0.04539490,0.65898548,-0.09715262,-2.95705731,-1.52052195,-2.30567177,0.04463196,0.64154721,-0.09803772,0.03906250,-0.08300781,-0.00000000,-0.01464844,0.11718750,-0.02929688,0.39024353,1.36080829,1.36108398,-0.04882812
11.32163024,3965,-2.91891034,-1.62580760,-2.30872353,0.04577637,0.65947629,-0.09574890,3.36326828,-1.57422632,-2.30872353,0.04539490,0.65905899,-0.09653944,-2.95629437,-1.52128489,-2.30567177,0.04463196,0.64307309,-0.09803772,0.04394531,-0.09277344,-0.00000000,-0.01464844,0.07324219,-0.01464844,0.39024353,1.36099365,1.36146545,0.02441406
11.33474064,3970,-2.91776593,-1.62657054,-2.30872353,0.04577637,0.65985776,-0.09307861,3.36450308,-1.57541399,-2.30872353,0.04539490,0.65933955,-0.09483424,-2.95591290,-1.52281077,-2.30567177,0.04463196,0.64383603,-0.09803772,0.03906250,-0.07812500,0.00488281,-0.01464844,0.05859375,0.00000000,0.39024353,1.36105438,1.36108398,-0.02441406
11.34780312,3975,-2.91662152,-1.62733348,-2.30872353,0.04577637,0.66023922,-0.08964539,3.36555797,-1.57631610,-2.30872353,0.04539490,0.65968795,-0.09206491,-2.95514996,-1.52357371,-2.30567177,0.04463196,0.64421750,-0.09803772,0.05371094,-0.07812500,0.00488281,-0.02929688,0.01464844,-0.01464844,0.39024353,1.36107428,1.36108398,-0.02441406
11.36281824,3980,-2.91471417,-1.62847789,-2.30872353,0.04577637,0.66023922,-0.08773804,3.36711567,-1.57728102,-2.30872353,0.04539490,0.65980211,-0.08951768,-2.95438703,-1.52433665,-2.30567177,0.04463196,0.64383603,-0.09765625,0.02929688,-0.06835938,0.00488281,-0.02929688,-0.01464844,-0.01464844,0.39062500,1.36159375,1.36108398,0.00000000
11.37612367,3985,-2.91280682,-1.62924082,-2.30872353,0.04539490,0.66023922,-0.08506775,3.36893969,-1.57824149,-2.30872353,0.04531860,0.65983952,-0.08704592,-2.95400556,-1.52548106,-2.30567177,0.04463196,0.64421750,-0.09803772,0.04882812,-0.08789062,-0.00000000,-0.01464844,0.02929688,-0.01464844,0.39138794,1.36242949,1.36108398,-0.02441406
11.38872385,3990,-2.91128095,-1.63000376,-2.30872353,0.04577637,0.66062069,-0.08163452,3.37053202,-1.57903791,-2.30872353,0.04528982,0.65992807,-0.08430177,-2.95324262,-1.52624400,-2.30605324,0.04463196,0.64421750,-0.09765625,0.04882812,-0.06347656,0.00488281,0.00000000,-0.00000000,0.00000000,0.39253235,1.36386326,1.36108398,-0.02441406
11.40332770,3995,-2.90937360,-1.63114817,-2.30872353,0.04577637,0.66138363,-0.07820129,3.37229708,-1.57996819,-2.30872353,0.04536047,0.66046075,-0.08094102,-2.95247968,-1.52738841,-2.30605324,0.04463196,0.64459897,-0.09765625,0.04394531,-0.10253906,-0.00000000,0.00000000,0.04394531,0.00000000,0.39482117,1.36774372,1.36108398,-0.02441406
11.41830754,4000,-2.90708478,-1.63152964,-2.30872353,0.04577637,0.66290951,-0.07514954,3.37427316,-1.58070967,-2.30872353,0.04533479,0.66152007,-0.07783977,-2.95133527,-1.52891429,-2.30605324,0.04463196,0.64612485,-0.09727478,0.03417969,-0.07812500,-0.00000000,-0.01464844,0.13183594,0.01464844,0.39520264,1.36967176,1.36108398,-0.02441406
11.43303514,4005,-2.90555890,-1.63191111,-2.30872353,0.04539490,0.66329098,-0.07324219,3.37615799,-1.58116028,-2.30872353,0.04525008,0.66238391,-0.07514960,-2.95057233,-1.53005870,-2.30605324,0.04463196,0.64765072,-0.09689331,0.06347656,-0.08789062,0.00488281,0.00000000,0.13183594,0.02929688,0.39558411,1.37084090,1.36108398,-0.02441406
11.44650245,4010,-2.90365155,-1.63305552,-2.30872353,0.04539490,0.66443539,-0.07057190,3.37808774,-1.58197578,-2.30872353,0.04509097,0.66331724,-0.07262319,-2.94980939,-1.53082164,-2.30605324,0.04463196,0.64841366,-0.09536743,0.04882812,-0.08300781,0.00488281,0.00000000,0.07324219,0.11718750,0.39558411,1.37146228,1.36108398,-0.02441406
11.46176386,4015,-2.90174420,-1.63343699,-2.30872353,0.04539490,0.66557980,-0.06752014,3.37994139,-1.58268893,-2.30872353,0.04508767,0.66439248,-0.06986272,-2.94904645,-1.53158457,-2.30605324,0.04501343,0.64955807,-0.09384155,0.05859375,-0.07812500,0.00488281,0.00000000,0.13183594,0.11718750,0.39558411,1.37156824,1.36108398,0.00000000
11.47602582,4020,-2.89945538,-1.63381846,-2.30872353,0.04501343,0.66672421,-0.06027222,3.38208762,-1.58314002,-2.30872353,0.04485160,0.66555329,-0.06462528,-2.94790204,-1.53272898,-2.30605324,0.04463196,0.65108395,-0.09346008,0.06835938,-0.08300781,-0.00000000,-0.04394531,0.08789062,0.05859375,0.39596558,1.37185321,1.36108398,-0.02441406
11.48991084,4025,-2.89716657,-1.63534434,-2.30872353,0.04501343,0.66748715,-0.05302429,3.38421057,-1.58398315,-2.30872353,0.04470393,0.66644660,-0.05854836,-2.94713910,-1.53387339,-2.30605324,0.04463196,0.65146542,-0.09117126,0.05371094,-0.05859375,0.00488281,0.00000000,0.05859375,0.14648438,0.39672852,1.37303203,1.36108398,-0.02441406
11.50319505,4030,-2.89487775,-1.63610728,-2.30872353,0.04501343,0.66825009,-0.04768372,3.38649387,-1.58507168,-2.30872353,0.04465554,0.66725226,-0.05218769,-2.94637616,-1.53463633,-2.30605324,0.04463196,0.65184689,-0.08659363,0.06835938,-0.06835938,0.00488281,0.00000000,0.02929688,0.33691406,0.39978027,1.37628159,1.36108398,-0.04882812
11.51533818,4035,-2.89297040,-1.63687022,-2.30872353,0.04501343,0.66939450,-0.04425049,3.38859472,-1.58592373,-2.30872353,0.04463969,0.66810549,-0.04765311,-2.94561322,-1.53539927,-2.30605324,0.04463196,0.65260983,-0.08468628,0.05371094,-0.06835938,0.00488281,-0.01464844,0.07324219,0.14648438,0.40054321,1.37985080,1.36108398,0.00000000
11.52936149,4040,-2.89106305,-1.63725169,-2.30872353,0.04501343,0.67053891,-0.04081726,3.39056547,-1.58657854,-2.30872353,0.04463449,0.66933467,-0.04396885,-2.94485028,-1.53616221,-2.30605324,0.04463196,0.65413571,-0.08392334,0.05371094,-0.06347656,-0.00488281,-0.02929688,0.13183594,0.05859375,0.40092468,1.38123545,1.36108398,-0.02441406
11.54290390,4045,-2.88915570,-1.63839610,-2.30872353,0.04501343,0.67206479,-0.03662109,3.39249360,-1.58731203,-2.30872353,0.04458396,0.67069301,-0.03983057,-2.94370587,-1.53730662,-2.30643471,0.04463196,0.65566159,-0.08087158,0.07324219,-0.08300781,-0.00488281,-0.02929688,0.13183594,0.20507812,0.40092468,1.38198702,1.36146545,-0.02441406
11.55669546,4050,-2.88686688,-1.63954051,-2.30872353,0.04463196,0.67320920,-0.03356934,3.39456413,-1.58832179,-2.30872353,0.04443007,0.67187773,-0.03638225,-2.94294293,-1.53806956,-2.30643471,0.04463196,0.65756894,-0.07743835,0.05859375,-0.06835938,0.00488281,0.00000000,0.16113281,0.19042969,0.40092468,1.38223330,1.36146545,0.00000000
11.57200050,4055,-2.88457807,-1.64030345,-2.30872353,0.04463196,0.67435360,-0.02975464,3.39676238,-1.58920467,-2.30872353,0.04430933,0.67303535,-0.03285508,-2.94141705,-1.53959544,-2.30643471,0.04463196,0.65947629,-0.07553101,0.07812500,-0.10253906,-0.00000000,-0.02929688,0.11718750,0.17578125,0.40130615,1.38274881,1.36184692,-0.02441406
11.58616614,4060,-2.88190778,-1.64106639,-2.30872353,0.04463196,0.67473507,-0.02632141,3.39909781,-1.59002888,-2.30872353,0.04426977,0.67380250,-0.02923287,-2.94027265,-1.54035838,-2.30643471,0.04463196,0.66214657,-0.07209778,0.06835938,-0.06347656,0.00488281,0.00000000,0.23437500,0.23437500,0.40130615,1.38305836,1.36184692,0.00000000
11.60070872,4065,-2.87961896,-1.64221080,-2.30872353,0.04463196,0.67511654,-0.02479553,3.40166997,-1.59110743,-2.30872353,0.04425681,0.67435918,-0.02647026,-2.93950971,-1.54112132,-2.30643471,0.04463196,0.66557980,-0.06790161,0.06835938,-0.07812500,0.00488281,-0.01464844,0.26367188,0.27832031,0.40206909,1.38382532,1.36222839,0.02441406
11.61544871,4070,-2.87771161,-1.64335520,-2.30872353,0.04463196,0.67587948,-0.02365112,3.40370727,-1.59209891,-2.30872353,0.04425256,0.67487435,-0.02490547,-2.93874677,-1.54188426,-2.30643471,0.04463196,0.66672421,-0.06637573,0.06835938,-0.06835938,-0.00488281,-0.01464844,0.07324219,0.10253906,0.40397644,1.38574192,1.36260986,0.00000000
11.63210893,4075,-2.87542279,-1.64411814,-2.30872353,0.04463196,0.67740536,-0.02212524,3.40600156,-1.59311692,-2.30872353,0.04425117,0.67603779,-0.02331801,-2.93683942,-1.54341014,-2.30643471,0.04463196,0.66748715,-0.05950928,0.07812500,-0.06347656,0.00488281,-0.01464844,0.02929688,0.39550781,0.40550232,1.38931819,1.36299133,0.00000000
11.64498615,4080,-2.87389691,-1.64488108,-2.30872353,0.04463196,0.67816830,-0.02174377,3.40799066,-1.59394586,-2.30872353,0.04425071,0.67691439,-0.02229087,-2.93607648,-1.54417308,-2.30643471,0.04463196,0.66748715,-0.05683899,0.07324219,-0.08789062,0.00488281,-0.01464844,0.04394531,0.17578125,0.40550232,1.39085335,1.36375427,0.00000000
11.66051149,4085,-2.87198956,-1.64564402,-2.30872353,0.04463196,0.67893124,-0.02136230,3.40977587,-1.59459908,-2.30872353,0.04425056,0.67786350,-0.02178572,-2.93493207,-1.54531748,-2.30643471,0.04463196,0.66748715,-0.05607605,0.08789062,-0.06835938,0.00488281,-0.02929688,-0.01464844,0.02929688,0.40550232,1.39135639,1.36413574,0.00000000
11.67373800,4090,-2.87008222,-1.64678843,-2.30872353,0.04463196,0.67969418,-0.02136230,3.41152406,-1.59564357,-2.30872353,0.04425051,0.67871869,-0.02150105,-2.93378766,-1.54646189,-2.30643471,0.04463196,0.66748715,-0.05378723,0.07324219,-0.08300781,0.00488281,-0.01464844,0.02929688,0.16113281,0.40550232,1.39161888,1.36489868,0.04882812
11.68710947,4095,-2.86855634,-1.64755137,-2.30872353,0.04463196,0.68045712,-0.02059937,3.41324974,-1.59647679,-2.30872353,0.04425050,0.67959975,-0.02101397,-2.93264325,-1.54722483,-2.30643471,0.04463196,0.66710568,-0.05111694,0.06835938,-0.05859375,0.00488281,0.01464844,-0.00000000,0.11718750,0.40550232,1.39160724,1.36642456,0.07324219
11.70258331,4100,-2.86664899,-1.64869578,-2.30872353,0.04463196,0.68122006,-0.01831055,3.41505849,-1.59740009,-2.30872353,0.04425049,0.68025247,-0.01971642,-2.93149884,-1.54798777,-2.30681618,0.04463196,0.66748715,-0.04959106,0.07324219,-0.07812500,-0.00000000,0.00000000,0.02929688,0.10253906,0.40550232,1.39182315,1.36680603,0.00000000
11.71742606,4105,-2.86512311,-1.64945872,-2.30872353,0.04463196,0.68198300,-0.01640320,3.41662824,-1.59824683,-2.30872353,0.04425049,0.68086015,-0.01805772,-2.92997296,-1.54913218,-2.30681618,0.04463196,0.66786862,-0.04806519,0.07324219,-0.04394531,0.00488281,-0.02929688,0.04394531,0.07324219,0.40588379,1.39194883,1.36718750,0.00000000
11.73026228,4110,-2.86397870,-1.65060313,-2.30872353,0.04463196,0.68236447,-0.01373291,3.41799210,-1.59931127,-2.30872353,0.04425049,0.68143489,-0.01578923,-2.92882855,-1.54989512,-2.30681618,0.04463196,0.66863156,-0.04615784,0.08789062,-0.07812500,0.00488281,-0.01464844,0.08789062,0.13183594,0.40550232,1.39187551,1.36756897,0.00000000
11.74286723,4115,-2.86245282,-1.65098460,-2.30872353,0.04463196,0.68236447,-0.01144409,3.41955278,-1.60012797,-2.30872353,0.04425049,0.68180339,-0.01340013,-2.92768414,-1.55065806,-2.30681618,0.04463196,0.66939450,-0.04196167,0.06347656,-0.05859375,0.00488281,-0.01464844,0.05859375,0.23437500,0.40588379,1.39196599,1.36795044,-0.02441406
11.75577950,4120,-2.86092694,-1.65212901,-2.30872353,0.04463196,0.68274594,-0.00991821,3.42105100,-1.60098482,-2.30872353,0.04425049,0.68218062,-0.01131893,-2.92692120,-1.55142100,-2.30681618,0.04463196,0.67053891,-0.04119873,0.08789062,-0.06835938,-0.00000000,-0.01464844,0.10253906,0.07324219,0.40550232,1.39198367,1.36795044,0.00000000
11.77150440,4125,-2.85940106,-1.65327342,-2.30872353,0.04463196,0.68350888,-0.00877380,3.42260688,-1.60203500,-2.30872353,0.04415820,0.68256668,-0.00979725,-2.92539533,-1.55256541,-2.30681618,0.04463196,0.67168332,-0.03967285,0.07812500,-0.07324219,0.00488281,-0.01464844,0.07324219,0.11718750,0.40550232,1.39172677,1.36871338,0.02441406
11.78562188,4130,-2.85787518,-1.65403636,-2.30872353,0.04425049,0.68427182,-0.00648499,3.42409376,-1.60299216,-2.30872353,0.04408292,0.68324518,-0.00797123,-2.92425092,-1.55332835,-2.30681618,0.04463196,0.67282773,-0.03585815,0.09765625,-0.06835938,-0.00000000,0.01464844,0.11718750,0.32226562,0.40550232,1.39164259,1.36909485,0.02441406
11.80046582,4135,-2.85596784,-1.65479930,-2.30872353,0.04425049,0.68503476,-0.00381470,3.42584184,-1.60389882,-2.30872353,0.04400942,0.68412157,-0.00570894,-2.92272504,-1.55447276,-2.30681618,0.04463196,0.67359067,-0.03166199,0.08300781,-0.07324219,0.00488281,0.00000000,0.04394531,0.10253906,0.40550232,1.39161501,1.36985779,0.02441406
11.81717968,4140,-2.85367902,-1.65594371,-2.30872353,0.04425049,0.68617917,-0.00152588,3.42786558,-1.60478514,-2.30872353,0.04391503,0.68499797,-0.00339756,-2.92158063,-1.55561717,-2.30681618,0.04463196,0.67397214,-0.03166199,0.07812500,-0.09765625,0.00488281,-0.01464844,0.04394531,0.01464844,0.40550232,1.39160597,1.37062073,0.04882812
11.83097029,4145,-2.85177167,-1.65632518,-2.30872353,0.04425049,0.68694211,0.00038147,3.42988138,-1.60546339,-2.30872353,0.04388409,0.68589819,-0.00125772,-2.92005475,-1.55676158,-2.30681618,0.04463196,0.67435360,-0.02975464,0.08789062,-0.04882812,0.00488281,-0.01464844,0.04394531,0.10253906,0.40550232,1.39160301,1.37252808,0.07324219
11.84523702,4150,-2.84986432,-1.65708811,-2.30872353,0.04425049,0.68884945,0.00152588,3.43185405,-1.60619858,-2.30872353,0.04387396,0.68722504,0.00042430,-2.91891034,-1.55790599,-2.30681618,0.04463196,0.67473507,-0.02784729,0.07812500,-0.07324219,-0.00000000,-0.01464844,0.05859375,0.17578125,0.40550232,1.39166454,1.37290955,-0.02441406
11.85818434,4155,-2.84757550,-1.65746958,-2.30872353,0.04348755,0.68961239,0.00343323,3.43379807,-1.60669596,-2.30872353,0.04360819,0.68842324,0.00193652,-2.91776593,-1.55866893,-2.30681618,0.04463196,0.67511654,-0.02517700,0.09765625,-0.05371094,-0.00000000,0.00000000,0.05859375,0.14648438,0.40550232,1.39162220,1.37329102,-0.02441406
11.87436295,4160,-2.84643109,-1.65785105,-2.30872353,0.04234314,0.69037533,0.00610352,3.43563515,-1.60720330,-2.30872353,0.04269065,0.68944795,0.00439823,-2.91662152,-1.55943186,-2.30681618,0.04463196,0.67587948,-0.02479553,0.07324219,-0.07324219,0.00488281,-0.02929688,0.07324219,0.04394531,0.40550232,1.39160832,1.37367249,-0.02441406
11.88710618,4165,-2.84490521,-1.65823252,-2.30872353,0.04196167,0.69151974,0.00839233,3.43719270,-1.60753812,-2.30872353,0.04206321,0.69043400,0.00674370,-2.91509564,-1.56019480,-2.30681618,0.04463196,0.67702389,-0.02250671,0.10253906,-0.04882812,-0.00000000,-0.01464844,0.07324219,0.17578125,0.40550232,1.39160378,1.37405396,0.00000000
11.90088153,4170,-2.84261640,-1.65899546,-2.30872353,0.04158020,0.69228268,0.01258850,3.43906171,-1.60812953,-2.30872353,0.04166218,0.69130129,0.00976166,-2.91395123,-1.56133921,-2.30681618,0.04425049,0.67778683,-0.02098083,0.08789062,-0.08300781,-0.00000000,-0.01464844,0.10253906,0.11718750,0.40550232,1.39152416,1.37443542,0.04882812
11.91437459,4175,-2.84070905,-1.65937693,-2.30872353,0.03967285,0.69266415,0.01716614,3.44104439,-1.60869893,-2.30872353,0.04050037,0.69178093,0.01390683,-2.91280682,-1.56210215,-2.30681618,0.04425049,0.67854977,-0.01792908,0.07812500,-0.04882812,0.00976562,0.00000000,0.08789062,0.27832031,0.40550232,1.39157620,1.37481689,0.04882812
11.92724204,4180,-2.83918317,-1.65937693,-2.30872353,0.03700256,0.69266415,0.02136230,3.44276341,-1.60891676,-2.30872353,0.03848259,0.69211827,0.01799840,-2.91128095,-1.56286509,-2.30681618,0.04425049,0.68045712,-0.01525879,0.09765625,-0.08300781,0.00488281,-0.01464844,0.17578125,0.13183594,0.40512085,1.39122094,1.37519836,0.00000000
11.94599366,4185,-2.83574994,-1.65975840,-2.30872353,0.03509521,0.69342709,0.02784729,3.44503190,-1.60912547,-2.30872353,0.03637157,0.69262261,0.02317420,-2.90975507,-1.56400950,-2.30681618,0.04386902,0.68274594,-0.01335144,0.08789062,-0.04882812,0.00488281,-0.04394531,0.11718750,0.11718750,0.40512085,1.39096390,1.37596130,0.02441406
11.96125960,4190,-2.83307965,-1.66013987,-2.30872353,0.03128052,0.69342709,0.03242493,3.44793283,-1.60949916,-2.30872353,0.03365225,0.69290701,0.02854355,-2.90822919,-1.56515391,-2.30681618,0.04386902,0.68503476,-0.00724792,0.08300781,-0.07812500,-0.00000000,-0.02929688,0.13183594,0.38085938,0.40512085,1.39087967,1.37672424,0.02441406
11.97691846,4195,-2.83002789,-1.66052134,-2.30872353,0.02746582,0.69342709,0.03623962,3.45077501,-1.60991714,-2.30872353,0.02996943,0.69300020,0.03283594,-2.90670331,-1.56591685,-2.30681618,0.04348755,0.68617917,-0.00495911,0.10253906,-0.04882812,0.00488281,-0.02929688,0.10253906,0.05859375,0.40512085,1.39085207,1.37748718,0.02441406
11.99077535,4200,-2.82697614,-1.66052134,-2.30872353,0.02441406,0.69342709,0.04196167,3.45370683,-1.61008535,-2.30872353,0.02689741,0.69303074,0.03741813,-2.90517743,-1.56667979,-2.30681618,0.04272461,0.68732358,-0.00381470,0.08300781,-0.06835938,-0.00000000,-0.08789062,0.08789062,0.10253906,0.40512085,1.39084303,1.37825012,0.00000000
12.00401592,4205,-2.82392438,-1.66052134,-2.30872353,0.02059937,0.69304562,0.04844666,3.45663920,-1.61014047,-2.30872353,0.02339785,0.69281552,0.04301007,-2.90441449,-1.56744273,-2.30681618,0.04196167,0.68846798,-0.00190735,0.10742188,-0.05859375,0.00488281,-0.08789062,0.11718750,0.14648438,0.40512085,1.39084007,1.37825012,0.02441406
12.01789713,4210,-2.82087262,-1.66052134,-2.30872353,0.01716614,0.69304562,0.05531311,3.45979295,-1.61015854,-2.30872353,0.01969240,0.69271375,0.04976114,-2.90250714,-1.56820567,-2.30681618,0.04119873,0.68923092,0.00190735,0.11230469,-0.07324219,-0.00000000,-0.02929688,0.07324219,0.17578125,0.40512085,1.39071703,1.37863159,0.00000000
12.03082395,4215,-2.81782086,-1.66090281,-2.30872353,0.01487732,0.69342709,0.06065369,3.46284640,-1.61042092,-2.30872353,0.01674992,0.69275670,0.05602094,-2.90136273,-1.56896861,-2.30681618,0.04043579,0.68961239,0.00419617,0.08789062,-0.07324219,0.00488281,-0.08789062,0.02929688,0.19042969,0.40512085,1.39079878,1.37901306,0.02441406
12.04475594,4220,-2.81476911,-1.66090281,-2.30872353,0.01144409,0.69304562,0.06675720,3.46608865,-1.61050690,-2.30872353,0.01360885,0.69269448,0.06211659,-2.89983685,-1.56973155,-2.30681618,0.03890991,0.69037533,0.00839233,0.10253906,-0.05371094,0.00488281,-0.13183594,0.08789062,0.32226562,0.40512085,1.39082557,1.37901306,-0.02441406
12.05604839,4225,-2.81209882,-1.66090281,-2.30872353,0.00762939,0.69304562,0.07286072,3.46880524,-1.61053508,-2.30872353,0.01015747,0.69267409,0.06796362,-2.89869244,-1.57049449,-2.30681618,0.03738403,0.69151974,0.01220703,0.09765625,-0.06347656,0.00488281,-0.14648438,0.08789062,0.33691406,0.40473938,1.39048156,1.37939453,-0.02441406
12.06863618,4230,-2.80981000,-1.66090281,-2.30872353,0.00534058,0.69304562,0.07820129,3.47146763,-1.61054431,-2.30872353,0.00707266,0.69266741,0.07387591,-2.89678510,-1.57125743,-2.30681618,0.03547668,0.69190121,0.01640320,0.09765625,-0.05859375,-0.00000000,-0.17578125,0.04394531,0.32226562,0.40435791,1.38983637,1.37977600,0.02441406
12.08363032,4235,-2.80599530,-1.66128428,-2.30872353,0.00114441,0.69304562,0.08659363,3.47470259,-1.61080380,-2.30872353,0.00365424,0.69266522,0.08117043,-2.89525922,-1.57202037,-2.30681618,0.03318787,0.69228268,0.02136230,0.13183594,-0.05859375,0.00976562,-0.21972656,0.04394531,0.41015625,0.40359497,1.38895942,1.37977600,-0.02441406
12.09972477,4240,-2.80179913,-1.66128428,-2.30872353,-0.00190735,0.69304562,0.09460449,3.47817364,-1.61088883,-2.30872353,0.00026261,0.69266450,0.08812771,-2.89335187,-1.57278331,-2.30719765,0.03051758,0.69228268,0.02403259,0.11230469,-0.04882812,0.00488281,-0.19042969,0.01464844,0.14648438,0.40245056,1.38744965,1.38015747,0.00000000
12.11412191,4245,-2.79874738,-1.66128428,-2.30872353,-0.00495911,0.69304562,0.10147095,3.48186523,-1.61091670,-2.30872353,-0.00280433,0.69266427,0.09563428,-2.89220746,-1.57316477,-2.30719765,0.02899170,0.69190121,0.02899170,0.10253906,-0.03906250,0.00488281,-0.11718750,0.01464844,0.26367188,0.40054321,1.38461289,1.38053894,0.00000000
12.12628531,4250,-2.79531415,-1.66128428,-2.30872353,-0.00762939,0.69304562,0.10871887,3.48511065,-1.61092583,-2.30872353,-0.00569248,0.69266419,0.10291715,-2.89030011,-1.57392771,-2.30719765,0.02670288,0.69190121,0.03280640,0.10742188,-0.06347656,-0.00000000,-0.23437500,0.01464844,0.30761719,0.40016174,1.38218993,1.38092041,0.00000000
12.14022064,4255,-2.79188092,-1.66128428,-2.30872353,-0.00915527,0.69304562,0.11444092,3.48850432,-1.61092882,-2.30872353,-0.00808760,0.69266416,0.10945436,-2.88839276,-1.57469065,-2.30719765,0.02365112,0.69190121,0.03738403,0.11718750,-0.06347656,0.00488281,-0.17578125,-0.00000000,0.41015625,0.40016174,1.38133641,1.38053894,-0.02441406
12.15629983,4260,-2.78806622,-1.66128428,-2.30872353,-0.00953674,0.69304562,0.12130737,3.49196181,-1.61092980,-2.30872353,-0.00924805,0.69266416,0.11560209,-2.88686688,-1.57545359,-2.30719765,0.02174377,0.69190121,0.04539490,0.12207031,-0.05371094,0.00488281,-0.13183594,0.01464844,0.46875000,0.40016174,1.38135458,1.38092041,-0.02441406
12.16915703,4265,-2.78577741,-1.66128428,-2.30872353,-0.01068115,0.69304562,0.12588501,3.49510331,-1.61093012,-2.30872353,-0.01018628,0.69266415,0.12138318,-2.88534100,-1.57621653,-2.30719765,0.01983643,0.69228268,0.04997253,0.12207031,-0.06835938,0.00488281,-0.17578125,0.04394531,0.33691406,0.40054321,1.38139105,1.38053894,-0.04882812
12.18244338,4270,-2.78310712,-1.66128428,-2.30872353,-0.01182556,0.69342709,0.13084412,3.49789675,-1.61093023,-2.30872353,-0.01129438,0.69285031,0.12661944,-2.88343366,-1.57697947,-2.30719765,0.01678467,0.69228268,0.05302429,0.12207031,-0.04882812,-0.00000000,-0.21972656,0.02929688,0.30761719,0.40016174,1.38133732,1.38092041,-0.04882812
12.19425225,4275,-2.78043683,-1.66128428,-2.30872353,-0.01220703,0.69342709,0.13427734,3.50062644,-1.61093026,-2.30872353,-0.01209413,0.69298162,0.13116546,-2.88190778,-1.57736094,-2.30719765,0.01487732,0.69228268,0.05798340,0.12695312,-0.05371094,0.00488281,-0.14648438,0.02929688,0.33691406,0.40054321,1.38150746,1.38092041,0.00000000
12.21019268,4280,-2.77776654,-1.66128428,-2.30872353,-0.01296997,0.69380856,0.13732910,3.50314822,-1.61093027,-2.30872353,-0.01290820,0.69324987,0.13465803,-2.87961896,-1.57850535,-2.30719765,0.01296997,0.69228268,0.06484985,0.12207031,-0.05859375,0.00488281,-0.14648438,0.02929688,0.46875000,0.40054321,1.38162572,1.38092041,-0.02441406
12.22469163,4285,-2.77471478,-1.66128428,-2.30872353,-0.01335144,0.69419003,0.13999939,3.50621626,-1.61093028,-2.30872353,-0.01339236,0.69349414,0.13767785,-2.87771161,-1.57888682,-2.30719765,0.01068115,0.69228268,0.07019043,0.14648438,-0.04394531,-0.00000000,-0.19042969,0.01464844,0.42480469,0.40016174,1.38151188,1.38092041,-0.02441406
12.24155831,4290,-2.77166303,-1.66128428,-2.30872353,-0.01411438,0.69457150,0.14381409,3.50901310,-1.61093028,-2.30872353,-0.01403269,0.69384286,0.14075112,-2.87542279,-1.57964976,-2.30719765,0.00801086,0.69228268,0.07667542,0.13183594,-0.04394531,-0.00488281,-0.17578125,-0.00000000,0.32226562,0.40016174,1.38139645,1.38092041,-0.02441406
12.25449657,4295,-2.76975568,-1.66128428,-2.30872353,-0.01411438,0.69571591,0.14648438,3.51164258,-1.61093028,-2.30872353,-0.01434408,0.69459519,0.14408568,-2.87389691,-1.58041270,-2.30757912,0.00686646,0.69228268,0.08010864,0.13183594,-0.04882812,-0.00000000,-0.08789062,0.01464844,0.32226562,0.40016174,1.38129612,1.38092041,-0.02441406
12.26687431,4300,-2.76746686,-1.66128428,-2.30872353,-0.01487732,0.69647885,0.14877319,3.51402105,-1.61093028,-2.30872353,-0.01483992,0.69545475,0.14678748,-2.87198956,-1.58079417,-2.30757912,0.00572205,0.69228268,0.08392334,0.13183594,-0.03417969,0.00488281,-0.13183594,0.02929688,0.26367188,0.40016174,1.38114118,1.38092041,-0.04882812
12.27983832,4305,-2.76517804,-1.66128428,-2.30872353,-0.01525879,0.69724179,0.15106201,3.51622011,-1.61093028,-2.30872353,-0.01537800,0.69618832,0.14914913,-2.87008222,-1.58117564,-2.30757912,0.00381470,0.69228268,0.08850098,0.13671875,-0.03906250,0.00488281,-0.14648438,0.01464844,0.32226562,0.40054321,1.38142757,1.38092041,-0.04882812
12.29670978,4310,-2.76212628,-1.66128428,-2.30872353,-0.01525879,0.69838620,0.15411377,3.51879518,-1.61093028,-2.30872353,-0.01555432,0.69703990,0.15180873,-2.86817487,-1.58193858,-2.30757912,0.00305176,0.69266415,0.09346008,0.12695312,-0.04882812,-0.00000000,-0.05859375,0.01464844,0.27832031,0.40016174,1.38144695,1.38092041,-0.02441406
12.31005669,4315,-2.75945599,-1.66128428,-2.30872353,-0.01525879,0.69953061,0.15487671,3.52139033,-1.61093028,-2.30872353,-0.01561210,0.69812742,0.15372100,-2.86626752,-1.58232005,-2.30757912,0.00228882,0.69266415,0.09956360,0.12207031,-0.03417969,-0.00000000,-0.11718750,0.01464844,0.46875000,0.40054321,1.38130803,1.38130188,-0.02441406
12.32344007,4320,-2.75678571,-1.66128428,-2.30872353,-0.01525879,0.70067502,0.15563965,3.52404576,-1.61093028,-2.30872353,-0.01563103,0.69930201,0.15479952,-2.86397870,-1.58308299,-2.30757912,0.00000000,0.69304562,0.10337830,0.13183594,-0.05371094,0.00488281,-0.16113281,0.02929688,0.13183594,0.40016174,1.38128571,1.38092041,-0.02441406
12.33669758,4325,-2.75487836,-1.66128428,-2.30872353,-0.01525879,0.70143796,0.15678406,3.52661963,-1.61093028,-2.30872353,-0.01563724,0.70036244,0.15591306,-2.86245282,-1.58346446,-2.30757912,-0.00152588,0.69304562,0.10566711,0.14648438,-0.03417969,-0.00000000,-0.16113281,0.02929688,0.21972656,0.40054321,1.38133332,1.38130188,-0.02441406
12.35183835,4330,-2.75144513,-1.66128428,-2.30872353,-0.01487732,0.70220089,0.15869141,3.52915065,-1.61093028,-2.30872353,-0.01550194,0.70104268,0.15738012,-2.86016400,-1.58422740,-2.30757912,-0.00267029,0.69304562,0.10948181,0.12207031,-0.03417969,0.00488281,-0.08789062,0.02929688,0.20507812,0.40054321,1.38128643,1.38130188,-0.02441406
12.36608005,4335,-2.74877484,-1.66128428,-2.30872353,-0.01525879,0.70296383,0.16021729,3.53210588,-1.61093028,-2.30872353,-0.01551486,0.70177853,0.15880811,-2.85825665,-1.58460887,-2.30757912,-0.00343323,0.69304562,0.11177063,0.14160156,-0.03417969,0.00488281,-0.07324219,0.02929688,0.20507812,0.40016174,1.38111847,1.38130188,-0.04882812
12.38031220,4340,-2.74610455,-1.66128428,-2.30872353,-0.01487732,0.70372677,0.16174316,3.53499697,-1.61093028,-2.30872353,-0.01552287,0.70258141,0.16057828,-2.85596784,-1.58499034,-2.30757912,-0.00381470,0.69342709,0.11672974,0.14648438,-0.04882812,0.00488281,-0.02929688,0.04394531,0.32226562,0.40054321,1.38121602,1.38092041,-0.02441406
12.39520431,4345,-2.74305280,-1.66128428,-2.30872353,-0.01525879,0.70448971,0.16250610,3.53779833,-1.61093028,-2.30872353,-0.01560179,0.70353762,0.16169422,-2.85406049,-1.58575328,-2.30757912,-0.00457764,0.69380856,0.11978149,0.13671875,-0.04394531,0.00488281,-0.04394531,0.04394531,0.23437500,0.40054321,1.38140815,1.38092041,-0.04882812
12.40955734,4350,-2.74038251,-1.66128428,-2.30872353,-0.01487732,0.70563412,0.16326904,3.54063852,-1.61093028,-2.30872353,-0.01555136,0.70440893,0.16250252,-2.85177167,-1.58613475,-2.30757912,-0.00495911,0.69419003,0.12588501,0.14648438,-0.02929688,0.00488281,-0.02929688,0.04394531,0.41015625,0.40054321,1.38151505,1.38092041,-0.02441406
12.42279410,4355,-2.73771222,-1.66128428,-2.30872353,-0.01487732,0.70639706,0.16479492,3.54341770,-1.61093028,-2.30872353,-0.01538591,0.70529967,0.16369170,-2.84986432,-1.58651622,-2.30757912,-0.00534058,0.69457150,0.12779236,0.14648438,-0.02929688,-0.00000000,-0.05859375,0.05859375,0.08789062,0.40054321,1.38162820,1.38092041,-0.02441406
12.43829584,4360,-2.73466046,-1.66128428,-2.30872353,-0.01525879,0.70754147,0.16708374,3.54626882,-1.61093028,-2.30872353,-0.01543777,0.70632970,0.16555231,-2.84757550,-1.58689769,-2.30757912,-0.00724792,0.69533444,0.12855530,0.14648438,-0.04394531,-0.00000000,-0.14648438,0.04394531,0.04394531,0.40054321,1.38166528,1.38130188,0.00000000
12.45277405,4365,-2.73275311,-1.66128428,-2.30872353,-0.01487732,0.70792294,0.17013550,3.54877692,-1.61093028,-2.30872353,-0.01543658,0.70707409,0.16819227,-2.84566815,-1.58727915,-2.30757912,-0.00877380,0.69533444,0.13198853,0.14648438,-0.04394531,0.00976562,-0.11718750,0.02929688,0.24902344,0.40054321,1.38167743,1.38092041,-0.02441406
12.46719122,4370,-2.72855695,-1.66128428,-2.30872353,-0.01525879,0.70830441,0.17509460,3.55189700,-1.61093028,-2.30872353,-0.01557352,0.70764479,0.17201888,-2.84337933,-1.58804209,-2.30757912,-0.00991821,0.69571591,0.13351440,0.15136719,-0.02929688,0.00488281,-0.10253906,0.04394531,0.08789062,0.40092468,1.38205372,1.38092041,-0.02441406
12.48318648,4375,-2.72474225,-1.66128428,-2.30872353,-0.01525879,0.70906735,0.17967224,3.55519697,-1.61093028,-2.30872353,-0.01561839,0.70813331,0.17580306,-2.84109052,-1.58842356,-2.30757912,-0.01144409,0.69686032,0.13618469,0.14160156,-0.03906250,0.00488281,-0.08789062,0.07324219,0.14648438,0.40054321,1.38216507,1.38130188,-0.04882812
12.49898124,4380,-2.72169049,-1.66128428,-2.30872353,-0.01525879,0.70906735,0.18348694,3.55856346,-1.61099131,-2.30872353,-0.01563309,0.70850481,0.17985092,-2.83880170,-1.58918650,-2.30757912,-0.01106262,0.69762326,0.14076233,0.14648438,-0.04394531,0.00488281,-0.02929688,0.07324219,0.26367188,0.40092468,1.38219398,1.38130188,-0.02441406
12.51187301,4385,-2.71863873,-1.66166575,-2.30872353,-0.01525879,0.70983029,0.18615723,3.56188583,-1.61120675,-2.30872353,-0.01563791,0.70895931,0.18357076,-2.83689435,-1.58956797,-2.30757912,-0.01106262,0.69838620,0.14305115,0.14648438,-0.04394531,0.00488281,-0.01464844,0.08789062,0.17578125,0.40092468,1.38230111,1.38092041,-0.02441406
12.52413011,4390,-2.71634992,-1.66166575,-2.30872353,-0.01525879,0.70983029,0.18768311,3.56453237,-1.61127734,-2.30872353,-0.01563949,0.70928842,0.18601477,-2.83536847,-1.58994944,-2.30757912,-0.01144409,0.69953061,0.14495850,0.15136719,-0.03417969,0.00488281,-0.01464844,0.08789062,0.11718750,0.40092468,1.38239872,1.38130188,0.00000000
12.53809738,4395,-2.71329816,-1.66204722,-2.30872353,-0.01525879,0.71059323,0.18920898,3.56751238,-1.61148663,-2.30872353,-0.01564001,0.70972902,0.18791182,-2.83269818,-1.59033091,-2.30757912,-0.01144409,0.70067502,0.15029907,0.15136719,-0.03417969,0.00488281,-0.02929688,0.08789062,0.39550781,0.40092468,1.38243070,1.38092041,-0.04882812
12.55078173,4400,-2.71024640,-1.66242869,-2.30872353,-0.01525879,0.71097470,0.19073486,3.57056064,-1.61188199,-2.30872353,-0.01564018,0.71023973,0.18936010,-2.83040936,-1.59071238,-2.30757912,-0.01144409,0.70105649,0.15335083,0.16113281,-0.02929688,0.00488281,-0.01464844,0.04394531,0.11718750,0.40054321,1.38228859,1.38130188,0.00000000
12.56552434,4405,-2.70795758,-1.66319163,-2.30872353,-0.01525879,0.71173764,0.19264221,3.57326629,-1.61240534,-2.30872353,-0.01564023,0.71087119,0.19120491,-2.82850202,-1.59109385,-2.30757912,-0.01182556,0.70105649,0.15411377,0.16113281,-0.02441406,0.00488281,-0.01464844,0.02929688,0.07324219,0.40092468,1.38231649,1.38130188,-0.04882812
12.58011460,4410,-2.70414288,-1.66357310,-2.30872353,-0.01487732,0.71250058,0.19760132,3.57628691,-1.61283331,-2.30872353,-0.01556396,0.71149877,0.19432175,-2.82621320,-1.59147532,-2.30757912,-0.01182556,0.70143796,0.15640259,0.15136719,-0.02929688,0.00488281,-0.01464844,0.01464844,0.16113281,0.40092468,1.38240376,1.38130188,-0.04882812
12.59313464,4415,-2.70109113,-1.66433604,-2.30872353,-0.01525879,0.71326352,0.20103455,3.57955746,-1.61335513,-2.30872353,-0.01561526,0.71228815,0.19816986,-2.82392438,-1.59185679,-2.30757912,-0.01182556,0.70181943,0.15907288,0.16601562,-0.02441406,-0.00000000,0.00000000,0.01464844,0.24902344,0.40092468,1.38243235,1.38130188,-0.02441406
12.60620332,4420,-2.69842084,-1.66586192,-2.30872353,-0.01525879,0.71402646,0.20408630,3.58237025,-1.61447192,-2.30872353,-0.01563207,0.71304999,0.20154751,-2.82201703,-1.59223826,-2.30757912,-0.01220703,0.70181943,0.16136169,0.15136719,-0.03417969,-0.00000000,-0.04394531,0.02929688,0.14648438,0.40092468,1.38262629,1.38130188,-0.02441406
12.61949873,4425,-2.69536908,-1.66700633,-2.30872353,-0.01525879,0.71478940,0.20828247,3.58544136,-1.61568736,-2.30872353,-0.01563757,0.71381257,0.20533483,-2.81972821,-1.59261973,-2.30757912,-0.01258850,0.70258236,0.16326904,0.15136719,-0.04882812,0.00488281,-0.02929688,0.04394531,0.11718750,0.40130615,1.38273599,1.38168335,-0.02441406
12.63564181,4430,-2.69155438,-1.66815074,-2.30872353,-0.01525879,0.71555234,0.21133423,3.58864228,-1.61677497,-2.30872353,-0.01563938,0.71460664,0.20888739,-2.81705792,-1.59338267,-2.30796059,-0.01258850,0.70334530,0.16822815,0.17089844,-0.05371094,0.00488281,-0.02929688,0.07324219,0.29296875,0.40130615,1.38305416,1.38168335,-0.04882812
12.64773631,4435,-2.68888410,-1.66967662,-2.30872353,-0.01525879,0.71631527,0.21286011,3.59203674,-1.61817921,-2.30872353,-0.01563997,0.71537978,0.21136887,-2.81476911,-1.59376414,-2.30796059,-0.01296997,0.70410824,0.17051697,0.16113281,-0.03906250,0.00488281,-0.04394531,0.07324219,0.13183594,0.40168762,1.38360885,1.38168335,0.02441406
12.66209817,4440,-2.68545087,-1.67158396,-2.30872353,-0.01525879,0.71707821,0.21400452,3.59531615,-1.62000959,-2.30872353,-0.01564016,0.71614606,0.21303931,-2.81248029,-1.59414561,-2.30796059,-0.01373291,0.70601559,0.17509460,0.16601562,-0.04394531,0.00488281,-0.04394531,0.14648438,0.29296875,0.40168762,1.38385312,1.38168335,-0.04882812
12.67698503,4445,-2.68087323,-1.67310984,-2.30872353,-0.01525879,0.71898556,0.21476746,3.59910803,-1.62160546,-2.30872353,-0.01564023,0.71746808,0.21398975,-2.81019147,-1.59490855,-2.30796059,-0.01411438,0.70830441,0.17929077,0.17578125,-0.03417969,0.00488281,-0.02929688,0.16113281,0.19042969,0.40206909,1.38408575,1.38206482,0.00000000
12.69022799,4450,-2.67820294,-1.67463572,-2.30872353,-0.01525879,0.71974850,0.21591187,3.60255942,-1.62303513,-2.30872353,-0.01564025,0.71862564,0.21509257,-2.80828412,-1.59529002,-2.30796059,-0.01449585,0.70944882,0.17967224,0.16113281,-0.03906250,0.00488281,-0.02929688,0.10253906,0.02929688,0.40206909,1.38452232,1.38206482,-0.02441406
12.70561528,4455,-2.67476972,-1.67730601,-2.30872353,-0.01525879,0.72089291,0.21896362,3.60581402,-1.62505622,-2.30872353,-0.01564026,0.71964301,0.21708285,-2.80523236,-1.59567149,-2.30796059,-0.01449585,0.71173764,0.18196106,0.17089844,-0.03417969,0.00488281,-0.02929688,0.11718750,0.14648438,0.40206909,1.38466538,1.38206482,-0.02441406
12.71847200,4460,-2.67209943,-1.67845042,-2.30872353,-0.01525879,0.72241879,0.22163391,3.60908496,-1.62699864,-2.30872353,-0.01560120,0.72108088,0.21979887,-2.80332501,-1.59643443,-2.30796059,-0.01449585,0.71288205,0.18501282,0.16601562,-0.05859375,0.00976562,-0.01464844,0.11718750,0.21972656,0.40206909,1.38471226,1.38206482,-0.02441406
12.73193789,4465,-2.66752179,-1.68035777,-2.30872353,-0.01525879,0.72508908,0.22697449,3.61282963,-1.62882959,-2.30872353,-0.01562746,0.72309147,0.22382582,-2.80065473,-1.59681590,-2.30796059,-0.01449585,0.71402646,0.18653870,0.16113281,-0.05371094,0.00488281,0.00000000,0.10253906,0.13183594,0.40206909,1.38472762,1.38244629,-0.04882812
12.74655199,4470,-2.66370709,-1.68264659,-2.30872353,-0.01525879,0.72699643,0.23117065,3.61667802,-1.63071789,-2.30872353,-0.01563606,0.72523968,0.22795286,-2.79836591,-1.59719737,-2.30796059,-0.01449585,0.71478940,0.18882751,0.16601562,-0.03417969,0.00488281,-0.01464844,0.10253906,0.19042969,0.40435791,1.38705248,1.38282776,0.02441406
12.76131177,4475,-2.65912946,-1.68493540,-2.30872353,-0.01525879,0.72928525,0.23651123,3.62056846,-1.63291453,-2.30872353,-0.01563888,0.72707324,0.23249589,-2.79531415,-1.59796031,-2.30796059,-0.01487732,0.71593381,0.19264221,0.17578125,-0.05371094,-0.00000000,-0.04394531,0.05859375,0.24902344,0.40588379,1.39048323,1.38282776,0.00000000
12.77544737,4480,-2.65493329,-1.68646128,-2.30872353,-0.01525879,0.73157406,0.23956299,3.62462538,-1.63469145,-2.30872353,-0.01563981,0.72928368,0.23632781,-2.79340680,-1.59834178,-2.30796059,-0.01487732,0.71631527,0.19569397,0.16601562,-0.03906250,0.00488281,-0.02929688,0.04394531,0.20507812,0.40588379,1.39150977,1.38320923,-0.02441406
12.78988123,4485,-2.65035565,-1.68836863,-2.30872353,-0.01564026,0.73462582,0.24108887,3.62918913,-1.63644473,-2.30872353,-0.01580869,0.73198749,0.23930806,-2.79073651,-1.59910472,-2.30796059,-0.01487732,0.71745968,0.19836426,0.18066406,-0.04394531,0.00488281,-0.02929688,0.10253906,0.21972656,0.40550232,1.39186933,1.38320923,-0.02441406
12.80300188,4490,-2.64730390,-1.68989451,-2.30872353,-0.01525879,0.73615170,0.24261475,3.63300587,-1.63812520,-2.30872353,-0.01587563,0.73412982,0.24113033,-2.78844769,-1.59948619,-2.30796059,-0.01525879,0.71860409,0.20256042,0.18066406,-0.04882812,-0.00488281,-0.02929688,0.13183594,0.35156250,0.40588379,1.39220225,1.38359070,-0.02441406
12.81759477,4495,-2.64272626,-1.69103892,-2.30872353,-0.01564026,0.73844052,0.24528503,3.63723261,-1.63965670,-2.30872353,-0.01579368,0.73641947,0.24339139,-2.78539594,-1.60063060,-2.30796059,-0.01525879,0.71974850,0.20561218,0.17089844,-0.06835938,0.00488281,-0.01464844,0.07324219,0.17578125,0.40588379,1.39243340,1.38397217,0.00000000
12.83093071,4500,-2.63853009,-1.69256480,-2.30872353,-0.01525879,0.74072934,0.24948120,3.64115315,-1.64100424,-2.30872353,-0.01572959,0.73847956,0.24630601,-2.78272565,-1.60139353,-2.30796059,-0.01525879,0.72012997,0.20713806,0.18066406,-0.04394531,0.00488281,-0.02929688,0.04394531,0.08789062,0.40626526,1.39275939,1.38397217,0.00000000
12.84594178,4505,-2.63433392,-1.69370921,-2.30872353,-0.01525879,0.74301816,0.25405884,3.64525900,-1.64225427,-2.30872353,-0.01566953,0.74072467,0.25044857,-2.78005536,-1.60253794,-2.30796059,-0.01525879,0.72089291,0.20980835,0.18066406,-0.07324219,0.00488281,-0.02929688,0.08789062,0.20507812,0.40626526,1.39264649,1.38435364,0.00000000
12.86027646,4510,-2.63051923,-1.69485362,-2.30872353,-0.01564026,0.74530697,0.25901794,3.64934928,-1.64351337,-2.30872353,-0.01572614,0.74296792,0.25495993,-2.77738507,-1.60330088,-2.30796059,-0.01525879,0.72127438,0.21286011,0.19042969,-0.04394531,-0.00000000,0.00000000,0.02929688,0.17578125,0.40626526,1.39280969,1.38473511,-0.02441406
12.87312150,4515,-2.62632306,-1.69561656,-2.30872353,-0.01525879,0.74645138,0.26359558,3.65342628,-1.64447796,-2.30872353,-0.01569965,0.74472289,0.25990159,-2.77509625,-1.60368235,-2.30834206,-0.01564026,0.72165585,0.21476746,0.18554688,-0.07812500,-0.00000000,-0.01464844,0.04394531,0.13183594,0.40626526,1.39302332,1.38473511,0.00000000
12.88681173,4520,-2.62250836,-1.69637950,-2.30872353,-0.01525879,0.74759579,0.26702881,3.65750710,-1.64541683,-2.30872353,-0.01570855,0.74611619,0.26415967,-2.77280744,-1.60444529,-2.30834206,-0.01564026,0.72241879,0.21705627,0.19042969,-0.06835938,-0.00000000,0.00000000,0.07324219,0.23437500,0.40626526,1.39309332,1.38511658,0.00000000
12.90169835,4525,-2.61831220,-1.69714244,-2.30872353,-0.01525879,0.74874020,0.27008057,3.66153559,-1.64626867,-2.30872353,-0.01566264,0.74741247,0.26746707,-2.76975568,-1.60520823,-2.30834206,-0.01564026,0.72394467,0.22239685,0.19042969,-0.04882812,-0.00000000,-0.01464844,0.11718750,0.23437500,0.40626526,1.39333599,1.38511658,0.00000000
12.91658306,4530,-2.61259015,-1.69828685,-2.30872353,-0.01525879,0.75064755,0.27542114,3.66647417,-1.64713704,-2.30872353,-0.01564759,0.74896138,0.27142120,-2.76632245,-1.60635264,-2.30834206,-0.01525879,0.72623349,0.22621155,0.19531250,-0.06835938,0.00488281,-0.01464844,0.16113281,0.30761719,0.40626526,1.39331785,1.38549805,0.00000000
12.93117285,4535,-2.60915692,-1.69866831,-2.30872353,-0.01525879,0.75141049,0.27961731,3.67089042,-1.64789729,-2.30872353,-0.01564266,0.75020111,0.27602633,-2.76327069,-1.60711558,-2.30834206,-0.01564026,0.72775937,0.23155212,0.20507812,-0.04882812,0.00488281,-0.02929688,0.11718750,0.33691406,0.40626526,1.39318983,1.38587952,-0.02441406
12.94307637,4540,-2.60496076,-1.69866831,-2.30872353,-0.01525879,0.75217343,0.28495789,3.67499757,-1.64817766,-2.30872353,-0.01564105,0.75120036,0.28087690,-2.76136334,-1.60787852,-2.30834206,-0.01525879,0.72928525,0.23307800,0.18066406,-0.07812500,0.00488281,0.00000000,0.14648438,0.11718750,0.40626526,1.39314789,1.38587952,-0.02441406
12.95920730,4545,-2.59962018,-1.69904978,-2.30872353,-0.01525879,0.75255490,0.29106140,3.67965273,-1.64845569,-2.30872353,-0.01564052,0.75182332,0.28654885,-2.75793012,-1.60864146,-2.30834206,-0.01564026,0.73157406,0.23574829,0.21484375,-0.05859375,0.00488281,-0.01464844,0.14648438,0.23437500,0.40702820,1.39365904,1.38626099,0.00000000
12.97393227,4550,-2.59504254,-1.69981272,-2.30872353,-0.01525879,0.75255490,0.29449463,3.68443057,-1.64901091,-2.30867470,-0.01564034,0.75205871,0.29123031,-2.75487836,-1.60940440,-2.30834206,-0.01564026,0.73348141,0.23956299,0.19531250,-0.07324219,0.00488281,-0.02929688,0.20507812,0.21972656,0.40779114,1.39497449,1.38664246,0.02441406
12.98595548,4555,-2.59084638,-1.69981272,-2.30872353,-0.01525879,0.75293637,0.29792786,3.68882662,-1.64931198,-2.30870753,-0.01564029,0.75236106,0.29496270,-2.75258954,-1.61016734,-2.30834206,-0.01564026,0.73538876,0.24223328,0.20019531,-0.05859375,0.00488281,-0.01464844,0.13183594,0.21972656,0.41084290,1.39834694,1.38740540,0.02441406
13.00183392,4560,-2.58588727,-1.69981272,-2.30872353,-0.01525879,0.75293637,0.30403137,3.69312955,-1.64941064,-2.30871829,-0.01564027,0.75249138,0.29929754,-2.74915631,-1.61093028,-2.30834206,-0.01602173,0.73691464,0.24757385,0.20996094,-0.05371094,0.00488281,-0.04394531,0.11718750,0.32226562,0.41084290,1.40099304,1.38816833,0.04882812
13.01491046,4565,-2.58092816,-1.69981272,-2.30872353,-0.01525879,0.75255490,0.30975342,3.69778330,-1.64944296,-2.30872181,-0.01564026,0.75240896,0.30465487,-2.74610455,-1.61207469,-2.30834206,-0.01602173,0.73844052,0.25138855,0.20507812,-0.06347656,0.00488281,-0.02929688,0.10253906,0.27832031,0.41084290,1.40198218,1.38893127,0.02441406
13.03009820,4570,-2.57673200,-1.69981272,-2.30872353,-0.01525879,0.75255490,0.31547546,3.70258937,-1.64945356,-2.30872297,-0.01564026,0.75225061,0.31057626,-2.74343427,-1.61245616,-2.30834206,-0.01602173,0.73996640,0.25672913,0.21484375,-0.05371094,0.00488281,-0.02929688,0.14648438,0.42480469,0.41084290,1.40224674,1.38893127,-0.02441406
13.04407406,4575,-2.57177289,-1.69981272,-2.30872353,-0.01525879,0.75255490,0.32005310,3.70748661,-1.64945703,-2.30872334,-0.01564026,0.75219872,0.31599314,-2.74038251,-1.61321910,-2.30834206,-0.01602173,0.74225522,0.25978088,0.20019531,-0.06347656,0.00488281,0.00000000,0.16113281,0.16113281,0.41084290,1.40241155,1.38969421,-0.02441406
13.05744886,4580,-2.56681378,-1.69981272,-2.30872353,-0.01525879,0.75255490,0.32386780,3.71217887,-1.64945817,-2.30872347,-0.01564026,0.75218172,0.32033675,-2.73733075,-1.61398204,-2.30834206,-0.01602173,0.74454403,0.26245117,0.21972656,-0.05859375,0.00488281,-0.01464844,0.16113281,0.23437500,0.41122437,1.40254002,1.39007568,0.02441406
13.07209992,4585,-2.56299909,-1.69981272,-2.30872353,-0.01525879,0.75255490,0.32844543,3.71664147,-1.64945854,-2.30866247,-0.01564026,0.75217614,0.32467803,-2.73389752,-1.61474498,-2.30834206,-0.01602173,0.74568844,0.26702881,0.21972656,-0.04394531,0.00488281,0.00000000,0.08789062,0.23437500,0.41084290,1.40244515,1.39007568,0.00000000
13.08622479,4590,-2.55803998,-1.69981272,-2.30872353,-0.01525879,0.75255490,0.33378601,3.72155703,-1.64945866,-2.30870352,-0.01564026,0.75217432,0.32999975,-2.73084577,-1.61550791,-2.30834206,-0.01602173,0.74606991,0.27046204,0.21972656,-0.06347656,0.00488281,-0.02929688,0.05859375,0.32226562,0.41084290,1.40245801,1.39045715,0.00000000
13.10262156,4595,-2.55269940,-1.69981272,-2.30872353,-0.01525879,0.75255490,0.34065247,3.72646292,-1.64945870,-2.30865594,-0.01564026,0.75217372,0.33573405,-2.72741254,-1.61627085,-2.30834206,-0.01602173,0.74606991,0.27618408,0.22460938,-0.03417969,0.00488281,-0.01464844,0.01464844,0.24902344,0.41122437,1.40249274,1.39083862,-0.02441406
13.11647916,4600,-2.54774030,-1.69981272,-2.30872353,-0.01525879,0.75255490,0.34561157,3.73106182,-1.64945871,-2.30870138,-0.01564026,0.75217352,0.34093496,-2.72397931,-1.61665232,-2.30834206,-0.01640320,0.74606991,0.28266907,0.21484375,-0.05859375,0.00488281,-0.02929688,-0.01464844,0.46875000,0.41084290,1.40235154,1.39122009,0.02441406
13.12900853,4605,-2.54354413,-1.69981272,-2.30872353,-0.01525879,0.75217343,0.34866333,3.73557745,-1.64945872,-2.30864596,-0.01564026,0.75191699,0.34519926,-2.72092755,-1.61741526,-2.30834206,-0.01640320,0.74568844,0.28572083,0.22460938,-0.04882812,0.00488281,0.00000000,0.01464844,0.27832031,0.41122437,1.40267758,1.39160156,0.02441406
13.14342380,4610,-2.53896649,-1.69981272,-2.30872353,-0.01525879,0.75217343,0.35324097,3.74003272,-1.64945872,-2.30865905,-0.01564026,0.75183293,0.34922012,-2.71787579,-1.61817820,-2.30834206,-0.01640320,0.74568844,0.28915405,0.22949219,-0.03906250,-0.00000000,-0.04394531,0.02929688,0.26367188,0.41084290,1.40247460,1.39160156,0.02441406
13.15845919,4615,-2.53477033,-1.69981272,-2.30872353,-0.01525879,0.75217343,0.35896301,3.74463459,-1.64945872,-2.30867115,-0.01564026,0.75180538,0.35445503,-2.71367963,-1.61894114,-2.30834206,-0.01640320,0.74606991,0.29373169,0.22949219,-0.06347656,0.00488281,-0.01464844,0.02929688,0.23437500,0.41084290,1.40240809,1.39236450,0.00000000
13.17384171,4620,-2.52942975,-1.69981272,-2.30872353,-0.01525879,0.75217343,0.36621094,3.74984590,-1.64945872,-2.30870637,-0.01564026,0.75179636,0.36109802,-2.71024640,-1.61970408,-2.30834206,-0.01640320,0.74606991,0.29869080,0.23437500,-0.06347656,0.00488281,-0.01464844,0.04394531,0.36621094,0.41122437,1.40255451,1.39312744,0.02441406
13.18707037,4625,-2.52637799,-1.69981272,-2.30872353,-0.01525879,0.75217343,0.37002563,3.75411604,-1.64945872,-2.30871791,-0.01564026,0.75179340,0.36661000,-2.70757611,-1.61970408,-2.30834206,-0.01640320,0.74645138,0.30288696,0.23437500,-0.03417969,0.00488281,-0.01464844,0.02929688,0.30761719,0.41122437,1.40288472,1.39427185,0.07324219
13.20094728,4630,-2.52065595,-1.69981272,-2.30872353,-0.01525879,0.75217343,0.37498474,3.75889065,-1.64945872,-2.30872169,-0.01564026,0.75179243,0.37160916,-2.70414288,-1.62046702,-2.30834206,-0.01640320,0.74683285,0.30937195,0.23437500,-0.04882812,0.00488281,-0.02929688,0.04394531,0.46875000,0.41122437,1.40299292,1.39465332,0.00000000
13.21242881,4635,-2.51722272,-1.69981272,-2.30834206,-0.01564026,0.75179196,0.37956238,3.76304125,-1.64945872,-2.30860757,-0.01580884,0.75160596,0.37605295,-2.70147260,-1.62084849,-2.30834206,-0.01640320,0.74721432,0.31242371,0.22949219,-0.03417969,-0.00000000,-0.01464844,0.02929688,0.17578125,0.41122437,1.40302837,1.39503479,0.00000000
13.22769332,4640,-2.51302655,-1.69981272,-2.30872353,-0.01564026,0.75141049,0.38414001,3.76712679,-1.64945872,-2.30868553,-0.01583283,0.75133721,0.38065899,-2.69803937,-1.62161143,-2.30834206,-0.01640320,0.74721432,0.31547546,0.24414062,-0.04394531,0.00488281,-0.02929688,0.01464844,0.26367188,0.41122437,1.40303999,1.39503479,0.00000000
13.24036741,4645,-2.50883038,-1.69981272,-2.30834206,-0.01564026,0.75102902,0.39024353,3.77123592,-1.64945872,-2.30854689,-0.01595983,0.75099268,0.38602181,-2.69460614,-1.62199290,-2.30834206,-0.01640320,0.74721432,0.31967163,0.23437500,-0.03906250,0.00488281,-0.02929688,0.02929688,0.24902344,0.41122437,1.40304380,1.39541626,0.00000000
13.25621581,4650,-2.50463422,-1.69981272,-2.30872353,-0.01564026,0.75026608,0.39520264,3.77521118,-1.64945872,-2.30866565,-0.01600145,0.75045913,0.39114983,-2.69155438,-1.62275584,-2.30834206,-0.01640320,0.74721432,0.32501221,0.24414062,-0.05371094,0.00488281,-0.01464844,0.04394531,0.41015625,0.41122437,1.40304505,1.39541626,-0.02441406
13.26806068,4655,-2.50005658,-1.69981272,-2.30872353,-0.01564026,0.74835873,0.39939880,3.77927991,-1.64945872,-2.30870456,-0.01601508,0.74925243,0.39565281,-2.68812116,-1.62313731,-2.30834206,-0.01640320,0.74721432,0.32997131,0.24414062,-0.04882812,0.00488281,0.00000000,0.01464844,0.33691406,0.41122437,1.40304546,1.39541626,0.00000000
13.28508496,4660,-2.49624188,-1.69981272,-2.30872353,-0.01564026,0.74721432,0.40321350,3.78364025,-1.64945872,-2.30865628,-0.01601955,0.74790744,0.39994402,-2.68392499,-1.62351878,-2.30834206,-0.01640320,0.74759579,0.33721924,0.24902344,-0.02929688,0.00488281,0.00000000,0.01464844,0.33691406,0.41122437,1.40292352,1.39579773,-0.02441406
13.29873490,4665,-2.49242719,-1.69981272,-2.30872353,-0.01564026,0.74568844,0.40893555,3.78767671,-1.64945872,-2.30870149,-0.01602101,0.74648966,0.40466840,-2.68011029,-1.62428172,-2.30834206,-0.01640320,0.74797726,0.34027100,0.24414062,-0.05371094,-0.00000000,-0.02929688,0.04394531,0.23437500,0.41122437,1.40300563,1.39579773,-0.02441406
13.31309009,4670,-2.48823102,-1.69981272,-2.30834206,-0.01564026,0.74301816,0.41427612,3.79151733,-1.64945872,-2.30860095,-0.01602149,0.74445050,0.40974505,-2.67629559,-1.62466319,-2.30834206,-0.01640320,0.74797726,0.34523010,0.23925781,-0.03417969,0.00488281,-0.02929688,0.01464844,0.27832031,0.41122437,1.40303254,1.39617920,0.00000000
13.32981014,4675,-2.48403485,-1.69981272,-2.30872353,-0.01564026,0.74072934,0.42076111,3.79566779,-1.64945872,-2.30868336,-0.01602165,0.74212435,0.41573779,-2.67248090,-1.62542613,-2.30834206,-0.01640320,0.74797726,0.35018921,0.24902344,-0.03906250,-0.00000000,-0.01464844,0.02929688,0.38085938,0.41122437,1.40304136,1.39617920,-0.02441406
13.34841084,4680,-2.47869428,-1.69981272,-2.30872353,-0.01564026,0.73920346,0.42419434,3.80045530,-1.64945872,-2.30859123,-0.01602170,0.74033477,0.42088960,-2.66790326,-1.62580760,-2.30834206,-0.01640320,0.74797726,0.35820007,0.23925781,-0.02929688,0.00488281,-0.01464844,0.01464844,0.41015625,0.41122437,1.40304425,1.39656067,-0.04882812
13.36194539,4685,-2.47526105,-1.69981272,-2.30834206,-0.01564026,0.73882199,0.42610168,3.80464529,-1.64945872,-2.30852380,-0.01602172,0.73913154,0.42399291,-2.66447003,-1.62618907,-2.30834206,-0.01640320,0.74759579,0.36315918,0.25390625,-0.04394531,-0.00000000,-0.01464844,-0.02929688,0.35156250,0.41122437,1.40304519,1.39656067,0.00000000
13.37695122,4690,-2.47220929,-1.69981272,-2.30872353,-0.01564026,0.73767758,0.42915344,3.80841133,-1.64945872,-2.30862683,-0.01602173,0.73810897,0.42686234,-2.66103681,-1.62695201,-2.30834206,-0.01640320,0.74759579,0.36544800,0.23925781,-0.03906250,0.00488281,-0.02929688,-0.01464844,0.17578125,0.41122437,1.40304550,1.39656067,-0.02441406
13.39080071,4695,-2.46839459,-1.69981272,-2.30834206,-0.01564026,0.73729611,0.43487549,3.81183752,-1.64945872,-2.30853547,-0.01602173,0.73737631,0.43085472,-2.65760358,-1.62733348,-2.30834206,-0.01640320,0.74759579,0.37078857,0.24902344,-0.03906250,0.00488281,-0.01464844,-0.00000000,0.32226562,0.41122437,1.40296748,1.39694214,-0.02441406
13.40365815,4700,-2.46534284,-1.69981272,-2.30834206,-0.01564026,0.73691464,0.43869019,3.81514333,-1.64945872,-2.30854655,-0.01602173,0.73684070,0.43514073,-2.65417035,-1.62771495,-2.30834206,-0.01640320,0.74759579,0.37422180,0.24414062,-0.04394531,0.00488281,-0.02929688,0.02929688,0.27832031,0.41122437,1.40302004,1.39694214,-0.02441406
13.41783023,4705,-2.46229108,-1.69981272,-2.30872353,-0.01564026,0.73653317,0.44288635,3.81843702,-1.64945872,-2.30857325,-0.01602173,0.73640872,0.43949817,-2.65035565,-1.62847789,-2.30834206,-0.01640320,0.74721432,0.37994385,0.24414062,-0.04882812,0.00488281,-0.01464844,-0.01464844,0.35156250,0.41122437,1.40303726,1.39732361,0.00000000
13.43121171,4710,-2.45885785,-1.69981272,-2.30872353,-0.01564026,0.73615170,0.44631958,3.82178497,-1.64945872,-2.30857419,-0.01602173,0.73615963,0.44358190,-2.64730390,-1.62885936,-2.30834206,-0.01640320,0.74721432,0.38414001,0.24902344,-0.04394531,-0.00000000,0.00000000,0.01464844,0.33691406,0.41122437,1.40304290,1.39808655,0.02441406
13.44531751,4715,-2.45580609,-1.69981272,-2.30872353,-0.01564026,0.73615170,0.44822693,3.82496357,-1.64945872,-2.30849442,-0.01602173,0.73589783,0.44630397,-2.64387067,-1.62924082,-2.30834206,-0.01640320,0.74683285,0.38986206,0.23925781,-0.02441406,0.00488281,-0.01464844,-0.01464844,0.33691406,0.41122437,1.40304475,1.39884949,0.07324219
13.46176195,4720,-2.45275433,-1.69981272,-2.30872353,-0.01564026,0.73615170,0.44975281,3.82808815,-1.64945872,-2.30856056,-0.01602173,0.73581204,0.44840199,-2.63967450,-1.62962229,-2.30834206,-0.01640320,0.74645138,0.39329529,0.24414062,-0.02441406,0.00976562,-0.01464844,-0.00000000,0.27832031,0.41122437,1.40304536,1.40037537,0.02441406
13.47706008,4725,-2.44970258,-1.69981272,-2.30834206,-0.01564026,0.73615170,0.45089722,3.83109492,-1.64945872,-2.30847469,-0.01602173,0.73578393,0.44982909,-2.63624127,-1.63000376,-2.30834206,-0.01640320,0.74568844,0.39710999,0.23925781,-0.02441406,0.00976562,-0.02929688,-0.02929688,0.21972656,0.41122437,1.40304556,1.40075684,0.00000000
13.49280143,4730,-2.44741376,-1.69981272,-2.30834206,-0.01564026,0.73615170,0.45318604,3.83388706,-1.64945872,-2.30849538,-0.01599048,0.73577472,0.45168515,-2.63280805,-1.63000376,-2.30834206,-0.01640320,0.74530697,0.39978027,0.23925781,-0.01953125,0.00488281,-0.02929688,-0.02929688,0.24902344,0.41122437,1.40290500,1.40075684,-0.04882812
13.50631022,4735,-2.44512494,-1.69981272,-2.30872353,-0.01525879,0.73615170,0.45547485,3.83629198,-1.64945872,-2.30846859,-0.01593519,0.73577170,0.45371302,-2.62899335,-1.63038523,-2.30834206,-0.01640320,0.74492550,0.40550232,0.23925781,-0.03417969,0.00488281,-0.01464844,-0.00000000,0.27832031,0.41122437,1.40299956,1.40075684,-0.02441406
13.51937890,4740,-2.44283612,-1.69981272,-2.30872353,-0.01525879,0.73615170,0.45852661,3.83853876,-1.64945872,-2.30845982,-0.01579794,0.73577071,0.45634920,-2.62594159,-1.63076670,-2.30834206,-0.01640320,0.74492550,0.40855408,0.23925781,-0.02929688,-0.00000000,-0.02929688,-0.01464844,0.24902344,0.41122437,1.40285477,1.40075684,-0.04882812
13.53316522,4745,-2.44131024,-1.69981272,-2.30834206,-0.01564026,0.73615170,0.46081543,3.84053915,-1.64945872,-2.30849051,-0.01594840,0.73577039,0.45913904,-2.62212689,-1.63114817,-2.30834206,-0.01640320,0.74454403,0.41427612,0.23437500,-0.02929688,0.00488281,0.01464844,-0.01464844,0.36621094,0.41122437,1.40279854,1.40113831,0.00000000
13.54740739,4750,-2.43978436,-1.69981272,-2.30872353,-0.01525879,0.73500729,0.46157837,3.84214239,-1.64945872,-2.30853731,-0.01581154,0.73525136,0.46070874,-2.61869367,-1.63152964,-2.30834206,-0.01640320,0.74416256,0.41618347,0.23925781,-0.03417969,-0.00000000,-0.01464844,-0.01464844,0.08789062,0.41122437,1.40296468,1.40113831,-0.02441406
13.56280422,4755,-2.43825848,-1.69981272,-2.30834206,-0.01525879,0.73424435,0.46195984,3.84370143,-1.64945872,-2.30852518,-0.01569638,0.73456835,0.46151863,-2.61526044,-1.63191111,-2.30834206,-0.01640320,0.74339963,0.41885376,0.23437500,-0.02441406,0.00976562,-0.01464844,-0.04394531,0.20507812,0.41122437,1.40289705,1.40113831,-0.04882812
13.57795238,4760,-2.43673261,-1.69981272,-2.30872353,-0.01525879,0.73348141,0.46272278,3.84533046,-1.64945872,-2.30847836,-0.01565865,0.73383160,0.46220906,-2.61144574,-1.63229258,-2.30834206,-0.01640320,0.74263669,0.42266846,0.21972656,-0.02441406,0.00488281,-0.01464844,-0.04394531,0.19042969,0.41122437,1.40281239,1.40113831,-0.02441406
13.59233475,4765,-2.43558820,-1.69981272,-2.30834206,-0.01525879,0.73309994,0.46386719,3.84670398,-1.64945872,-2.30838672,-0.01564629,0.73311447,0.46307336,-2.60877545,-1.63267405,-2.30834206,-0.01640320,0.74187375,0.42419434,0.22460938,-0.01953125,0.00488281,-0.01464844,-0.02929688,0.13183594,0.41122437,1.40296922,1.40113831,-0.02441406
13.60855269,4770,-2.43444379,-1.69981272,-2.30834206,-0.01525879,0.73271847,0.46463013,3.84786243,-1.64945872,-2.30835669,-0.01564223,0.73259176,0.46393983,-2.60534223,-1.63267405,-2.30834206,-0.01640320,0.74072934,0.42762756,0.22949219,-0.01953125,0.00488281,-0.02929688,-0.05859375,0.30761719,0.41084290,1.40257017,1.40151978,0.00000000
13.61985564,4775,-2.43406232,-1.69981272,-2.30834206,-0.01525879,0.73233700,0.46463013,3.84867868,-1.64945872,-2.30834686,-0.01564091,0.73223433,0.46440393,-2.60190900,-1.63305552,-2.30834206,-0.01640320,0.73996640,0.43106079,0.21972656,-0.01953125,0.00488281,0.00000000,-0.04394531,0.17578125,0.41084290,1.40247456,1.40113831,-0.04882812
13.63520885,4780,-2.43406232,-1.69981272,-2.30834206,-0.01449585,0.73157406,0.46463013,3.84897740,-1.64945872,-2.30840467,-0.01533896,0.73174537,0.46455601,-2.59847577,-1.63343699,-2.30834206,-0.01640320,0.73920346,0.43220520,0.21972656,-0.02929688,0.00488281,-0.02929688,-0.02929688,0.07324219,0.41084290,1.40240808,1.40113831,-0.02441406
13.65175033,4785,-2.43368085,-1.69981272,-2.30834206,-0.01373291,0.73119259,0.46463013,3.84921261,-1.64945872,-2.30836257,-0.01470510,0.73118757,0.46460584,-2.59466107,-1.63381846,-2.30834206,-0.01640320,0.73805905,0.43830872,0.21972656,-0.02441406,-0.00000000,-0.01464844,-0.07324219,0.36621094,0.41084290,1.40232379,1.40113831,-0.02441406
13.66565442,4790,-2.43329938,-1.69981272,-2.30834206,-0.01220703,0.72966672,0.46463013,3.84948512,-1.64945872,-2.30834878,-0.01356381,0.73015909,0.46462217,-2.59199078,-1.63419993,-2.30834206,-0.01640320,0.73729611,0.44059753,0.20507812,-0.03906250,0.00488281,0.00000000,-0.02929688,0.13183594,0.41084290,1.40235868,1.40113831,-0.02441406
13.67950225,4795,-2.43253644,-1.69981272,-2.30834206,-0.01029968,0.72890378,0.46463013,3.85005611,-1.64945872,-2.30834426,-0.01198756,0.72920904,0.46462752,-2.58932050,-1.63458140,-2.30834206,-0.01640320,0.73691464,0.44059753,0.20507812,-0.02929688,0.00488281,-0.01464844,-0.00000000,-0.01464844,0.41084290,1.40230761,1.40113831,-0.04882812
13.69214463,4800,-2.43177350,-1.69943125,-2.30834206,-0.00953674,0.72775937,0.46463013,3.85077812,-1.64923350,-2.30834278,-0.01069786,0.72829873,0.46462927,-2.58626874,-1.63496287,-2.30834206,-0.01640320,0.73691464,0.44174194,0.20507812,-0.02441406,0.00488281,-0.01464844,-0.00000000,0.07324219,0.41084290,1.40229087,1.40113831,-0.04882812
13.70502973,4805,-2.43101056,-1.69943125,-2.30834206,-0.00915527,0.72661496,0.46463013,3.85146661,-1.64912845,-2.30834230,-0.00998753,0.72716071,0.46462985,-2.58359845,-1.63496287,-2.30834206,-0.01640320,0.73653317,0.44288635,0.19042969,-0.02929688,0.00976562,-0.01464844,-0.01464844,0.07324219,0.41084290,1.40242601,1.40113831,-0.02441406
13.71824956,4810,-2.43062909,-1.69943125,-2.30834206,-0.00839233,0.72623349,0.46463013,3.85212886,-1.64909403,-2.30834214,-0.00929066,0.72631210,0.46463004,-2.58169110,-1.63534434,-2.30834206,-0.01602173,0.73653317,0.44403076,0.20996094,-0.02929688,0.00488281,-0.01464844,0.01464844,0.13183594,0.41084290,1.40240780,1.40113831,0.00000000
13.73306036,4815,-2.42948468,-1.69904978,-2.30834206,-0.00839233,0.72547055,0.46463013,3.85297416,-1.64885753,-2.30834208,-0.00894317,0.72556015,0.46463010,-2.57787640,-1.63572581,-2.30834206,-0.01602173,0.73577023,0.44631958,0.18554688,-0.01464844,0.00976562,0.02929688,-0.01464844,0.02929688,0.41084290,1.40232370,1.40113831,-0.02441406
13.74968553,4820,-2.42872174,-1.69866831,-2.30834206,-0.00762939,0.72508908,0.46463013,3.85378607,-1.64861145,-2.30834207,-0.00849654,0.72501822,0.46463012,-2.57444318,-1.63572581,-2.30834206,-0.01525879,0.73500729,0.44670105,0.19531250,-0.01464844,0.00488281,0.01464844,-0.04394531,0.04394531,0.41084290,1.40229615,1.40151978,-0.04882812
13.76310086,4825,-2.42795880,-1.69866831,-2.30834206,-0.00762939,0.72470761,0.46463013,3.85460411,-1.64841168,-2.30834206,-0.00817001,0.72462323,0.46463012,-2.57215436,-1.63610728,-2.30834206,-0.01525879,0.73424435,0.44822693,0.18066406,-0.01953125,0.00488281,0.00000000,-0.05859375,0.08789062,0.41084290,1.40228712,1.40151978,0.02441406
13.77643132,4830,-2.42681439,-1.69866831,-2.30834206,-0.00724792,0.72470761,0.46463013,3.85554148,-1.64834622,-2.30834206,-0.00783779,0.72442349,0.46463013,-2.56948407,-1.63610728,-2.30834206,-0.01487732,0.73309994,0.44937134,0.18554688,-0.02441406,0.00488281,0.02929688,-0.07324219,0.05859375,0.41084290,1.40228416,1.40151978,-0.02441406
13.79012752,4835,-2.42605145,-1.69828685,-2.30834206,-0.00724792,0.72470761,0.46463013,3.85642261,-1.64809955,-2.30834206,-0.00769768,0.72435804,0.46463013,-2.56719525,-1.63648875,-2.30834206,-0.01487732,0.73233700,0.44975281,0.18554688,-0.01953125,0.00488281,-0.02929688,-0.07324219,0.04394531,0.41084290,1.40228319,1.40151978,-0.02441406
13.80365205,4840,-2.42414411,-1.69828685,-2.30834206,-0.00686646,0.72470761,0.46463013,3.85779008,-1.64798747,-2.30834206,-0.00742655,0.72433659,0.46463013,-2.56452496,-1.63648875,-2.30834206,-0.01487732,0.73004818,0.45127869,0.18066406,-0.01464844,0.00488281,-0.01464844,-0.13183594,0.07324219,0.41084290,1.40220474,1.40151978,-0.04882812
13.81791019,4845,-2.42261823,-1.69828685,-2.30834206,-0.00686646,0.72432614,0.46501160,3.85933631,-1.64795074,-2.30834206,-0.00730646,0.72407309,0.46475525,-2.56147321,-1.63687022,-2.30834206,-0.01449585,0.72814084,0.45318604,0.19531250,-0.01464844,0.00488281,-0.01464844,-0.11718750,0.16113281,0.41084290,1.40225717,1.40151978,-0.02441406
13.83384991,4850,-2.42147382,-1.69828685,-2.30834206,-0.00686646,0.72432614,0.46577454,3.86069052,-1.64793871,-2.30834206,-0.00726710,0.72398675,0.46519005,-2.55880292,-1.63687022,-2.30834206,-0.01373291,0.72699643,0.45394897,0.16601562,-0.00976562,0.00488281,0.02929688,-0.02929688,0.00000000,0.41084290,1.40227434,1.40113831,-0.02441406
13.85082674,4855,-2.41994794,-1.69828685,-2.30834206,-0.00686646,0.72432614,0.46768188,3.86208202,-1.64793476,-2.30834206,-0.00725421,0.72395846,0.46635511,-2.55536969,-1.63725169,-2.30834206,-0.01335144,0.72661496,0.45471191,0.19042969,-0.01953125,0.00488281,0.02929688,-0.00000000,0.04394531,0.41084290,1.40227997,1.40151978,-0.02441406
13.86417818,4860,-2.41804059,-1.69828685,-2.30834206,-0.00610352,0.72432614,0.46806335,3.86367922,-1.64793347,-2.30834206,-0.00691722,0.72394919,0.46747235,-2.55346234,-1.63725169,-2.30834206,-0.01296997,0.72661496,0.45623779,0.18066406,-0.02441406,0.00488281,0.02929688,0.01464844,0.08789062,0.41084290,1.40228182,1.40151978,-0.02441406
13.88051152,4865,-2.41575177,-1.69828685,-2.30834206,-0.00610352,0.72432614,0.46806335,3.86559102,-1.64793305,-2.30834206,-0.00662662,0.72394615,0.46786969,-2.55041058,-1.63763316,-2.30834206,-0.01182556,0.72699643,0.45661926,0.17578125,-0.01464844,-0.00000000,0.04394531,0.05859375,0.00000000,0.41084290,1.40228242,1.40151978,-0.02441406
13.89572263,4870,-2.41422589,-1.69828685,-2.30834206,-0.00610352,0.72394467,0.46806335,3.86748603,-1.64793291,-2.30834206,-0.00653140,0.72368868,0.46799990,-2.54774030,-1.63801463,-2.30834206,-0.01106262,0.72699643,0.45700073,0.17578125,-0.02929688,0.00488281,0.02929688,0.02929688,0.02929688,0.41084290,1.40216055,1.40151978,-0.02441406
13.90860510,4875,-2.41308148,-1.69828685,-2.30834206,-0.00572205,0.72394467,0.46806335,3.86914446,-1.64793286,-2.30834206,-0.00627497,0.72360432,0.46804256,-2.54545148,-1.63801463,-2.30834206,-0.01106262,0.72699643,0.45738220,0.16601562,-0.02441406,-0.00000000,-0.01464844,-0.00000000,0.00000000,0.41084290,1.40218018,1.40151978,-0.02441406
13.92124152,4880,-2.41117413,-1.69790538,-2.30834206,-0.00534058,0.72356320,0.46806335,3.87063968,-1.64779552,-2.30834206,-0.00593448,0.72343934,0.46805654,-2.54316266,-1.63839610,-2.30834206,-0.01106262,0.72699643,0.45852661,0.17089844,-0.01464844,0.00488281,-0.02929688,0.01464844,0.05859375,0.41084290,1.40224912,1.40151978,-0.02441406
13.93647480,4885,-2.40964826,-1.69790538,-2.30834206,-0.00534058,0.72241879,0.46806335,3.87227465,-1.64763137,-2.30834206,-0.00575259,0.72277847,0.46806112,-2.54049237,-1.63839610,-2.30834206,-0.01144409,0.72661496,0.46119690,0.16113281,-0.00976562,0.00488281,-0.02929688,-0.01464844,0.19042969,0.41084290,1.40227171,1.40151978,-0.02441406
13.95037913,4890,-2.40850385,-1.69752391,-2.30834206,-0.00495911,0.72165585,0.46806335,3.87364231,-1.64732112,-2.30834206,-0.00551465,0.72183755,0.46806262,-2.53782208,-1.63839610,-2.30834206,-0.01106262,0.72661496,0.46424866,0.16113281,-0.00976562,0.00488281,0.01464844,0.02929688,0.16113281,0.41084290,1.40227911,1.40151978,-0.02441406
13.96250772,4895,-2.40774091,-1.69714244,-2.30834206,-0.00419617,0.72051144,0.46806335,3.87464247,-1.64703329,-2.30834206,-0.00509610,0.72094000,0.46806311,-2.53591473,-1.63877757,-2.30834206,-0.01068115,0.72623349,0.46386719,0.17089844,-0.00976562,0.00488281,0.00000000,0.01464844,-0.04394531,0.41084290,1.40228153,1.40151978,-0.02441406
13.97767305,4900,-2.40735944,-1.69637950,-2.30834206,-0.00305176,0.71822262,0.46806335,3.87531895,-1.64665505,-2.30834206,-0.00422861,0.71958656,0.46806328,-2.53324445,-1.63877757,-2.30834206,-0.01068115,0.72661496,0.46386719,0.17089844,-0.00488281,0.00488281,-0.01464844,0.01464844,0.00000000,0.41084290,1.40228233,1.40151978,-0.04882812
13.99331498,4905,-2.40697797,-1.69523509,-2.30834206,-0.00114441,0.71631527,0.46806335,3.87588498,-1.64568308,-2.30834206,-0.00271229,0.71743152,0.46806333,-2.53133710,-1.63877757,-2.30834206,-0.01068115,0.72661496,0.46386719,0.17089844,-0.00976562,0.00488281,0.00000000,0.01464844,-0.01464844,0.41046143,1.40184777,1.40151978,0.00000000
14.00808620,4910,-2.40621503,-1.69370921,-2.30834206,0.00076294,0.71364499,0.46806335,3.87643447,-1.64457992,-2.30834206,-0.00094528,0.71524159,0.46806335,-2.52828534,-1.63877757,-2.30834206,-0.01029968,0.72623349,0.46386719,0.17089844,-0.00976562,0.00488281,0.00000000,-0.00000000,-0.01464844,0.41046143,1.40198761,1.40151978,-0.02441406
14.02509761,4915,-2.40545209,-1.69180186,-2.30834206,0.00076294,0.71135617,0.46806335,3.87709622,-1.64290630,-2.30834206,-0.00005328,0.71303401,0.46806335,-2.52561505,-1.63915904,-2.30834206,-0.00953674,0.72585202,0.46386719,0.14648438,-0.02441406,0.00976562,0.04394531,-0.01464844,-0.01464844,0.41084290,1.40196629,1.40151978,-0.02441406
14.03993773,4920,-2.40507062,-1.68951304,-2.30834206,0.00114441,0.70944882,0.46806335,3.87766182,-1.64078782,-2.30834206,0.00031530,0.71069771,0.46806335,-2.52332623,-1.63915904,-2.30834206,-0.00877380,0.72508908,0.46424866,0.14648438,-0.01953125,0.00488281,0.05859375,-0.02929688,0.00000000,0.41084290,1.40195930,1.40151978,-0.02441406
14.05348873,4925,-2.40430768,-1.68684275,-2.30834206,0.00152588,0.70716000,0.46806335,3.87826780,-1.63841749,-2.30834206,0.00075359,0.70873171,0.46806335,-2.52103742,-1.63954051,-2.30834206,-0.00762939,0.72470761,0.46424866,0.14648438,-0.01464844,0.00488281,0.04394531,-0.02929688,0.00000000,0.41046143,1.40176146,1.40151978,-0.02441406
14.06479144,4930,-2.40392621,-1.68455394,-2.30834206,0.00190735,0.70525265,0.46806335,3.87875409,-1.63610196,-2.30834206,0.00115367,0.70668601,0.46806335,-2.51913007,-1.63954051,-2.30834206,-0.00724792,0.72394467,0.46424866,0.13671875,-0.01953125,0.00488281,0.05859375,-0.02929688,-0.01464844,0.41046143,1.40189682,1.40151978,-0.02441406
14.08010221,4935,-2.40392621,-1.68035777,-2.30834206,0.00228882,0.70181943,0.46806335,3.87909362,-1.63290144,-2.30834206,0.00148021,0.70387688,0.46806335,-2.51684125,-1.63992198,-2.30834206,-0.00648499,0.72241879,0.46424866,0.15136719,-0.00976562,0.00488281,0.04394531,-0.08789062,0.00000000,0.41084290,1.40215627,1.40151978,-0.02441406
14.09599352,4940,-2.40392621,-1.67730601,-2.30834206,0.00343323,0.69876767,0.46768188,3.87920487,-1.62956411,-2.30834206,0.00226726,0.70072884,0.46798706,-2.51455243,-1.63992198,-2.30834206,-0.00495911,0.72127438,0.46424866,0.15625000,-0.00488281,0.00488281,0.08789062,-0.08789062,-0.02929688,0.41084290,1.40224128,1.40151978,-0.04882812
14.11191559,4945,-2.40392621,-1.67310984,-2.30834206,0.00419617,0.69571591,0.46806335,3.87924133,-1.62574898,-2.30834206,0.00327638,0.69776272,0.46803835,-2.51264508,-1.63992198,-2.30834206,-0.00343323,0.71974850,0.46424866,0.12695312,0.00000000,0.00488281,0.10253906,-0.08789062,0.00000000,0.41084290,1.40226914,1.40151978,-0.02441406
14.12565827,4950,-2.40392621,-1.66853221,-2.30834206,0.00419617,0.69075680,0.46806335,3.87925328,-1.62168536,-2.30834206,0.00363830,0.69399037,0.46805516,-2.50997479,-1.63992198,-2.30834206,-0.00267029,0.71822262,0.46463013,0.14160156,0.00000000,0.00488281,0.01464844,-0.07324219,-0.01464844,0.41122437,1.40265058,1.40151978,-0.02441406
14.13773751,4955,-2.40392621,-1.66509898,-2.30834206,0.00419617,0.68732358,0.46806335,3.87925719,-1.61779410,-2.30834206,0.00375690,0.69002658,0.46806067,-2.50844891,-1.63992198,-2.30834206,-0.00267029,0.71745968,0.46463013,0.14648438,0.00000000,0.00488281,-0.02929688,-0.04394531,0.00000000,0.41084290,1.40254388,1.40151978,-0.04882812
14.15048862,4960,-2.40392621,-1.66090281,-2.30834206,0.00419617,0.68274594,0.46806335,3.87925847,-1.61393174,-2.30834206,0.00379576,0.68601533,0.46806247,-2.50654157,-1.63954051,-2.30834206,-0.00267029,0.71669674,0.46463013,0.12207031,0.00000000,0.00488281,0.00000000,-0.02929688,0.01464844,0.41122437,1.40275916,1.40151978,-0.04882812
14.16344619,4965,-2.40392621,-1.65785105,-2.30834206,0.00419617,0.68007565,0.46806335,3.87925889,-1.61008604,-2.30834206,0.00380849,0.68212682,0.46806307,-2.50463422,-1.63954051,-2.30834206,-0.00267029,0.71517087,0.46463013,0.14160156,0.00488281,0.00488281,-0.01464844,-0.13183594,0.00000000,0.41122437,1.40281115,1.40151978,-0.02441406
14.18066573,4970,-2.40392621,-1.65174754,-2.30834206,0.00419617,0.67702389,0.46806335,3.87925903,-1.60555439,-2.30834206,0.00381266,0.67890293,0.46800222,-2.50234540,-1.63915904,-2.30834206,-0.00267029,0.71211911,0.46501160,0.14160156,0.01464844,0.00488281,-0.01464844,-0.20507812,-0.01464844,0.41122437,1.40309088,1.40151978,0.00000000
14.19502211,4975,-2.40392621,-1.64755137,-2.30834206,0.00419617,0.67473507,0.46806335,3.87925908,-1.60090699,-2.30834206,0.00381403,0.67648349,0.46804332,-2.50043805,-1.63839610,-2.30834206,-0.00228882,0.70868588,0.46501160,0.11718750,0.04882812,-0.00000000,0.00000000,-0.17578125,-0.01464844,0.41122437,1.40335833,1.40190125,-0.02441406
14.21097350,4980,-2.40392621,-1.64259227,-2.30834206,0.00419617,0.67130185,0.46806335,3.87925909,-1.59585862,-2.30834206,0.00381448,0.67330238,0.46805679,-2.49853070,-1.63763316,-2.30834206,-0.00190735,0.70448971,0.46539307,0.13183594,0.05859375,0.00488281,0.02929688,-0.26367188,0.00000000,0.41198730,1.40391129,1.40151978,-0.04882812
14.22491169,4985,-2.40392621,-1.63915904,-2.30834206,0.00419617,0.66748715,0.46806335,3.87925910,-1.59172866,-2.30834206,0.00381463,0.66986766,0.46806120,-2.49700482,-1.63687022,-2.30834206,-0.00152588,0.70029355,0.46539307,0.13183594,0.05371094,0.00488281,0.01464844,-0.30761719,0.00000000,0.41275024,1.40508028,1.40151978,-0.04882812
14.23795104,4990,-2.40392621,-1.63648875,-2.30834206,0.00419617,0.66405392,0.46806335,3.87925910,-1.58849706,-2.30834206,0.00381467,0.66636314,0.46806265,-2.49547894,-1.63610728,-2.30834206,-0.00114441,0.69800473,0.46577454,0.11718750,0.04394531,0.00488281,0.01464844,-0.13183594,0.00000000,0.41465759,1.40735128,1.40151978,0.00000000
14.25226116,4995,-2.40392621,-1.63229258,-2.30834206,0.00419617,0.65985776,0.46806335,3.87925910,-1.58482838,-2.30834206,0.00381469,0.66242487,0.46806312,-2.49357160,-1.63496287,-2.30834206,-0.00076294,0.69571591,0.46577454,0.10253906,0.06347656,-0.00000000,0.02929688,-0.16113281,0.00000000,0.41618347,1.41106223,1.40190125,0.00000000
14.26798272,5000,-2.40392621,-1.62847789,-2.30834206,0.00419617,0.65528012,0.46806335,3.87925910,-1.58107374,-2.30834206,0.00381469,0.65807822,0.46806328,-2.49128278,-1.63419993,-2.30834206,0.00000000,0.69419003,0.46615601,0.12207031,0.03906250,0.00488281,0.00000000,-0.08789062,0.00000000,0.41656494,1.41285368,1.40190125,0.00000000
14.28066063,5005,-2.40392621,-1.62618907,-2.30834206,0.00381470,0.65299130,0.46806335,3.87925910,-1.57815177,-2.30834206,0.00367737,0.65485288,0.46806333,-2.48975690,-1.63343699,-2.30834206,0.00000000,0.69304562,0.46653748,0.12695312,0.06347656,0.00488281,0.00000000,-0.07324219,0.00000000,0.41656494,1.41344070,1.40190125,-0.02441406
14.29517627,5010,-2.40392621,-1.62351878,-2.30834206,0.00381470,0.64879513,0.46806335,3.87925910,-1.57546005,-2.30834206,0.00351323,0.65153246,0.46806335,-2.48823102,-1.63229258,-2.30834206,0.00038147,0.69190121,0.46653748,0.11230469,0.06347656,0.00488281,0.01464844,-0.05859375,0.00000000,0.41694641,1.41390771,1.40228271,0.00000000
14.30989170,5015,-2.40392621,-1.62161143,-2.30834206,0.00381470,0.64536191,0.46768188,3.87925910,-1.57325466,-2.30834206,0.00345944,0.64800728,0.46798706,-2.48670514,-1.63114817,-2.30834206,0.00038147,0.68999386,0.46653748,0.09765625,0.07812500,0.00976562,-0.01464844,-0.14648438,-0.01464844,0.41694641,1.41415840,1.40228271,-0.02441406
14.32546043,5020,-2.40392621,-1.61970408,-2.30834206,0.00381470,0.64231015,0.46806335,3.87925910,-1.57106947,-2.30834206,0.00344182,0.64472227,0.46803835,-2.48517926,-1.63000376,-2.30834206,0.00038147,0.68732358,0.46691895,0.10742188,0.06347656,-0.00000000,-0.01464844,-0.21972656,0.00000000,0.41694641,1.41438117,1.40266418,0.00000000
14.33939171,5025,-2.40392621,-1.61817820,-2.30834206,0.00381470,0.63811398,0.46806335,3.87925910,-1.56902823,-2.30834206,0.00343604,0.64061715,0.46805516,-2.48327191,-1.62885936,-2.30834206,0.00038147,0.68312741,0.46691895,0.11718750,0.07812500,0.00488281,-0.02929688,-0.23437500,-0.01464844,0.41694641,1.41445417,1.40266418,0.00000000
14.35425615,5030,-2.40392621,-1.61703379,-2.30834206,0.00381470,0.63315487,0.46806335,3.87925910,-1.56769982,-2.30834206,0.00343415,0.63617616,0.46806067,-2.48212750,-1.62771495,-2.30834206,0.00038147,0.67816830,0.46691895,0.09277344,0.08789062,0.00488281,0.01464844,-0.30761719,0.00000000,0.41656494,1.41402765,1.40304565,0.00000000
14.36793566,5035,-2.40392621,-1.61627085,-2.30834206,0.00381470,0.63124753,0.46768188,3.87921027,-1.56660266,-2.30834206,0.00343353,0.63277795,0.46787632,-2.48060162,-1.62657054,-2.30834206,0.00076294,0.67359067,0.46691895,0.09277344,0.05859375,0.00488281,-0.02929688,-0.29296875,-0.02929688,0.41656494,1.41382539,1.40380859,0.00000000
14.38209248,5040,-2.40430768,-1.61512644,-2.30834206,0.00381470,0.62972165,0.46806335,3.87898663,-1.56562265,-2.30834206,0.00343333,0.63068737,0.46800207,-2.47907575,-1.62542613,-2.30834206,0.00076294,0.66977597,0.46691895,0.10742188,0.07812500,0.00488281,0.00000000,-0.20507812,-0.01464844,0.41656494,1.41375911,1.40647888,0.14648438
14.39878893,5045,-2.40430768,-1.61474498,-2.30834206,0.00381470,0.62895871,0.46806335,3.87891334,-1.56482582,-2.30834206,0.00343326,0.62929994,0.46804327,-2.47716840,-1.62428172,-2.30834206,0.00076294,0.66672421,0.46730042,0.10742188,0.06835938,0.00488281,-0.01464844,-0.16113281,-0.02929688,0.41656494,1.41373739,1.40647888,0.00000000
14.41421700,5050,-2.40430768,-1.61436351,-2.30834206,0.00381470,0.62895871,0.46768188,3.87888933,-1.56439613,-2.30834206,0.00343324,0.62876522,0.46788038,-2.47564252,-1.62313731,-2.30834206,0.00114441,0.66557980,0.46730042,0.08789062,0.08300781,0.00488281,0.01464844,-0.05859375,0.00000000,0.41618347,1.41337749,1.40647888,-0.02441406
14.42686605,5055,-2.40430768,-1.61398204,-2.30834206,0.00343323,0.62819577,0.46806335,3.87888146,-1.56399886,-2.30834206,0.00324707,0.62824504,0.46800340,-2.47449811,-1.62161143,-2.30834206,0.00152588,0.66481686,0.46730042,0.08789062,0.07812500,0.00488281,0.00000000,-0.02929688,0.00000000,0.41656494,1.41347172,1.40647888,0.00000000
14.43966126,5060,-2.40430768,-1.61398204,-2.30834206,0.00343323,0.62743283,0.46806335,3.87887888,-1.56374955,-2.30834206,0.00311576,0.62765393,0.46804371,-2.47335370,-1.62084849,-2.30834206,0.00152588,0.66405392,0.46730042,0.07812500,0.06835938,0.00488281,0.00000000,-0.04394531,-0.02929688,0.41656494,1.41336099,1.40647888,0.00000000
14.45789742,5065,-2.40468915,-1.61398204,-2.30834206,0.00305176,0.62705136,0.46806335,3.87869188,-1.56366785,-2.30834206,0.00281626,0.62702359,0.46805692,-2.47182782,-1.61932261,-2.30834206,0.00190735,0.66138363,0.46730042,0.08789062,0.07324219,0.00488281,0.00000000,-0.16113281,-0.01464844,0.41618347,1.41326978,1.40686035,0.00000000
14.47223949,5070,-2.40468915,-1.61398204,-2.30834206,0.00267029,0.62666989,0.46806335,3.87856029,-1.56364108,-2.30834206,0.00249290,0.62656057,0.46806124,-2.46992047,-1.61817820,-2.30834206,0.00228882,0.65718747,0.46730042,0.09765625,0.06835938,0.00976562,0.01464844,-0.21972656,0.00000000,0.41618347,1.41318618,1.40647888,-0.02441406
14.48550725,5075,-2.40507062,-1.61360057,-2.30834206,0.00190735,0.62666989,0.46806335,3.87833102,-1.56340709,-2.30834206,0.00205418,0.62637760,0.46801384,-2.46915753,-1.61741526,-2.30834206,0.00267029,0.65375424,0.46730042,0.06835938,0.05371094,0.00976562,0.02929688,-0.29296875,-0.01464844,0.41618347,1.41303671,1.40647888,-0.02441406
14.49971724,5080,-2.40583356,-1.61360057,-2.30834206,0.00076294,0.62705136,0.46806335,3.87788406,-1.56329916,-2.30834206,0.00126015,0.62650380,0.46800807,-2.46801312,-1.61665232,-2.30834206,0.00343323,0.64917660,0.46730042,0.07812500,0.06835938,0.00488281,0.02929688,-0.33691406,-0.01464844,0.41618347,1.41298774,1.40686035,-0.02441406
14.51422048,5085,-2.40659650,-1.61321910,-2.30834206,-0.00038147,0.62705136,0.46806335,3.87711480,-1.56318750,-2.30834206,0.00003280,0.62661546,0.46804524,-2.46686871,-1.61550791,-2.30834206,0.00381470,0.64574338,0.46730042,0.07324219,0.05371094,0.00488281,0.00000000,-0.19042969,-0.01464844,0.41618347,1.41309376,1.40686035,-0.02441406
14.52995729,5090,-2.40735944,-1.61321910,-2.30834206,-0.00076294,0.62705136,0.46768188,3.87643768,-1.56297074,-2.30834206,-0.00068835,0.62665206,0.46794987,-2.46534284,-1.61474498,-2.30834206,0.00381470,0.64383603,0.46730042,0.07812500,0.07812500,-0.00000000,-0.01464844,-0.13183594,-0.01464844,0.41656494,1.41351937,1.40686035,-0.02441406
14.54280567,5095,-2.40926679,-1.61283763,-2.30834206,-0.00152588,0.62705136,0.46768188,3.87525474,-1.56282342,-2.30834206,-0.00132773,0.62666405,0.46780876,-2.46457990,-1.61360057,-2.30834206,0.00381470,0.64269162,0.46730042,0.09277344,0.06835938,0.00488281,-0.01464844,-0.07324219,-0.01464844,0.41656494,1.41329848,1.40686035,0.00000000
14.55651164,5100,-2.41079266,-1.61283763,-2.30834206,-0.00152588,0.62743283,0.46768188,3.87368255,-1.56259497,-2.30834206,-0.00171742,0.62680530,0.46772346,-2.46343549,-1.61245616,-2.30834206,0.00381470,0.64269162,0.46730042,0.06347656,0.08789062,0.00488281,0.00000000,0.02929688,-0.01464844,0.41656494,1.41322610,1.40686035,-0.02441406
14.57364988,5105,-2.41270001,-1.61207469,-2.30834206,-0.00152588,0.62781430,0.46768188,3.87189479,-1.56207748,-2.30834206,-0.00184511,0.62704703,0.46769551,-2.46229108,-1.61131175,-2.30834206,0.00381470,0.64345456,0.46730042,0.06347656,0.05859375,0.00976562,-0.02929688,0.05859375,-0.02929688,0.41618347,1.41304980,1.40724182,0.00000000
14.58934855,5110,-2.41537030,-1.61207469,-2.30834206,-0.00190735,0.62781430,0.46768188,3.86965284,-1.56183760,-2.30834206,-0.00206335,0.62730641,0.46768635,-2.46114667,-1.61016734,-2.30834206,0.00381470,0.64307309,0.46730042,0.05859375,0.07812500,0.00976562,-0.02929688,-0.02929688,-0.01464844,0.41656494,1.41314461,1.40724182,-0.02441406
14.60303402,5115,-2.41842206,-1.61093028,-2.30834206,-0.00190735,0.62819577,0.46730042,3.86723656,-1.56134994,-2.30834206,-0.00221494,0.62746770,0.46745813,-2.46000226,-1.60902293,-2.30834206,0.00381470,0.64269162,0.46730042,0.06347656,0.05859375,0.00488281,-0.02929688,-0.02929688,-0.02929688,0.41618347,1.41314516,1.40724182,-0.02441406
14.61532331,5120,-2.41994794,-1.61016734,-2.30834206,-0.00190735,0.62819577,0.46730042,3.86489988,-1.56041841,-2.30834206,-0.00226461,0.62770072,0.46735209,-2.45923932,-1.60864146,-2.30834206,0.00343323,0.64154721,0.46730042,0.07324219,0.04882812,0.00488281,-0.04394531,-0.08789062,-0.01464844,0.41618347,1.41330550,1.40724182,-0.02441406
14.62889171,5125,-2.42261823,-1.61016734,-2.30834206,-0.00305176,0.62819577,0.46691895,3.86250687,-1.56001161,-2.30834206,-0.00279981,0.62777708,0.46706088,-2.45885785,-1.60787852,-2.30834206,0.00343323,0.64002133,0.46730042,0.03417969,0.03906250,0.00488281,0.00000000,-0.11718750,-0.01464844,0.41618347,1.41321644,1.40724182,-0.04882812
14.64523745,5130,-2.42566998,-1.60978587,-2.30834206,-0.00495911,0.62819577,0.46653748,3.85971004,-1.55974097,-2.30834206,-0.00413839,0.62780210,0.46677930,-2.45771344,-1.60673411,-2.30834206,0.00343323,0.63887692,0.46730042,0.05859375,0.04882812,0.00488281,-0.02929688,-0.02929688,0.00000000,0.41618347,1.41314429,1.40724182,-0.02441406
14.65644073,5135,-2.42795880,-1.60864146,-2.30834206,-0.00686646,0.62819577,0.46615601,3.85723766,-1.55897517,-2.30834206,-0.00571825,0.62781030,0.46654042,-2.45733197,-1.60635264,-2.30834206,0.00305176,0.63849545,0.46730042,0.02929688,0.06347656,-0.00000000,-0.04394531,-0.01464844,0.00000000,0.41618347,1.41294486,1.40762329,0.00000000
14.67040205,5140,-2.43024762,-1.60825999,-2.30834206,-0.00877380,0.62819577,0.46615601,3.85497658,-1.55828759,-2.30834206,-0.00757932,0.62781299,0.46628197,-2.45656903,-1.60520823,-2.30834206,0.00228882,0.63811398,0.46730042,0.03906250,0.07324219,0.00976562,-0.05859375,-0.01464844,-0.01464844,0.41618347,1.41295764,1.40762329,-0.02441406
14.68713164,5145,-2.43253644,-1.60825999,-2.30834206,-0.00915527,0.62819577,0.46539307,3.85264803,-1.55803103,-2.30834206,-0.00886409,0.62781387,0.46589577,-2.45618756,-1.60406382,-2.30834206,0.00114441,0.63811398,0.46730042,0.02441406,0.05371094,0.00488281,-0.13183594,0.01464844,0.00000000,0.41618347,1.41296183,1.40800476,0.00000000
14.70182371,5150,-2.43520673,-1.60749705,-2.30834206,-0.00953674,0.62819577,0.46272278,3.85017761,-1.55764545,-2.30834206,-0.00945366,0.62781416,0.46446270,-2.45542462,-1.60291941,-2.30834206,-0.00076294,0.63773251,0.46730042,0.04394531,0.08300781,0.00488281,-0.11718750,-0.00000000,-0.02929688,0.41618347,1.41296320,1.40800476,-0.02441406
14.71479011,5155,-2.43825848,-1.60673411,-2.30834206,-0.01106262,0.62857724,0.45890808,3.84719086,-1.55694512,-2.30834206,-0.01052233,0.62789055,0.46150996,-2.45542462,-1.60215647,-2.30834206,-0.00152588,0.63696957,0.46730042,0.00488281,0.03417969,-0.00000000,-0.07324219,-0.04394531,-0.01464844,0.41618347,1.41296365,1.40838623,-0.02441406
14.73177266,5160,-2.44169171,-1.60635264,-2.30834206,-0.01144409,0.62895871,0.45394897,3.84430139,-1.55637909,-2.30834206,-0.01132821,0.62823308,0.45773710,-2.45504315,-1.60139353,-2.30834206,-0.00152588,0.63582516,0.46730042,0.01464844,0.06347656,0.00488281,-0.02929688,-0.07324219,0.00000000,0.41618347,1.41296380,1.40876770,-0.02441406
14.74606323,5165,-2.44436200,-1.60635264,-2.30834206,-0.01182556,0.62972165,0.44975281,3.84113985,-1.55612331,-2.30834206,-0.01188781,0.62882701,0.45340133,-2.45466168,-1.60063060,-2.30834206,-0.00228882,0.63429928,0.46730042,0.01464844,0.03906250,0.00976562,-0.02929688,-0.04394531,-0.02929688,0.41618347,1.41296384,1.40953064,0.04882812
14.76156974,5170,-2.44703229,-1.60597117,-2.30834206,-0.01182556,0.63010312,0.44555664,3.83820703,-1.55581427,-2.30834206,-0.01210243,0.62939724,0.44876000,-2.45428021,-1.60024913,-2.30834206,-0.00267029,0.63315487,0.46691895,0.00976562,0.03417969,-0.00000000,-0.05859375,-0.08789062,-0.05859375,0.41618347,1.41296386,1.41105652,0.14648438
14.77627301,5175,-2.45084699,-1.60558970,-2.30834206,-0.01144409,0.63048459,0.44097900,3.83488296,-1.55542528,-2.30834206,-0.01209646,0.62975268,0.44412048,-2.45428021,-1.59910472,-2.30834206,-0.00343323,0.63201047,0.46653748,0.01464844,0.05371094,0.00488281,-0.02929688,-0.04394531,-0.04394531,0.41618347,1.41296386,1.41220093,0.00000000
14.79050970,5180,-2.45351727,-1.60520823,-2.30834206,-0.01182556,0.63124753,0.43907166,3.83202823,-1.55504135,-2.30834206,-0.01210976,0.63025074,0.44094676,-2.45351727,-1.59834178,-2.30834206,-0.00381470,0.63162900,0.46539307,0.02441406,0.03906250,0.00488281,-0.04394531,0.01464844,-0.10253906,0.41618347,1.41296387,1.41220093,0.00000000
14.80580521,5185,-2.45656903,-1.60482676,-2.30834206,-0.01258850,0.63239193,0.43754578,3.82916017,-1.55477822,-2.30834206,-0.01238878,0.63110327,0.43902984,-2.45351727,-1.59719737,-2.30834206,-0.00381470,0.63162900,0.46348572,0.00000000,0.07324219,0.00488281,-0.02929688,-0.00000000,-0.11718750,0.41618347,1.41296387,1.41220093,-0.02441406
14.82294273,5190,-2.45962079,-1.60444529,-2.30834206,-0.01335144,0.63277340,0.43525696,3.82583951,-1.55443552,-2.30834206,-0.01314208,0.63189935,0.43683310,-2.45351727,-1.59643443,-2.30834206,-0.00419617,0.63201047,0.46310425,-0.00488281,0.04394531,0.00488281,-0.02929688,0.04394531,-0.07324219,0.41618347,1.41296387,1.41220093,-0.02441406
14.83600521,5195,-2.46267255,-1.60444529,-2.30834206,-0.01564026,0.63277340,0.43220520,3.82295842,-1.55420409,-2.30834206,-0.01461621,0.63223053,0.43437304,-2.45351727,-1.59567149,-2.30834206,-0.00495911,0.63201047,0.46195984,-0.00976562,0.04882812,-0.00000000,-0.05859375,0.02929688,-0.10253906,0.41618347,1.41296387,1.41296387,0.07324219
14.85152769,5200,-2.46496137,-1.60406382,-2.30834206,-0.01602173,0.63315487,0.43106079,3.82033881,-1.55394209,-2.30834206,-0.01578639,0.63256426,0.43242789,-2.45351727,-1.59452708,-2.30834206,-0.00534058,0.63162900,0.45890808,-0.00488281,0.03417969,0.00488281,-0.05859375,-0.00000000,-0.20507812,0.41618347,1.41296387,1.41296387,0.00000000
14.86748767,5205,-2.46725018,-1.60368235,-2.30834206,-0.01640320,0.63315487,0.42953491,3.81791035,-1.55356071,-2.30834206,-0.01633841,0.63270487,0.43088376,-2.45351727,-1.59376414,-2.30834206,-0.00801086,0.63162900,0.45433044,-0.00976562,0.03417969,0.00488281,-0.16113281,-0.00000000,-0.23437500,0.41618347,1.41296387,1.41258240,-0.04882812
14.88217020,5210,-2.47068341,-1.60368235,-2.30796059,-0.01754761,0.63353634,0.42839050,3.81504465,-1.55340449,-2.30820473,-0.01715736,0.63288828,0.42950681,-2.45351727,-1.59338267,-2.30834206,-0.00953674,0.63162900,0.45280457,-0.00976562,0.03906250,0.00488281,-0.13183594,0.02929688,-0.14648438,0.41618347,1.41296387,1.41258240,-0.02441406
14.89573050,5215,-2.47297223,-1.60368235,-2.30719765,-0.01831055,0.63391781,0.42762756,3.81240859,-1.55335330,-2.30777814,-0.01793865,0.63329274,0.42849384,-2.45351727,-1.59261973,-2.30834206,-0.01106262,0.63201047,0.45166016,-0.00976562,0.03906250,-0.00000000,-0.07324219,0.04394531,-0.07324219,0.41618347,1.41296387,1.41258240,0.00000000
14.90891981,5220,-2.47487958,-1.60368235,-2.30681618,-0.01907349,0.63391781,0.42610168,3.81013892,-1.55333652,-2.30725054,-0.01880770,0.63345652,0.42737432,-2.45389874,-1.59185679,-2.30834206,-0.01106262,0.63201047,0.44937134,-0.01464844,0.06347656,0.00976562,-0.02929688,0.04394531,-0.23437500,0.41656494,1.41311646,1.41258240,-0.02441406
14.92549944,5225,-2.47716840,-1.60368235,-2.30605324,-0.01945496,0.63391781,0.42114258,3.80765863,-1.55333103,-2.30656471,-0.01949933,0.63351019,0.42411477,-2.45428021,-1.59071238,-2.30834206,-0.01106262,0.63201047,0.44555664,-0.03906250,0.04394531,0.00488281,-0.02929688,0.01464844,-0.17578125,0.41618347,1.41301387,1.41258240,-0.02441406
14.94118166,5230,-2.47869428,-1.60368235,-2.30529030,-0.01945496,0.63391781,0.41732788,3.80585956,-1.55332923,-2.30595839,-0.01972597,0.63352777,0.42032232,-2.45504315,-1.58956797,-2.30834206,-0.01144409,0.63201047,0.44517517,-0.04882812,0.07812500,0.00488281,-0.04394531,-0.00000000,-0.01464844,0.41618347,1.41298025,1.41258240,-0.04882812
14.95373964,5235,-2.48098309,-1.60368235,-2.30490883,-0.01983643,0.63429928,0.41580200,3.80393288,-1.55332864,-2.30543293,-0.01998639,0.63375876,0.41749464,-2.45542462,-1.58918650,-2.30834206,-0.01144409,0.63162900,0.44479370,-0.02441406,0.02441406,0.00488281,-0.02929688,-0.00000000,-0.05859375,0.41618347,1.41296924,1.41258240,-0.02441406
14.96856451,5240,-2.48327191,-1.60368235,-2.30452736,-0.02059937,0.63429928,0.41503906,3.80163138,-1.55332844,-2.30489441,-0.02047480,0.63386569,0.41599410,-2.45542462,-1.58842356,-2.30834206,-0.01220703,0.63201047,0.44288635,-0.01464844,0.04882812,0.00488281,-0.04394531,0.01464844,-0.17578125,0.41618347,1.41296563,1.41258240,-0.02441406
14.98211455,5245,-2.48479779,-1.60368235,-2.30452736,-0.02059937,0.63429928,0.41465759,3.79978103,-1.55332838,-2.30464764,-0.02081502,0.63390074,0.41521468,-2.45580609,-1.58804209,-2.30834206,-0.01258850,0.63201047,0.44021606,-0.02441406,0.02929688,0.00488281,-0.05859375,0.02929688,-0.23437500,0.41618347,1.41296444,1.41258240,-0.04882812
14.99681640,5250,-2.48632367,-1.60368235,-2.30452736,-0.02250671,0.63468075,0.41465759,3.79814883,-1.55332836,-2.30456677,-0.02174693,0.63398851,0.41484014,-2.45618756,-1.58766062,-2.30834206,-0.01335144,0.63201047,0.43869019,-0.05859375,0.02441406,0.00488281,-0.05859375,0.02929688,-0.11718750,0.41618347,1.41296406,1.41258240,-0.02441406
15.00983667,5255,-2.48823102,-1.60368235,-2.30452736,-0.02479553,0.63468075,0.41465759,3.79634092,-1.55332835,-2.30454028,-0.02369171,0.63401727,0.41471741,-2.45695050,-1.58727915,-2.30834206,-0.01411438,0.63201047,0.43716431,-0.04394531,0.02929688,0.00488281,-0.07324219,-0.00000000,-0.11718750,0.41618347,1.41304205,1.41258240,-0.02441406
15.02528811,5260,-2.49013837,-1.60368235,-2.30452736,-0.02632141,0.63429928,0.41465759,3.79452719,-1.55332835,-2.30453159,-0.02549548,0.63395040,0.41467719,-2.45733197,-1.58651622,-2.30834206,-0.01487732,0.63201047,0.43678284,-0.04394531,0.04882812,0.00488281,-0.05859375,-0.00000000,-0.07324219,0.41618347,1.41298949,1.41258240,-0.04882812
15.03911161,5265,-2.49090131,-1.60368235,-2.30452736,-0.02670288,0.63429928,0.41465759,3.79326954,-1.55332835,-2.30452875,-0.02649340,0.63392849,0.41466402,-2.45771344,-1.58575328,-2.30834206,-0.01564026,0.63201047,0.43487549,-0.03417969,0.04882812,0.00488281,-0.07324219,0.01464844,-0.14648438,0.41618347,1.41297226,1.41258240,-0.02441406
15.05237222,5270,-2.49166425,-1.60368235,-2.30452736,-0.02784729,0.63429928,0.41465759,3.79224439,-1.55332835,-2.30452782,-0.02740963,0.63392131,0.41465970,-2.45847638,-1.58537181,-2.30834206,-0.01640320,0.63201047,0.43258667,-0.05859375,0.03417969,0.00976562,-0.10253906,0.01464844,-0.17578125,0.41618347,1.41296662,1.41258240,-0.02441406
15.06623220,5275,-2.49242719,-1.60368235,-2.30452736,-0.02899170,0.63429928,0.41465759,3.79149563,-1.55332835,-2.30452751,-0.02836013,0.63391896,0.41465828,-2.45923932,-1.58422740,-2.30834206,-0.01792908,0.63239193,0.43029785,-0.05859375,0.03906250,0.00976562,-0.10253906,0.02929688,-0.23437500,0.41618347,1.41310539,1.41258240,-0.02441406
15.07976127,5280,-2.49357160,-1.60368235,-2.30452736,-0.03089905,0.63429928,0.41465759,3.79051212,-1.55332835,-2.30452741,-0.02989144,0.63391819,0.41465782,-2.46000226,-1.58346446,-2.30834206,-0.01907349,0.63239193,0.42800903,-0.03417969,0.04394531,0.00488281,-0.08789062,0.02929688,-0.14648438,0.41618347,1.41315087,1.41258240,-0.04882812
15.09366345,5285,-2.49471600,-1.60368235,-2.30452736,-0.03166199,0.63468075,0.41465759,3.78942043,-1.55332835,-2.30452738,-0.03123672,0.63404306,0.41465767,-2.46038373,-1.58346446,-2.30796059,-0.01945496,0.63239193,0.42800903,-0.05371094,0.02929688,0.00976562,-0.02929688,0.01464844,-0.02929688,0.41656494,1.41324023,1.41258240,0.00000000
15.10883141,5290,-2.49509747,-1.60368235,-2.30452736,-0.03166199,0.63429928,0.41465759,3.78864364,-1.55332835,-2.30452737,-0.03177911,0.63403893,0.41465762,-2.46114667,-1.58270152,-2.30796059,-0.01945496,0.63239193,0.42648315,-0.06835938,0.01953125,0.00488281,-0.02929688,0.01464844,-0.14648438,0.41656494,1.41356737,1.41258240,-0.04882812
15.12117362,5295,-2.49547894,-1.60368235,-2.30452736,-0.03166199,0.63429928,0.41465759,3.78819367,-1.55332835,-2.30452736,-0.03195683,0.63395750,0.41465760,-2.46190961,-1.58232005,-2.30796059,-0.01983643,0.63239193,0.42610168,-0.04882812,0.03417969,0.00488281,-0.04394531,0.04394531,-0.02929688,0.41656494,1.41367456,1.41258240,-0.02441406
15.13345695,5300,-2.49547894,-1.60368235,-2.30452736,-0.03204346,0.63429928,0.41465759,3.78786604,-1.55332835,-2.30452736,-0.03227154,0.63393082,0.41465760,-2.46229108,-1.58193858,-2.30796059,-0.02059937,0.63239193,0.42572021,-0.04882812,0.03417969,0.00488281,-0.07324219,0.01464844,-0.01464844,0.41656494,1.41370969,1.41258240,-0.04882812
15.14541626,5305,-2.49547894,-1.60368235,-2.30452736,-0.03318787,0.63429928,0.41465759,3.78775869,-1.55332835,-2.30452736,-0.03289359,0.63392208,0.41465759,-2.46267255,-1.58155711,-2.30796059,-0.02174377,0.63239193,0.42533875,-0.03906250,0.01953125,0.00488281,-0.11718750,0.02929688,-0.07324219,0.41694641,1.41387378,1.41258240,0.00000000
15.15998840,5310,-2.49547894,-1.60368235,-2.30452736,-0.03356934,0.63468075,0.41465759,3.78772351,-1.55332835,-2.30452736,-0.03348524,0.63417568,0.41465759,-2.46343549,-1.58079417,-2.30796059,-0.02288818,0.63239193,0.42266846,-0.04882812,0.03417969,0.00976562,-0.04394531,0.02929688,-0.23437500,0.41656494,1.41377497,1.41258240,-0.02441406
15.17550516,5315,-2.49547894,-1.60368235,-2.30452736,-0.03356934,0.63468075,0.41465759,3.78771198,-1.55332835,-2.30452736,-0.03379825,0.63425878,0.41465759,-2.46419843,-1.58041270,-2.30796059,-0.02326965,0.63277340,0.42076111,-0.05371094,0.03417969,0.01464844,-0.04394531,0.02929688,-0.05859375,0.41694641,1.41425553,1.41258240,-0.02441406
15.19057250,5320,-2.49547894,-1.60368235,-2.30452736,-0.03318787,0.63506222,0.41465759,3.78770820,-1.55332835,-2.30452736,-0.03382452,0.63454248,0.41465759,-2.46457990,-1.57964976,-2.30757912,-0.02403259,0.63277340,0.42076111,-0.02929688,0.01953125,0.01464844,-0.05859375,0.01464844,-0.02929688,0.41694641,1.41429093,1.41258240,-0.02441406
15.20213342,5325,-2.49547894,-1.60368235,-2.30452736,-0.03356934,0.63582516,0.41465759,3.78770697,-1.55332835,-2.30452736,-0.03383911,0.63493696,0.41465759,-2.46534284,-1.57926829,-2.30757912,-0.02517700,0.63277340,0.42076111,-0.05859375,0.04394531,0.00976562,-0.10253906,0.01464844,0.00000000,0.41694641,1.41442460,1.41258240,0.00000000
15.21588659,5330,-2.49509747,-1.60368235,-2.30452736,-0.03356934,0.63620663,0.41465759,3.78778285,-1.55332835,-2.30452736,-0.03391421,0.63535394,0.41465759,-2.46572431,-1.57850535,-2.30757912,-0.02670288,0.63277340,0.42037964,-0.05859375,0.02929688,0.00488281,-0.11718750,0.01464844,-0.04394531,0.41694641,1.41446840,1.41258240,-0.02441406
15.22993445,5335,-2.49547894,-1.60368235,-2.30452736,-0.03318787,0.63620663,0.41465759,3.78776268,-1.55332835,-2.30452736,-0.03371359,0.63567075,0.41465759,-2.46610578,-1.57812388,-2.30757912,-0.02708435,0.63277340,0.41961670,-0.03417969,0.01953125,0.00488281,-0.02929688,0.04394531,-0.10253906,0.41694641,1.41448275,1.41258240,-0.04882812
15.24394298,5340,-2.49547894,-1.60368235,-2.30452736,-0.03318787,0.63620663,0.41465759,3.78787374,-1.55332835,-2.30452736,-0.03361661,0.63577457,0.41465759,-2.46686871,-1.57774241,-2.30757912,-0.02746582,0.63277340,0.41923523,-0.05371094,0.01953125,0.00976562,-0.04394531,0.01464844,-0.02929688,0.41694641,1.41448745,1.41258240,-0.02441406
15.25598669,5345,-2.49509747,-1.60368235,-2.30452736,-0.03318787,0.63620663,0.41465759,3.78798643,-1.55332835,-2.30452736,-0.03358483,0.63580858,0.41465759,-2.46725018,-1.57736094,-2.30719765,-0.02784729,0.63277340,0.41923523,-0.04394531,0.03417969,0.00488281,-0.01464844,0.01464844,-0.01464844,0.41694641,1.41448899,1.41258240,-0.02441406
15.27011323,5350,-2.49509747,-1.60368235,-2.30452736,-0.03318787,0.63620663,0.41465759,3.78805461,-1.55332835,-2.30452736,-0.03351338,0.63581973,0.41465759,-2.46801312,-1.57697947,-2.30719765,-0.02784729,0.63277340,0.41923523,-0.04882812,0.01953125,0.00976562,-0.02929688,0.01464844,-0.04394531,0.41694641,1.41448950,1.41258240,0.00000000
15.28428102,5355,-2.49509747,-1.60368235,-2.30452736,-0.03280640,0.63620663,0.41465759,3.78807694,-1.55332835,-2.30452736,-0.03341367,0.63588442,0.41465759,-2.46839459,-1.57659800,-2.30719765,-0.02861023,0.63277340,0.41923523,-0.04394531,0.02929688,0.00488281,-0.05859375,0.02929688,-0.01464844,0.41732788,1.41512468,1.41296387,-0.02441406
15.30106807,5360,-2.49509747,-1.60368235,-2.30452736,-0.03280640,0.63658810,0.41465759,3.78808427,-1.55332835,-2.30452736,-0.03326186,0.63606980,0.41465759,-2.46877606,-1.57621653,-2.30719765,-0.02937317,0.63315487,0.41885376,-0.02929688,0.01464844,0.00488281,-0.04394531,0.01464844,-0.02929688,0.41885376,1.41652324,1.41258240,-0.02441406
15.31470323,5365,-2.49509747,-1.60368235,-2.30452736,-0.03242493,0.63658810,0.41465759,3.78808666,-1.55332835,-2.30452736,-0.03302595,0.63616179,0.41465759,-2.46953900,-1.57583506,-2.30719765,-0.02975464,0.63315487,0.41885376,-0.04882812,0.03417969,0.01464844,-0.02929688,0.01464844,-0.01464844,0.42190552,1.42116121,1.41296387,0.00000000
15.32714772,5370,-2.49509747,-1.60368235,-2.30452736,-0.03242493,0.63696957,0.41503906,3.78808745,-1.55332835,-2.30452736,-0.03287834,0.63632927,0.41473389,-2.46992047,-1.57507212,-2.30681618,-0.02975464,0.63315487,0.41847229,-0.03417969,0.02441406,0.01464844,-0.01464844,0.04394531,-0.02929688,0.42190552,1.42320344,1.41296387,-0.04882812
15.34309196,5375,-2.49509747,-1.60368235,-2.30452736,-0.03242493,0.63735104,0.41465759,3.78808771,-1.55332835,-2.30452736,-0.03276894,0.63657958,0.41468259,-2.47068341,-1.57469065,-2.30681618,-0.02975464,0.63391781,0.41847229,-0.04394531,0.02929688,0.01464844,-0.02929688,0.04394531,-0.02929688,0.42228699,1.42432601,1.41334534,-0.02441406
15.35639739,5380,-2.49509747,-1.60368235,-2.30452736,-0.03242493,0.63735104,0.41465759,3.78808779,-1.55332835,-2.30452736,-0.03279412,0.63684178,0.41472682,-2.47068341,-1.57430918,-2.30681618,-0.02975464,0.63506222,0.41847229,-0.02929688,0.00976562,0.00976562,0.00000000,0.10253906,-0.02929688,0.42228699,1.42489404,1.41372681,0.04882812
15.37002015,5385,-2.49509747,-1.60368235,-2.30452736,-0.03242493,0.63735104,0.41465759,3.78808782,-1.55332835,-2.30452736,-0.03280237,0.63692770,0.41468028,-2.47106488,-1.57430918,-2.30681618,-0.03013611,0.63620663,0.41809082,-0.03417969,0.00976562,0.00488281,-0.01464844,0.10253906,-0.02929688,0.42304993,1.42586778,1.41601562,0.19531250
15.38425922,5390,-2.49509747,-1.60368235,-2.30452736,-0.03242493,0.63735104,0.41465759,3.78808783,-1.55332835,-2.30452736,-0.03274404,0.63695585,0.41473534,-2.47182782,-1.57392771,-2.30681618,-0.03013611,0.63696957,0.41809082,-0.02929688,0.02441406,0.00976562,-0.01464844,0.11718750,-0.04394531,0.42457581,1.42757747,1.41868591,0.02441406
15.39653063,5395,-2.49509747,-1.60368235,-2.30452736,-0.03204346,0.63735104,0.41465759,3.78808783,-1.55332835,-2.30452736,-0.03256074,0.63696508,0.41468307,-2.47220929,-1.57354624,-2.30681618,-0.03013611,0.63811398,0.41809082,-0.04882812,0.01464844,0.00488281,0.00000000,0.08789062,-0.04394531,0.42800903,1.43286744,1.41906738,0.00000000
15.41052461,5400,-2.49509747,-1.60368235,-2.30452736,-0.03204346,0.63735104,0.41465759,3.78808783,-1.55332835,-2.30452736,-0.03258857,0.63696810,0.41471477,-2.47259076,-1.57316477,-2.30681618,-0.03013611,0.63849545,0.41770935,-0.04394531,0.01953125,0.00488281,-0.01464844,0.07324219,-0.02929688,0.43029785,1.43698612,1.42059326,0.12207031
15.42304707,5405,-2.49509747,-1.60368235,-2.30452736,-0.03204346,0.63735104,0.41465759,3.78808783,-1.55332835,-2.30452736,-0.03251761,0.63696909,0.41467633,-2.47297223,-1.57278331,-2.30681618,-0.03051758,0.63887692,0.41770935,-0.02929688,0.02441406,0.00488281,-0.02929688,0.01464844,-0.02929688,0.43373108,1.44353616,1.42364502,0.26855469
15.43908477,5410,-2.49509747,-1.60368235,-2.30452736,-0.03166199,0.63735104,0.41465759,3.78808783,-1.55332835,-2.30452736,-0.03237900,0.63696941,0.41469498,-2.47335370,-1.57240184,-2.30681618,-0.03051758,0.63849545,0.41732788,-0.03417969,0.01464844,0.00488281,-0.04394531,-0.00000000,-0.04394531,0.43983459,1.45222350,1.42364502,0.02441406
15.45000482,5415,-2.49509747,-1.60368235,-2.30452736,-0.03089905,0.63735104,0.41465759,3.78808783,-1.55332835,-2.30452736,-0.03189096,0.63696952,0.41471867,-2.47373517,-1.57202037,-2.30681618,-0.03089905,0.63849545,0.41694641,-0.02929688,0.01953125,0.00488281,-0.02929688,0.01464844,-0.04394531,0.44479370,1.46234873,1.42478943,0.12207031
15.46379066,5420,-2.49509747,-1.60368235,-2.30452736,-0.02899170,0.63735104,0.41465759,3.78808783,-1.55332835,-2.30452736,-0.03070894,0.63693830,0.41467761,-2.47449811,-1.57202037,-2.30643471,-0.03089905,0.63849545,0.41618347,-0.05371094,0.01953125,0.00488281,-0.01464844,0.01464844,-0.05859375,0.45318604,1.47519732,1.43051147,0.36621094
15.47811174,5425,-2.49509747,-1.60368235,-2.30452736,-0.02708435,0.63696957,0.41465759,3.78808783,-1.55332835,-2.30452736,-0.02893868,0.63675168,0.41477401,-2.47487958,-1.57163890,-2.30643471,-0.03089905,0.63849545,0.41542053,-0.02929688,0.01464844,0.00488281,-0.02929688,0.01464844,-0.07324219,0.46081543,1.49013411,1.43394470,0.21972656
15.49160767,5430,-2.49509747,-1.60368235,-2.30452736,-0.02403259,0.63696957,0.41465759,3.78808783,-1.55332835,-2.30452736,-0.02637765,0.63664170,0.41469574,-2.47526105,-1.57125743,-2.30643471,-0.03089905,0.63849545,0.41542053,-0.04394531,0.01464844,0.00488281,-0.02929688,-0.00000000,-0.01464844,0.46958923,1.50703324,1.43623352,0.21972656
15.50493765,5435,-2.49509747,-1.60368235,-2.30452736,-0.02136230,0.63658810,0.41465759,3.78808783,-1.55332835,-2.30452736,-0.02379443,0.63646834,0.41467009,-2.47526105,-1.57087596,-2.30643471,-0.03089905,0.63849545,0.41542053,-0.01953125,0.02441406,0.00488281,-0.01464844,0.01464844,-0.01464844,0.48065186,1.52532745,1.44691467,0.68359375
15.52234149,5440,-2.49509747,-1.60368235,-2.30452736,-0.01831055,0.63658810,0.41465759,3.78808783,-1.55332835,-2.30452736,-0.02109542,0.63629239,0.41470075,-2.47564252,-1.57049449,-2.30643471,-0.03089905,0.63811398,0.41503906,-0.02441406,0.00976562,0.00976562,-0.01464844,0.01464844,-0.02929688,0.49209595,1.54509985,1.45416260,0.43945312
15.53505754,5445,-2.49509747,-1.60368235,-2.30452736,-0.01564026,0.63658810,0.41465759,3.78808783,-1.55332835,-2.30452736,-0.01838447,0.63623473,0.41467174,-2.47602399,-1.57011302,-2.30643471,-0.03051758,0.63811398,0.41503906,-0.04394531,0.02441406,0.00976562,0.00000000,0.01464844,-0.01464844,0.50277710,1.56509985,1.46293640,0.61035156
15.54871011,5450,-2.49509747,-1.60368235,-2.30452736,-0.01335144,0.63658810,0.41465759,3.78808783,-1.55332835,-2.30452736,-0.01554815,0.63621584,0.41466223,-2.47640546,-1.56973155,-2.30643471,-0.03013611,0.63811398,0.41503906,-0.02441406,0.02441406,0.00488281,0.00000000,0.01464844,-0.01464844,0.51460266,1.58509985,1.47056580,0.61035156
15.56281996,5455,-2.49509747,-1.60368235,-2.30452736,-0.01068115,0.63658810,0.41465759,3.78808783,-1.55332835,-2.30452736,-0.01311349,0.63620965,0.41465911,-2.47678693,-1.56973155,-2.30643471,-0.03013611,0.63811398,0.41503906,-0.03417969,0.00488281,0.00976562,0.00000000,-0.00000000,-0.02929688,0.52757263,1.60509985,1.48315430,0.92773438
15.57794976,5460,-2.49471600,-1.60368235,-2.30452736,-0.00686646,0.63658810,0.41465759,3.78831305,-1.55332835,-2.30452736,-0.01014212,0.63620762,0.41465809,-2.47716840,-1.56935008,-2.30643471,-0.02975464,0.63811398,0.41503906,-0.01953125,0.01953125,0.00488281,0.01464844,0.01464844,-0.02929688,0.54283142,1.62509985,1.49650574,0.73242188
15.59208941,5465,-2.49471600,-1.60368235,-2.30452736,-0.00572205,0.63658810,0.41465759,3.78841810,-1.55332835,-2.30452736,-0.00764759,0.63620696,0.41465776,-2.47754987,-1.56896861,-2.30643471,-0.02937317,0.63811398,0.41503906,-0.01953125,0.01953125,0.00976562,-0.01464844,-0.00000000,-0.01464844,0.55427551,1.64509985,1.50604248,0.75683594
15.60603547,5470,-2.49433453,-1.60368235,-2.30452736,-0.00457764,0.63658810,0.41465759,3.78852882,-1.55332835,-2.30452736,-0.00605149,0.63620674,0.41465765,-2.47793134,-1.56896861,-2.30643471,-0.02899170,0.63773251,0.41503906,-0.03417969,0.00976562,-0.00000000,0.02929688,-0.00000000,-0.01464844,0.57029724,1.66509985,1.51939392,0.97656250
15.61902404,5475,-2.49433453,-1.60368235,-2.30452736,-0.00267029,0.63658810,0.41465759,3.78874527,-1.55332835,-2.30452736,-0.00448442,0.63620667,0.41465761,-2.47831281,-1.56858714,-2.30643471,-0.02784729,0.63773251,0.41503906,-0.03417969,0.00976562,0.00488281,0.07324219,-0.00000000,0.00000000,0.59165955,1.68509985,1.52893066,0.61035156
15.63442945,5480,-2.49395307,-1.60368235,-2.30452736,-0.00076294,0.63658810,0.41465759,3.78907267,-1.55332835,-2.30452736,-0.00278867,0.63620664,0.41465760,-2.47869428,-1.56820567,-2.30643471,-0.02593994,0.63735104,0.41503906,-0.02929688,0.01953125,0.00488281,0.08789062,-0.00000000,-0.02929688,0.61569214,1.70509985,1.53808594,0.70800781
15.64893532,5485,-2.49395307,-1.60368235,-2.30452736,0.00114441,0.63658810,0.41465759,3.78917995,-1.55332835,-2.30452736,-0.00087204,0.63620664,0.41465759,-2.47907575,-1.56782420,-2.30643471,-0.02479553,0.63735104,0.41503906,-0.03906250,0.02441406,0.00976562,0.07324219,0.01464844,-0.01464844,0.63819885,1.72509985,1.55143738,0.97656250
15.66492987,5490,-2.49395307,-1.60368235,-2.30452736,0.00305176,0.63658810,0.41465759,3.78921511,-1.55332835,-2.30452736,0.00099879,0.63620663,0.41465759,-2.47907575,-1.56744273,-2.30643471,-0.02136230,0.63735104,0.41465759,-0.01464844,0.01953125,0.00976562,0.20507812,-0.01464844,-0.01464844,0.66528320,1.74509985,1.56440735,0.53710938
15.67932129,5495,-2.49395307,-1.60368235,-2.30452736,0.00495911,0.63658810,0.41465759,3.78922663,-1.55332835,-2.30452736,0.00300404,0.63620663,0.41465759,-2.47945722,-1.56706126,-2.30605324,-0.02021790,0.63735104,0.41503906,-0.02441406,0.02441406,0.00976562,0.08789062,-0.00000000,-0.01464844,0.69046021,1.76509985,1.57623291,0.85449219
15.69178224,5500,-2.49395307,-1.60368235,-2.30452736,0.00572205,0.63658810,0.41465759,3.78923040,-1.55332835,-2.30452736,0.00445580,0.63620663,0.41465759,-2.47983869,-1.56706126,-2.30605324,-0.01869202,0.63735104,0.41465759,-0.02441406,0.00976562,0.00976562,0.10253906,-0.00000000,-0.02929688,0.71220398,1.78509985,1.58729553,0.90332031
15.70511770,5505,-2.49395307,-1.60368235,-2.30452736,0.00724792,0.63658810,0.41465759,3.78923164,-1.55332835,-2.30452736,0.00585583,0.63620663,0.41465759,-2.48022015,-1.56667979,-2.30605324,-0.01792908,0.63735104,0.41465759,-0.02929688,0.00976562,0.00976562,0.05859375,0.01464844,-0.02929688,0.73432922,1.80509985,1.59454346,0.58593750
15.71966267,5510,-2.49395307,-1.60368235,-2.30452736,0.00915527,0.63658810,0.41465759,3.78923204,-1.55332835,-2.30452736,0.00756569,0.63620663,0.41465759,-2.48022015,-1.56667979,-2.30605324,-0.01716614,0.63735104,0.41465759,-0.01464844,0.00488281,0.01464844,0.04394531,-0.01464844,-0.02929688,0.75683594,1.82509985,1.60560608,0.73242188
15.73282099,5515,-2.49395307,-1.60368235,-2.30452736,0.01106262,0.63658810,0.41465759,3.78918335,-1.55332835,-2.30452736,0.00925940,0.63620663,0.41465759,-2.48060162,-1.56629832,-2.30605324,-0.01525879,0.63735104,0.41465759,-0.02929688,0.01464844,0.00976562,0.14648438,0.02929688,-0.02929688,0.77857971,1.84509985,1.61857605,1.00097656
15.74661517,5520,-2.49395307,-1.60368235,-2.30452736,0.01182556,0.63658810,0.41465759,3.78916739,-1.55332835,-2.30452736,0.01057782,0.63620663,0.41465759,-2.48098309,-1.56629832,-2.30567177,-0.01258850,0.63735104,0.41465759,-0.03906250,0.01464844,0.00488281,0.14648438,0.01464844,-0.02929688,0.79689026,1.86509985,1.63192749,0.65917969
15.76297283,5525,-2.49395307,-1.60368235,-2.30452736,0.01182556,0.63696957,0.41465759,3.78921099,-1.55332835,-2.30452736,0.01116023,0.63643185,0.41465759,-2.48136456,-1.56591685,-2.30567177,-0.01068115,0.63735104,0.41465759,-0.02929688,0.00976562,0.00976562,0.08789062,-0.00000000,0.00000000,0.82206726,1.88509985,1.64260864,0.75683594
15.77914023,5530,-2.49395307,-1.60368235,-2.30452736,0.01182556,0.63696957,0.41465759,3.78922528,-1.55332835,-2.30452736,0.01135108,0.63653690,0.41465759,-2.48174603,-1.56553538,-2.30567177,-0.00991821,0.63696957,0.41465759,-0.02441406,0.01464844,0.00976562,0.02929688,-0.00000000,-0.01464844,0.84648132,1.90509985,1.65634155,0.73242188
15.79267335,5535,-2.49395307,-1.60368235,-2.30452736,0.01220703,0.63696957,0.41465759,3.78922996,-1.55332835,-2.30452736,0.01163883,0.63657132,0.41465759,-2.48174603,-1.56515391,-2.30567177,-0.00877380,0.63696957,0.41465759,-0.01464844,0.01464844,0.00488281,0.08789062,0.01464844,-0.01464844,0.86441040,1.92509985,1.66664124,0.83007812
15.80678034,5540,-2.49395307,-1.60368235,-2.30452736,0.01220703,0.63696957,0.41465759,3.78923149,-1.55332835,-2.30452736,0.01176437,0.63651229,0.41462634,-2.48212750,-1.56515391,-2.30567177,-0.00686646,0.63696957,0.41465759,-0.01464844,0.00488281,0.00976562,0.07324219,0.01464844,-0.04394531,0.88157654,1.94509985,1.67884827,0.83007812
15.81913805,5545,-2.49395307,-1.60368235,-2.30452736,0.01258850,0.63696957,0.41465759,3.78923200,-1.55332835,-2.30452736,0.01194284,0.63645340,0.41464735,-2.48212750,-1.56515391,-2.30567177,-0.00572205,0.63696957,0.41465759,-0.01953125,0.00000000,0.00976562,0.11718750,0.02929688,-0.01464844,0.90141296,1.96509985,1.68838501,0.87890625
15.83546948,5550,-2.49395307,-1.60368235,-2.30452736,0.01258850,0.63696957,0.41465759,3.78923216,-1.55332835,-2.30452736,0.01212046,0.63651271,0.41465424,-2.48212750,-1.56477244,-2.30567177,-0.00267029,0.63696957,0.41465759,-0.01953125,0.00000000,0.00488281,0.14648438,-0.00000000,-0.01464844,0.92620850,1.98509985,1.70135498,0.85449219
15.84928679,5555,-2.49395307,-1.60368235,-2.30452736,0.01296997,0.63658810,0.41465759,3.78923222,-1.55332835,-2.30452736,0.01231599,0.63642607,0.41465649,-2.48289044,-1.56477244,-2.30567177,-0.00190735,0.63696957,0.41465759,-0.03906250,0.00488281,0.00488281,0.02929688,-0.00000000,-0.01464844,0.94795227,2.00509985,1.71279907,0.78125000
15.86211181,5560,-2.49395307,-1.60368235,-2.30452736,0.01335144,0.63658810,0.41465759,3.78923223,-1.55332835,-2.30452736,0.01257550,0.63627854,0.41465723,-2.48289044,-1.56439097,-2.30567177,-0.00114441,0.63696957,0.41465759,-0.00976562,0.01464844,0.00976562,0.07324219,0.01464844,-0.01464844,0.96626282,2.02509985,1.72119141,0.63476562
15.87713361,5565,-2.49395307,-1.60368235,-2.30452736,0.01449585,0.63658810,0.41465759,3.78923224,-1.55332835,-2.30452736,0.01327955,0.63623019,0.41465747,-2.48289044,-1.56439097,-2.30567177,0.00000000,0.63696957,0.41465759,-0.01953125,0.01464844,0.00488281,0.02929688,-0.00000000,-0.01464844,0.98915100,2.04509985,1.73263550,0.78125000
15.89420581,5570,-2.49395307,-1.60368235,-2.30452736,0.01602173,0.63658810,0.41465759,3.78923224,-1.55332835,-2.30452736,0.01451465,0.63621435,0.41465755,-2.48327191,-1.56362803,-2.30567177,0.00038147,0.63658810,0.41465759,-0.01953125,0.01953125,0.00976562,0.00000000,0.02929688,-0.02929688,1.01280212,2.06509985,1.74903870,0.85449219
15.90767097,5575,-2.49395307,-1.60368235,-2.30452736,0.01792908,0.63658810,0.41465759,3.78923224,-1.55332835,-2.30452736,0.01633307,0.63620916,0.41465758,-2.48365338,-1.56362803,-2.30567177,0.00076294,0.63658810,0.41465759,-0.02929688,0.01464844,0.00976562,0.01464844,0.01464844,-0.01464844,1.03492737,2.08509985,1.75666809,0.58593750
15.92033863,5580,-2.49395307,-1.60368235,-2.30452736,0.01831055,0.63696957,0.41427612,3.78923224,-1.55332835,-2.30452736,0.01752524,0.63639362,0.41444995,-2.48365338,-1.56324656,-2.30567177,0.00152588,0.63658810,0.41465759,-0.01464844,0.00000000,0.00976562,0.04394531,0.01464844,-0.01464844,1.03569031,2.10509985,1.76849365,0.83007812
15.93263888,5585,-2.49395307,-1.60406382,-2.30490883,0.01831055,0.63696957,0.41465759,3.78923224,-1.55346568,-2.30478383,0.01779675,0.63652437,0.41447041,-2.48403485,-1.56324656,-2.30529030,0.00343323,0.63658810,0.41427612,-0.00976562,0.00000000,0.00976562,0.13183594,0.01464844,-0.04394531,1.03569031,2.12509985,1.78031921,1.00097656
15.94449019,5590,-2.49433453,-1.60406382,-2.30490883,0.01831055,0.63696957,0.41427612,3.78915595,-1.55362982,-2.30486787,0.01788572,0.63656722,0.41444965,-2.48403485,-1.56324656,-2.30529030,0.00457764,0.63658810,0.41427612,-0.00976562,0.00000000,0.00976562,0.11718750,0.02929688,-0.01464844,1.03569031,2.14509985,1.78718567,0.61035156
15.95571733,5595,-2.49433453,-1.60444529,-2.30490883,0.01831055,0.63696957,0.41427612,3.78898983,-1.55390882,-2.30489541,0.01791487,0.63658126,0.41433298,-2.48403485,-1.56324656,-2.30529030,0.00572205,0.63696957,0.41427612,-0.01464844,-0.00488281,0.00976562,0.05859375,0.02929688,-0.02929688,1.03530884,2.16509985,1.79595947,0.70800781
15.97178483,5600,-2.49433453,-1.60482676,-2.30490883,0.01792908,0.63696957,0.41389465,3.78889634,-1.55428797,-2.30490443,0.01766795,0.63658586,0.41421846,-2.48441632,-1.56324656,-2.30529030,0.00686646,0.63658810,0.41427612,-0.02441406,0.00000000,0.00488281,0.07324219,0.02929688,-0.01464844,1.03492737,2.18509985,1.81198120,0.92773438
15.98453450,5605,-2.49433453,-1.60520823,-2.30490883,0.01754761,0.63696957,0.41313171,3.78886570,-1.55459836,-2.30490739,0.01740088,0.63658737,0.41369925,-2.48479779,-1.56324656,-2.30529030,0.00762939,0.63658810,0.41427612,-0.01953125,0.00000000,0.00488281,0.04394531,0.01464844,-0.01464844,1.03378296,2.20509985,1.82228088,0.63476562
16.00339794,5610,-2.49433453,-1.60520823,-2.30490883,0.01754761,0.63696957,0.41122437,3.78885567,-1.55477039,-2.30490836,0.01724306,0.63658786,0.41258514,-2.48479779,-1.56286509,-2.30529030,0.00801086,0.63658810,0.41427612,-0.01464844,0.00976562,0.00488281,-0.01464844,-0.01464844,-0.02929688,1.03340149,2.22509985,1.83525085,0.80566406
16.01699162,5615,-2.49433453,-1.60520823,-2.30490883,0.01754761,0.63696957,0.40893555,3.78885238,-1.55482675,-2.30490868,0.01719134,0.63658802,0.41061240,-2.48479779,-1.56248362,-2.30529030,0.00801086,0.63658810,0.41427612,-0.00976562,0.01953125,0.00976562,0.01464844,0.01464844,-0.01464844,1.03340149,2.24509985,1.84707642,0.87890625
16.03100157,5620,-2.49433453,-1.60520823,-2.30490883,0.01754761,0.63696957,0.40550232,3.78885130,-1.55484523,-2.30490878,0.01717440,0.63658808,0.40786722,-2.48517926,-1.56248362,-2.30529030,0.00839233,0.63658810,0.41389465,-0.01953125,0.00976562,0.00976562,0.01464844,0.02929688,-0.01464844,1.03378296,2.26509985,1.85661316,0.78125000
16.04518676,5625,-2.49433453,-1.60520823,-2.30490883,0.01754761,0.63696957,0.40359497,3.78885094,-1.55485128,-2.30490882,0.01716884,0.63658809,0.40524685,-2.48517926,-1.56210215,-2.30490883,0.00877380,0.63658810,0.41389465,-0.02441406,0.00976562,0.00976562,0.01464844,0.01464844,-0.02929688,1.03378296,2.28509985,1.86538696,0.65917969
16.05934811,5630,-2.49433453,-1.60520823,-2.30490883,0.01754761,0.63696957,0.40245056,3.78885083,-1.55485326,-2.30490883,0.01716702,0.63658810,0.40349966,-2.48556073,-1.56210215,-2.30490883,0.00953674,0.63658810,0.41313171,-0.01953125,0.00976562,0.00488281,0.04394531,0.01464844,-0.04394531,1.03378296,2.30509985,1.88064575,0.90332031
16.07220912,5635,-2.49433453,-1.60520823,-2.30490883,0.01754761,0.63696957,0.40245056,3.78885079,-1.55485391,-2.30490883,0.01716643,0.63658810,0.40279433,-2.48594220,-1.56172068,-2.30490883,0.01029968,0.63658810,0.41198730,-0.01464844,0.00488281,0.00488281,0.04394531,0.02929688,-0.11718750,1.03378296,2.32509985,1.89132690,0.78125000
16.08600140,5640,-2.49433453,-1.60520823,-2.30490883,0.01754761,0.63696957,0.40206909,3.78885078,-1.55485412,-2.30490883,0.01716623,0.63658810,0.40248691,-2.48594220,-1.56172068,-2.30490883,0.01106262,0.63658810,0.41122437,-0.01953125,0.00488281,0.00488281,0.05859375,-0.00000000,-0.04394531,1.03378296,2.34509985,1.90162659,0.75683594
16.10230780,5645,-2.49433453,-1.60520823,-2.30490883,0.01792908,0.63696957,0.40245056,3.78885077,-1.55485419,-2.30490883,0.01730350,0.63658810,0.40246247,-2.48632367,-1.56172068,-2.30490883,0.01220703,0.63658810,0.41084290,-0.01953125,-0.00488281,0.00976562,0.04394531,0.01464844,-0.04394531,1.03378296,2.36509985,1.91154480,0.75683594
16.11844921,5650,-2.49433453,-1.60520823,-2.30490883,0.01792908,0.63696957,0.40245056,3.78891181,-1.55485422,-2.30490883,0.01743637,0.63658810,0.40241540,-2.48632367,-1.56172068,-2.30490883,0.01258850,0.63658810,0.41084290,-0.01953125,0.00488281,0.00976562,0.00000000,0.01464844,-0.04394531,1.03340149,2.38509985,1.92642212,0.68359375
16.13029909,5655,-2.49433453,-1.60520823,-2.30490883,0.01792908,0.63696957,0.40245056,3.78887077,-1.55485422,-2.30490883,0.01751116,0.63658810,0.40243904,-2.48632367,-1.56133921,-2.30490883,0.01296997,0.63658810,0.41046143,-0.00976562,0.00000000,0.00976562,0.01464844,0.02929688,-0.04394531,1.03378296,2.40509985,1.93710327,0.87890625
16.14790106,5660,-2.49433453,-1.60520823,-2.30490883,0.01792908,0.63696957,0.40245056,3.78885733,-1.55485423,-2.30490883,0.01753566,0.63658810,0.40244679,-2.48670514,-1.56133921,-2.30490883,0.01335144,0.63658810,0.41007996,-0.00976562,0.00000000,0.00488281,0.02929688,-0.00000000,-0.02929688,1.03378296,2.42509985,1.95007324,0.68359375
16.15951920,5665,-2.49395307,-1.60520823,-2.30490883,0.01792908,0.63696957,0.40245056,3.78901710,-1.55485423,-2.30490883,0.01754369,0.63658810,0.40244932,-2.48670514,-1.56133921,-2.30490883,0.01335144,0.63658810,0.40969849,-0.01464844,-0.00488281,0.00976562,0.01464844,0.01464844,-0.04394531,1.03378296,2.44509985,1.95808411,0.73242188
16.17321038,5670,-2.49395307,-1.60520823,-2.30490883,0.01792908,0.63696957,0.40206909,3.78911292,-1.55485423,-2.30490883,0.01754632,0.63658810,0.40237386,-2.48670514,-1.56133921,-2.30490883,0.01449585,0.63696957,0.40893555,-0.01464844,0.00000000,0.00488281,0.04394531,0.02929688,-0.07324219,1.03378296,2.46509985,1.97372437,0.87890625
16.18481255,5675,-2.49395307,-1.60520823,-2.30490883,0.01792908,0.63696957,0.40245056,3.78910086,-1.55485423,-2.30490883,0.01754719,0.63658810,0.40242543,-2.48708661,-1.56133921,-2.30490883,0.01487732,0.63696957,0.40817261,-0.01953125,-0.00488281,0.00488281,0.02929688,0.02929688,-0.05859375,1.03378296,2.48509985,1.98020935,0.61035156
16.19895363,5680,-2.49395307,-1.60520823,-2.30490883,0.01792908,0.63696957,0.40245056,3.78910130,-1.55485423,-2.30490883,0.01754747,0.63658810,0.40244233,-2.48708661,-1.56133921,-2.30490883,0.01525879,0.63696957,0.40702820,-0.02929688,0.00488281,0.00488281,-0.01464844,0.02929688,-0.07324219,1.03378296,2.50509985,1.99012756,0.73242188
16.21401286,5685,-2.49395307,-1.60520823,-2.30490883,0.01792908,0.63696957,0.40245056,3.78918933,-1.55485423,-2.30490883,0.01754756,0.63658810,0.40244786,-2.48746808,-1.56095774,-2.30490883,0.01525879,0.63658810,0.40664673,-0.01464844,0.00488281,0.00488281,0.01464844,-0.00000000,-0.02929688,1.03378296,2.52509985,2.00424194,1.00097656
16.22651410,5690,-2.49433453,-1.60520823,-2.30490883,0.01792908,0.63696957,0.40245056,3.78908085,-1.55485423,-2.30490883,0.01754759,0.63658810,0.40244968,-2.48746808,-1.56057627,-2.30490883,0.01525879,0.63658810,0.40664673,-0.01464844,0.01464844,0.00488281,0.00000000,-0.00000000,-0.01464844,1.03378296,2.54509985,2.01377869,0.53710938
16.24064851,5695,-2.49395307,-1.60558970,-2.30490883,0.01831055,0.63696957,0.40245056,3.78909035,-1.55511070,-2.30490883,0.01762390,0.63658810,0.40245027,-2.48746808,-1.56057627,-2.30490883,0.01525879,0.63658810,0.40588379,-0.01464844,0.01464844,0.00488281,-0.01464844,0.01464844,-0.05859375,1.03378296,2.56509985,2.02178955,0.68359375
16.25327277,5700,-2.49395307,-1.60597117,-2.30490883,0.01792908,0.63696957,0.40245056,3.78900557,-1.55533207,-2.30490883,0.01757261,0.63658810,0.40245047,-2.48784955,-1.56019480,-2.30490883,0.01525879,0.63658810,0.40435791,-0.01464844,0.00976562,0.00488281,-0.02929688,-0.00000000,-0.13183594,1.03378296,2.58509985,2.03666687,0.90332031
16.26679087,5705,-2.49433453,-1.60597117,-2.30490883,0.01831055,0.63696957,0.40245056,3.78894056,-1.55552375,-2.30490883,0.01763209,0.63658810,0.40245053,-2.48784955,-1.56019480,-2.30490883,0.01525879,0.63658810,0.40321350,-0.01464844,0.00976562,0.00488281,-0.01464844,0.01464844,-0.02929688,1.03416443,2.60509985,2.04467773,0.73242188
16.28095412,5710,-2.49433453,-1.60597117,-2.30490883,0.01792908,0.63696957,0.40245056,3.78891144,-1.55558656,-2.30490883,0.01757529,0.63658810,0.40245055,-2.48823102,-1.55981333,-2.30490883,0.01525879,0.63696957,0.40321350,-0.01953125,0.00976562,0.00488281,0.00000000,0.02929688,-0.01464844,1.03378296,2.62509985,2.05421448,0.70800781
16.29643917,5715,-2.49433453,-1.60635264,-2.30490883,0.01792908,0.63696957,0.40245056,3.78887065,-1.55574447,-2.30490883,0.01755668,0.63658810,0.40245056,-2.48823102,-1.55981333,-2.30490883,0.01525879,0.63696957,0.40321350,-0.00488281,0.00000000,0.00488281,-0.01464844,-0.00000000,-0.01464844,1.03378296,2.64047671,2.07023621,0.95214844
16.31138229,5720,-2.49433453,-1.60673411,-2.30490883,0.01792908,0.63696957,0.40245056,3.78889635,-1.55610151,-2.30490883,0.01755058,0.63658810,0.40245056,-2.48823102,-1.55981333,-2.30490883,0.01525879,0.63658810,0.40321350,-0.00976562,0.00000000,0.00488281,-0.01464844,0.01464844,-0.01464844,1.03378296,2.64570675,2.08168030,0.78125000
16.32481170,5725,-2.49433453,-1.60673411,-2.30490883,0.01792908,0.63696957,0.40245056,3.78886571,-1.55628882,-2.30490883,0.01754858,0.63658810,0.40245056,-2.48823102,-1.55981333,-2.30490883,0.01564026,0.63658810,0.40321350,-0.00976562,0.00000000,0.00488281,-0.01464844,0.01464844,-0.04394531,1.03416443,2.64751062,2.09236145,0.70800781
16.33960700,5730,-2.49433453,-1.60711558,-2.30490883,0.01792908,0.63696957,0.40245056,3.78897481,-1.55657541,-2.30490883,0.01754793,0.63658810,0.40245056,-2.48861249,-1.55981333,-2.30490883,0.01564026,0.63658810,0.40321350,-0.00976562,0.00000000,0.00488281,-0.01464844,0.01464844,-0.02929688,1.03378296,2.64807119,2.10380554,0.83007812
16.35379910,5735,-2.49433453,-1.60749705,-2.30490883,0.01792908,0.63735104,0.40245056,3.78889142,-1.55688673,-2.30490883,0.01754771,0.63672543,0.40245056,-2.48861249,-1.55943186,-2.30490883,0.01564026,0.63658810,0.40321350,-0.00488281,-0.00488281,0.00488281,-0.01464844,0.02929688,-0.02929688,1.03416443,2.64828540,2.11524963,0.75683594
16.36868834,5740,-2.49433453,-1.60825999,-2.30490883,0.01792908,0.63735104,0.40245056,3.78892513,-1.55750168,-2.30490883,0.01754764,0.63685832,0.40245056,-2.48861249,-1.55943186,-2.30490883,0.01564026,0.63658810,0.40321350,-0.00976562,0.00000000,0.00488281,-0.01464844,-0.00000000,-0.01464844,1.03378296,2.64828113,2.12631226,0.73242188
16.38351512,5745,-2.49433453,-1.60902293,-2.30490883,0.01792908,0.63735104,0.40245056,3.78887514,-1.55816730,-2.30490883,0.01754762,0.63693312,0.40245056,-2.48861249,-1.55943186,-2.30490883,0.01564026,0.63696957,0.40321350,-0.00488281,-0.00488281,-0.00000000,0.00000000,0.01464844,-0.01464844,1.03378296,2.64820160,2.14004517,0.83007812
16.39793634,5750,-2.49433453,-1.60902293,-2.30490883,0.01792908,0.63735104,0.40245056,3.78885876,-1.55850455,-2.30490883,0.01754761,0.63695763,0.40245056,-2.48861249,-1.55943186,-2.30490883,0.01564026,0.63658810,0.40321350,-0.00976562,-0.00488281,0.00488281,-0.01464844,0.01464844,-0.02929688,1.03378296,2.64841382,2.14691162,0.68359375
16.41070032,5755,-2.49433453,-1.60978587,-2.30490883,0.01792908,0.63735104,0.40245056,3.78885339,-1.55897761,-2.30490883,0.01754761,0.63696566,0.40245056,-2.48861249,-1.55943186,-2.30490883,0.01564026,0.63696957,0.40321350,-0.00976562,-0.00488281,0.00488281,-0.01464844,0.02929688,-0.01464844,1.03378296,2.64824508,2.16293335,0.73242188
16.42703795,5760,-2.49433453,-1.61093028,-2.30490883,0.01792908,0.63811398,0.40245056,3.78885163,-1.56002117,-2.30490883,0.01754761,0.63730105,0.40245056,-2.48899396,-1.55943186,-2.30490883,0.01564026,0.63696957,0.40321350,-0.01953125,0.00000000,0.00488281,0.00000000,0.01464844,-0.02929688,1.03416443,2.64834238,2.17247009,0.63476562
16.44199228,5765,-2.49433453,-1.61169322,-2.30490883,0.01792908,0.63887692,0.40245056,3.78885105,-1.56072714,-2.30490883,0.01754761,0.63789264,0.40245056,-2.48937543,-1.55943186,-2.30490883,0.01602173,0.63696957,0.40321350,-0.01953125,-0.00488281,0.00488281,-0.01464844,-0.00000000,-0.01464844,1.03378296,2.64828417,2.18467712,0.75683594
16.45697045,5770,-2.49433453,-1.61245616,-2.30490883,0.01792908,0.64002133,0.40245056,3.78885086,-1.56146214,-2.30490883,0.01754761,0.63881684,0.40245056,-2.48937543,-1.55943186,-2.30490883,0.01602173,0.63658810,0.40321350,-0.00976562,-0.00488281,0.00488281,-0.01464844,0.01464844,0.00000000,1.03416443,2.64835519,2.19688416,0.95214844
16.46982598,5775,-2.49433453,-1.61398204,-2.30490883,0.01792908,0.64078427,0.40206909,3.78896067,-1.56258774,-2.30490883,0.01754761,0.63967169,0.40237427,-2.48937543,-1.55943186,-2.30490883,0.01602173,0.63696957,0.40321350,-0.00976562,-0.00488281,0.00488281,0.00000000,-0.00000000,-0.01464844,1.03378296,2.64830399,2.20527649,0.65917969
16.48473620,5780,-2.49433453,-1.61474498,-2.30490883,0.01792908,0.64154721,0.40206909,3.78899665,-1.56361064,-2.30490883,0.01754761,0.64048671,0.40231802,-2.48975690,-1.55943186,-2.30490883,0.01602173,0.63696957,0.40321350,-0.00976562,-0.00488281,0.00976562,-0.01464844,0.02929688,-0.01464844,1.03378296,2.64820909,2.22091675,0.87890625
16.49884009,5785,-2.49433453,-1.61588938,-2.30490883,0.01792908,0.64345456,0.40245056,3.78889857,-1.56457411,-2.30490883,0.01757886,0.64167578,0.40240713,-2.48975690,-1.55943186,-2.30490883,0.01602173,0.63735104,0.40321350,-0.01464844,-0.00488281,0.00976562,-0.01464844,0.02929688,-0.02929688,1.03378296,2.64825612,2.23388672,0.85449219
16.51321435,5790,-2.49433453,-1.61741526,-2.30490883,0.01792908,0.64498044,0.40245056,3.78886644,-1.56587664,-2.30490883,0.01755785,0.64330125,0.40243633,-2.48975690,-1.55943186,-2.30490883,0.01602173,0.63735104,0.40283203,-0.00976562,-0.00976562,0.00488281,-0.01464844,0.04394531,-0.02929688,1.03416443,2.64852178,2.24113464,0.51269531
16.52778697,5795,-2.49433453,-1.61894114,-2.30490883,0.01792908,0.64803219,0.40245056,3.78888715,-1.56736840,-2.30490883,0.01769989,0.64566641,0.40244590,-2.48975690,-1.55943186,-2.30490883,0.01602173,0.63773251,0.40321350,-0.00976562,-0.00488281,0.00976562,0.00000000,0.04394531,-0.01464844,1.03378296,2.64834296,2.25410461,0.90332031
16.54147482,5800,-2.49395307,-1.62046702,-2.30490883,0.01792908,0.64917660,0.40245056,3.78900002,-1.56889286,-2.30490883,0.01769760,0.64762929,0.40244903,-2.48975690,-1.55943186,-2.30490883,0.01640320,0.63849545,0.40321350,-0.01464844,-0.00488281,0.00488281,0.00000000,0.04394531,-0.01464844,1.03416443,2.64837445,2.26593018,0.97656250
16.55573559,5805,-2.49395307,-1.62237437,-2.30490883,0.01831055,0.65108395,0.40245056,3.78915615,-1.57053363,-2.30490883,0.01785323,0.64929458,0.40234020,-2.49013837,-1.55943186,-2.30490883,0.01640320,0.63887692,0.40283203,-0.01464844,-0.00976562,0.00488281,0.00000000,0.02929688,-0.02929688,1.03378296,2.64829468,2.27622986,0.53710938
16.57037735,5810,-2.49395307,-1.62390025,-2.30490883,0.01831055,0.65299130,0.40245056,3.78920731,-1.57194823,-2.30490883,0.01790422,0.65091265,0.40241440,-2.49013837,-1.55943186,-2.30490883,0.01640320,0.63963986,0.40283203,-0.01464844,-0.00488281,0.00488281,-0.01464844,0.04394531,-0.02929688,1.03416443,2.64849926,2.28843689,0.80566406
16.58524632,5815,-2.49395307,-1.62618907,-2.30490883,0.01831055,0.65528012,0.40206909,3.78916304,-1.57412930,-2.30490883,0.01792093,0.65316039,0.40225255,-2.49013837,-1.55943186,-2.30490883,0.01640320,0.63963986,0.40283203,-0.00488281,-0.00488281,0.00976562,-0.02929688,0.04394531,-0.02929688,1.03378296,2.64849280,2.30102539,0.80566406
16.59839129,5820,-2.49395307,-1.62771495,-2.30490883,0.01831055,0.65718747,0.40245056,3.78920956,-1.57602026,-2.30490883,0.01792641,0.65525935,0.40238568,-2.49013837,-1.55943186,-2.30490883,0.01640320,0.64040280,0.40283203,-0.00488281,-0.00488281,0.00488281,0.00000000,0.05859375,-0.01464844,1.03378296,2.64845553,2.31018066,0.65917969
16.61556768,5825,-2.49395307,-1.63000376,-2.30490883,0.01831055,0.65871335,0.40245056,3.78922481,-1.57798925,-2.30490883,0.01792820,0.65706531,0.40231944,-2.49051984,-1.55943186,-2.30490883,0.01640320,0.64078427,0.40245056,-0.00976562,-0.00976562,0.00488281,-0.02929688,0.02929688,-0.01464844,1.03378296,2.64841891,2.32391357,0.85449219
16.62939906,5830,-2.49395307,-1.63305552,-2.30490883,0.01831055,0.66023922,0.40245056,3.78919856,-1.58054510,-2.30490883,0.01792879,0.65869224,0.40232752,-2.49051984,-1.55943186,-2.30490883,0.01640320,0.64078427,0.40283203,-0.00976562,-0.00976562,0.00488281,-0.01464844,0.04394531,0.00000000,1.03416443,2.64857512,2.33535767,0.70800781
16.64663672,5835,-2.49395307,-1.63572581,-2.30490883,0.01831055,0.66214657,0.40206909,3.78922120,-1.58316861,-2.30490883,0.01792898,0.66017713,0.40229489,-2.49051984,-1.55981333,-2.30490883,0.01640320,0.64154721,0.40245056,-0.00976562,-0.01953125,0.00488281,-0.01464844,0.04394531,-0.01464844,1.03378296,2.64836044,2.34947205,0.78125000
16.66515899,5840,-2.49395307,-1.63915904,-2.30490883,0.01831055,0.66367245,0.40206909,3.78918956,-1.58625399,-2.30490883,0.01792905,0.66195765,0.40232326,-2.49051984,-1.56019480,-2.30490883,0.01678467,0.64269162,0.40245056,-0.00488281,-0.02929688,0.00488281,0.01464844,0.08789062,-0.02929688,1.03416443,2.64845830,2.36015320,0.78125000
16.68035078,5845,-2.49395307,-1.64259227,-2.30490883,0.01831055,0.66596127,0.40206909,3.78921826,-1.58932665,-2.30490883,0.01792907,0.66381184,0.40228372,-2.49051984,-1.56095774,-2.30490883,0.01678467,0.64421750,0.40245056,-0.00488281,-0.03417969,0.00488281,-0.01464844,0.08789062,-0.02929688,1.03416443,2.64850990,2.37579346,0.78125000
16.69354534,5850,-2.49395307,-1.64488108,-2.30490883,0.01831055,0.66710568,0.40206909,3.78917883,-1.59214478,-2.30490883,0.01792907,0.66540026,0.40218825,-2.49051984,-1.56133921,-2.30490883,0.01678467,0.64536191,0.40245056,-0.00488281,-0.05371094,0.00976562,-0.01464844,0.13183594,-0.02929688,1.03378296,2.64827657,2.38494873,0.90332031
16.70929980,5855,-2.49395307,-1.64869578,-2.30490883,0.01831055,0.66863156,0.40206909,3.78921474,-1.59520714,-2.30490883,0.01792908,0.66688559,0.40224925,-2.49051984,-1.56210215,-2.30490883,0.01678467,0.64765072,0.40245056,-0.00976562,-0.05371094,0.00976562,0.00000000,0.14648438,-0.01464844,1.03378296,2.64834073,2.39906311,0.65917969
16.72364998,5860,-2.49395307,-1.65174754,-2.30490883,0.01831055,0.67053891,0.40206909,3.78922651,-1.59865251,-2.30490883,0.01792908,0.66874108,0.40212813,-2.49051984,-1.56286509,-2.30490883,0.01678467,0.64841366,0.40245056,-0.00976562,-0.06347656,-0.00000000,-0.01464844,0.07324219,-0.01464844,1.03378296,2.64822113,2.41127014,0.83007812
16.73697376,5865,-2.49395307,-1.65518077,-2.30490883,0.01831055,0.67244626,0.40206909,3.78923036,-1.60207067,-2.30490883,0.01792908,0.67060458,0.40208844,-2.49051984,-1.56362803,-2.30490883,0.01678467,0.64917660,0.40206909,-0.00976562,-0.03906250,0.00488281,0.00000000,0.07324219,-0.01464844,1.03378296,2.64818194,2.42195129,0.80566406
16.75090551,5870,-2.49395307,-1.65746958,-2.30490883,0.01831055,0.67435360,0.40206909,3.78919256,-1.60518903,-2.30490883,0.01792908,0.67266553,0.40207543,-2.49090131,-1.56400950,-2.30490883,0.01678467,0.65032101,0.40206909,-0.01953125,-0.05859375,0.00488281,-0.01464844,0.08789062,-0.01464844,1.03378296,2.64816910,2.42958069,0.58593750
16.76466608,5875,-2.49395307,-1.66166575,-2.30490883,0.01831055,0.67626095,0.40168762,3.78921924,-1.60878397,-2.30490883,0.01792908,0.67455680,0.40184595,-2.49090131,-1.56477244,-2.30490883,0.01678467,0.65108395,0.40206909,-0.01953125,-0.05371094,-0.00000000,-0.01464844,0.08789062,-0.04394531,1.03378296,2.64826255,2.44140625,0.85449219
16.78119469,5880,-2.49395307,-1.66624339,-2.30490883,0.01869202,0.67893124,0.40092468,3.78922798,-1.61278130,-2.30490883,0.01818555,0.67680141,0.40144580,-2.49128278,-1.56553538,-2.30490883,0.01716614,0.65222836,0.40206909,-0.01464844,-0.03906250,0.00488281,0.00000000,0.11718750,0.00000000,1.03378296,2.64825801,2.45780945,0.87890625
16.79597235,5885,-2.49395307,-1.67082102,-2.30490883,0.01907349,0.68198300,0.39863586,3.78923085,-1.61719563,-2.30490883,0.01845574,0.67948712,0.40002782,-2.49128278,-1.56629832,-2.30490883,0.01716614,0.65528012,0.40206909,-0.01464844,-0.06347656,-0.00000000,-0.01464844,0.21972656,-0.01464844,1.03378296,2.64831610,2.46620178,0.61035156
16.80819654,5890,-2.49395307,-1.67463572,-2.30490883,0.01945496,0.68465329,0.39558411,3.78923178,-1.62121463,-2.30490883,0.01883981,0.68220153,0.39772284,-2.49128278,-1.56744273,-2.30490883,0.01716614,0.65718747,0.40168762,-0.00976562,-0.07812500,0.00488281,-0.01464844,0.20507812,-0.02929688,1.03416443,2.64856584,2.47917175,0.90332031
16.82318473,5895,-2.49395307,-1.67845042,-2.30490883,0.01983643,0.68732358,0.39405823,3.78923209,-1.62514950,-2.30490883,0.01918307,0.68488627,0.39547975,-2.49128278,-1.56820567,-2.30490883,0.01754761,0.66023922,0.40130615,-0.00488281,-0.08789062,0.00976562,0.01464844,0.16113281,-0.02929688,1.03416443,2.64863206,2.48985291,0.80566406
16.83587146,5900,-2.49395307,-1.68302806,-2.30490883,0.01983643,0.68999386,0.39329529,3.78923219,-1.62939298,-2.30490883,0.01936587,0.68761012,0.39411266,-2.49128278,-1.56935008,-2.30490883,0.01792908,0.66405392,0.40092468,-0.00488281,-0.07812500,0.00976562,0.00000000,0.33691406,-0.05859375,1.03378296,2.64831659,2.49710083,0.48828125
16.84980392,5905,-2.49395307,-1.68836863,-2.30490883,0.01983643,0.69380856,0.39176941,3.78923223,-1.63407865,-2.30490883,0.01942576,0.69083300,0.39286781,-2.49128278,-1.57087596,-2.30490883,0.01792908,0.66748715,0.40054321,-0.00976562,-0.10253906,0.00976562,-0.01464844,0.19042969,-0.02929688,1.03378296,2.64838900,2.50892639,0.80566406
16.86522961,5910,-2.49395307,-1.69256480,-2.30490883,0.01983643,0.69724179,0.39138794,3.78923224,-1.63874283,-2.30490883,0.01944539,0.69423245,0.39190411,-2.49128278,-1.57240184,-2.30490883,0.01831055,0.66939450,0.40016174,0.00000000,-0.11230469,0.00488281,-0.01464844,0.10253906,-0.02929688,1.03378296,2.64833461,2.52037048,0.68359375
16.87671852,5915,-2.49395307,-1.69676097,-2.30490883,0.01983643,0.70067502,0.39100647,3.78923224,-1.64300593,-2.30490883,0.01945182,0.69753694,0.39141975,-2.49166425,-1.57354624,-2.30452736,0.01831055,0.67053891,0.39978027,-0.00976562,-0.08789062,0.00976562,0.02929688,0.10253906,-0.04394531,1.03416443,2.64859144,2.52609253,0.34179688
16.89143729,5920,-2.49395307,-1.70286448,-2.30490883,0.01983643,0.70410824,0.39062500,3.78923224,-1.64809574,-2.30490883,0.01945393,0.70081812,0.39100456,-2.49166425,-1.57469065,-2.30452736,0.01831055,0.67168332,0.39901733,-0.00976562,-0.10742188,0.00488281,-0.02929688,0.10253906,-0.07324219,1.03416443,2.64845587,2.53334045,0.68359375
16.90527487,5925,-2.49395307,-1.70782359,-2.30490883,0.01983643,0.70677853,0.39024353,3.78923224,-1.65345216,-2.30490883,0.01945462,0.70404747,0.39052416,-2.49166425,-1.57583506,-2.30452736,0.01831055,0.67206479,0.39825439,-0.01464844,-0.10742188,0.00488281,0.00000000,0.04394531,-0.07324219,1.03378296,2.64832136,2.54936218,1.12304688
16.92039037,5930,-2.49395307,-1.71354563,-2.30529030,0.01983643,0.71021176,0.38871765,3.78923224,-1.65893868,-2.30498513,0.01945485,0.70739387,0.38967924,-2.49204572,-1.57697947,-2.30452736,0.01907349,0.67282773,0.39634705,-0.01953125,-0.07812500,0.00488281,0.01464844,0.07324219,-0.17578125,1.03378296,2.64839936,2.55928040,0.68359375
16.93372035,5935,-2.49395307,-1.71888621,-2.30529030,0.01983643,0.71288205,0.38757324,3.78923224,-1.66481633,-2.30519030,0.01945492,0.71053620,0.38836490,-2.49204572,-1.57888682,-2.30452736,0.01869202,0.67397214,0.39520264,-0.01464844,-0.10742188,0.00976562,-0.01464844,0.11718750,-0.11718750,1.03378296,2.64838097,2.56881714,0.61035156
16.94883227,5940,-2.49395307,-1.72689707,-2.30529030,0.01983643,0.71669674,0.38719177,3.78923224,-1.67140846,-2.30525753,0.01945494,0.71375118,0.38757618,-2.49204572,-1.58003123,-2.30452736,0.01869202,0.67626095,0.39520264,-0.00976562,-0.13183594,0.00488281,-0.01464844,0.17578125,-0.04394531,1.03378296,2.64823432,2.57759094,0.63476562
16.96206164,5945,-2.49395307,-1.73376353,-2.30567177,0.01983643,0.72051144,0.38719177,3.78923224,-1.67780270,-2.30550478,0.01945495,0.71709690,0.38731774,-2.49204572,-1.58193858,-2.30452736,0.01907349,0.67893124,0.39520264,-0.01464844,-0.13671875,-0.00000000,-0.01464844,0.16113281,-0.02929688,1.03378296,2.64826439,2.58445740,0.48828125
16.97461009,5950,-2.49395307,-1.73948558,-2.30605324,0.01983643,0.72432614,0.38681030,3.78923224,-1.68415419,-2.30584227,0.01945495,0.72086778,0.38710793,-2.49204572,-1.58346446,-2.30452736,0.01907349,0.68198300,0.39482117,-0.00488281,-0.14160156,0.00488281,0.00000000,0.29296875,-0.04394531,1.03416443,2.64848933,2.58979797,0.43945312
16.99023557,5955,-2.49395307,-1.74711497,-2.30681618,0.01983643,0.73004818,0.38681030,3.78923224,-1.69129795,-2.30639549,0.01945496,0.72574247,0.38690783,-2.49204572,-1.58575328,-2.30452736,0.01869202,0.68656064,0.39405823,-0.00488281,-0.14648438,0.00488281,-0.01464844,0.27832031,-0.07324219,1.03378296,2.64833233,2.59780884,0.58593750
17.00320268,5960,-2.49395307,-1.75512583,-2.30719765,0.01983643,0.73577023,0.38681030,3.78923224,-1.69863552,-2.30693480,0.01945496,0.73101741,0.38684226,-2.49204572,-1.58766062,-2.30452736,0.01869202,0.69151974,0.39329529,-0.00488281,-0.14648438,0.00488281,-0.02929688,0.41015625,-0.08789062,1.03378296,2.64821838,2.60124207,0.14648438
17.01600838,5965,-2.49395307,-1.76237376,-2.30834206,0.02021790,0.74072934,0.38681030,3.78923224,-1.70583127,-2.30763044,0.01968018,0.73607025,0.38682077,-2.49242719,-1.58994944,-2.30452736,0.01907349,0.69533444,0.39291382,-0.00488281,-0.16113281,0.00488281,-0.01464844,0.20507812,-0.02929688,1.03378296,2.64818104,2.60543823,0.31738281
17.03129721,5970,-2.49395307,-1.77076609,-2.30910500,0.02212524,0.74721432,0.38681030,3.78923224,-1.71350241,-2.30852025,0.02061787,0.74163624,0.38681373,-2.49204572,-1.59223826,-2.30452736,0.01907349,0.69876767,0.39253235,-0.00488281,-0.17578125,0.00488281,-0.02929688,0.23437500,-0.02929688,1.03378296,2.64824693,2.61077881,0.31738281
17.04371285,5975,-2.49395307,-1.77686961,-2.30986794,0.02365112,0.75255490,0.38681030,3.78923224,-1.72086668,-2.30927594,0.02203890,0.74754726,0.38681143,-2.49242719,-1.59452708,-2.30452736,0.01907349,0.70143796,0.39253235,-0.00488281,-0.17089844,0.00488281,0.00000000,0.17578125,0.00000000,1.03378296,2.64819040,2.61192322,0.07324219
17.05886292,5980,-2.49395307,-1.78449900,-2.31139382,0.02555847,0.75942135,0.38642883,3.78923224,-1.72844093,-2.31041809,0.02374783,0.75395220,0.38660303,-2.49242719,-1.59643443,-2.30452736,0.01907349,0.70296383,0.39253235,-0.00488281,-0.18554688,0.00488281,-0.01464844,0.10253906,-0.01464844,1.03378296,2.64817187,2.61306763,0.09765625
17.07993484,5985,-2.49395307,-1.79479869,-2.31330117,0.02861023,0.76972104,0.38604736,3.78923224,-1.73691639,-2.31191650,0.02610908,0.76190339,0.38640962,-2.49242719,-1.60024913,-2.30452736,0.01945496,0.70487118,0.39215088,-0.00976562,-0.18066406,0.00488281,0.00000000,0.13183594,-0.04394531,1.03378296,2.64816580,2.61764526,0.24414062
17.09220481,5990,-2.49395307,-1.80471690,-2.31520851,0.03128052,0.77925778,0.38528442,3.78923224,-1.74696048,-2.31377774,0.02885828,0.77158025,0.38580352,-2.49242719,-1.60291941,-2.30452736,0.01983643,0.70830441,0.39176941,-0.00488281,-0.19531250,-0.00000000,0.00000000,0.26367188,-0.02929688,1.03378296,2.64816381,2.61878967,0.04882812
17.10491586,5995,-2.49395307,-1.81234629,-2.31673439,0.03356934,0.78688717,0.38375854,3.78923224,-1.75557741,-2.31554485,0.03121007,0.78002558,0.38479827,-2.49242719,-1.60520823,-2.30490883,0.02021790,0.71211911,0.39176941,-0.00488281,-0.20996094,-0.00000000,0.02929688,0.38085938,-0.04394531,1.03378296,2.64816316,2.62107849,0.14648438
17.12037039,6000,-2.49395307,-1.82112010,-2.31902321,0.03776550,0.79489804,0.38185120,3.78923224,-1.76395752,-2.31739026,0.03440587,0.78796787,0.38331006,-2.49242719,-1.60825999,-2.30490883,0.02174377,0.71745968,0.39100647,-0.00488281,-0.20019531,0.00488281,0.10253906,0.43945312,-0.04394531,1.03378296,2.64816295,2.62260437,0.02441406
17.13520670,6005,-2.49433453,-1.83027537,-2.32131203,0.04196167,0.80443478,0.37765503,3.78915595,-1.77259756,-2.31945566,0.03821808,0.79643917,0.38047047,-2.49242719,-1.61093028,-2.30490883,0.02365112,0.72470761,0.39024353,-0.00488281,-0.20507812,0.00488281,0.08789062,0.42480469,-0.07324219,1.03378296,2.64794315,2.62336731,0.02441406
17.14849067,6010,-2.49433453,-1.83866770,-2.32321938,0.04577637,0.81282712,0.37345886,3.78898983,-1.78140895,-2.32158520,0.04222923,0.80544576,0.37665828,-2.49242719,-1.61474498,-2.30490883,0.02403259,0.73309994,0.38833618,-0.00488281,-0.22949219,-0.00000000,0.00000000,0.48339844,-0.13183594,1.03378296,2.64809085,2.62451172,0.07324219
17.16089725,6015,-2.49433453,-1.84515269,-2.32512673,0.04768372,0.81931210,0.36926270,3.78889634,-1.78916944,-2.32359661,0.04527029,0.81322138,0.37252690,-2.49242719,-1.61703379,-2.30490883,0.02441406,0.73882199,0.38795471,-0.00976562,-0.24414062,0.00488281,0.01464844,0.52734375,-0.02929688,1.03340149,2.64786459,2.62718201,0.24414062
17.17433810,6020,-2.49433453,-1.85316355,-2.32741555,0.04959106,0.82656003,0.36430359,3.78904588,-1.79651623,-2.32566318,0.04748810,0.82028919,0.36807047,-2.49242719,-1.62008555,-2.30490883,0.02517700,0.74492550,0.38795471,-0.00976562,-0.22949219,-0.00488281,0.04394531,0.48339844,-0.04394531,1.03378296,2.64792449,2.62870789,0.02441406
17.18760371,6025,-2.49433453,-1.86079295,-2.32932289,0.05187988,0.83418942,0.36087036,3.78903385,-1.80466044,-2.32772280,0.04978343,0.82816182,0.36373213,-2.49242719,-1.62351878,-2.30490883,0.02632141,0.74912167,0.38604736,-0.00976562,-0.24414062,-0.00488281,0.07324219,0.30761719,-0.13183594,1.03340149,2.64777199,2.62908936,0.04882812
17.19999194,6030,-2.49395307,-1.86918528,-2.33199318,0.05493164,0.84143735,0.35972595,3.78910620,-1.81250418,-2.32998156,0.05237590,0.83547772,0.36118909,-2.49242719,-1.62657054,-2.30490883,0.02784729,0.75255490,0.38490295,-0.00488281,-0.26367188,-0.00000000,0.08789062,0.29296875,-0.10253906,1.03340149,2.64774156,2.62947083,0.00000000
17.21441245,6035,-2.49395307,-1.87681468,-2.33466347,0.05760193,0.84830380,0.35858154,3.78919094,-1.82098897,-2.33276602,0.05531854,0.84292847,0.35953755,-2.49242719,-1.63000376,-2.30529030,0.03013611,0.75598813,0.38414001,-0.00488281,-0.27832031,-0.01464844,0.20507812,0.30761719,-0.07324219,1.03340149,2.64751186,2.63061523,0.04882812
17.22916293,6040,-2.49433453,-1.88673289,-2.33809670,0.05989075,0.85745907,0.35743713,3.78896224,-1.82970067,-2.33567172,0.05782746,0.85086407,0.35830704,-2.49242719,-1.63381846,-2.30605324,0.03242493,0.76285458,0.38261414,-0.00488281,-0.23437500,-0.04882812,0.08789062,0.51269531,-0.11718750,1.03340149,2.64751471,2.63214111,0.04882812
17.24353242,6045,-2.49433453,-1.89550669,-2.34152993,0.06103516,0.86508847,0.35591125,3.78888730,-1.83850002,-2.33899654,0.05957720,0.85879302,0.35702687,-2.49280866,-1.63725169,-2.30719765,0.03433228,0.77010251,0.37994385,-0.00976562,-0.25390625,-0.05859375,0.10253906,0.52734375,-0.17578125,1.03340149,2.64763772,2.63290405,0.02441406
17.25978637,6050,-2.49433453,-1.90351756,-2.34496315,0.06103516,0.87195492,0.35324097,3.78886274,-1.84690939,-2.34229415,0.06030094,0.86625714,0.35498397,-2.49280866,-1.64106639,-2.30796059,0.03547668,0.77620602,0.37651062,-0.00976562,-0.27343750,-0.05859375,0.08789062,0.38085938,-0.26367188,1.03340149,2.64747783,2.63290405,0.02441406
17.27104425,6055,-2.49433453,-1.91076548,-2.34877785,0.06103516,0.87805844,0.35095215,3.78885469,-1.85478301,-2.34600044,0.06053810,0.87283238,0.35264439,-2.49280866,-1.64449961,-2.30834206,0.03700256,0.78116513,0.37536621,-0.00488281,-0.26855469,-0.01953125,0.11718750,0.43945312,-0.10253906,1.03340149,2.64764516,2.63328552,0.00000000
17.28429341,6060,-2.49433453,-1.91801341,-2.35297402,0.06103516,0.88530636,0.34980774,3.78885206,-1.86181849,-2.34969331,0.06061581,0.87929201,0.35087007,-2.49280866,-1.64869578,-2.30872353,0.03890991,0.78841305,0.37384033,-0.00488281,-0.31250000,-0.01464844,0.10253906,0.52734375,-0.14648438,1.03340149,2.64748027,2.63366699,0.02441406
17.29815221,6065,-2.49433453,-1.92602427,-2.35831459,0.06103516,0.89293576,0.34980774,3.78885119,-1.86897507,-2.35398469,0.06064128,0.88608350,0.35015584,-2.49280866,-1.65327342,-2.30948647,0.04081726,0.79604245,0.37269592,-0.00976562,-0.29296875,-0.04882812,0.14648438,0.55664062,-0.08789062,1.03340149,2.64752389,2.63404846,-0.02441406
17.31204796,6070,-2.49433453,-1.93174632,-2.36251076,0.06103516,0.89865780,0.34980774,3.78885091,-1.87601386,-2.35873793,0.06064962,0.89307152,0.34992181,-2.49280866,-1.65670665,-2.31024941,0.04272461,0.80214596,0.37078857,-0.00976562,-0.27343750,-0.06835938,0.05859375,0.52734375,-0.17578125,1.03340149,2.64756260,2.63442993,0.02441406
17.32601428,6075,-2.49433453,-1.93861277,-2.36861428,0.06103516,0.90590573,0.34980774,3.78885082,-1.88301003,-2.36421198,0.06065235,0.90020742,0.34984512,-2.49280866,-1.66052134,-2.31101235,0.04310608,0.80939389,0.36773682,-0.00976562,-0.31250000,-0.03417969,0.02929688,0.49804688,-0.20507812,1.03340149,2.64745322,2.63519287,0.02441406
17.34107947,6080,-2.49433453,-1.94624217,-2.37509926,0.06065369,0.91506100,0.34980774,3.78885079,-1.88991533,-2.37007810,0.06051592,0.90794170,0.34981999,-2.49280866,-1.66548045,-2.31177529,0.04425049,0.81740475,0.36621094,-0.00488281,-0.29296875,-0.04882812,0.04394531,0.51269531,-0.05859375,1.03340149,2.64741737,2.63557434,0.00000000
17.35723543,6085,-2.49471600,-1.95196421,-2.38043984,0.06027222,0.92116452,0.34980774,3.78862556,-1.89645381,-2.37586140,0.06027578,0.91532959,0.34981175,-2.49280866,-1.67082102,-2.31330117,0.04577637,0.82732297,0.36621094,-0.00976562,-0.31738281,-0.07324219,0.05859375,0.64453125,-0.02929688,1.03340149,2.64750328,2.63671875,0.04882812
17.37111020,6090,-2.49547894,-1.95959361,-2.38845070,0.05950928,0.92917538,0.34980774,3.78812671,-1.90372769,-2.38300317,0.05962312,0.92291073,0.34980905,-2.49319013,-1.67463572,-2.31444558,0.04653931,0.83228207,0.36544800,-0.00976562,-0.31250000,-0.09765625,0.05859375,0.46875000,-0.08789062,1.03340149,2.64743378,2.63786316,0.04882812
17.38489938,6095,-2.49662335,-1.96531565,-2.39455422,0.05836487,0.93489743,0.34980774,3.78732518,-1.91007836,-2.38948695,0.05889033,0.92942312,0.34980817,-2.49319013,-1.67883189,-2.31597145,0.04844666,0.83762265,0.36430359,-0.00488281,-0.28808594,-0.08789062,0.11718750,0.35156250,-0.11718750,1.03340149,2.64748913,2.63824463,0.00000000
17.40071583,6100,-2.49776776,-1.97103770,-2.40103920,0.05607605,0.93985653,0.34980774,3.78641227,-1.91598881,-2.39579575,0.05723981,0.93519296,0.34980788,-2.49319013,-1.68379100,-2.31673439,0.04997253,0.84410763,0.36201477,-0.00976562,-0.32714844,-0.06835938,0.05859375,0.42480469,-0.19042969,1.03340149,2.64742914,2.63862610,0.00000000
17.41312313,6105,-2.49929364,-1.97599681,-2.40752419,0.05302429,0.94596005,0.34980774,3.78507943,-1.92143348,-2.40232213,0.05482397,0.94084778,0.34980779,-2.49319013,-1.68760569,-2.31826027,0.05035400,0.84906674,0.36125183,-0.00488281,-0.32226562,-0.09765625,0.04394531,0.51269531,-0.07324219,1.03340149,2.64740948,2.63862610,0.00000000
17.42847300,6110,-2.50158246,-1.98057444,-2.41439064,0.04997253,0.95091916,0.34980774,3.78323522,-1.92646466,-2.40906640,0.05190051,0.94630586,0.34980775,-2.49319013,-1.69218333,-2.32016762,0.05073547,0.85745907,0.36087036,-0.00488281,-0.33203125,-0.12695312,0.01464844,0.49804688,-0.04394531,1.03340149,2.64740304,2.63862610,0.00000000
17.44127655,6115,-2.50348981,-1.98400767,-2.42087563,0.04768372,0.95549679,0.34980774,3.78119524,-1.93058850,-2.41562610,0.04926799,0.95129846,0.34980774,-2.49319013,-1.69676097,-2.32169350,0.05035400,0.86279965,0.35972595,-0.00976562,-0.33203125,-0.12695312,-0.01464844,0.41015625,-0.10253906,1.03340149,2.64740093,2.63862610,-0.02441406
17.45738316,6120,-2.50654157,-1.98820384,-2.42812355,0.04386902,0.96198178,0.34980774,3.77878801,-1.93457493,-2.42258991,0.04613608,0.95692675,0.34980774,-2.49357160,-1.70133860,-2.32321938,0.05035400,0.87081051,0.35896301,-0.00976562,-0.32714844,-0.11718750,-0.01464844,0.60058594,-0.07324219,1.03340149,2.64740024,2.63900757,0.02441406
17.47209144,6125,-2.51035626,-1.99163706,-2.43727883,0.04081726,0.96846676,0.34980774,3.77555658,-1.93831004,-2.43055394,0.04282808,0.96300259,0.34980774,-2.49357160,-1.70667918,-2.32512673,0.05035400,0.87920285,0.35858154,-0.02441406,-0.31250000,-0.12695312,-0.01464844,0.48339844,-0.01464844,1.03340149,2.64740001,2.63900757,0.00000000
17.48311114,6130,-2.51302655,-1.99354441,-2.44300087,0.03852844,0.97304440,0.34980774,3.77250857,-1.94119033,-2.43781191,0.04008176,0.96862536,0.34980774,-2.49395307,-1.71011241,-2.32703408,0.05035400,0.88263608,0.35820007,-0.02929688,-0.30273438,-0.13183594,0.00000000,0.41015625,-0.02929688,1.03340149,2.64739994,2.63900757,-0.02441406
17.49539042,6135,-2.51607831,-1.99468882,-2.44910439,0.03509521,0.97724057,0.34980774,3.76940628,-1.94311498,-2.44446462,0.03700203,0.97349115,0.34980774,-2.49433453,-1.71354563,-2.32855995,0.05035400,0.88873959,0.35820007,-0.01953125,-0.30761719,-0.14160156,-0.02929688,0.42480469,-0.01464844,1.03340149,2.64733741,2.63938904,0.00000000
17.50851178,6140,-2.51989301,-1.99621470,-2.45673378,0.03128052,0.98410702,0.34980774,3.76607063,-1.94467924,-2.45119487,0.03367378,0.97891589,0.34980774,-2.49471600,-1.71774180,-2.33046730,0.04997253,0.89522458,0.35781860,-0.02929688,-0.32226562,-0.13183594,-0.07324219,0.52734375,-0.02929688,1.03340149,2.64737943,2.63977051,-0.02441406
17.52468610,6145,-2.52561505,-1.99774058,-2.46703347,0.02403259,0.99173642,0.34980774,3.76162861,-1.94612981,-2.45940842,0.02853886,0.98557384,0.34980774,-2.49509747,-1.72270091,-2.33351906,0.04959106,0.90285397,0.35743713,-0.02441406,-0.28320312,-0.16601562,-0.02929688,0.49804688,-0.04394531,1.03340149,2.64739319,2.63977051,-0.02441406
17.53665018,6150,-2.52981122,-1.99774058,-2.47389992,0.01945496,0.99669552,0.34980774,3.75713117,-1.94697476,-2.46737742,0.02334649,0.99149197,0.34980774,-2.49547894,-1.72613414,-2.33542641,0.04920959,0.90705014,0.35705566,-0.02441406,-0.30761719,-0.17578125,-0.04394531,0.39550781,-0.07324219,1.03302002,2.64724512,2.63977051,0.02441406
17.55205464,6155,-2.53477033,-1.99774058,-2.48191079,0.01449585,1.00165463,0.34980774,3.75211339,-1.94725163,-2.47576470,0.01804288,0.99727460,0.34980774,-2.49624188,-1.73071177,-2.33771523,0.04882812,0.91277218,0.35629272,-0.05371094,-0.31738281,-0.15136719,-0.05859375,0.36621094,-0.07324219,1.03340149,2.64722711,2.63977051,-0.02441406
17.56491852,6160,-2.54087384,-1.99774058,-2.49106606,0.00839233,1.00775815,0.34980774,3.74691447,-1.94734236,-2.48414098,0.01266729,1.00273635,0.34980774,-2.49662335,-1.73528941,-2.34038552,0.04768372,0.91925717,0.35514832,-0.03417969,-0.29296875,-0.16601562,-0.11718750,0.46875000,-0.10253906,1.03340149,2.64698293,2.64015198,-0.02441406
17.57888103,6165,-2.54583295,-1.99735911,-2.49793251,0.00343323,1.01195431,0.34980774,3.74156917,-1.94729579,-2.49189768,0.00724701,1.00780523,0.34980774,-2.49700482,-1.73872264,-2.34267433,0.04539490,0.92459775,0.35438538,-0.03906250,-0.28320312,-0.20019531,-0.19042969,0.51269531,-0.05859375,1.03302002,2.64675033,2.64015198,-0.02441406
17.59293914,6170,-2.55193646,-1.99697764,-2.50594338,-0.00228882,1.01767636,0.34980774,3.73575317,-1.94696303,-2.49986627,0.00152180,1.01318190,0.34980774,-2.49776776,-1.74215586,-2.34534462,0.04272461,0.93146420,0.35438538,-0.06347656,-0.30273438,-0.21972656,-0.24902344,0.49804688,-0.02929688,1.03302002,2.64667411,2.64053345,-0.02441406
17.60780096,6175,-2.55956586,-1.99545176,-2.51509865,-0.00953674,1.02377987,0.34980774,3.72931808,-1.94592967,-2.50816395,-0.00456604,1.01879968,0.34980774,-2.49891217,-1.74635203,-2.34915932,0.03890991,0.93756772,0.35362244,-0.08789062,-0.27343750,-0.19531250,-0.21972656,0.45410156,-0.05859375,1.03302002,2.64664914,2.64053345,-0.02441406
17.62478399,6180,-2.56795819,-1.99316294,-2.52463539,-0.01602173,1.02988339,0.34980774,3.72196114,-1.94436377,-2.51697094,-0.01085985,1.02448085,0.34980774,-2.50043805,-1.75169261,-2.35221108,0.03509521,0.94596005,0.35247803,-0.08300781,-0.28808594,-0.19042969,-0.23437500,0.48339844,-0.10253906,1.03302002,2.64664095,2.64091492,0.00000000
17.63796711,6185,-2.57558759,-1.99125560,-2.53264626,-0.02136230,1.03484250,0.34980774,3.71443372,-1.94248578,-2.52529249,-0.01664803,1.02987285,0.34980774,-2.50158246,-1.75474436,-2.35449990,0.03242493,0.95015622,0.35095215,-0.09765625,-0.27343750,-0.20019531,-0.24902344,0.41015625,-0.14648438,1.03302002,2.64663827,2.64091492,-0.07324219
17.65176749,6190,-2.58169110,-1.98934825,-2.53874977,-0.02555847,1.03903866,0.34980774,3.70702622,-1.94053923,-2.53314820,-0.02194302,1.03495794,0.34980774,-2.50272687,-1.75894053,-2.35831459,0.02784729,0.95854855,0.35095215,-0.10253906,-0.27343750,-0.23437500,-0.27832031,0.46875000,0.00000000,1.03302002,2.64663739,2.64091492,-0.04882812
17.66448665,6195,-2.58970197,-1.98782237,-2.54637917,-0.03051758,1.04361630,0.34980774,3.69939324,-1.93878322,-2.54057148,-0.02704344,1.03978194,0.34980774,-2.50387128,-1.76122935,-2.36060341,0.02517700,0.96121884,0.35057068,-0.11230469,-0.24414062,-0.24414062,-0.33691406,0.35156250,-0.01464844,1.03302002,2.64663710,2.64129639,0.00000000
17.68003464,6200,-2.59656842,-1.98553355,-2.55286415,-0.03509521,1.04743100,0.34980774,3.69183664,-1.93665141,-2.54783414,-0.03210000,1.04407629,0.34980774,-2.50539716,-1.76580699,-2.36479958,0.02098083,0.96808529,0.35057068,-0.12695312,-0.24414062,-0.21972656,-0.21972656,0.38085938,-0.02929688,1.03302002,2.64663701,2.64129639,0.02441406
17.69259882,6205,-2.60724957,-1.98210032,-2.56163796,-0.04081726,1.05200863,0.34980774,3.68270376,-1.93381700,-2.55577781,-0.03746286,1.04846881,0.34974670,-2.50692304,-1.76885874,-2.36823281,0.01678467,0.97418881,0.35095215,-0.11230469,-0.23925781,-0.23437500,-0.33691406,0.48339844,-0.01464844,1.03302002,2.64683717,2.64129639,0.00000000
17.70853639,6210,-2.61907514,-1.97866709,-2.57117470,-0.04577637,1.05582333,0.34904480,3.67284452,-1.93092618,-2.56412701,-0.04239754,1.05231611,0.34939394,-2.50883038,-1.77229197,-2.37204750,0.01296997,0.98067380,0.35095215,-0.11718750,-0.23437500,-0.24902344,-0.24902344,0.45410156,0.00000000,1.03302002,2.64678069,2.64167786,-0.02441406
17.72486043,6215,-2.63013776,-1.97485240,-2.57994850,-0.05035400,1.05849362,0.34713745,3.66238130,-1.92759879,-2.57249849,-0.04685095,1.05556154,0.34855801,-2.51111920,-1.77572520,-2.37548073,0.00877380,0.98601437,0.35057068,-0.13183594,-0.21972656,-0.25878906,-0.29296875,0.33691406,-0.01464844,1.03302002,2.64682469,2.64167786,-0.02441406
17.73905420,6220,-2.63929303,-1.97141917,-2.58643349,-0.05416870,1.05963803,0.34294128,3.65201277,-1.92389653,-2.58048641,-0.05115669,1.05779529,0.34583255,-2.51264508,-1.77801402,-2.37929543,0.00457764,0.99021054,0.35057068,-0.15136719,-0.19531250,-0.24414062,-0.32226562,0.33691406,-0.02929688,1.03302002,2.64669848,2.64205933,0.02441406
17.75412059,6225,-2.65264447,-1.96607859,-2.59635170,-0.06027222,1.05925656,0.33493042,3.64061533,-1.91952542,-2.58895570,-0.05613692,1.05846022,0.34033047,-2.51569684,-1.78182872,-2.38425454,0.00000000,0.99669552,0.35057068,-0.17089844,-0.20507812,-0.24414062,-0.29296875,0.42480469,0.00000000,1.03302002,2.64665712,2.64244080,-0.04882812
17.76904988,6230,-2.66179974,-1.96226390,-2.60321816,-0.06217957,1.06001950,0.32882690,3.62914869,-1.91512703,-2.59741280,-0.06023528,1.05918177,0.33369698,-2.51760419,-1.78411753,-2.38730629,-0.00381470,1.00203610,0.35057068,-0.16601562,-0.19042969,-0.26367188,-0.33691406,0.42480469,-0.02929688,1.03302002,2.64676564,2.64282227,-0.02441406
17.78304744,6235,-2.67515119,-1.95616038,-2.61199196,-0.06408691,1.06154538,0.31814575,3.61793390,-1.91037473,-2.60519806,-0.06254905,1.06029370,0.32576892,-2.52103742,-1.78716929,-2.39226540,-0.00877380,1.00890256,0.34980774,-0.20019531,-0.16601562,-0.28320312,-0.35156250,0.42480469,-0.05859375,1.03340149,2.64683172,2.64282227,0.00000000
17.79681826,6240,-2.68621381,-1.95120127,-2.61923989,-0.06561279,1.06268979,0.30784607,3.60622083,-1.90511083,-2.61306933,-0.06452549,1.06139768,0.31602909,-2.52332623,-1.78907664,-2.39569863,-0.01258850,1.01080990,0.34828186,-0.19531250,-0.16601562,-0.29296875,-0.27832031,0.19042969,-0.14648438,1.03340149,2.64693149,2.64282227,0.00000000
17.81011891,6245,-2.69994672,-1.94547923,-2.62763222,-0.06675720,1.06421567,0.29563904,3.59391297,-1.89967856,-2.62087881,-0.06603190,1.06260513,0.30510365,-2.52599652,-1.79136546,-2.39989479,-0.01716614,1.01462460,0.34599304,-0.21484375,-0.17089844,-0.28808594,-0.35156250,0.35156250,-0.19042969,1.03302002,2.64673347,2.64282227,0.00000000
17.82552576,6250,-2.71215375,-1.93937571,-2.63526162,-0.06713867,1.06536007,0.28381348,3.58063188,-1.89364558,-2.62925715,-0.06703247,1.06398016,0.29299248,-2.52942975,-1.79365428,-2.40370949,-0.02059937,1.01805783,0.34179688,-0.22460938,-0.14648438,-0.24902344,-0.23437500,0.19042969,-0.36621094,1.03340149,2.64688368,2.64282227,0.02441406
17.83711576,6255,-2.72245343,-1.93441661,-2.64174660,-0.06713867,1.06650448,0.27389526,3.56987136,-1.88842199,-2.63599488,-0.06736034,1.06505122,0.28276241,-2.53171857,-1.79518016,-2.40752419,-0.02326965,1.01920224,0.33874512,-0.23925781,-0.14160156,-0.30273438,-0.23437500,0.16113281,-0.19042969,1.03302002,2.64695609,2.64282227,-0.04882812
17.85149097,6260,-2.73733075,-1.92678721,-2.65166481,-0.06713867,1.06764889,0.25939941,3.55702663,-1.88202624,-2.64434112,-0.06746778,1.06625948,0.27050617,-2.53553327,-1.79708750,-2.41210183,-0.02632141,1.02339840,0.33569336,-0.25878906,-0.13183594,-0.31738281,-0.24902344,0.33691406,-0.26367188,1.03302002,2.64680403,2.64320374,-0.02441406
17.86584711,6265,-2.74801190,-1.92068370,-2.65853127,-0.06675720,1.06879330,0.24871826,3.54507841,-1.87577423,-2.65216806,-0.06727776,1.06737598,0.25863312,-2.53820355,-1.79823191,-2.41553505,-0.02899170,1.02645016,0.33187866,-0.24902344,-0.09765625,-0.31250000,-0.23437500,0.27832031,-0.33691406,1.03302002,2.64676983,2.64320374,0.00000000
17.87912369,6270,-2.76403363,-1.91114695,-2.67035683,-0.06637573,1.07108212,0.23117065,3.53085926,-1.86765416,-2.66196509,-0.06710796,1.06910048,0.24371203,-2.54239972,-1.79975779,-2.41973122,-0.03204346,1.03026486,0.32882690,-0.26367188,-0.08300781,-0.32226562,-0.17578125,0.29296875,-0.29296875,1.03302002,2.64668050,2.64320374,-0.02441406
17.89296865,6275,-2.77547772,-1.90389903,-2.67836769,-0.06561279,1.07337094,0.21896362,3.51787986,-1.85983090,-2.67112863,-0.06660969,1.07114384,0.22999701,-2.54659589,-1.80128367,-2.42545327,-0.03509521,1.03446103,0.32081604,-0.28808594,-0.11718750,-0.32226562,-0.20507812,0.24902344,-0.52734375,1.03302002,2.64665123,2.64358521,0.00000000
17.90704393,6280,-2.78882916,-1.89512522,-2.68828591,-0.06408691,1.07642270,0.20408630,3.50572895,-1.85219865,-2.67995971,-0.06568079,1.07353411,0.21663288,-2.55002911,-1.80242808,-2.42964943,-0.03738403,1.03636838,0.31280518,-0.27343750,-0.09277344,-0.30761719,-0.20507812,0.14648438,-0.58593750,1.03302002,2.64664164,2.64358521,0.00000000
17.91996264,6285,-2.79989179,-1.88711436,-2.69705971,-0.06217957,1.07909298,0.19149780,3.49270424,-1.84336801,-2.68989828,-0.06402326,1.07645590,0.20203143,-2.55346234,-1.80319102,-2.43308266,-0.03890991,1.03903866,0.30822754,-0.31738281,-0.07324219,-0.32226562,-0.14648438,0.26367188,-0.45410156,1.03302002,2.64663849,2.64358521,-0.02441406
17.93495202,6290,-2.81400617,-1.87681468,-2.70850380,-0.05950928,1.08405209,0.17585754,3.47957486,-1.83398231,-2.70023185,-0.06166872,1.08022154,0.18758069,-2.55918439,-1.80433543,-2.43918618,-0.04158020,1.04323483,0.30059814,-0.33691406,-0.05859375,-0.34667969,-0.16113281,0.20507812,-0.48339844,1.03302002,2.64663746,2.64358521,0.00000000
17.95037842,6295,-2.82850202,-1.86537059,-2.72032936,-0.05798340,1.08977414,0.16059875,3.46532023,-1.82317805,-2.71163444,-0.05966818,1.08525368,0.17203980,-2.56376203,-1.80471690,-2.44376381,-0.04348755,1.04514218,0.28991699,-0.33203125,-0.03906250,-0.32226562,-0.16113281,0.13183594,-0.77636719,1.03302002,2.64663713,2.64358521,-0.02441406
17.96657825,6300,-2.84337933,-1.85316355,-2.73329933,-0.05531311,1.09702206,0.14419556,3.45195994,-1.81270851,-2.72281737,-0.05771442,1.09095376,0.15748265,-2.56948407,-1.80547984,-2.44986733,-0.04577637,1.04704953,0.27999878,-0.34667969,-0.04394531,-0.33203125,-0.13183594,0.16113281,-0.57128906,1.03302002,2.64683721,2.64358521,0.00000000
17.98006964,6305,-2.85329755,-1.84438975,-2.74283608,-0.05264282,1.10236264,0.13389587,3.43932447,-1.80202797,-2.73419139,-0.05520471,1.09715140,0.14386014,-2.57444318,-1.80586131,-2.45520790,-0.04653931,1.05124569,0.27236938,-0.37109375,-0.01464844,-0.36132812,-0.08789062,0.30761719,-0.61523438,1.03340149,2.64715302,2.64396667,-0.02441406
17.99384761,6310,-2.86588605,-1.83294566,-2.75466164,-0.04920959,1.10999203,0.12130737,3.42694373,-1.79117637,-2.74573813,-0.05216199,1.10399474,0.13094453,-2.57940228,-1.80586131,-2.46092995,-0.04653931,1.05391598,0.26092529,-0.36132812,-0.00488281,-0.40039062,-0.01464844,0.20507812,-0.83496094,1.03302002,2.64680606,2.64396667,-0.04882812
18.00935745,6315,-2.87961896,-1.82035716,-2.76801308,-0.04501343,1.11991025,0.10948181,3.41442098,-1.77985379,-2.75755094,-0.04867728,1.11198790,0.11917683,-2.58474286,-1.80586131,-2.46627053,-0.04692078,1.05811215,0.25177002,-0.37109375,-0.00488281,-0.39062500,-0.04394531,0.33691406,-0.58593750,1.03340149,2.64706469,2.64396667,-0.02441406
18.02265739,6320,-2.88953717,-1.81120188,-2.77793129,-0.04081726,1.12753964,0.10185242,3.40333242,-1.76965386,-2.76830530,-0.04493836,1.11985954,0.10967674,-2.58970197,-1.80547984,-2.47122963,-0.04653931,1.06154538,0.24375916,-0.37597656,0.00488281,-0.38085938,0.00000000,0.30761719,-0.71777344,1.03340149,2.64692971,2.64396667,0.02441406
18.03693771,6325,-2.90098126,-1.79975779,-2.78975685,-0.03623962,1.13745785,0.09498596,3.39131684,-1.75821951,-2.78053816,-0.04023615,1.12940498,0.10091019,-2.59542401,-1.80547984,-2.47695168,-0.04692078,1.06574154,0.23155212,-0.39062500,0.02441406,-0.36132812,-0.01464844,0.32226562,-0.79101562,1.03302002,2.64673289,2.64396667,-0.02441406
18.05317211,6330,-2.91547711,-1.78602488,-2.80577858,-0.02975464,1.15195370,0.08850098,3.37834857,-1.74575248,-2.79432177,-0.03468250,1.14129480,0.09380404,-2.60190900,-1.80433543,-2.48343666,-0.04653931,1.07184506,0.22201538,-0.40527344,0.03906250,-0.37109375,0.01464844,0.41015625,-0.55664062,1.03302002,2.64673090,2.64396667,-0.02441406
18.06860709,6335,-2.92730267,-1.77419932,-2.81989296,-0.02365112,1.16530514,0.08430481,3.36567591,-1.73345550,-2.80857190,-0.02877333,1.15437969,0.08823637,-2.60839398,-1.80357249,-2.48992165,-0.04653931,1.07833005,0.21057129,-0.42968750,0.07324219,-0.40039062,-0.01464844,0.46875000,-0.79101562,1.03302002,2.64680837,2.64396667,-0.02441406
18.08209658,6340,-2.93683942,-1.76428111,-2.83171852,-0.01945496,1.17713070,0.08010864,3.35459157,-1.72241797,-2.82175103,-0.02357591,1.16688745,0.08355172,-2.61297162,-1.80242808,-2.49449929,-0.04615784,1.08328915,0.20217896,-0.42480469,0.08300781,-0.43457031,0.00000000,0.46875000,-0.70312500,1.03302002,2.64679079,2.64396667,-0.04882812
18.09481907,6345,-2.94599469,-1.75474436,-2.84316262,-0.01487732,1.18781186,0.07705688,3.34466795,-1.71222343,-2.83381981,-0.01888746,1.17862270,0.07968755,-2.61869367,-1.80090220,-2.50060280,-0.04615784,1.08977414,0.19607544,-0.41992188,0.11230469,-0.43945312,0.00000000,0.42480469,-0.48339844,1.03340149,2.64710265,2.64434814,0.00000000
18.10972857,6350,-2.95705731,-1.74330027,-2.85765847,-0.01068115,1.20154477,0.07438660,3.33534526,-1.70258527,-2.84565658,-0.01491329,1.18970591,0.07687264,-2.62479718,-1.79899485,-2.50708779,-0.04501343,1.09511471,0.18539429,-0.42480469,0.12695312,-0.44921875,0.02929688,0.38085938,-0.74707031,1.03340149,2.64718043,2.64434814,-0.04882812
18.12345433,6355,-2.96621259,-1.73338206,-2.87062844,-0.00648499,1.21337033,0.07324219,3.32537780,-1.69197172,-2.85907896,-0.01041437,1.20232337,0.07471355,-2.63128217,-1.79746897,-2.51357277,-0.04463196,1.10045529,0.17623901,-0.42480469,0.12695312,-0.44433594,0.04394531,0.42480469,-0.60058594,1.03340149,2.64724986,2.64434814,-0.02441406
18.13689423,6360,-2.97460492,-1.72422679,-2.88245400,-0.00419617,1.22443295,0.07362366,3.31607529,-1.68200559,-2.87198441,-0.00689110,1.21427976,0.07398079,-2.63700421,-1.79556163,-2.51967629,-0.04348755,1.10846615,0.17089844,-0.43457031,0.14160156,-0.45898438,0.07324219,0.58593750,-0.42480469,1.03340149,2.64727261,2.64434814,-0.02441406
18.15145373,6365,-2.98299725,-1.71469004,-2.89580544,-0.00190735,1.23625851,0.07362366,3.30743256,-1.67243410,-2.88476539,-0.00421682,1.22598413,0.07374068,-2.64387067,-1.79289134,-2.52654274,-0.03967285,1.11647702,0.16250610,-0.44921875,0.16113281,-0.49804688,0.20507812,0.52734375,-0.65917969,1.03340149,2.64711991,2.64434814,-0.02441406
18.16447496,6370,-2.98986371,-1.70667918,-2.90763100,0.00000000,1.24655819,0.07362366,3.29916178,-1.66314086,-2.89794845,-0.00189019,1.23759078,0.07366200,-2.64959271,-1.79098399,-2.53264626,-0.03700256,1.12334347,0.15487671,-0.44921875,0.16113281,-0.49804688,0.19042969,0.51269531,-0.60058594,1.03340149,2.64714800,2.64434814,0.00000000
18.17933917,6375,-2.99711163,-1.69866831,-2.92021950,0.00076294,1.25800229,0.07362366,3.29158651,-1.65464728,-2.91063315,-0.00043322,1.24887036,0.07363622,-2.65493329,-1.78907664,-2.53913124,-0.03547668,1.13059140,0.14991760,-0.45898438,0.16601562,-0.49316406,0.11718750,0.68847656,-0.38085938,1.03340149,2.64731736,2.64434814,-0.02441406
18.19354510,6380,-3.00550397,-1.68836863,-2.93662270,0.00114441,1.27135373,0.07362366,3.28350780,-1.64525486,-2.92529834,0.00019081,1.26138079,0.07362777,-2.66179974,-1.78640635,-2.54676064,-0.03280640,1.14089108,0.14533997,-0.44921875,0.16113281,-0.50781250,0.17578125,0.64453125,-0.29296875,1.03340149,2.64721270,2.64472961,0.02441406
18.20918393,6385,-3.01198895,-1.68035777,-2.95073708,0.00076294,1.28279782,0.07362366,3.27670371,-1.63693630,-2.93905414,0.00031899,1.27282762,0.07362501,-2.67019208,-1.78297312,-2.55515297,-0.02822876,1.15080929,0.13694763,-0.45410156,0.18066406,-0.49316406,0.24902344,0.55664062,-0.49804688,1.03340149,2.64727606,2.64472961,0.00000000
18.22229433,6390,-3.01809247,-1.67310984,-2.96485146,0.00038147,1.29386044,0.07362366,3.27004202,-1.62873648,-2.95365943,0.00013578,1.28473440,0.07362410,-2.67515119,-1.78068431,-2.56163796,-0.02670288,1.15958310,0.13160706,-0.44433594,0.19042969,-0.49316406,0.14648438,0.79101562,-0.43945312,1.03302002,2.64708466,2.64434814,-0.02441406
18.23601460,6395,-3.02381452,-1.66662486,-2.97858437,0.00038147,1.30568600,0.07362366,3.26391881,-1.62146936,-2.96774118,-0.00001654,1.29630825,0.07362380,-2.68201764,-1.77725108,-2.56850441,-0.02403259,1.16988278,0.12817383,-0.45410156,0.20507812,-0.49804688,0.13183594,0.60058594,-0.21972656,1.03340149,2.64729660,2.64434814,-0.02441406
18.25127220,6400,-3.03144391,-1.65746958,-2.99575051,0.00000000,1.31980038,0.07362366,3.25738843,-1.61374530,-2.98295815,-0.00018181,1.30884406,0.07362370,-2.68812116,-1.77458079,-2.57651528,-0.02136230,1.17751217,0.12474060,-0.45898438,0.20996094,-0.53222656,0.17578125,0.64453125,-0.24902344,1.03302002,2.64711581,2.64472961,0.00000000
18.26843834,6405,-3.03869183,-1.64945872,-3.01367958,-0.00038147,1.33544064,0.07362366,3.25062172,-1.60601640,-2.99884667,-0.00039234,1.32218385,0.07362367,-2.69689496,-1.77038462,-2.58681496,-0.01945496,1.19238949,0.12054443,-0.44921875,0.21972656,-0.54687500,0.13183594,0.83496094,-0.21972656,1.03340149,2.64718474,2.64472961,-0.02441406
18.28173304,6410,-3.04403241,-1.64373667,-3.02741249,-0.00152588,1.34764767,0.07362366,3.24422350,-1.59901517,-3.01446660,-0.00108034,1.33573130,0.07362366,-2.70223554,-1.76733287,-2.59406288,-0.01831055,1.19925595,0.11711121,-0.44433594,0.20996094,-0.55664062,0.07324219,0.58593750,-0.30761719,1.03340149,2.64720733,2.64472961,0.00000000
18.29574680,6415,-3.05013593,-1.63725169,-3.04267128,-0.00343323,1.36138058,0.07362366,3.23821433,-1.59251287,-3.02945896,-0.00234693,1.34899963,0.07362366,-2.70872052,-1.76428111,-2.60169228,-0.01792908,1.20726681,0.11215210,-0.45898438,0.21484375,-0.53710938,0.02929688,0.71777344,-0.35156250,1.03340149,2.64727430,2.64511108,0.02441406
18.30974507,6420,-3.05585797,-1.63114817,-3.05754860,-0.00572205,1.37511349,0.07362366,3.23199195,-1.58588953,-3.04538911,-0.00444043,1.36354661,0.07362366,-2.71482404,-1.76122935,-2.60932167,-0.01792908,1.21871090,0.10948181,-0.44433594,0.22460938,-0.55664062,-0.01464844,0.68847656,-0.17578125,1.03302002,2.64704600,2.64472961,-0.02441406
18.32403898,6425,-3.06196149,-1.62504466,-3.07242592,-0.00801086,1.39037228,0.07362366,3.22616638,-1.57981343,-3.05999912,-0.00659493,1.37768788,0.07362366,-2.72092755,-1.75817759,-2.61695107,-0.01754761,1.22786618,0.10566711,-0.45898438,0.22949219,-0.56640625,0.01464844,0.74707031,-0.27832031,1.03340149,2.64718628,2.64472961,-0.02441406
18.33703017,6430,-3.06730206,-1.62008555,-3.08539589,-0.00953674,1.40296078,0.07362366,3.22026259,-1.57397463,-3.07463442,-0.00860854,1.39201469,0.07362366,-2.72703107,-1.75474436,-2.62534340,-0.01716614,1.23854733,0.10337830,-0.45898438,0.23925781,-0.60546875,0.02929688,0.80566406,-0.13183594,1.03340149,2.64718928,2.64472961,0.02441406
18.35154343,6435,-3.07340558,-1.61512644,-3.09989174,-0.01106262,1.41745663,0.07362366,3.21473868,-1.56901242,-3.08818427,-0.01005302,1.40539313,0.07362366,-2.73351605,-1.75169261,-2.63297280,-0.01602173,1.25037289,0.10337830,-0.45898438,0.22949219,-0.59570312,0.05859375,0.82031250,-0.05859375,1.03340149,2.64711116,2.64472961,-0.04882812
18.36450911,6440,-3.07989057,-1.60940440,-3.11438759,-0.01258850,1.43195248,0.07362366,3.20849830,-1.56355694,-3.10255568,-0.01168358,1.41968640,0.07362366,-2.73961957,-1.74825938,-2.64060219,-0.01449585,1.26105404,0.10108948,-0.46386719,0.25878906,-0.59082031,0.07324219,0.83496094,-0.20507812,1.03340149,2.64710509,2.64511108,-0.02441406
18.37995243,6445,-3.08675702,-1.60444529,-3.12926491,-0.01525879,1.44759274,0.07400513,3.20203476,-1.55833362,-3.11697182,-0.01371385,1.43447073,0.07369995,-2.74648602,-1.74444468,-2.65090187,-0.01411438,1.27402402,0.09803772,-0.45898438,0.24414062,-0.60546875,0.01464844,0.79101562,-0.19042969,1.03302002,2.64685286,2.64472961,-0.02441406
18.39420533,6450,-3.09324201,-1.60024913,3.14133190,-0.01754761,1.46170712,0.07362366,3.19580680,-1.55384921,-3.13008986,-0.01584764,1.44845356,0.07367991,-2.75297101,-1.74062998,-2.66005715,-0.01373291,1.28470517,0.09651184,-0.44921875,0.23925781,-0.62988281,0.00000000,0.77636719,-0.10253906,1.03340149,2.64695795,2.64472961,-0.02441406
18.40822959,6455,-3.09820111,-1.59643443,3.13141368,-0.01983643,1.47162533,0.07362366,3.18959353,-1.54941956,-3.14247993,-0.01824435,1.46165973,0.07364209,-2.75907453,-1.73719676,-2.66883095,-0.01373291,1.29729367,0.09574890,-0.45410156,0.24902344,-0.62500000,-0.01464844,0.87890625,-0.05859375,1.03302002,2.64698043,2.64511108,-0.04882812
18.42197967,6460,-3.10430463,-1.59300120,3.12035106,-0.02288818,1.48345089,0.07362366,3.18369576,-1.54555875,-3.15391552,-0.02097941,1.47352460,0.07362970,-2.76594098,-1.73338206,-2.67836769,-0.01373291,1.30759335,0.09422302,-0.45410156,0.25390625,-0.62988281,0.01464844,0.76171875,-0.11718750,1.03302002,2.64696924,2.64511108,-0.02441406
18.43693328,6465,-3.10888226,-1.59071238,3.11119579,-0.02593994,1.49222470,0.07400513,3.17817479,-1.54242425,-3.16433022,-0.02395864,1.48428394,0.07370193,-2.77166303,-1.72994883,-2.68637856,-0.01373291,1.31827450,0.09193420,-0.45898438,0.24902344,-0.62500000,-0.04394531,0.80566406,-0.19042969,1.03340149,2.64716113,2.64511108,0.00000000
18.45171118,6470,-3.11460431,-1.58842356,3.10051463,-0.02899170,1.50061703,0.07362366,3.17269686,-1.53999748,-3.17455784,-0.02701788,1.49353539,0.07364931,-2.77929242,-1.72537120,-2.69782265,-0.01373291,1.33124447,0.08850098,-0.45410156,0.25878906,-0.64453125,-0.01464844,0.74707031,-0.26367188,1.03302002,2.64710657,2.64511108,0.00000000
18.46468282,6475,-3.11841901,-1.58689769,3.09402965,-0.03128052,1.50328732,0.07362366,3.16811499,-1.53793519,-3.18302264,-0.02969099,1.49935487,0.07363206,-2.78463300,-1.72231944,-2.70468911,-0.01411438,1.34039975,0.08735657,-0.45410156,0.25390625,-0.64941406,-0.02929688,0.79101562,-0.10253906,1.03340149,2.64730378,2.64511108,-0.04882812
18.47929788,6480,-3.12223370,-1.58651622,3.08716319,-0.03509521,1.50405026,0.07400513,3.16377156,-1.53674318,-3.19084838,-0.03302809,1.50222395,0.07388288,-2.79149945,-1.71888621,-2.71537026,-0.01449585,1.35260678,0.08735657,-0.45898438,0.22460938,-0.62988281,-0.04394531,0.79101562,-0.02929688,1.03340149,2.64722778,2.64511108,-0.04882812
18.49361348,6485,-3.12604840,-1.58651622,3.08105968,-0.03776550,1.50405026,0.07400513,3.15988370,-1.53635258,-3.19732532,-0.03608632,1.50319535,0.07396507,-2.79798444,-1.71507151,-2.72452553,-0.01487732,1.36405087,0.08583069,-0.44921875,0.24414062,-0.64453125,-0.05859375,0.82031250,-0.11718750,1.03340149,2.64722143,2.64511108,0.00000000
18.51074171,6490,-3.12910016,-1.58651622,3.07571910,-0.03890991,1.50405026,0.07400513,3.15660680,-1.53622459,-3.20298943,-0.03802044,1.50351365,0.07399200,-2.80332501,-1.71240123,-2.73215493,-0.01564026,1.37473202,0.08506775,-0.44433594,0.22460938,-0.60546875,-0.07324219,0.86425781,-0.05859375,1.03302002,2.64706676,2.64511108,-0.02441406
18.52366233,6495,-3.13138898,-1.58689769,3.07228587,-0.03929138,1.50405026,0.07400513,3.15383600,-1.53636881,-3.20747448,-0.03910014,1.50361795,0.07400083,-2.81095441,-1.70820506,-2.74321755,-0.01792908,1.38655758,0.08468628,-0.43945312,0.21972656,-0.63476562,-0.14648438,0.67382812,-0.02929688,1.03340149,2.64710617,2.64511108,-0.02441406
18.53653550,6500,-3.13291486,-1.58766062,3.06961559,-0.03929138,1.50405026,0.07400513,3.15168930,-1.53692901,-3.21101335,-0.03948519,1.50365213,0.07400372,-2.81591351,-1.70553477,-2.74970253,-0.01945496,1.39494992,0.08392334,-0.43457031,0.21484375,-0.62500000,-0.13183594,0.71777344,-0.07324219,1.03340149,2.64716303,2.64511108,-0.02441406
18.55236554,6505,-3.13367780,-1.58880503,3.06580089,-0.03929138,1.50405026,0.07400513,3.15034158,-1.53780190,-3.21452624,-0.03961136,1.50366333,0.07400467,-2.82239850,-1.70210154,-2.76000222,-0.02136230,1.40257931,0.08163452,-0.43945312,0.21484375,-0.62011719,-0.14648438,0.58593750,-0.19042969,1.03340149,2.64725978,2.64511108,0.00000000
18.56532645,6510,-3.13405927,-1.58956797,3.06427501,-0.03929138,1.50405026,0.07400513,3.14955560,-1.53860087,-3.21717295,-0.03965270,1.50366700,0.07400498,-2.82850202,-1.69943125,-2.76877602,-0.02250671,1.41020871,0.08010864,-0.42480469,0.21484375,-0.61523438,-0.08789062,0.48339844,-0.04394531,1.03340149,2.64709129,2.64549255,-0.02441406
18.57894874,6515,-3.13444074,-1.59071238,3.06160472,-0.03929138,1.50405026,0.07400513,3.14908064,-1.53945191,-3.21948492,-0.03966625,1.50366820,0.07400508,-2.83307965,-1.69676097,-2.77602394,-0.02288818,1.41478634,0.08010864,-0.40527344,0.21484375,-0.61035156,-0.05859375,0.45410156,-0.02929688,1.03340149,2.64701655,2.64549255,0.00000000
18.59313250,6520,-3.13444074,-1.59147532,3.06007884,-0.04005432,1.50405026,0.07400513,3.14885469,-1.54032380,-3.22155013,-0.03993314,1.50366860,0.07400511,-2.83880170,-1.69370921,-2.78403481,-0.02403259,1.42127133,0.08010864,-0.41015625,0.22460938,-0.59082031,-0.07324219,0.43945312,0.00000000,1.03340149,2.64717663,2.64549255,-0.02441406
18.60927558,6525,-3.13444074,-1.59185679,3.05931590,-0.04196167,1.50443173,0.07400513,3.14878066,-1.54108521,-3.22307817,-0.04115255,1.50380606,0.07400512,-2.84604962,-1.68951304,-2.79471596,-0.02555847,1.43004513,0.08010864,-0.39550781,0.22460938,-0.59082031,-0.08789062,0.45410156,-0.02929688,1.03302002,2.64698958,2.64549255,0.02441406
18.62402177,6530,-3.13405927,-1.59261973,3.05817149,-0.04234314,1.50481320,0.07400513,3.14901287,-1.54175975,-3.22412905,-0.04231934,1.50410757,0.07400513,-2.85177167,-1.68684275,-2.80310829,-0.02746582,1.43538571,0.07934570,-0.38085938,0.18554688,-0.55664062,-0.11718750,0.42480469,-0.07324219,1.03340149,2.64708088,2.64549255,-0.04882812
18.63793421,6535,-3.13405927,-1.59376414,3.05817149,-0.04158020,1.50786496,0.07400513,3.14908896,-1.54267989,-3.22472389,-0.04229030,1.50555793,0.07400513,-2.85749371,-1.68379100,-2.81111916,-0.02861023,1.44148922,0.07820129,-0.39062500,0.17089844,-0.52734375,-0.11718750,0.41015625,-0.07324219,1.03340149,2.64717329,2.64549255,-0.02441406
18.65259075,6540,-3.13405927,-1.59376414,3.05779003,-0.04119873,1.51167965,0.07400513,3.14911389,-1.54317085,-3.22509520,-0.04184413,1.50847728,0.07400513,-2.86207135,-1.68188365,-2.81836708,-0.02937317,1.44530392,0.07820129,-0.39062500,0.17089844,-0.55175781,-0.13183594,0.38085938,0.00000000,1.03340149,2.64722799,2.64549255,-0.02441406
18.66436028,6545,-3.13405927,-1.59376414,3.05779003,-0.04119873,1.51587582,0.07400513,3.14912206,-1.54333173,-3.22529695,-0.04166669,1.51241082,0.07400513,-2.86703046,-1.67921336,-2.82637795,-0.03013611,1.45064450,0.07820129,-0.37597656,0.19042969,-0.55664062,-0.07324219,0.41015625,-0.01464844,1.03340149,2.64720295,2.64549255,-0.04882812
18.67861986,6550,-3.13405927,-1.59414561,3.05779003,-0.04119873,1.52045346,0.07400513,3.14912474,-1.54360966,-3.22536306,-0.04160854,1.51673638,0.07400513,-2.87160809,-1.67654307,-2.83286293,-0.03013611,1.45484067,0.07820129,-0.36132812,0.19531250,-0.54199219,-0.04394531,0.35156250,-0.01464844,1.03340149,2.64727286,2.64549255,-0.07324219
18.69500923,6555,-3.13405927,-1.59490855,3.05779003,-0.04119873,1.52426816,0.07400513,3.14912561,-1.54417461,-3.22538472,-0.04158949,1.52088303,0.07400513,-2.87809308,-1.67349131,-2.84239968,-0.03089905,1.46018124,0.07781982,-0.35156250,0.16113281,-0.48828125,-0.05859375,0.30761719,-0.02929688,1.03340149,2.64729577,2.64549255,0.00000000
18.71054006,6560,-3.13405927,-1.59529002,3.05779003,-0.04158020,1.52655697,0.07400513,3.14912590,-1.54465527,-3.22539182,-0.04183971,1.52396080,0.07400513,-2.88343366,-1.67082102,-2.84926613,-0.03204346,1.46399594,0.07781982,-0.35156250,0.17578125,-0.49804688,-0.10253906,0.27832031,-0.02929688,1.03340149,2.64726813,2.64549255,-0.02441406
18.72521400,6565,-3.13405927,-1.59567149,3.05779003,-0.04196167,1.53113461,0.07400513,3.14912600,-1.54492031,-3.22539415,-0.04214693,1.52768465,0.07400513,-2.88801129,-1.66891368,-2.85689553,-0.03356934,1.46819211,0.07743835,-0.34667969,0.15136719,-0.48339844,-0.14648438,0.32226562,-0.02929688,1.03340149,2.64711844,2.64549255,-0.04882812
18.73914146,6570,-3.13405927,-1.59567149,3.05779003,-0.04196167,1.53571225,0.07400513,3.14912603,-1.54518734,-3.22539491,-0.04223002,1.53188242,0.07400513,-2.89297040,-1.66624339,-2.86452492,-0.03509521,1.47315121,0.07743835,-0.33203125,0.17089844,-0.47851562,-0.13183594,0.35156250,-0.02929688,1.03302002,2.64715509,2.64549255,-0.02441406
18.75341105,6575,-3.13405927,-1.59567149,3.05779003,-0.04158020,1.54105282,0.07400513,3.14912604,-1.54527484,-3.22539516,-0.04215947,1.53667665,0.07400513,-2.89716657,-1.66395457,-2.87062844,-0.03662109,1.47849179,0.07743835,-0.32714844,0.17089844,-0.47363281,-0.11718750,0.38085938,-0.02929688,1.03340149,2.64725718,2.64587402,-0.02441406
18.76759934,6580,-3.13405927,-1.59643443,3.05779003,-0.04005432,1.54601193,0.07438660,3.14912604,-1.54569731,-3.22539524,-0.04135266,1.54172284,0.07413025,-2.90136273,-1.66166575,-2.87711342,-0.03738403,1.48268796,0.07705688,-0.33203125,0.15136719,-0.44433594,-0.07324219,0.32226562,-0.01464844,1.03302002,2.64701598,2.64587402,0.00000000
18.78329802,6585,-3.13405927,-1.59796031,3.05779003,-0.03814697,1.54830075,0.07438660,3.14912604,-1.54665020,-3.22539527,-0.03982497,1.54554459,0.07430260,-2.90632184,-1.65937693,-2.88436135,-0.03738403,1.48688412,0.07705688,-0.32226562,0.14648438,-0.45898438,-0.04394531,0.27832031,-0.04394531,1.03340149,2.64717644,2.64587402,-0.02441406
18.79752803,6590,-3.13405927,-1.59834178,3.05779003,-0.03700256,1.54791928,0.07438660,3.14912604,-1.54747916,-3.22539528,-0.03828544,1.54692373,0.07435907,-2.91128095,-1.65708811,-2.89160927,-0.03738403,1.49031735,0.07667542,-0.30273438,0.14160156,-0.45898438,-0.02929688,0.23437500,-0.02929688,1.03340149,2.64724855,2.64549255,0.00000000
18.81102991,6595,-3.13405927,-1.59948619,3.05779003,-0.03738403,1.54791928,0.07438660,3.14912604,-1.54825995,-3.22539528,-0.03786556,1.54736784,0.07437758,-2.91509564,-1.65518077,-2.89694985,-0.03738403,1.49413205,0.07667542,-0.31250000,0.14160156,-0.44921875,-0.01464844,0.29296875,-0.05859375,1.03340149,2.64727218,2.64625549,0.00000000
18.82490611,6600,-3.13405927,-1.60063060,3.05779003,-0.03738403,1.54791928,0.07438660,3.14912604,-1.54943414,-3.22539528,-0.03779829,1.54748211,0.07438364,-2.91929181,-1.65289195,-2.90419777,-0.03776550,1.49870968,0.07629395,-0.29785156,0.13671875,-0.43457031,-0.02929688,0.32226562,-0.02929688,1.03340149,2.64726040,2.64587402,-0.04882812
18.83876419,6605,-3.13405927,-1.60177500,3.05779003,-0.03738403,1.54830075,0.07438660,3.14912604,-1.55055852,-3.22539528,-0.03777625,1.54759585,0.07438563,-2.92310651,-1.65136607,-2.90953835,-0.03776550,1.50290585,0.07591248,-0.28808594,0.13183594,-0.41015625,-0.02929688,0.35156250,-0.04394531,1.03340149,2.64713446,2.64587402,-0.02441406
18.85329533,6610,-3.13405927,-1.60330088,3.05779003,-0.03662109,1.54868222,0.07438660,3.14912604,-1.55189473,-3.22539528,-0.03755540,1.54788959,0.07438628,-2.92768414,-1.64907725,-2.91602333,-0.03738403,1.50748349,0.07514954,-0.29785156,0.13671875,-0.40039062,0.00000000,0.29296875,-0.05859375,1.03340149,2.64725042,2.64587402,-0.02441406
18.86672235,6615,-3.13405927,-1.60520823,3.05779003,-0.03509521,1.54906369,0.07438660,3.14912604,-1.55360272,-3.22539528,-0.03652747,1.54824231,0.07438649,-2.93111737,-1.64755137,-2.92136391,-0.03738403,1.51015378,0.07438660,-0.27343750,0.12207031,-0.38085938,-0.01464844,0.26367188,-0.08789062,1.03340149,2.64727280,2.64587402,-0.04882812
18.88080835,6620,-3.13405927,-1.60711558,3.05779003,-0.03280640,1.54868222,0.07438660,3.14912604,-1.55532560,-3.22539528,-0.03468307,1.54828160,0.07438656,-2.93531354,-1.64564402,-2.92594155,-0.03738403,1.51320553,0.07438660,-0.28320312,0.12207031,-0.40527344,-0.02929688,0.19042969,-0.02929688,1.03340149,2.64729575,2.64587402,-0.04882812
18.89610624,6625,-3.13405927,-1.60940440,3.05779003,-0.03280640,1.54868222,0.07476807,3.14912604,-1.55730984,-3.22539528,-0.03367781,1.54829447,0.07457274,-2.93798383,-1.64411814,-2.93204506,-0.03738403,1.51473141,0.07438660,-0.26855469,0.12207031,-0.42968750,-0.01464844,0.13183594,-0.02929688,1.03340149,2.64716558,2.64587402,-0.04882812
18.90823197,6630,-3.13405927,-1.61169322,3.05779003,-0.03318787,1.54868222,0.07476807,3.14912604,-1.55968879,-3.22539528,-0.03348574,1.54829869,0.07470406,-2.94179852,-1.64259227,-2.93776711,-0.03738403,1.51511288,0.07438660,-0.26855469,0.10253906,-0.41992188,-0.01464844,0.05859375,-0.02929688,1.03340149,2.64708484,2.64625549,-0.02441406
18.92259479,6635,-3.13405927,-1.61398204,3.05779003,-0.03395081,1.54830075,0.07476807,3.14912604,-1.56189728,-3.22539528,-0.03380439,1.54822378,0.07474709,-2.94637616,-1.64068492,-2.94425209,-0.03738403,1.51702023,0.07438660,-0.27343750,0.09765625,-0.39550781,-0.01464844,0.13183594,-0.02929688,1.03340149,2.64729666,2.64587402,-0.02441406
18.93819237,6640,-3.13405927,-1.61627085,3.05779003,-0.03395081,1.54868222,0.07476807,3.14912604,-1.56415978,-3.22539528,-0.03415930,1.54827553,0.07476119,-2.94942792,-1.63915904,-2.94882973,-0.03738403,1.51892758,0.07438660,-0.25390625,0.10253906,-0.37597656,0.00000000,0.24902344,-0.01464844,1.03340149,2.64719029,2.64625549,-0.02441406
18.94833183,6645,-3.13405927,-1.61894114,3.05779003,-0.03433228,1.54868222,0.07476807,3.14912604,-1.56655386,-3.22539528,-0.03435189,1.54829248,0.07476581,-2.95247968,-1.63763316,-2.95340737,-0.03738403,1.52274228,0.07438660,-0.25878906,0.11230469,-0.35156250,-0.01464844,0.29296875,-0.02929688,1.03340149,2.64733122,2.64587402,-0.04882812
18.96382594,6650,-3.13405927,-1.62199290,3.05779003,-0.03433228,1.54868222,0.07476807,3.14912604,-1.56960154,-3.22539528,-0.03459517,1.54829804,0.07476733,-2.95629437,-1.63610728,-2.95951088,-0.03738403,1.52731991,0.07438660,-0.23925781,0.08789062,-0.32714844,-0.02929688,0.24902344,-0.01464844,1.03340149,2.64737740,2.64625549,0.00000000
18.97656465,6655,-3.13405927,-1.62504466,3.05779003,-0.03433228,1.54906369,0.07476807,3.14912604,-1.57215049,-3.22539528,-0.03473593,1.54852508,0.07476782,-2.95896466,-1.63534434,-2.96332558,-0.03738403,1.52960873,0.07438660,-0.24902344,0.06835938,-0.36132812,-0.01464844,0.21972656,-0.01464844,1.03340149,2.64739253,2.64625549,-0.02441406
18.98900485,6660,-3.13405927,-1.62809642,3.05779003,-0.03433228,1.54944516,0.07476807,3.14912604,-1.57507851,-3.22539528,-0.03482111,1.54885595,0.07476799,-2.96239789,-1.63419993,-2.96828469,-0.03738403,1.53151608,0.07438660,-0.24414062,0.08300781,-0.35644531,-0.02929688,0.11718750,0.00000000,1.03340149,2.64739749,2.64625549,-0.02441406
19.00354195,6665,-3.13405927,-1.63076670,3.05779003,-0.03433228,1.54944516,0.07476807,3.14912604,-1.57808227,-3.22539528,-0.03480996,1.54899562,0.07476804,-2.96621259,-1.63305552,-2.97362526,-0.03738403,1.53189755,0.07438660,-0.24902344,0.07324219,-0.32714844,-0.02929688,0.04394531,0.00000000,1.03340149,2.64733661,2.64587402,-0.04882812
19.01752925,6670,-3.13444074,-1.63458140,3.05779003,-0.03471375,1.54944516,0.07476807,3.14890082,-1.58156093,-3.22539528,-0.03500174,1.54904138,0.07476806,-2.96850140,-1.63191111,-2.97743996,-0.03738403,1.53189755,0.07438660,-0.22949219,0.06835938,-0.34667969,-0.01464844,0.02929688,-0.02929688,1.03340149,2.64725709,2.64625549,-0.02441406
19.03228140,6675,-3.13482221,-1.63915904,3.05779003,-0.03471375,1.54944516,0.07476807,3.14857055,-1.58542787,-3.22539528,-0.03506459,1.54905638,0.07476806,-2.97231610,-1.63076670,-2.98354348,-0.03738403,1.53189755,0.07438660,-0.23925781,0.07812500,-0.36132812,0.00000000,0.05859375,-0.01464844,1.03340149,2.64735311,2.64625549,0.00000000
19.04625821,6680,-3.13482221,-1.64297373,3.05779003,-0.03471375,1.54982663,0.07476807,3.14843108,-1.58924894,-3.22539528,-0.03508518,1.54919862,0.07476807,-2.97498639,-1.63000376,-2.98659523,-0.03738403,1.53304196,0.07438660,-0.21972656,0.04394531,-0.30761719,-0.02929688,0.10253906,-0.01464844,1.03302002,2.64723198,2.64625549,-0.02441406
19.06222963,6685,-3.13482221,-1.64793284,3.05779003,-0.03471375,1.55058957,0.07476807,3.14838538,-1.59389910,-3.22539528,-0.03509193,1.54975817,0.07476807,-2.97841962,-1.62885936,-2.99193581,-0.03738403,1.53418637,0.07438660,-0.22460938,0.06835938,-0.28320312,-0.01464844,0.11718750,0.00000000,1.03340149,2.64728238,2.64625549,-0.02441406
19.07800651,6690,-3.13482221,-1.65327342,3.05779003,-0.03471375,1.55173398,0.07476807,3.14837040,-1.59852370,-3.22539528,-0.03509414,1.55053076,0.07476807,-2.98223432,-1.62809642,-2.99803933,-0.03700256,1.53647519,0.07438660,-0.20019531,0.03906250,-0.27343750,-0.01464844,0.13183594,-0.01464844,1.03302002,2.64697052,2.64625549,-0.02441406
19.09438729,6695,-3.13482221,-1.65899546,3.05779003,-0.03471375,1.55325985,0.07476807,3.14836549,-1.60417617,-3.22539528,-0.03509486,1.55195872,0.07476807,-2.98566754,-1.62733348,-3.00261696,-0.03700256,1.53838254,0.07438660,-0.20996094,0.04882812,-0.31738281,0.00000000,0.10253906,-0.01464844,1.03340149,2.64725920,2.64625549,0.00000000
19.10688567,6700,-3.13482221,-1.66281016,3.05779003,-0.03471375,1.55364132,0.07476807,3.14836389,-1.60883135,-3.22539528,-0.03500281,1.55280225,0.07476807,-2.98795636,-1.62695201,-3.00605019,-0.03700256,1.53914547,0.07438660,-0.20507812,0.01953125,-0.28320312,-0.01464844,0.05859375,-0.01464844,1.03340149,2.64713407,2.64625549,-0.02441406
19.12073350,6705,-3.13482221,-1.66700633,3.05779003,-0.03433228,1.55478573,0.07476807,3.14836336,-1.61307636,-3.22539528,-0.03495739,1.55362883,0.07476807,-2.99100812,-1.62657054,-3.01062783,-0.03700256,1.53952694,0.07438660,-0.20507812,0.00976562,-0.29296875,0.00000000,0.02929688,-0.01464844,1.03340149,2.64725029,2.64625549,-0.04882812
19.13832498,6710,-3.13482221,-1.67310984,3.05779003,-0.03433228,1.55516720,0.07476807,3.14836319,-1.61826766,-3.22539528,-0.03483265,1.55433633,0.07476807,-2.99405988,-1.62618907,-3.01558693,-0.03700256,1.53952694,0.07438660,-0.20507812,0.00976562,-0.29296875,-0.01464844,0.01464844,-0.02929688,1.03340149,2.64725322,2.64625549,-0.04882812
19.15112615,6715,-3.13482221,-1.67616160,3.05779003,-0.03433228,1.55554867,0.07438660,3.14836313,-1.62263672,-3.22539528,-0.03475271,1.55489494,0.07454285,-2.99634869,-1.62618907,-3.01902016,-0.03700256,1.54028988,0.07438660,-0.20019531,0.01464844,-0.28320312,-0.01464844,0.10253906,-0.01464844,1.03302002,2.64719925,2.64625549,-0.02441406
19.16621518,6720,-3.13482221,-1.68035777,3.05779003,-0.03395081,1.55631161,0.07438660,3.14836311,-1.62678651,-3.22539528,-0.03450129,1.55537950,0.07448662,-2.99940045,-1.62618907,-3.02321633,-0.03700256,1.54181576,0.07438660,-0.20019531,-0.00488281,-0.28320312,-0.01464844,0.10253906,-0.01464844,1.03302002,2.64700578,2.64625549,-0.02441406
19.18123651,6725,-3.13482221,-1.68455394,3.05779003,-0.03318787,1.55745602,0.07438660,3.14836310,-1.63096894,-3.22539528,-0.03399386,1.55618855,0.07441937,-3.00207074,-1.62618907,-3.02703102,-0.03700256,1.54334164,0.07438660,-0.18554688,-0.00976562,-0.26855469,-0.01464844,0.08789062,-0.01464844,1.03340149,2.64727076,2.64625549,0.00000000
19.19567847,6730,-3.13482221,-1.68836863,3.05779003,-0.03280640,1.55783749,0.07438660,3.14836310,-1.63498422,-3.22539528,-0.03345197,1.55697038,0.07439734,-3.00474103,-1.62618907,-3.03122719,-0.03700256,1.54524899,0.07438660,-0.18554688,-0.00488281,-0.23925781,-0.01464844,0.17578125,0.00000000,1.03340149,2.64719743,2.64625549,-0.04882812
19.21078110,6735,-3.13482221,-1.69142039,3.05779003,-0.03280640,1.55821896,0.07438660,3.14836310,-1.63865346,-3.22539528,-0.03327441,1.55752211,0.07439012,-3.00702985,-1.62618907,-3.03466042,-0.03662109,1.54715634,0.07438660,-0.17089844,-0.00488281,-0.27832031,-0.01464844,0.14648438,-0.01464844,1.03340149,2.64715777,2.64625549,-0.02441406
19.22425818,6740,-3.13482221,-1.69447215,3.05779003,-0.03318787,1.55974484,0.07438660,3.14836310,-1.64176839,-3.22539528,-0.03329252,1.55839040,0.07438775,-3.00970014,-1.62618907,-3.03885659,-0.03700256,1.54868222,0.07438660,-0.18066406,-0.00488281,-0.23925781,-0.01464844,0.11718750,0.00000000,1.03302002,2.64704590,2.64625549,-0.02441406
19.23627567,6745,-3.13482221,-1.69676097,3.05779003,-0.03280640,1.56088925,0.07438660,3.14836310,-1.64441581,-3.22539528,-0.03331444,1.55966356,0.07438697,-3.01160748,-1.62618907,-3.04152687,-0.03662109,1.54944516,0.07438660,-0.18066406,-0.00976562,-0.24414062,-0.01464844,0.07324219,-0.02929688,1.03302002,2.64713132,2.64625549,-0.02441406
19.25064492,6750,-3.13482221,-1.69904978,3.05817149,-0.03280640,1.56355954,0.07438660,3.14836310,-1.64682213,-3.22531899,-0.03332944,1.56149421,0.07438672,-3.01389630,-1.62618907,-3.04496010,-0.03662109,1.54982663,0.07438660,-0.16601562,-0.00976562,-0.22949219,0.00000000,0.05859375,-0.04394531,1.03340149,2.64713611,2.64625549,-0.02441406
19.26457810,6755,-3.13482221,-1.70057566,3.05817149,-0.03280640,1.56622983,0.07438660,3.14836310,-1.64891825,-3.22515287,-0.03323426,1.56395040,0.07426750,-3.01618512,-1.62618907,-3.04839333,-0.03662109,1.54982663,0.07438660,-0.17089844,-0.01953125,-0.23925781,-0.02929688,0.02929688,0.00000000,1.03340149,2.64731346,2.64625549,-0.04882812
19.28085661,6760,-3.13482221,-1.70248301,3.05817149,-0.03280640,1.57080746,0.07400513,3.14836310,-1.65067603,-3.22510821,-0.03320307,1.56733434,0.07409110,-3.01923688,-1.62657054,-3.05258950,-0.03662109,1.55058957,0.07438660,-0.16601562,-0.02929688,-0.21972656,-0.01464844,0.05859375,0.00000000,1.03340149,2.64737158,2.64625549,-0.04882812
19.29548717,6765,-3.13482221,-1.70324595,3.05817149,-0.03280640,1.57424069,0.07400513,3.14836310,-1.65201544,-3.22504474,-0.03319285,1.57112935,0.07403330,-3.02152570,-1.62695201,-3.05602272,-0.03662109,1.55173398,0.07438660,-0.14648438,-0.02441406,-0.21972656,-0.02929688,0.10253906,-0.01464844,1.03302002,2.64714038,2.64625549,-0.04882812
19.31058216,6770,-3.13482221,-1.70400889,3.05817149,-0.03318787,1.57805539,0.07438660,3.14836310,-1.65293750,-3.22502395,-0.03326579,1.57480771,0.07415169,-3.02343305,-1.62733348,-3.05869301,-0.03623962,1.55364132,0.07438660,-0.16601562,-0.03417969,-0.21972656,0.01464844,0.16113281,-0.01464844,1.03302002,2.64708415,2.64663696,-0.04882812
19.32294297,6775,-3.13482221,-1.70439036,3.05817149,-0.03318787,1.58263302,0.07400513,3.14836310,-1.65349611,-3.22501713,-0.03346987,1.57878013,0.07411419,-3.02534039,-1.62809642,-3.06174477,-0.03623962,1.55593014,0.07438660,-0.15625000,-0.05371094,-0.22460938,-0.01464844,0.20507812,-0.01464844,1.03302002,2.64708135,2.64625549,-0.02441406
19.33733416,6780,-3.13482221,-1.70400889,3.05817149,-0.03318787,1.58721066,0.07438660,3.14836310,-1.65374397,-3.22501490,-0.03353674,1.58290115,0.07420944,-3.02762921,-1.62847789,-3.06479653,-0.03623962,1.55821896,0.07438660,-0.15625000,-0.06835938,-0.20996094,-0.01464844,0.11718750,-0.01464844,1.03340149,2.64717345,2.64625549,-0.02441406
19.35535717,6785,-3.13482221,-1.70400889,3.05817149,-0.03280640,1.59255124,0.07400513,3.14836310,-1.65368408,-3.22501417,-0.03343353,1.58786944,0.07417217,-3.02953656,-1.62924082,-3.06822975,-0.03623962,1.56012631,0.07438660,-0.15136719,-0.04882812,-0.21484375,-0.02929688,0.11718750,-0.04394531,1.03302002,2.64703248,2.64625549,-0.02441406
19.36780977,6790,-3.13482221,-1.70400889,3.05817149,-0.03280640,1.59674740,0.07400513,3.14836310,-1.65366445,-3.22501393,-0.03326837,1.59246657,0.07420879,-3.03220685,-1.63038523,-3.07166298,-0.03585815,1.56165219,0.07438660,-0.14648438,-0.04882812,-0.21972656,0.01464844,0.08789062,-0.01464844,1.03302002,2.64688864,2.64625549,-0.02441406
19.38143826,6795,-3.13482221,-1.70400889,3.05817149,-0.03280640,1.59941769,0.07400513,3.14836310,-1.65365802,-3.22501385,-0.03321424,1.59645135,0.07412069,-3.03373273,-1.63076670,-3.07433327,-0.03585815,1.56279660,0.07438660,-0.14160156,-0.03906250,-0.20996094,-0.01464844,0.11718750,-0.01464844,1.03302002,2.64698213,2.64663696,-0.02441406
19.39374661,6800,-3.13482221,-1.70400889,3.05817149,-0.03242493,1.60018063,0.07438660,3.14836310,-1.65365591,-3.22501382,-0.03294004,1.59858301,0.07416812,-3.03564008,-1.63114817,-3.07738503,-0.03547668,1.56470395,0.07438660,-0.14648438,-0.03906250,-0.20019531,0.01464844,0.14648438,-0.01464844,1.03340149,2.64714094,2.64625549,-0.04882812
19.40728998,6805,-3.13482221,-1.70400889,3.05817149,-0.03242493,1.60056210,0.07438660,3.14836310,-1.65365522,-3.22501382,-0.03285019,1.59965712,0.07422272,-3.03640302,-1.63152964,-3.07852944,-0.03547668,1.56546689,0.07438660,-0.14160156,-0.03906250,-0.19531250,0.00000000,0.14648438,0.00000000,1.03302002,2.64696226,2.64625549,0.00000000
19.42203212,6810,-3.13482221,-1.70400889,3.05817149,-0.03242493,1.60094357,0.07400513,3.14836310,-1.65365500,-3.22501381,-0.03282075,1.60026556,0.07407643,-3.03907330,-1.63191111,-3.08196266,-0.03509521,1.56775570,0.07438660,-0.13183594,-0.02929688,-0.18066406,0.00000000,0.13183594,-0.01464844,1.03340149,2.64711587,2.64625549,-0.02441406
19.43473840,6815,-3.13482221,-1.70400889,3.05817149,-0.03242493,1.60094357,0.07400513,3.14836310,-1.65365492,-3.22501381,-0.03281110,1.60046493,0.07402849,-3.04098065,-1.63229258,-3.08463295,-0.03471375,1.56966305,0.07438660,-0.12207031,-0.02929688,-0.17578125,0.01464844,0.13183594,-0.01464844,1.03340149,2.64720917,2.64625549,-0.02441406
19.44980097,6820,-3.13482221,-1.70400889,3.05817149,-0.03204346,1.60094357,0.07400513,3.14836310,-1.65365490,-3.22501381,-0.03267061,1.60059130,0.07401278,-3.04288800,-1.63229258,-3.08730324,-0.03433228,1.57195187,0.07400513,-0.14160156,-0.01464844,-0.18554688,0.00000000,0.17578125,-0.02929688,1.03302002,2.64718482,2.64625549,-0.02441406
19.46507859,6825,-3.13482221,-1.70439036,3.05817149,-0.03089905,1.60132504,0.07400513,3.14836310,-1.65384105,-3.22501381,-0.03195673,1.60064796,0.07400764,-3.04441388,-1.63267405,-3.08997353,-0.03395081,1.57347775,0.07438660,-0.14160156,-0.01953125,-0.16601562,0.01464844,0.14648438,-0.01464844,1.03340149,2.64732942,2.64663696,0.00000000
19.47714329,6830,-3.13482221,-1.70439036,3.05817149,-0.02937317,1.60170651,0.07400513,3.14836310,-1.65397236,-3.22501381,-0.03083364,1.60098403,0.07400595,-3.04632123,-1.63267405,-3.09264382,-0.03395081,1.57500363,0.07400513,-0.12207031,-0.01464844,-0.17578125,-0.01464844,0.10253906,-0.01464844,1.03302002,2.64710215,2.64625549,-0.02441406
19.48935890,6835,-3.13482221,-1.70439036,3.05817149,-0.02708435,1.60246945,0.07400513,3.14836310,-1.65401539,-3.22501381,-0.02908941,1.60147575,0.07400540,-3.04746564,-1.63305552,-3.09493264,-0.03356934,1.57614804,0.07400513,-0.11230469,-0.02441406,-0.18554688,-0.01464844,0.10253906,-0.01464844,1.03302002,2.64714975,2.64625549,-0.02441406
19.50400543,6840,-3.13482221,-1.70439036,3.05817149,-0.02365112,1.60437680,0.07400513,3.14836310,-1.65402949,-3.22501381,-0.02628434,1.60273758,0.07400522,-3.04937299,-1.63343699,-3.09683998,-0.03356934,1.57691098,0.07400513,-0.13671875,-0.03906250,-0.15625000,-0.01464844,0.08789062,-0.01464844,1.03340149,2.64715778,2.64625549,-0.02441406
19.51739240,6845,-3.13482221,-1.70439036,3.05817149,-0.01945496,1.60742856,0.07400513,3.14836310,-1.65403411,-3.22501381,-0.02284820,1.60486444,0.07400516,-3.05089887,-1.63381846,-3.09951027,-0.03318787,1.57843686,0.07400513,-0.13183594,-0.02929688,-0.16113281,0.01464844,0.08789062,-0.01464844,1.03340149,2.64696021,2.64663696,-0.02441406
19.53117752,6850,-3.13482221,-1.70439036,3.05817149,-0.01487732,1.61009884,0.07400513,3.14836310,-1.65403562,-3.22501381,-0.01881698,1.60741769,0.07400514,-3.05280621,-1.63419993,-3.10218056,-0.03280640,1.57958127,0.07400513,-0.11718750,-0.03906250,-0.17089844,0.01464844,0.11718750,0.00000000,1.03302002,2.64710324,2.64663696,-0.04882812
19.54636860,6855,-3.13482221,-1.70439036,3.05817149,-0.00953674,1.61391354,0.07400513,3.14836310,-1.65403612,-3.22501381,-0.01404754,1.61077705,0.07400513,-3.05395062,-1.63458140,-3.10446938,-0.03204346,1.58110714,0.07400513,-0.09277344,-0.03417969,-0.16601562,0.05859375,0.10253906,0.00000000,1.03340149,2.64702046,2.64663696,-0.02441406
19.56004858,6860,-3.13482221,-1.70439036,3.05817149,-0.00457764,1.61467648,0.07400513,3.14836310,-1.65403628,-3.22501381,-0.00872138,1.61307193,0.07400513,-3.05585797,-1.63534434,-3.10675820,-0.02937317,1.58263302,0.07400513,-0.12695312,-0.05859375,-0.14648438,0.11718750,0.13183594,0.00000000,1.03302002,2.64676263,2.64663696,-0.02441406
19.57744718,6865,-3.13482221,-1.70439036,3.05817149,-0.00076294,1.61467648,0.07400513,3.14836310,-1.65403633,-3.22501381,-0.00438016,1.61389423,0.07400513,-3.05776532,-1.63610728,-3.10942849,-0.02822876,1.58415890,0.07400513,-0.12695312,-0.04882812,-0.15625000,0.05859375,0.07324219,-0.01464844,1.03340149,2.64695280,2.64625549,0.00000000
19.59414196,6870,-3.13482221,-1.70439036,3.05817149,0.00076294,1.61505795,0.07400513,3.14836310,-1.65403635,-3.22501381,-0.00135070,1.61438890,0.07400513,-3.05967267,-1.63648875,-3.11209877,-0.02632141,1.58415890,0.07400513,-0.09765625,-0.02441406,-0.13671875,0.08789062,-0.00000000,-0.01464844,1.03302002,2.64696018,2.64625549,-0.02441406
19.61010718,6875,-3.13482221,-1.70439036,3.05817149,0.00114441,1.61505795,0.07400513,3.14836310,-1.65403635,-3.22501381,-0.00010983,1.61458225,0.07400513,-3.06081708,-1.63687022,-3.11438759,-0.02517700,1.58415890,0.07400513,-0.09765625,-0.01953125,-0.16601562,0.05859375,0.02929688,0.00000000,1.03302002,2.64692745,2.64663696,-0.02441406
19.62231302,6880,-3.13482221,-1.70439036,3.05817149,0.00076294,1.61505795,0.07400513,3.14836310,-1.65403636,-3.22501381,0.00022048,1.61464560,0.07400513,-3.06234296,-1.63687022,-3.11629494,-0.02365112,1.58415890,0.07400513,-0.12207031,-0.01953125,-0.14648438,0.13183594,-0.00000000,-0.01464844,1.03302002,2.64681027,2.64625549,-0.02441406
19.63812518,6885,-3.13482221,-1.70439036,3.05817149,0.00076294,1.61505795,0.07400513,3.14836310,-1.65403636,-3.22501381,0.00032872,1.61466636,0.07400513,-3.06348737,-1.63725169,-3.11858376,-0.02136230,1.58415890,0.07400513,-0.11230469,-0.02441406,-0.14648438,0.11718750,0.02929688,-0.02929688,1.03340149,2.64684634,2.64625549,-0.02441406
19.65562654,6890,-3.13482221,-1.70439036,3.05817149,0.00114441,1.61467648,0.07400513,3.14836310,-1.65403636,-3.22501381,0.00050151,1.61449677,0.07400513,-3.06539472,-1.63725169,-3.12087258,-0.01869202,1.58454037,0.07400513,-0.08789062,-0.01464844,-0.12695312,0.14648438,0.02929688,-0.01464844,1.03302002,2.64684620,2.64625549,-0.02441406
19.67232585,6895,-3.13482221,-1.70439036,3.05817149,0.00076294,1.61505795,0.07400513,3.14836310,-1.65403636,-3.22501381,0.00045206,1.61461759,0.07400513,-3.06692059,-1.63763316,-3.12316140,-0.01754761,1.58530331,0.07400513,-0.07812500,-0.01953125,-0.10742188,0.07324219,0.05859375,-0.01464844,1.03302002,2.64680318,2.64663696,0.00000000
19.68713999,6900,-3.13482221,-1.70439036,3.05817149,0.00076294,1.61505795,0.07400513,3.14836310,-1.65403636,-3.22501381,0.00040460,1.61465718,0.07400513,-3.06806500,-1.63801463,-3.12468727,-0.01640320,1.58568478,0.07400513,-0.10253906,-0.02441406,-0.12207031,0.04394531,0.05859375,-0.01464844,1.03302002,2.64681350,2.64663696,-0.02441406
19.69977188,6905,-3.13482221,-1.70439036,3.05817149,0.00038147,1.61505795,0.07400513,3.14836310,-1.65403636,-3.22501381,0.00025172,1.61467016,0.07400513,-3.06920941,-1.63801463,-3.12697609,-0.01487732,1.58644772,0.07400513,-0.08300781,-0.01953125,-0.12695312,0.10253906,0.04394531,-0.01464844,1.03302002,2.64677294,2.64663696,-0.02441406
19.71444249,6910,-3.13482221,-1.70439036,3.05817149,0.00038147,1.61505795,0.07400513,3.14836310,-1.65403636,-3.22501381,0.00008248,1.61464316,0.07400513,-3.07073529,-1.63839610,-3.12850197,-0.01373291,1.58644772,0.07400513,-0.10253906,-0.01464844,-0.12695312,0.05859375,0.02929688,-0.01464844,1.03340149,2.64697473,2.64663696,0.00000000
19.73006749,6915,-3.13482221,-1.70439036,3.05817149,0.00038147,1.61505795,0.07400513,3.14836310,-1.65403636,-3.22501381,0.00002703,1.61466556,0.07400513,-3.07226117,-1.63877757,-3.13117226,-0.01220703,1.58682919,0.07400513,-0.10253906,-0.03417969,-0.13183594,0.08789062,0.02929688,-0.01464844,1.03302002,2.64684530,2.64625549,0.00000000
19.74498439,6920,-3.13482221,-1.70439036,3.05817149,0.00038147,1.61505795,0.07400513,3.14836310,-1.65403636,-3.22501381,0.00000886,1.61467290,0.07400513,-3.07340558,-1.63915904,-3.13307961,-0.01106262,1.58721066,0.07362366,-0.08300781,-0.03417969,-0.12695312,0.07324219,0.04394531,-0.01464844,1.03302002,2.64670523,2.64663696,-0.02441406
19.76183009,6925,-3.13482221,-1.70439036,3.05817149,0.00038147,1.61505795,0.07400513,3.14836310,-1.65403636,-3.22501381,0.00000290,1.61467531,0.07400513,-3.07493146,-1.63954051,-3.13498696,-0.01068115,1.58759213,0.07400513,-0.10253906,-0.03417969,-0.12207031,0.02929688,0.04394531,-0.02929688,1.03302002,2.64684390,2.64625549,-0.04882812
19.77925730,6930,-3.13482221,-1.70439036,3.05817149,0.00038147,1.61505795,0.07400513,3.14836310,-1.65403636,-3.22501381,0.00000095,1.61467610,0.07400513,-3.07607587,-1.64030345,-3.13689431,-0.01029968,1.58797360,0.07362366,-0.07812500,-0.02929688,-0.11230469,-0.01464844,0.02929688,0.00000000,1.03302002,2.64682684,2.64663696,-0.02441406
19.79131436,6935,-3.13482221,-1.70439036,3.05817149,0.00038147,1.61505795,0.07400513,3.14836310,-1.65403636,-3.22501381,0.00000031,1.61467635,0.07400513,-3.07722028,-1.64030345,-3.13842018,-0.00991821,1.58835507,0.07400513,-0.10253906,-0.02441406,-0.10253906,0.02929688,0.05859375,-0.01464844,1.03302002,2.64677731,2.64625549,0.00000000
19.80454516,6940,-3.13482221,-1.70439036,3.05817149,0.00038147,1.61505795,0.07400513,3.14836310,-1.65403636,-3.22501381,0.00000010,1.61467644,0.07400513,-3.07798322,-1.64068492,-3.13994606,-0.00953674,1.58911801,0.07362366,-0.06347656,-0.02441406,-0.12207031,0.01464844,0.07324219,0.00000000,1.03340149,2.64705527,2.64663696,0.00000000
19.81943035,6945,-3.13482221,-1.70439036,3.05817149,0.00038147,1.61505795,0.07400513,3.14836310,-1.65403636,-3.22501381,0.00000003,1.61467647,0.07400513,-3.07912763,-1.64106639,-3.14147194,-0.00915527,1.58949948,0.07362366,-0.08789062,-0.02441406,-0.09765625,0.02929688,0.02929688,-0.02929688,1.03302002,2.64683653,2.64663696,0.00000000
19.83358407,6950,-3.13482221,-1.70477183,3.05817149,0.00038147,1.61505795,0.07400513,3.14836310,-1.65411265,-3.22501381,0.00000001,1.61467648,0.07400513,-3.08027203,-1.64106639,3.13980602,-0.00762939,1.58949948,0.07362366,-0.06347656,-0.01953125,-0.08300781,0.05859375,-0.00000000,-0.01464844,1.03302002,2.64682443,2.64663696,0.00000000
19.84794831,6955,-3.13482221,-1.70477183,3.05817149,0.00038147,1.61505795,0.07400513,3.14836310,-1.65431783,-3.22501381,0.00000000,1.61467648,0.07400513,-3.08141644,-1.64144786,3.13828014,-0.00686646,1.58988095,0.07362366,-0.09277344,-0.02929688,-0.11230469,0.02929688,0.01464844,-0.01464844,1.03302002,2.64669839,2.64663696,-0.02441406
19.86196518,6960,-3.13482221,-1.70477183,3.05817149,0.00038147,1.61505795,0.07400513,3.14836310,-1.65438506,-3.22501381,0.00000000,1.61467648,0.07400513,-3.08256085,-1.64182933,3.13713573,-0.00648499,1.58988095,0.07362366,-0.08300781,-0.01953125,-0.11718750,0.04394531,0.04394531,-0.01464844,1.03340149,2.64695030,2.64663696,-0.02441406
19.87517095,6965,-3.13482221,-1.70477183,3.05817149,0.00038147,1.61543942,0.07400513,3.14836310,-1.65440709,-3.22501381,0.00000000,1.61486264,0.07400513,-3.08332379,-1.64182933,3.13560985,-0.00534058,1.58988095,0.07362366,-0.09277344,-0.01953125,-0.09277344,0.05859375,0.02929688,-0.01464844,1.03302002,2.64673964,2.64663696,-0.07324219
19.88852072,6970,-3.13482221,-1.70477183,3.05817149,0.00038147,1.61543942,0.07438660,3.14836310,-1.65441431,-3.22501381,0.00000000,1.61499395,0.07414246,-3.08446820,-1.64221080,3.13408397,-0.00381470,1.58988095,0.07362366,-0.06347656,-0.01464844,-0.08300781,0.10253906,0.02929688,-0.01464844,1.03302002,2.64667061,2.64663696,-0.02441406
19.90267634,6975,-3.13482221,-1.70477183,3.05817149,0.00038147,1.61543942,0.07400513,3.14836310,-1.65441667,-3.22501381,0.00000000,1.61503698,0.07412044,-3.08523114,-1.64221080,3.13255809,-0.00305176,1.59026242,0.07362366,-0.07812500,-0.01953125,-0.09765625,0.02929688,0.02929688,-0.01464844,1.03302002,2.64677006,2.64663696,-0.04882812
19.91727424,6980,-3.13482221,-1.70477183,3.05817149,0.00000000,1.61543942,0.07400513,3.14836310,-1.65441745,-3.22501381,-0.00018616,1.61505108,0.07422309,-3.08637555,-1.64259227,3.13141368,-0.00305176,1.59026242,0.07400513,-0.05371094,-0.02441406,-0.10253906,-0.01464844,0.04394531,-0.01464844,1.03302002,2.64674308,2.64663696,0.00000000
19.93272758,6985,-3.13482221,-1.70477183,3.05817149,0.00000000,1.61543942,0.07400513,3.14836310,-1.65441770,-3.22501381,-0.00024716,1.61505570,0.07414686,-3.08713849,-1.64297373,3.12912486,-0.00305176,1.59026242,0.07400513,-0.06835938,-0.02441406,-0.09277344,0.00000000,-0.00000000,0.00000000,1.03302002,2.64696959,2.64663696,-0.02441406
19.94616866,6990,-3.13482221,-1.70515330,3.05817149,0.00000000,1.61543942,0.07438660,3.14836310,-1.65455512,-3.22501381,-0.00023736,1.61505721,0.07427679,-3.08828290,-1.64335520,3.12836192,-0.00305176,1.59026242,0.07362366,-0.07324219,-0.02441406,-0.06835938,-0.01464844,-0.00000000,-0.01464844,1.03340149,2.64705870,2.64663696,-0.02441406
19.96050191,6995,-3.13482221,-1.70553477,3.05817149,0.00038147,1.61543942,0.07400513,3.14836310,-1.65490544,-3.22501381,-0.00014809,1.61505771,0.07416446,-3.08904584,-1.64373667,3.12721752,-0.00305176,1.59026242,0.07362366,-0.05859375,-0.02929688,-0.07812500,-0.01464844,-0.00000000,-0.01464844,1.03302002,2.64677516,2.64663696,-0.04882812
19.97616148,7000,-3.13482221,-1.70591624,3.05817149,0.00038147,1.61543942,0.07400513,3.14836310,-1.65527670,-3.22501381,-0.00011884,1.61505787,0.07419845,-3.08980878,-1.64373667,3.12607311,-0.00267029,1.59026242,0.07362366,-0.08789062,-0.01953125,-0.09277344,0.00000000,0.02929688,-0.01464844,1.03302002,2.64676037,2.64663696,0.00000000
19.98792934,7005,-3.13482221,-1.70667918,3.05817149,0.00038147,1.61543942,0.07438660,3.14836310,-1.65573112,-3.22501381,-0.00003894,1.61505792,0.07421508,-3.09095319,-1.64411814,3.12492870,-0.00267029,1.59064389,0.07362366,-0.07324219,-0.01464844,-0.07812500,0.00000000,0.01464844,-0.01464844,1.03302002,2.64697525,2.64663696,-0.02441406
20.00386047,7010,-3.13482221,-1.70744212,3.05817149,0.00076294,1.61543942,0.07400513,3.14836310,-1.65639297,-3.22501381,0.00017340,1.61505794,0.07412275,-3.09171613,-1.64411814,3.12302135,-0.00267029,1.59064389,0.07362366,-0.07812500,-0.01464844,-0.07324219,-0.01464844,0.02929688,0.00000000,1.03340149,2.64690040,2.64663696,-0.04882812
20.01788950,7015,-3.13482221,-1.70820506,3.05817149,0.00152588,1.61543942,0.07438660,3.14836310,-1.65722288,-3.22501381,0.00061480,1.61505795,0.07420786,-3.09247907,-1.64449961,3.12187694,-0.00267029,1.59026242,0.07362366,-0.06347656,-0.02441406,-0.09765625,0.00000000,-0.00000000,-0.01464844,1.03302002,2.64684536,2.64663696,-0.02441406
20.03072262,7020,-3.13482221,-1.70896800,3.05817149,0.00267029,1.61543942,0.07438660,3.14836310,-1.65800776,-3.22501381,0.00145854,1.61505795,0.07426699,-3.09324201,-1.64488108,3.12073253,-0.00267029,1.59026242,0.07362366,-0.05371094,-0.02929688,-0.07324219,-0.01464844,0.01464844,-0.01464844,1.03340149,2.64695549,2.64625549,-0.04882812
20.04568863,7025,-3.13482221,-1.71011241,3.05817149,0.00343323,1.61543942,0.07438660,3.14836310,-1.65897333,-3.22501381,0.00231827,1.61505795,0.07434740,-3.09400494,-1.64488108,3.11958812,-0.00267029,1.59064389,0.07362366,-0.07812500,-0.02441406,-0.08300781,-0.01464844,0.04394531,-0.01464844,1.03302002,2.64694153,2.64625549,0.02441406
20.06051397,7030,-3.13482221,-1.71049388,3.05817149,0.00419617,1.61543942,0.07400513,3.14836310,-1.65963848,-3.22501381,0.00325403,1.61505795,0.07429746,-3.09514935,-1.64526255,3.11806224,-0.00267029,1.59102536,0.07362366,-0.05859375,-0.02929688,-0.10253906,-0.02929688,0.01464844,-0.01464844,1.03340149,2.64701142,2.64663696,0.00000000
20.07298160,7035,-3.13482221,-1.71125682,3.05817149,0.00457764,1.61543942,0.07400513,3.14836310,-1.66041820,-3.22501381,0.00376831,1.61505795,0.07418881,-3.09591229,-1.64564402,3.11729930,-0.00267029,1.59064389,0.07362366,-0.05859375,-0.02441406,-0.07324219,-0.01464844,-0.00000000,-0.01464844,1.03302002,2.64690029,2.64625549,-0.04882812
20.08562279,7040,-3.13482221,-1.71240123,3.05817149,0.00495911,1.61543942,0.07400513,3.14836310,-1.66139428,-3.22501381,0.00419330,1.61505795,0.07418446,-3.09667523,-1.64602549,3.11615489,-0.00228882,1.59064389,0.07362366,-0.06347656,-0.01953125,-0.08300781,0.00000000,-0.00000000,-0.02929688,1.03302002,2.64689903,2.64663696,-0.04882812
20.10080647,7045,-3.13482221,-1.71354563,3.05817149,0.00534058,1.61543942,0.07438660,3.14842414,-1.66227211,-3.22501381,0.00452799,1.61505795,0.07414018,-3.09705670,-1.64602549,3.11501048,-0.00190735,1.59064389,0.07362366,-0.05371094,-0.02929688,-0.08300781,0.01464844,0.01464844,0.00000000,1.03302002,2.64689862,2.64663696,0.02441406
20.11289954,7050,-3.13444074,-1.71469004,3.05817149,0.00610352,1.61543942,0.07438660,3.14860832,-1.66332916,-3.22501381,0.00503146,1.61505795,0.07415693,-3.09781964,-1.64640696,3.11386607,-0.00114441,1.59064389,0.07362366,-0.03906250,-0.03906250,-0.06835938,0.01464844,0.01464844,0.00000000,1.03340149,2.64687529,2.64663696,0.02441406
20.12662101,7055,-3.13482221,-1.71583445,3.05817149,0.00686646,1.61543942,0.07400513,3.14852353,-1.66462513,-3.22501381,0.00581924,1.61505795,0.07409393,-3.09820111,-1.64678843,3.11310314,-0.00038147,1.59102536,0.07362366,-0.05371094,-0.02441406,-0.07324219,0.05859375,0.02929688,-0.02929688,1.03302002,2.64681271,2.64663696,-0.04882812
20.14177442,7060,-3.13444074,-1.71697886,3.05817149,0.00801086,1.61543942,0.07438660,3.14867214,-1.66585044,-3.22501381,0.00688585,1.61505795,0.07411052,-3.09934552,-1.64716990,3.11195873,0.00038147,1.59102536,0.07362366,-0.05859375,-0.02441406,-0.05859375,0.00000000,0.02929688,-0.01464844,1.03340149,2.64690964,2.64663696,-0.02441406
20.15770578,7065,-3.13444074,-1.71850474,3.05817149,0.00953674,1.61543942,0.07400513,3.14860170,-1.66711524,-3.22501381,0.00808106,1.61505795,0.07411974,-3.09972699,-1.64755137,3.11081432,0.00000000,1.59064389,0.07362366,-0.04882812,-0.02441406,-0.08789062,0.00000000,-0.00000000,-0.01464844,1.03302002,2.64691088,2.64663696,-0.04882812
20.17200828,7070,-3.13444074,-1.71964915,3.05817149,0.01068115,1.61543942,0.07400513,3.14854883,-1.66829910,-3.22501381,0.00935198,1.61505795,0.07409151,-3.10048993,-1.64793284,3.11005138,0.00038147,1.59064389,0.07362366,-0.05859375,-0.02441406,-0.05859375,0.00000000,0.02929688,-0.01464844,1.03340149,2.64706388,2.64663696,0.02441406
20.18430471,7075,-3.13444074,-1.72117503,3.05817149,0.01144409,1.61543942,0.07400513,3.14853150,-1.66966407,-3.22501381,0.01038294,1.61505795,0.07406468,-3.10125287,-1.64793284,3.10890697,0.00076294,1.59102536,0.07362366,-0.05859375,-0.03417969,-0.06347656,-0.01464844,0.02929688,-0.02929688,1.03340149,2.64692944,2.64663696,0.00000000
20.19680142,7080,-3.13482221,-1.72231944,3.05817149,0.01182556,1.61543942,0.07400513,3.14846711,-1.67094179,-3.22501381,0.01102606,1.61505795,0.07402464,-3.10163434,-1.64869578,3.10852550,0.00114441,1.59064389,0.07362366,-0.05859375,-0.04394531,-0.03417969,0.01464844,0.01464844,-0.01464844,1.03302002,2.64689296,2.64663696,-0.02441406
20.21125865,7085,-3.13482221,-1.72308238,3.05817149,0.01182556,1.61543942,0.07400513,3.14845822,-1.67189246,-3.22501381,0.01130711,1.61505795,0.07401152,-3.10201581,-1.64907725,3.10738109,0.00152588,1.59064389,0.07362366,-0.03906250,-0.04394531,-0.06347656,0.04394531,0.01464844,-0.01464844,1.03340149,2.64713613,2.64625549,-0.02441406
20.22544479,7090,-3.13482221,-1.72346385,3.05817149,0.01182556,1.61543942,0.07400513,3.14839427,-1.67259179,-3.22501381,0.01139921,1.61505795,0.07400722,-3.10316022,-1.64945872,3.10623668,0.00267029,1.59140683,0.07362366,-0.05859375,-0.02441406,-0.04882812,0.07324219,0.04394531,-0.02929688,1.03302002,2.64716088,2.64663696,-0.02441406
20.24137425,7095,-3.13482221,-1.72460826,3.05817149,0.01182556,1.61543942,0.07400513,3.14837331,-1.67355911,-3.22501381,0.01142938,1.61505795,0.07400581,-3.10392316,-1.64984019,3.10509227,0.00381470,1.59102536,0.07362366,-0.03417969,-0.03417969,-0.07324219,0.07324219,-0.00000000,0.00000000,1.03302002,2.64680864,2.64663696,0.00000000
20.25569010,7100,-3.13482221,-1.72613414,3.05817149,0.01182556,1.61543942,0.07438660,3.14836645,-1.67486289,-3.22501381,0.01143927,1.61505795,0.07408165,-3.10430463,-1.65060313,3.10432933,0.00495911,1.59102536,0.07362366,-0.03906250,-0.04882812,-0.06835938,0.04394531,0.02929688,0.00000000,1.03340149,2.64712803,2.64663696,-0.02441406
20.27109694,7105,-3.13482221,-1.72689707,3.05817149,0.01182556,1.61543942,0.07400513,3.14842523,-1.67584212,-3.22501381,0.01144251,1.61505795,0.07403020,-3.10506757,-1.65098460,3.10318492,0.00534058,1.59102536,0.07362366,-0.05859375,-0.04394531,-0.07324219,0.01464844,-0.00000000,-0.01464844,1.03302002,2.64701760,2.64663696,-0.02441406
20.28477025,7110,-3.13482221,-1.72689707,3.05817149,0.01182556,1.61543942,0.07400513,3.14842252,-1.67631338,-3.22501381,0.01144357,1.61505795,0.07401334,-3.10544904,-1.65136607,3.10242198,0.00572205,1.59102536,0.07362366,-0.04394531,-0.03906250,-0.04394531,0.00000000,0.01464844,-0.01464844,1.03340149,2.64697678,2.64663696,0.00000000
20.29946947,7115,-3.13482221,-1.72727854,3.05817149,0.01182556,1.61543942,0.07438660,3.14853150,-1.67669303,-3.22501381,0.01144392,1.61505795,0.07408411,-3.10583051,-1.65174754,3.10165904,0.00572205,1.59102536,0.07362366,-0.02929688,-0.04394531,-0.04394531,-0.01464844,0.02929688,-0.01464844,1.03340149,2.64708547,2.64663696,0.00000000
20.31381154,7120,-3.13482221,-1.72880442,3.05817149,0.01182556,1.61543942,0.07400513,3.14855940,-1.67768510,-3.22501381,0.01144404,1.61505795,0.07403101,-3.10659345,-1.65251048,3.10089610,0.00610352,1.59140683,0.07362366,-0.04882812,-0.03906250,-0.04394531,0.00000000,0.02929688,-0.01464844,1.03302002,2.64686206,2.64663696,-0.02441406
20.32704163,7125,-3.13482221,-1.72918589,3.05817149,0.01182556,1.61543942,0.07400513,3.14845867,-1.67842486,-3.22497475,0.01144407,1.61505795,0.07401361,-3.10735639,-1.65327342,3.10013316,0.00724792,1.59102536,0.07362366,-0.05859375,-0.04882812,-0.06347656,0.07324219,-0.00000000,-0.01464844,1.03302002,2.64700857,2.64663696,0.00000000
20.33970141,7130,-3.13482221,-1.72918589,3.05817149,0.01182556,1.61543942,0.07400513,3.14845545,-1.67864969,-3.22500101,0.01144409,1.61505795,0.07400791,-3.10773786,-1.65327342,3.09937023,0.00762939,1.59102536,0.07362366,-0.04394531,-0.02929688,-0.05859375,0.01464844,-0.00000000,-0.04394531,1.03302002,2.64693451,2.64625549,-0.04882812
20.35395861,7135,-3.13482221,-1.72918589,3.05817149,0.01182556,1.61543942,0.07400513,3.14857354,-1.67877218,-3.22500962,0.01144409,1.61505795,0.07400604,-3.10811932,-1.65403636,3.09860729,0.00762939,1.59102536,0.07362366,-0.03906250,-0.04394531,-0.06835938,0.00000000,-0.00000000,-0.02929688,1.03302002,2.64683212,2.64663696,-0.02441406
20.36733627,7140,-3.13482221,-1.72956736,3.05817149,0.01182556,1.61543942,0.07438660,3.14843206,-1.67899848,-3.22501244,0.01144409,1.61505795,0.07408172,-3.10850079,-1.65441783,3.09746288,0.00762939,1.59102536,0.07362366,-0.03417969,-0.04394531,-0.04882812,-0.01464844,0.01464844,-0.01464844,1.03302002,2.64692064,2.64625549,-0.02441406
20.38295293,7145,-3.13482221,-1.72956736,3.05817149,0.01182556,1.61543942,0.07400513,3.14849556,-1.67914295,-3.22501336,0.01144409,1.61505795,0.07403022,-3.10926373,-1.65518077,3.09708141,0.00762939,1.59102536,0.07362366,-0.05859375,-0.04394531,-0.02929688,-0.01464844,0.01464844,-0.01464844,1.03340149,2.64694501,2.64663696,0.02441406
20.39662862,7150,-3.13444074,-1.72956736,3.05817149,0.01182556,1.61543942,0.07400513,3.14851405,-1.67919029,-3.22501366,0.01144409,1.61505795,0.07401335,-3.10964520,-1.65556224,3.09669994,0.00762939,1.59102536,0.07362366,-0.02929688,-0.03417969,-0.04882812,-0.01464844,0.01464844,-0.01464844,1.03302002,2.64692247,2.64663696,-0.02441406
20.41186380,7155,-3.13482221,-1.72956736,3.05817149,0.01182556,1.61543942,0.07400513,3.14841256,-1.67920580,-3.22501376,0.01144409,1.61505795,0.07400782,-3.11040814,-1.65594371,3.09555553,0.00801086,1.59140683,0.07362366,-0.03417969,-0.04394531,-0.05371094,0.00000000,0.02929688,0.00000000,1.03340149,2.64702373,2.64625549,-0.02441406
20.42552686,7160,-3.13482221,-1.72956736,3.05817149,0.01182556,1.61543942,0.07400513,3.14837931,-1.67921088,-3.22501380,0.01144409,1.61505795,0.07400601,-3.11040814,-1.65632518,3.09555553,0.00801086,1.59140683,0.07362366,-0.02929688,-0.03906250,-0.02929688,0.00000000,0.01464844,-0.02929688,1.03340149,2.64727664,2.64663696,-0.02441406
20.43942618,7165,-3.13482221,-1.72956736,3.05817149,0.01182556,1.61543942,0.07400513,3.14836841,-1.67921255,-3.22501381,0.01144409,1.61505795,0.07400542,-3.11117108,-1.65708811,3.09479259,0.00801086,1.59102536,0.07362366,-0.05371094,-0.03906250,-0.04882812,0.00000000,0.01464844,-0.01464844,1.03302002,2.64720692,2.64663696,0.00000000
20.45436502,7170,-3.13482221,-1.72956736,3.05817149,0.01182556,1.61543942,0.07400513,3.14836484,-1.67921309,-3.22501381,0.01144409,1.61505795,0.07400522,-3.11155255,-1.65746958,3.09402965,0.00801086,1.59102536,0.07362366,-0.03417969,-0.02929688,-0.05859375,-0.01464844,0.01464844,-0.02929688,1.03340149,2.64733667,2.64663696,-0.02441406
20.46992278,7175,-3.13482221,-1.72956736,3.05817149,0.01182556,1.61543942,0.07400513,3.14836367,-1.67921327,-3.22501381,0.01144409,1.61505795,0.07400516,-3.11231549,-1.65785105,3.09288524,0.00839233,1.59140683,0.07362366,-0.03417969,-0.03417969,-0.06835938,-0.01464844,0.02929688,0.00000000,1.03340149,2.64737918,2.64663696,-0.02441406
20.48477840,7180,-3.13444074,-1.72956736,3.05817149,0.01182556,1.61543942,0.07400513,3.14853968,-1.67921333,-3.22501381,0.01144409,1.61505795,0.07400514,-3.11231549,-1.65823252,3.09212230,0.00839233,1.59102536,0.07362366,-0.02441406,-0.03906250,-0.04882812,-0.01464844,-0.00000000,-0.02929688,1.03340149,2.64725249,2.64663696,-0.02441406
20.50001359,7185,-3.13444074,-1.72956736,3.05817149,0.01182556,1.61543942,0.07400513,3.14855829,-1.67921335,-3.22501381,0.01144409,1.61505795,0.07400513,-3.11307843,-1.65899546,3.09135936,0.00839233,1.59140683,0.07362366,-0.04394531,-0.03417969,-0.04882812,-0.01464844,-0.00000000,-0.01464844,1.03302002,2.64719901,2.64663696,0.00000000
20.51512408,7190,-3.13444074,-1.72956736,3.05817149,0.01182556,1.61543942,0.07400513,3.14850336,-1.67921336,-3.22501381,0.01144409,1.61505795,0.07400513,-3.11345990,-1.65937693,3.09059642,0.00877380,1.59140683,0.07362366,-0.03417969,-0.03417969,-0.04394531,0.00000000,0.01464844,-0.01464844,1.03302002,2.64704086,2.64663696,-0.04882812
20.53069472,7195,-3.13444074,-1.72956736,3.05817149,0.01182556,1.61543942,0.07400513,3.14854639,-1.67921336,-3.22501381,0.01144409,1.61505795,0.07400513,-3.11422284,-1.65975840,3.08983348,0.00877380,1.59140683,0.07362366,-0.04394531,-0.03417969,-0.02441406,0.00000000,0.01464844,-0.01464844,1.03340149,2.64704397,2.64663696,-0.02441406
20.54476833,7200,-3.13482221,-1.72956736,3.05817149,0.01182556,1.61543942,0.07400513,3.14845441,-1.67921336,-3.22501381,0.01144409,1.61505795,0.07400513,-3.11422284,-1.66013987,3.08945201,0.00915527,1.59102536,0.07362366,-0.02441406,-0.03417969,-0.02441406,0.00000000,-0.01464844,-0.01464844,1.03302002,2.64700861,2.64663696,-0.02441406
20.55846524,7205,-3.13482221,-1.72956736,3.05817149,0.01182556,1.61543942,0.07400513,3.14849312,-1.67921336,-3.22501381,0.01144409,1.61505795,0.07400513,-3.11460431,-1.66052134,3.08907054,0.00915527,1.59102536,0.07362366,-0.03906250,-0.03417969,-0.03417969,0.00000000,0.01464844,-0.02929688,1.03340149,2.64707149,2.64663696,-0.02441406
20.57418537,7210,-3.13482221,-1.72956736,3.05817149,0.01182556,1.61543942,0.07400513,3.14844477,-1.67921336,-3.22501381,0.01144409,1.61505795,0.07400513,-3.11498578,-1.66090281,3.08830760,0.00915527,1.59140683,0.07362366,-0.02929688,-0.01953125,-0.04882812,-0.01464844,0.02929688,-0.01464844,1.03340149,2.64705401,2.64663696,0.00000000
20.58774877,7215,-3.13482221,-1.72956736,3.05817149,0.01182556,1.61543942,0.07400513,3.14846017,-1.67921336,-3.22501381,0.01144409,1.61505795,0.07400513,-3.11574872,-1.66128428,3.08792613,0.00915527,1.59140683,0.07362366,-0.04394531,-0.02929688,-0.02441406,-0.02929688,0.01464844,-0.01464844,1.03340149,2.64706683,2.64663696,-0.02441406
20.60161877,7220,-3.13482221,-1.72956736,3.05817149,0.01182556,1.61543942,0.07400513,3.14839491,-1.67921336,-3.22501381,0.01144409,1.61505795,0.07400513,-3.11613019,-1.66166575,3.08716319,0.00915527,1.59140683,0.07362366,-0.02441406,-0.03417969,-0.03417969,0.00000000,-0.01464844,-0.02929688,1.03340149,2.64709057,2.64625549,-0.02441406
20.61488056,7225,-3.13482221,-1.72956736,3.05817149,0.01182556,1.61543942,0.07400513,3.14837352,-1.67921336,-3.22501381,0.01144409,1.61505795,0.07400513,-3.11651166,-1.66204722,3.08640025,0.00953674,1.59140683,0.07362366,-0.03417969,-0.02929688,-0.04394531,-0.01464844,0.01464844,-0.01464844,1.03302002,2.64698580,2.64663696,0.00000000
20.62986541,7230,-3.13482221,-1.72956736,3.05817149,0.01182556,1.61543942,0.07400513,3.14836652,-1.67921336,-3.22501381,0.01144409,1.61505795,0.07400513,-3.11689313,-1.66242869,3.08601878,0.00991821,1.59140683,0.07362366,-0.01953125,-0.02929688,-0.02441406,0.00000000,0.02929688,-0.02929688,1.03302002,2.64681377,2.64625549,-0.04882812
20.64534187,7235,-3.13482221,-1.72956736,3.05817149,0.01182556,1.61543942,0.07400513,3.14836422,-1.67921336,-3.22501381,0.01144409,1.61505795,0.07400513,-3.11689313,-1.66281016,3.08525585,0.00991821,1.59140683,0.07362366,-0.01953125,-0.02441406,-0.02929688,0.01464844,0.02929688,-0.01464844,1.03340149,2.64684749,2.64663696,-0.02441406
20.65756321,7240,-3.13482221,-1.72956736,3.05817149,0.01182556,1.61543942,0.07400513,3.14836347,-1.67921336,-3.22501381,0.01144409,1.61505795,0.07400513,-3.11727460,-1.66281016,3.08487438,0.01029968,1.59140683,0.07362366,-0.02929688,-0.02441406,-0.04394531,0.00000000,0.01464844,0.00000000,1.03340149,2.64714076,2.64625549,-0.02441406
20.67252707,7245,-3.13482221,-1.72956736,3.05817149,0.01182556,1.61543942,0.07400513,3.14836322,-1.67921336,-3.22501381,0.01144409,1.61505795,0.07404419,-3.11765607,-1.66319163,3.08449291,0.01068115,1.59140683,0.07362366,-0.03906250,-0.02929688,-0.03417969,0.04394531,0.01464844,0.00000000,1.03302002,2.64686455,2.64663696,0.00000000
20.68525720,7250,-3.13482221,-1.72956736,3.05817149,0.01182556,1.61543942,0.07400513,3.14836314,-1.67921336,-3.22501381,0.01144409,1.61505795,0.07401793,-3.11803754,-1.66357310,3.08411144,0.01182556,1.59140683,0.07362366,-0.02929688,-0.03417969,-0.01464844,0.02929688,0.01464844,-0.01464844,1.03340149,2.64696178,2.64663696,-0.04882812
20.69828510,7255,-3.13482221,-1.72956736,3.05817149,0.01182556,1.61543942,0.07400513,3.14836311,-1.67921336,-3.22501381,0.01144409,1.61505795,0.07400932,-3.11803754,-1.66395457,3.08372997,0.01182556,1.59140683,0.07362366,-0.02441406,-0.02929688,-0.01464844,0.01464844,0.01464844,-0.02929688,1.03302002,2.64710375,2.64663696,-0.04882812
20.71257162,7260,-3.13482221,-1.72956736,3.05817149,0.01182556,1.61543942,0.07400513,3.14836311,-1.67921336,-3.22501381,0.01144409,1.61505795,0.07400650,-3.11880048,-1.66433604,3.08334850,0.01220703,1.59140683,0.07362366,-0.02929688,-0.02441406,-0.02929688,0.00000000,0.01464844,0.00000000,1.03302002,2.64699012,2.64663696,-0.02441406
20.72868848,7265,-3.13482221,-1.72956736,3.05817149,0.01182556,1.61543942,0.07400513,3.14836310,-1.67921336,-3.22501381,0.01144409,1.61505795,0.07400558,-3.11880048,-1.66433604,3.08258556,0.01220703,1.59140683,0.07362366,-0.01464844,-0.01953125,-0.03417969,-0.01464844,0.01464844,-0.01464844,1.03340149,2.64708984,2.64663696,-0.02441406
20.74339151,7270,-3.13482221,-1.72956736,3.05817149,0.01182556,1.61543942,0.07400513,3.14836310,-1.67921336,-3.22501381,0.01144409,1.61505795,0.07400527,-3.11918195,-1.66471751,3.08220409,0.01182556,1.59140683,0.07362366,-0.02929688,-0.01464844,-0.01464844,-0.02929688,0.01464844,-0.01464844,1.03340149,2.64701608,2.64663696,-0.02441406
20.75751257,7275,-3.13482221,-1.72956736,3.05817149,0.01182556,1.61543942,0.07400513,3.14836310,-1.67921336,-3.22501381,0.01144409,1.61505795,0.07400518,-3.11956342,-1.66471751,3.08220409,0.01182556,1.59140683,0.07362366,-0.02929688,-0.01464844,-0.01953125,-0.01464844,-0.00000000,-0.02929688,1.03340149,2.64709835,2.64663696,-0.02441406
20.77427268,7280,-3.13482221,-1.72956736,3.05817149,0.01182556,1.61543942,0.07438660,3.14836310,-1.67921336,-3.22501381,0.01144409,1.61505795,0.07408144,-3.11994489,-1.66509898,3.08144115,0.01182556,1.59140683,0.07362366,-0.02441406,-0.02441406,-0.02929688,-0.01464844,0.01464844,-0.04394531,1.03340149,2.64717902,2.64663696,0.00000000
20.78800225,7285,-3.13482221,-1.72956736,3.05817149,0.01182556,1.61543942,0.07400513,3.14836310,-1.67921336,-3.22501381,0.01144409,1.61505795,0.07403013,-3.12032636,-1.66548045,3.08105968,0.01182556,1.59140683,0.07362366,-0.02929688,-0.01953125,-0.03417969,0.00000000,0.02929688,-0.02929688,1.03340149,2.64708924,2.64625549,-0.04882812
20.80218697,7290,-3.13482221,-1.72956736,3.05817149,0.01144409,1.61543942,0.07400513,3.14836310,-1.67921336,-3.22501381,0.01125793,1.61505795,0.07401332,-3.12070783,-1.66548045,3.08067821,0.01182556,1.59140683,0.07362366,-0.02441406,-0.01953125,-0.02441406,-0.01464844,0.01464844,-0.01464844,1.03302002,2.64690724,2.64663696,0.00000000
