time_s,loop_count,master_q1,master_q2,master_q3,master_q4,master_q5,master_q6,slave_target_q1,slave_target_q2,slave_target_q3,slave_target_q4,slave_target_q5,slave_target_q6,slave_actual_q1,slave_actual_q2,slave_actual_q3,slave_actual_q4,slave_actual_q5,slave_actual_q6,slave_actual_v1,slave_actual_v2,slave_actual_v3,slave_actual_v4,slave_actual_v5,slave_actual_v6,master_tool,slave_tool_target,slave_tool_actual,slave_tool_actual_vel
0.02351880,5,3.09953498,-1.69676097,-3.09874733,-0.02021790,1.49184323,-0.00038147,3.09953498,-1.64765696,-3.09899733,-0.01371790,1.49497470,-0.00032043,3.09953498,-1.65022166,-3.09951027,-0.00038147,1.50023556,-0.00038147,-0.00976562,-0.00488281,0.00488281,-0.02929688,0.02929688,-0.01464844,1.00021362,2.58052417,2.57949829,0.00000000
0.04031205,10,3.09953498,-1.69676097,-3.09874733,-0.01983643,1.49184323,0.00000000,3.09953498,-1.64681656,-3.09882925,-0.01801168,1.49312582,-0.00010500,3.09953498,-1.65022166,-3.09951027,-0.00038147,1.50023556,-0.00038147,-0.00488281,-0.00488281,0.00488281,-0.02929688,-0.00000000,-0.01464844,1.00021362,2.58115818,2.57987976,-0.02441406
0.05406690,15,3.09953498,-1.69676097,-3.09874733,-0.01983643,1.49184323,-0.00038147,3.09953498,-1.64654118,-3.09877418,-0.01923849,1.49251998,-0.00011070,3.09953498,-1.65022166,-3.09951027,-0.00076294,1.50023556,-0.00038147,-0.00488281,-0.00488281,0.00488281,-0.02929688,-0.01464844,-0.01464844,1.00021362,2.58106808,2.57987976,0.00000000
0.06879926,20,3.09953498,-1.69676097,-3.09874733,-0.01983643,1.49298764,0.00000000,3.09953498,-1.64645094,-3.09875613,-0.01964050,1.49272124,-0.00007534,3.09953498,-1.65022166,-3.09951027,-0.00152588,1.49947262,-0.00038147,-0.00488281,0.00000000,-0.00000000,-0.08789062,-0.01464844,0.00000000,1.00021362,2.58103856,2.57949829,-0.04882812
0.08513165,25,3.09953498,-1.69676097,-3.09874733,-0.01983643,1.49413205,0.00000000,3.09953498,-1.64642137,-3.09875022,-0.01977222,1.49353462,-0.00002469,3.09953498,-1.65022166,-3.09951027,-0.00343323,1.49870968,-0.00038147,-0.00488281,-0.00488281,0.00488281,-0.10253906,-0.05859375,-0.01464844,1.00021362,2.58096639,2.57949829,-0.02441406
0.09934998,30,3.09953498,-1.69676097,-3.09874733,-0.01945496,1.49527646,0.00000000,3.09953498,-1.64641168,-3.09874828,-0.01955892,1.49468042,-0.00000809,3.09953498,-1.65022166,-3.09951027,-0.00419617,1.49718381,-0.00038147,-0.00488281,-0.00488281,0.00488281,-0.08789062,-0.08789062,0.00000000,1.00021362,2.58100523,2.57949829,-0.04882812
0.11493778,35,3.09953498,-1.69676097,-3.09874733,-0.01945496,1.49680234,0.00038147,3.09953498,-1.64640851,-3.09874764,-0.01948902,1.49604270,0.00007364,3.09953498,-1.65022166,-3.09951027,-0.00534058,1.49642087,-0.00038147,-0.00488281,-0.00488281,0.00488281,-0.05859375,-0.01464844,-0.02929688,1.00021362,2.58101797,2.57987976,0.00000000
0.12819076,40,3.09953498,-1.69676097,-3.09874733,-0.01945496,1.49718381,0.00000000,3.09953498,-1.64640747,-3.09874743,-0.01946612,1.49703511,0.00014327,3.09953498,-1.65022166,-3.09951027,-0.00648499,1.49642087,-0.00038147,-0.00488281,0.00000000,0.00488281,-0.11718750,-0.00000000,-0.01464844,1.00059509,2.58129680,2.57987976,-0.02441406
0.14264417,45,3.09953498,-1.69676097,-3.09874733,-0.01945496,1.49718381,0.00000000,3.09953498,-1.64640713,-3.09874737,-0.01945861,1.49739155,0.00007820,3.09953498,-1.65022166,-3.09951027,-0.00762939,1.49642087,-0.00038147,-0.00488281,-0.00488281,0.00488281,-0.10253906,0.02929688,-0.01464844,1.00059509,2.58162644,2.57949829,-0.02441406
0.15558410,50,3.09953498,-1.69676097,-3.09874733,-0.01945496,1.49718381,0.00000000,3.09953498,-1.64640702,-3.09874734,-0.01945615,1.49750835,0.00016674,3.09953498,-1.65022166,-3.09951027,-0.00915527,1.49680234,-0.00038147,-0.00488281,-0.00488281,0.00488281,-0.13183594,0.02929688,-0.02929688,1.00021362,2.58150375,2.57987976,0.00000000
0.16972113,55,3.09953498,-1.69676097,-3.09874733,-0.01945496,1.49718381,0.00000000,3.09953498,-1.64640698,-3.09874734,-0.01945535,1.49754662,0.00005464,3.09953498,-1.65022166,-3.09951027,-0.01144409,1.49680234,-0.00038147,-0.00488281,-0.00488281,0.00488281,-0.14648438,0.01464844,-0.01464844,1.00021362,2.58138151,2.57987976,0.00000000
0.18294525,60,3.09953498,-1.69676097,-3.09874733,-0.02021790,1.49680234,0.00000000,3.09953498,-1.64640697,-3.09874733,-0.01984888,1.49748287,0.00001790,3.09953498,-1.65022166,-3.09951027,-0.01182556,1.49680234,-0.00038147,-0.00976562,-0.00488281,0.00488281,-0.02929688,0.01464844,-0.01464844,1.00059509,2.58141592,2.57949829,-0.02441406
0.19699478,65,3.09953498,-1.69676097,-3.09874733,-0.02021790,1.49680234,0.00000000,3.09953498,-1.64640696,-3.09874733,-0.02009698,1.49728180,0.00000587,3.09953498,-1.65022166,-3.09951027,-0.01220703,1.49642087,-0.00038147,-0.00976562,0.00000000,0.00488281,-0.05859375,0.01464844,-0.01464844,1.00021362,2.58141523,2.57949829,-0.02441406
0.20972490,70,3.09953498,-1.69676097,-3.09874733,-0.02021790,1.49642087,0.00000000,3.09953498,-1.64640696,-3.09874733,-0.02017827,1.49702976,0.00000192,3.09953498,-1.65022166,-3.09951027,-0.01182556,1.49642087,-0.00038147,-0.00488281,-0.00488281,0.00488281,-0.01464844,0.02929688,0.00000000,1.00021362,2.58137204,2.57987976,0.00000000
0.22284102,75,3.09953498,-1.69676097,-3.09874733,-0.02021790,1.49527646,0.00000000,3.09953498,-1.64640696,-3.09874733,-0.02020491,1.49629690,0.00000063,3.09953498,-1.65022166,-3.09951027,-0.01220703,1.49680234,-0.00038147,-0.00976562,-0.00488281,0.00488281,-0.02929688,0.02929688,-0.02929688,1.00021362,2.58120066,2.57949829,-0.02441406
0.23553562,80,3.09953498,-1.69676097,-3.09874733,-0.02021790,1.49260617,-0.00038147,3.09953498,-1.64640696,-3.09874733,-0.02021364,1.49459204,-0.00007609,3.09953498,-1.65022166,-3.09951027,-0.01258850,1.49680234,-0.00038147,-0.00488281,-0.00488281,0.00488281,-0.02929688,0.01464844,0.00000000,1.00021362,2.58114450,2.57949829,-0.04882812
0.24946260,85,3.09953498,-1.69676097,-3.09874733,-0.02021790,1.49108029,0.00000000,3.09953498,-1.64640696,-3.09874733,-0.02021650,1.49267694,-0.00002493,3.09953498,-1.65022166,-3.09951027,-0.01296997,1.49680234,-0.00038147,0.00000000,-0.00488281,0.00488281,-0.04394531,0.01464844,-0.01464844,1.00021362,2.58116126,2.57949829,-0.02441406
0.26491046,90,3.09953498,-1.69676097,-3.09874733,-0.01983643,1.49031735,0.00000000,3.09953498,-1.64640696,-3.09874733,-0.02014114,1.49134701,-0.00000817,3.09953498,-1.65022166,-3.09951027,-0.01411438,1.49642087,-0.00038147,-0.00488281,-0.00488281,0.00976562,-0.08789062,0.02929688,-0.01464844,0.99983215,2.58113623,2.57949829,0.00000000
0.27950573,95,3.09953498,-1.69676097,-3.09874733,-0.01945496,1.49031735,0.00000000,3.09953498,-1.64640696,-3.09874733,-0.01975012,1.49091122,-0.00000268,3.09953498,-1.65022166,-3.09951027,-0.01487732,1.49642087,-0.00038147,-0.00488281,0.00000000,0.00488281,-0.07324219,0.01464844,-0.01464844,1.00021362,2.58106089,2.57987976,0.00000000
0.29397678,100,3.09953498,-1.69676097,-3.09874733,-0.01869202,1.49031735,0.00000000,3.09953498,-1.64640696,-3.09874733,-0.01921891,1.49076842,-0.00000088,3.09953498,-1.65022166,-3.09951027,-0.01564026,1.49642087,-0.00038147,-0.00488281,-0.00488281,0.00488281,-0.05859375,-0.00000000,-0.04394531,1.00021362,2.58103620,2.57987976,0.00000000
0.30575061,105,3.09953498,-1.69676097,-3.09874733,-0.01869202,1.49031735,0.00000000,3.09953498,-1.64640696,-3.09874733,-0.01886467,1.49072163,-0.00000029,3.09953498,-1.65022166,-3.09951027,-0.01564026,1.49642087,-0.00038147,-0.00488281,-0.00488281,0.00488281,-0.04394531,0.01464844,-0.02929688,1.00021362,2.58102811,2.57987976,-0.02441406
0.32004738,110,3.09991645,-1.69676097,-3.09874733,-0.01792908,1.49031735,0.00000000,3.09972113,-1.64640696,-3.09874733,-0.01841583,1.49070629,-0.00000009,3.09953498,-1.65022166,-3.09951027,-0.01602173,1.49642087,-0.00038147,-0.00976562,-0.00488281,0.00488281,-0.01464844,-0.00000000,-0.02929688,1.00021362,2.58102546,2.57987976,-0.02441406
0.33550358,115,3.09991645,-1.69676097,-3.09874733,-0.01754761,1.49031735,-0.00038147,3.09985245,-1.64640696,-3.09874733,-0.01801228,1.49070127,-0.00007632,3.09953498,-1.65022166,-3.09951027,-0.01602173,1.49603940,-0.00038147,-0.00488281,-0.00488281,0.00488281,-0.01464844,-0.01464844,0.00000000,1.00021362,2.58102459,2.57987976,0.00000000
0.35086298,120,3.09953498,-1.69676097,-3.09874733,-0.01754761,1.49031735,0.00000000,3.09975815,-1.64640696,-3.09874733,-0.01769987,1.49069962,-0.00002501,3.09953498,-1.65022166,-3.09951027,-0.01602173,1.49565793,-0.00038147,0.00000000,-0.00488281,0.00976562,-0.02929688,0.01464844,-0.01464844,1.00021362,2.58102431,2.57987976,-0.02441406
0.36513591,125,3.09991645,-1.69676097,-3.09874733,-0.01716614,1.49031735,0.00000000,3.09986457,-1.64640696,-3.09874733,-0.01741134,1.49069908,-0.00000820,3.09953498,-1.65022166,-3.09951027,-0.01640320,1.49527646,-0.00038147,-0.00488281,-0.00488281,-0.00000000,-0.02929688,-0.01464844,-0.01464844,1.00021362,2.58102422,2.57987976,0.00000000
0.38053155,130,3.09991645,-1.69676097,-3.09874733,-0.01602173,1.49031735,0.00000000,3.09989945,-1.64640696,-3.09874733,-0.01680764,1.49069891,-0.00003394,3.09953498,-1.65022166,-3.09951027,-0.01678467,1.49489499,-0.00038147,-0.00488281,-0.00488281,-0.00000000,-0.04394531,-0.00000000,-0.01464844,1.00021362,2.58102418,2.57987976,0.00000000
0.39198256,135,3.09991645,-1.69676097,-3.09874733,-0.01525879,1.49031735,0.00000000,3.09991088,-1.64640696,-3.09874733,-0.01579757,1.49069885,-0.00005018,3.09953498,-1.65022166,-3.09951027,-0.01678467,1.49451352,-0.00038147,-0.00488281,-0.00488281,0.00488281,-0.04394531,-0.02929688,-0.01464844,1.00021362,2.58102417,2.57987976,-0.02441406
0.40627670,140,3.09991645,-1.69676097,-3.09874733,-0.01487732,1.49031735,0.00000000,3.09973445,-1.64640696,-3.09874733,-0.01517887,1.49069883,-0.00001644,3.09953498,-1.65022166,-3.09951027,-0.01754761,1.49375058,-0.00038147,-0.00488281,-0.00488281,0.00488281,-0.05859375,-0.04394531,-0.01464844,1.00021362,2.58096167,2.58026123,-0.02441406
0.42052841,145,3.09953498,-1.69676097,-3.09874733,-0.01487732,1.49031735,-0.00038147,3.09960034,-1.64640696,-3.09874733,-0.01497613,1.49081796,-0.00008168,3.09953498,-1.65022166,-3.09951027,-0.01792908,1.49336911,-0.00038147,-0.00488281,0.00000000,0.00488281,-0.04394531,-0.01464844,-0.01464844,1.00021362,2.58100369,2.58026123,-0.04882812
0.43273234,150,3.09991645,-1.69676097,-3.09874733,-0.01487732,1.49031735,0.00000000,3.09966394,-1.64640696,-3.09874733,-0.01490970,1.49078669,-0.00011905,3.09953498,-1.65022166,-3.09951027,-0.01831055,1.49336911,-0.00038147,-0.00976562,0.00000000,0.00488281,-0.02929688,-0.00000000,0.00000000,1.00021362,2.58101746,2.58026123,-0.02441406
0.44782805,155,3.09953498,-1.69676097,-3.09874733,-0.01487732,1.49031735,0.00000000,3.09957723,-1.64640696,-3.09874733,-0.01488793,1.49085896,-0.00007807,3.09953498,-1.65022166,-3.09951027,-0.01792908,1.49298764,-0.00038147,-0.00488281,-0.00488281,0.00488281,-0.02929688,-0.00000000,0.00000000,1.00021362,2.58102197,2.58026123,0.00000000
0.46284056,160,3.09953498,-1.69676097,-3.09874733,-0.01525879,1.49031735,0.00000000,3.09958789,-1.64640696,-3.09874733,-0.01509820,1.49083137,-0.00002558,3.09953498,-1.65022166,-3.09951027,-0.01792908,1.49298764,-0.00038147,-0.00976562,0.00000000,0.00488281,0.00000000,0.01464844,-0.01464844,0.99983215,2.58087086,2.58026123,-0.02441406
0.47562456,165,3.09953498,-1.69676097,-3.09874733,-0.01525879,1.49031735,0.00000000,3.09955231,-1.64640696,-3.09874733,-0.01520617,1.49078132,-0.00005721,3.09953498,-1.65022166,-3.09951027,-0.01792908,1.49298764,-0.00038147,-0.00488281,0.00000000,0.00488281,-0.02929688,0.01464844,-0.01464844,1.00021362,2.58097393,2.58026123,-0.02441406
0.49102640,170,3.09953498,-1.69676097,-3.09874733,-0.01525879,1.49031735,0.00000000,3.09954066,-1.64640696,-3.09874733,-0.01524155,1.49072585,-0.00001875,3.09953498,-1.64984019,-3.09951027,-0.01831055,1.49298764,-0.00038147,-0.00976562,0.00000000,0.00488281,-0.01464844,-0.00000000,-0.01464844,1.00021362,2.58091005,2.58026123,0.00000000
0.50697446,175,3.09953498,-1.69676097,-3.09874733,-0.01525879,1.49031735,0.00000000,3.09953684,-1.64640696,-3.09874733,-0.01525314,1.49070768,-0.00000614,3.09953498,-1.64984019,-3.09951027,-0.01792908,1.49260617,-0.00038147,-0.00488281,0.00488281,0.00488281,0.00000000,-0.01464844,0.00000000,1.00021362,2.58098678,2.58026123,-0.02441406
0.52062631,180,3.09953498,-1.69676097,-3.09874733,-0.01525879,1.49031735,0.00000000,3.09953559,-1.64640696,-3.09874733,-0.01525694,1.49081159,-0.00000201,3.09953498,-1.64984019,-3.09951027,-0.01792908,1.49260617,-0.00038147,-0.00488281,0.00488281,0.00488281,-0.01464844,0.01464844,-0.01464844,1.00021362,2.58101192,2.58026123,0.00000000
0.53503251,185,3.09953498,-1.69676097,-3.09874733,-0.01525879,1.49031735,0.00000000,3.09953518,-1.64640696,-3.09874733,-0.01525818,1.49078460,-0.00000066,3.09953498,-1.64984019,-3.09951027,-0.01792908,1.49222470,-0.00038147,0.00000000,0.00000000,-0.00000000,-0.02929688,-0.00000000,-0.01464844,1.00021362,2.58102015,2.58026123,-0.02441406
0.54825068,190,3.09953498,-1.69676097,-3.09874733,-0.01487732,1.49031735,0.00000000,3.09953504,-1.64640696,-3.09874733,-0.01500212,1.49075818,-0.00000022,3.09953498,-1.64945872,-3.09951027,-0.01792908,1.49222470,-0.00038147,-0.00488281,0.00488281,0.00976562,0.00000000,0.01464844,-0.01464844,1.00021362,2.58102285,2.58026123,-0.04882812
0.56049418,195,3.09953498,-1.69676097,-3.09874733,-0.01487732,1.49031735,0.00000000,3.09953500,-1.64640696,-3.09874733,-0.01491821,1.49076710,-0.00000007,3.09953498,-1.64945872,-3.09951027,-0.01792908,1.49222470,-0.00038147,-0.00488281,0.00000000,0.00488281,0.00000000,0.01464844,-0.01464844,1.00021362,2.58102374,2.58026123,-0.02441406
0.57344270,200,3.09953498,-1.69676097,-3.09874733,-0.01411438,1.49031735,0.00000000,3.09953498,-1.64640696,-3.09874733,-0.01449692,1.49084033,-0.00000002,3.09953498,-1.64945872,-3.09951027,-0.01792908,1.49222470,-0.00038147,-0.00976562,0.00488281,0.00488281,-0.01464844,-0.00000000,0.00000000,0.99983215,2.58074937,2.58026123,-0.04882812
0.58831215,205,3.09953498,-1.69676097,-3.09874733,-0.01144409,1.49069882,-0.00038147,3.09953498,-1.64640696,-3.09874733,-0.01310558,1.49093135,-0.00007630,3.09953498,-1.64945872,-3.09951027,-0.01792908,1.49184323,-0.00038147,-0.00488281,0.00000000,0.00976562,-0.01464844,0.01464844,-0.02929688,0.99983215,2.58042118,2.58026123,-0.02441406
0.60484552,210,3.09953498,-1.69676097,-3.09874733,-0.00686646,1.49069882,-0.00038147,3.09953498,-1.64640696,-3.09874733,-0.00992359,1.49096117,-0.00028147,3.09953498,-1.64907725,-3.09951027,-0.01792908,1.49184323,-0.00038147,-0.00488281,0.00000000,0.00488281,0.00000000,-0.00000000,0.00000000,0.99983215,2.58041130,2.58064270,0.00000000
0.62008786,215,3.09953498,-1.69676097,-3.09874733,-0.00228882,1.49069882,-0.00038147,3.09953498,-1.64640696,-3.09874733,-0.00563482,1.49104126,-0.00016853,3.09953498,-1.64907725,-3.09951027,-0.01792908,1.49146176,-0.00038147,0.00000000,-0.00488281,0.00488281,0.00000000,-0.01464844,-0.01464844,0.99983215,2.58043248,2.58064270,0.00000000
0.63393641,220,3.09953498,-1.69676097,-3.09874733,0.00267029,1.49069882,-0.00038147,3.09953498,-1.64640696,-3.09874733,-0.00109410,1.49106750,-0.00026286,3.09953498,-1.64907725,-3.09951027,-0.01754761,1.49108029,-0.00038147,-0.00488281,-0.00488281,0.00488281,0.01464844,-0.01464844,-0.02929688,0.99983215,2.58031734,2.58064270,-0.04882812
0.64945030,225,3.09953498,-1.69676097,-3.09874733,0.00839233,1.49069882,0.00000000,3.09953498,-1.64640696,-3.09874733,0.00374232,1.49107610,-0.00008614,3.09953498,-1.64907725,-3.09951027,-0.01678467,1.49108029,-0.00038147,-0.00488281,-0.00488281,0.00488281,0.02929688,-0.01464844,-0.02929688,0.99983215,2.58027962,2.58064270,-0.02441406
0.66197562,230,3.09953498,-1.69676097,-3.09874733,0.01335144,1.49069882,0.00000000,3.09953498,-1.64640696,-3.09874733,0.00921151,1.49107892,-0.00002822,3.09953498,-1.64907725,-3.09951027,-0.01602173,1.49069882,-0.00038147,-0.00488281,-0.00976562,-0.00000000,0.10253906,-0.00000000,0.00000000,0.99983215,2.58026726,2.58064270,-0.04882812
0.67646146,235,3.09953498,-1.69676097,-3.09874733,0.01945496,1.49069882,0.00000000,3.09953498,-1.64640696,-3.09874733,0.01489428,1.49107984,-0.00000925,3.09953498,-1.64945872,-3.09951027,-0.01373291,1.49069882,-0.00038147,0.00000000,-0.00976562,0.00488281,0.08789062,0.01464844,-0.01464844,0.99983215,2.58026320,2.58026123,-0.04882812
0.69223380,240,3.09953498,-1.69676097,-3.09874733,0.02479553,1.49069882,0.00000000,3.09953498,-1.64640696,-3.09874733,0.02012922,1.49108014,-0.00000303,3.09953498,-1.64907725,-3.09951027,-0.01144409,1.49031735,-0.00038147,-0.00976562,-0.00488281,0.00976562,0.14648438,-0.02929688,0.00000000,0.99983215,2.58026188,2.58064270,-0.04882812
0.70521307,245,3.09953498,-1.69676097,-3.09874733,0.03051758,1.49069882,0.00000000,3.09953498,-1.64640696,-3.09874733,0.02598120,1.49108024,-0.00000099,3.09953498,-1.64907725,-3.09951027,-0.00953674,1.48993588,-0.00038147,-0.00488281,-0.00488281,0.00488281,0.10253906,-0.01464844,-0.01464844,0.99983215,2.58026144,2.58064270,-0.02441406
0.71949124,250,3.09953498,-1.69676097,-3.09874733,0.03738403,1.49031735,0.00000000,3.09953498,-1.64640696,-3.09874733,0.03204501,1.49085505,-0.00000033,3.09953498,-1.64907725,-3.09951027,-0.00762939,1.48955441,-0.00038147,0.00000000,-0.00488281,0.00488281,0.16113281,-0.00000000,-0.01464844,1.00021362,2.58063361,2.58064270,-0.02441406
0.73122239,255,3.09953498,-1.69676097,-3.09874733,0.04615784,1.49031735,0.00000000,3.09953498,-1.64640696,-3.09874733,0.03920132,1.49075001,-0.00000011,3.09953498,-1.64907725,-3.09951027,-0.00457764,1.48879147,-0.00038147,-0.00488281,0.00000000,-0.00000000,0.19042969,-0.01464844,0.00000000,1.00021362,2.58073604,2.58064270,-0.04882812
0.74756098,260,3.09953498,-1.69676097,-3.09874733,0.05493164,1.49031735,0.00000000,3.09953498,-1.64640696,-3.09874733,0.04791873,1.49071560,-0.00000003,3.09953498,-1.64907725,-3.09951027,-0.00152588,1.48879147,-0.00038147,-0.00976562,-0.00488281,0.00976562,0.20507812,-0.00000000,-0.01464844,1.00021362,2.58063190,2.58064270,0.00000000
0.76298809,265,3.09953498,-1.69676097,-3.09874733,0.06332397,1.49031735,0.00000000,3.09953498,-1.64640696,-3.09874733,0.05628087,1.49070432,-0.00000001,3.09953498,-1.64907725,-3.09951027,0.00190735,1.48879147,-0.00038147,-0.00488281,-0.00488281,0.00488281,0.24902344,0.04394531,-0.02929688,1.00021362,2.58083313,2.58064270,-0.02441406
0.77666616,270,3.09953498,-1.69676097,-3.09874733,0.07133484,1.49069882,0.00000000,3.09953498,-1.64640696,-3.09874733,0.06498984,1.49083795,-0.00006104,3.09953498,-1.64907725,-3.09951027,0.00610352,1.48879147,-0.00038147,-0.00488281,-0.00488281,0.00488281,0.24902344,-0.00000000,-0.01464844,1.00021362,2.58096157,2.58064270,-0.02441406
0.79308271,275,3.09991645,-1.69676097,-3.09874733,0.07896423,1.49108029,-0.00038147,3.09967231,-1.64640696,-3.09874733,0.07303647,1.49113821,-0.00027647,3.09953498,-1.64907725,-3.09951027,0.00953674,1.48879147,-0.00038147,-0.00488281,-0.00488281,0.00976562,0.23437500,-0.01464844,-0.01464844,1.00059509,2.58127832,2.58064270,-0.02441406
0.80698681,280,3.09991645,-1.69676097,-3.09874733,0.08392334,1.49184323,-0.00152588,3.09983645,-1.64640696,-3.09874733,0.07939158,1.49165725,-0.00081716,3.09953498,-1.64907725,-3.09951027,0.01525879,1.48917294,-0.00038147,-0.00488281,-0.00488281,0.00488281,0.29296875,0.01464844,-0.01464844,1.00021362,2.58116995,2.58064270,0.00000000
0.82185149,285,3.09991645,-1.69676097,-3.09836586,0.08735657,1.49222470,-0.00267029,3.09989023,-1.64640696,-3.09856118,0.08407228,1.49222491,-0.00178132,3.09953498,-1.64907725,-3.09951027,0.01983643,1.48917294,-0.00038147,-0.00488281,-0.00488281,0.00488281,0.33691406,-0.00000000,-0.01464844,1.00135803,2.58204728,2.58064270,-0.02441406
0.83670616,290,3.10029792,-1.69676097,-3.09874733,0.08926392,1.49260617,-0.00534058,3.10009401,-1.64640696,-3.09868633,0.08730296,1.49273771,-0.00374264,3.09953498,-1.64907725,-3.09951027,0.02555847,1.48917294,-0.00038147,-0.00488281,-0.00488281,0.00488281,0.32226562,0.01464844,-0.01464844,1.00173950,2.58312895,2.58064270,-0.02441406
0.84993696,295,3.10106086,-1.69676097,-3.09874733,0.09040833,1.49260617,-0.00839233,3.10059365,-1.64640696,-3.09872734,0.08932045,1.49290574,-0.00645857,3.09953498,-1.64907725,-3.09951027,0.02937317,1.48917294,-0.00038147,-0.00976562,-0.00488281,0.00488281,0.33691406,0.01464844,-0.01464844,1.00517273,2.58642700,2.58064270,0.00000000
0.86208034,300,3.10182379,-1.69676097,-3.09836586,0.09040833,1.49260617,-0.01449585,3.10130156,-1.64640696,-3.09852338,0.09005185,1.49296080,-0.01047401,3.09953498,-1.64907725,-3.09951027,0.03433228,1.48917294,-0.00038147,-0.00488281,-0.00488281,0.00488281,0.30761719,0.01464844,-0.01464844,1.02043152,2.60186732,2.58064270,-0.04882812
0.87745428,305,3.10258673,-1.69676097,-3.09836586,0.09040833,1.49298764,-0.02136230,3.10209530,-1.64640696,-3.09841748,0.09029151,1.49305514,-0.01633691,3.09953498,-1.64907725,-3.09951027,0.03662109,1.48917294,-0.00076294,-0.00488281,0.00000000,0.00488281,0.24902344,0.01464844,-0.02929688,1.03797913,2.62186732,2.58102417,0.00000000
0.89129972,310,3.10334967,-1.69676097,-3.09836586,0.09040833,1.49336911,-0.03128052,3.10278825,-1.64640696,-3.09838278,0.09037005,1.49349145,-0.02454591,3.09953498,-1.64907725,-3.09912880,0.04196167,1.48917294,-0.00114441,-0.00976562,-0.00488281,0.00488281,0.24902344,-0.00000000,-0.02929688,1.03569031,2.64038700,2.58750916,0.34179688
0.90748763,315,3.10411261,-1.69676097,-3.09836586,0.09002686,1.49336911,-0.03967285,3.10346722,-1.64640696,-3.09837141,0.09020963,1.49366567,-0.03314037,3.09953498,-1.64907725,-3.09912880,0.04615784,1.48917294,-0.00190735,-0.00488281,0.00000000,0.00488281,0.23437500,0.01464844,-0.07324219,1.03569031,2.64817955,2.59056091,0.12207031
0.92112517,320,3.10487555,-1.69676097,-3.09836586,0.08926392,1.49336911,-0.04844666,3.10420264,-1.64646800,-3.09836768,0.08975398,1.49372275,-0.04218012,3.09953498,-1.64907725,-3.09912880,0.04882812,1.48917294,-0.00305176,0.00000000,0.00000000,0.00976562,0.24902344,0.02929688,-0.11718750,1.03569031,2.65073301,2.59628296,0.58593750
0.93614030,325,3.10525702,-1.69714244,-3.09798439,0.08888245,1.49336911,-0.05760193,3.10479238,-1.64665218,-3.09814124,0.08928717,1.49374146,-0.05047283,3.09953498,-1.64907725,-3.09912880,0.05264282,1.48955441,-0.00724792,0.00000000,0.00000000,0.00488281,0.21972656,0.04394531,-0.24902344,1.03569031,2.65156973,2.60238647,0.12207031
0.94919276,330,3.10563849,-1.69714244,-3.09760292,0.08850098,1.49336911,-0.06446838,3.10529093,-1.64674379,-3.09777932,0.08878985,1.49374759,-0.05838867,3.09953498,-1.64907725,-3.09912880,0.05531311,1.48955441,-0.00953674,0.00000000,-0.00488281,0.00976562,0.17578125,0.02929688,-0.20507812,1.03530884,2.65159367,2.60658264,0.31738281
0.96351624,335,3.10601996,-1.69714244,-3.09683998,0.08811951,1.49336911,-0.06980896,3.10574982,-1.64677380,-3.09726693,0.08840948,1.49374960,-0.06527330,3.09991645,-1.64907725,-3.09912880,0.05798340,1.48955441,-0.01106262,0.00000000,-0.00488281,-0.00000000,0.19042969,0.02929688,-0.16113281,1.03569031,2.65185175,2.61077881,0.36621094
0.97852302,340,3.10601996,-1.69714244,-3.09569558,0.08735657,1.49336911,-0.07438660,3.10593144,-1.64678364,-3.09646096,0.08777190,1.49375026,-0.07074752,3.09991645,-1.64869578,-3.09912880,0.06065369,1.48993588,-0.01792908,0.00000000,-0.00488281,0.00976562,0.16113281,0.02929688,-0.45410156,1.03569031,2.65193632,2.61268616,0.07324219
0.99317670,345,3.10601996,-1.69714244,-3.09455117,0.08697510,1.49336911,-0.07781982,3.10599096,-1.64678686,-3.09550753,0.08723619,1.49375047,-0.07503118,3.09991645,-1.64869578,-3.09912880,0.06179810,1.49031735,-0.02212524,0.00976562,0.00000000,0.00976562,0.05859375,0.05859375,-0.32226562,1.03569031,2.65196403,2.61726379,0.31738281
1.00679326,350,3.10601996,-1.69714244,-3.09264382,0.08697510,1.49298764,-0.07934570,3.10601046,-1.64678792,-3.09392204,0.08706065,1.49356439,-0.07771122,3.09991645,-1.64869578,-3.09912880,0.06332397,1.49069882,-0.02670288,0.00000000,-0.00488281,0.00976562,0.10253906,0.02929688,-0.38085938,1.03569031,2.65197311,2.61878967,0.17089844
1.02095151,355,3.10601996,-1.69714244,-3.09035500,0.08697510,1.49298764,-0.08010864,3.10601685,-1.64678826,-3.09199504,0.08700313,1.49343310,-0.07925274,3.09991645,-1.64869578,-3.09874733,0.06561279,1.49108029,-0.02937317,0.00000000,0.00000000,0.01953125,0.07324219,0.05859375,-0.14648438,1.03569031,2.65197609,2.62222290,0.04882812
1.03377342,360,3.10640143,-1.69714244,-3.08730324,0.08697510,1.49298764,-0.08049011,3.10615627,-1.64678838,-3.08963313,0.08698428,1.49339008,-0.08001434,3.09991645,-1.64869578,-3.09874733,0.06713867,1.49184323,-0.03280640,-0.00488281,-0.00976562,0.01464844,0.10253906,0.07324219,-0.27832031,1.03569031,2.65209913,2.62260437,0.02441406
1.04541492,365,3.10678290,-1.69714244,-3.08463295,0.08697510,1.49298764,-0.08010864,3.10650725,-1.64678841,-3.08688372,0.08697811,1.49337598,-0.08017003,3.09991645,-1.64869578,-3.09836586,0.06828308,1.49298764,-0.03585815,-0.00488281,-0.00488281,0.01464844,0.07324219,0.11718750,-0.23437500,1.03569031,2.65201738,2.62336731,0.02441406
1.05820489,370,3.10716437,-1.69714244,-3.08043679,0.08735657,1.49222470,-0.08010864,3.10682991,-1.64678843,-3.08351904,0.08723255,1.49297756,-0.08017758,3.10029792,-1.64869578,-3.09836586,0.06904602,1.49375058,-0.03738403,0.00000000,0.00000000,0.01953125,0.02929688,0.08789062,-0.14648438,1.03569031,2.65199060,2.62451172,0.07324219
1.07288432,375,3.10792731,-1.69714244,-3.07662209,0.08735657,1.49222470,-0.08010864,3.10749740,-1.64678843,-3.07930591,0.08731593,1.49272787,-0.08013123,3.10029792,-1.64869578,-3.09798439,0.06980896,1.49489499,-0.04196167,0.00000000,-0.00488281,0.03417969,0.04394531,0.08789062,-0.35156250,1.03607178,2.65243226,2.62603760,0.09765625
1.08871675,380,3.10869025,-1.69714244,-3.06975563,0.08735657,1.49184323,-0.07972717,3.10819781,-1.64678843,-3.07421124,0.08734325,1.49242083,-0.07985958,3.10029792,-1.64869578,-3.09760292,0.07057190,1.49527646,-0.04653931,0.00000000,-0.00488281,0.01953125,0.02929688,0.04394531,-0.29296875,1.03645325,2.65288972,2.62718201,0.04882812
1.10343409,385,3.10945319,-1.69714244,-3.06441506,0.08735657,1.48993588,-0.07934570,3.10889144,-1.64678843,-3.06874128,0.08735220,1.49140750,-0.07951409,3.10029792,-1.64869578,-3.09760292,0.07209778,1.49565793,-0.04844666,0.00488281,-0.00488281,0.02441406,0.08789062,0.02929688,-0.17578125,1.03645325,2.65330232,2.62794495,0.02441406
1.11652780,390,3.10983466,-1.69714244,-3.05983742,0.08773804,1.48802853,-0.07896423,3.10940644,-1.64678843,-3.06360269,0.08749247,1.48973206,-0.07921472,3.10067939,-1.64869578,-3.09722145,0.07362366,1.49565793,-0.05187988,0.01464844,-0.00488281,0.03417969,0.13183594,0.01464844,-0.27832031,1.03683472,2.65385281,2.62832642,0.02441406
1.12932324,395,3.11021613,-1.69752391,-3.05335244,0.08811951,1.48459530,-0.07896423,3.10983167,-1.64704490,-3.05790460,0.08788279,1.48714729,-0.07904631,3.10106086,-1.64869578,-3.09645851,0.07591248,1.49527646,-0.05378723,0.01953125,-0.00976562,0.04882812,0.10253906,-0.00000000,-0.10253906,1.03683472,2.65413085,2.62870789,0.00000000
1.14426231,400,3.11059760,-1.69828685,-3.04648598,0.08964539,1.48078061,-0.07896423,3.11016644,-1.64743046,-3.05193174,0.08863715,1.48421511,-0.07899113,3.10106086,-1.64869578,-3.09569558,0.07705688,1.49527646,-0.05416870,-0.00488281,-0.00488281,0.03906250,0.02929688,0.01464844,-0.07324219,1.03721619,2.65437454,2.63023376,0.04882812
1.15663576,405,3.11097907,-1.69866831,-3.04076393,0.09002686,1.47696591,-0.07896423,3.11053261,-1.64795438,-3.04601764,0.08950117,1.48075991,-0.07897305,3.10106086,-1.64869578,-3.09493264,0.07743835,1.49527646,-0.05493164,-0.00488281,-0.00488281,0.06835938,0.02929688,0.01464844,-0.10253906,1.03721619,2.65451689,2.63099670,0.07324219
1.17168641,410,3.11174201,-1.69904978,-3.03466042,0.09040833,1.47276974,-0.07896423,3.11113429,-1.64827266,-3.04003723,0.09005003,1.47680654,-0.07896712,3.10144233,-1.64869578,-3.09416970,0.07743835,1.49489499,-0.05836487,0.00488281,-0.00488281,0.07812500,-0.01464844,-0.02929688,-0.21972656,1.03683472,2.65461115,2.63214111,0.02441406
1.18345499,415,3.11212348,-1.69981272,-3.03008278,0.09040833,1.46933652,-0.07896423,3.11176809,-1.64891968,-3.03399895,0.09021084,1.47259350,-0.07896518,3.10144233,-1.64869578,-3.09340676,0.07743835,1.49375058,-0.05912781,0.00976562,0.00000000,0.06347656,0.00000000,-0.07324219,-0.10253906,1.03721619,2.65489228,2.63252258,0.04882812
1.19652605,420,3.11326789,-1.70133860,-3.02283486,0.09040833,1.46399594,-0.07858276,3.11262604,-1.65003844,-3.02783393,0.09034361,1.46807991,-0.07882721,3.10144233,-1.64831431,-3.09226235,0.07858276,1.49222470,-0.06103516,0.00488281,0.00000000,0.08789062,0.05859375,-0.11718750,-0.14648438,1.03721619,2.65498440,2.63328552,0.02441406
1.21076655,425,3.11441230,-1.70248301,-3.01596840,0.09078979,1.45827389,-0.07858276,3.11367659,-1.65122327,-3.02126226,0.09052445,1.46295991,-0.07866287,3.10182379,-1.64831431,-3.09111794,0.08010864,1.48955441,-0.06141663,0.01464844,0.00000000,0.08300781,0.08789062,-0.19042969,-0.02929688,1.03721619,2.65501458,2.63366699,0.00000000
1.22730827,430,3.11593817,-1.70439036,-3.00757607,0.09117126,1.45026303,-0.07858276,3.11486653,-1.65265265,-3.01387619,0.09077914,1.45649544,-0.07860901,3.10182379,-1.64831431,-3.08959206,0.08125305,1.48612118,-0.06217957,0.00488281,-0.00976562,0.08789062,0.04394531,-0.19042969,-0.07324219,1.03721619,2.65502448,2.63442993,0.02441406
1.24324059,435,3.11784552,-1.70591624,-2.99956520,0.09231567,1.44148922,-0.07858276,3.11631956,-1.65420794,-3.00627660,0.09148162,1.44887436,-0.07859136,3.10220526,-1.64831431,-3.08806618,0.08201599,1.48459530,-0.06332397,0.00976562,-0.00976562,0.10742188,0.05859375,-0.10253906,-0.11718750,1.03721619,2.65502772,2.63442993,0.00000000
1.25678205,440,3.11975287,-1.70820506,-2.99231728,0.09269714,1.43424130,-0.07858276,3.11813908,-1.65602740,-2.99839049,0.09226759,1.44096265,-0.07858558,3.10220526,-1.64831431,-3.08654030,0.08316040,1.48268796,-0.06561279,0.00976562,-0.00976562,0.10742188,0.04394531,-0.08789062,-0.16113281,1.03721619,2.65510690,2.63557434,0.00000000
1.27099228,445,3.12166022,-1.71049388,-2.98583229,0.09269714,1.42813778,-0.07858276,3.12006647,-1.65814093,-2.99143955,0.09259545,1.43404983,-0.07858369,3.10258673,-1.64831431,-3.08501442,0.08354187,1.48078061,-0.06752014,0.02441406,-0.00976562,0.14160156,0.01464844,-0.13183594,-0.14648438,1.03721619,2.65517680,2.63633728,0.02441406
1.28437972,450,3.12318610,-1.71278269,-2.97858437,0.09307861,1.42012692,-0.07820129,3.12194316,-1.66059155,-2.98391297,0.09278894,1.42627329,-0.07835785,3.10296820,-1.64831431,-3.08310707,0.08392334,1.47811032,-0.06942749,0.03906250,-0.00976562,0.14648438,0.00000000,-0.19042969,-0.16113281,1.03721619,2.65507763,2.63710022,0.04882812
1.30012798,455,3.12585639,-1.71469004,-2.97095497,0.09346008,1.41173459,-0.07705688,3.12413416,-1.66278824,-2.97650378,0.09320891,1.41806711,-0.07773367,3.10334967,-1.64831431,-3.08119973,0.08430481,1.47658444,-0.06942749,0.01464844,0.00000000,0.13671875,0.01464844,-0.14648438,-0.01464844,1.03721619,2.65504513,2.63786316,0.02441406
1.31380129,460,3.12814521,-1.71774180,-2.96332558,0.09384155,1.40372372,-0.07591248,3.12653008,-1.66550952,-2.96869459,0.09363425,1.40985015,-0.07669870,3.10373114,-1.64831431,-3.07929238,0.08468628,1.47238827,-0.06980896,0.01953125,0.00000000,0.14160156,0.00000000,-0.23437500,-0.02929688,1.03721619,2.65521027,2.63824463,0.00000000
1.32830906,465,3.13119696,-1.72155650,-2.95378884,0.09384155,1.39266110,-0.07553101,3.12893628,-1.66857433,-2.96064825,0.09377362,1.40107498,-0.07594489,3.10411261,-1.64831431,-3.07700356,0.08506775,1.46666623,-0.06980896,0.01464844,-0.00976562,0.15625000,0.04394531,-0.38085938,-0.04394531,1.03721619,2.65508860,2.63824463,-0.04882812
1.34293962,470,3.13348578,-1.72384532,-2.94806679,0.09460449,1.38655758,-0.07553101,3.13146570,-1.67143871,-2.95338089,0.09423067,1.39279377,-0.07566663,3.10449408,-1.64869578,-3.07547768,0.08583069,1.46094418,-0.07057190,0.01953125,-0.01464844,0.16601562,0.05859375,-0.48339844,-0.05859375,1.03721619,2.65504873,2.63862610,0.00000000
1.35884643,475,3.13730048,-1.72842295,-2.93662270,0.09498596,1.37511349,-0.07514954,3.13476256,-1.67515124,-2.94397975,0.09473847,1.38320933,-0.07549915,3.10525702,-1.64869578,-3.07242592,0.08697510,1.45369626,-0.07171631,0.03906250,-0.02441406,0.15136719,-0.01464844,-0.38085938,-0.07324219,1.03721619,2.65503566,2.63900757,0.00000000
1.37361836,480,3.14111518,-1.73300059,-2.92746743,0.09536743,1.36481381,-0.07476807,3.13839049,-1.67933602,-2.93443824,0.09513008,1.37293992,-0.07507794,3.10601996,-1.64907725,-3.07013710,0.08697510,1.44988156,-0.07171631,0.04882812,-0.02441406,0.16601562,-0.02929688,-0.16113281,-0.02929688,1.03721619,2.65503138,2.63938904,-0.02441406
1.38813567,485,-3.13901837,-1.73719676,-2.91869362,0.09574890,1.35565854,-0.07286072,3.14174042,-1.68369886,-2.92535233,0.09536595,1.36310853,-0.07398814,3.10640143,-1.64984019,-3.06746682,0.08735657,1.44301510,-0.07171631,0.02441406,-0.03417969,0.20507812,0.02929688,-0.54199219,0.00000000,1.03721619,2.65502998,2.63977051,0.00000000
1.40170741,490,-3.13482221,-1.74139292,-2.90839394,0.09574890,1.34497738,-0.06904602,3.14543028,-1.68796332,-2.91571454,0.09562342,1.35311892,-0.07133586,3.10716437,-1.65060313,-3.06441506,0.08773804,1.43843747,-0.07209778,0.04882812,-0.05371094,0.21972656,0.00000000,-0.35156250,-0.01464844,1.03721619,2.65502952,2.63977051,-0.04882812
1.41638541,495,-3.13177045,-1.74597056,-2.89885720,0.09574890,1.33429623,-0.06294250,3.14887571,-1.69231919,-2.90607925,0.09570778,1.34260821,-0.06679099,3.10792731,-1.65136607,-3.06098183,0.08811951,1.43233395,-0.07209778,0.06347656,-0.05859375,0.20996094,0.00000000,-0.41015625,-0.02929688,1.03721619,2.65502937,2.64015198,0.00000000
1.43236637,500,-3.12757428,-1.75131114,-2.88855751,0.09613037,1.32399655,-0.05645752,3.15261005,-1.69706318,-2.89638693,0.09596065,1.33240833,-0.06123763,3.10830878,-1.65212901,-3.05831154,0.08888245,1.42546750,-0.07209778,0.03417969,-0.06835938,0.19531250,0.05859375,-0.42480469,-0.01464844,1.03683472,2.65487673,2.64053345,0.00000000
1.44874191,505,-3.12414105,-1.75550730,-2.87825783,0.09613037,1.31255246,-0.05035400,3.15614390,-1.70145985,-2.88675453,0.09603569,1.32230212,-0.05538520,3.10945319,-1.65327342,-3.05487831,0.09002686,1.41860104,-0.07209778,0.04882812,-0.08300781,0.21972656,0.05859375,-0.51269531,0.00000000,1.03721619,2.65497930,2.64091492,0.02441406
1.46034241,510,-3.12108930,-1.75894053,-2.87024697,0.09613037,1.30301571,-0.04653931,3.15944103,-1.70547636,-2.87755851,0.09609935,1.31177603,-0.05035394,3.11021613,-1.65403636,-3.05220803,0.09078979,1.40982724,-0.07171631,0.06347656,-0.08300781,0.24902344,0.02929688,-0.58593750,0.00000000,1.03721619,2.65501292,2.64091492,-0.02441406
1.47466469,515,-3.11765607,-1.76313670,-2.86147316,0.09613037,1.29424191,-0.04196167,3.16285603,-1.70959119,-2.86834020,0.09612021,1.30190119,-0.04572044,3.11097907,-1.65518077,-3.04877480,0.09078979,1.40334225,-0.07171631,0.04882812,-0.08789062,0.26367188,0.00000000,-0.48339844,0.01464844,1.03721619,2.65502393,2.64129639,0.00000000
1.48809409,520,-3.11460431,-1.76733287,-2.85269936,0.09613037,1.28623105,-0.03623962,3.16578561,-1.71333932,-2.86033236,0.09612704,1.29387963,-0.04100499,3.11212348,-1.65632518,-3.04534157,0.09155273,1.39685727,-0.07095337,0.06835938,-0.08300781,0.23437500,0.00000000,-0.35156250,0.02929688,1.03721619,2.65502754,2.64167786,0.02441406
1.50053811,525,-3.11231549,-1.77038462,-2.84583290,0.09613037,1.28012753,-0.03204346,3.16873263,-1.71730432,-2.85187071,0.09612928,1.28596548,-0.03580321,3.11288642,-1.65708811,-3.04267128,0.09117126,1.39189816,-0.06942749,0.05371094,-0.08300781,0.24902344,-0.01464844,-0.43945312,0.13183594,1.03721619,2.65502872,2.64205933,0.02441406
1.51428270,530,-3.10888226,-1.77419932,-2.83667763,0.09613037,1.27211667,-0.02708435,3.17188740,-1.72111163,-2.84316733,0.09613001,1.27821092,-0.03068207,3.11403083,-1.65823252,-3.03885659,0.09193420,1.38312436,-0.06752014,0.07324219,-0.08789062,0.27343750,0.05859375,-0.57128906,0.08789062,1.03721619,2.65502911,2.64244080,0.00000000
1.53043127,535,-3.10621198,-1.77763255,-2.82828530,0.09613037,1.26372433,-0.02403259,3.17477748,-1.72460933,-2.83482981,0.09613025,1.27039574,-0.02670173,3.11517524,-1.65937693,-3.03466042,0.09193420,1.37435055,-0.06523132,0.05859375,-0.06835938,0.28320312,0.00000000,-0.62988281,0.21972656,1.03721619,2.65502923,2.64282227,0.02441406
1.54395056,540,-3.10316022,-1.78144725,-2.81913002,0.09613037,1.25609494,-0.02212524,3.17766639,-1.72825912,-2.82611193,0.09613033,1.26241738,-0.02402575,3.11593817,-1.66052134,-3.03122719,0.09231567,1.36786557,-0.05950928,0.06835938,-0.08789062,0.26367188,-0.01464844,-0.51269531,0.41015625,1.03683472,2.65471653,2.64320374,0.00000000
1.55863976,545,-3.10125287,-1.78488047,-2.81035622,0.09651184,1.25075436,-0.02098083,3.18017272,-1.73189027,-2.81724366,0.09620665,1.25581597,-0.02226033,3.11746405,-1.66166575,-3.02741249,0.09269714,1.35947323,-0.05722046,0.07324219,-0.08789062,0.24902344,0.01464844,-0.55664062,0.13183594,1.03721619,2.65472661,2.64434814,0.07324219
1.57253504,550,-3.09934552,-1.78678782,-2.80310829,0.09727478,1.24693966,-0.01869202,3.18214939,-1.73450505,-2.80937054,0.09673532,1.25084544,-0.02056148,3.11860846,-1.66281016,-3.02321633,0.09346008,1.35108090,-0.05645752,0.09277344,-0.09277344,0.30761719,0.01464844,-0.52734375,0.04394531,1.03683472,2.65463690,2.64472961,0.00000000
1.58501935,555,-3.09743817,-1.78945811,-2.79357155,0.09841919,1.24159909,-0.01411438,3.18416735,-1.73701603,-2.80063235,0.09774828,1.24608658,-0.01739689,3.11975287,-1.66433604,-3.01902016,0.09384155,1.34345151,-0.05416870,0.06835938,-0.11230469,0.28320312,0.00000000,-0.43945312,0.19042969,1.03683472,2.65445028,2.64472961,-0.02441406
1.60102105,560,-3.09629376,-1.79136546,-2.78479775,0.09880066,1.23473263,-0.00877380,3.18577818,-1.73930136,-2.79202989,0.09838550,1.24030331,-0.01279229,3.12127875,-1.66586192,-3.01482399,0.09384155,1.33620358,-0.05111694,0.08789062,-0.11230469,0.29296875,0.00000000,-0.42480469,0.08789062,1.03721619,2.65455734,2.64511108,-0.02441406
1.61469889,565,-3.09514935,-1.79289134,-2.77640541,0.09994507,1.23015500,-0.00305176,3.18704564,-1.74102726,-2.78371811,0.09913471,1.23494780,-0.00773621,3.12204169,-1.66738780,-3.01177224,0.09422302,1.32933713,-0.04882812,0.07812500,-0.09765625,0.30761719,0.00000000,-0.45410156,0.13183594,1.03721619,2.65451429,2.64511108,0.00000000
1.62868333,570,-3.09438641,-1.79441722,-2.76953896,0.10147095,1.22672177,0.00000000,3.18810524,-1.74269876,-2.77546350,0.10033578,1.23031291,-0.00305502,3.12318610,-1.66815074,-3.00719460,0.09422302,1.32361508,-0.04692078,0.09277344,-0.13671875,0.29785156,0.00000000,-0.49804688,0.17578125,1.03683472,2.65434760,2.64549255,0.00000000
1.64135718,575,-3.09362348,-1.79518016,-2.76152809,0.10337830,1.22214413,0.00038147,3.18893415,-1.74402749,-2.76745334,0.10201951,1.22583174,-0.00077585,3.12433051,-1.67043956,-3.00261696,0.09460449,1.31674862,-0.04196167,0.06835938,-0.13183594,0.32226562,0.00000000,-0.43945312,0.32226562,1.03683472,2.65429298,2.64549255,-0.04882812
1.65630460,580,-3.09324201,-1.79556163,-2.75351723,0.10566711,1.21718503,0.00038147,3.18958137,-1.74478966,-2.75945247,0.10407880,1.22114887,0.00000224,3.12585639,-1.67120249,-2.99880226,0.09460449,1.31102658,-0.04005432,0.09277344,-0.09277344,0.31250000,0.01464844,-0.46875000,0.13183594,1.03683472,2.65427508,2.64549255,-0.02441406
1.67139506,585,-3.09286054,-1.79632456,-2.74359902,0.10833740,1.20993710,0.00038147,3.19001086,-1.74551329,-2.75053460,0.10643950,1.21484694,0.00025720,3.12700080,-1.67310984,-2.99308022,0.09498596,1.30225277,-0.03509521,0.07812500,-0.10742188,0.31250000,0.01464844,-0.49804688,0.35156250,1.03683472,2.65426922,2.64587402,-0.02441406
1.68578362,590,-3.09209760,-1.79632456,-2.73444374,0.11253357,1.20497799,0.00038147,3.19055467,-1.74582072,-2.74156307,0.10970805,1.20921832,0.00029192,3.12814521,-1.67463572,-2.98850258,0.09574890,1.29576779,-0.03089905,0.06347656,-0.10253906,0.34179688,0.02929688,-0.43945312,0.21972656,1.03683472,2.65404757,2.64625549,0.00000000
1.69918680,595,-3.09209760,-1.79632456,-2.72719582,0.11520386,1.20192624,0.00000000,3.19091305,-1.74592146,-2.73335192,0.11290495,1.20513126,0.00016597,3.12928962,-1.67578013,-2.98430641,0.09613037,1.29195309,-0.03051758,0.07324219,-0.10742188,0.34179688,0.02929688,-0.35156250,0.01464844,1.03645325,2.65394442,2.64625549,0.00000000
1.71621585,600,-3.09171613,-1.79632456,-2.71956642,0.11825562,1.19925595,0.00000000,3.19121663,-1.74595447,-2.72524772,0.11610973,1.20194936,0.00005438,3.13043402,-1.67730601,-2.98011025,0.09727478,1.28508664,-0.02937317,0.07812500,-0.11718750,0.32226562,0.05859375,-0.39550781,0.07324219,1.03645325,2.65378855,2.64663696,-0.02441406
1.72864628,605,-3.09133466,-1.79632456,-2.71041115,0.12130737,1.19315243,0.00000000,3.19164290,-1.74596529,-2.71665366,0.11916427,1.19730271,0.00001782,3.13195990,-1.67883189,-2.97400673,0.09918213,1.27707577,-0.02593994,0.09277344,-0.10742188,0.33691406,0.11718750,-0.46875000,0.19042969,1.03645325,2.65383513,2.64701843,0.02441406
1.74107456,610,-3.09057172,-1.79632456,-2.70201882,0.12474060,1.18666745,-0.00038147,3.19211534,-1.74596883,-2.70868887,0.12223073,1.19191376,-0.00017055,3.13272284,-1.68035777,-2.96904763,0.10108948,1.27211667,-0.02517700,0.05371094,-0.09277344,0.37109375,0.11718750,-0.45410156,0.01464844,1.03645325,2.65354961,2.64816284,0.04882812
1.75425100,615,-3.09019025,-1.79632456,-2.69515236,0.12626648,1.17941952,-0.00038147,3.19252662,-1.74597000,-2.70119006,0.12461348,1.18543319,-0.00031236,3.13386725,-1.68150218,-2.96485146,0.10299683,1.26639462,-0.02403259,0.07812500,-0.11230469,0.35156250,0.13183594,-0.33691406,0.11718750,1.03645325,2.65339649,2.64892578,0.02441406
1.76979947,620,-3.08942731,-1.79632456,-2.68637856,0.12817383,1.17179013,-0.00076294,3.19310401,-1.74597038,-2.69304303,0.12662387,1.17793659,-0.00058404,3.13501166,-1.68226512,-2.96027382,0.10452271,1.26143551,-0.02212524,0.07324219,-0.08300781,0.32714844,0.10253906,-0.32226562,0.05859375,1.03607178,2.65314001,2.64930725,-0.02441406
1.78460908,625,-3.08828290,-1.79632456,-2.67722329,0.12969971,1.16377926,-0.00152588,3.19406262,-1.74597050,-2.68382262,0.12848039,1.16998877,-0.00103708,3.13615607,-1.68379100,-2.95493325,0.10604858,1.25571347,-0.02059937,0.08789062,-0.06835938,0.36621094,0.07324219,-0.45410156,0.13183594,1.03607178,2.65307159,2.64968872,0.00000000
1.79882669,630,-3.08675702,-1.79632456,-2.66883095,0.13046265,1.15576840,-0.00228882,3.19529129,-1.74597054,-2.67532155,0.12960168,1.16219241,-0.00166722,3.13730048,-1.68531687,-2.94882973,0.10757446,1.24732113,-0.01754761,0.06347656,-0.12207031,0.39062500,0.07324219,-0.43945312,0.14648438,1.03607178,2.65306870,2.64930725,-0.04882812
1.81309557,635,-3.08446820,-1.79632456,-2.66120156,0.13046265,1.14813901,-0.00381470,3.19701348,-1.74597055,-2.66769216,0.13029039,1.15482520,-0.00271013,3.13882636,-1.68646128,-2.94348915,0.10948181,1.24198056,-0.01640320,0.08789062,-0.08300781,0.38085938,0.11718750,-0.39550781,0.05859375,1.03607178,2.65284803,2.64968872,-0.02441406
1.82834482,640,-3.08217938,-1.79632456,-2.65319069,0.13046265,1.14165402,-0.00495911,3.19922649,-1.74597056,-2.65966470,0.13045503,1.14754771,-0.00412060,3.13958930,-1.68722422,-2.93891152,0.11138916,1.23587704,-0.01564026,0.06347656,-0.06835938,0.36132812,0.14648438,-0.41015625,0.00000000,1.03607178,2.65285385,2.64968872,0.00000000
1.84355569,645,-3.07912763,-1.79632456,-2.64479836,0.13046265,1.13249875,-0.00495911,3.20168651,-1.74597056,-2.65162484,0.13046015,1.13994086,-0.00468434,3.14073371,-1.68875010,-2.93318947,0.11329651,1.22824765,-0.01525879,0.08789062,-0.09765625,0.38574219,0.05859375,-0.54199219,0.01464844,1.03607178,2.65291825,2.64968872,-0.02441406
1.85681796,650,-3.07683881,-1.79632456,-2.63945778,0.13046265,1.12563229,-0.00457764,3.20438739,-1.74597056,-2.64461754,0.13046183,1.13211206,-0.00473174,-3.14130719,-1.68989451,-2.92784890,0.11367798,1.22099972,-0.01487732,0.05859375,-0.09277344,0.38085938,0.01464844,-0.51269531,0.01464844,1.03607178,2.65292080,2.65007019,-0.02441406
1.87124681,655,-3.07416852,-1.79632456,-2.63144692,0.13046265,1.11952878,-0.00457764,3.20702863,-1.74597056,-2.63746628,0.13046238,1.12514242,-0.00462813,-3.14016278,-1.69103892,-2.92288979,0.11367798,1.21527768,-0.01411438,0.09277344,-0.08300781,0.39550781,0.00000000,-0.33691406,0.02929688,1.03645325,2.65303028,2.65007019,0.00000000
1.88431382,660,-3.07073529,-1.79632456,-2.62458046,0.13046265,1.11342526,-0.00495911,3.20995186,-1.74597056,-2.63017740,0.13046256,1.11879416,-0.00467048,-3.13901837,-1.69218333,-2.91716774,0.11444092,1.20955563,-0.01182556,0.06347656,-0.09765625,0.39550781,0.04394531,-0.41015625,0.14648438,1.03645325,2.65312865,2.65007019,0.00000000
1.89857769,665,-3.06806500,-1.79632456,-2.61771401,0.13046265,1.10465146,-0.00457764,3.21302436,-1.74597056,-2.62297672,0.13046262,1.11102170,-0.00460806,-3.13749249,-1.69332774,-2.91106423,0.11634827,1.20154477,-0.00839233,0.09277344,-0.07812500,0.41992188,0.13183594,-0.48339844,0.20507812,1.03645325,2.65308276,2.65007019,0.00000000
1.91512966,670,-3.06425031,-1.79632456,-2.61008461,0.13046265,1.09435177,-0.00457764,3.21623990,-1.74597056,-2.61585695,0.13046264,1.10210727,-0.00458761,-3.13672955,-1.69447215,-2.90610512,0.11825562,1.19544125,-0.00839233,0.07324219,-0.10253906,0.40527344,0.10253906,-0.45410156,-0.02929688,1.03607178,2.65291514,2.65007019,-0.02441406
1.92766309,675,-3.06119855,-1.79632456,-2.60245522,0.13046265,1.08557797,-0.00457764,3.21941320,-1.74597056,-2.60872853,0.13046264,1.09338308,-0.00458090,-3.13558515,-1.69523509,-2.90190895,0.11940002,1.18895627,-0.00839233,0.07812500,-0.05859375,0.37109375,0.04394531,-0.41015625,0.00000000,1.03645325,2.65317003,2.65007019,0.00000000
1.94123220,680,-3.05814679,-1.79632456,-2.59597023,0.13046265,1.07680417,-0.00457764,3.22269277,-1.74597056,-2.60133593,0.13046265,1.08409283,-0.00457871,-3.13405927,-1.69637950,-2.89504250,0.12016296,1.18208981,-0.00839233,0.10253906,-0.07812500,0.36132812,0.04394531,-0.45410156,-0.01464844,1.03645325,2.65329652,2.65007019,-0.02441406
1.95610762,685,-3.05395062,-1.79632456,-2.58795937,0.13008118,1.06841183,-0.00457764,3.22598556,-1.74597056,-2.59457112,0.13038635,1.07601759,-0.00457799,-3.13253339,-1.69714244,-2.88970192,0.12054443,1.17522336,-0.00839233,0.08789062,-0.05859375,0.42968750,0.01464844,-0.54199219,0.00000000,1.03645325,2.65333796,2.65007019,-0.02441406
1.97441006,690,-3.04899152,-1.79632456,-2.57765969,0.12969971,1.05811215,-0.00457764,3.23016183,-1.74597056,-2.58585454,0.13010488,1.06717923,-0.00457775,-3.13062604,-1.69828685,-2.88169106,0.12092590,1.16377926,-0.00839233,0.09277344,-0.07324219,0.40527344,0.00000000,-0.54199219,-0.01464844,1.03645325,2.65335155,2.65007019,-0.04882812
1.98663545,695,-3.04632123,-1.79632456,-2.57193764,0.12969971,1.04971982,-0.00457764,3.23414640,-1.74597056,-2.57772108,0.12983247,1.05760315,-0.00457767,-3.12948163,-1.69866831,-2.87749489,0.12130737,1.15958310,-0.00839233,0.10742188,-0.04394531,0.40527344,0.01464844,-0.36621094,0.00000000,1.03645325,2.65345365,2.65007019,-0.04882812
2.00302815,700,-3.04212506,-1.79632456,-2.56392678,0.12931824,1.04056454,-0.00419617,3.23806181,-1.74597056,-2.56997375,0.12966692,1.04814250,-0.00450136,-3.12757428,-1.69981272,-2.87024697,0.12168884,1.15042782,-0.00801086,0.09765625,-0.06347656,0.41015625,0.00000000,-0.54199219,-0.01464844,1.03645325,2.65348711,2.65007019,-0.02441406
2.01794195,705,-3.03792890,-1.79632456,-2.55515297,0.12893677,1.03102780,-0.00419617,3.24223824,-1.74597056,-2.56151091,0.12920727,1.03849544,-0.00442752,-3.12604840,-1.70057566,-2.86452492,0.12245178,1.14165402,-0.00801086,0.10253906,-0.06835938,0.44921875,0.04394531,-0.61523438,0.00000000,1.03645325,2.65349807,2.65045166,0.00000000
2.03300595,710,-3.03487714,-1.79632456,-2.54943093,0.12817383,1.02377987,-0.00419617,3.24598714,-1.74597056,-2.55403578,0.12866286,1.02965522,-0.00434229,-3.12414105,-1.70172007,-2.85842141,0.12321472,1.13402463,-0.00801086,0.09765625,-0.06835938,0.42480469,0.01464844,-0.41015625,0.00000000,1.03645325,2.65350167,2.65045166,-0.02441406
2.04480219,715,-3.03068097,-1.79632456,-2.54103859,0.12779236,1.01615048,-0.00419617,3.24963734,-1.74597056,-2.54657095,0.12810885,1.02198648,-0.00424405,-3.12337811,-1.70210154,-2.85498818,0.12359619,1.12944699,-0.00801086,0.09765625,-0.06347656,0.37597656,0.04394531,-0.48339844,-0.01464844,1.03645325,2.65350284,2.65045166,0.00000000
2.05984449,720,-3.02762921,-1.79632456,-2.53379067,0.12664795,1.01004696,-0.00419617,3.25293402,-1.74597056,-2.53959423,0.12740840,1.01550240,-0.00421186,-3.12147077,-1.70362742,-2.84888466,0.12435913,1.11991025,-0.00801086,0.10253906,-0.08789062,0.40039062,0.05859375,-0.61523438,-0.01464844,1.03645325,2.65350323,2.65045166,-0.02441406
2.07318997,725,-3.02381452,-1.79632456,-2.52616127,0.12474060,1.00203610,-0.00381470,3.25649108,-1.74597056,-2.53222314,0.12601566,1.00844544,-0.00397609,-3.11956342,-1.70439036,-2.84239968,0.12474060,1.11113644,-0.00801086,0.11718750,-0.05371094,0.41503906,0.00000000,-0.52734375,0.00000000,1.03645325,2.65360101,2.65045166,-0.04882812
2.08753061,730,-3.02152570,-1.79632456,-2.52005776,0.12397766,0.99707699,-0.00305176,3.25949480,-1.74597056,-2.52548747,0.12474704,1.00225155,-0.00353482,-3.11765607,-1.70515330,-2.83629616,0.12474060,1.10503293,-0.00801086,0.12207031,-0.07812500,0.39062500,-0.02929688,-0.48339844,0.00000000,1.03645325,2.65365747,2.65045166,-0.02441406
2.10355115,735,-3.01809247,-1.79594310,-2.51166542,0.12359619,0.99097348,-0.00305176,3.26279949,-1.74574534,-2.51756670,0.12397330,0.99586549,-0.00321005,-3.11574872,-1.70629771,-2.82942971,0.12474060,1.09549618,-0.00762939,0.12695312,-0.05371094,0.41503906,0.00000000,-0.60058594,0.00000000,1.03645325,2.65367597,2.65045166,-0.02441406
2.11791348,740,-3.01618512,-1.79594310,-2.50441750,0.12283325,0.98639584,-0.00305176,3.26522282,-1.74564029,-2.51067643,0.12335721,0.99082515,-0.00310363,-3.11384137,-1.70706065,-2.82332619,0.12512207,1.08824826,-0.00762939,0.13183594,-0.07324219,0.43945312,-0.01464844,-0.49804688,0.00000000,1.03645325,2.65363808,2.65045166,-0.02441406
2.13073707,745,-3.01465924,-1.79594310,-2.49869545,0.12283325,0.98372555,-0.00305176,3.26707403,-1.74560587,-2.50368290,0.12291705,0.98677961,-0.00312979,-3.11231549,-1.70782359,-2.81760414,0.12512207,1.08176327,-0.00762939,0.12207031,-0.05371094,0.43457031,-0.02929688,-0.43945312,-0.01464844,1.03645325,2.65354755,2.65045166,0.00000000
2.14373517,750,-3.01351483,-1.79594310,-2.49335488,0.12283325,0.98029233,-0.00305176,3.26853793,-1.74559459,-2.49785391,0.12286071,0.98338842,-0.00315741,-3.11040814,-1.70820506,-2.81226357,0.12512207,1.07565976,-0.00724792,0.11230469,-0.03417969,0.42480469,-0.02929688,-0.39550781,0.00000000,1.03645325,2.65370245,2.65045166,-0.02441406
2.15701413,755,-3.01237042,-1.79594310,-2.48763283,0.12245178,0.97571469,-0.00305176,3.26981828,-1.74559089,-2.49211245,0.12263461,0.97936557,-0.00319624,-3.10888226,-1.70858653,-2.80730446,0.12512207,1.06993771,-0.00686646,0.11230469,-0.04882812,0.43457031,0.00000000,-0.46875000,0.00000000,1.03645325,2.65370926,2.65045166,0.00000000
2.16931629,760,-3.01160748,-1.79594310,-2.48267372,0.12245178,0.97151852,-0.00305176,3.27078983,-1.74558968,-2.48671094,0.12251169,0.97493811,-0.00321824,-3.10697492,-1.70934947,-2.80081948,0.12512207,1.06154538,-0.00686646,0.13671875,-0.05859375,0.43457031,-0.01464844,-0.55664062,0.00000000,1.03645325,2.65357087,2.65045166,-0.02441406
2.18418002,765,-3.01122601,-1.79594310,-2.47695168,0.12245178,0.96884823,-0.00343323,3.27139591,-1.74558928,-2.48155584,0.12247141,0.97159486,-0.00329247,-3.10544904,-1.70973094,-2.79547890,0.12474060,1.05620480,-0.00648499,0.12207031,-0.02441406,0.40039062,-0.02929688,-0.36621094,0.01464844,1.03645325,2.65352552,2.65083313,-0.02441406
2.19769382,770,-3.01122601,-1.79594310,-2.47161110,0.12245178,0.96694089,-0.00343323,3.27177468,-1.74558915,-2.47600212,0.12245821,0.96903536,-0.00338710,-3.10392316,-1.71049388,-2.79013832,0.12435913,1.05124569,-0.00572205,0.11718750,-0.04882812,0.38574219,-0.02929688,-0.36621094,0.01464844,1.03645325,2.65351066,2.65083313,-0.02441406
2.21302772,775,-3.01084454,-1.79594310,-2.46741494,0.12245178,0.96617795,-0.00343323,3.27212402,-1.74558911,-2.47121072,0.12245389,0.96758216,-0.00341811,-3.10201581,-1.71125682,-2.78479775,0.12474060,1.04323483,-0.00572205,0.11230469,-0.05371094,0.43457031,0.00000000,-0.52734375,0.01464844,1.03607178,2.65335320,2.65083313,0.00000000
2.22645211,780,-3.01084454,-1.79594310,-2.46321877,0.12245178,0.96427060,-0.00343323,3.27226974,-1.74558910,-2.46683952,0.12245247,0.96596425,-0.00342828,-3.10010846,-1.71163829,-2.77831276,0.12435913,1.03713131,-0.00534058,0.12695312,-0.03906250,0.42968750,-0.04394531,-0.43945312,0.00000000,1.03645325,2.65323447,2.65083313,-0.02441406
2.24211192,785,-3.01084454,-1.79556163,-2.46016701,0.12245178,0.96274472,-0.00343323,3.27231749,-1.74545176,-2.46286518,0.12245201,0.96430812,-0.00343160,-3.09858258,-1.71240123,-2.77220925,0.12435913,1.03293515,-0.00534058,0.12207031,-0.06347656,0.41992188,-0.02929688,-0.29296875,-0.01464844,1.03645325,2.65341529,2.65083313,-0.04882812
2.25415540,790,-3.01084454,-1.79556163,-2.45635231,0.12245178,0.96045590,-0.00381470,3.27233314,-1.74528762,-2.45916907,0.12245186,0.96243658,-0.00368917,-3.09667523,-1.71316416,-2.76572426,0.12435913,1.02835751,-0.00534058,0.11718750,-0.05371094,0.42480469,-0.01464844,-0.27832031,0.00000000,1.03607178,2.65312176,2.65083313,-0.02441406
2.26943898,795,-3.01084454,-1.79556163,-2.45368203,0.12245178,0.95893002,-0.00381470,3.27233826,-1.74523384,-2.45597465,0.12245181,0.96054841,-0.00377356,-3.09553082,-1.71392710,-2.76076516,0.12435913,1.02416134,-0.00534058,0.09765625,-0.06835938,0.43457031,-0.02929688,-0.26367188,0.00000000,1.03645325,2.65321820,2.65083313,-0.02441406
2.28333282,800,-3.01084454,-1.79556163,-2.45024880,0.12245178,0.95549679,-0.00381470,3.27233994,-1.74521621,-2.45280327,0.12250062,0.95804774,-0.00380122,-3.09362348,-1.71469004,-2.75428017,0.12435913,1.01920224,-0.00495911,0.10742188,-0.04882812,0.42968750,-0.01464844,-0.33691406,-0.01464844,1.03607178,2.65301909,2.65083313,0.00000000
2.29918313,805,-3.01084454,-1.79556163,-2.44795998,0.12283325,0.95130063,-0.00381470,3.27234049,-1.74521044,-2.44993033,0.12272425,0.95448137,-0.00381028,-3.09171613,-1.71545298,-2.74703224,0.12397766,1.01309872,-0.00495911,0.10742188,-0.03417969,0.41503906,-0.04394531,-0.36621094,-0.01464844,1.03645325,2.65298436,2.65083313,0.00000000
2.31335998,810,-3.01084454,-1.79556163,-2.44528969,0.12283325,0.94748593,-0.00381470,3.27234067,-1.74520854,-2.44742264,0.12279754,0.95085839,-0.00395436,-3.09019025,-1.71583445,-2.74207314,0.12397766,1.00928402,-0.00495911,0.10253906,-0.04394531,0.40527344,-0.01464844,-0.27832031,-0.01464844,1.03607178,2.65304012,2.65083313,-0.02441406
2.32936621,815,-3.01084454,-1.79556163,-2.44300087,0.12283325,0.94443417,-0.00381470,3.27234073,-1.74520792,-2.44506210,0.12282155,0.94746614,-0.00386046,-3.08866437,-1.71659739,-2.73558815,0.12435913,1.00394345,-0.00495911,0.08789062,-0.03417969,0.39550781,0.00000000,-0.24902344,0.00000000,1.03645325,2.65328910,2.65083313,-0.02441406
2.34317446,820,-3.01008161,-1.79556163,-2.44185646,0.12321472,0.94176388,-0.00419617,3.27273455,-1.74520772,-2.44318863,0.12305464,0.94435225,-0.00402513,-3.08675702,-1.71697886,-2.72986611,0.12397766,0.99974728,-0.00495911,0.09765625,-0.03906250,0.37597656,-0.04394531,-0.24902344,-0.01464844,1.03645325,2.65343319,2.65083313,-0.04882812
2.35940003,825,-3.00931867,-1.79556163,-2.44109352,0.12321472,0.94100094,-0.00381470,3.27337654,-1.74520765,-2.44185036,0.12316227,0.94259385,-0.00388365,-3.08523114,-1.71736033,-2.72414406,0.12359619,0.99593258,-0.00495911,0.10742188,-0.02929688,0.38574219,-0.04394531,-0.26367188,-0.01464844,1.03645325,2.65348041,2.65121460,-0.02441406
2.37314773,830,-3.00779279,-1.79556163,-2.44071205,0.12321472,0.93947506,-0.00381470,3.27440136,-1.74520763,-2.44108505,0.12319753,0.94087264,-0.00386854,-3.08408673,-1.71812327,-2.71880349,0.12359619,0.99211789,-0.00495911,0.08789062,-0.05859375,0.38085938,-0.01464844,-0.29296875,-0.01464844,1.03645325,2.65341775,2.65121460,-0.02441406
2.38822603,835,-3.00664838,-1.79556163,-2.44071205,0.12207031,0.93756772,-0.00381470,3.27555541,-1.74520763,-2.44083428,0.12273900,0.93930802,-0.00383234,-3.08256085,-1.71888621,-2.71269997,0.12359619,0.98715878,-0.00495911,0.09277344,-0.04882812,0.35644531,-0.01464844,-0.29296875,0.00000000,1.03645325,2.65347535,2.65121460,0.00000000
2.40170169,840,-3.00588544,-1.79556163,-2.44071205,0.12054443,0.93604184,-0.00381470,3.27660910,-1.74520762,-2.44075211,0.12175232,0.93778703,-0.00382048,-3.08141644,-1.71926768,-2.70850380,0.12359619,0.98334408,-0.00495911,0.10253906,-0.02929688,0.37597656,-0.01464844,-0.29296875,-0.01464844,1.03645325,2.65349422,2.65121460,0.00000000
2.41473699,845,-3.00550397,-1.79556163,-2.44071205,0.11901855,0.93413449,-0.00381470,3.27729874,-1.74520762,-2.44072518,0.12031523,0.93594964,-0.00381659,-3.07989057,-1.71964915,-2.70354470,0.12359619,0.97952939,-0.00495911,0.09765625,-0.05371094,0.36132812,-0.02929688,-0.21972656,-0.01464844,1.03683472,2.65375065,2.65121460,-0.02441406
2.42792749,850,-3.00550397,-1.79556163,-2.44071205,0.11825562,0.93222714,-0.00381470,3.27755597,-1.74520762,-2.44071635,0.11908090,0.93419656,-0.00381532,-3.07874616,-1.72041209,-2.69896706,0.12359619,0.97762204,-0.00495911,0.08789062,-0.05371094,0.33203125,-0.01464844,-0.13183594,-0.01464844,1.03645325,2.65376900,2.65121460,-0.02441406
2.44153523,855,-3.00550397,-1.79556163,-2.44071205,0.11711121,0.92841244,-0.00381470,3.27764026,-1.74520762,-2.44071346,0.11790703,0.93135673,-0.00381490,-3.07722028,-1.72079356,-2.69438942,0.12359619,0.97609616,-0.00495911,0.09277344,-0.02929688,0.37109375,-0.02929688,-0.11718750,0.00000000,1.03683472,2.65410338,2.65121460,-0.02441406
2.45469999,860,-3.00550397,-1.79556163,-2.44071205,0.11672974,0.92383481,-0.00343323,3.27766788,-1.74520762,-2.44071252,0.11711551,0.92760831,-0.00362861,-3.07607587,-1.72117503,-2.68981179,0.12359619,0.97304440,-0.00495911,0.08789062,-0.04394531,0.37597656,-0.01464844,-0.21972656,-0.02929688,1.03683472,2.65421295,2.65121460,-0.02441406
2.46668696,865,-3.00550397,-1.79556163,-2.44071205,0.11672974,0.91773129,-0.00305176,3.27767693,-1.74520762,-2.44071221,0.11685615,0.92254653,-0.00342096,-3.07493146,-1.72193797,-2.68523415,0.12321472,0.96999264,-0.00457764,0.10253906,-0.04394531,0.35644531,-0.04394531,-0.23437500,-0.01464844,1.03683472,2.65424886,2.65121460,-0.04882812
2.47978783,870,-3.00550397,-1.79556163,-2.44033058,0.11672974,0.91429806,-0.00305176,3.27767989,-1.74520762,-2.44063581,0.11677116,0.91801032,-0.00317274,-3.07378705,-1.72231944,-2.68103798,0.12283325,0.96655942,-0.00457764,0.08300781,-0.02929688,0.33691406,-0.05859375,-0.27832031,-0.01464844,1.03683472,2.65426062,2.65121460,-0.02441406
2.49342155,875,-3.00550397,-1.79518016,-2.43956765,0.11634827,0.91048337,-0.00305176,3.27768087,-1.74513133,-2.44006805,0.11655715,0.91421945,-0.00309140,-3.07226117,-1.72231944,-2.67646035,0.12168884,0.96236325,-0.00457764,0.10742188,-0.02441406,0.33691406,-0.07324219,-0.24902344,0.00000000,1.03683472,2.65426448,2.65159607,0.00000000
2.50566936,880,-3.00550397,-1.79441722,-2.43880471,0.11634827,0.90705014,-0.00305176,3.27768118,-1.74466370,-2.43933782,0.11641671,0.91036972,-0.00306475,-3.07111676,-1.72270091,-2.67302712,0.12092590,0.95816708,-0.00457764,0.07812500,-0.01953125,0.30273438,-0.05859375,-0.35156250,-0.01464844,1.03683472,2.65426574,2.65121460,-0.04882812
2.52322221,885,-3.00550397,-1.79365428,-2.43651589,0.11558533,0.90018368,-0.00343323,3.27768129,-1.74381735,-2.43788052,0.11610824,0.90537020,-0.00313231,-3.06959088,-1.72308238,-2.66768654,0.12092590,0.95358944,-0.00457764,0.06835938,-0.02441406,0.30273438,-0.01464844,-0.23437500,-0.01464844,1.03683472,2.65426616,2.65121460,-0.02441406
2.53998756,890,-3.00550397,-1.79250987,-2.43384560,0.11405945,0.89446164,-0.00343323,3.27768132,-1.74313096,-2.43601688,0.11528060,0.89972426,-0.00319351,-3.06806500,-1.72346385,-2.66196450,0.12092590,0.95130063,-0.00457764,0.09277344,-0.04394531,0.32226562,-0.01464844,-0.11718750,-0.01464844,1.03683472,2.65426629,2.65159607,-0.02441406
2.55394650,895,-3.00550397,-1.79060252,-2.43155678,0.11100769,0.89255429,-0.00343323,3.27768133,-1.74159392,-2.43363057,0.11320032,0.89552203,-0.00335468,-3.06730206,-1.72384532,-2.65853127,0.12054443,0.94901181,-0.00457764,0.07324219,-0.03906250,0.32226562,-0.02929688,-0.20507812,-0.01464844,1.03721619,2.65449705,2.65159607,-0.04882812
2.56981874,900,-3.00550397,-1.78907664,-2.42888649,0.10566711,0.89064694,-0.00343323,3.27768134,-1.73988420,-2.43083361,0.10917954,0.89285293,-0.00340749,-3.06577619,-1.72460826,-2.65319069,0.12054443,0.94405270,-0.00457764,0.08789062,-0.03417969,0.30273438,-0.02929688,-0.27832031,0.00000000,1.03683472,2.65448258,2.65159607,-0.02441406
2.58319426,905,-3.00512250,-1.78755076,-2.42507180,0.09841919,0.89026547,-0.00343323,3.27790656,-1.73840795,-2.42777916,0.10340364,0.89140105,-0.00342479,-3.06463178,-1.72498973,-2.64861306,0.11978149,0.94023800,-0.00457764,0.07324219,-0.03906250,0.28320312,-0.05859375,-0.26367188,-0.02929688,1.03683472,2.65455693,2.65159607,-0.02441406
2.59492493,910,-3.00512250,-1.78564341,-2.42202004,0.09193420,0.89026547,-0.00343323,3.27801161,-1.73688307,-2.42465914,0.09731555,0.89092530,-0.00343046,-3.06386884,-1.72537120,-2.64746865,0.11978149,0.93718625,-0.00457764,0.08300781,-0.02929688,0.26367188,-0.02929688,-0.29296875,-0.01464844,1.03721619,2.65475244,2.65159607,-0.02441406
2.60991740,915,-3.00512250,-1.78297312,-2.41782387,0.08430481,0.89026547,-0.00343323,3.27804603,-1.73469895,-2.42124773,0.09046612,0.89073815,-0.00343232,-3.06272443,-1.72575267,-2.64136513,0.11940002,0.93070126,-0.00457764,0.05859375,-0.02441406,0.28808594,-0.02929688,-0.35156250,-0.02929688,1.03721619,2.65481651,2.65159607,-0.04882812
2.62252641,920,-3.00512250,-1.78106578,-2.41439064,0.07743835,0.88912106,-0.00305176,3.27805731,-1.73234886,-2.41750574,0.08335573,0.89014570,-0.00335664,-3.06158002,-1.72613414,-2.63755043,0.11863708,0.92726803,-0.00419617,0.08300781,-0.02441406,0.30273438,-0.05859375,-0.23437500,0.00000000,1.03721619,2.65495957,2.65159607,-0.04882812
2.63576508,925,-3.00512250,-1.77915843,-2.41019448,0.06942749,0.88759518,-0.00305176,3.27806101,-1.73044536,-2.41355068,0.07591239,0.88907901,-0.00323955,-3.06081708,-1.72613414,-2.63449868,0.11672974,0.92612362,-0.00419617,0.05371094,-0.01464844,0.28320312,-0.17578125,-0.10253906,0.00000000,1.03721619,2.65500645,2.65197754,0.00000000
2.65090322,930,-3.00512250,-1.77610667,-2.40561684,0.06294250,0.88454342,-0.00343323,3.27806222,-1.72806087,-2.40930010,0.06861582,0.88708787,-0.00336976,-3.05929120,-1.72613414,-2.62953957,0.11329651,0.92497922,-0.00419617,0.09765625,-0.00976562,0.32226562,-0.29296875,-0.01464844,0.00000000,1.03683472,2.65486922,2.65197754,0.02441406
2.66370296,935,-3.00512250,-1.77419932,-2.40180214,0.05798340,0.88111020,-0.00343323,3.27806262,-1.72564659,-2.40524784,0.06269888,0.88419506,-0.00341243,-3.05852826,-1.72613414,-2.62496193,0.10910034,0.92307187,-0.00419617,0.05859375,-0.00976562,0.32714844,-0.29296875,-0.13183594,0.01464844,1.03721619,2.65491434,2.65197754,0.00000000
2.68090415,940,-3.00512250,-1.77152903,-2.39608010,0.05035400,0.87576962,-0.00343323,3.27806275,-1.72340101,-2.40072481,0.05665991,0.88041829,-0.00342641,-3.05738385,-1.72613414,-2.62038430,0.10528564,0.92002011,-0.00419617,0.07812500,-0.00976562,0.30273438,-0.27832031,-0.17578125,0.00000000,1.03721619,2.65499163,2.65235901,0.02441406
2.69475460,945,-3.00512250,-1.77000315,-2.39264687,0.04539490,0.87157345,-0.00343323,3.27806279,-1.72101137,-2.39573525,0.04966044,0.87527117,-0.00343099,-3.05623944,-1.72613414,-2.61580666,0.10108948,0.91658688,-0.00419617,0.05859375,0.00000000,0.28320312,-0.27832031,-0.21972656,0.00000000,1.03721619,2.65501695,2.65197754,-0.02441406
2.70818639,950,-3.00512250,-1.76771434,-2.38845070,0.04081726,0.86623288,-0.00343323,3.27806280,-1.71894001,-2.39145538,0.04429361,0.87013119,-0.00343250,-3.05547650,-1.72613414,-2.61199196,0.09765625,0.91391659,-0.00419617,0.07324219,-0.00488281,0.30273438,-0.29296875,-0.26367188,-0.01464844,1.03721619,2.65496275,2.65235901,-0.02441406
2.72047424,955,-3.00512250,-1.76580699,-2.38349160,0.03585815,0.86203671,-0.00381470,3.27806281,-1.71693545,-2.38696103,0.03948215,0.86546706,-0.00368946,-3.05433209,-1.72613414,-2.60817726,0.09422302,0.90743161,-0.00419617,0.06347656,-0.00488281,0.28808594,-0.30761719,-0.39550781,0.00000000,1.03721619,2.65500749,2.65235901,0.00000000
2.73347306,960,-3.00512250,-1.76466258,-2.38005837,0.03242493,0.85936642,-0.00381470,3.27806281,-1.71538078,-2.38305168,0.03546888,0.86220300,-0.00377366,-3.05356915,-1.72613414,-2.60436257,0.09078979,0.90399838,-0.00419617,0.07812500,0.00000000,0.29296875,-0.27832031,-0.23437500,-0.02929688,1.03721619,2.65502215,2.65274048,-0.02441406
2.74634171,965,-3.00512250,-1.76313670,-2.37624367,0.02861023,0.85517026,-0.00381470,3.27806281,-1.71394702,-2.37925870,0.03164185,0.85863454,-0.00380125,-3.05280621,-1.72613414,-2.60131081,0.08811951,0.90247250,-0.00419617,0.07812500,-0.00488281,0.26367188,-0.32226562,-0.10253906,-0.01464844,1.03721619,2.65502696,2.65274048,-0.02441406
2.75899315,970,-3.00512250,-1.76199229,-2.37242897,0.02555847,0.84982968,-0.00381470,3.27806281,-1.71264530,-2.37554731,0.02817199,0.85422132,-0.00381029,-3.05204328,-1.72613414,-2.59902199,0.08430481,0.90132809,-0.00419617,0.03906250,-0.00976562,0.28320312,-0.24902344,-0.08789062,-0.01464844,1.03721619,2.65502853,2.65274048,-0.02441406
2.77230549,975,-3.00512250,-1.76122935,-2.36975869,0.02479553,0.84448910,-0.00381470,3.27806281,-1.71152564,-2.37220677,0.02596443,0.84903717,-0.00381325,-3.05128034,-1.72613414,-2.59329995,0.08087158,0.89903927,-0.00419617,0.05859375,-0.00488281,0.31738281,-0.26367188,-0.17578125,-0.02929688,1.03721619,2.65502905,2.65274048,0.00000000
2.78471637,980,-3.00512250,-1.76046641,-2.36632546,0.02479553,0.83838559,-0.00419617,3.27806281,-1.71069463,-2.36901534,0.02517856,0.84346635,-0.00403944,-3.05051740,-1.72613414,-2.58910378,0.07743835,0.89675046,-0.00419617,0.05371094,-0.00488281,0.33691406,-0.29296875,-0.17578125,0.00000000,1.03721619,2.65502921,2.65312195,0.00000000
2.80189180,985,-3.00512250,-1.76008494,-2.36327370,0.02479553,0.83380795,-0.00419617,3.27806281,-1.71016586,-2.36606674,0.02492104,0.83842264,-0.00414481,-3.04975446,-1.72613414,-2.58452614,0.07286072,0.89293576,-0.00419617,0.03906250,0.00488281,0.32226562,-0.29296875,-0.21972656,0.00000000,1.03721619,2.65502927,2.65312195,0.00000000
2.81574154,990,-3.00512250,-1.75932200,-2.36022194,0.02479553,0.82961178,-0.00419617,3.27806281,-1.70947965,-2.36277633,0.02483666,0.83342581,-0.00417934,-3.04861005,-1.72575267,-2.58032997,0.06828308,0.88950253,-0.00419617,0.07812500,0.02441406,0.29785156,-0.33691406,-0.27832031,-0.02929688,1.03721619,2.65502929,2.65350342,0.02441406
2.82981753,995,-3.00512250,-1.75894053,-2.35755165,0.02479553,0.82579709,-0.00419617,3.27806281,-1.70891044,-2.35987598,0.02480901,0.82949621,-0.00419065,-3.04784711,-1.72537120,-2.57651528,0.06332397,0.88225461,-0.00419617,0.03906250,0.00976562,0.28320312,-0.33691406,-0.43945312,-0.01464844,1.03721619,2.65502929,2.65350342,0.00000000
2.84347320,1000,-3.00512250,-1.75894053,-2.35564431,0.02479553,0.82121945,-0.00419617,3.27806281,-1.70869267,-2.35740203,0.02479995,0.82524176,-0.00419436,-3.04708417,-1.72498973,-2.57155617,0.05989075,0.87615109,-0.00419617,0.06347656,0.01464844,0.28320312,-0.21972656,-0.32226562,-0.01464844,1.03721619,2.65502930,2.65388489,0.00000000
2.85871863,1005,-3.00512250,-1.75894053,-2.35297402,0.02479553,0.81702328,-0.00419617,3.27806281,-1.70862131,-2.35491376,0.02479698,0.82067298,-0.00419557,-3.04632123,-1.72498973,-2.56850441,0.05760193,0.87348080,-0.00419617,0.05371094,0.01464844,0.25878906,-0.17578125,-0.19042969,0.00000000,1.03721619,2.65502930,2.65388489,-0.04882812
2.87024260,1010,-3.00512250,-1.75894053,-2.35106667,0.02441406,0.81473446,-0.00419617,3.27806281,-1.70859792,-2.35272816,0.02465868,0.81736899,-0.00419597,-3.04593976,-1.72460826,-2.56468972,0.05569458,0.87081051,-0.00419617,0.03417969,0.01464844,0.28808594,-0.14648438,-0.17578125,-0.02929688,1.03721619,2.65502930,2.65388489,0.00000000
2.88470817,1015,-3.00512250,-1.75894053,-2.34877785,0.02326965,0.81168271,-0.00419617,3.27806281,-1.70859026,-2.35062209,0.02402413,0.81453244,-0.00419610,-3.04479535,-1.72460826,-2.56049355,0.05416870,0.86699582,-0.00419617,0.04882812,0.00000000,0.30273438,-0.16113281,-0.24902344,-0.01464844,1.03759766,2.65518188,2.65388489,-0.02441406
2.89872789,1020,-3.00512250,-1.75894053,-2.34648903,0.02174377,0.81091977,-0.00419617,3.27806281,-1.70858775,-2.34832431,0.02282157,0.81251043,-0.00419615,-3.04403241,-1.72422679,-2.55667885,0.05226135,0.86394406,-0.00419617,0.05859375,0.00488281,0.32714844,-0.19042969,-0.29296875,-0.02929688,1.03721619,2.65507930,2.65426636,0.00000000
2.91515112,1025,-3.00512250,-1.75894053,-2.34458168,0.02059937,0.81091977,-0.00419617,3.27806281,-1.70858693,-2.34606002,0.02154824,0.81169746,-0.00419616,-3.04326947,-1.72384532,-2.55133828,0.04920959,0.85936642,-0.00419617,0.04394531,0.02929688,0.29785156,-0.20507812,-0.23437500,-0.01464844,1.03721619,2.65504568,2.65426636,-0.04882812
2.92817521,1030,-3.00512250,-1.75894053,-2.34343727,0.02021790,0.81091977,-0.00419617,3.27806281,-1.70858666,-2.34444709,0.02083400,0.81143107,-0.00419616,-3.04250653,-1.72346385,-2.54828652,0.04844666,0.85555172,-0.00419617,0.06347656,0.04394531,0.27343750,-0.07324219,-0.24902344,-0.01464844,1.03721619,2.65503467,2.65426636,0.00000000
2.94312000,1035,-3.00512250,-1.75894053,-2.34191140,0.02021790,0.81091977,-0.00419617,3.27806281,-1.70858657,-2.34302403,0.02053892,0.81134378,-0.00419617,-3.04174359,-1.72308238,-2.54447182,0.04730225,0.85135556,-0.00419617,0.04882812,0.02929688,0.26855469,-0.10253906,-0.32226562,-0.01464844,1.03721619,2.65503106,2.65464783,-0.02441406
2.95541668,1040,-3.00512250,-1.75894053,-2.34114846,0.02021790,0.81091977,-0.00419617,3.27806281,-1.70858654,-2.34195250,0.02035434,0.81131518,-0.00419617,-3.04136212,-1.72270091,-2.54103859,0.04539490,0.84792233,-0.00419617,0.03417969,0.01464844,0.27832031,-0.19042969,-0.19042969,0.00000000,1.03721619,2.65502987,2.65426636,-0.02441406
2.96984601,1045,-3.00512250,-1.75894053,-2.34000405,0.02021790,0.81091977,-0.00419617,3.27806281,-1.70858653,-2.34089300,0.02026261,0.81130580,-0.00419617,-3.04021771,-1.72231944,-2.53684243,0.04272461,0.84601498,-0.00419617,0.05859375,0.00488281,0.25390625,-0.19042969,-0.11718750,0.00000000,1.03721619,2.65502949,2.65426636,0.00000000
2.98454189,1050,-3.00512250,-1.75894053,-2.33885964,0.02021790,0.81091977,-0.00419617,3.27806281,-1.70858653,-2.33985650,0.02023255,0.81130273,-0.00419617,-3.03945477,-1.72231944,-2.53379067,0.04043579,0.84487057,-0.00419617,0.04394531,0.00000000,0.26855469,-0.16113281,-0.07324219,-0.02929688,1.03721619,2.65502936,2.65426636,-0.02441406
2.99995852,1055,-3.00512250,-1.75894053,-2.33847817,0.02021790,0.81091977,-0.00419617,3.27806281,-1.70858653,-2.33900013,0.02022270,0.81135056,-0.00419617,-3.03907330,-1.72231944,-2.52959450,0.03852844,0.84258175,-0.00419617,0.03906250,0.00000000,0.26855469,-0.13183594,-0.16113281,-0.01464844,1.03721619,2.65502932,2.65426636,0.00000000
3.01242805,1060,-3.00512250,-1.75894053,-2.33809670,0.02021790,0.81130124,-0.00419617,3.27806281,-1.70858653,-2.33851188,0.02021947,0.81145473,-0.00419617,-3.03831036,-1.72231944,-2.52577980,0.03738403,0.83991147,-0.00419617,0.03417969,-0.00488281,0.28808594,-0.11718750,-0.20507812,-0.01464844,1.03721619,2.65502930,2.65426636,-0.02441406
3.02432442,1065,-3.00512250,-1.75894053,-2.33809670,0.02021790,0.81282712,-0.00381470,3.27806281,-1.70858653,-2.33823274,0.02021841,0.81226425,-0.00405884,-3.03792890,-1.72231944,-2.52272805,0.03662109,0.83724118,-0.00419617,0.05859375,0.00488281,0.23925781,-0.08789062,-0.21972656,-0.01464844,1.03721619,2.65502930,2.65426636,-0.04882812
3.03858662,1070,-3.00512250,-1.75894053,-2.33809670,0.02021790,0.81435299,-0.00419617,3.27806281,-1.70858653,-2.33814128,0.02021806,0.81341428,-0.00400224,-3.03754743,-1.72193797,-2.52120217,0.03509521,0.83495236,-0.00419617,0.01464844,0.02929688,0.24902344,-0.13183594,-0.17578125,-0.01464844,1.03721619,2.65502930,2.65426636,-0.02441406
3.05274773,1075,-3.00512250,-1.75894053,-2.33809670,0.02021790,0.81549740,-0.00381470,3.27806281,-1.70858653,-2.33811131,0.02021795,0.81485057,-0.00387615,-3.03678449,-1.72117503,-2.51586159,0.03280640,0.83190060,-0.00419617,0.04882812,0.01953125,0.23925781,-0.14648438,-0.20507812,-0.01464844,1.03721619,2.65502930,2.65426636,-0.04882812
3.06665301,1080,-3.00512250,-1.75894053,-2.33809670,0.02021790,0.81626034,-0.00381470,3.27806281,-1.70858653,-2.33810148,0.02021791,0.81598455,-0.00383483,-3.03640302,-1.72079356,-2.51280983,0.03204346,0.82961178,-0.00419617,0.02929688,0.02929688,0.25390625,-0.10253906,-0.14648438,-0.01464844,1.03721619,2.65502930,2.65426636,-0.02441406
3.08156824,1085,-3.00512250,-1.75894053,-2.33771523,0.02021790,0.81740475,-0.00381470,3.27806281,-1.70858653,-2.33796094,0.02021790,0.81704546,-0.00382130,-3.03564008,-1.72079356,-2.50937661,0.03166199,0.82923031,-0.00419617,0.04882812,0.00976562,0.23437500,-0.07324219,-0.01464844,-0.01464844,1.03721619,2.65502930,2.65426636,-0.02441406
3.09590435,1090,-3.00512250,-1.75894053,-2.33733376,0.02021790,0.81854916,-0.00381470,3.27806281,-1.70858653,-2.33757052,0.02021790,0.81810147,-0.00381686,-3.03487714,-1.72041209,-2.50556191,0.03051758,0.82923031,-0.00419617,0.04882812,0.00488281,0.23925781,-0.07324219,0.02929688,-0.01464844,1.03721619,2.65512695,2.65426636,-0.02441406
3.11039662,1095,-3.00512250,-1.75894053,-2.33695229,0.01983643,0.81931210,-0.00381470,3.27806281,-1.70858653,-2.33727401,0.02003174,0.81896045,-0.00384666,-3.03449567,-1.72041209,-2.50212868,0.03051758,0.82923031,-0.00419617,0.03906250,0.00488281,0.22949219,-0.02929688,0.01464844,-0.02929688,1.03721619,2.65513942,2.65464783,-0.02441406
3.12574410,1100,-3.00512250,-1.75894053,-2.33618935,0.01907349,0.82007504,-0.00381470,3.27806281,-1.70858653,-2.33666391,0.01963797,0.81977683,-0.00382517,-3.03373273,-1.72041209,-2.49907692,0.03013611,0.82923031,-0.00419617,0.04394531,0.00000000,0.23925781,-0.05859375,-0.00000000,-0.01464844,1.03721619,2.65506538,2.65464783,-0.02441406
3.14076233,1105,-3.00512250,-1.75894053,-2.33504494,0.01831055,0.82083798,-0.00381470,3.27806281,-1.70858653,-2.33590601,0.01889591,0.82059634,-0.00381813,-3.03296979,-1.72041209,-2.49564370,0.02937317,0.82846737,-0.00419617,0.03417969,0.00000000,0.21484375,-0.05859375,-0.01464844,0.00000000,1.03721619,2.65504112,2.65464783,-0.02441406
3.15425992,1110,-3.00512250,-1.75894053,-2.33390053,0.01754761,0.82045651,-0.00381470,3.27806281,-1.70858653,-2.33480818,0.01816959,0.82093898,-0.00381582,-3.03296979,-1.72003062,-2.49297341,0.02899170,0.82732297,-0.00419617,0.01464844,0.00488281,0.21972656,-0.04394531,-0.07324219,0.00000000,1.03721619,2.65513083,2.65464783,0.00000000
3.16759562,1115,-3.00512250,-1.75894053,-2.33237465,0.01716614,0.82007504,-0.00419617,3.27806281,-1.70858653,-2.33345381,0.01767513,0.82079478,-0.00407154,-3.03220685,-1.72003062,-2.48992165,0.02822876,0.82541562,-0.00419617,0.03906250,0.00976562,0.20507812,-0.07324219,-0.11718750,-0.01464844,1.03759766,2.65521515,2.65464783,-0.02441406
3.18121052,1120,-3.00512250,-1.75894053,-2.33046730,0.01678467,0.82007504,-0.00419617,3.27806281,-1.70858653,-2.33184680,0.01725663,0.82056735,-0.00415533,-3.03182538,-1.71964915,-2.48725136,0.02670288,0.82503415,-0.00419617,0.02929688,0.01464844,0.21972656,-0.13183594,-0.02929688,-0.02929688,1.03721619,2.65509020,2.65464783,-0.02441406
3.19503927,1125,-3.00512250,-1.75894053,-2.32894142,0.01602173,0.82007504,-0.00419617,3.27806281,-1.70858653,-2.33026309,0.01672570,0.82049283,-0.00418278,-3.03106244,-1.71926768,-2.48419960,0.02517700,0.82503415,-0.00419617,0.02929688,0.02441406,0.20507812,-0.10253906,0.01464844,-0.02929688,1.03721619,2.65504925,2.65464783,-0.02441406
3.21116447,1130,-3.00512250,-1.75894053,-2.32665261,0.01411438,0.82007504,-0.00419617,3.27806281,-1.70858653,-2.32827563,0.01541000,0.82046841,-0.00419178,-3.03068097,-1.71888621,-2.48076638,0.02441406,0.82503415,-0.00419617,0.02441406,0.01464844,0.20996094,-0.04394531,-0.00000000,-0.02929688,1.03721619,2.65511396,2.65426636,-0.02441406
3.22788692,1135,-3.00512250,-1.75894053,-2.32436379,0.01182556,0.82007504,-0.00381470,3.27806281,-1.70858653,-2.32608556,0.01344005,0.82046041,-0.00405740,-3.03029950,-1.71888621,-2.47771462,0.02365112,0.82465268,-0.00419617,0.01953125,0.00976562,0.20507812,-0.07324219,-0.01464844,-0.02929688,1.03721619,2.65515470,2.65464783,0.00000000
3.24377346,1140,-3.00512250,-1.75894053,-2.32283791,0.01029968,0.82007504,-0.00419617,3.27806281,-1.70858653,-2.32425415,0.01150059,0.82045779,-0.00397052,-3.02991803,-1.71850474,-2.47466286,0.02288818,0.82465268,-0.00419617,0.02929688,0.00488281,0.21972656,-0.04394531,0.01464844,-0.01464844,1.03721619,2.65507039,2.65426636,-0.04882812
3.25642347,1145,-3.00512250,-1.75894053,-2.32093056,0.00953674,0.82007504,-0.00381470,3.27806281,-1.70858653,-2.32235167,0.01028182,0.82045693,-0.00404593,-3.02915509,-1.71850474,-2.47161110,0.02250671,0.82427121,-0.00419617,0.02441406,0.00000000,0.19531250,-0.02929688,-0.02929688,0.00000000,1.03759766,2.65519535,2.65464783,0.00000000
3.27045298,1150,-3.00512250,-1.75894053,-2.31902321,0.00915527,0.82007504,-0.00419617,3.27806281,-1.70858653,-2.32051476,0.00970460,0.82045665,-0.00407663,-3.02877362,-1.71850474,-2.46894081,0.02212524,0.82427121,-0.00419617,0.03417969,0.00000000,0.20019531,-0.02929688,0.01464844,-0.02929688,1.03721619,2.65508371,2.65464783,-0.02441406
3.28231168,1155,-3.00512250,-1.75894053,-2.31787880,0.00915527,0.82007504,-0.00419617,3.27806281,-1.70858653,-2.31896326,0.00933528,0.82039552,-0.00415700,-3.02839215,-1.71850474,-2.46627053,0.02174377,0.82388974,-0.00419617,0.01953125,0.00000000,0.20507812,-0.05859375,-0.02929688,-0.01464844,1.03721619,2.65504713,2.65464783,-0.04882812
3.29615998,1160,-3.00512250,-1.75894053,-2.31673439,0.00915527,0.81969357,-0.00419617,3.27806281,-1.70858653,-2.31767617,0.00921426,0.82021131,-0.00418333,-3.02801068,-1.71812327,-2.46398171,0.02136230,0.82312680,-0.00419617,0.02441406,0.00000000,0.19042969,-0.05859375,-0.05859375,-0.02929688,1.03721619,2.65503514,2.65464783,-0.04882812
3.31068349,1165,-3.00512250,-1.75894053,-2.31558998,0.00915527,0.81969357,-0.00419617,3.27806281,-1.70858653,-2.31645523,0.00917460,0.82011969,-0.00419196,-3.02724774,-1.71812327,-2.46131142,0.02021790,0.82312680,-0.00419617,0.03906250,0.00488281,0.20019531,-0.07324219,-0.00000000,-0.01464844,1.03721619,2.65503121,2.65464783,-0.02441406
3.32441640,1170,-3.00512250,-1.75894053,-2.31406411,0.00953674,0.81931210,-0.00419617,3.27806281,-1.70858653,-2.31521726,0.00941808,0.81995234,-0.00419479,-3.02686627,-1.71774180,-2.45825966,0.01869202,0.82312680,-0.00419617,0.03417969,0.00976562,0.19531250,-0.13183594,-0.00000000,-0.01464844,1.03721619,2.65502992,2.65464783,-0.02441406
3.33719230,1175,-3.00512250,-1.75894053,-2.31330117,0.00953674,0.81893063,-0.00419617,3.27806281,-1.70858653,-2.31414046,0.00949786,0.81959221,-0.00419572,-3.02648480,-1.71774180,-2.45597084,0.01716614,0.82350827,-0.00419617,0.00976562,0.01464844,0.20996094,-0.13183594,0.02929688,0.00000000,1.03721619,2.65502950,2.65464783,-0.02441406
3.35059571,1180,-3.00512250,-1.75894053,-2.31215676,0.00953674,0.81854916,-0.00419617,3.27806281,-1.70858653,-2.31308851,0.00952400,0.81926656,-0.00419602,-3.02648480,-1.71736033,-2.45330056,0.01525879,0.82350827,-0.00419617,0.00976562,0.01953125,0.20019531,-0.14648438,0.01464844,-0.02929688,1.03721619,2.65522956,2.65464783,-0.02441406
3.36611390,1185,-3.00512250,-1.75894053,-2.31177529,0.00953674,0.81816769,-0.00419617,3.27806281,-1.70858653,-2.31227592,0.00953257,0.81881549,-0.00415706,-3.02572186,-1.71697886,-2.44986733,0.01487732,0.82312680,-0.00419617,0.03906250,0.01953125,0.20019531,-0.02929688,0.01464844,-0.01464844,1.03721619,2.65517304,2.65464783,-0.02441406
3.37971640,1190,-3.00512250,-1.75894053,-2.31101235,0.00953674,0.81816769,-0.00419617,3.27806281,-1.70858653,-2.31163782,0.00958420,0.81874629,-0.00418335,-3.02534039,-1.71697886,-2.44757851,0.01487732,0.82274533,-0.00419617,0.00976562,0.00976562,0.19042969,-0.01464844,-0.01464844,-0.01464844,1.03721619,2.65507640,2.65464783,0.00000000
3.39244652,1195,-3.00512250,-1.75894053,-2.31101235,0.00953674,0.81854916,-0.00381470,3.27806281,-1.70858653,-2.31121730,0.00955229,0.81887023,-0.00404536,-3.02534039,-1.71659739,-2.44528969,0.01487732,0.82236386,-0.00419617,0.01464844,0.00488281,0.18066406,-0.01464844,-0.02929688,-0.02929688,1.03721619,2.65504473,2.65464783,-0.02441406
3.40976954,1200,-3.00512250,-1.75894053,-2.31101235,0.00953674,0.81854916,-0.00419617,3.27806281,-1.70858653,-2.31107951,0.00954184,0.81891084,-0.00408572,-3.02457745,-1.71659739,-2.44185646,0.01449585,0.82236386,-0.00419617,0.01464844,0.00000000,0.17578125,-0.02929688,0.01464844,-0.01464844,1.03721619,2.65509685,2.65464783,0.00000000
3.42449927,1205,-3.00512250,-1.75894053,-2.31101235,0.00953674,0.81854916,-0.00419617,3.27806281,-1.70858653,-2.31103435,0.00953841,0.81892415,-0.00407208,-3.02419598,-1.71659739,-2.43956765,0.01449585,0.82236386,-0.00419617,0.01953125,0.00000000,0.18066406,0.00000000,-0.01464844,-0.01464844,1.03721619,2.65505143,2.65464783,-0.02441406
3.43825364,1210,-3.00512250,-1.75894053,-2.31101235,0.00953674,0.81893063,-0.00419617,3.27806281,-1.70858653,-2.31101956,0.00953729,0.81918498,-0.00408519,-3.02381452,-1.71659739,-2.43766030,0.01449585,0.82236386,-0.00419617,0.02441406,0.00000000,0.16601562,0.00000000,0.02929688,-0.01464844,1.03721619,2.65503655,2.65464783,0.00000000
3.45156360,1215,-3.00512250,-1.75894053,-2.31101235,0.00953674,0.81893063,-0.00381470,3.27806281,-1.70858653,-2.31101471,0.00953692,0.81927044,-0.00398341,-3.02381452,-1.71659739,-2.43499001,0.01411438,0.82236386,-0.00419617,0.01464844,0.00000000,0.18066406,-0.02929688,0.01464844,-0.02929688,1.03721619,2.65503167,2.65464783,-0.02441406
3.46531296,1220,-3.00512250,-1.75894053,-2.31101235,0.00953674,0.81893063,-0.00419617,3.27806281,-1.70858653,-2.31101312,0.00947577,0.81922814,-0.00407762,-3.02343305,-1.71659739,-2.43346413,0.01411438,0.82198239,-0.00419617,0.01464844,0.00000000,0.18554688,-0.01464844,-0.02929688,-0.02929688,1.03721619,2.65493242,2.65464783,0.00000000
3.47837305,1225,-3.00512250,-1.75894053,-2.31101235,0.00953674,0.81854916,-0.00381470,3.27806281,-1.70858653,-2.31101260,0.00940690,0.81902812,-0.00404978,-3.02305158,-1.71659739,-2.43041237,0.01373291,0.82160092,-0.00419617,0.03906250,0.00976562,0.16113281,-0.04394531,0.02929688,-0.01464844,1.03721619,2.65499755,2.65464783,-0.02441406
3.49161291,1230,-3.00512250,-1.75894053,-2.31101235,0.00953674,0.81854916,-0.00419617,3.27806281,-1.70858653,-2.31101243,0.00945513,0.81896258,-0.00409937,-3.02267011,-1.71621592,-2.42888649,0.01335144,0.82160092,-0.00419617,0.01953125,0.01953125,0.16601562,-0.07324219,0.01464844,-0.02929688,1.03721619,2.65501889,2.65464783,0.00000000
3.50702548,1235,-3.00512250,-1.75894053,-2.31101235,0.00953674,0.81854916,-0.00419617,3.27806281,-1.70858653,-2.31101237,0.00951000,0.81894110,-0.00416445,-3.02228864,-1.71621592,-2.42621620,0.01258850,0.82160092,-0.00419617,0.02441406,0.00976562,0.17089844,-0.04394531,-0.00000000,0.00000000,1.03721619,2.65502589,2.65464783,-0.02441406
3.52121210,1240,-3.00512250,-1.75894053,-2.31101235,0.00915527,0.81854916,-0.00419617,3.27806281,-1.70858653,-2.31101236,0.00927151,0.81893406,-0.00418577,-3.02190717,-1.71583445,-2.42392739,0.01220703,0.82160092,-0.00419617,0.00976562,0.00976562,0.16113281,-0.04394531,0.01464844,-0.01464844,1.03721619,2.65502818,2.65464783,-0.04882812
3.53328943,1245,-3.00512250,-1.75894053,-2.31101235,0.00915527,0.81854916,-0.00419617,3.27806281,-1.70858653,-2.31101235,0.00919336,0.81893176,-0.00419276,-3.02190717,-1.71545298,-2.42202004,0.01182556,0.82160092,-0.00419617,0.00488281,0.00976562,0.16113281,-0.04394531,0.01464844,-0.01464844,1.03721619,2.65502893,2.65464783,-0.02441406
3.55156255,1250,-3.00512250,-1.75855906,-2.31101235,0.00877380,0.81854916,-0.00419617,3.27806281,-1.70844920,-2.31101235,0.00903043,0.81893100,-0.00419505,-3.02152570,-1.71545298,-2.41934975,0.01182556,0.82083798,-0.00419617,0.02441406,0.00976562,0.13671875,0.00000000,-0.01464844,-0.01464844,1.03721619,2.65502918,2.65464783,0.00000000
3.56687808,1255,-3.00512250,-1.75855906,-2.31101235,0.00839233,0.81854916,-0.00419617,3.27806281,-1.70828506,-2.31101235,0.00878160,0.81893075,-0.00419580,-3.02076276,-1.71507151,-2.41744240,0.01106262,0.82083798,-0.00419617,0.01953125,0.00000000,0.14648438,-0.05859375,-0.00000000,-0.02929688,1.03721619,2.65502926,2.65464783,0.00000000
3.57836819,1260,-3.00512250,-1.75817759,-2.31101235,0.00839233,0.81854916,-0.00381470,3.27806281,-1.70809394,-2.31090248,0.00851989,0.81893067,-0.00401966,-3.02076276,-1.71507151,-2.41629799,0.01106262,0.82007504,-0.00419617,0.01464844,0.00000000,0.15136719,-0.02929688,-0.02929688,-0.01464844,1.03721619,2.65502928,2.65464783,-0.04882812
3.59269500,1265,-3.00512250,-1.75817759,-2.31063088,0.00839233,0.81854916,-0.00419617,3.27806281,-1.70791218,-2.31071988,0.00843413,0.81893064,-0.00403823,-3.02038129,-1.71507151,-2.41362770,0.01068115,0.81969357,-0.00419617,0.02441406,0.00000000,0.15625000,-0.01464844,-0.04394531,-0.02929688,1.03721619,2.65502929,2.65464783,-0.02441406
3.60587621,1270,-3.00512250,-1.75779612,-2.31063088,0.00839233,0.81854916,-0.00419617,3.27806281,-1.70759615,-2.31066004,0.00840603,0.81893064,-0.00405652,-3.01999982,-1.71507151,-2.41133889,0.01068115,0.81931210,-0.00419617,0.00976562,0.00488281,0.16113281,-0.01464844,0.01464844,-0.01464844,1.03721619,2.65502930,2.65464783,0.00000000
3.61909294,1275,-3.00512250,-1.75703318,-2.31063088,0.00839233,0.81854916,-0.00381470,3.27806281,-1.70719108,-2.31064043,0.00839682,0.81893063,-0.00404286,-3.01999982,-1.71469004,-2.40981301,0.01068115,0.81969357,-0.00419617,0.00000000,0.00488281,0.13671875,0.00000000,0.01464844,-0.01464844,1.03721619,2.65502930,2.65464783,-0.04882812
3.63459301,1280,-3.00512250,-1.75588877,-2.31063088,0.00839233,0.81854916,-0.00381470,3.27806281,-1.70635925,-2.31063401,0.00839380,0.81893063,-0.00400860,-3.01961835,-1.71469004,-2.40752419,0.01068115,0.81893063,-0.00419617,0.00976562,0.00488281,0.15136719,-0.01464844,-0.01464844,-0.02929688,1.03721619,2.65510742,2.65464783,-0.02441406
3.64746380,1285,-3.00512250,-1.75550730,-2.31063088,0.00839233,0.81854916,-0.00381470,3.27806281,-1.70561878,-2.31063190,0.00839282,0.81893063,-0.00387824,-3.01923688,-1.71430857,-2.40599831,0.01029968,0.81893063,-0.00419617,0.02441406,0.01464844,0.12695312,-0.01464844,0.02929688,-0.01464844,1.03721619,2.65505490,2.65464783,0.00000000
3.66283679,1290,-3.00512250,-1.75398143,-2.31063088,0.00839233,0.81854916,-0.00381470,3.27806281,-1.70464958,-2.31063121,0.00839249,0.81893063,-0.00387458,-3.01923688,-1.71430857,-2.40447243,0.00991821,0.81893063,-0.00419617,0.01464844,0.00488281,0.12207031,-0.04394531,0.01464844,-0.01464844,1.03721619,2.65503769,2.65464783,-0.02441406
3.67707944,1295,-3.00512250,-1.75283702,-2.31024941,0.00839233,0.81854916,-0.00381470,3.27806281,-1.70352352,-2.31055469,0.00839239,0.81893063,-0.00397543,-3.01885541,-1.71430857,-2.40256508,0.00953674,0.81854916,-0.00419617,0.01464844,0.00000000,0.13183594,-0.04394531,-0.00000000,-0.01464844,1.03721619,2.65503205,2.65464783,-0.04882812
3.69396067,1300,-3.00512250,-1.75092967,-2.31024941,0.00839233,0.81854916,-0.00381470,3.27806281,-1.70199132,-2.31034944,0.00839235,0.81893063,-0.00398651,-3.01847394,-1.71392710,-2.39989479,0.00915527,0.81816769,-0.00419617,0.02929688,0.00000000,0.14160156,-0.05859375,0.01464844,-0.02929688,1.03721619,2.65503020,2.65464783,-0.02441406
3.70881081,1305,-3.00512250,-1.74902232,-2.31024941,0.00877380,0.81854916,-0.00381470,3.27806281,-1.70015808,-2.31028219,0.00856873,0.81893063,-0.00387100,-3.01809247,-1.71392710,-2.39798745,0.00801086,0.81854916,-0.00419617,0.00000000,0.00488281,0.14160156,-0.08789062,0.04394531,-0.01464844,1.03721619,2.65502959,2.65464783,-0.02441406
3.72204924,1310,-3.00512250,-1.74749644,-2.31024941,0.00877380,0.81854916,-0.00381470,3.27806281,-1.69856127,-2.31026015,0.00870661,0.81893063,-0.00383315,-3.01809247,-1.71354563,-2.39646157,0.00762939,0.81893063,-0.00419617,0.00488281,0.00976562,0.13183594,-0.02929688,0.01464844,-0.01464844,1.03721619,2.65502939,2.65464783,-0.02441406
3.73857379,1315,-3.00512250,-1.74520762,-2.31024941,0.00877380,0.81854916,-0.00381470,3.27806281,-1.69657098,-2.31025293,0.00875178,0.81893063,-0.00382074,-3.01809247,-1.71316416,-2.39493569,0.00762939,0.81854916,-0.00419617,0.00488281,0.02441406,0.13671875,-0.01464844,-0.00000000,0.00000000,1.03721619,2.65502933,2.65464783,-0.02441406
3.75393748,1320,-3.00512250,-1.74177439,-2.31024941,0.00915527,0.81854916,-0.00381470,3.27806281,-1.69375950,-2.31025056,0.00889171,0.81893063,-0.00381668,-3.01771100,-1.71278269,-2.39302834,0.00801086,0.81893063,-0.00419617,0.01464844,0.01953125,0.10742188,0.01464844,0.04394531,-0.01464844,1.03721619,2.65502931,2.65464783,-0.04882812
3.76622033,1325,-3.00512250,-1.74024852,-2.31024941,0.00915527,0.81893063,-0.00381470,3.27806281,-1.69156187,-2.31024979,0.00903766,0.81915585,-0.00381535,-3.01732953,-1.71278269,-2.39150246,0.00762939,0.81893063,-0.00419617,0.01953125,0.02929688,0.10253906,-0.01464844,0.01464844,-0.01464844,1.03721619,2.65502930,2.65464783,-0.04882812
3.77940536,1330,-3.00512250,-1.73834117,-2.31024941,0.00877380,0.81893063,-0.00381470,3.27806281,-1.68959065,-2.31024953,0.00900138,0.81926090,-0.00381491,-3.01732953,-1.71201976,-2.39035805,0.00762939,0.81854916,-0.00419617,0.00976562,0.02929688,0.11718750,-0.02929688,-0.02929688,-0.01464844,1.03721619,2.65502930,2.65464783,0.00000000
3.79251790,1335,-3.00512250,-1.73528941,-2.31024941,0.00915527,0.81893063,-0.00381470,3.27806281,-1.68691201,-2.31024945,0.00910484,0.81929532,-0.00381477,-3.01694806,-1.71163829,-2.38883217,0.00762939,0.81854916,-0.00419617,0.00976562,0.02929688,0.13183594,0.00000000,0.01464844,0.00000000,1.03721619,2.65502930,2.65464783,-0.07324219
3.80746055,1340,-3.00512250,-1.73223765,-2.31024941,0.00915527,0.81893063,-0.00381470,3.27806281,-1.68415146,-2.31024942,0.00913875,0.81930660,-0.00381472,-3.01694806,-1.71125682,-2.38730629,0.00762939,0.81854916,-0.00419617,0.01953125,0.04394531,0.10253906,-0.01464844,0.02929688,-0.01464844,1.03721619,2.65502930,2.65464783,-0.02441406
3.82389164,1345,-3.00512250,-1.72880442,-2.31024941,0.00915527,0.81893063,-0.00381470,3.27806281,-1.68106365,-2.31024941,0.00914986,0.81931030,-0.00381470,-3.01618512,-1.71049388,-2.38578041,0.00801086,0.81893063,-0.00419617,0.02929688,0.04882812,0.11230469,-0.01464844,0.01464844,-0.01464844,1.03721619,2.65502930,2.65464783,0.00000000
3.83832645,1350,-3.00512250,-1.72613414,-2.31024941,0.00915527,0.81893063,-0.00381470,3.27806281,-1.67822384,-2.31024941,0.00915350,0.81931151,-0.00381470,-3.01618512,-1.70973094,-2.38425454,0.00762939,0.81854916,-0.00419617,0.00488281,0.03906250,0.10742188,-0.01464844,-0.01464844,-0.01464844,1.03721619,2.65502930,2.65464783,-0.02441406
3.85200906,1355,-3.00512250,-1.72270091,-2.31024941,0.00915527,0.81854916,-0.00381470,3.27806281,-1.67492402,-2.31024941,0.00915469,0.81923561,-0.00381470,-3.01618512,-1.70934947,-2.38272866,0.00801086,0.81854916,-0.00419617,0.00488281,0.02929688,0.09765625,0.00000000,0.01464844,0.00000000,1.03721619,2.65502930,2.65464783,0.00000000
3.86650229,1360,-3.00512250,-1.72041209,-2.31024941,0.00915527,0.81854916,-0.00381470,3.27806281,-1.67222385,-2.31024941,0.00915508,0.81903057,-0.00381470,-3.01580365,-1.70896800,-2.38120278,0.00801086,0.81854916,-0.00419617,0.01464844,0.03417969,0.11718750,0.00000000,0.01464844,-0.01464844,1.03721619,2.65502930,2.65464783,-0.04882812
3.88088202,1365,-3.00512250,-1.71736033,-2.31024941,0.00915527,0.81816769,-0.00381470,3.27806281,-1.66921845,-2.31024941,0.00915521,0.81873816,-0.00381470,-3.01542218,-1.70820506,-2.37967690,0.00801086,0.81893063,-0.00419617,0.01464844,0.04882812,0.11230469,-0.01464844,0.04394531,-0.02929688,1.03721619,2.65502930,2.65464783,-0.07324219
3.89515328,1370,-3.00512250,-1.71392710,-2.31024941,0.00915527,0.81778622,-0.00419617,3.27806281,-1.66585656,-2.31024941,0.00915525,0.81847376,-0.00403210,-3.01542218,-1.70744212,-2.37853249,0.00762939,0.81931210,-0.00419617,0.00000000,0.03417969,0.09765625,-0.01464844,0.02929688,-0.01464844,1.03721619,2.65502930,2.65464783,-0.02441406
3.91005182,1375,-3.00512250,-1.71087535,-2.31024941,0.00915527,0.81664181,-0.00419617,3.27806281,-1.66294439,-2.31024941,0.00915527,0.81782914,-0.00410334,-3.01542218,-1.70667918,-2.37738808,0.00762939,0.81854916,-0.00419617,0.00000000,0.05859375,0.08300781,-0.01464844,-0.02929688,-0.02929688,1.03721619,2.65502930,2.65464783,-0.02441406
3.92403769,1380,-3.00512250,-1.70820506,-2.31024941,0.00915527,0.81549740,-0.00381470,3.27806281,-1.66015920,-2.31024941,0.00915527,0.81679968,-0.00400157,-3.01504071,-1.70553477,-2.37586220,0.00762939,0.81854916,-0.00419617,0.00488281,0.06347656,0.10253906,0.00000000,-0.00000000,0.00000000,1.03721619,2.65502930,2.65464783,0.00000000
3.93695593,1385,-3.00512250,-1.70629771,-2.31024941,0.00915527,0.81473446,-0.00419617,3.27806281,-1.65777475,-2.31024941,0.00915527,0.81587909,-0.00401326,-3.01504071,-1.70515330,-2.37471779,0.00801086,0.81854916,-0.00419617,0.01464844,0.04882812,0.09277344,-0.01464844,0.02929688,-0.01464844,1.03721619,2.65502930,2.65502930,-0.02441406
3.95229030,1390,-3.00512250,-1.70362742,-2.31024941,0.00915527,0.81473446,-0.00419617,3.27806281,-1.65513953,-2.31024941,0.00915527,0.81536600,-0.00407520,-3.01465924,-1.70400889,-2.37357338,0.00801086,0.81854916,-0.00419617,0.01953125,0.07324219,0.08300781,-0.02929688,0.01464844,0.00000000,1.03721619,2.65502930,2.65464783,-0.04882812
3.96679187,1395,-3.00512250,-1.70133860,-2.31024941,0.00915527,0.81473446,-0.00419617,3.27806281,-1.65274696,-2.31024941,0.00915527,0.81519788,-0.00412528,-3.01427777,-1.70286448,-2.37204750,0.00801086,0.81854916,-0.00419617,0.00976562,0.05371094,0.10253906,-0.01464844,0.01464844,-0.01464844,1.03721619,2.65512695,2.65464783,-0.04882812
3.97891212,1400,-3.00512250,-1.69981272,-2.31024941,0.00953674,0.81473446,-0.00419617,3.27806281,-1.65093709,-2.31024941,0.00934143,0.81514279,-0.00411190,-3.01427777,-1.70210154,-2.37128456,0.00762939,0.81854916,-0.00419617,0.00976562,0.05859375,0.07812500,-0.02929688,0.01464844,-0.01464844,1.03721619,2.65506130,2.65464783,-0.02441406
3.99318480,1405,-3.00512250,-1.69752391,-2.31024941,0.00991821,0.81435299,-0.00419617,3.27806281,-1.64883646,-2.31024941,0.00969796,0.81489951,-0.00416856,-3.01389630,-1.70133860,-2.37014016,0.00801086,0.81854916,-0.00419617,0.01464844,0.04882812,0.09277344,0.00000000,0.02929688,-0.01464844,1.03721619,2.65503978,2.65464783,-0.02441406
4.00513840,1410,-3.00512250,-1.69599803,-2.31024941,0.01029968,0.81397152,-0.00419617,3.27806281,-1.64705975,-2.31024941,0.01010251,0.81471225,-0.00418712,-3.01351483,-1.70057566,-2.36861428,0.00801086,0.81778622,-0.00419617,0.00976562,0.05371094,0.10253906,-0.02929688,-0.01464844,0.00000000,1.03721619,2.65503273,2.65464783,0.00000000
4.01823449,1415,-3.00512250,-1.69485362,-2.31024941,0.01068115,0.81397152,-0.00419617,3.27806281,-1.64566909,-2.31024941,0.01042123,0.81447072,-0.00419320,-3.01351483,-1.69981272,-2.36785134,0.00801086,0.81740475,-0.00419617,0.00000000,0.06347656,0.06835938,-0.01464844,-0.01464844,0.00000000,1.03721619,2.65503042,2.65464783,-0.02441406
4.03115845,1420,-3.00512250,-1.69370921,-2.31024941,0.01106262,0.81397152,-0.00419617,3.27806281,-1.64436391,-2.31024941,0.01078214,0.81446188,-0.00419520,-3.01351483,-1.69904978,-2.36708840,0.00801086,0.81740475,-0.00419617,0.00000000,0.05371094,0.08300781,-0.01464844,0.01464844,-0.01464844,1.03721619,2.65502967,2.65464783,-0.02441406
4.04648709,1425,-3.00512250,-1.69218333,-2.31024941,0.01144409,0.81435299,-0.00419617,3.27806281,-1.64299042,-2.31024941,0.01115687,0.81446497,-0.00419585,-3.01351483,-1.69790538,-2.36594399,0.00801086,0.81740475,-0.00419617,0.00000000,0.05859375,0.06347656,0.00000000,-0.00000000,-0.01464844,1.03721619,2.65502942,2.65464783,0.00000000
4.06059599,1430,-3.00512250,-1.69180186,-2.31024941,0.01182556,0.81435299,-0.00419617,3.27806281,-1.64207247,-2.31024941,0.01153613,0.81461491,-0.00419606,-3.01351483,-1.69676097,-2.36479958,0.00801086,0.81702328,-0.00419617,0.00000000,0.08789062,0.08789062,0.00000000,-0.01464844,-0.01464844,1.03721619,2.65502934,2.65464783,-0.02441406
4.07577682,1435,-3.00512250,-1.69065745,-2.31024941,0.01220703,0.81435299,-0.00419617,3.27806281,-1.64109454,-2.31024941,0.01195594,0.81469529,-0.00419613,-3.01351483,-1.69523509,-2.36365517,0.00801086,0.81549740,-0.00419617,0.00488281,0.07812500,0.09277344,-0.01464844,-0.05859375,0.00000000,1.03759766,2.65518190,2.65464783,-0.04882812
4.09120417,1440,-3.00512250,-1.69065745,-2.31024941,0.01296997,0.81435299,-0.00419617,3.27806281,-1.64056267,-2.31024941,0.01242627,0.81472163,-0.00419616,-3.01313336,-1.69409068,-2.36251076,0.00801086,0.81511593,-0.00419617,0.00488281,0.07812500,0.07324219,0.00000000,-0.01464844,-0.01464844,1.03721619,2.65507930,2.65464783,-0.04882812
4.10529280,1445,-3.00512250,-1.69027598,-2.31024941,0.01411438,0.81435299,-0.00419617,3.27806281,-1.64025106,-2.31024941,0.01323065,0.81473026,-0.00419616,-3.01313336,-1.69332774,-2.36174782,0.00801086,0.81511593,-0.00419617,0.00976562,0.07812500,0.07812500,-0.02929688,0.01464844,-0.01464844,1.03721619,2.65504568,2.65464783,-0.02441406
4.11848927,1450,-3.00512250,-1.69027598,-2.31024941,0.01564026,0.81435299,-0.00457764,3.27806281,-1.64002981,-2.31024941,0.01448886,0.81473309,-0.00442139,-3.01275189,-1.69218333,-2.36060341,0.00801086,0.81549740,-0.00419617,0.00976562,0.06835938,0.05371094,-0.01464844,0.02929688,-0.01464844,1.03721619,2.65503467,2.65464783,-0.04882812
4.13278937,1455,-3.00512250,-1.69027598,-2.31024941,0.01754761,0.81511593,-0.00457764,3.27806281,-1.63995731,-2.31024941,0.01603458,0.81499646,-0.00452644,-3.01275189,-1.69103892,-2.35945900,0.00839233,0.81511593,-0.00419617,0.00488281,0.07324219,0.07324219,0.00000000,0.01464844,-0.01464844,1.03721619,2.65503106,2.65464783,-0.04882812
4.14670420,1460,-3.00512250,-1.69027598,-2.31024941,0.01907349,0.81587887,-0.00457764,3.27806281,-1.63993356,-2.31024941,0.01789606,0.81569580,-0.00456086,-3.01237042,-1.69027598,-2.35869606,0.00877380,0.81511593,-0.00419617,0.00488281,0.05859375,0.06835938,0.01464844,-0.00000000,-0.01464844,1.03721619,2.65502987,2.65464783,-0.02441406
4.16014910,1465,-3.00512250,-1.69027598,-2.31024941,0.01983643,0.81664181,-0.00457764,3.27806281,-1.63992577,-2.31024941,0.01913029,0.81643790,-0.00457214,-3.01237042,-1.68951304,-2.35793312,0.00915527,0.81511593,-0.00419617,0.00488281,0.06347656,0.07324219,0.01464844,0.01464844,-0.01464844,1.03721619,2.65502949,2.65464783,-0.02441406
4.17557502,1470,-3.00474103,-1.69027598,-2.31024941,0.02136230,0.81854916,-0.00457764,3.27828803,-1.63992322,-2.31024941,0.02041022,0.81789311,-0.00457584,-3.01237042,-1.68836863,-2.35678871,0.00991821,0.81511593,-0.00419617,0.00000000,0.06835938,0.06835938,0.02929688,0.01464844,-0.01464844,1.03759766,2.65530402,2.65464783,-0.04882812
4.18818736,1475,-3.00474103,-1.69027598,-2.31024941,0.02288818,0.82007504,-0.00457764,3.27839308,-1.63992238,-2.31024941,0.02185550,0.81939583,-0.00457705,-3.01237042,-1.68760569,-2.35602578,0.01106262,0.81511593,-0.00419617,0.00976562,0.05859375,0.08300781,0.07324219,0.04394531,-0.02929688,1.03721619,2.65518182,2.65464783,0.00000000
4.20310473,1480,-3.00435956,-1.69027598,-2.31024941,0.02479553,0.82121945,-0.00457764,3.27865272,-1.63992211,-2.31024941,0.02340001,0.82069672,-0.00457744,-3.01198895,-1.68646128,-2.35526284,0.01220703,0.81549740,-0.00419617,0.00976562,0.06835938,0.07324219,0.02929688,0.02929688,0.00000000,1.03721619,2.65517693,2.65464783,0.00000000
4.21811008,1485,-3.00435956,-1.69027598,-2.30986794,0.02708435,0.82236386,-0.00457764,3.27876905,-1.63992202,-2.31017311,0.02540588,0.82185334,-0.00457757,-3.01160748,-1.68569834,-2.35449990,0.01258850,0.81549740,-0.00419617,0.01953125,0.06347656,0.06347656,0.04394531,0.04394531,-0.04394531,1.03721619,2.65531595,2.65464783,0.00000000
4.23175788,1490,-3.00435956,-1.69027598,-2.30986794,0.02822876,0.82350827,-0.00457764,3.27880717,-1.63992199,-2.30996794,0.02715337,0.82301102,-0.00457762,-3.01160748,-1.68493540,-2.35335549,0.01373291,0.81587887,-0.00419617,0.00488281,0.05859375,0.06347656,0.07324219,0.01464844,-0.01464844,1.03721619,2.65518573,2.65464783,-0.04882812
4.24656749,1495,-3.00435956,-1.69027598,-2.30910500,0.02975464,0.82350827,-0.00457764,3.27881966,-1.63992198,-2.30950691,0.02875186,0.82360180,-0.00457763,-3.01160748,-1.68417247,-2.35297402,0.01487732,0.81549740,-0.00457764,0.00000000,0.04882812,0.05371094,0.08789062,-0.01464844,-0.01464844,1.03759766,2.65535521,2.65464783,0.00000000
4.26073575,1500,-3.00435956,-1.69027598,-2.30834206,0.03089905,0.82350827,-0.00457764,3.27882375,-1.63992198,-2.30887415,0.03000601,0.82379539,-0.00457763,-3.01160748,-1.68340953,-2.35182961,0.01564026,0.81549740,-0.00419617,0.00000000,0.04394531,0.06347656,0.02929688,0.01464844,-0.01464844,1.03721619,2.65543395,2.65464783,0.00000000
4.27510834,1505,-3.00435956,-1.69027598,-2.30681618,0.03280640,0.82350827,-0.00457764,3.27882509,-1.63992198,-2.30792120,0.03137802,0.82385882,-0.00457764,-3.01122601,-1.68302806,-2.35144814,0.01602173,0.81549740,-0.00419617,0.00488281,0.03906250,0.06347656,0.00000000,0.01464844,-0.01464844,1.03759766,2.65567483,2.65464783,0.00000000
4.29157782,1510,-3.00435956,-1.69027598,-2.30567177,0.03509521,0.82312680,-0.00534058,3.27882553,-1.63992198,-2.30669060,0.03329611,0.82365439,-0.00487915,-3.01122601,-1.68150218,-2.34992226,0.01678467,0.81587887,-0.00457764,0.00000000,0.05371094,0.06835938,0.04394531,0.01464844,-0.02929688,1.03759766,2.65575377,2.65464783,-0.04882812
4.30484867,1515,-3.00435956,-1.69027598,-2.30452736,0.03700256,0.82274533,-0.00572205,3.27882568,-1.63992198,-2.30542567,0.03539692,0.82347985,-0.00537553,-3.01122601,-1.68112071,-2.34915932,0.01792908,0.81626034,-0.00457764,0.00488281,0.03906250,0.04882812,0.07324219,0.02929688,-0.01464844,1.03759766,2.65577963,2.65464783,-0.02441406
4.32079864,1520,-3.00435956,-1.69027598,-2.30300148,0.03890991,0.82274533,-0.00648499,3.27882572,-1.63992198,-2.30401654,0.03753807,0.82324249,-0.00605113,-3.01084454,-1.68035777,-2.34801491,0.01907349,0.81702328,-0.00457764,0.00000000,0.05371094,0.06835938,0.08789062,0.05859375,-0.01464844,1.03759766,2.65578811,2.65464783,-0.02441406
4.33434963,1525,-3.00397809,-1.69027598,-2.30109413,0.04043579,0.82274533,-0.00801086,3.27905096,-1.63992198,-2.30236474,0.03912445,0.82316471,-0.00708696,-3.01084454,-1.67921336,-2.34763344,0.02098083,0.81816769,-0.00457764,0.00000000,0.06347656,0.04882812,0.11718750,0.11718750,0.00000000,1.03759766,2.65579088,2.65464783,-0.02441406
4.34768486,1530,-3.00359662,-1.69027598,-2.29918679,0.04348755,0.82274533,-0.01029968,3.27929334,-1.63992198,-2.30062902,0.04126537,0.82305133,-0.00863463,-3.01084454,-1.67883189,-2.34687050,0.02288818,0.82007504,-0.00457764,-0.00488281,0.04882812,0.05859375,0.13183594,0.11718750,-0.01464844,1.03759766,2.65579179,2.65464783,0.00000000
4.36347961,1535,-3.00359662,-1.69027598,-2.29689797,0.04615784,0.82198239,-0.01411438,3.27949191,-1.63992198,-2.29877192,0.04401317,0.82283962,-0.01135442,-3.01084454,-1.67768748,-2.34572609,0.02403259,0.82160092,-0.00457764,0.00976562,0.04394531,0.07812500,0.01464844,0.10253906,-0.02929688,1.03759766,2.65579209,2.65464783,0.00000000
4.37847948,1540,-3.00359662,-1.69027598,-2.29499062,0.04692078,0.82160092,-0.01640320,3.27955698,-1.63992198,-2.29652069,0.04589770,0.82244346,-0.01441874,-3.01046307,-1.67730601,-2.34496315,0.02555847,0.82198239,-0.00457764,0.00488281,0.02929688,0.08300781,0.10253906,0.05859375,-0.01464844,1.03759766,2.65579219,2.65464783,-0.04882812
4.39227223,1545,-3.00321515,-1.69027598,-2.29308327,0.04806519,0.82083798,-0.01869202,3.27971563,-1.63992198,-2.29457927,0.04705563,0.82187102,-0.01680298,-3.01046307,-1.67616160,-2.34381874,0.02708435,0.82236386,-0.00495911,0.00000000,0.05371094,0.06835938,0.07324219,0.04394531,-0.02929688,1.03759766,2.65579222,2.65464783,-0.07324219
4.40594721,1550,-3.00283368,-1.69027598,-2.29155739,0.05035400,0.81931210,-0.02174377,3.27996305,-1.63992198,-2.29291723,0.04877222,0.82072788,-0.01947341,-3.01046307,-1.67578013,-2.34267433,0.02784729,0.82236386,-0.00495911,0.00000000,0.05371094,0.09277344,0.07324219,0.01464844,-0.02929688,1.03759766,2.65579223,2.65464783,-0.02441406
4.42291284,1555,-3.00245221,-1.69027598,-2.29003151,0.05340576,0.81854916,-0.02708435,3.28044952,-1.63992198,-2.29122906,0.05148510,0.81969973,-0.02357575,-3.01008161,-1.67463572,-2.34191140,0.03089905,0.82236386,-0.00572205,0.01464844,0.04882812,0.04882812,0.11718750,-0.00000000,-0.04394531,1.03759766,2.65571411,2.65464783,-0.04882812
4.43666458,1560,-3.00168927,-1.69027598,-2.28850563,0.05455017,0.81778622,-0.03013611,3.28094169,-1.63992198,-2.28967978,0.05329532,0.81892020,-0.02745418,-3.00970014,-1.67425425,-2.34076699,0.03204346,0.82236386,-0.00686646,0.02929688,0.03417969,0.07324219,0.05859375,-0.00000000,-0.10253906,1.03759766,2.65598636,2.65464783,0.00000000
4.44996357,1565,-3.00054486,-1.69027598,-2.28736122,0.05569458,0.81587887,-0.03204346,3.28184551,-1.63992198,-2.28827136,0.05475800,0.81758163,-0.03020908,-3.00970014,-1.67349131,-2.34038552,0.03356934,0.82198239,-0.00801086,0.00000000,0.03906250,0.07324219,0.08789062,0.01464844,-0.14648438,1.03759766,2.65585585,2.65464783,0.00000000
4.46384573,1570,-2.99901898,-1.69027598,-2.28583535,0.05645752,0.81435299,-0.03166199,3.28303621,-1.63992198,-2.28700321,0.05572045,0.81611713,-0.03136607,-3.00970014,-1.67310984,-2.33924111,0.03433228,0.82198239,-0.00877380,0.00000000,0.03906250,0.07812500,0.02929688,-0.00000000,-0.05859375,1.03759766,2.65581308,2.65464783,0.00000000
4.47705626,1575,-2.99749310,-1.69027598,-2.28469094,0.05607605,0.81359006,-0.03166199,3.28449132,-1.63992198,-2.28577919,0.05595953,0.81488602,-0.03174520,-3.00931867,-1.67234690,-2.33809670,0.03547668,0.82160092,-0.00991821,0.00488281,0.02441406,0.07324219,0.05859375,-0.00000000,-0.10253906,1.03759766,2.65579907,2.65464783,0.00000000
4.49232984,1580,-2.99634869,-1.69027598,-2.28354653,0.05607605,0.81244565,-0.03166199,3.28578637,-1.63992198,-2.28442852,0.05603787,0.81383234,-0.03173808,-3.00931867,-1.67158396,-2.33733376,0.03700256,0.82160092,-0.01182556,0.00976562,0.04882812,0.08789062,0.10253906,0.01464844,-0.20507812,1.03759766,2.65579447,2.65464783,0.00000000
4.50714469,1585,-2.99482282,-1.69027598,-2.28240212,0.05683899,0.81206418,-0.03166199,3.28720975,-1.63992198,-2.28331662,0.05645734,0.81287025,-0.03168692,-3.00893720,-1.67120249,-2.33618935,0.03890991,0.82121945,-0.01449585,0.00976562,0.03906250,0.06347656,0.08789062,-0.02929688,-0.20507812,1.03759766,2.65579297,2.65464783,-0.02441406
4.52142262,1590,-2.99291547,-1.69027598,-2.28202065,0.05683899,0.81130124,-0.03166199,3.28891506,-1.63992198,-2.28251562,0.05671393,0.81214215,-0.03167016,-3.00893720,-1.67043956,-2.33466347,0.04043579,0.82083798,-0.01716614,0.00976562,0.04882812,0.08789062,0.11718750,-0.01464844,-0.23437500,1.03759766,2.65579248,2.65464783,0.00000000
4.53654027,1595,-2.99138959,-1.69027598,-2.28087624,0.05683899,0.81130124,-0.03166199,3.29057005,-1.63992198,-2.28166392,0.05679801,0.81183326,-0.03151574,-3.00855573,-1.66967662,-2.33428200,0.04196167,0.82045651,-0.01754761,0.00976562,0.03906250,0.05859375,0.08789062,-0.00000000,-0.04394531,1.03759766,2.65579232,2.65464783,-0.04882812
4.54719067,1600,-2.99024518,-1.69027598,-2.28011330,0.05722046,0.81130124,-0.03128052,3.29191301,-1.63992198,-2.28087190,0.05690186,0.81173204,-0.03142791,-3.00855573,-1.66929515,-2.33275612,0.04234314,0.82007504,-0.01831055,0.01464844,0.04394531,0.08300781,0.01464844,-0.05859375,-0.07324219,1.03759766,2.65579226,2.65464783,-0.02441406
4.56254005,1605,-2.98910077,-1.69027598,-2.28011330,0.05874634,0.81130124,-0.03128052,3.29312248,-1.63992198,-2.28036188,0.05768002,0.81162856,-0.03143868,-3.00779279,-1.66853221,-2.33199318,0.04310608,0.81816769,-0.01983643,0.04394531,0.03417969,0.07324219,0.01464844,-0.11718750,-0.10253906,1.03759766,2.65579224,2.65464783,-0.02441406
4.57713938,1610,-2.98795636,-1.69027598,-2.27973183,0.06141663,0.81130124,-0.03166199,3.29438831,-1.63992198,-2.27993828,0.05982112,0.81166496,-0.03152778,-3.00741132,-1.66815074,-2.33084877,0.04386902,0.81702328,-0.02021790,0.02441406,0.02929688,0.07812500,0.05859375,-0.07324219,-0.04394531,1.03759766,2.65571411,2.65502930,-0.02441406
4.59084773,1615,-2.98681195,-1.69027598,-2.27935036,0.06332397,0.81130124,-0.03128052,3.29562133,-1.63992198,-2.27954301,0.06195546,0.81167689,-0.03136154,-3.00702985,-1.66776927,-2.33008583,0.04463196,0.81511593,-0.02098083,0.02441406,0.01464844,0.07812500,0.05859375,-0.08789062,-0.08789062,1.03759766,2.65576664,2.65502930,-0.04882812
4.60533285,1620,-2.98604901,-1.69027598,-2.27896889,0.06408691,0.81168271,-0.03128052,3.29656956,-1.63992198,-2.27933719,0.06331817,0.81193727,-0.03130707,-3.00702985,-1.66738780,-2.32894142,0.04615784,0.81473446,-0.02365112,0.00976562,0.01953125,0.07812500,0.05859375,-0.01464844,-0.26367188,1.03759766,2.65578385,2.65464783,-0.02441406
4.62006259,1625,-2.98528607,-1.69027598,-2.27858742,0.06523132,0.81168271,-0.03089905,3.29728335,-1.63992198,-2.27895225,0.06441497,0.81202259,-0.03103275,-3.00664838,-1.66700633,-2.32817849,0.04844666,0.81435299,-0.02517700,0.00976562,0.03906250,0.06347656,0.14648438,0.02929688,-0.04394531,1.03759766,2.65569183,2.65464783,-0.04882812
4.63493824,1630,-2.98490460,-1.69027598,-2.27858742,0.06790161,0.81168271,-0.03089905,3.29783475,-1.63992198,-2.27870697,0.06604133,0.81205055,-0.03094286,-3.00626691,-1.66624339,-2.32703408,0.04997253,0.81435299,-0.02517700,0.02441406,0.04394531,0.07324219,0.08789062,0.01464844,-0.02929688,1.03759766,2.65575934,2.65502930,0.00000000
4.64797306,1635,-2.98452313,-1.69027598,-2.27820595,0.07057190,0.81168271,-0.03128052,3.29835979,-1.63992198,-2.27840137,0.06858488,0.81205971,-0.03109956,-3.00588544,-1.66586192,-2.32665261,0.05073547,0.81435299,-0.02555847,0.02929688,0.01953125,0.06835938,0.02929688,0.01464844,-0.01464844,1.03759766,2.65578146,2.65502930,-0.04882812
4.66085911,1640,-2.98452313,-1.69027598,-2.27820595,0.07209778,0.81168271,-0.03089905,3.29856309,-1.63992198,-2.27826999,0.07061611,0.81206271,-0.03114493,-3.00550397,-1.66548045,-2.32588967,0.05111694,0.81435299,-0.02555847,0.03417969,0.03906250,0.07812500,0.04394531,0.02929688,-0.04394531,1.03759766,2.65578870,2.65464783,-0.02441406
4.67596149,1645,-2.98452313,-1.69027598,-2.27820595,0.07247925,0.81168271,-0.03089905,3.29862971,-1.63992198,-2.27822693,0.07179842,0.81206370,-0.03097962,-3.00512250,-1.66471751,-2.32436379,0.05302429,0.81435299,-0.02632141,0.00000000,0.02929688,0.08300781,0.07324219,0.02929688,-0.02929688,1.03759766,2.65579108,2.65464783,-0.02441406
4.68835092,1650,-2.98452313,-1.69027598,-2.27820595,0.07286072,0.81168271,-0.03089905,3.29865153,-1.63992198,-2.27821283,0.07239348,0.81206402,-0.03092545,-3.00474103,-1.66433604,-2.32360085,0.05340576,0.81473446,-0.02632141,0.00976562,0.02929688,0.08789062,0.05859375,0.02929688,-0.02929688,1.03759766,2.65569420,2.65502930,0.00000000
4.70225549,1655,-2.98452313,-1.69027598,-2.27820595,0.07362366,0.81168271,-0.03089905,3.29865869,-1.63992198,-2.27815938,0.07305796,0.81206412,-0.03090770,-3.00435956,-1.66395457,-2.32283791,0.05531311,0.81435299,-0.02670288,0.02929688,0.01953125,0.06347656,0.11718750,0.01464844,-0.01464844,1.03759766,2.65555992,2.65502930,-0.02441406
4.71846247,1660,-2.98452313,-1.69027598,-2.27782448,0.07362366,0.81168271,-0.03089905,3.29866103,-1.63992198,-2.27793422,0.07343829,0.81206416,-0.03090188,-3.00397809,-1.66319163,-2.32169350,0.05760193,0.81435299,-0.02670288,0.00976562,0.02441406,0.05859375,0.14648438,-0.00000000,-0.01464844,1.03721619,2.65556352,2.65464783,-0.07324219
4.73170805,1665,-2.98452313,-1.69027598,-2.27782448,0.07324219,0.81130124,-0.03089905,3.29866180,-1.63992198,-2.27786044,0.07342559,0.81180770,-0.03089998,-3.00397809,-1.66319163,-2.32131203,0.05836487,0.81435299,-0.02708435,0.01953125,0.01464844,0.04882812,0.05859375,-0.00000000,-0.01464844,1.03759766,2.65571729,2.65502930,0.00000000
4.74638391,1670,-2.98452313,-1.69027598,-2.27782448,0.07324219,0.81130124,-0.03089905,3.29866205,-1.63992198,-2.27783626,0.07330228,0.81172366,-0.03089935,-3.00321515,-1.66281016,-2.32054909,0.05950928,0.81435299,-0.02708435,0.04882812,0.01953125,0.06347656,0.04394531,-0.00000000,-0.01464844,1.03721619,2.65561509,2.65464783,-0.04882812
4.76060987,1675,-2.98452313,-1.69027598,-2.27782448,0.07324219,0.81130124,-0.03089905,3.29866213,-1.63992198,-2.27782834,0.07315202,0.81169613,-0.03089915,-3.00283368,-1.66242869,-2.31978615,0.06065369,0.81397152,-0.02708435,0.01464844,0.02441406,0.06835938,0.05859375,-0.02929688,-0.02929688,1.03759766,2.65573419,2.65502930,0.00000000
4.77306509,1680,-2.98452313,-1.69027598,-2.27782448,0.07286072,0.81091977,-0.03089905,3.29866216,-1.63992198,-2.27782575,0.07310510,0.81143063,-0.03089908,-3.00245221,-1.66204722,-2.31864174,0.06103516,0.81359006,-0.02708435,0.02929688,0.01953125,0.07812500,0.01464844,-0.04394531,-0.02929688,1.03759766,2.65577322,2.65502930,-0.02441406
4.78790092,1685,-2.98490460,-1.69027598,-2.27782448,0.07286072,0.81091977,-0.03089905,3.29852484,-1.63992198,-2.27782490,0.07294080,0.81134364,-0.03089906,-3.00207074,-1.66128428,-2.31787880,0.06179810,0.81320859,-0.02746582,0.00976562,0.03906250,0.08300781,0.01464844,-0.00000000,-0.02929688,1.03759766,2.65568835,2.65502930,-0.02441406
4.80179620,1690,-2.98490460,-1.69027598,-2.27782448,0.07247925,0.81091977,-0.03089905,3.29840953,-1.63992198,-2.27782462,0.07270080,0.81131513,-0.03089905,-3.00207074,-1.66090281,-2.31673439,0.06217957,0.81320859,-0.02746582,0.01464844,0.02929688,0.08300781,0.02929688,0.02929688,-0.01464844,1.03759766,2.65575819,2.65502930,-0.02441406
4.81428051,1695,-2.98490460,-1.69027598,-2.27782448,0.07171631,0.81091977,-0.03089905,3.29832292,-1.63992198,-2.27782453,0.07218930,0.81130579,-0.03089905,-3.00168927,-1.66052134,-2.31597145,0.06294250,0.81320859,-0.02746582,0.02929688,0.03906250,0.06347656,0.05859375,0.01464844,-0.02929688,1.03759766,2.65578108,2.65464783,-0.04882812
4.82866859,1700,-2.98490460,-1.69027598,-2.27782448,0.07133484,0.81091977,-0.03089905,3.29829454,-1.63992198,-2.27782450,0.07168514,0.81130273,-0.03089905,-3.00092633,-1.66013987,-2.31558998,0.06408691,0.81320859,-0.02784729,0.02441406,0.01464844,0.04394531,0.07324219,0.01464844,-0.01464844,1.03759766,2.65566651,2.65502930,-0.02441406
4.84298229,1705,-2.98490460,-1.69027598,-2.27744301,0.07095337,0.81130124,-0.03089905,3.29828524,-1.63992198,-2.27756802,0.07122441,0.81141708,-0.03089905,-3.00092633,-1.65975840,-2.31482704,0.06523132,0.81320859,-0.02784729,0.01464844,0.02929688,0.04882812,0.04394531,0.01464844,-0.02929688,1.03721619,2.65559845,2.65464783,-0.04882812
4.85955358,1710,-2.98490460,-1.69027598,-2.27668007,0.07095337,0.81130124,-0.03128052,3.29828219,-1.63992198,-2.27722152,0.07104218,0.81156442,-0.03103638,-3.00054486,-1.65937693,-2.31406411,0.06561279,0.81282712,-0.02822876,0.00976562,0.00976562,0.04882812,0.00000000,-0.00000000,-0.02929688,1.03759766,2.65563108,2.65502930,0.00000000
4.87542486,1715,-2.98490460,-1.69027598,-2.27591713,0.07057190,0.81091977,-0.03128052,3.29828119,-1.63992198,-2.27659504,0.07072600,0.81141873,-0.03115169,-3.00016339,-1.65899546,-2.31368264,0.06561279,0.81244565,-0.02822876,0.00976562,0.01464844,0.04882812,0.00000000,-0.01464844,-0.02929688,1.03759766,2.65573943,2.65502930,-0.02441406
4.88901258,1720,-2.98490460,-1.69027598,-2.27477272,0.07019043,0.81053830,-0.03128052,3.29828086,-1.63992198,-2.27562035,0.07036593,0.81115358,-0.03123830,-3.00016339,-1.65861399,-2.31253823,0.06599426,0.81206418,-0.02861023,0.00488281,0.02441406,0.04882812,0.01464844,-0.01464844,-0.02929688,1.03721619,2.65550027,2.65502930,-0.02441406
4.90371084,1725,-2.98490460,-1.68989451,-2.27324684,0.06942749,0.80939389,-0.03128052,3.29828076,-1.63973582,-2.27439422,0.06991517,0.81041643,-0.03126668,-2.99978192,-1.65823252,-2.31177529,0.06675720,0.81130124,-0.02899170,0.02441406,0.01464844,0.04882812,0.02929688,-0.04394531,-0.04394531,1.03721619,2.65542191,2.65502930,0.00000000
4.91877246,1730,-2.98490460,-1.68989451,-2.27210244,0.06942749,0.80824948,-0.03128052,3.29828072,-1.63960451,-2.27313515,0.06958729,0.80949775,-0.03127598,-2.99940045,-1.65785105,-2.31101235,0.06752014,0.81091977,-0.02975464,0.00488281,0.03417969,0.06347656,0.01464844,-0.00000000,-0.05859375,1.03759766,2.65545116,2.65502930,-0.02441406
4.93103528,1735,-2.98490460,-1.68989451,-2.27095803,0.06904602,0.80748654,-0.03128052,3.29828071,-1.63956148,-2.27199223,0.06922339,0.80854267,-0.03127903,-2.99940045,-1.65746958,-2.31063088,0.06752014,0.81091977,-0.03051758,0.01464844,0.02441406,0.06835938,-0.01464844,0.04394531,-0.10253906,1.03721619,2.65528960,2.65502930,-0.02441406
4.94522452,1740,-2.98490460,-1.68989451,-2.26943215,0.06904602,0.80596066,-0.03128052,3.29828071,-1.63954738,-2.27049174,0.06910414,0.80720383,-0.03128003,-2.99901898,-1.65708811,-2.30986794,0.06790161,0.81130124,-0.03089905,0.02441406,0.02929688,0.05371094,-0.01464844,0.01464844,-0.01464844,1.03759766,2.65532968,2.65502930,-0.02441406
4.95878863,1745,-2.98490460,-1.68989451,-2.26790627,0.06866455,0.80367184,-0.03128052,3.29828070,-1.63954276,-2.26902301,0.06887891,0.80539427,-0.03128036,-2.99863751,-1.65670665,-2.30910500,0.06752014,0.81130124,-0.03089905,0.01464844,0.01464844,0.04882812,-0.01464844,0.01464844,-0.02929688,1.03759766,2.65548051,2.65502930,-0.02441406
4.97305226,1750,-2.98490460,-1.68989451,-2.26638039,0.06866455,0.80138302,-0.03128052,3.29828070,-1.63954125,-2.26751585,0.06876604,0.80332499,-0.03128047,-2.99863751,-1.65670665,-2.30834206,0.06752014,0.81091977,-0.03089905,0.00488281,0.00488281,0.05371094,-0.02929688,-0.00000000,0.00000000,1.03759766,2.65561196,2.65502930,-0.02441406
4.98921943,1755,-2.98490460,-1.68989451,-2.26409157,0.06904602,0.79642392,-0.03128052,3.29828070,-1.63954075,-2.26569460,0.06881316,0.79994271,-0.03128050,-2.99825604,-1.65632518,-2.30757912,0.06790161,0.81091977,-0.03089905,0.00976562,0.00488281,0.05859375,-0.01464844,0.01464844,0.00000000,1.03721619,2.65540480,2.65502930,-0.02441406
5.00319576,1760,-2.98490460,-1.68989451,-2.26256569,0.06904602,0.79260922,-0.03128052,3.29828070,-1.63954059,-2.26395279,0.06896972,0.79621160,-0.03128051,-2.99787457,-1.65632518,-2.30681618,0.06790161,0.81053830,-0.03089905,0.00976562,0.00976562,0.05371094,-0.02929688,-0.01464844,0.00000000,1.03759766,2.65556762,2.65502930,-0.04882812
5.01705980,1765,-2.98490460,-1.68989451,-2.26103981,0.06904602,0.78841305,-0.03128052,3.29828070,-1.63954053,-2.26227608,0.06898977,0.79224595,-0.03128052,-2.99787457,-1.65594371,-2.30605324,0.06790161,0.80863095,-0.03089905,0.01464844,0.01953125,0.04882812,0.00000000,-0.11718750,0.00000000,1.03759766,2.65548035,2.65502930,-0.02441406
5.03191471,1770,-2.98490460,-1.68989451,-2.25951393,0.06904602,0.78383542,-0.03128052,3.29828070,-1.63954052,-2.26074960,0.06902759,0.78798994,-0.03128052,-2.99749310,-1.65556224,-2.30490883,0.06790161,0.80634213,-0.03089905,0.00488281,0.01953125,0.08300781,-0.02929688,-0.13183594,0.01464844,1.03721619,2.65543979,2.65502930,0.00000000
5.04587030,1775,-2.98490460,-1.68989451,-2.25836953,0.06904602,0.78040219,-0.03128052,3.29828070,-1.63954051,-2.25943117,0.06903998,0.78383691,-0.03128052,-2.99749310,-1.65518077,-2.30414589,0.06790161,0.80443478,-0.03089905,0.00488281,0.03417969,0.05859375,-0.01464844,-0.13183594,-0.02929688,1.03721619,2.65526147,2.65502930,-0.02441406
5.06169653,1780,-2.98490460,-1.68951304,-2.25798806,0.06904602,0.77658749,-0.03128052,3.29828070,-1.63946421,-2.25849218,0.06904404,0.77998215,-0.03128052,-2.99711163,-1.65479930,-2.30300148,0.06790161,0.80252743,-0.03089905,0.01464844,0.01464844,0.07324219,-0.02929688,-0.08789062,0.00000000,1.03721619,2.65518350,2.65502930,-0.02441406
5.07530451,1785,-2.98490460,-1.68951304,-2.25798806,0.06904602,0.77391720,-0.03128052,3.29828070,-1.63925904,-2.25815325,0.06904537,0.77659316,-0.03128052,-2.99673016,-1.65441783,-2.30223854,0.06790161,0.80138302,-0.03089905,0.02929688,0.01953125,0.04882812,0.00000000,-0.07324219,-0.01464844,1.03721619,2.65507983,2.65502930,0.00000000
5.08879352,1790,-2.98490460,-1.68951304,-2.25798806,0.06942749,0.77239132,-0.03128052,3.29828070,-1.63919181,-2.25804219,0.06927103,0.77433325,-0.03131958,-2.99634869,-1.65403636,-2.30147560,0.06790161,0.80062008,-0.03089905,0.00976562,0.00488281,0.06835938,-0.01464844,-0.05859375,-0.01464844,1.03721619,2.65504585,2.65502930,-0.02441406
5.10124779,1795,-2.98490460,-1.68951304,-2.25798806,0.06942749,0.77048398,-0.03128052,3.29828070,-1.63916978,-2.25800579,0.06931519,0.77240265,-0.03129332,-2.99634869,-1.65403636,-2.30071266,0.06790161,0.79985714,-0.03128052,0.00976562,0.00488281,0.05859375,0.00000000,-0.04394531,-0.01464844,1.03721619,2.65503472,2.65502930,0.00000000
5.11386323,1800,-2.98490460,-1.68951304,-2.25798806,0.06904602,0.76857663,-0.03166199,3.29828070,-1.63916256,-2.25799387,0.06924408,0.77048769,-0.03136101,-2.99596723,-1.65403636,-2.29994973,0.06790161,0.79947568,-0.03128052,0.01464844,0.00000000,0.06835938,-0.01464844,-0.02929688,-0.01464844,1.03721619,2.65503107,2.65502930,0.00000000
5.12793899,1805,-2.98490460,-1.68951304,-2.25798806,0.06942749,0.76590634,-0.03128052,3.29828070,-1.63916019,-2.25798996,0.06928731,0.76806490,-0.03136793,-2.99596723,-1.65403636,-2.29918679,0.06828308,0.79794980,-0.03128052,0.01464844,0.00488281,0.06835938,-0.01464844,-0.10253906,-0.01464844,1.03721619,2.65490781,2.65502930,-0.04882812
5.14234638,1810,-2.98490460,-1.68951304,-2.25798806,0.06942749,0.76399899,-0.03128052,3.29828070,-1.63915942,-2.25798868,0.06938156,0.76595741,-0.03134822,-2.99558576,-1.65365489,-2.29842385,0.06790161,0.79604245,-0.03128052,0.00000000,0.02441406,0.07324219,-0.02929688,-0.08789062,-0.02929688,1.03721619,2.65486742,2.65502930,-0.04882812
5.15868425,1815,-2.98490460,-1.68951304,-2.25798806,0.06904602,0.76209164,-0.03166199,3.29828070,-1.63915916,-2.25798826,0.06924825,0.76401572,-0.03142783,-2.99558576,-1.65289195,-2.29727944,0.06828308,0.79413510,-0.03128052,0.00000000,0.02441406,0.06835938,-0.02929688,-0.13183594,-0.01464844,1.03683472,2.65466351,2.65502930,-0.04882812
5.17360711,1820,-2.98490460,-1.68951304,-2.25798806,0.06904602,0.76018429,-0.03128052,3.29828070,-1.63915908,-2.25798812,0.06914354,0.76200484,-0.03137762,-2.99558576,-1.65289195,-2.29651650,0.06828308,0.79108334,-0.03128052,0.00976562,0.01464844,0.07324219,-0.01464844,-0.16113281,0.00000000,1.03683472,2.65475685,2.65502930,-0.04882812
5.18787909,1825,-2.98490460,-1.68913157,-2.25798806,0.06904602,0.75865841,-0.03128052,3.29828070,-1.63893383,-2.25798808,0.06915805,0.76018332,-0.03146126,-2.99520429,-1.65251048,-2.29575356,0.06828308,0.78803158,-0.03128052,0.00976562,0.01464844,0.06835938,0.00000000,-0.20507812,-0.02929688,1.03721619,2.65464217,2.65502930,-0.02441406
5.20292592,1830,-2.98490460,-1.68913157,-2.25798806,0.06904602,0.75675107,-0.03166199,3.29828070,-1.63882877,-2.25798806,0.06908273,0.75864296,-0.03159621,-2.99482282,-1.65212901,-2.29499062,0.06828308,0.78497983,-0.03128052,0.01953125,0.01464844,0.03417969,-0.02929688,-0.17578125,-0.01464844,1.03683472,2.65457407,2.65502930,-0.02441406
5.21665311,1835,-2.98490460,-1.68913157,-2.25798806,0.06904602,0.75598813,-0.03128052,3.29828070,-1.63879435,-2.25798806,0.06905805,0.75726492,-0.03150311,-2.99482282,-1.65212901,-2.29460915,0.06790161,0.78383542,-0.03128052,0.00976562,0.00976562,0.04394531,-0.02929688,-0.10253906,-0.02929688,1.03683472,2.65446485,2.65502930,-0.02441406
5.23094726,1840,-2.98490460,-1.68875010,-2.25798806,0.06904602,0.75446225,-0.03128052,3.29828070,-1.63855785,-2.25798806,0.06904996,0.75591884,-0.03144574,-2.99444135,-1.65212901,-2.29384621,0.06828308,0.78078366,-0.03128052,0.01464844,0.00488281,0.04882812,-0.01464844,-0.23437500,-0.01464844,1.03683472,2.65449155,2.65502930,-0.04882812
5.24651098,1845,-2.98490460,-1.68875010,-2.25798806,0.06904602,0.75331784,-0.03166199,3.29828070,-1.63844910,-2.25798806,0.06904731,0.75461606,-0.03148126,-2.99405988,-1.65174754,-2.29308327,0.06828308,0.77658749,-0.03128052,0.02441406,0.00488281,0.04882812,-0.01464844,-0.20507812,-0.01464844,1.03683472,2.65434015,2.65502930,-0.02441406
5.26161766,1850,-2.98490460,-1.68875010,-2.25798806,0.06904602,0.75179196,-0.03128052,3.29828070,-1.63841347,-2.25798806,0.06904644,0.75330440,-0.03144640,-2.99405988,-1.65136607,-2.29232033,0.06828308,0.77429867,-0.03128052,-0.00488281,0.02441406,0.04394531,-0.01464844,-0.11718750,-0.01464844,1.03683472,2.65429054,2.65502930,-0.02441406
5.27349806,1855,-2.98490460,-1.68875010,-2.25798806,0.06904602,0.75102902,-0.03128052,3.29828070,-1.63840179,-2.25798806,0.06904616,0.75224251,-0.03136612,-2.99405988,-1.65098460,-2.29155739,0.06828308,0.77315426,-0.03128052,0.00000000,0.01953125,0.05371094,-0.02929688,-0.05859375,-0.01464844,1.03683472,2.65427428,2.65502930,0.00000000
5.28718519,1860,-2.98490460,-1.68875010,-2.25798806,0.06904602,0.74988461,-0.03128052,3.29828070,-1.63839796,-2.25798806,0.06904607,0.75116421,-0.03141843,-2.99367841,-1.65098460,-2.29117592,0.06828308,0.77200985,-0.03128052,0.00000000,0.01464844,0.04882812,-0.02929688,-0.04394531,-0.02929688,1.03683472,2.65426895,2.65464783,-0.07324219
5.30188394,1865,-2.98490460,-1.68875010,-2.25798806,0.06904602,0.74835873,-0.03128052,3.29828070,-1.63839671,-2.25798806,0.06904604,0.74984309,-0.03132571,-2.99367841,-1.65060313,-2.29041298,0.06828308,0.77162839,-0.03128052,0.00488281,0.00976562,0.06347656,-0.01464844,-0.02929688,-0.02929688,1.03683472,2.65426721,2.65502930,-0.02441406
5.31496501,1870,-2.98490460,-1.68875010,-2.25798806,0.06904602,0.74645138,-0.03128052,3.29828070,-1.63839630,-2.25798806,0.06904603,0.74828116,-0.03129533,-2.99367841,-1.65022166,-2.28965004,0.06828308,0.77162839,-0.03128052,0.00488281,0.01464844,0.04882812,-0.01464844,-0.02929688,-0.01464844,1.03683472,2.65426664,2.65502930,-0.02441406
5.32949638,1875,-2.98490460,-1.68875010,-2.25798806,0.06904602,0.74454403,-0.03128052,3.29828070,-1.63839616,-2.25798806,0.06904602,0.74654511,-0.03128537,-2.99367841,-1.65022166,-2.28926857,0.06828308,0.77124692,-0.03128052,0.00488281,0.00976562,0.03906250,0.00000000,-0.00000000,-0.01464844,1.03683472,2.65426645,2.65502930,0.02441406
5.34435248,1880,-2.98490460,-1.68875010,-2.25798806,0.06904602,0.74339963,-0.03128052,3.29828070,-1.63839612,-2.25798806,0.06904602,0.74487626,-0.03128211,-2.99329694,-1.65022166,-2.28850563,0.06828308,0.77010251,-0.03128052,0.00976562,0.00488281,0.04882812,-0.01464844,-0.08789062,-0.01464844,1.03683472,2.65426639,2.65502930,-0.02441406
5.36005902,1885,-2.98490460,-1.68875010,-2.25798806,0.06904602,0.74187375,-0.03128052,3.29828070,-1.63839611,-2.25798806,0.06904602,0.74339582,-0.03128104,-2.99291547,-1.64984019,-2.28774269,0.06828308,0.76895810,-0.03128052,0.00976562,0.00488281,0.05371094,0.00000000,-0.07324219,-0.02929688,1.03683472,2.65426637,2.65502930,-0.04882812
5.37512469,1890,-2.98490460,-1.68875010,-2.25798806,0.06904602,0.74072934,-0.03128052,3.29828070,-1.63839610,-2.25798806,0.06904602,0.74219013,-0.03128069,-2.99291547,-1.64984019,-2.28736122,0.06828308,0.76628781,-0.03166199,0.00976562,0.00976562,0.03417969,-0.01464844,-0.14648438,-0.01464844,1.03683472,2.65426636,2.65502930,0.00000000
5.38900280,1895,-2.98490460,-1.68875010,-2.25798806,0.06904602,0.74034787,-0.03128052,3.29828070,-1.63839610,-2.25798806,0.06904602,0.74123926,-0.03128057,-2.99291547,-1.64945872,-2.28697975,0.06828308,0.76399899,-0.03128052,0.00488281,0.01953125,0.04882812,-0.01464844,-0.17578125,0.00000000,1.03683472,2.65426636,2.65502930,-0.02441406
5.40459156,1900,-2.98490460,-1.68875010,-2.25798806,0.06904602,0.73996640,-0.03128052,3.29828070,-1.63839610,-2.25798806,0.06904602,0.74067121,-0.03128054,-2.99253400,-1.64907725,-2.28621682,0.06828308,0.76056576,-0.03128052,0.01953125,0.00976562,0.05371094,-0.01464844,-0.14648438,0.00000000,1.03683472,2.65418823,2.65502930,-0.04882812
5.41617250,1905,-2.98490460,-1.68875010,-2.25798806,0.06904602,0.73996640,-0.03128052,3.29828070,-1.63839610,-2.25798806,0.06904602,0.74045382,-0.03128052,-2.99215253,-1.64907725,-2.28583535,0.06828308,0.75827694,-0.03128052,0.02441406,0.01464844,0.03417969,-0.01464844,-0.17578125,-0.01464844,1.03683472,2.65417826,2.65502930,0.00000000
5.43080831,1910,-2.98490460,-1.68875010,-2.25798806,0.06904602,0.73996640,-0.03128052,3.29828070,-1.63839610,-2.25798806,0.06904602,0.74038259,-0.03128052,-2.99215253,-1.64869578,-2.28507241,0.06828308,0.75560666,-0.03128052,0.00000000,0.01953125,0.04882812,-0.01464844,-0.17578125,-0.02929688,1.03683472,2.65423749,2.65502930,-0.02441406
5.44551182,1915,-2.98490460,-1.68875010,-2.25798806,0.06904602,0.73996640,-0.03128052,3.29828070,-1.63839610,-2.25798806,0.06904602,0.74035924,-0.03128052,-2.99215253,-1.64831431,-2.28430947,0.06828308,0.75331784,-0.03166199,-0.00488281,0.00976562,0.05859375,-0.01464844,-0.11718750,-0.02929688,1.03683472,2.65417877,2.65502930,-0.07324219
5.45942926,1920,-2.98490460,-1.68875010,-2.25798806,0.06904602,0.73996640,-0.03128052,3.29828070,-1.63839610,-2.25798806,0.06904602,0.74035160,-0.03123169,-2.99177106,-1.64831431,-2.28392800,0.06828308,0.75179196,-0.03128052,0.00000000,0.00000000,0.03417969,-0.01464844,-0.11718750,-0.01464844,1.03645325,2.65392491,2.65502930,-0.02441406
5.47369623,1925,-2.98490460,-1.68875010,-2.25798806,0.06942749,0.73996640,-0.03089905,3.29828070,-1.63839610,-2.25798806,0.06912231,0.74034909,-0.03118822,-2.99177106,-1.64831431,-2.28354653,0.06828308,0.75179196,-0.03166199,-0.00488281,0.00488281,0.04394531,-0.01464844,0.01464844,-0.01464844,1.03645325,2.65371966,2.65502930,-0.02441406
5.48973322,1930,-2.98490460,-1.68875010,-2.25798806,0.06942749,0.73996640,-0.03128052,3.29828070,-1.63839610,-2.25798806,0.06932749,0.74034827,-0.03125027,-2.99177106,-1.64831431,-2.28316506,0.06828308,0.75179196,-0.03166199,0.00000000,0.00488281,0.02929688,-0.02929688,0.01464844,-0.01464844,1.03645325,2.65365240,2.65502930,0.00000000
5.50365353,1935,-2.98490460,-1.68875010,-2.25798806,0.06980896,0.73996640,-0.03128052,3.29828070,-1.63839610,-2.25798806,0.06961994,0.74034800,-0.03127061,-2.99177106,-1.64831431,-2.28240212,0.06828308,0.75179196,-0.03128052,0.00000000,0.00000000,0.04882812,0.00000000,0.01464844,0.00000000,1.03645325,2.65355224,2.65502930,-0.04882812
5.51828814,1940,-2.98490460,-1.68875010,-2.25798806,0.07019043,0.73996640,-0.03128052,3.29828070,-1.63839610,-2.25798806,0.06993318,0.74034791,-0.03127727,-2.99177106,-1.64793284,-2.28202065,0.06828308,0.75141049,-0.03166199,0.00488281,0.00000000,0.03417969,-0.01464844,0.01464844,0.00000000,1.03645325,2.65345691,2.65502930,-0.04882812
5.53322029,1945,-2.98490460,-1.68875010,-2.25798806,0.07057190,0.73958493,-0.03089905,3.29828070,-1.63839610,-2.25798806,0.07018243,0.74016172,-0.03109330,-2.99138959,-1.64793284,-2.28163918,0.06828308,0.75179196,-0.03166199,0.00976562,0.00488281,0.03906250,-0.01464844,0.01464844,-0.01464844,1.03645325,2.65324990,2.65502930,-0.02441406
5.54639459,1950,-2.98490460,-1.68875010,-2.25798806,0.07057190,0.73958493,-0.03089905,3.29828070,-1.63839610,-2.25798806,0.07044428,0.74003040,-0.03108184,-2.99138959,-1.64793284,-2.28125771,0.06828308,0.75141049,-0.03166199,0.00488281,0.00488281,0.03417969,-0.02929688,-0.02929688,-0.02929688,1.03645325,2.65335784,2.65502930,-0.02441406
5.56275868,1955,-2.98490460,-1.68875010,-2.25798806,0.07057190,0.73920346,-0.03089905,3.29828070,-1.63839610,-2.25798806,0.07053008,0.73973090,-0.03113912,-2.99138959,-1.64755137,-2.28049477,0.06828308,0.74988461,-0.03128052,0.00488281,0.00488281,0.04394531,0.00000000,-0.07324219,-0.01464844,1.03645325,2.65309536,2.65502930,-0.02441406
5.57833958,1960,-2.98490460,-1.68875010,-2.25798806,0.07057190,0.73882199,-0.03089905,3.29828070,-1.63839610,-2.25798806,0.07055820,0.73949543,-0.03104803,-2.99100812,-1.64755137,-2.28011330,0.06866455,0.74950314,-0.03166199,0.00000000,0.01464844,0.02441406,-0.01464844,-0.05859375,-0.01464844,1.03607178,2.65293489,2.65502930,-0.02441406
5.59093261,1965,-2.98490460,-1.68875010,-2.25798806,0.07057190,0.73844052,-0.03128052,3.29828070,-1.63839610,-2.25798806,0.07056741,0.73911297,-0.03116527,-2.99100812,-1.64716990,-2.27973183,0.06866455,0.74835873,-0.03128052,0.00488281,0.00488281,0.04394531,-0.01464844,-0.02929688,0.00000000,1.03645325,2.65315697,2.65502930,-0.02441406
5.60653019,1970,-2.98490460,-1.68875010,-2.25798806,0.07057190,0.73729611,-0.03089905,3.29828070,-1.63839610,-2.25798806,0.07057043,0.73847850,-0.03103511,-2.99100812,-1.64716990,-2.27935036,0.06866455,0.74721432,-0.03166199,0.00000000,0.00488281,0.02929688,-0.01464844,-0.05859375,0.00000000,1.03607178,2.65303711,2.65502930,0.00000000
5.62544107,1975,-2.98490460,-1.68875010,-2.25798806,0.07057190,0.73653317,-0.03089905,3.29828070,-1.63839610,-2.25798806,0.07057142,0.73749740,-0.03094363,-2.99062665,-1.64678843,-2.27858742,0.06866455,0.74645138,-0.03166199,0.00000000,0.00000000,0.03906250,0.00000000,-0.02929688,-0.01464844,1.03607178,2.65307596,2.65502930,0.00000000
5.63932610,1980,-2.98490460,-1.68875010,-2.25798806,0.07057190,0.73653317,-0.03089905,3.29828070,-1.63839610,-2.25798806,0.07057174,0.73710560,-0.03091366,-2.99062665,-1.64678843,-2.27820595,0.06904602,0.74568844,-0.03166199,0.00488281,0.00488281,0.02441406,0.00000000,-0.01464844,-0.02929688,1.03645325,2.65300300,2.65502930,-0.04882812
5.65300059,1985,-2.98490460,-1.68875010,-2.25798806,0.07057190,0.73653317,-0.03089905,3.29828070,-1.63839610,-2.25798806,0.07057185,0.73697721,-0.03090384,-2.99062665,-1.64678843,-2.27820595,0.06904602,0.74568844,-0.03166199,0.00976562,0.00976562,0.02441406,-0.01464844,-0.00000000,-0.01464844,1.03607178,2.65296713,2.65502930,-0.04882812
5.66832447,1990,-2.98490460,-1.68875010,-2.25798806,0.07057190,0.73653317,-0.03089905,3.29828070,-1.63839610,-2.25798806,0.07057188,0.73693514,-0.03090062,-2.99024518,-1.64640696,-2.27744301,0.06866455,0.74530697,-0.03166199,0.01464844,0.00000000,0.04394531,0.00000000,-0.01464844,-0.01464844,1.03607178,2.65289287,2.65502930,0.00000000
5.68284988,1995,-2.98490460,-1.68875010,-2.25798806,0.07057190,0.73653317,-0.03089905,3.29828070,-1.63839610,-2.25798806,0.07057189,0.73687253,-0.03089956,-2.99024518,-1.64640696,-2.27706154,0.06904602,0.74454403,-0.03166199,0.00000000,0.00488281,0.04882812,0.00000000,-0.01464844,-0.02929688,1.03607178,2.65288807,2.65502930,-0.02441406
5.69782948,2000,-2.98490460,-1.68875010,-2.25798806,0.07057190,0.73653317,-0.03089905,3.29828070,-1.63839610,-2.25798806,0.07057190,0.73681295,-0.03101836,-2.98986371,-1.64640696,-2.27668007,0.06904602,0.74454403,-0.03166199,0.00000000,0.00488281,0.02441406,-0.01464844,0.01464844,-0.01464844,1.03645325,2.65316116,2.65464783,-0.02441406
5.71062636,2005,-2.98490460,-1.68875010,-2.25798806,0.07057190,0.73653317,-0.03128052,3.29828070,-1.63839610,-2.25798806,0.07057190,0.73678122,-0.03113358,-2.98986371,-1.64602549,-2.27629860,0.06904602,0.74454403,-0.03166199,0.00000000,0.00976562,0.01464844,-0.01464844,0.01464844,-0.01464844,1.03607178,2.65287833,2.65502930,-0.02441406
5.72515249,2010,-2.98490460,-1.68836863,-2.25760659,0.07057190,0.73653317,-0.03089905,3.29828070,-1.63821971,-2.25780190,0.07057190,0.73687092,-0.03109504,-2.98986371,-1.64602549,-2.27629860,0.06904602,0.74454403,-0.03166199,0.00000000,0.00976562,0.01953125,0.01464844,-0.00000000,-0.01464844,1.03645325,2.65300074,2.65502930,-0.04882812
5.73787260,2015,-2.98490460,-1.68836863,-2.25760659,0.07057190,0.73653317,-0.03128052,3.29828070,-1.63808183,-2.25767059,0.07057190,0.73690031,-0.03115870,-2.98986371,-1.64564402,-2.27591713,0.06942749,0.74416256,-0.03128052,-0.00488281,0.00976562,0.02929688,0.00000000,-0.01464844,0.00000000,1.03645325,2.65297835,2.65502930,-0.04882812
5.75128722,2020,-2.98490460,-1.68798716,-2.25760659,0.07057190,0.73653317,-0.03089905,3.29828070,-1.63789932,-2.25762756,0.07057190,0.73690995,-0.03098413,-2.98986371,-1.64564402,-2.27553566,0.06904602,0.74339963,-0.03166199,-0.00488281,0.00000000,0.02441406,-0.02929688,-0.02929688,-0.01464844,1.03607178,2.65294049,2.65502930,-0.04882812
5.76507807,2025,-2.98490460,-1.68684275,-2.25684365,0.07057190,0.73653317,-0.03089905,3.29828070,-1.63728153,-2.25731194,0.07057190,0.73691310,-0.03096599,-2.98986371,-1.64564402,-2.27515419,0.06942749,0.74301816,-0.03166199,0.00000000,0.00488281,0.02441406,-0.01464844,-0.00000000,-0.01464844,1.03645325,2.65314318,2.65464783,-0.07324219
5.77975154,2030,-2.98490460,-1.68646128,-2.25608071,0.07019043,0.73615170,-0.03128052,3.29828070,-1.63656237,-2.25673465,0.07034668,0.73683784,-0.03110714,-2.98986371,-1.64526255,-2.27477272,0.06942749,0.74301816,-0.03166199,0.00000000,0.00488281,0.02929688,0.01464844,-0.00000000,0.00000000,1.03607178,2.65295056,2.65502930,-0.02441406
5.79751396,2035,-2.98490460,-1.68531687,-2.25493630,0.06980896,0.73577023,-0.03128052,3.29828070,-1.63576873,-2.25577607,0.07005547,0.73640779,-0.03122371,-2.98948224,-1.64526255,-2.27439125,0.06942749,0.74263669,-0.03166199,0.00488281,0.00488281,0.02441406,-0.01464844,-0.01464844,-0.01464844,1.03645325,2.65308398,2.65502930,-0.04882812
5.80996156,2040,-2.98490460,-1.68379100,-2.25379189,0.06980896,0.73462582,-0.03128052,3.29828070,-1.63453162,-2.25472380,0.06988974,0.73571669,-0.03126190,-2.98948224,-1.64526255,-2.27400978,0.06942749,0.74225522,-0.03128052,0.00488281,0.00488281,0.03417969,0.00000000,0.01464844,0.00000000,1.03645325,2.65316578,2.65502930,-0.02441406
5.82388783,2045,-2.98490460,-1.68188365,-2.25264748,0.06942749,0.73348141,-0.03128052,3.29828070,-1.63291421,-2.25357834,0.06957896,0.73465979,-0.03127442,-2.98948224,-1.64526255,-2.27362831,0.06942749,0.74225522,-0.03166199,0.00000000,0.00488281,0.02441406,0.00000000,-0.02929688,0.00000000,1.03645325,2.65313009,2.65502930,-0.02441406
5.83612204,2050,-2.98490460,-1.68073924,-2.25112160,0.06942749,0.73233700,-0.03128052,3.29828070,-1.63149567,-2.25232750,0.06947712,0.73357531,-0.03127852,-2.98948224,-1.64488108,-2.27324684,0.06980896,0.74149228,-0.03166199,0.00000000,0.01464844,0.03906250,0.00000000,-0.05859375,-0.02929688,1.03645325,2.65338108,2.65502930,-0.04882812
5.84928036,2055,-2.98490460,-1.67845042,-2.24959572,0.06942749,0.73004818,-0.03128052,3.29828070,-1.62973030,-2.25086050,0.06944375,0.73204148,-0.03127986,-2.98910077,-1.64449961,-2.27286537,0.06980896,0.74034787,-0.03128052,0.00000000,0.01464844,0.03906250,-0.01464844,-0.05859375,-0.01464844,1.03645325,2.65338521,2.65464783,-0.04882812
5.86223245,2060,-2.98490460,-1.67616160,-2.24806984,0.06942749,0.72737790,-0.03128052,3.29828070,-1.62752512,-2.24931485,0.06943282,0.72971380,-0.03128030,-2.98910077,-1.64411814,-2.27286537,0.06942749,0.73958493,-0.03166199,-0.00488281,0.02441406,0.02929688,-0.01464844,-0.04394531,-0.01464844,1.03645325,2.65346468,2.65502930,-0.02441406
5.87779713,2065,-2.98490460,-1.67349131,-2.24616249,0.06942749,0.72394467,-0.03128052,3.29828070,-1.62518741,-2.24762759,0.06942924,0.72679323,-0.03128045,-2.98910077,-1.64373667,-2.27248391,0.06942749,0.73844052,-0.03128052,-0.00488281,0.02929688,0.03417969,-0.01464844,-0.07324219,0.00000000,1.03645325,2.65355323,2.65502930,-0.02441406
5.89124465,2070,-2.98490460,-1.67120249,-2.24501808,0.06942749,0.72089291,-0.03128052,3.29828070,-1.62282935,-2.24606262,0.06942806,0.72385330,-0.03128049,-2.98910077,-1.64335520,-2.27172097,0.06942749,0.73691464,-0.03166199,0.00000000,0.00976562,0.03906250,-0.01464844,-0.10253906,-0.01464844,1.03645325,2.65361740,2.65502930,-0.04882812
5.90643644,2075,-2.98490460,-1.66776927,-2.24349221,0.06980896,0.71707821,-0.03128052,3.29828070,-1.61992080,-2.24466505,0.06968415,0.72040533,-0.03121947,-2.98910077,-1.64297373,-2.27095803,0.06942749,0.73538876,-0.03166199,0.00000000,0.02441406,0.04882812,-0.01464844,-0.07324219,-0.02929688,1.03645325,2.65354077,2.65502930,0.00000000
5.91978312,2080,-2.98490460,-1.66548045,-2.24272927,0.06980896,0.71440793,-0.03128052,3.29828070,-1.61724873,-2.24357501,0.06976806,0.71736107,-0.03126052,-2.98910077,-1.64259227,-2.27057656,0.06980896,0.73462582,-0.03166199,0.00488281,0.03417969,0.02929688,-0.02929688,-0.02929688,0.00000000,1.03645325,2.65351566,2.65502930,0.00000000
5.93497801,2085,-2.98490460,-1.66242869,-2.24272927,0.07019043,0.71173764,-0.03128052,3.29828070,-1.61436045,-2.24300640,0.07005203,0.71448816,-0.03127396,-2.98910077,-1.64221080,-2.27019509,0.06942749,0.73462582,-0.03166199,0.00000000,0.02929688,0.04394531,-0.02929688,-0.01464844,-0.02929688,1.03645325,2.65350743,2.65502930,0.00000000
5.94830108,2090,-2.98490460,-1.65899546,-2.24272927,0.07019043,0.70983029,-0.03128052,3.29828070,-1.61119808,-2.24282008,0.07014508,0.71192604,-0.03127837,-2.98871930,-1.64182933,-2.26981362,0.06980896,0.73309994,-0.03166199,0.00000000,0.01953125,0.03906250,0.00000000,-0.11718750,-0.01464844,1.03645325,2.65350473,2.65502930,-0.02441406
5.96065211,2095,-2.98490460,-1.65632518,-2.24272927,0.07057190,0.70868588,-0.03128052,3.29828070,-1.60826498,-2.24275902,0.07025186,0.71025457,-0.03127981,-2.98871930,-1.64144786,-2.26905068,0.06942749,0.73157406,-0.03166199,0.00488281,0.02929688,0.04882812,0.00000000,-0.10253906,0.00000000,1.03645325,2.65350385,2.65502930,-0.02441406
5.97574663,2100,-2.98490460,-1.65327342,-2.24272927,0.07019043,0.70677853,-0.03128052,3.29828070,-1.60531021,-2.24273902,0.07034191,0.70862374,-0.03128029,-2.98833783,-1.64068492,-2.26866921,0.06980896,0.72890378,-0.03166199,0.01464844,0.04882812,0.03906250,0.01464844,-0.13183594,-0.02929688,1.03645325,2.65356606,2.65464783,-0.02441406
5.98834014,2105,-2.98490460,-1.65022166,-2.24272927,0.07057190,0.70487118,-0.03128052,3.29828070,-1.60226338,-2.24273246,0.07042622,0.70685045,-0.03128044,-2.98833783,-1.63992198,-2.26828774,0.06942749,0.72699643,-0.03166199,-0.00488281,0.04394531,0.04394531,-0.01464844,-0.13183594,-0.01464844,1.03645325,2.65358644,2.65502930,0.00000000
5.99940491,2110,-2.98490460,-1.64793284,-2.24272927,0.07057190,0.70334530,-0.03128052,3.29828070,-1.59945371,-2.24273031,0.07052416,0.70497104,-0.03128049,-2.98833783,-1.63954051,-2.26790627,0.06942749,0.72508908,-0.03166199,-0.00488281,0.02929688,0.02929688,0.01464844,-0.17578125,0.00000000,1.03645325,2.65353062,2.65502930,-0.02441406
6.01286840,2115,-2.98490460,-1.64488108,-2.24272927,0.07057190,0.70143796,-0.03128052,3.29828070,-1.59671029,-2.24272961,0.07049522,0.70312168,-0.03128051,-2.98833783,-1.63877757,-2.26714333,0.06980896,0.72280026,-0.03166199,-0.00488281,0.04394531,0.04394531,-0.02929688,-0.17578125,-0.02929688,1.03645325,2.65351233,2.65464783,-0.02441406
6.02813768,2120,-2.98490460,-1.64221080,-2.24272927,0.07057190,0.69953061,-0.03128052,3.29828070,-1.59394963,-2.24272938,0.07040566,0.70121575,-0.03128051,-2.98833783,-1.63801463,-2.26714333,0.06980896,0.72089291,-0.03166199,0.00000000,0.03906250,0.02929688,0.00000000,-0.07324219,-0.01464844,1.03645325,2.65350634,2.65502930,-0.02441406
6.04040885,2125,-2.98490460,-1.64030345,-2.24272927,0.07019043,0.69800473,-0.03128052,3.29828070,-1.59172214,-2.24272930,0.07030002,0.69970499,-0.03128052,-2.98833783,-1.63725169,-2.26638039,0.06980896,0.72012997,-0.03166199,0.00000000,0.05859375,0.04394531,0.00000000,-0.04394531,-0.01464844,1.03645325,2.65350438,2.65464783,-0.04882812
6.05485630,2130,-2.98490460,-1.63801463,-2.24272927,0.07019043,0.69647885,-0.03128052,3.29828070,-1.58931377,-2.24272928,0.07022634,0.69801316,-0.03128052,-2.98795636,-1.63648875,-2.26599892,0.06980896,0.71974850,-0.03166199,-0.00488281,0.05859375,0.03906250,-0.01464844,-0.01464844,-0.01464844,1.03645325,2.65350373,2.65464783,-0.02441406
6.06967473,2135,-2.98490460,-1.63572581,-2.24272927,0.07019043,0.69457150,-0.03128052,3.29828070,-1.58688421,-2.24272927,0.07020220,0.69617644,-0.03128052,-2.98795636,-1.63572581,-2.26523598,0.06980896,0.71936703,-0.03166199,-0.00488281,0.04394531,0.05371094,-0.02929688,-0.02929688,-0.01464844,1.03645325,2.65350352,2.65502930,0.02441406
6.08621120,2140,-2.98490460,-1.63381846,-2.24272927,0.07019043,0.69228268,-0.03128052,3.29828070,-1.58493709,-2.24272927,0.07019429,0.69416711,-0.03128052,-2.98795636,-1.63458140,-2.26485451,0.06980896,0.71860409,-0.03166199,0.00488281,0.05859375,0.04394531,-0.01464844,-0.01464844,-0.01464844,1.03645325,2.65350345,2.65464783,-0.04882812
6.09994817,2145,-2.98490460,-1.63191111,-2.24272927,0.06980896,0.69151974,-0.03128052,3.29828070,-1.58295568,-2.24272927,0.07011540,0.69279409,-0.03124146,-2.98795636,-1.63381846,-2.26447304,0.06980896,0.71784115,-0.03166199,0.00000000,0.04882812,0.02929688,-0.02929688,-0.04394531,-0.01464844,1.03645325,2.65350343,2.65502930,-0.02441406
6.11616182,2150,-2.98490460,-1.63076670,-2.24272927,0.06980896,0.69075680,-0.03128052,3.29828070,-1.58143544,-2.24272927,0.06990937,0.69179999,-0.03126772,-2.98795636,-1.63229258,-2.26371010,0.06980896,0.71669674,-0.03166199,0.00000000,0.07812500,0.03417969,-0.02929688,-0.04394531,-0.01464844,1.03645325,2.65350342,2.65502930,-0.02441406
6.13000870,2155,-2.98490460,-1.63000376,-2.24272927,0.06942749,0.69037533,-0.03128052,3.29828070,-1.58041507,-2.24272927,0.06962446,0.69127881,-0.03127632,-2.98757489,-1.63152964,-2.26371010,0.06980896,0.71478940,-0.03166199,0.00000000,0.08300781,0.02929688,-0.02929688,-0.14648438,-0.01464844,1.03645325,2.65342529,2.65502930,-0.02441406
6.14436531,2160,-2.98490460,-1.62962229,-2.24272927,0.06980896,0.69037533,-0.03128052,3.29828070,-1.57964407,-2.24272927,0.06971725,0.69092785,-0.03127914,-2.98757489,-1.63038523,-2.26332863,0.06980896,0.71173764,-0.03166199,0.00488281,0.06347656,0.02929688,-0.02929688,-0.19042969,-0.01464844,1.03645325,2.65347782,2.65464783,-0.02441406
6.16025758,2165,-2.98490460,-1.62924082,-2.24272927,0.06980896,0.69075680,-0.03128052,3.29828070,-1.57913495,-2.24272927,0.06977891,0.69088915,-0.03128007,-2.98757489,-1.62924082,-2.26294716,0.06980896,0.70906735,-0.03166199,0.00000000,0.09277344,0.03417969,-0.02929688,-0.14648438,-0.02929688,1.03645325,2.65339737,2.65502930,-0.02441406
6.17444229,2170,-2.98490460,-1.62924082,-2.24272927,0.06980896,0.69075680,-0.03089905,3.29828070,-1.57896813,-2.24272927,0.06979911,0.69093750,-0.03107273,-2.98757489,-1.62809642,-2.26256569,0.06980896,0.70601559,-0.03166199,-0.00488281,0.04882812,0.02441406,-0.02929688,-0.17578125,-0.01464844,1.03645325,2.65346867,2.65464783,-0.02441406
6.18890524,2175,-2.98490460,-1.62924082,-2.24272927,0.06980896,0.69075680,-0.03089905,3.29828070,-1.57891346,-2.24272927,0.06980573,0.69107248,-0.03095596,-2.98757489,-1.62695201,-2.26218422,0.06980896,0.70334530,-0.03166199,-0.00488281,0.06347656,0.02929688,-0.02929688,-0.24902344,-0.01464844,1.03645325,2.65341391,2.65464783,-0.02441406
6.20576239,2180,-2.98490460,-1.62924082,-2.24272927,0.06980896,0.69075680,-0.03089905,3.29828070,-1.57889555,-2.24272927,0.06980790,0.69111671,-0.03091770,-2.98757489,-1.62618907,-2.26180275,0.06980896,0.70067502,-0.03166199,0.00000000,0.04394531,0.03906250,-0.02929688,-0.10253906,-0.01464844,1.03645325,2.65339596,2.65502930,-0.02441406
6.22026920,2185,-2.98490460,-1.62924082,-2.24272927,0.06980896,0.69075680,-0.03089905,3.29828070,-1.57888968,-2.24272927,0.06980861,0.69113121,-0.03090516,-2.98757489,-1.62504466,-2.26142128,0.06980896,0.69953061,-0.03166199,0.00000000,0.06835938,0.01953125,-0.04394531,-0.04394531,-0.01464844,1.03607178,2.65319355,2.65502930,-0.02441406
6.23443675,2190,-2.98490460,-1.62924082,-2.24272927,0.06980896,0.69075680,-0.03051758,3.29828070,-1.57888776,-2.24272927,0.06980885,0.69113596,-0.03078569,-2.98757489,-1.62428172,-2.26142128,0.06980896,0.69953061,-0.03166199,-0.00976562,0.04882812,0.02441406,-0.01464844,0.01464844,-0.02929688,1.03607178,2.65324929,2.65464783,-0.02441406
6.25006747,2195,-2.98490460,-1.62924082,-2.24272927,0.06980896,0.69075680,-0.03051758,3.29828070,-1.57888713,-2.24272927,0.06980892,0.69113751,-0.03072457,-2.98757489,-1.62313731,-2.26065834,0.06980896,0.69953061,-0.03166199,-0.00488281,0.06835938,0.03906250,-0.01464844,0.02929688,-0.01464844,1.03607178,2.65314549,2.65464783,-0.04882812
6.26208615,2200,-2.98490460,-1.62924082,-2.24272927,0.06980896,0.69113827,-0.03051758,3.29828070,-1.57888692,-2.24272927,0.06980895,0.69132418,-0.03058541,-2.98757489,-1.62275584,-2.26027687,0.06980896,0.69914914,-0.03166199,-0.00488281,0.03417969,0.04394531,0.00000000,-0.00000000,0.00000000,1.03645325,2.65330801,2.65464783,-0.04882812
6.27647924,2205,-2.98490460,-1.62924082,-2.24272927,0.06980896,0.69151974,-0.03051758,3.29828070,-1.57888685,-2.24272927,0.06980896,0.69153196,-0.03053980,-2.98757489,-1.62199290,-2.25989540,0.06980896,0.69953061,-0.03166199,-0.00488281,0.04882812,0.02929688,-0.01464844,0.02929688,-0.01464844,1.03607178,2.65328680,2.65464783,0.02441406
6.29183030,2210,-2.98490460,-1.62924082,-2.24272927,0.06980896,0.69151974,-0.03051758,3.29828070,-1.57888683,-2.24272927,0.06980896,0.69178021,-0.03052486,-2.98719342,-1.62084849,-2.25951393,0.06980896,0.69991208,-0.03166199,-0.00976562,0.04882812,0.02441406,-0.01464844,0.05859375,-0.01464844,1.03645325,2.65335431,2.65464783,-0.04882812
6.30597115,2215,-2.98490460,-1.62924082,-2.24272927,0.06980896,0.69190121,-0.03051758,3.29828070,-1.57888682,-2.24272927,0.06980896,0.69211803,-0.03051996,-2.98719342,-1.62008555,-2.25913246,0.06980896,0.69953061,-0.03166199,-0.00488281,0.04882812,0.03417969,-0.02929688,-0.04394531,-0.01464844,1.03645325,2.65339206,2.65464783,-0.02441406
6.32008862,2220,-2.98490460,-1.62924082,-2.24272927,0.06980896,0.69190121,-0.03051758,3.29828070,-1.57888682,-2.24272927,0.06980896,0.69222873,-0.03061846,-2.98719342,-1.61932261,-2.25875099,0.06980896,0.69876767,-0.03166199,-0.00488281,0.05859375,0.01953125,-0.01464844,-0.02929688,-0.02929688,1.03607178,2.65307606,2.65464783,0.00000000
6.33537531,2225,-2.98490460,-1.62924082,-2.24272927,0.06980896,0.69190121,-0.03051758,3.29828070,-1.57888682,-2.24272927,0.06980896,0.69226500,-0.03069956,-2.98719342,-1.61894114,-2.25875099,0.06980896,0.69838620,-0.03166199,-0.00488281,0.02929688,0.01953125,-0.01464844,-0.02929688,0.00000000,1.03645325,2.65308115,2.65464783,-0.02441406
6.35068440,2230,-2.98490460,-1.62924082,-2.24272927,0.06980896,0.69190121,-0.03089905,3.29828070,-1.57888682,-2.24272927,0.06980896,0.69227689,-0.03083368,-2.98719342,-1.61779673,-2.25798806,0.06980896,0.69762326,-0.03166199,-0.00488281,0.03906250,0.03417969,0.00000000,-0.01464844,0.00000000,1.03607178,2.65321246,2.65464783,-0.02441406
6.36289907,2235,-2.98528607,-1.62924082,-2.24272927,0.06942749,0.69190121,-0.03089905,3.29814337,-1.57888682,-2.24272927,0.06967163,0.69228078,-0.03087763,-2.98719342,-1.61741526,-2.25798806,0.06980896,0.69724179,-0.03166199,0.00000000,0.03906250,0.02441406,-0.01464844,-0.02929688,-0.01464844,1.03607178,2.65325549,2.65464783,-0.04882812
6.38067126,2240,-2.98528607,-1.62924082,-2.24272927,0.06942749,0.69190121,-0.03089905,3.29797923,-1.57888682,-2.24272927,0.06950749,0.69228206,-0.03089203,-2.98719342,-1.61665232,-2.25760659,0.06980896,0.69724179,-0.03166199,-0.00488281,0.05859375,0.01953125,-0.02929688,0.02929688,-0.01464844,1.03645325,2.65332452,2.65464783,-0.02441406
6.39328623,2245,-2.98604901,-1.62924082,-2.24272927,0.06866455,0.69228268,-0.03089905,3.29766300,-1.57888682,-2.24272927,0.06905991,0.69235877,-0.03089675,-2.98719342,-1.61588938,-2.25760659,0.06980896,0.69724179,-0.03166199,-0.00488281,0.05371094,0.01953125,-0.01464844,0.02929688,0.00000000,1.03645325,2.65334714,2.65464783,-0.02441406
6.40970778,2250,-2.98681195,-1.62924082,-2.24272927,0.06828308,0.69228268,-0.03089905,3.29698540,-1.57888682,-2.24272927,0.06853763,0.69256408,-0.03089829,-2.98719342,-1.61512644,-2.25722512,0.06980896,0.69686032,-0.03166199,-0.00488281,0.03417969,0.03906250,-0.01464844,-0.01464844,0.00000000,1.03645325,2.65337408,2.65464783,0.00000000
6.42317295,2255,-2.98719342,-1.62924082,-2.24272927,0.06790161,0.69266415,-0.03089905,3.29634869,-1.57888682,-2.24272927,0.06822916,0.69288783,-0.03083777,-2.98719342,-1.61436351,-2.25684365,0.06942749,0.69571591,-0.03166199,-0.00488281,0.05371094,0.02441406,-0.01464844,-0.07324219,0.00000000,1.03645325,2.65324131,2.65464783,-0.02441406
6.43783760,2260,-2.98757489,-1.62924082,-2.24272927,0.06752014,0.69304562,-0.03089905,3.29597147,-1.57888682,-2.24272927,0.06787161,0.69321914,-0.03087897,-2.98719342,-1.61360057,-2.25646218,0.06942749,0.69533444,-0.03166199,-0.00488281,0.03906250,0.02929688,-0.01464844,-0.00000000,0.00000000,1.03645325,2.65341753,2.65464783,0.00000000
6.45209408,2265,-2.98833783,-1.62924082,-2.24272927,0.06675720,0.69304562,-0.03051758,3.29542721,-1.57888682,-2.24272927,0.06722394,0.69335895,-0.03081617,-2.98719342,-1.61283763,-2.25608071,0.06942749,0.69533444,-0.03166199,-0.00488281,0.05859375,0.02929688,-0.02929688,-0.02929688,-0.02929688,1.03645325,2.65337762,2.65464783,-0.04882812
6.46706271,2270,-2.98871930,-1.62924082,-2.24272927,0.06637573,0.69342709,-0.03051758,3.29490012,-1.57888682,-2.24272927,0.06668492,0.69348106,-0.03061542,-2.98719342,-1.61207469,-2.25608071,0.06942749,0.69495297,-0.03166199,-0.00488281,0.05371094,0.01464844,0.00000000,-0.00000000,-0.01464844,1.03645325,2.65346220,2.65464783,-0.02441406
6.48151302,2275,-2.98910077,-1.62924082,-2.24272927,0.06599426,0.69380856,-0.03051758,3.29438304,-1.57888682,-2.24272927,0.06625183,0.69383857,-0.03054964,-2.98719342,-1.61169322,-2.25569924,0.06942749,0.69495297,-0.03166199,-0.00976562,0.02929688,0.01464844,-0.02929688,0.01464844,-0.01464844,1.03645325,2.65336784,2.65464783,-0.04882812
6.49381351,2280,-2.98986371,-1.62924082,-2.24272927,0.06484985,0.69380856,-0.03051758,3.29381980,-1.57888682,-2.24272927,0.06555974,0.69407487,-0.03052808,-2.98719342,-1.61093028,-2.25569924,0.06942749,0.69495297,-0.03166199,-0.00976562,0.04882812,0.01464844,-0.04394531,0.01464844,0.00000000,1.03607178,2.65320875,2.65464783,-0.04882812
6.50775599,2285,-2.99100812,-1.62924082,-2.24272927,0.06370544,0.69419003,-0.03051758,3.29304601,-1.57888682,-2.24272927,0.06456355,0.69437751,-0.03052102,-2.98719342,-1.61054881,-2.25531777,0.06942749,0.69495297,-0.03166199,-0.00488281,0.03417969,0.02929688,-0.02929688,0.01464844,-0.01464844,1.03645325,2.65340686,2.65464783,0.00000000
6.52281666,2290,-2.99215253,-1.62924082,-2.24272927,0.06370544,0.69533444,-0.03051758,3.29201327,-1.57888682,-2.24272927,0.06398663,0.69502686,-0.03051871,-2.98719342,-1.60978587,-2.25493630,0.06904602,0.69457150,-0.03166199,-0.00488281,0.02929688,0.02929688,-0.01464844,-0.00000000,-0.01464844,1.03607178,2.65331919,2.65464783,-0.04882812
6.53624988,2295,-2.99329694,-1.62924082,-2.24272927,0.06370544,0.69571591,-0.03051758,3.29083515,-1.57888682,-2.24272927,0.06379758,0.69574659,-0.03051795,-2.98719342,-1.60940440,-2.25493630,0.06904602,0.69495297,-0.03166199,-0.00976562,0.03906250,0.02441406,0.00000000,0.01464844,-0.01464844,1.03645325,2.65344305,2.65464783,-0.02441406
6.54988647,2300,-2.99405988,-1.62924082,-2.24272927,0.06370544,0.69571591,-0.03051758,3.28989710,-1.57888682,-2.24272927,0.06373564,0.69598243,-0.03051770,-2.98719342,-1.60902293,-2.25455483,0.06904602,0.69495297,-0.03166199,-0.00488281,0.02441406,0.03417969,-0.01464844,0.04394531,-0.01464844,1.03607178,2.65311132,2.65464783,-0.02441406
6.56557560,2305,-2.99482282,-1.62924082,-2.24272927,0.06332397,0.69571591,-0.03051758,3.28907678,-1.57888682,-2.24272927,0.06363904,0.69605971,-0.03051762,-2.98719342,-1.60825999,-2.25417336,0.06866455,0.69495297,-0.03128052,0.00000000,0.03906250,0.01953125,-0.01464844,0.01464844,-0.01464844,1.03607178,2.65295965,2.65426636,0.00000000
6.57993960,2310,-2.99558576,-1.62924082,-2.24272927,0.06294250,0.69571591,-0.03051758,3.28823400,-1.57888682,-2.24272927,0.06324106,0.69614607,-0.03051759,-2.98719342,-1.60749705,-2.25379189,0.06866455,0.69495297,-0.03128052,-0.00976562,0.03906250,0.01953125,-0.01464844,0.02929688,-0.01464844,1.03607178,2.65287480,2.65426636,-0.07324219
6.59502125,2315,-2.99634869,-1.62924082,-2.24272927,0.06256104,0.69609738,-0.03051758,3.28750593,-1.57888682,-2.24272927,0.06290301,0.69633855,-0.03051758,-2.98719342,-1.60711558,-2.25379189,0.06866455,0.69495297,-0.03166199,-0.00976562,0.03417969,0.01464844,-0.02929688,0.01464844,-0.02929688,1.03645325,2.65309724,2.65464783,-0.02441406
6.61174750,2320,-2.99825604,-1.62924082,-2.24272927,0.06217957,0.69647885,-0.03051758,3.28612564,-1.57888682,-2.24272927,0.06248693,0.69655800,-0.03051758,-2.98719342,-1.60635264,-2.25379189,0.06828308,0.69495297,-0.03166199,-0.00976562,0.02441406,0.01953125,-0.02929688,-0.00000000,-0.01464844,1.03607178,2.65285738,2.65464783,-0.02441406
6.62426138,2325,-2.99940045,-1.62924082,-2.24272927,0.06256104,0.69686032,-0.03051758,3.28470227,-1.57888682,-2.24272927,0.06253675,0.69694741,-0.03051758,-2.98757489,-1.60597117,-2.25341042,0.06828308,0.69457150,-0.03166199,-0.00976562,0.01953125,0.02929688,-0.01464844,-0.01464844,-0.01464844,1.03607178,2.65277879,2.65426636,-0.04882812
6.63726497,2330,-3.00016339,-1.62924082,-2.24272927,0.06256104,0.69724179,-0.03051758,3.28364285,-1.57888682,-2.24272927,0.06255308,0.69728266,-0.03051758,-2.98757489,-1.60520823,-2.25302895,0.06828308,0.69457150,-0.03128052,-0.00488281,0.03906250,0.01953125,-0.01464844,-0.00000000,-0.01464844,1.03607178,2.65275303,2.65464783,0.00000000
6.65069652,2335,-3.00054486,-1.62924082,-2.24272927,0.06256104,0.69724179,-0.03051758,3.28300016,-1.57888682,-2.24272927,0.06244856,0.69751165,-0.03051758,-2.98757489,-1.60520823,-2.25302895,0.06828308,0.69457150,-0.03128052,-0.00976562,0.02441406,0.01953125,-0.02929688,0.01464844,-0.01464844,1.03607178,2.65274459,2.65426636,-0.04882812
6.66718411,2340,-3.00130780,-1.62924082,-2.24272927,0.06217957,0.69724179,-0.03051758,3.28236452,-1.57888682,-2.24272927,0.06229896,0.69758669,-0.03051758,-2.98757489,-1.60444529,-2.25264748,0.06790161,0.69495297,-0.03128052,-0.00976562,0.02929688,0.03417969,-0.02929688,0.02929688,0.00000000,1.03607178,2.65274183,2.65464783,-0.02441406
6.68001080,2345,-3.00168927,-1.62924082,-2.24272927,0.06217957,0.69724179,-0.03051758,3.28185093,-1.57888682,-2.24272927,0.06221869,0.69761127,-0.03051758,-2.98757489,-1.60406382,-2.25226601,0.06790161,0.69495297,-0.03128052,-0.01464844,0.02441406,0.01953125,-0.01464844,0.02929688,0.00000000,1.03607178,2.65274092,2.65464783,0.00000000
6.69598579,2350,-3.00207074,-1.62924082,-2.24272927,0.06217957,0.69724179,-0.03051758,3.28138711,-1.57888682,-2.24272927,0.06219239,0.69761933,-0.03051758,-2.98795636,-1.60330088,-2.25226601,0.06790161,0.69533444,-0.03128052,-0.02929688,0.03417969,0.00976562,-0.02929688,0.02929688,-0.01464844,1.03607178,2.65274062,2.65426636,-0.04882812
6.70885968,2355,-3.00207074,-1.62924082,-2.24272927,0.06217957,0.69686032,-0.03051758,3.28120387,-1.57888682,-2.24272927,0.06218377,0.69754568,-0.03051758,-2.98833783,-1.60291941,-2.25226601,0.06790161,0.69533444,-0.03166199,-0.03417969,0.03417969,0.01464844,-0.02929688,0.01464844,-0.01464844,1.03607178,2.65274053,2.65464783,-0.04882812
6.72489524,2360,-3.00207074,-1.62924082,-2.24272927,0.06217957,0.69724179,-0.03051758,3.28114383,-1.57888682,-2.24272927,0.06218094,0.69750555,-0.03051758,-2.98871930,-1.60253794,-2.25188454,0.06713867,0.69533444,-0.03166199,-0.01953125,0.01464844,0.01464844,-0.05859375,0.01464844,-0.01464844,1.03607178,2.65274049,2.65464783,-0.02441406
6.73961043,2365,-3.00207074,-1.62924082,-2.24272927,0.06217957,0.69724179,-0.03051758,3.28112416,-1.57888682,-2.24272927,0.06218002,0.69749240,-0.03051758,-2.98910077,-1.60215647,-2.25150307,0.06713867,0.69495297,-0.03166199,-0.04882812,0.01953125,0.02929688,-0.02929688,-0.00000000,-0.01464844,1.03607178,2.65274048,2.65426636,-0.02441406
6.75308990,2370,-3.00207074,-1.62924082,-2.24272927,0.06217957,0.69724179,-0.03051758,3.28111771,-1.57888682,-2.24272927,0.06217971,0.69750030,-0.03051758,-2.98948224,-1.60177500,-2.25150307,0.06675720,0.69495297,-0.03128052,-0.02929688,0.02929688,0.02441406,-0.02929688,-0.00000000,-0.01464844,1.03607178,2.65274048,2.65464783,-0.02441406
6.76850486,2375,-3.00207074,-1.62924082,-2.24272927,0.06217957,0.69724179,-0.03051758,3.28111560,-1.57888682,-2.24272927,0.06217961,0.69753414,-0.03051758,-2.98948224,-1.60139353,-2.25112160,0.06637573,0.69533444,-0.03128052,-0.01464844,0.02441406,0.01464844,-0.04394531,0.02929688,-0.01464844,1.03607178,2.65274048,2.65426636,0.00000000
6.78277612,2380,-3.00207074,-1.62924082,-2.24272927,0.06256104,0.69686032,-0.03051758,3.28111490,-1.57888682,-2.24272927,0.06240480,0.69746893,-0.03051758,-2.98986371,-1.60063060,-2.25112160,0.06599426,0.69533444,-0.03128052,-0.02441406,0.03417969,0.01464844,-0.05859375,0.04394531,-0.01464844,1.03607178,2.65267798,2.65426636,-0.02441406
6.79727244,2385,-3.00207074,-1.62924082,-2.24272927,0.06256104,0.69686032,-0.03051758,3.28117571,-1.57888682,-2.24272927,0.06250984,0.69749640,-0.03051758,-2.98986371,-1.60024913,-2.25074013,0.06484985,0.69533444,-0.03128052,-0.01953125,0.01953125,0.02441406,-0.07324219,-0.00000000,-0.01464844,1.03607178,2.65253543,2.65426636,-0.02441406
6.80970550,2390,-3.00168927,-1.62924082,-2.24272927,0.06294250,0.69686032,-0.03051758,3.28133004,-1.57888682,-2.24272927,0.06280073,0.69736428,-0.03051758,-2.99024518,-1.59986766,-2.25074013,0.06408691,0.69533444,-0.03128052,-0.02441406,0.03417969,0.02441406,-0.05859375,-0.00000000,-0.02929688,1.03607178,2.65261079,2.65426636,-0.04882812
6.82479334,2395,-3.00168927,-1.62924082,-2.24272927,0.06332397,0.69686032,-0.03051758,3.28144164,-1.57888682,-2.24272927,0.06306463,0.69731318,-0.03051758,-2.99024518,-1.59948619,-2.25035866,0.06408691,0.69533444,-0.03128052,-0.00976562,0.01953125,0.00976562,-0.02929688,0.01464844,-0.01464844,1.03569031,2.65224754,2.65426636,-0.02441406
6.83957076,2400,-3.00168927,-1.62924082,-2.24272927,0.06332397,0.69686032,-0.03013611,3.28147821,-1.57888682,-2.24272927,0.06323899,0.69726518,-0.03044128,-2.99062665,-1.59872325,-2.25035866,0.06408691,0.69571591,-0.03128052,-0.01464844,0.02929688,0.00976562,0.00000000,0.01464844,-0.01464844,1.03607178,2.65221860,2.65426636,-0.02441406
6.85334444,2405,-3.00168927,-1.62924082,-2.24272927,0.06332397,0.69686032,-0.03013611,3.28149020,-1.57888682,-2.24272927,0.06329613,0.69729828,-0.03038503,-2.99100812,-1.59872325,-2.25035866,0.06408691,0.69533444,-0.03128052,-0.03906250,0.01464844,0.01464844,-0.01464844,0.01464844,0.00000000,1.03569031,2.65211903,2.65426636,-0.04882812
6.86664128,2410,-3.00168927,-1.62924082,-2.24272927,0.06332397,0.69724179,-0.03051758,3.28149412,-1.57888682,-2.24272927,0.06331485,0.69748552,-0.03037405,-2.99138959,-1.59834178,-2.25035866,0.06408691,0.69533444,-0.03128052,-0.03906250,0.01464844,0.00976562,-0.01464844,0.01464844,-0.01464844,1.03569031,2.65192625,2.65426636,-0.02441406
6.88112521,2415,-3.00168927,-1.62924082,-2.24272927,0.06332397,0.69724179,-0.03051758,3.28149541,-1.57888682,-2.24272927,0.06332098,0.69757812,-0.03042172,-2.99138959,-1.59796031,-2.25035866,0.06370544,0.69533444,-0.03128052,-0.00976562,0.01953125,0.00976562,-0.02929688,0.01464844,-0.02929688,1.03530884,2.65168607,2.65426636,0.00000000
6.89744830,2420,-3.00168927,-1.62924082,-2.24272927,0.06332397,0.69724179,-0.03051758,3.28149583,-1.57888682,-2.24272927,0.06332299,0.69778864,-0.03044710,-2.99177106,-1.59757884,-2.24997719,0.06408691,0.69533444,-0.03128052,-0.01953125,0.00976562,0.01464844,-0.01464844,0.01464844,-0.02929688,1.03530884,2.65136909,2.65426636,-0.02441406
6.91011119,2425,-3.00168927,-1.62924082,-2.24272927,0.06332397,0.69724179,-0.03051758,3.28149597,-1.57888682,-2.24272927,0.06332365,0.69770870,-0.03049449,-2.99177106,-1.59719737,-2.24997719,0.06408691,0.69571591,-0.03128052,-0.01953125,0.02441406,0.01953125,-0.01464844,0.01464844,-0.01464844,1.03530884,2.65114315,2.65388489,-0.04882812
6.92501330,2430,-3.00168927,-1.62924082,-2.24272927,0.06332397,0.69724179,-0.03051758,3.28149601,-1.57888682,-2.24272927,0.06332387,0.69765126,-0.03051001,-2.99215253,-1.59681590,-2.24959572,0.06408691,0.69571591,-0.03128052,-0.02441406,0.01953125,0.02441406,-0.01464844,0.01464844,-0.01464844,1.03492737,2.65074075,2.65426636,0.00000000
6.93931675,2435,-3.00168927,-1.62924082,-2.24272927,0.06294250,0.69724179,-0.03051758,3.28149603,-1.57888682,-2.24272927,0.06310653,0.69754454,-0.03051510,-2.99215253,-1.59681590,-2.24959572,0.06408691,0.69571591,-0.03128052,-0.00976562,0.01464844,0.01953125,0.00000000,0.02929688,-0.01464844,1.03454590,2.65039380,2.65426636,-0.02441406
6.95043898,2440,-3.00168927,-1.62924082,-2.24272927,0.06332397,0.69571591,-0.03051758,3.28149603,-1.57888682,-2.24272927,0.06314286,0.69694121,-0.03051677,-2.99215253,-1.59643443,-2.24921425,0.06408691,0.69609738,-0.03128052,-0.01464844,0.02441406,0.01464844,-0.01464844,0.04394531,-0.01464844,1.03416443,2.64976717,2.65426636,-0.02441406
6.96629643,2445,-3.00168927,-1.62924082,-2.24272927,0.06294250,0.69419003,-0.03051758,3.28149604,-1.57888682,-2.24272927,0.06300816,0.69562975,-0.03051731,-2.99215253,-1.59605296,-2.24921425,0.06370544,0.69647885,-0.03128052,-0.01464844,0.01953125,0.00976562,-0.02929688,0.04394531,-0.01464844,1.03340149,2.64837873,2.65388489,-0.04882812
6.97832227,2450,-3.00207074,-1.62924082,-2.24272927,0.06294250,0.69228268,-0.03051758,3.28141974,-1.57888682,-2.24272927,0.06296402,0.69399725,-0.03051749,-2.99253400,-1.59567149,-2.24921425,0.06370544,0.69647885,-0.03128052,-0.01464844,0.00976562,0.01464844,-0.01464844,0.02929688,-0.01464844,1.03378296,2.64797089,2.65388489,-0.04882812
6.99232650,2455,-3.00168927,-1.62924082,-2.24272927,0.06332397,0.68884945,-0.03051758,3.28147104,-1.57888682,-2.24272927,0.06306491,0.69153640,-0.03051755,-2.99253400,-1.59567149,-2.24883278,0.06370544,0.69647885,-0.03128052,-0.01953125,0.01464844,0.01953125,-0.01464844,-0.00000000,0.00000000,1.03340149,2.64770907,2.65388489,-0.04882812
7.00761747,2460,-3.00168927,-1.62924082,-2.24272927,0.06294250,0.68732358,-0.03051758,3.28148784,-1.57888682,-2.24272927,0.06311396,0.68931256,-0.03051757,-2.99291547,-1.59529002,-2.24883278,0.06370544,0.69609738,-0.03128052,-0.03417969,0.00976562,0.01464844,-0.01464844,-0.00000000,-0.01464844,1.03340149,2.64762328,2.65388489,0.00000000
7.02292585,2465,-3.00168927,-1.62924082,-2.24272927,0.06332397,0.68656064,-0.03051758,3.28146210,-1.57888682,-2.24272927,0.06314529,0.68796934,-0.03051758,-2.99329694,-1.59490855,-2.24883278,0.06370544,0.69609738,-0.03128052,-0.01464844,0.01464844,0.00976562,-0.01464844,-0.01464844,0.00000000,1.03340149,2.64755122,2.65388489,-0.02441406
7.03766251,2470,-3.00168927,-1.62924082,-2.24272927,0.06332397,0.68427182,-0.03051758,3.28148492,-1.57888682,-2.24272927,0.06326542,0.68632095,-0.03051758,-2.99329694,-1.59452708,-2.24845131,0.06370544,0.69609738,-0.03128052,-0.01464844,0.01953125,0.00976562,-0.04394531,0.01464844,-0.01464844,1.03340149,2.64754714,2.65388489,-0.02441406
7.05024910,2475,-3.00168927,-1.62924082,-2.24272927,0.06332397,0.68350888,-0.03051758,3.28149239,-1.57888682,-2.24272927,0.06330479,0.68483720,-0.03051758,-2.99329694,-1.59414561,-2.24845131,0.06332397,0.69571591,-0.03128052,-0.01464844,0.02929688,0.00976562,-0.04394531,0.01464844,0.00000000,1.03340149,2.64744815,2.65388489,0.00000000
7.06426191,2480,-3.00168927,-1.62924082,-2.24272927,0.06332397,0.68312741,-0.03051758,3.28149484,-1.57888682,-2.24272927,0.06328644,0.68398320,-0.03051758,-2.99367841,-1.59376414,-2.24845131,0.06332397,0.69571591,-0.03128052,-0.01953125,0.00976562,0.00976562,-0.02929688,-0.00000000,-0.01464844,1.03340149,2.64741571,2.65350342,-0.04882812
7.07939577,2485,-3.00168927,-1.62924082,-2.24272927,0.06332397,0.68312741,-0.03051758,3.28149564,-1.57888682,-2.24272927,0.06328042,0.68384448,-0.03051758,-2.99405988,-1.59338267,-2.24845131,0.06332397,0.69533444,-0.03128052,-0.02441406,0.02441406,0.01464844,0.00000000,-0.00000000,-0.01464844,1.03340149,2.64740508,2.65350342,-0.04882812
7.09296060,2490,-3.00168927,-1.62924082,-2.24272927,0.06332397,0.68274594,-0.03051758,3.28149591,-1.57888682,-2.24272927,0.06330970,0.68343269,-0.03051758,-2.99405988,-1.59338267,-2.24845131,0.06332397,0.69533444,-0.03128052,-0.00976562,0.00976562,0.00976562,-0.01464844,-0.00000000,-0.01464844,1.03340149,2.64740160,2.65350342,-0.02441406
7.10660172,2495,-3.00168927,-1.62924082,-2.24272927,0.06332397,0.68236447,-0.03051758,3.28149599,-1.57888682,-2.24272927,0.06331930,0.68304129,-0.03051758,-2.99405988,-1.59300120,-2.24806984,0.06294250,0.69495297,-0.03128052,-0.00976562,0.00488281,0.01464844,-0.02929688,-0.01464844,0.00000000,1.03340149,2.64740046,2.65350342,-0.02441406
7.12085152,2500,-3.00168927,-1.62924082,-2.24272927,0.06332397,0.68198300,-0.03051758,3.28149602,-1.57888682,-2.24272927,0.06332244,0.68276642,-0.03051758,-2.99405988,-1.59300120,-2.24806984,0.06294250,0.69419003,-0.03128052,-0.00976562,0.00976562,0.01953125,-0.01464844,-0.02929688,0.00000000,1.03340149,2.64732196,2.65350342,-0.02441406
7.13581419,2505,-3.00168927,-1.62924082,-2.24272927,0.06332397,0.68236447,-0.03051758,3.28149603,-1.57888682,-2.24272927,0.06332347,0.68275265,-0.03051758,-2.99444135,-1.59261973,-2.24768837,0.06256104,0.69342709,-0.03128052,-0.00976562,0.00488281,0.00976562,-0.02929688,-0.04394531,0.00000000,1.03340149,2.64729624,2.65312195,-0.02441406
7.14982176,2510,-3.00168927,-1.62924082,-2.24272927,0.06332397,0.68236447,-0.03051758,3.28149603,-1.57888682,-2.24272927,0.06332381,0.68274814,-0.03051758,-2.99444135,-1.59261973,-2.24768837,0.06256104,0.69304562,-0.03128052,-0.01464844,0.02441406,0.00976562,-0.02929688,-0.01464844,-0.01464844,1.03302002,2.64699362,2.65312195,-0.04882812
7.16475439,2515,-3.00168927,-1.62924082,-2.24272927,0.06332397,0.68236447,-0.03051758,3.28149604,-1.57888682,-2.24272927,0.06332392,0.68274666,-0.03051758,-2.99444135,-1.59223826,-2.24768837,0.06217957,0.69304562,-0.03128052,-0.01464844,0.00976562,0.00488281,-0.07324219,0.01464844,-0.02929688,1.03302002,2.64675383,2.65312195,-0.02441406
7.18160367,2520,-3.00168927,-1.62924082,-2.24272927,0.06332397,0.68236447,-0.03051758,3.28149604,-1.57888682,-2.24272927,0.06332396,0.68274618,-0.03051758,-2.99482282,-1.59185679,-2.24768837,0.06141663,0.69228268,-0.03128052,-0.01464844,0.02929688,0.00976562,-0.04394531,-0.02929688,-0.01464844,1.03263855,2.64630294,2.65312195,-0.02441406
7.19586253,2525,-3.00168927,-1.62924082,-2.24272927,0.06332397,0.68236447,-0.03051758,3.28149604,-1.57888682,-2.24272927,0.06332397,0.68274602,-0.03051758,-2.99482282,-1.59147532,-2.24730690,0.06141663,0.69190121,-0.03128052,-0.01464844,0.00976562,0.00976562,-0.01464844,-0.01464844,-0.01464844,1.03225708,2.64586198,2.65274048,-0.04882812
7.21253467,2530,-3.00168927,-1.62924082,-2.24272927,0.06332397,0.68236447,-0.03051758,3.28149604,-1.57888682,-2.24272927,0.06329272,0.68274596,-0.03051758,-2.99520429,-1.59109385,-2.24730690,0.06103516,0.69151974,-0.03128052,-0.01953125,0.01464844,0.01464844,-0.01464844,-0.01464844,-0.01464844,1.03225708,2.64535714,2.65312195,0.00000000
7.22622991,2535,-3.00168927,-1.62924082,-2.24272927,0.06332397,0.68236447,-0.03051758,3.28149604,-1.57888682,-2.24272927,0.06331373,0.68274595,-0.03051758,-2.99520429,-1.59109385,-2.24692543,0.06141663,0.69151974,-0.03128052,-0.01464844,0.00488281,0.01953125,0.00000000,-0.01464844,0.00000000,1.03187561,2.64474127,2.65274048,-0.04882812
7.24002075,2540,-3.00168927,-1.62924082,-2.24272927,0.06332397,0.68236447,-0.03051758,3.28149604,-1.57888682,-2.24272927,0.06332062,0.68274594,-0.03051758,-2.99520429,-1.59109385,-2.24692543,0.06141663,0.69113827,-0.03128052,-0.01464844,0.00000000,0.00976562,-0.01464844,0.01464844,-0.02929688,1.03187561,2.64453946,2.65274048,-0.04882812
7.25152755,2545,-3.00168927,-1.62924082,-2.24272927,0.06332397,0.68236447,-0.03051758,3.28149604,-1.57888682,-2.24272927,0.06329163,0.68274594,-0.03051758,-2.99558576,-1.59109385,-2.24692543,0.06141663,0.69075680,-0.03128052,-0.02929688,0.00488281,0.01464844,-0.02929688,-0.00000000,0.00000000,1.03187561,2.64441084,2.65274048,-0.02441406
7.26602149,2550,-3.00168927,-1.62924082,-2.24272927,0.06332397,0.68236447,-0.03051758,3.28149604,-1.57888682,-2.24272927,0.06331337,0.68274594,-0.03051758,-2.99596723,-1.59033091,-2.24692543,0.06141663,0.69075680,-0.03128052,-0.01953125,0.01953125,0.00488281,-0.01464844,-0.00000000,0.01464844,1.03187561,2.64436869,2.65235901,-0.04882812
7.27921939,2555,-3.00168927,-1.62924082,-2.24272927,0.06332397,0.68236447,-0.03051758,3.28149604,-1.57888682,-2.24272927,0.06332050,0.68274594,-0.03051758,-2.99596723,-1.59033091,-2.24692543,0.06141663,0.69037533,-0.03128052,-0.00976562,0.01464844,0.00976562,-0.01464844,-0.02929688,-0.01464844,1.03187561,2.64449550,2.65235901,-0.02441406
7.29371238,2560,-3.00168927,-1.62924082,-2.24272927,0.06332397,0.68236447,-0.03051758,3.28149604,-1.57888682,-2.24272927,0.06332284,0.68274594,-0.03051758,-2.99596723,-1.58994944,-2.24692543,0.06141663,0.68923092,-0.03128052,-0.00976562,0.02929688,0.00488281,-0.02929688,-0.05859375,-0.01464844,1.03187561,2.64439643,2.65235901,-0.04882812
7.30813360,2565,-3.00168927,-1.62924082,-2.24272927,0.06332397,0.68236447,-0.03051758,3.28149604,-1.57888682,-2.24272927,0.06332360,0.68274594,-0.03051758,-2.99596723,-1.58956797,-2.24654396,0.06141663,0.68808652,-0.03128052,-0.00976562,0.01464844,0.00976562,0.00000000,-0.05859375,-0.02929688,1.03073120,2.64340816,2.65235901,0.00000000
7.32481527,2570,-3.00168927,-1.62924082,-2.24272927,0.06332397,0.68236447,-0.03051758,3.28149604,-1.57888682,-2.24272927,0.06332385,0.68274594,-0.03051758,-2.99634869,-1.58918650,-2.24654396,0.06141663,0.68732358,-0.03128052,-0.00976562,0.00000000,0.00976562,0.00000000,-0.04394531,-0.02929688,1.02195740,2.63496054,2.65197754,-0.04882812
7.33961654,2575,-3.00168927,-1.62924082,-2.24272927,0.06332397,0.68236447,-0.03051758,3.28149604,-1.57888682,-2.24272927,0.06332393,0.68269711,-0.03051758,-2.99634869,-1.58918650,-2.24654396,0.06141663,0.68656064,-0.03128052,-0.01464844,0.00488281,0.00976562,-0.01464844,-0.04394531,-0.02929688,1.01394653,2.62042460,2.65159607,-0.02441406
7.35298538,2580,-3.00168927,-1.62924082,-2.24272927,0.06332397,0.68198300,-0.03051758,3.28149604,-1.57888682,-2.24272927,0.06332396,0.68247347,-0.03051758,-2.99634869,-1.58918650,-2.24654396,0.06141663,0.68579770,-0.03128052,-0.01464844,0.00000000,0.00488281,-0.01464844,-0.04394531,-0.01464844,1.00250244,2.60168065,2.65121460,-0.07324219
7.36645317,2585,-3.00168927,-1.62924082,-2.24272927,0.06332397,0.68160153,-0.03051758,3.28149604,-1.57888682,-2.24272927,0.06332397,0.68221403,-0.03051758,-2.99634869,-1.58918650,-2.24654396,0.06141663,0.68541623,-0.03089905,-0.00976562,-0.00976562,0.00976562,-0.01464844,-0.05859375,0.00000000,0.99411011,2.58268609,2.65045166,-0.07324219
7.37978649,2590,-3.00168927,-1.62924082,-2.24272927,0.06332397,0.68160153,-0.03051758,3.28149604,-1.57888682,-2.24272927,0.06332397,0.68205870,-0.03051758,-2.99673016,-1.58918650,-2.24654396,0.06141663,0.68465329,-0.03128052,-0.01464844,0.00488281,0.00976562,0.00000000,-0.04394531,-0.01464844,0.98495483,2.56376368,2.64930725,-0.12207031
7.39299130,2595,-3.00168927,-1.62924082,-2.24272927,0.06332397,0.68122006,-0.03051758,3.28149604,-1.57888682,-2.24272927,0.06332397,0.68183141,-0.03051758,-2.99673016,-1.58880503,-2.24616249,0.06141663,0.68427182,-0.03128052,-0.01464844,0.01464844,0.00976562,-0.01464844,-0.01464844,-0.01464844,0.97656250,2.54596835,2.64739990,-0.17089844
7.40714121,2600,-3.00168927,-1.62924082,-2.24272927,0.06332397,0.68122006,-0.03051758,3.28149604,-1.57888682,-2.24272927,0.06332397,0.68167686,-0.03051758,-2.99673016,-1.58842356,-2.24616249,0.06141663,0.68389035,-0.03089905,-0.00976562,0.02441406,0.01464844,-0.02929688,-0.00000000,0.00000000,0.96359253,2.52706130,2.64434814,-0.26855469
7.42215753,2605,-3.00168927,-1.62924082,-2.24272927,0.06332397,0.68122006,-0.03051758,3.28149604,-1.57888682,-2.24272927,0.06332397,0.68162621,-0.03051758,-2.99673016,-1.58804209,-2.24578102,0.06141663,0.68389035,-0.03128052,-0.00976562,0.02929688,0.01953125,0.00000000,0.02929688,-0.01464844,0.94909668,2.50706130,2.64244080,-0.21972656
7.43674445,2610,-3.00168927,-1.62924082,-2.24272927,0.06332397,0.68122006,-0.03051758,3.28149604,-1.57888682,-2.24272927,0.06332397,0.68160962,-0.03051758,-2.99673016,-1.58766062,-2.24578102,0.06141663,0.68389035,-0.03128052,-0.00976562,0.02441406,0.01464844,-0.01464844,0.01464844,0.00000000,0.93688965,2.48706130,2.63786316,-0.17089844
7.45039821,2615,-3.00168927,-1.62924082,-2.24272927,0.06332397,0.68122006,-0.03051758,3.28149604,-1.57888682,-2.24272927,0.06332397,0.68160418,-0.03051758,-2.99711163,-1.58766062,-2.24578102,0.06141663,0.68389035,-0.03128052,-0.00976562,0.00000000,0.01464844,-0.02929688,0.02929688,-0.01464844,0.92849731,2.46706130,2.63366699,-0.31738281
7.46425390,2620,-3.00168927,-1.62924082,-2.24272927,0.06332397,0.68160153,-0.03051758,3.28149604,-1.57888682,-2.24272927,0.06332397,0.68167869,-0.03051758,-2.99711163,-1.58727915,-2.24539955,0.06141663,0.68389035,-0.03128052,-0.00976562,0.00000000,0.01953125,-0.02929688,-0.00000000,-0.01464844,0.91362000,2.44706130,2.63175964,-0.12207031
7.48060989,2625,-3.00168927,-1.62924082,-2.24272927,0.06332397,0.68160153,-0.03051758,3.28149604,-1.57888682,-2.24272927,0.06332397,0.68188328,-0.03051758,-2.99711163,-1.58727915,-2.24539955,0.06141663,0.68389035,-0.03089905,-0.00976562,0.00000000,0.00976562,-0.01464844,0.01464844,-0.01464844,0.90408325,2.42706130,2.62680054,-0.48828125
7.49451995,2630,-3.00168927,-1.62924082,-2.24272927,0.06332397,0.68160153,-0.03051758,3.28149604,-1.57888682,-2.24272927,0.06332397,0.68195032,-0.03051758,-2.99711163,-1.58727915,-2.24539955,0.06141663,0.68389035,-0.03089905,-0.01464844,-0.00488281,0.00976562,-0.02929688,0.01464844,0.00000000,0.89454651,2.40706130,2.61459351,-0.73242188
7.50773621,2635,-3.00168927,-1.62924082,-2.24272927,0.06332397,0.68160153,-0.03051758,3.28149604,-1.57888682,-2.24272927,0.06332397,0.68197229,-0.03051758,-2.99749310,-1.58727915,-2.24539955,0.06141663,0.68389035,-0.03089905,-0.01953125,-0.00488281,0.00488281,-0.02929688,-0.00000000,-0.01464844,0.89035034,2.38706130,2.60734558,-0.73242188
7.52069759,2640,-3.00168927,-1.62924082,-2.24272927,0.06332397,0.68160153,-0.03051758,3.28149604,-1.57888682,-2.24272927,0.06332397,0.68197949,-0.03051758,-2.99787457,-1.58727915,-2.24539955,0.06179810,0.68350888,-0.03089905,-0.02441406,0.00000000,0.00976562,-0.01464844,0.01464844,-0.01464844,0.88005066,2.36706130,2.59552002,-0.68359375
7.53520131,2645,-3.00168927,-1.62924082,-2.24272927,0.06332397,0.68160153,-0.03051758,3.28149604,-1.57888682,-2.24272927,0.06332397,0.68198185,-0.03051758,-2.99787457,-1.58727915,-2.24501808,0.06179810,0.68350888,-0.03089905,-0.01464844,0.01464844,0.00976562,-0.02929688,0.01464844,-0.01464844,0.87432861,2.34706130,2.58369446,-0.90332031
7.55243134,2650,-3.00168927,-1.62924082,-2.24272927,0.06332397,0.68198300,-0.03051758,3.28149604,-1.57888682,-2.24272927,0.06332397,0.68216878,-0.03051758,-2.99787457,-1.58689769,-2.24501808,0.06179810,0.68350888,-0.03128052,-0.00488281,0.01464844,0.00976562,-0.01464844,0.01464844,-0.01464844,0.87051392,2.33059559,2.57377625,-0.83007812
7.56467462,2655,-3.00168927,-1.62924082,-2.24272927,0.06332397,0.68198300,-0.03051758,3.28149604,-1.57888682,-2.24272927,0.06332397,0.68230035,-0.03051758,-2.99787457,-1.58651622,-2.24501808,0.06179810,0.68350888,-0.03089905,-0.00976562,0.00976562,0.00976562,-0.01464844,0.01464844,0.01464844,0.87013245,2.32423595,2.56080627,-0.90332031
7.57698131,2660,-3.00168927,-1.62924082,-2.24272927,0.06332397,0.68236447,-0.03051758,3.28149604,-1.57888682,-2.24272927,0.06332397,0.68252961,-0.03051758,-2.99787457,-1.58651622,-2.24501808,0.06179810,0.68350888,-0.03128052,-0.00488281,0.00488281,0.00976562,0.00000000,-0.00000000,-0.04394531,0.87013245,2.32232780,2.55279541,-0.75683594
7.59302115,2665,-3.00168927,-1.62924082,-2.24272927,0.06332397,0.68312741,-0.03051758,3.28149604,-1.57888682,-2.24272927,0.06332397,0.68297657,-0.03051758,-2.99825604,-1.58613475,-2.24501808,0.06179810,0.68350888,-0.03089905,-0.01464844,0.00488281,0.00488281,-0.01464844,0.01464844,-0.01464844,0.87013245,2.32158047,2.53868103,-0.73242188
7.60852742,2670,-3.00168927,-1.62924082,-2.24272927,0.06332397,0.68350888,-0.03051758,3.28149604,-1.57888682,-2.24272927,0.06332397,0.68347178,-0.03051758,-2.99825604,-1.58613475,-2.24501808,0.06179810,0.68350888,-0.03089905,-0.01464844,0.00000000,0.00976562,-0.01464844,0.01464844,-0.01464844,0.87013245,2.32109731,2.52532959,-0.95214844
7.62007093,2675,-3.00168927,-1.62924082,-2.24272927,0.06332397,0.68350888,-0.03051758,3.28149604,-1.57888682,-2.24272927,0.06332397,0.68381423,-0.03051758,-2.99825604,-1.58613475,-2.24501808,0.06179810,0.68350888,-0.03128052,-0.00976562,0.00488281,0.00488281,-0.02929688,0.01464844,-0.01464844,0.87013245,2.32093898,2.51693726,-0.75683594
7.63389087,2680,-3.00168927,-1.62924082,-2.24272927,0.06332397,0.68389035,-0.03051758,3.28149604,-1.57888682,-2.24272927,0.06332397,0.68412187,-0.03051758,-2.99825604,-1.58613475,-2.24501808,0.06179810,0.68350888,-0.03128052,-0.01464844,0.00000000,0.00488281,-0.01464844,0.01464844,-0.01464844,0.87013245,2.32088710,2.50930786,-0.75683594
7.64856267,2685,-3.00168927,-1.62924082,-2.24272927,0.06332397,0.68427182,-0.03051758,3.28149604,-1.57888682,-2.24272927,0.06332397,0.68439908,-0.03051758,-2.99825604,-1.58575328,-2.24501808,0.06179810,0.68350888,-0.03089905,-0.01464844,0.00000000,0.00488281,-0.01464844,0.01464844,-0.01464844,0.86975098,2.32059544,2.49633789,-0.92773438
7.66073585,2690,-3.00168927,-1.62924082,-2.24272927,0.06332397,0.68427182,-0.03051758,3.28149604,-1.57888682,-2.24272927,0.06332397,0.68456999,-0.03051758,-2.99863751,-1.58575328,-2.24501808,0.06217957,0.68350888,-0.03128052,-0.00976562,0.00488281,0.00976562,0.00000000,0.02929688,-0.02929688,0.87013245,2.32053625,2.48298645,-0.92773438
7.67552209,2695,-3.00168927,-1.62924082,-2.24272927,0.06332397,0.68389035,-0.03051758,3.28149604,-1.57888682,-2.24272927,0.06332397,0.68454970,-0.03051758,-2.99863751,-1.58575328,-2.24501808,0.06217957,0.68350888,-0.03089905,-0.00488281,0.00976562,0.00976562,-0.01464844,0.04394531,-0.01464844,0.86975098,2.32060255,2.47764587,-0.56152344
7.69184685,2700,-3.00168927,-1.62924082,-2.24272927,0.06332397,0.68427182,-0.03051758,3.28149604,-1.57888682,-2.24272927,0.06332397,0.68461934,-0.03051758,-2.99863751,-1.58575328,-2.24501808,0.06217957,0.68350888,-0.03089905,-0.00976562,0.00488281,0.00976562,-0.01464844,0.01464844,-0.01464844,0.86975098,2.32034204,2.46009827,-0.95214844
7.70649219,2705,-3.00168927,-1.62924082,-2.24272927,0.06332397,0.68427182,-0.03051758,3.28149604,-1.57888682,-2.24272927,0.06341187,0.68464216,-0.03051758,-2.99863751,-1.58537181,-2.24463662,0.06217957,0.68350888,-0.03089905,-0.00976562,0.00000000,0.00488281,-0.01464844,0.01464844,-0.01464844,0.86860657,2.31923837,2.44789124,-0.90332031
7.72081995,2710,-3.00168927,-1.62924082,-2.24272927,0.06332397,0.68389035,-0.03051758,3.28149604,-1.57888682,-2.24272927,0.06335277,0.68442442,-0.03051758,-2.99863751,-1.58537181,-2.24463662,0.06217957,0.68350888,-0.03089905,-0.00976562,-0.00488281,0.00488281,-0.01464844,0.01464844,0.00000000,0.86402893,2.31519703,2.44140625,-0.56152344
7.73274469,2715,-3.00168927,-1.62924082,-2.24272927,0.06332397,0.68389035,-0.03051758,3.28149604,-1.57888682,-2.24272927,0.06333341,0.68440971,-0.03051758,-2.99863751,-1.58537181,-2.24463662,0.06217957,0.68350888,-0.03089905,-0.00488281,0.00000000,0.00488281,-0.02929688,0.02929688,-0.02929688,0.85716248,2.30487033,2.42919922,-1.00097656
7.74697709,2720,-3.00168927,-1.62924082,-2.24272927,0.06332397,0.68389035,-0.03051758,3.28149604,-1.57888682,-2.24272927,0.06332707,0.68431700,-0.03051758,-2.99863751,-1.58537181,-2.24463662,0.06217957,0.68350888,-0.03089905,-0.00976562,0.00000000,0.00488281,0.00000000,0.01464844,-0.01464844,0.84686279,2.28839394,2.41661072,-0.97656250
7.75828838,2725,-3.00168927,-1.62924082,-2.24272927,0.06332397,0.68389035,-0.03051758,3.28149604,-1.57888682,-2.24272927,0.06332499,0.68428662,-0.03051758,-2.99863751,-1.58537181,-2.24463662,0.06217957,0.68350888,-0.03089905,-0.00976562,0.00488281,0.00488281,0.01464844,0.01464844,0.00000000,0.83847046,2.27102377,2.40936279,-0.56152344
7.77315116,2730,-3.00168927,-1.62924082,-2.24272927,0.06332397,0.68350888,-0.03051758,3.28149604,-1.57888682,-2.24272927,0.06332431,0.68402020,-0.03051758,-2.99863751,-1.58499034,-2.24463662,0.06256104,0.68350888,-0.03089905,-0.00488281,0.00976562,0.00488281,0.01464844,0.02929688,-0.02929688,0.82969666,2.25317743,2.39639282,-1.00097656
7.78832674,2735,-3.00168927,-1.62924082,-2.24272927,0.06294250,0.68350888,-0.03051758,3.28149604,-1.57888682,-2.24272927,0.06318675,0.68393290,-0.03051758,-2.99863751,-1.58460887,-2.24463662,0.06256104,0.68389035,-0.03089905,-0.00976562,0.00976562,0.00976562,-0.01464844,0.02929688,-0.01464844,0.81977844,2.23537636,2.38304138,-0.80566406
7.80283141,2740,-3.00168927,-1.62924082,-2.24272927,0.06294250,0.68350888,-0.03051758,3.28149604,-1.57888682,-2.24272927,0.06311043,0.68390429,-0.03051758,-2.99863751,-1.58460887,-2.24463662,0.06256104,0.68350888,-0.03089905,-0.00488281,0.00000000,0.00488281,-0.01464844,0.01464844,-0.02929688,0.81024170,2.21759038,2.37312317,-0.70800781
7.81497908,2745,-3.00168927,-1.62924082,-2.24272927,0.06294250,0.68350888,-0.03051758,3.28149604,-1.57888682,-2.24272927,0.06299753,0.68389492,-0.03051758,-2.99901898,-1.58460887,-2.24463662,0.06256104,0.68350888,-0.03089905,-0.00488281,0.00488281,0.00976562,0.00000000,-0.00000000,-0.01464844,0.80413818,2.20135948,2.36206055,-0.97656250
7.82929540,2750,-3.00168927,-1.62924082,-2.24272927,0.06294250,0.68350888,-0.03051758,3.28149604,-1.57888682,-2.24272927,0.06296054,0.68389185,-0.03051758,-2.99901898,-1.58460887,-2.24425515,0.06256104,0.68350888,-0.03089905,-0.00488281,0.00000000,0.01464844,-0.02929688,0.01464844,-0.01464844,0.79650879,2.18661418,2.34985352,-0.80566406
7.84524274,2755,-3.00168927,-1.62924082,-2.24272927,0.06294250,0.68350888,-0.03051758,3.28149604,-1.57888682,-2.24272927,0.06294841,0.68389084,-0.03051758,-2.99901898,-1.58460887,-2.24425515,0.06256104,0.68389035,-0.03089905,-0.00488281,0.00000000,0.00976562,-0.02929688,0.02929688,0.00000000,0.79307556,2.17435739,2.33764648,-0.85449219
7.85801029,2760,-3.00168927,-1.62924082,-2.24272927,0.06294250,0.68350888,-0.03051758,3.28149604,-1.57888682,-2.24272927,0.06294444,0.68389051,-0.03051758,-2.99901898,-1.58422740,-2.24425515,0.06256104,0.68350888,-0.03089905,-0.01464844,0.00488281,0.00976562,-0.01464844,0.02929688,-0.02929688,0.78811646,2.16411721,2.32772827,-0.80566406
7.87202835,2765,-3.00168927,-1.62924082,-2.24272927,0.06294250,0.68350888,-0.03051758,3.28149604,-1.57888682,-2.24272927,0.06294314,0.68389040,-0.03057861,-2.99901898,-1.58422740,-2.24425515,0.06256104,0.68350888,-0.03089905,-0.00488281,0.00488281,0.00976562,-0.01464844,0.01464844,-0.01464844,0.78353882,2.15403612,2.31666565,-0.83007812
7.88793802,2770,-3.00168927,-1.62924082,-2.24272927,0.06332397,0.68389035,-0.03051758,3.28149604,-1.57888682,-2.24272927,0.06316012,0.68405894,-0.03053758,-2.99901898,-1.58422740,-2.24425515,0.06256104,0.68350888,-0.03089905,-0.00488281,0.00488281,0.00976562,-0.02929688,0.01464844,-0.01464844,0.77896118,2.14602474,2.30216980,-0.97656250
7.90398932,2775,-3.00168927,-1.62924082,-2.24272927,0.06294250,0.68389035,-0.03051758,3.28149604,-1.57888682,-2.24272927,0.06301381,0.68420206,-0.03052413,-2.99901898,-1.58384593,-2.24387368,0.06256104,0.68389035,-0.03128052,-0.01464844,0.00000000,0.00976562,-0.01464844,0.01464844,-0.01464844,0.77247620,2.13425284,2.29148865,-0.73242188
7.91767955,2780,-3.00168927,-1.62924082,-2.24272927,0.06332397,0.68389035,-0.03051758,3.28149604,-1.57888682,-2.24272927,0.06310320,0.68424896,-0.03051973,-2.99940045,-1.58384593,-2.24387368,0.06256104,0.68389035,-0.03089905,-0.01464844,0.00488281,0.00976562,-0.02929688,0.01464844,-0.01464844,0.76675415,2.12374919,2.28118896,-0.73242188
7.93143678,2785,-3.00168927,-1.62924082,-2.24272927,0.06294250,0.68389035,-0.03051758,3.28149604,-1.57888682,-2.24272927,0.06303422,0.68426433,-0.03051828,-2.99940045,-1.58384593,-2.24387368,0.06256104,0.68389035,-0.03089905,-0.01953125,0.00000000,0.00488281,-0.01464844,0.02929688,-0.01464844,0.76026917,2.11022898,2.26821899,-1.00097656
7.94589782,2790,-3.00168927,-1.62924082,-2.24272927,0.06294250,0.68389035,-0.03051758,3.28149604,-1.57888682,-2.24272927,0.06297256,0.68426936,-0.03051781,-2.99978192,-1.58384593,-2.24387368,0.06256104,0.68389035,-0.03089905,-0.00976562,-0.00488281,0.00488281,0.00000000,-0.00000000,-0.01464844,0.74729919,2.09160185,2.25830078,-0.58593750
7.95981812,2795,-3.00168927,-1.62924082,-2.24272927,0.06294250,0.68389035,-0.03051758,3.28149604,-1.57888682,-2.24272927,0.06295235,0.68427101,-0.03051765,-2.99978192,-1.58384593,-2.24387368,0.06256104,0.68350888,-0.03089905,-0.01464844,-0.00488281,0.00488281,-0.02929688,-0.00000000,-0.01464844,0.73585510,2.07218270,2.24876404,-0.85449219
7.97430778,2800,-3.00168927,-1.62924082,-2.24272927,0.06294250,0.68389035,-0.03051758,3.28149604,-1.57888682,-2.24272927,0.06298479,0.68427155,-0.03051760,-2.99978192,-1.58384593,-2.24387368,0.06256104,0.68389035,-0.03089905,-0.01464844,-0.00488281,-0.00000000,-0.02929688,0.01464844,-0.02929688,0.72555542,2.05224465,2.23159790,-1.07421875
7.98846579,2805,-3.00168927,-1.62924082,-2.24272927,0.06332397,0.68389035,-0.03051758,3.28149604,-1.57888682,-2.24272927,0.06306391,0.68427173,-0.03051759,-2.99978192,-1.58346446,-2.24387368,0.06294250,0.68350888,-0.03089905,-0.00488281,0.00488281,0.00488281,-0.01464844,0.01464844,-0.01464844,0.71640015,2.03224465,2.22320557,-0.51269531
8.00082016,2810,-3.00168927,-1.62924082,-2.24272927,0.06332397,0.68389035,-0.03051758,3.28149604,-1.57888682,-2.24272927,0.06323876,0.68427179,-0.03051758,-2.99978192,-1.58346446,-2.24387368,0.06256104,0.68389035,-0.03089905,-0.00488281,0.00000000,0.00488281,-0.01464844,0.02929688,-0.02929688,0.70762634,2.01224465,2.21366882,-0.85449219
8.01377082,2815,-3.00168927,-1.62924082,-2.24272927,0.06332397,0.68389035,-0.03051758,3.28149604,-1.57888682,-2.24272927,0.06329605,0.68427181,-0.03051758,-2.99978192,-1.58346446,-2.24387368,0.06256104,0.68389035,-0.03089905,-0.00976562,0.00488281,0.00488281,-0.01464844,0.01464844,-0.01464844,0.69999695,1.99453053,2.20260620,-0.92773438
8.02659631,2820,-3.00168927,-1.62924082,-2.24272927,0.06332397,0.68389035,-0.03051758,3.28149604,-1.57888682,-2.24272927,0.06331482,0.68427181,-0.03051758,-2.99978192,-1.58308299,-2.24387368,0.06256104,0.68389035,-0.03089905,-0.00488281,0.00976562,0.00976562,-0.01464844,0.01464844,-0.01464844,0.69122314,1.97740492,2.19154358,-0.83007812
8.04065752,2825,-3.00168927,-1.62924082,-2.24272927,0.06332397,0.68427182,-0.03051758,3.28149604,-1.57888682,-2.24272927,0.06332098,0.68444821,-0.03051758,-2.99978192,-1.58308299,-2.24387368,0.06256104,0.68389035,-0.03089905,-0.00976562,0.00976562,0.00488281,-0.02929688,0.01464844,0.01464844,0.68283081,1.95962279,2.18276978,-0.65917969
8.05448127,2830,-3.00168927,-1.62924082,-2.24272927,0.06332397,0.68427182,-0.03051758,3.28149604,-1.57888682,-2.24272927,0.06332299,0.68458609,-0.03051758,-2.99978192,-1.58308299,-2.24387368,0.06256104,0.68389035,-0.03089905,-0.00976562,0.00000000,0.00976562,-0.01464844,0.02929688,-0.01464844,0.67405701,1.94284697,2.17018127,-1.07421875
8.06770468,2835,-3.00168927,-1.62924082,-2.24272927,0.06332397,0.68465329,-0.03051758,3.28149604,-1.57888682,-2.24272927,0.06332365,0.68470756,-0.03051758,-2.99978192,-1.58270152,-2.24387368,0.06256104,0.68389035,-0.03089905,-0.00488281,0.00000000,0.00976562,-0.01464844,0.02929688,-0.02929688,0.66719055,1.92748317,2.15950012,-0.87890625
8.08224344,2840,-3.00168927,-1.62924082,-2.24272927,0.06332397,0.68465329,-0.03051758,3.28149604,-1.57888682,-2.24272927,0.06332387,0.68489629,-0.03051758,-2.99978192,-1.58270152,-2.24387368,0.06256104,0.68389035,-0.03089905,-0.00488281,0.00000000,0.00488281,-0.01464844,-0.00000000,-0.01464844,0.65841675,1.91124100,2.14881897,-0.68359375
8.09615016,2845,-3.00168927,-1.62924082,-2.24272927,0.06332397,0.68465329,-0.03051758,3.28149604,-1.57888682,-2.24272927,0.06332394,0.68498938,-0.03051758,-2.99978192,-1.58270152,-2.24387368,0.06294250,0.68389035,-0.03089905,-0.00976562,0.00000000,0.00488281,0.00000000,0.01464844,-0.01464844,0.65116882,1.89535064,2.13890076,-0.87890625
8.11155653,2850,-3.00168927,-1.62924082,-2.24272927,0.06332397,0.68465329,-0.03051758,3.28149604,-1.57888682,-2.24272927,0.06332396,0.68501989,-0.03051758,-3.00016339,-1.58270152,-2.24387368,0.06256104,0.68389035,-0.03089905,-0.00976562,-0.00488281,0.00488281,-0.01464844,0.01464844,0.00000000,0.64544678,1.88101210,2.12669373,-0.83007812
8.12483644,2855,-3.00168927,-1.62924082,-2.24272927,0.06332397,0.68465329,-0.03051758,3.28149604,-1.57888682,-2.24272927,0.06332397,0.68502989,-0.03051758,-3.00016339,-1.58270152,-2.24387368,0.06256104,0.68389035,-0.03089905,-0.00976562,-0.00488281,0.00488281,0.01464844,-0.00000000,-0.02929688,0.64468384,1.87370965,2.11296082,-0.87890625
8.13818336,2860,-3.00168927,-1.62924082,-2.24272927,0.06332397,0.68465329,-0.03089905,3.28149604,-1.57888682,-2.24272927,0.06332397,0.68497213,-0.03059387,-3.00016339,-1.58270152,-2.24387368,0.06256104,0.68389035,-0.03089905,-0.00488281,0.00000000,0.00976562,-0.01464844,0.01464844,-0.02929688,0.64468384,1.87119178,2.10456848,-0.80566406
8.15394282,2865,-3.00168927,-1.62924082,-2.24272927,0.06332397,0.68465329,-0.03051758,3.28149604,-1.57888682,-2.24272927,0.06332397,0.68496541,-0.03054258,-3.00016339,-1.58270152,-2.24387368,0.06256104,0.68389035,-0.03089905,-0.00976562,0.00000000,0.00976562,0.00000000,0.02929688,-0.01464844,0.64468384,1.87036672,2.09121704,-0.75683594
8.16843081,2870,-3.00168927,-1.62924082,-2.24272927,0.06332397,0.68427182,-0.03051758,3.28149604,-1.57888682,-2.24272927,0.06332397,0.68489668,-0.03052577,-3.00016339,-1.58270152,-2.24387368,0.06294250,0.68389035,-0.03089905,-0.00976562,0.00000000,0.00488281,-0.01464844,0.01464844,-0.01464844,0.64468384,1.87009637,2.08091736,-0.85449219
8.18327427,2875,-3.00168927,-1.62924082,-2.24272927,0.06332397,0.68465329,-0.03089905,3.28149604,-1.57888682,-2.24272927,0.06332397,0.68495826,-0.03059656,-3.00016339,-1.58270152,-2.24387368,0.06256104,0.68389035,-0.03089905,-0.01464844,0.00000000,0.00976562,-0.01464844,-0.00000000,-0.02929688,0.64392090,1.86940475,2.06832886,-0.68359375
8.19722366,2880,-3.00168927,-1.62924082,-2.24272927,0.06332397,0.68465329,-0.03051758,3.28149604,-1.57888682,-2.24272927,0.06332397,0.68500969,-0.03060449,-3.00054486,-1.58270152,-2.24349221,0.06256104,0.68389035,-0.03089905,-0.00976562,-0.00488281,0.00976562,0.00000000,0.02929688,-0.01464844,0.64010620,1.86610146,2.05688477,-0.75683594
8.21238708,2885,-3.00168927,-1.62924082,-2.24272927,0.06294250,0.68465329,-0.03089905,3.28149604,-1.57888682,-2.24272927,0.06324768,0.68502654,-0.03080253,-3.00054486,-1.58232005,-2.24349221,0.06294250,0.68389035,-0.03089905,-0.00976562,0.00488281,0.00488281,-0.01464844,0.01464844,-0.01464844,0.63285828,1.85592749,2.04238892,-1.02539062
8.22634029,2890,-3.00168927,-1.62924082,-2.24272927,0.06294250,0.68465329,-0.03089905,3.28149604,-1.57888682,-2.24272927,0.06304250,0.68498324,-0.03086742,-3.00054486,-1.58232005,-2.24349221,0.06294250,0.68427182,-0.03089905,-0.00976562,-0.00488281,0.00488281,-0.02929688,0.02929688,-0.01464844,0.62370300,1.84180950,2.03247070,-0.58593750
8.24094057,2895,-3.00168927,-1.62924082,-2.24272927,0.06294250,0.68427182,-0.03089905,3.28149604,-1.57888682,-2.24272927,0.06297527,0.68476141,-0.03088868,-3.00054486,-1.58232005,-2.24349221,0.06294250,0.68389035,-0.03089905,-0.00976562,0.00000000,0.00488281,0.00000000,-0.00000000,-0.01464844,0.61531067,1.82463498,2.02255249,-0.85449219
8.25706267,2900,-3.00168927,-1.62924082,-2.24272927,0.06294250,0.68427182,-0.03089905,3.28149604,-1.57888682,-2.24272927,0.06295324,0.68468872,-0.03089565,-3.00054486,-1.58232005,-2.24349221,0.06294250,0.68389035,-0.03089905,-0.00976562,0.00000000,0.00976562,-0.01464844,0.01464844,-0.02929688,0.60577393,1.80702261,2.01072693,-0.97656250
8.26987481,2905,-3.00168927,-1.62924082,-2.24272927,0.06294250,0.68427182,-0.03089905,3.28149604,-1.57888682,-2.24272927,0.06294602,0.68466490,-0.03089794,-3.00054486,-1.58232005,-2.24349221,0.06294250,0.68389035,-0.03089905,-0.00488281,0.00488281,0.00976562,-0.01464844,-0.00000000,-0.01464844,0.60005188,1.79185222,1.99890137,-0.61035156
8.28470278,2910,-3.00168927,-1.62924082,-2.24272927,0.06294250,0.68427182,-0.03089905,3.28149604,-1.57888682,-2.24272927,0.06294366,0.68465709,-0.03089868,-3.00054486,-1.58232005,-2.24349221,0.06294250,0.68389035,-0.03089905,-0.00488281,0.00488281,0.00488281,-0.02929688,-0.00000000,-0.01464844,0.59165955,1.77603109,1.99089050,-0.75683594
8.29800177,2915,-3.00168927,-1.62924082,-2.24272927,0.06332397,0.68427182,-0.03089905,3.28149604,-1.57888682,-2.24272927,0.06305043,0.68465453,-0.03089893,-3.00054486,-1.58193858,-2.24349221,0.06294250,0.68427182,-0.03089905,-0.00488281,0.00488281,0.00488281,-0.01464844,0.01464844,-0.01464844,0.58441162,1.76009120,1.97410583,-1.04980469
8.31218362,2920,-3.00168927,-1.62924082,-2.24272927,0.06332397,0.68427182,-0.03089905,3.28149604,-1.57888682,-2.24272927,0.06311520,0.68465370,-0.03089901,-3.00054486,-1.58193858,-2.24349221,0.06294250,0.68427182,-0.03089905,-0.00488281,0.00488281,0.00488281,-0.01464844,0.01464844,-0.01464844,0.57754517,1.74543492,1.96342468,-0.68359375
8.32602191,2925,-3.00168927,-1.62924082,-2.24272927,0.06332397,0.68427182,-0.03089905,3.28149604,-1.57888682,-2.24272927,0.06314570,0.68465342,-0.03089904,-3.00054486,-1.58193858,-2.24349221,0.06294250,0.68389035,-0.03089905,-0.00976562,0.00000000,0.01464844,0.00000000,-0.00000000,0.00000000,0.57334900,1.73456911,1.95541382,-0.73242188
8.33981991,2930,-3.00168927,-1.62924082,-2.24272927,0.06332397,0.68427182,-0.03051758,3.28149604,-1.57888682,-2.24272927,0.06326556,0.68465333,-0.03076171,-3.00054486,-1.58155711,-2.24311074,0.06294250,0.68427182,-0.03089905,-0.00488281,-0.00488281,0.00976562,-0.01464844,0.01464844,-0.02929688,0.56953430,1.72632843,1.94168091,-0.97656250
8.35272813,2935,-3.00168927,-1.62924082,-2.24272927,0.06332397,0.68465329,-0.03051758,3.28149604,-1.57888682,-2.24272927,0.06330483,0.68479063,-0.03077775,-3.00054486,-1.58155711,-2.24311074,0.06294250,0.68427182,-0.03089905,-0.00976562,-0.00488281,0.00976562,-0.01464844,0.02929688,-0.02929688,0.56953430,1.72172676,1.93138123,-0.78125000
8.36596107,2940,-3.00168927,-1.62924082,-2.24272927,0.06332397,0.68465329,-0.03089905,3.28149604,-1.57888682,-2.24272927,0.06331770,0.68489373,-0.03067913,-3.00054486,-1.58155711,-2.24311074,0.06294250,0.68427182,-0.03089905,-0.00488281,0.00000000,0.00488281,-0.01464844,0.01464844,-0.02929688,0.56915283,1.72018836,1.92222595,-0.75683594
8.37784815,2945,-3.00168927,-1.62924082,-2.24272927,0.06332397,0.68465329,-0.03051758,3.28149604,-1.57888682,-2.24272927,0.06332192,0.68495729,-0.03061934,-3.00054486,-1.58155711,-2.24311074,0.06294250,0.68427182,-0.03089905,-0.00488281,-0.00488281,0.00488281,0.00000000,0.01464844,-0.02929688,0.56762695,1.71808954,1.91040039,-1.02539062
8.39405513,2950,-3.00168927,-1.62924082,-2.24272927,0.06332397,0.68465329,-0.03051758,3.28149604,-1.57888682,-2.24272927,0.06332330,0.68500937,-0.03055092,-3.00054486,-1.58155711,-2.24311074,0.06294250,0.68427182,-0.03089905,-0.00488281,-0.00488281,0.00488281,0.00000000,-0.00000000,-0.01464844,0.55847168,1.70925726,1.90086365,-0.78125000
8.40691996,2955,-3.00168927,-1.62924082,-2.24272927,0.06332397,0.68465329,-0.03051758,3.28149604,-1.57888682,-2.24272927,0.06332375,0.68502644,-0.03052850,-3.00054486,-1.58155711,-2.24311074,0.06294250,0.68427182,-0.03089905,-0.00488281,0.00000000,0.00488281,-0.02929688,0.01464844,-0.02929688,0.54855347,1.69295539,1.88789368,-0.83007812
8.41915965,2960,-3.00168927,-1.62924082,-2.24272927,0.06332397,0.68465329,-0.03089905,3.28149604,-1.57888682,-2.24272927,0.06332390,0.68503203,-0.03059745,-3.00054486,-1.58155711,-2.24311074,0.06294250,0.68427182,-0.03089905,-0.00976562,-0.00488281,0.00488281,-0.01464844,0.01464844,-0.02929688,0.54016113,1.67479665,1.87759399,-0.87890625
8.43448639,2965,-3.00168927,-1.62924082,-2.24272927,0.06332397,0.68465329,-0.03089905,3.28149604,-1.57888682,-2.24272927,0.06332395,0.68503386,-0.03068108,-3.00054486,-1.58155711,-2.24311074,0.06256104,0.68427182,-0.03089905,-0.00488281,0.00488281,0.00488281,-0.02929688,0.01464844,-0.01464844,0.52986145,1.65524314,1.86614990,-0.78125000
8.44818187,2970,-3.00168927,-1.62924082,-2.24272927,0.06332397,0.68465329,-0.03051758,3.28149604,-1.57888682,-2.24272927,0.06332397,0.68503446,-0.03071227,-3.00054486,-1.58155711,-2.24311074,0.06294250,0.68427182,-0.03089905,-0.00488281,0.00000000,0.00488281,0.00000000,0.01464844,-0.01464844,0.52032471,1.63726040,1.85241699,-0.97656250
8.46455932,2975,-3.00168927,-1.62924082,-2.24272927,0.06332397,0.68427182,-0.03089905,3.28149604,-1.57888682,-2.24272927,0.06326294,0.68495837,-0.03074556,-3.00054486,-1.58117564,-2.24311074,0.06294250,0.68427182,-0.03089905,-0.00488281,0.00488281,0.00488281,-0.01464844,0.01464844,-0.02929688,0.50888062,1.61726040,1.84364319,-0.73242188
8.47751141,2980,-3.00168927,-1.62924082,-2.24272927,0.06332397,0.68465329,-0.03051758,3.28149604,-1.57888682,-2.24272927,0.06325515,0.68496090,-0.03062353,-3.00054486,-1.58117564,-2.24311074,0.06294250,0.68427182,-0.03089905,-0.00488281,0.00488281,0.00488281,-0.01464844,0.01464844,-0.02929688,0.49743652,1.59726040,1.83143616,-0.78125000
8.49265933,2985,-3.00168927,-1.62924082,-2.24272927,0.06332397,0.68427182,-0.03089905,3.28149604,-1.57888682,-2.24272927,0.06330142,0.68484198,-0.03069890,-3.00054486,-1.58117564,-2.24311074,0.06294250,0.68427182,-0.03089905,-0.00976562,0.00000000,0.00488281,-0.01464844,-0.00000000,-0.01464844,0.48942566,1.57726040,1.81884766,-0.95214844
8.50751305,2990,-3.00168927,-1.62924082,-2.24272927,0.06332397,0.68465329,-0.03089905,3.28149604,-1.57888682,-2.24272927,0.06331658,0.68485245,-0.03076315,-3.00054486,-1.58079417,-2.24311074,0.06294250,0.68427182,-0.03089905,-0.00488281,0.00000000,0.00488281,-0.02929688,0.01464844,0.01464844,0.48217773,1.55849742,1.80816650,-0.56152344
8.52127004,2995,-3.00168927,-1.62924082,-2.24272927,0.06332397,0.68465329,-0.03051758,3.28149604,-1.57888682,-2.24272927,0.06332155,0.68490470,-0.03063711,-3.00054486,-1.58079417,-2.24311074,0.06294250,0.68427182,-0.03089905,-0.00488281,-0.00488281,0.00488281,-0.01464844,0.01464844,-0.01464844,0.47798157,1.54576607,1.79710388,-0.90332031
8.53738093,3000,-3.00168927,-1.62924082,-2.24272927,0.06332397,0.68427182,-0.03051758,3.28149604,-1.57888682,-2.24272927,0.06332318,0.68480598,-0.03058800,-3.00054486,-1.58079417,-2.24311074,0.06294250,0.68427182,-0.03128052,-0.00488281,-0.00488281,0.00488281,-0.01464844,-0.00000000,-0.02929688,0.47302246,1.53622683,1.78260803,-1.02539062
8.55183434,3005,-3.00168927,-1.62924082,-2.24272927,0.06332397,0.68427182,-0.03051758,3.28149604,-1.57888682,-2.24272927,0.06332371,0.68470332,-0.03054065,-3.00092633,-1.58079417,-2.24311074,0.06294250,0.68427182,-0.03089905,-0.00488281,-0.00488281,0.00488281,-0.01464844,-0.00000000,0.00000000,0.47225952,1.52911713,1.77230835,-0.56152344
8.56495452,3010,-3.00168927,-1.62924082,-2.24272927,0.06332397,0.68427182,-0.03051758,3.28149604,-1.57888682,-2.24272927,0.06332389,0.68466968,-0.03062524,-3.00092633,-1.58079417,-2.24311074,0.06294250,0.68427182,-0.03089905,-0.00976562,-0.00488281,0.00488281,-0.01464844,0.01464844,-0.02929688,0.46844482,1.52409552,1.76315308,-0.83007812
8.57864666,3015,-3.00168927,-1.62924082,-2.24272927,0.06332397,0.68427182,-0.03051758,3.28149604,-1.57888682,-2.24272927,0.06332395,0.68465866,-0.03061389,-3.00092633,-1.58079417,-2.24311074,0.06294250,0.68427182,-0.03089905,-0.00488281,-0.00488281,0.00488281,-0.01464844,0.02929688,-0.01464844,0.46424866,1.51597373,1.75285339,-0.95214844
8.59427142,3020,-3.00168927,-1.62924082,-2.24272927,0.06332397,0.68427182,-0.03051758,3.28149604,-1.57888682,-2.24272927,0.06332397,0.68465505,-0.03061017,-3.00092633,-1.58079417,-2.24311074,0.06294250,0.68427182,-0.03089905,-0.00488281,-0.00488281,0.00488281,0.00000000,0.01464844,-0.01464844,0.45738220,1.50450232,1.73912048,-0.78125000
8.60765696,3025,-3.00168927,-1.62924082,-2.24272927,0.06332397,0.68427182,-0.03051758,3.28149604,-1.57888682,-2.24272927,0.06332397,0.68465386,-0.03064020,-3.00092633,-1.58079417,-2.24311074,0.06294250,0.68427182,-0.03089905,-0.00488281,0.00000000,0.00488281,-0.01464844,0.01464844,-0.01464844,0.45509338,1.49611592,1.72920227,-0.73242188
8.62099528,3030,-3.00168927,-1.62924082,-2.24272927,0.06332397,0.68427182,-0.03089905,3.28149604,-1.57888682,-2.24272927,0.06332397,0.68465348,-0.03074392,-3.00092633,-1.58079417,-2.24311074,0.06294250,0.68427182,-0.03089905,-0.00976562,-0.00488281,0.00976562,-0.01464844,0.01464844,-0.01464844,0.45051575,1.48796357,1.71890259,-0.97656250
8.63629127,3035,-3.00168927,-1.62924082,-2.24272927,0.06332397,0.68427182,-0.03089905,3.28149604,-1.57888682,-2.24272927,0.06332397,0.68460452,-0.03072907,-3.00092633,-1.58079417,-2.24311074,0.06332397,0.68427182,-0.03128052,-0.00488281,0.00000000,0.00488281,0.01464844,0.01464844,-0.02929688,0.44670105,1.47914133,1.70478821,-0.80566406
8.65202951,3040,-3.00168927,-1.62924082,-2.24272927,0.06332397,0.68389035,-0.03051758,3.28149604,-1.57888682,-2.24272927,0.06332397,0.68438084,-0.03065719,-3.00092633,-1.58079417,-2.24311074,0.06370544,0.68427182,-0.03128052,-0.00488281,0.00488281,0.00488281,0.01464844,0.02929688,-0.01464844,0.44670105,1.47532370,1.69525146,-0.70800781
8.66402221,3045,-3.00168927,-1.62924082,-2.24272927,0.06332397,0.68389035,-0.03089905,3.28149604,-1.57888682,-2.24272927,0.06332397,0.68430754,-0.03070066,-3.00092633,-1.58041270,-2.24311074,0.06408691,0.68427182,-0.03089905,0.00000000,0.00976562,0.00488281,0.02929688,0.02929688,0.00000000,0.44631958,1.47398266,1.68342590,-0.92773438
8.67795801,3050,-3.00168927,-1.62924082,-2.24272927,0.06332397,0.68389035,-0.03089905,3.28149604,-1.57888682,-2.24272927,0.06332397,0.68428352,-0.03074175,-3.00092633,-1.58041270,-2.24311074,0.06446838,0.68427182,-0.03089905,-0.00488281,0.00488281,0.00488281,0.02929688,0.01464844,-0.02929688,0.44670105,1.47375538,1.67274475,-0.80566406
8.69092369,3055,-3.00168927,-1.62924082,-2.24272927,0.06332397,0.68389035,-0.03089905,3.28149604,-1.57888682,-2.24272927,0.06332397,0.68432448,-0.03075522,-3.00092633,-1.58041270,-2.24311074,0.06484985,0.68427182,-0.03089905,-0.00488281,0.00488281,0.00488281,0.01464844,0.01464844,-0.01464844,0.44631958,1.47370410,1.66206360,-0.90332031
8.70346117,3060,-3.00168927,-1.62924082,-2.24272927,0.06332397,0.68427182,-0.03051758,3.28149604,-1.57888682,-2.24272927,0.06332397,0.68447523,-0.03062670,-3.00092633,-1.58003123,-2.24311074,0.06484985,0.68427182,-0.03128052,-0.00488281,-0.00488281,0.00976562,0.00000000,0.01464844,0.00000000,0.44670105,1.47376176,1.65290833,-0.78125000
8.71626401,3065,-3.00168927,-1.62924082,-2.24272927,0.06332397,0.68427182,-0.03089905,3.28149604,-1.57888682,-2.24272927,0.06332397,0.68448508,-0.03077855,-3.00092633,-1.58003123,-2.24311074,0.06523132,0.68427182,-0.03089905,-0.00488281,0.00000000,0.00976562,0.00000000,0.02929688,0.00000000,0.44670105,1.47392128,1.64222717,-0.75683594
8.73098826,3070,-3.00168927,-1.62924082,-2.24272927,0.06332397,0.68427182,-0.03089905,3.28149604,-1.57888682,-2.24272927,0.06332397,0.68452786,-0.03081074,-3.00092633,-1.58003123,-2.24311074,0.06523132,0.68427182,-0.03089905,-0.00488281,-0.00488281,0.00488281,-0.01464844,0.01464844,-0.01464844,0.44670105,1.47385148,1.63040161,-0.87890625
8.74478245,3075,-3.00168927,-1.62924082,-2.24272927,0.06332397,0.68389035,-0.03051758,3.28149604,-1.57888682,-2.24272927,0.06332397,0.68443579,-0.03079382,-3.00092633,-1.58003123,-2.24311074,0.06484985,0.68427182,-0.03089905,-0.00976562,-0.00488281,0.00488281,-0.01464844,0.01464844,-0.01464844,0.44670105,1.47395068,1.61895752,-0.83007812
8.75713992,3080,-3.00168927,-1.62924082,-2.24272927,0.06332397,0.68427182,-0.03089905,3.28149604,-1.57888682,-2.24272927,0.06332397,0.68455077,-0.03083332,-3.00092633,-1.58003123,-2.24311074,0.06446838,0.68427182,-0.03089905,-0.00488281,-0.00976562,0.00488281,-0.02929688,0.01464844,-0.01464844,0.44670105,1.47398318,1.60865784,-0.83007812
8.77289081,3085,-3.00168927,-1.62924082,-2.24272927,0.06332397,0.68389035,-0.03089905,3.28149604,-1.57888682,-2.24272927,0.06332397,0.68451215,-0.03084626,-3.00092633,-1.58003123,-2.24311074,0.06446838,0.68427182,-0.03128052,-0.01464844,-0.00488281,-0.00000000,0.00000000,-0.00000000,-0.02929688,0.44670105,1.47399383,1.59797668,-0.92773438
8.78731251,3090,-3.00168927,-1.62924082,-2.24272927,0.06332397,0.68389035,-0.03089905,3.28149604,-1.57888682,-2.24272927,0.06332397,0.68444286,-0.03088175,-3.00092633,-1.58003123,-2.24311074,0.06446838,0.68465329,-0.03089905,-0.00976562,-0.00488281,0.00488281,-0.01464844,0.01464844,0.00000000,0.44670105,1.47435767,1.58348083,-0.83007812
8.80203581,3095,-3.00168927,-1.62924082,-2.24272927,0.06332397,0.68389035,-0.03089905,3.28149604,-1.57888682,-2.24272927,0.06332397,0.68432786,-0.03089338,-3.00130780,-1.58003123,-2.24311074,0.06446838,0.68465329,-0.03089905,-0.00976562,0.00000000,0.00488281,-0.02929688,0.01464844,-0.01464844,0.44708252,1.47462949,1.57508850,-0.78125000
8.81739950,3100,-3.00168927,-1.62924082,-2.24272927,0.06332397,0.68427182,-0.03089905,3.28149604,-1.57888682,-2.24272927,0.06332397,0.68451540,-0.03089719,-3.00130780,-1.58003123,-2.24311074,0.06446838,0.68427182,-0.03089905,-0.00976562,0.00000000,0.00488281,-0.02929688,-0.00000000,0.00000000,0.44708252,1.47471855,1.56059265,-0.90332031
8.83101606,3105,-3.00168927,-1.62924082,-2.24272927,0.06332397,0.68389035,-0.03089905,3.28149604,-1.57888682,-2.24272927,0.06332397,0.68442195,-0.03089844,-3.00130780,-1.58003123,-2.24311074,0.06446838,0.68465329,-0.03089905,-0.00488281,-0.00488281,0.00488281,-0.01464844,0.01464844,-0.01464844,0.44708252,1.47474774,1.55067444,-0.78125000
8.84391880,3110,-3.00168927,-1.62924082,-2.24272927,0.06332397,0.68389035,-0.03089905,3.28149604,-1.57888682,-2.24272927,0.06332397,0.68444015,-0.03089885,-3.00130780,-1.58003123,-2.24311074,0.06446838,0.68427182,-0.03089905,-0.00488281,-0.00488281,0.00488281,-0.01464844,0.01464844,0.00000000,0.44708252,1.47475730,1.54571533,-0.46386719
8.85963368,3115,-3.00168927,-1.62924082,-2.24272927,0.06332397,0.68389035,-0.03089905,3.28149604,-1.57888682,-2.24272927,0.06332397,0.68432698,-0.03089898,-3.00130780,-1.58003123,-2.24311074,0.06446838,0.68465329,-0.03128052,-0.00488281,-0.00488281,0.00488281,-0.01464844,-0.00000000,-0.02929688,0.44708252,1.47476044,1.53770447,-0.68359375
8.87337160,3120,-3.00168927,-1.62924082,-2.24272927,0.06332397,0.68389035,-0.03089905,3.28149604,-1.57888682,-2.24272927,0.06332397,0.68435093,-0.03089903,-3.00130780,-1.58003123,-2.24311074,0.06446838,0.68427182,-0.03128052,-0.00488281,-0.00488281,0.00488281,-0.02929688,-0.00000000,-0.01464844,0.44708252,1.47476146,1.52778625,-0.65917969
8.88952065,3125,-3.00168927,-1.62924082,-2.24272927,0.06332397,0.68389035,-0.03089905,3.28149604,-1.57888682,-2.24272927,0.06332397,0.68429774,-0.03089904,-3.00130780,-1.58003123,-2.24311074,0.06446838,0.68465329,-0.03089905,-0.00488281,-0.00488281,0.00488281,-0.02929688,0.01464844,-0.01464844,0.44708252,1.47476180,1.51977539,-0.41503906
8.90432906,3130,-3.00168927,-1.62924082,-2.24272927,0.06332397,0.68389035,-0.03089905,3.28149604,-1.57888682,-2.24272927,0.06332397,0.68428031,-0.03089905,-3.00130780,-1.58003123,-2.24311074,0.06446838,0.68465329,-0.03089905,-0.00488281,-0.00488281,0.00488281,-0.02929688,-0.00000000,-0.02929688,0.44746399,1.47527485,1.51672363,-0.29296875
8.91726637,3135,-3.00168927,-1.62924082,-2.24272927,0.06332397,0.68389035,-0.03089905,3.28149604,-1.57888682,-2.24272927,0.06332397,0.68427460,-0.03089905,-3.00130780,-1.58003123,-2.24311074,0.06446838,0.68465329,-0.03128052,-0.00976562,0.00000000,0.00976562,-0.01464844,0.01464844,-0.01464844,0.44746399,1.47544296,1.51443481,-0.12207031
8.93095374,3140,-3.00168927,-1.62924082,-2.24272927,0.06332397,0.68389035,-0.03089905,3.28149604,-1.57888682,-2.24272927,0.06332397,0.68427273,-0.03089905,-3.00130780,-1.58003123,-2.24311074,0.06446838,0.68465329,-0.03128052,-0.00488281,-0.00488281,0.00488281,0.01464844,0.01464844,0.00000000,0.44746399,1.47541993,1.51290894,-0.19531250
8.94239593,3145,-3.00168927,-1.62924082,-2.24272927,0.06332397,0.68389035,-0.03089905,3.28149604,-1.57888682,-2.24272927,0.06332397,0.68427212,-0.03089905,-3.00130780,-1.58003123,-2.24311074,0.06408691,0.68465329,-0.03128052,-0.00976562,0.00000000,0.00976562,-0.01464844,0.04394531,0.00000000,0.44746399,1.47536843,1.50947571,-0.17089844
8.95688128,3150,-3.00168927,-1.62924082,-2.24272927,0.06332397,0.68389035,-0.03089905,3.28149604,-1.57888682,-2.24272927,0.06332397,0.68427192,-0.03089905,-3.00130780,-1.58003123,-2.24311074,0.06408691,0.68427182,-0.03128052,-0.00976562,-0.00488281,0.00488281,-0.02929688,0.01464844,-0.01464844,0.44746399,1.47547363,1.50756836,-0.21972656
8.97064137,3155,-3.00168927,-1.62924082,-2.24272927,0.06332397,0.68389035,-0.03089905,3.28149604,-1.57888682,-2.24272927,0.06332397,0.68427185,-0.03089905,-3.00130780,-1.58003123,-2.24311074,0.06408691,0.68465329,-0.03089905,-0.00488281,0.00000000,0.00488281,-0.02929688,0.01464844,0.00000000,0.44746399,1.47550810,1.50451660,-0.12207031
8.98557901,3160,-3.00168927,-1.62924082,-2.24272927,0.06332397,0.68389035,-0.03089905,3.28149604,-1.57888682,-2.24272927,0.06332397,0.68427183,-0.03089905,-3.00130780,-1.58003123,-2.24311074,0.06408691,0.68465329,-0.03128052,-0.00488281,0.00000000,0.00488281,-0.01464844,0.01464844,-0.01464844,0.44746399,1.47551940,1.50337219,-0.09765625
9.00129580,3165,-3.00168927,-1.62924082,-2.24272927,0.06370544,0.68389035,-0.03089905,3.28149604,-1.57888682,-2.24272927,0.06358044,0.68427182,-0.03089905,-3.00130780,-1.58003123,-2.24311074,0.06408691,0.68465329,-0.03128052,-0.00488281,-0.00488281,0.00976562,-0.02929688,0.02929688,-0.02929688,0.44746399,1.47552310,1.50260925,-0.14648438
9.01485705,3170,-3.00168927,-1.62924082,-2.24272927,0.06370544,0.68350888,-0.03089905,3.28149604,-1.57888682,-2.24272927,0.06366448,0.68413449,-0.03089905,-3.00130780,-1.58003123,-2.24311074,0.06408691,0.68465329,-0.03128052,-0.00488281,-0.00488281,0.00488281,0.00000000,0.02929688,0.00000000,0.44746399,1.47552431,1.50070190,-0.04882812
9.02949023,3175,-3.00168927,-1.62924082,-2.24272927,0.06408691,0.68312741,-0.03089905,3.28149604,-1.57888682,-2.24272927,0.06391724,0.68378419,-0.03089905,-3.00130780,-1.58003123,-2.24272927,0.06408691,0.68465329,-0.03128052,0.00000000,-0.00488281,0.00976562,0.00000000,0.01464844,-0.01464844,0.44708252,1.47537212,1.49993896,-0.07324219
9.04598737,3180,-3.00168927,-1.62924082,-2.24311074,0.06408691,0.68236447,-0.03089905,3.28149604,-1.57888682,-2.24295449,0.06403132,0.68323654,-0.03089905,-3.00130780,-1.58003123,-2.24311074,0.06408691,0.68465329,-0.03128052,-0.00488281,0.00000000,0.00488281,-0.01464844,0.01464844,-0.01464844,0.44746399,1.47541234,1.49879456,-0.09765625
9.05913830,3185,-3.00168927,-1.62924082,-2.24311074,0.06446838,0.68198300,-0.03089905,3.28149604,-1.57888682,-2.24305954,0.06414499,0.68283041,-0.03089905,-3.00130780,-1.58003123,-2.24272927,0.06408691,0.68465329,-0.03128052,-0.00488281,-0.00976562,0.00488281,-0.02929688,0.01464844,-0.01464844,0.44746399,1.47548802,1.49116516,-0.78125000
9.07068491,3190,-3.00168927,-1.62924082,-2.24311074,0.06446838,0.68160153,-0.03089905,3.28149604,-1.57888682,-2.24309396,0.06431359,0.68233099,-0.03089905,-3.00130780,-1.58003123,-2.24272927,0.06408691,0.68465329,-0.03128052,-0.00488281,0.00000000,0.00488281,-0.01464844,0.01464844,-0.01464844,0.44746399,1.47551282,1.48315430,-0.56152344
9.08537102,3195,-3.00168927,-1.62924082,-2.24311074,0.06446838,0.68122006,-0.03089905,3.28149604,-1.57888682,-2.24310524,0.06441766,0.68195970,-0.03089905,-3.00130780,-1.58003123,-2.24272927,0.06408691,0.68465329,-0.03128052,-0.00488281,-0.00488281,0.00488281,0.00000000,0.01464844,-0.01464844,0.44746399,1.47552094,1.48277283,-0.07324219
9.09961343,3200,-3.00168927,-1.62924082,-2.24311074,0.06446838,0.68083859,-0.03089905,3.28149604,-1.57888682,-2.24310893,0.06445176,0.68164260,-0.03089905,-3.00130780,-1.58003123,-2.24272927,0.06408691,0.68427182,-0.03128052,-0.00488281,0.00000000,0.00488281,0.00000000,0.02929688,-0.01464844,0.44746399,1.47552360,1.48200989,-0.09765625
9.11165142,3205,-3.00168927,-1.62924082,-2.24311074,0.06446838,0.68083859,-0.03089905,3.28149604,-1.57888682,-2.24311015,0.06441411,0.68135852,-0.03089905,-3.00130780,-1.58003123,-2.24311074,0.06408691,0.68465329,-0.03128052,-0.00488281,-0.00488281,0.00488281,-0.02929688,0.01464844,0.00000000,0.44708252,1.47523126,1.48048401,-0.17089844
9.12625718,3210,-3.00168927,-1.62924082,-2.24311074,0.06446838,0.68045712,-0.03089905,3.28149604,-1.57888682,-2.24311054,0.06445060,0.68104021,-0.03089905,-3.00130780,-1.58003123,-2.24311074,0.06408691,0.68427182,-0.03128052,-0.00488281,-0.00488281,-0.00000000,-0.01464844,0.01464844,-0.01464844,0.44746399,1.47542868,1.47972107,-0.04882812
9.14087987,3215,-3.00168927,-1.62924082,-2.24311074,0.06446838,0.68007565,-0.03089905,3.28149604,-1.57888682,-2.24311067,0.06440152,0.68076733,-0.03089905,-3.00168927,-1.58003123,-2.24272927,0.06408691,0.68427182,-0.03128052,-0.00976562,-0.00976562,-0.00000000,0.00000000,0.02929688,-0.02929688,0.44746399,1.47539572,1.47972107,-0.02441406
9.15624547,3220,-3.00168927,-1.62924082,-2.24311074,0.06446838,0.68007565,-0.03089905,3.28149604,-1.57888682,-2.24311072,0.06444647,0.68055877,-0.03089905,-3.00168927,-1.58003123,-2.24272927,0.06408691,0.68427182,-0.03128052,-0.00488281,-0.00488281,0.00488281,0.00000000,0.01464844,-0.01464844,0.44746399,1.47548257,1.47972107,-0.04882812
9.16911292,3225,-3.00168927,-1.62924082,-2.24311074,0.06446838,0.68007565,-0.03089905,3.28149604,-1.57888682,-2.24311073,0.06446120,0.68049043,-0.03089905,-3.00168927,-1.58003123,-2.24272927,0.06408691,0.68427182,-0.03128052,-0.00488281,-0.00488281,0.00976562,-0.02929688,0.01464844,-0.01464844,0.44746399,1.47551103,1.47972107,-0.02441406
9.18267632,3230,-3.00168927,-1.62962229,-2.24311074,0.06446838,0.67969418,-0.03089905,3.28149604,-1.57896311,-2.24311073,0.06446603,0.68021157,-0.03089905,-3.00168927,-1.58003123,-2.24272927,0.06408691,0.68427182,-0.03128052,-0.00488281,-0.00488281,0.00488281,0.00000000,-0.00000000,-0.01464844,0.44746399,1.47552036,1.47933960,0.00000000
9.19912529,3235,-3.00168927,-1.62962229,-2.24349221,0.06446838,0.67931271,-0.03089905,3.28149604,-1.57916829,-2.24333596,0.06446761,0.67998286,-0.03089905,-3.00168927,-1.58003123,-2.24272927,0.06408691,0.68427182,-0.03128052,-0.00976562,-0.00488281,0.00488281,0.00000000,0.01464844,0.00000000,0.44746399,1.47552341,1.47933960,-0.04882812
9.21127915,3240,-3.00168927,-1.62962229,-2.24349221,0.06446838,0.67931271,-0.03089905,3.28149604,-1.57923552,-2.24344101,0.06446813,0.67978877,-0.03089905,-3.00168927,-1.58003123,-2.24272927,0.06408691,0.68427182,-0.03128052,-0.00488281,-0.00488281,0.00488281,0.00000000,0.01464844,-0.02929688,0.44746399,1.47552441,1.47895813,-0.04882812
9.22488117,3245,-3.00168927,-1.63000376,-2.24349221,0.06446838,0.67931271,-0.03128052,3.28149604,-1.57948277,-2.24347543,0.06446830,0.67972518,-0.03097534,-3.00168927,-1.58003123,-2.24272927,0.06408691,0.68427182,-0.03128052,-0.00488281,0.00000000,0.00488281,0.00000000,0.01464844,-0.01464844,0.44708252,1.47537215,1.47895813,-0.04882812
9.23833227,3250,-3.00168927,-1.63038523,-2.24349221,0.06484985,0.67893124,-0.03128052,3.28149604,-1.57982026,-2.24348671,0.06460569,0.67947912,-0.03118052,-3.00168927,-1.58003123,-2.24272927,0.06408691,0.68427182,-0.03128052,-0.00488281,-0.00488281,0.00488281,-0.01464844,-0.00000000,-0.01464844,0.44746399,1.47541235,1.47895813,-0.04882812
9.25209665,3255,-3.00168927,-1.63038523,-2.24349221,0.06523132,0.67893124,-0.03128052,3.28149604,-1.57996210,-2.24349040,0.06495600,0.67936724,-0.03119892,-3.00168927,-1.58003123,-2.24272927,0.06408691,0.68427182,-0.03128052,-0.00488281,0.00000000,0.00488281,-0.01464844,-0.00000000,-0.01464844,0.44746399,1.47522533,1.47895813,-0.04882812
9.26694036,3260,-3.00168927,-1.63114817,-2.24349221,0.06637573,0.67893124,-0.03128052,3.28149604,-1.58045120,-2.24349162,0.06572106,0.67933058,-0.03125378,-3.00168927,-1.58003123,-2.24272927,0.06408691,0.68427182,-0.03128052,-0.00488281,-0.00976562,0.00488281,-0.01464844,0.01464844,-0.02929688,0.44746399,1.47534861,1.47895813,-0.02441406
9.28007293,3265,-3.00168927,-1.63152964,-2.24349221,0.06866455,0.67893124,-0.03128052,3.28149604,-1.58090701,-2.24349201,0.06722884,0.67931857,-0.03127176,-3.00168927,-1.58003123,-2.24272927,0.06408691,0.68427182,-0.03128052,-0.00488281,-0.00488281,0.00488281,0.00000000,0.01464844,-0.01464844,0.44746399,1.47546714,1.47857666,-0.04882812
9.29463792,3270,-3.00168927,-1.63229258,-2.24349221,0.07095337,0.67893124,-0.03128052,3.28149604,-1.58145016,-2.24349214,0.06921289,0.67931463,-0.03127765,-3.00168927,-1.58003123,-2.24272927,0.06408691,0.68427182,-0.03128052,-0.00488281,-0.00488281,0.00488281,-0.01464844,0.01464844,0.00000000,0.44746399,1.47550597,1.47857666,-0.04882812
9.30606961,3275,-3.00168927,-1.63305552,-2.24349221,0.07209778,0.67893124,-0.03128052,3.28149604,-1.58208005,-2.24349219,0.07100207,0.67931334,-0.03127958,-3.00168927,-1.58003123,-2.24272927,0.06408691,0.68389035,-0.03128052,-0.00976562,0.00000000,0.00488281,0.00000000,0.01464844,-0.02929688,0.44746399,1.47571889,1.47819519,-0.02441406
9.31978631,3280,-3.00168927,-1.63305552,-2.24349221,0.07209778,0.67893124,-0.03128052,3.28149604,-1.58249787,-2.24349220,0.07173874,0.67931292,-0.03128021,-3.00168927,-1.58003123,-2.24272927,0.06408691,0.68427182,-0.03128052,-0.00488281,-0.00976562,0.00488281,-0.01464844,0.01464844,-0.01464844,0.44746399,1.47566659,1.47819519,-0.02441406
9.33651829,3285,-3.00168927,-1.63343699,-2.24349221,0.07209778,0.67893124,-0.03128052,3.28149604,-1.58282095,-2.24349220,0.07198013,0.67931278,-0.03128042,-3.00168927,-1.58003123,-2.24272927,0.06408691,0.68389035,-0.03128052,-0.00488281,0.00000000,0.00488281,-0.01464844,0.01464844,-0.01464844,0.44746399,1.47557133,1.47819519,-0.04882812
9.35101819,3290,-3.00168927,-1.63458140,-2.24349221,0.07247925,0.67893124,-0.03128052,3.28149604,-1.58357708,-2.24349221,0.07224538,0.67931273,-0.03128048,-3.00168927,-1.58003123,-2.24272927,0.06446838,0.68389035,-0.03128052,-0.00488281,-0.00488281,0.00488281,0.00000000,0.01464844,0.00000000,0.44784546,1.47569270,1.47781372,-0.04882812
9.36443591,3295,-3.00168927,-1.63534434,-2.24349221,0.07247925,0.67893124,-0.03128052,3.28149604,-1.58449599,-2.24349221,0.07240262,0.67931272,-0.03128051,-3.00168927,-1.58003123,-2.24272927,0.06446838,0.68389035,-0.03128052,-0.00488281,-0.00488281,0.00488281,-0.01464844,0.01464844,-0.01464844,0.44746399,1.47557989,1.47781372,-0.04882812
9.37772775,3300,-3.00168927,-1.63572581,-2.24349221,0.07247925,0.67893124,-0.03128052,3.28149604,-1.58490464,-2.24349221,0.07245414,0.67931271,-0.03128051,-3.00168927,-1.58003123,-2.24272927,0.06446838,0.68389035,-0.03128052,-0.00488281,-0.00488281,0.00488281,0.00000000,0.01464844,-0.01464844,0.44746399,1.47554292,1.47743225,-0.07324219
9.39222050,3305,-3.00168927,-1.63687022,-2.24349221,0.07247925,0.67893124,-0.03128052,3.28149604,-1.58570640,-2.24349221,0.07247102,0.67931271,-0.03128052,-3.00168927,-1.58003123,-2.24272927,0.06446838,0.68389035,-0.03128052,-0.00976562,-0.00488281,0.00976562,0.00000000,-0.00000000,-0.02929688,0.44746399,1.47553081,1.47590637,-0.17089844
9.40523028,3310,-3.00168927,-1.63763316,-2.24349221,0.07247925,0.67893124,-0.03128052,3.28149604,-1.58669348,-2.24349221,0.07247655,0.67931271,-0.03139038,-3.00168927,-1.58003123,-2.24272927,0.06484985,0.68350888,-0.03128052,-0.00976562,-0.00488281,0.00488281,-0.01464844,-0.00000000,-0.01464844,0.44746399,1.47552684,1.47361755,-0.12207031
9.42117691,3315,-3.00168927,-1.63839610,-2.24349221,0.07247925,0.67893124,-0.03128052,3.28149604,-1.58738875,-2.24349221,0.07247836,0.67931271,-0.03144787,-3.00168927,-1.58003123,-2.24272927,0.06484985,0.68350888,-0.03128052,-0.00488281,-0.00488281,0.00488281,-0.01464844,0.01464844,-0.01464844,0.44746399,1.47552554,1.47399902,-0.02441406
9.43507171,3320,-3.00168927,-1.63954051,-2.24349221,0.07247925,0.67854977,-0.03166199,3.28149604,-1.58834693,-2.24349221,0.07247896,0.67905624,-0.03156057,-3.00168927,-1.58003123,-2.24272927,0.06523132,0.68312741,-0.03128052,-0.00976562,-0.00976562,-0.00000000,0.00000000,0.01464844,-0.01464844,0.44746399,1.47552511,1.47399902,0.00000000
9.44831729,3325,-3.00168927,-1.64030345,-2.24349221,0.07247925,0.67854977,-0.03166199,3.28149604,-1.58927394,-2.24349221,0.07247915,0.67897220,-0.03151889,-3.00168927,-1.58003123,-2.24272927,0.06561279,0.68312741,-0.03128052,-0.00488281,-0.00488281,0.00488281,0.02929688,-0.00000000,0.00000000,0.44746399,1.47552497,1.47399902,-0.02441406
9.46666813,3330,-3.00168927,-1.64182933,-2.24387368,0.07247925,0.67854977,-0.03166199,3.28149604,-1.59042341,-2.24362954,0.07247922,0.67894466,-0.03153502,-3.00168927,-1.58003123,-2.24272927,0.06599426,0.68312741,-0.03128052,-0.00488281,-0.00488281,0.00488281,0.01464844,0.01464844,-0.01464844,0.44746399,1.47552492,1.47399902,-0.02441406
9.47931337,3335,-3.00168927,-1.64297373,-2.24387368,0.07247925,0.67854977,-0.03166199,3.28149604,-1.59167934,-2.24379368,0.07247924,0.67893564,-0.03152028,-3.00168927,-1.58003123,-2.24272927,0.06675720,0.68274594,-0.03128052,-0.00488281,-0.00488281,0.00488281,0.02929688,-0.01464844,0.00000000,0.44746399,1.47552491,1.47399902,-0.02441406
9.49376845,3340,-3.00168927,-1.64449961,-2.24387368,0.07247925,0.67854977,-0.03166199,3.28149604,-1.59305572,-2.24384746,0.07247924,0.67893268,-0.03156673,-3.00168927,-1.58003123,-2.24272927,0.06675720,0.68236447,-0.03128052,-0.00976562,-0.00976562,0.00488281,0.02929688,-0.01464844,-0.01464844,0.44746399,1.47552490,1.47399902,-0.02441406
9.50709748,3345,-3.00168927,-1.64526255,-2.24425515,0.07247925,0.67854977,-0.03128052,3.28149604,-1.59411196,-2.24412156,0.07247925,0.67896296,-0.03149344,-3.00168927,-1.58003123,-2.24272927,0.06713867,0.68198300,-0.03128052,-0.00976562,-0.00976562,0.00488281,-0.01464844,-0.02929688,-0.01464844,0.44746399,1.47552490,1.47399902,-0.02441406
9.52081585,3350,-3.00168927,-1.64678843,-2.24425515,0.07247925,0.67893124,-0.03166199,3.28149604,-1.59534284,-2.24421137,0.07247925,0.67919811,-0.03160676,-3.00168927,-1.58041270,-2.24272927,0.06752014,0.68160153,-0.03128052,-0.00488281,-0.01464844,0.00488281,0.02929688,-0.01464844,-0.01464844,0.44746399,1.47552490,1.47399902,-0.02441406
9.53260231,3355,-3.00168927,-1.64831431,-2.24425515,0.07247925,0.67893124,-0.03166199,3.28149604,-1.59683308,-2.24424080,0.07247925,0.67927516,-0.03164389,-3.00168927,-1.58041270,-2.24272927,0.06790161,0.68083859,-0.03128052,-0.00488281,-0.00976562,0.00976562,0.01464844,-0.04394531,-0.01464844,0.44746399,1.47540283,1.47399902,0.00000000
9.54452157,3360,-3.00168927,-1.64945872,-2.24425515,0.07247925,0.67893124,-0.03166199,3.28149604,-1.59814892,-2.24425045,0.07247925,0.67930041,-0.03165606,-3.00168927,-1.58041270,-2.24272927,0.06828308,0.68007565,-0.03128052,-0.00488281,-0.01464844,0.00488281,0.00000000,-0.04394531,0.00000000,0.44746399,1.47548490,1.47399902,-0.04882812
9.55952048,3365,-3.00168927,-1.65098460,-2.24425515,0.07247925,0.67893124,-0.03166199,3.28149604,-1.59944777,-2.24425361,0.07247925,0.67930868,-0.03166004,-3.00168927,-1.58079417,-2.24272927,0.06828308,0.67969418,-0.03128052,-0.00488281,-0.02441406,0.00488281,-0.01464844,-0.02929688,0.00000000,0.44746399,1.47551180,1.47399902,-0.04882812
9.57466388,3370,-3.00130780,-1.65251048,-2.24425515,0.07247925,0.67893124,-0.03166199,3.28168219,-1.60086801,-2.24425464,0.07247925,0.67931139,-0.03166135,-3.00168927,-1.58117564,-2.24272927,0.06828308,0.67778683,-0.03128052,-0.00488281,-0.02929688,0.00488281,0.00000000,-0.13183594,-0.01464844,0.44746399,1.47552061,1.47399902,-0.02441406
9.58906460,3375,-3.00130780,-1.65441783,-2.24425515,0.07247925,0.67893124,-0.03204346,3.28181351,-1.60265480,-2.24425498,0.07247925,0.67931228,-0.03179911,-3.00168927,-1.58155711,-2.24272927,0.06866455,0.67587948,-0.03128052,-0.00488281,-0.03906250,0.00488281,-0.01464844,-0.07324219,-0.01464844,0.44746399,1.47552349,1.47399902,-0.02441406
9.60085344,3380,-3.00130780,-1.65556224,-2.24425515,0.07247925,0.67969418,-0.03204346,3.28185653,-1.60408979,-2.24425509,0.07247925,0.67964533,-0.03196339,-3.00168927,-1.58193858,-2.24272927,0.06866455,0.67587948,-0.03128052,-0.00488281,-0.04394531,0.00488281,0.00000000,-0.01464844,0.00000000,0.44746399,1.47552444,1.47399902,-0.02441406
9.61425233,3385,-3.00130780,-1.65670665,-2.24425515,0.07247925,0.68007565,-0.03204346,3.28187063,-1.60542170,-2.24425513,0.07247925,0.68007197,-0.03201722,-3.00168927,-1.58232005,-2.24272927,0.06866455,0.67549801,-0.03128052,-0.00488281,-0.02441406,0.00488281,0.00000000,0.01464844,-0.01464844,0.44746399,1.47552475,1.47399902,0.00000000
9.62888098,3390,-3.00054486,-1.65861399,-2.24425515,0.07247925,0.68045712,-0.03242493,3.28231788,-1.60700914,-2.24425514,0.07247925,0.68051707,-0.03229133,-3.00168927,-1.58270152,-2.24272927,0.06904602,0.67549801,-0.03128052,-0.00976562,-0.04882812,0.00488281,-0.01464844,0.01464844,-0.01464844,0.44708252,1.47501191,1.47399902,-0.02441406
9.64180279,3395,-2.99940045,-1.65975840,-2.24425515,0.07247925,0.68083859,-0.03280640,3.28305367,-1.60836903,-2.24425514,0.07247925,0.68098971,-0.03251848,-3.00168927,-1.58308299,-2.24272927,0.06904602,0.67587948,-0.03128052,-0.00488281,-0.02929688,0.00488281,-0.01464844,0.01464844,-0.01464844,0.44708252,1.47494152,1.47399902,0.00000000
9.65592813,3400,-2.99863751,-1.66090281,-2.24425515,0.07247925,0.68160153,-0.03280640,3.28390781,-1.60959626,-2.24425514,0.07229907,0.68153838,-0.03271205,-3.00168927,-1.58346446,-2.24272927,0.06904602,0.67626095,-0.03128052,-0.00488281,-0.03906250,0.00488281,-0.01464844,0.04394531,-0.02929688,0.44708252,1.47491846,1.47399902,-0.02441406
9.67266107,3405,-2.99787457,-1.66242869,-2.24425515,0.07247925,0.68236447,-0.03280640,3.28463960,-1.61093199,-2.24425515,0.07238896,0.68223110,-0.03277548,-3.00168927,-1.58384593,-2.24272927,0.06942749,0.67664242,-0.03128052,-0.00488281,-0.02441406,0.00488281,0.01464844,0.02929688,-0.01464844,0.44746399,1.47515040,1.47399902,-0.04882812
9.68630910,3410,-2.99749310,-1.66357310,-2.24425515,0.07247925,0.68312741,-0.03280640,3.28516711,-1.61224895,-2.24425515,0.07244966,0.68283969,-0.03279627,-3.00168927,-1.58422740,-2.24272927,0.06942749,0.67702389,-0.03128052,-0.00488281,-0.03906250,0.00488281,-0.01464844,0.04394531,-0.02929688,0.44708252,1.47517147,1.47399902,-0.04882812
9.70013547,3415,-2.99749310,-1.66471751,-2.24425515,0.07247925,0.68427182,-0.03280640,3.28552014,-1.61342012,-2.24425515,0.07246955,0.68377727,-0.03280308,-3.00168927,-1.58499034,-2.24272927,0.06980896,0.67702389,-0.03128052,-0.00488281,-0.03906250,0.00488281,0.00000000,0.01464844,-0.02929688,0.44746399,1.47528702,1.47399902,0.00000000
9.71695948,3420,-2.99673016,-1.66548045,-2.24425515,0.07247925,0.68427182,-0.03280640,3.28602962,-1.61444818,-2.24425515,0.07247607,0.68442727,-0.03280531,-3.00168927,-1.58575328,-2.24272927,0.06980896,0.67702389,-0.03166199,-0.00488281,-0.05859375,0.00488281,0.01464844,0.02929688,-0.01464844,0.44708252,1.47505608,1.47399902,-0.02441406
9.73046017,3425,-2.99634869,-1.66662486,-2.24425515,0.07247925,0.68465329,-0.03280640,3.28639200,-1.61542311,-2.24425515,0.07247821,0.68483570,-0.03280604,-3.00168927,-1.58613475,-2.24272927,0.07019043,0.67740536,-0.03166199,-0.00488281,-0.03417969,-0.00000000,-0.01464844,0.01464844,-0.02929688,0.44708252,1.47485834,1.47399902,-0.02441406
9.74529195,3430,-2.99596723,-1.66738780,-2.24425515,0.07286072,0.68503476,-0.03280640,3.28682825,-1.61632583,-2.24425515,0.07270413,0.68522600,-0.03280628,-3.00168927,-1.58689769,-2.24272927,0.07057190,0.67740536,-0.03166199,-0.00488281,-0.05859375,0.00976562,0.02929688,0.04394531,-0.02929688,0.44708252,1.47479354,1.47399902,-0.04882812
9.75931430,3435,-2.99482282,-1.66815074,-2.24425515,0.07286072,0.68503476,-0.03280640,3.28756043,-1.61719561,-2.24425515,0.07280941,0.68540272,-0.03280636,-3.00168927,-1.58766062,-2.24272927,0.07095337,0.67816830,-0.03166199,-0.00488281,-0.05371094,0.00488281,0.00000000,0.05859375,-0.01464844,0.44746399,1.47504697,1.47399902,-0.07324219
9.77361131,3440,-2.99367841,-1.66891368,-2.24425515,0.07286072,0.68503476,-0.03280640,3.28854828,-1.61804238,-2.24425515,0.07284390,0.68546063,-0.03280638,-3.00168927,-1.58766062,-2.24272927,0.07171631,0.67893124,-0.03166199,-0.00488281,-0.02441406,0.00488281,0.00000000,0.10253906,-0.02929688,0.44746399,1.47522767,1.47399902,-0.04882812
9.78731155,3445,-2.99253400,-1.66967662,-2.24425515,0.07286072,0.68541623,-0.03280640,3.28977274,-1.61883279,-2.24425515,0.07285521,0.68559936,-0.03280639,-3.00168927,-1.58842356,-2.24272927,0.07171631,0.68083859,-0.03166199,-0.00488281,-0.04882812,0.00488281,-0.02929688,0.14648438,-0.01464844,0.44746399,1.47542750,1.47399902,-0.02441406
9.80056000,3450,-2.99138959,-1.67043956,-2.24425515,0.07286072,0.68541623,-0.03280640,3.29083351,-1.61949487,-2.24425515,0.07285891,0.68568388,-0.03280640,-3.00168927,-1.58918650,-2.24272927,0.07171631,0.68198300,-0.03166199,0.00000000,-0.04394531,0.00488281,0.00000000,0.08789062,-0.01464844,0.44746399,1.47549299,1.47399902,-0.02441406
9.81331229,3455,-2.99062665,-1.67043956,-2.24425515,0.07286072,0.68579770,-0.03280640,3.29187422,-1.61989200,-2.24425515,0.07286013,0.68583669,-0.03280640,-3.00130780,-1.58956797,-2.24272927,0.07171631,0.68350888,-0.03166199,0.00000000,-0.03906250,0.00976562,0.00000000,0.13183594,-0.02929688,0.44746399,1.47551444,1.47399902,-0.02441406
9.82875466,3460,-2.98948224,-1.67082102,-2.24425515,0.07286072,0.68617917,-0.03280640,3.29285330,-1.62027860,-2.24425515,0.07286052,0.68620427,-0.03274536,-3.00130780,-1.59033091,-2.24272927,0.07171631,0.68503476,-0.03204346,0.00000000,-0.05859375,-0.00000000,0.00000000,0.07324219,-0.02929688,0.44746399,1.47539941,1.47399902,-0.02441406
9.84340286,3465,-2.98795636,-1.67158396,-2.24425515,0.07286072,0.68617917,-0.03242493,3.29404962,-1.62066773,-2.24425515,0.07286065,0.68644386,-0.03271010,-3.00130780,-1.59109385,-2.24272927,0.07171631,0.68579770,-0.03204346,0.00000000,-0.05371094,0.00488281,-0.01464844,0.05859375,-0.02929688,0.44746399,1.47538612,1.47399902,-0.02441406
9.85707235,3470,-2.98643048,-1.67158396,-2.24425515,0.07286072,0.68617917,-0.03280640,3.29547678,-1.62104573,-2.24425515,0.07286070,0.68652237,-0.03274359,-3.00130780,-1.59185679,-2.24272927,0.07171631,0.68541623,-0.03204346,0.00488281,-0.02441406,0.00488281,-0.01464844,-0.00000000,-0.01464844,0.44746399,1.47547943,1.47438049,0.00000000
9.87096024,3475,-2.98490460,-1.67158396,-2.24425515,0.07247925,0.68617917,-0.03242493,3.29714121,-1.62116959,-2.24425515,0.07272338,0.68654810,-0.03256841,-3.00092633,-1.59223826,-2.24272927,0.07171631,0.68541623,-0.03204346,0.01464844,-0.04882812,-0.00000000,-0.02929688,-0.00000000,-0.01464844,0.44746399,1.47551000,1.47399902,-0.02441406
9.88366866,3480,-2.98376019,-1.67196543,-2.24425515,0.07286072,0.68617917,-0.03280640,3.29846530,-1.62146665,-2.24425515,0.07274540,0.68655653,-0.03272841,-3.00054486,-1.59261973,-2.24272927,0.07171631,0.68503476,-0.03204346,0.03417969,-0.03906250,-0.00000000,0.00000000,-0.00000000,-0.02929688,0.44746399,1.47552002,1.47399902,-0.02441406
9.89953375,3485,-2.98299725,-1.67196543,-2.24425515,0.07286072,0.68656064,-0.03280640,3.29947315,-1.62156399,-2.24425515,0.07274285,0.68677670,-0.03278084,-3.00054486,-1.59338267,-2.24272927,0.07209778,0.68465329,-0.03204346,0.00000000,-0.03906250,0.00488281,0.00000000,-0.01464844,-0.02929688,0.44746399,1.47552330,1.47399902,-0.02441406
9.91193080,3490,-2.98185285,-1.67196543,-2.24425515,0.07286072,0.68656064,-0.03280640,3.30044146,-1.62159588,-2.24425515,0.07282210,0.68688790,-0.03279802,-3.00054486,-1.59376414,-2.24272927,0.07209778,0.68465329,-0.03242493,0.00488281,-0.03417969,0.00488281,0.00000000,0.01464844,-0.02929688,0.44746399,1.47552438,1.47399902,0.00000000
9.92527699,3495,-2.98032697,-1.67196543,-2.24425515,0.07286072,0.68656064,-0.03280640,3.30179685,-1.62160634,-2.24425515,0.07284806,0.68692435,-0.03275482,-3.00016339,-1.59414561,-2.24311074,0.07209778,0.68503476,-0.03242493,0.01464844,-0.05859375,0.00488281,0.00000000,0.04394531,-0.02929688,0.44746399,1.47552473,1.47438049,-0.02441406
9.94162083,3500,-2.97803815,-1.67196543,-2.24425515,0.07286072,0.68656064,-0.03280640,3.30346827,-1.62160976,-2.24425515,0.07285657,0.68693629,-0.03278950,-2.99978192,-1.59490855,-2.24311074,0.07209778,0.68465329,-0.03242493,0.03417969,-0.05371094,0.00488281,0.00000000,0.01464844,-0.01464844,0.44746399,1.47552485,1.47438049,-0.02441406
9.95434976,3505,-2.97651227,-1.67196543,-2.24425515,0.07286072,0.68617917,-0.03280640,3.30529233,-1.62161088,-2.24425515,0.07285936,0.68680287,-0.03276961,-2.99940045,-1.59567149,-2.24311074,0.07209778,0.68503476,-0.03242493,0.00976562,-0.03906250,0.00488281,-0.02929688,0.01464844,-0.02929688,0.44746399,1.47572508,1.47438049,-0.02441406
9.96807384,3510,-2.97498639,-1.67234690,-2.24425515,0.07286072,0.68656064,-0.03280640,3.30690664,-1.62168754,-2.24425515,0.07286027,0.68683545,-0.03264542,-2.99901898,-1.59643443,-2.24311074,0.07209778,0.68503476,-0.03242493,0.03906250,-0.04394531,0.00976562,-0.02929688,0.02929688,-0.01464844,0.44746399,1.47559050,1.47438049,0.00000000
9.98315549,3515,-2.97269757,-1.67234690,-2.24425515,0.07286072,0.68617917,-0.03242493,3.30881331,-1.62185378,-2.24425515,0.07286057,0.68683086,-0.03252843,-2.99825604,-1.59681590,-2.24272927,0.07209778,0.68503476,-0.03242493,0.02441406,-0.04882812,0.00488281,-0.02929688,-0.00000000,-0.02929688,0.44746399,1.47554640,1.47438049,-0.02441406
9.99884510,3520,-2.97040875,-1.67234690,-2.24425515,0.07286072,0.68617917,-0.03242493,3.31098471,-1.62194731,-2.24425515,0.07286067,0.68664918,-0.03255894,-2.99825604,-1.59719737,-2.24311074,0.07209778,0.68503476,-0.03242493,0.02441406,-0.01953125,0.00488281,0.00000000,0.01464844,-0.01464844,0.44746399,1.47553195,1.47438049,0.00000000
10.01221371,3525,-2.96888287,-1.67234690,-2.24425515,0.07286072,0.68617917,-0.03242493,3.31281440,-1.62197796,-2.24425515,0.07286070,0.68658965,-0.03246884,-2.99749310,-1.59757884,-2.24311074,0.07209778,0.68503476,-0.03242493,0.02441406,-0.02929688,0.00488281,-0.01464844,0.01464844,0.00000000,0.44746399,1.47558971,1.47438049,0.00000000
10.02652168,3530,-2.96659406,-1.67234690,-2.24425515,0.07286072,0.68617917,-0.03242493,3.31491371,-1.62198801,-2.24425515,0.07286071,0.68657014,-0.03243932,-2.99749310,-1.59796031,-2.24311074,0.07247925,0.68503476,-0.03280640,0.01953125,-0.03417969,0.00488281,0.00000000,0.02929688,-0.02929688,0.44746399,1.47554614,1.47438049,-0.02441406
10.04174709,3535,-2.96430524,-1.67234690,-2.24425515,0.07286072,0.68617917,-0.03242493,3.31709942,-1.62199130,-2.24425515,0.07286072,0.68656375,-0.03242964,-2.99634869,-1.59834178,-2.24311074,0.07209778,0.68503476,-0.03280640,0.05371094,-0.02929688,0.00488281,0.00000000,0.02929688,-0.02929688,0.44746399,1.47553186,1.47438049,0.00000000
10.05482125,3540,-2.96277936,-1.67234690,-2.24425515,0.07286072,0.68617917,-0.03242493,3.31896065,-1.62199237,-2.24425515,0.07286072,0.68656166,-0.03242647,-2.99596723,-1.59872325,-2.24272927,0.07209778,0.68541623,-0.03280640,0.02929688,-0.04882812,0.00976562,0.00000000,0.02929688,-0.01464844,0.44746399,1.47572738,1.47438049,-0.02441406
10.06875896,3545,-2.96087201,-1.67234690,-2.24425515,0.07286072,0.68617917,-0.03242493,3.32081382,-1.62199273,-2.24425515,0.07286072,0.68656097,-0.03242543,-2.99558576,-1.59910472,-2.24311074,0.07209778,0.68541623,-0.03280640,0.02441406,-0.02929688,0.00488281,-0.01464844,0.01464844,-0.02929688,0.44746399,1.47571332,1.47399902,-0.02441406
10.08381319,3550,-2.95858319,-1.67234690,-2.24425515,0.07286072,0.68617917,-0.03242493,3.32289885,-1.62199284,-2.24425515,0.07286072,0.68656075,-0.03242509,-2.99482282,-1.59948619,-2.24311074,0.07209778,0.68541623,-0.03280640,0.05859375,-0.03906250,0.00488281,-0.01464844,0.01464844,-0.02929688,0.44746399,1.47558664,1.47438049,-0.02441406
10.09779406,3555,-2.95705731,-1.67234690,-2.24425515,0.07286072,0.68617917,-0.03242493,3.32473930,-1.62199288,-2.24425515,0.07286072,0.68656067,-0.03242498,-2.99405988,-1.60024913,-2.24311074,0.07209778,0.68541623,-0.03280640,0.05371094,-0.03906250,0.00488281,-0.02929688,0.01464844,-0.01464844,0.44746399,1.47554513,1.47438049,-0.02441406
10.10974717,3560,-2.95553143,-1.67234690,-2.24425515,0.07362366,0.68617917,-0.03204346,3.32632920,-1.62199289,-2.24425515,0.07316223,0.68656065,-0.03228762,-2.99367841,-1.60063060,-2.24311074,0.07209778,0.68541623,-0.03280640,0.01953125,-0.04394531,0.00976562,-0.01464844,0.02929688,-0.02929688,0.44746399,1.47553153,1.47438049,-0.04882812
10.12368822,3565,-2.95324262,-1.67234690,-2.24425515,0.07400513,0.68617917,-0.03204346,3.32834847,-1.62199290,-2.24425515,0.07365861,0.68656064,-0.03215471,-2.99291547,-1.60101206,-2.24311074,0.07247925,0.68541623,-0.03280640,0.04394531,-0.02441406,0.00488281,-0.01464844,0.02929688,-0.01464844,0.44746399,1.47552707,1.47438049,-0.04882812
10.13881874,3570,-2.95095380,-1.67272837,-2.24425515,0.07476807,0.68579770,-0.03204346,3.33052698,-1.62221812,-2.24425515,0.07419310,0.68633542,-0.03207991,-2.99215253,-1.60139353,-2.24311074,0.07247925,0.68541623,-0.03318787,0.06835938,-0.02929688,0.00488281,0.00000000,0.01464844,-0.01464844,0.44746399,1.47552561,1.47438049,-0.04882812
10.15508461,3575,-2.94790204,-1.67272837,-2.24463662,0.07591248,0.68579770,-0.03166199,3.33295422,-1.62232317,-2.24444130,0.07497944,0.68623037,-0.03179893,-2.99138959,-1.60177500,-2.24311074,0.07247925,0.68579770,-0.03280640,0.03417969,-0.04394531,0.00976562,0.00000000,0.01464844,-0.01464844,0.44746399,1.47562279,1.47438049,-0.02441406
10.17178822,3580,-2.94599469,-1.67349131,-2.24539955,0.07667542,0.68579770,-0.03166199,3.33539228,-1.62269036,-2.24501524,0.07596929,0.68619594,-0.03170686,-2.99062665,-1.60253794,-2.24311074,0.07286072,0.68579770,-0.03280640,0.04394531,-0.03906250,-0.00000000,-0.01464844,0.01464844,-0.01464844,0.44746399,1.47585483,1.47438049,-0.02441406
10.18484807,3585,-2.94370587,-1.67387278,-2.24578102,0.07667542,0.68579770,-0.03166199,3.33773928,-1.62312818,-2.24541095,0.07644403,0.68618466,-0.03167669,-2.98986371,-1.60291941,-2.24311074,0.07286072,0.68617917,-0.03280640,0.04882812,-0.02929688,0.00488281,-0.01464844,0.02929688,-0.01464844,0.44746399,1.47563301,1.47438049,0.00000000
10.20061541,3590,-2.94103558,-1.67463572,-2.24654396,0.07743835,0.68579770,-0.03166199,3.34006535,-1.62378459,-2.24602231,0.07696214,0.68618097,-0.03166681,-2.98871930,-1.60291941,-2.24311074,0.07286072,0.68656064,-0.03280640,0.04882812,-0.02441406,-0.00000000,0.00000000,0.04394531,-0.01464844,0.44784546,1.47577542,1.47438049,-0.02441406
10.21428943,3595,-2.93836530,-1.67539866,-2.24730690,0.07781982,0.68617917,-0.03166199,3.34259306,-1.62448137,-2.24676683,0.07753878,0.68625605,-0.03163232,-2.98795636,-1.60330088,-2.24311074,0.07362366,0.68694211,-0.03280640,0.05859375,-0.03417969,0.00488281,0.02929688,0.05859375,0.00000000,0.44746399,1.47570465,1.47438049,0.00000000
10.22774267,3600,-2.93683942,-1.67692454,-2.24768837,0.07743835,0.68617917,-0.03166199,3.34471528,-1.62556516,-2.24731609,0.07750251,0.68646083,-0.03165226,-2.98719342,-1.60368235,-2.24311074,0.07400513,0.68732358,-0.03280640,0.06347656,-0.02441406,0.00488281,0.01464844,0.05859375,-0.01464844,0.44784546,1.47573639,1.47438049,0.00000000
10.24097824,3605,-2.93531354,-1.67845042,-2.24806984,0.07781982,0.68617917,-0.03166199,3.34647563,-1.62693641,-2.24775254,0.07768460,0.68652793,-0.03165880,-2.98643048,-1.60406382,-2.24311074,0.07476807,0.68808652,-0.03280640,0.06835938,-0.02929688,-0.00000000,0.05859375,0.05859375,-0.01464844,0.44746399,1.47569186,1.47438049,-0.02441406
10.25296831,3610,-2.93340619,-1.67921336,-2.24806984,0.07743835,0.68617917,-0.03166199,3.34823472,-1.62801782,-2.24796587,0.07769922,0.68654992,-0.03159991,-2.98528607,-1.60444529,-2.24311074,0.07591248,0.68884945,-0.03280640,0.07324219,-0.02929688,0.00488281,0.01464844,0.05859375,-0.01464844,0.44746399,1.47557961,1.47438049,-0.02441406
10.26767492,3615,-2.93188031,-1.68112071,-2.24806984,0.07781982,0.68579770,-0.03166199,3.34989805,-1.62937718,-2.24803577,0.07774905,0.68638073,-0.03164165,-2.98452313,-1.60482676,-2.24311074,0.07591248,0.68961239,-0.03280640,0.05859375,-0.03417969,-0.00000000,-0.01464844,0.05859375,0.00000000,0.44746399,1.47564049,1.47438049,-0.02441406
10.27955914,3620,-2.93073590,-1.68340953,-2.24806984,0.07781982,0.68579770,-0.03166199,3.35142392,-1.63147911,-2.24805868,0.07776538,0.68630625,-0.03165532,-2.98376019,-1.60558970,-2.24311074,0.07591248,0.69075680,-0.03280640,0.05371094,-0.04882812,0.00488281,-0.01464844,0.08789062,0.00000000,0.44746399,1.47556278,1.47438049,0.00000000
10.29326344,3625,-2.92882855,-1.68531687,-2.24806984,0.07781982,0.68617917,-0.03166199,3.35299485,-1.63342043,-2.24806618,0.07780199,0.68643822,-0.03165980,-2.98261578,-1.60597117,-2.24311074,0.07553101,0.69075680,-0.03280640,0.06347656,-0.03417969,0.00488281,-0.02929688,0.02929688,-0.01464844,0.44746399,1.47553731,1.47438049,-0.02441406
10.31003213,3630,-2.92692120,-1.68722422,-2.24806984,0.07781982,0.68579770,-0.03166199,3.35483102,-1.63533891,-2.24806864,0.07781398,0.68626405,-0.03166127,-2.98185285,-1.60635264,-2.24311074,0.07553101,0.69075680,-0.03280640,0.06347656,-0.04394531,0.00488281,0.00000000,0.02929688,0.00000000,0.44746399,1.47552897,1.47438049,-0.04882812
10.32131982,3635,-2.92539533,-1.68913157,-2.24806984,0.07781982,0.68579770,-0.03166199,3.35638045,-1.63709171,-2.24806945,0.07781791,0.68626802,-0.03166175,-2.98070844,-1.60673411,-2.24311074,0.07553101,0.69075680,-0.03280640,0.07812500,-0.02929688,0.00488281,-0.01464844,0.01464844,-0.01464844,0.44746399,1.47552623,1.47438049,-0.02441406
10.33724833,3640,-2.92386945,-1.69180186,-2.24806984,0.07820129,0.68617917,-0.03166199,3.35802342,-1.63958830,-2.24806971,0.07804442,0.68646475,-0.03166191,-2.97956403,-1.60749705,-2.24311074,0.07553101,0.69075680,-0.03280640,0.06835938,-0.05371094,0.00976562,-0.01464844,-0.00000000,-0.02929688,0.44746399,1.47552534,1.47438049,-0.04882812
10.35111451,3645,-2.92234357,-1.69409068,-2.24806984,0.07896423,0.68617917,-0.03166199,3.35954860,-1.64197646,-2.24806980,0.07859252,0.68652922,-0.03166196,-2.97880109,-1.60825999,-2.24311074,0.07591248,0.69037533,-0.03280640,0.07324219,-0.05371094,-0.00000000,-0.01464844,-0.01464844,-0.01464844,0.44746399,1.47552505,1.47438049,0.00000000
10.36649561,3650,-2.92043622,-1.69637950,-2.24806984,0.07934570,0.68656064,-0.03166199,3.36126822,-1.64426658,-2.24806983,0.07896755,0.68673650,-0.03166198,-2.97765668,-1.60864146,-2.24311074,0.07591248,0.69037533,-0.03280640,0.06835938,-0.04394531,0.00488281,0.00000000,-0.00000000,-0.01464844,0.44746399,1.47552495,1.47476196,-0.07324219
10.37971783,3655,-2.91852887,-1.69904978,-2.24806984,0.07896423,0.68656064,-0.03166199,3.36311406,-1.64671073,-2.24806984,0.07904540,0.68687473,-0.03166198,-2.97651227,-1.60978587,-2.24311074,0.07591248,0.69037533,-0.03280640,0.06835938,-0.06835938,-0.00000000,0.00000000,-0.01464844,0.00000000,0.44746399,1.47540285,1.47476196,0.00000000
10.39368749,3660,-2.91700299,-1.70172007,-2.24806984,0.07896423,0.68770505,-0.03166199,3.36477603,-1.64918924,-2.24806984,0.07899083,0.68743895,-0.03166199,-2.97536786,-1.61054881,-2.24311074,0.07591248,0.68999386,-0.03280640,0.06835938,-0.05371094,0.00488281,-0.02929688,-0.00000000,-0.01464844,0.44746399,1.47548491,1.47438049,-0.02441406
10.40863800,3665,-2.91509564,-1.70400889,-2.24806984,0.07896423,0.68846798,-0.03166199,3.36664204,-1.65164959,-2.24806984,0.07897295,0.68835601,-0.03166199,-2.97460492,-1.61093028,-2.24311074,0.07591248,0.68999386,-0.03280640,0.07812500,-0.06347656,-0.00000000,0.00000000,0.01464844,-0.01464844,0.44746399,1.47551180,1.47476196,-0.04882812
10.42273927,3670,-2.91318829,-1.70591624,-2.24806984,0.07896423,0.68923092,-0.03166199,3.36849677,-1.65394030,-2.24806984,0.07896709,0.68905031,-0.03166199,-2.97346051,-1.61207469,-2.24311074,0.07591248,0.68999386,-0.03280640,0.07324219,-0.05859375,0.00488281,-0.01464844,0.01464844,-0.01464844,0.44746399,1.47552061,1.47476196,-0.04882812
10.43709111,3675,-2.91166242,-1.70782359,-2.24806984,0.07896423,0.68961239,-0.03166199,3.37019145,-1.65592444,-2.24806984,0.07896517,0.68956554,-0.03166199,-2.97193463,-1.61245616,-2.24311074,0.07629395,0.68999386,-0.03280640,0.06835938,-0.04394531,0.00488281,0.00000000,0.02929688,-0.01464844,0.44746399,1.47552350,1.47476196,-0.02441406
10.45085526,3680,-2.91013654,-1.71011241,-2.24806984,0.07896423,0.69075680,-0.03166199,3.37194061,-1.65821107,-2.24806984,0.07896454,0.69052136,-0.03166199,-2.97117169,-1.61360057,-2.24311074,0.07629395,0.68999386,-0.03280640,0.06347656,-0.06835938,-0.00000000,-0.01464844,-0.00000000,-0.01464844,0.44746399,1.47552444,1.47438049,-0.07324219
10.46703982,3685,-2.90746625,-1.71278269,-2.24806984,0.07896423,0.69228268,-0.03166199,3.37396873,-1.66068338,-2.24806984,0.07896433,0.69181161,-0.03166199,-2.97002728,-1.61436351,-2.24349221,0.07629395,0.68999386,-0.03280640,0.08300781,-0.05859375,-0.00000000,0.00000000,0.01464844,-0.01464844,0.44746399,1.47552475,1.47476196,0.00000000
10.48121452,3690,-2.90517743,-1.71469004,-2.24806984,0.07896423,0.69342709,-0.03166199,3.37622241,-1.66282615,-2.24806984,0.07892520,0.69290371,-0.03166199,-2.96888287,-1.61512644,-2.24349221,0.07629395,0.68999386,-0.03280640,0.06347656,-0.07812500,-0.00000000,0.00000000,0.01464844,-0.01464844,0.44746399,1.47552485,1.47476196,-0.04882812
10.49499702,3695,-2.90327008,-1.71697886,-2.24806984,0.07858276,0.69419003,-0.03166199,3.37822421,-1.66504025,-2.24806984,0.07887515,0.69387461,-0.03166199,-2.96735700,-1.61627085,-2.24349221,0.07629395,0.68999386,-0.03280640,0.08300781,-0.05859375,-0.00976562,-0.01464844,-0.00000000,-0.02929688,0.44746399,1.47552489,1.47476196,0.00000000
10.50928926,3700,-2.90174420,-1.71888621,-2.24806984,0.07858276,0.69609738,-0.03166199,3.38012723,-1.66706716,-2.24806984,0.07885875,0.69525586,-0.03166199,-2.96621259,-1.61703379,-2.24349221,0.07667542,0.69037533,-0.03280640,0.08300781,-0.08789062,-0.00488281,0.00000000,0.02929688,-0.01464844,0.44746399,1.47552490,1.47476196,0.00000000
10.52088380,3705,-2.89983685,-1.72079356,-2.24806984,0.07858276,0.69800473,-0.03166199,3.38193111,-1.66893361,-2.24806984,0.07870445,0.69689854,-0.03166199,-2.96544965,-1.61817820,-2.24387368,0.07667542,0.69037533,-0.03280640,0.07812500,-0.07812500,-0.00488281,-0.01464844,0.02929688,0.00000000,0.44746399,1.47552490,1.47476196,-0.02441406
10.53420520,3710,-2.89831098,-1.72231944,-2.24806984,0.07858276,0.69991208,-0.03166199,3.38350902,-1.67063212,-2.24806984,0.07862264,0.69870988,-0.03166199,-2.96430524,-1.61894114,-2.24387368,0.07705688,0.69037533,-0.03280640,0.06835938,-0.07812500,-0.00000000,0.00000000,0.02929688,-0.01464844,0.44746399,1.47552490,1.47476196,-0.02441406
10.54989004,3715,-2.89602216,-1.72422679,-2.24806984,0.07858276,0.70143796,-0.03166199,3.38538471,-1.67244125,-2.24806984,0.07859583,0.70046992,-0.03166199,-2.96277936,-1.62008555,-2.24387368,0.07743835,0.69075680,-0.03280640,0.08300781,-0.07324219,-0.00488281,-0.02929688,0.04394531,-0.02929688,0.44746399,1.47552490,1.47476196,0.00000000
10.56099987,3720,-2.89449628,-1.72575267,-2.24806984,0.07858276,0.70258236,-0.03166199,3.38720539,-1.67405995,-2.24806984,0.07858705,0.70184731,-0.03166199,-2.96201642,-1.62084849,-2.24387368,0.07743835,0.69113827,-0.03242493,0.08300781,-0.08789062,-0.00488281,0.00000000,0.05859375,-0.01464844,0.44746399,1.47552490,1.47476196,-0.02441406
10.57492971,3725,-2.89258893,-1.72727854,-2.24806984,0.07858276,0.70372677,-0.03166199,3.38911559,-1.67561624,-2.24806984,0.07858417,0.70311689,-0.03166199,-2.96087201,-1.62161143,-2.24387368,0.07743835,0.69151974,-0.03280640,0.07324219,-0.06835938,0.00488281,-0.01464844,0.02929688,0.00000000,0.44746399,1.47552490,1.47476196,-0.02441406
10.58959842,3730,-2.89030011,-1.72918589,-2.24806984,0.07858276,0.70525265,-0.03166199,3.39131989,-1.67751842,-2.24806984,0.07858322,0.70461982,-0.03166199,-2.95934613,-1.62275584,-2.24425515,0.07743835,0.69190121,-0.03242493,0.08789062,-0.08300781,-0.00000000,0.00000000,0.04394531,-0.01464844,0.44746399,1.47552490,1.47476196,-0.02441406
10.60431075,3735,-2.88762982,-1.73109324,-2.24806984,0.07858276,0.70754147,-0.03166199,3.39372762,-1.67940210,-2.24806984,0.07858291,0.70661987,-0.03166199,-2.95820172,-1.62351878,-2.24425515,0.07781982,0.69228268,-0.03280640,0.07812500,-0.07324219,-0.00000000,-0.01464844,0.02929688,0.00000000,0.44746399,1.47552490,1.47476196,-0.02441406
10.61954427,3740,-2.88534100,-1.73338206,-2.24806984,0.07858276,0.70868588,-0.03166199,3.39602416,-1.68131988,-2.24806984,0.07858281,0.70807591,-0.03166199,-2.95667584,-1.62466319,-2.24425515,0.07781982,0.69266415,-0.03242493,0.10253906,-0.09277344,-0.00000000,0.00000000,0.02929688,-0.01464844,0.44746399,1.47552490,1.47476196,-0.02441406
10.63394189,3745,-2.88267072,-1.73567088,-2.24806984,0.07858276,0.70983029,-0.03166199,3.39846211,-1.68345734,-2.24806984,0.07858278,0.70932243,-0.03166199,-2.95553143,-1.62580760,-2.24425515,0.07781982,0.69304562,-0.03242493,0.09765625,-0.06835938,-0.00000000,-0.01464844,0.04394531,0.00000000,0.44746399,1.47552490,1.47476196,-0.04882812
10.64764142,3750,-2.88000043,-1.73795970,-2.24806984,0.07858276,0.71097470,-0.03166199,3.40108605,-1.68569509,-2.24806984,0.07858277,0.71043926,-0.03166199,-2.95400556,-1.62695201,-2.24425515,0.07781982,0.69380856,-0.03242493,0.07812500,-0.10253906,-0.00000000,-0.04394531,0.04394531,-0.01464844,0.44746399,1.47552490,1.47476196,0.00000000
10.66141438,3755,-2.87809308,-1.73986705,-2.24806984,0.07858276,0.71173764,-0.03128052,3.40333954,-1.68786110,-2.24806984,0.07858277,0.71137920,-0.03152466,-2.95286115,-1.62809642,-2.24425515,0.07781982,0.69419003,-0.03242493,0.09765625,-0.08789062,0.00488281,-0.01464844,0.05859375,-0.02929688,0.44784546,1.47567749,1.47476196,-0.02441406
10.67567945,3760,-2.87580426,-1.74177439,-2.24806984,0.07858276,0.71250058,-0.03128052,3.40563680,-1.68977312,-2.24806984,0.07858276,0.71223920,-0.03144060,-2.95171674,-1.62962229,-2.24425515,0.07820129,0.69495297,-0.03280640,0.07812500,-0.08789062,0.00488281,-0.01464844,0.07324219,-0.02929688,0.44746399,1.47563740,1.47476196,-0.02441406
10.69124961,3765,-2.87313397,-1.74444468,-2.24806984,0.07858276,0.71364499,-0.03128052,3.40813359,-1.69226575,-2.24806984,0.07858276,0.71319032,-0.03133297,-2.94980939,-1.63076670,-2.24425515,0.07820129,0.69609738,-0.03242493,0.09765625,-0.10742188,-0.00000000,0.00000000,0.07324219,0.00000000,0.44746399,1.47565942,1.47476196,-0.04882812
10.70810032,3770,-2.87046369,-1.74711497,-2.24806984,0.07858276,0.71517087,-0.03128052,3.41066695,-1.69478553,-2.24806984,0.07858276,0.71442630,-0.03132896,-2.94790204,-1.63229258,-2.24463662,0.07820129,0.69762326,-0.03242493,0.10253906,-0.08300781,-0.00488281,-0.01464844,0.11718750,-0.01464844,0.44746399,1.47556898,1.47476196,-0.02441406
10.72168756,3775,-2.86817487,-1.74940379,-2.24806984,0.07820129,0.71631527,-0.03128052,3.41311597,-1.69718128,-2.24806984,0.07850647,0.71576331,-0.03135742,-2.94675763,-1.63305552,-2.24463662,0.07820129,0.69914914,-0.03242493,0.09277344,-0.07324219,-0.00488281,-0.02929688,0.14648438,-0.01464844,0.44746399,1.47553935,1.47476196,-0.04882812
10.73869944,3780,-2.86626752,-1.75131114,-2.24806984,0.07820129,0.71745968,-0.03128052,3.41522230,-1.69931898,-2.24806984,0.07830129,0.71682972,-0.03141558,-2.94523175,-1.63419993,-2.24463662,0.07820129,0.70029355,-0.03242493,0.08789062,-0.09277344,0.00488281,-0.01464844,0.07324219,-0.01464844,0.44784546,1.47604257,1.47476196,-0.04882812
10.75117922,3785,-2.86436017,-1.75321849,-2.24806984,0.07820129,0.71860409,-0.03128052,3.41730032,-1.70135845,-2.24806984,0.07823406,0.71809750,-0.03136384,-2.94408734,-1.63496287,-2.24463662,0.07820129,0.70067502,-0.03242493,0.10742188,-0.06347656,0.00488281,0.00000000,0.05859375,-0.02929688,0.44784546,1.47610982,1.47476196,-0.04882812
10.76496077,3790,-2.86245282,-1.75512583,-2.24806984,0.07820129,0.71974850,-0.03128052,3.41917571,-1.70336232,-2.24806984,0.07821203,0.71925254,-0.03136886,-2.94256146,-1.63648875,-2.24463662,0.07820129,0.70181943,-0.03242493,0.09277344,-0.09277344,0.00488281,-0.01464844,0.08789062,-0.02929688,0.44784546,1.47616701,1.47476196,-0.04882812
10.77648449,3795,-2.86092694,-1.75703318,-2.24806984,0.07781982,0.72012997,-0.03166199,3.42096650,-1.70527151,-2.24806984,0.07801866,0.72002861,-0.03138576,-2.94103558,-1.63725169,-2.24501808,0.07820129,0.70296383,-0.03242493,0.10742188,-0.09765625,-0.00000000,-0.01464844,0.08789062,-0.01464844,0.44784546,1.47617012,1.47476196,-0.02441406
10.79137874,3800,-2.85940106,-1.75817759,-2.24806984,0.07781982,0.72127438,-0.03166199,3.42267929,-1.70683693,-2.24806984,0.07788498,0.72097225,-0.03148358,-2.93989118,-1.63877757,-2.24501808,0.07820129,0.70372677,-0.03242493,0.09765625,-0.09277344,-0.00000000,-0.02929688,0.07324219,-0.01464844,0.44784546,1.47624927,1.47476196,-0.02441406
10.80378437,3805,-2.85787518,-1.75970347,-2.24806984,0.07781982,0.72241879,-0.03166199,3.42425860,-1.70824442,-2.24806984,0.07784117,0.72195077,-0.03153321,-2.93836530,-1.64030345,-2.24501808,0.07820129,0.70448971,-0.03242493,0.08300781,-0.12207031,0.00976562,-0.01464844,0.08789062,-0.01464844,0.44784546,1.47627520,1.47476196,-0.02441406
10.81702065,3810,-2.85596784,-1.76161082,-2.24806984,0.07781982,0.72318173,-0.03128052,3.42593492,-1.70984686,-2.24806984,0.07782682,0.72282341,-0.03143363,-2.93683942,-1.64144786,-2.24501808,0.07820129,0.70639706,-0.03242493,0.10742188,-0.09765625,0.00488281,-0.04394531,0.16113281,-0.01464844,0.44784546,1.47628370,1.47476196,-0.02441406
10.83112359,3815,-2.85444196,-1.76237376,-2.24806984,0.07743835,0.72356320,-0.03128052,3.42755355,-1.71118860,-2.24806984,0.07768479,0.72354601,-0.03144055,-2.93531354,-1.64259227,-2.24501808,0.07820129,0.70830441,-0.03242493,0.11230469,-0.07812500,-0.00000000,-0.01464844,0.16113281,-0.01464844,0.44822693,1.47651720,1.47476196,-0.02441406
10.84407663,3820,-2.85291608,-1.76313670,-2.24806984,0.07667542,0.72394467,-0.03166199,3.42915865,-1.71208017,-2.24806984,0.07715656,0.72403925,-0.03155818,-2.93416913,-1.64411814,-2.24501808,0.07820129,0.71059323,-0.03242493,0.09277344,-0.12695312,0.00488281,-0.01464844,0.17578125,-0.01464844,0.44784546,1.47646065,1.47514343,-0.02441406
10.85858727,3825,-2.85139020,-1.76428111,-2.24806984,0.07591248,0.72394467,-0.03166199,3.43060063,-1.71299133,-2.24806984,0.07653156,0.72423213,-0.03153569,-2.93226178,-1.64564402,-2.24501808,0.07820129,0.71250058,-0.03242493,0.09765625,-0.11230469,0.00488281,-0.02929688,0.14648438,-0.01464844,0.44784546,1.47634447,1.47476196,0.00000000
10.87379909,3830,-2.84986432,-1.76504405,-2.24806984,0.07514954,0.72394467,-0.03166199,3.43217909,-1.71406310,-2.24806984,0.07567271,0.72447551,-0.03150146,-2.93111737,-1.64678843,-2.24501808,0.07820129,0.71517087,-0.03242493,0.11230469,-0.09765625,0.00488281,-0.02929688,0.20507812,-0.01464844,0.44784546,1.47630640,1.47476196,-0.02441406
10.88854551,3835,-2.84795697,-1.76580699,-2.24806984,0.07324219,0.72394467,-0.03166199,3.43394742,-1.71492723,-2.24806984,0.07436919,0.72442391,-0.03142921,-2.92921002,-1.64793284,-2.24501808,0.07820129,0.71822262,-0.03242493,0.09277344,-0.07812500,0.00488281,-0.01464844,0.17578125,-0.02929688,0.44784546,1.47623142,1.47476196,-0.02441406
10.90369487,3840,-2.84604962,-1.76618846,-2.24806984,0.07209778,0.72394467,-0.03166199,3.43569008,-1.71553717,-2.24806984,0.07303153,0.72435818,-0.03158571,-2.92768414,-1.64945872,-2.24501808,0.07820129,0.71898556,-0.03242493,0.10253906,-0.10253906,0.00488281,-0.01464844,0.08789062,-0.01464844,0.44746399,1.47605427,1.47514343,-0.02441406
10.91541553,3845,-2.84490521,-1.76618846,-2.24806984,0.07171631,0.72394467,-0.03128052,3.43714966,-1.71573704,-2.24806984,0.07227863,0.72433664,-0.03145084,-2.92653973,-1.65060313,-2.24501808,0.07781982,0.71898556,-0.03242493,0.10742188,-0.09765625,0.00488281,-0.02929688,0.01464844,0.00000000,0.44784546,1.47621130,1.47476196,-0.04882812
10.92976427,3850,-2.84337933,-1.76618846,-2.24806984,0.07209778,0.72394467,-0.03166199,3.43848584,-1.71580253,-2.24806984,0.07215704,0.72432958,-0.03159280,-2.92501386,-1.65174754,-2.24501808,0.07781982,0.71936703,-0.03242493,0.08789062,-0.08300781,0.00488281,-0.01464844,0.02929688,0.00000000,0.44784546,1.47626276,1.47476196,-0.04882812
10.94318151,3855,-2.84147199,-1.76618846,-2.24806984,0.07171631,0.72394467,-0.03128052,3.44025486,-1.71582399,-2.24806984,0.07193104,0.72432727,-0.03150199,-2.92348798,-1.65289195,-2.24501808,0.07781982,0.71898556,-0.03242493,0.09277344,-0.10253906,-0.00000000,-0.01464844,-0.01464844,-0.02929688,0.44784546,1.47618197,1.47514343,-0.02441406
10.95818305,3860,-2.83956464,-1.76618846,-2.24806984,0.07171631,0.72394467,-0.03166199,3.44212665,-1.71583103,-2.24806984,0.07178667,0.72432651,-0.03153925,-2.92196210,-1.65403636,-2.24501808,0.07781982,0.71860409,-0.03242493,0.11718750,-0.07324219,-0.00488281,-0.02929688,-0.02929688,-0.01464844,0.44784546,1.47625315,1.47514343,-0.02441406
10.97184110,3865,-2.83727582,-1.76618846,-2.24806984,0.07171631,0.72394467,-0.03166199,3.44410645,-1.71583333,-2.24806984,0.07173937,0.72432626,-0.03158270,-2.92043622,-1.65556224,-2.24501808,0.07743835,0.71860409,-0.03242493,0.09765625,-0.08300781,0.00488281,-0.01464844,0.01464844,-0.01464844,0.44784546,1.47627647,1.47514343,-0.02441406
10.98700643,3870,-2.83536847,-1.76618846,-2.24806984,0.07171631,0.72394467,-0.03128052,3.44620990,-1.71583408,-2.24806984,0.07172386,0.72432618,-0.03148940,-2.91891034,-1.65670665,-2.24501808,0.07743835,0.71898556,-0.03204346,0.09765625,-0.10253906,-0.00000000,-0.01464844,0.04394531,-0.01464844,0.44784546,1.47628412,1.47476196,-0.04882812
10.99938631,3875,-2.83307965,-1.76618846,-2.24806984,0.07133484,0.72356320,-0.03128052,3.44855956,-1.71583433,-2.24806984,0.07146231,0.72418882,-0.03134896,-2.91738446,-1.65746958,-2.24501808,0.07743835,0.71936703,-0.03242493,0.11718750,-0.06835938,-0.00000000,-0.01464844,0.01464844,-0.01464844,0.44784546,1.47620850,1.47514343,-0.02441406
11.01424575,3880,-2.83079083,-1.76618846,-2.24806984,0.07133484,0.72394467,-0.03128052,3.45055680,-1.71583441,-2.24806984,0.07137661,0.72421083,-0.03130295,-2.91585858,-1.65861399,-2.24501808,0.07705688,0.71974850,-0.03204346,0.10742188,-0.09765625,0.00488281,-0.02929688,0.04394531,-0.02929688,0.44784546,1.47606165,1.47514343,0.00000000
11.02839112,3885,-2.82888348,-1.76618846,-2.24806984,0.07133484,0.72356320,-0.03128052,3.45281489,-1.71583444,-2.24806984,0.07134853,0.72408071,-0.03128787,-2.91433270,-1.65975840,-2.24501808,0.07629395,0.71974850,-0.03204346,0.09277344,-0.07324219,0.00488281,-0.07324219,0.01464844,-0.01464844,0.44784546,1.47621372,1.47514343,-0.04882812
11.04170418,3890,-2.82621320,-1.76618846,-2.24806984,0.07133484,0.72394467,-0.03128052,3.45508546,-1.71583445,-2.24806984,0.07133932,0.72417541,-0.03128293,-2.91280682,-1.66090281,-2.24501808,0.07591248,0.71974850,-0.03204346,0.10253906,-0.07812500,0.00976562,-0.04394531,0.01464844,0.00000000,0.44784546,1.47618543,1.47476196,0.00000000
11.05548596,3895,-2.82468732,-1.76618846,-2.24806984,0.07133484,0.72394467,-0.03128052,3.45720790,-1.71583445,-2.24806984,0.07133631,0.72427675,-0.03128131,-2.91128095,-1.66204722,-2.24501808,0.07591248,0.71974850,-0.03204346,0.10742188,-0.09765625,0.00488281,-0.02929688,0.01464844,-0.01464844,0.44784546,1.47625428,1.47514343,-0.02441406
11.07089472,3900,-2.82163556,-1.76618846,-2.24806984,0.07133484,0.72394467,-0.03128052,3.45957574,-1.71583445,-2.24806984,0.07133532,0.72430995,-0.03128078,-2.90937360,-1.66319163,-2.24539955,0.07591248,0.71974850,-0.03204346,0.11230469,-0.06835938,-0.00000000,-0.02929688,0.01464844,-0.01464844,0.44784546,1.47627685,1.47514343,-0.04882812
11.08356428,3905,-2.81934674,-1.76618846,-2.24806984,0.07133484,0.72394467,-0.03128052,3.46189973,-1.71583445,-2.24806984,0.07133500,0.72432084,-0.03128060,-2.90784772,-1.66433604,-2.24539955,0.07591248,0.71974850,-0.03204346,0.10742188,-0.08300781,-0.00000000,-0.01464844,0.01464844,-0.01464844,0.44784546,1.47628424,1.47514343,-0.04882812
11.09688163,3910,-2.81743939,-1.76618846,-2.24806984,0.07133484,0.72394467,-0.03128052,3.46398462,-1.71583445,-2.24806984,0.07133489,0.72432440,-0.03113943,-2.90632184,-1.66509898,-2.24539955,0.07553101,0.72012997,-0.03204346,0.11230469,-0.06347656,-0.00488281,-0.01464844,0.02929688,-0.01464844,0.44784546,1.47628666,1.47514343,-0.02441406
11.11273050,3915,-2.81438764,-1.76618846,-2.24806984,0.07133484,0.72394467,-0.03089905,3.46655940,-1.71583445,-2.24806984,0.07133486,0.72432557,-0.03100907,-2.90441449,-1.66624339,-2.24539955,0.07591248,0.72051144,-0.03204346,0.11718750,-0.07812500,-0.00000000,-0.01464844,0.04394531,-0.01464844,0.44746399,1.47605674,1.47514343,-0.02441406
11.12422466,3920,-2.81248029,-1.76618846,-2.24806984,0.07133484,0.72394467,-0.03089905,3.46912588,-1.71583445,-2.24806984,0.07133484,0.72432595,-0.03093510,-2.90327008,-1.66662486,-2.24539955,0.07553101,0.72051144,-0.03204346,0.10742188,-0.03906250,0.00488281,-0.01464844,0.02929688,-0.01464844,0.44784546,1.47621212,1.47514343,-0.02441406
11.13751292,3925,-2.80981000,-1.76618846,-2.24806984,0.07133484,0.72356320,-0.03089905,3.47155073,-1.71583445,-2.24806984,0.07133484,0.72424978,-0.03091086,-2.90136273,-1.66776927,-2.24539955,0.07553101,0.72089291,-0.03204346,0.10742188,-0.07812500,-0.00000000,-0.02929688,0.04394531,-0.01464844,0.44784546,1.47626303,1.47514343,0.00000000
11.15232468,3930,-2.80713971,-1.76618846,-2.24806984,0.07133484,0.72356320,-0.03089905,3.47405270,-1.71583445,-2.24806984,0.07133484,0.72407590,-0.03090292,-2.89983685,-1.66853221,-2.24539955,0.07553101,0.72127438,-0.03204346,0.11718750,-0.04882812,0.00488281,-0.02929688,0.02929688,-0.01464844,0.44784546,1.47627971,1.47476196,-0.04882812
11.16507578,3935,-2.80408795,-1.76618846,-2.24806984,0.07133484,0.72356320,-0.03089905,3.47657176,-1.71583445,-2.24806984,0.07133484,0.72398767,-0.03090032,-2.89831098,-1.66929515,-2.24578102,0.07514954,0.72127438,-0.03204346,0.11230469,-0.06835938,-0.00488281,-0.01464844,0.05859375,-0.01464844,0.44746399,1.47613259,1.47476196,-0.04882812
11.18128204,3940,-2.80141766,-1.76618846,-2.24806984,0.07133484,0.72356320,-0.03051758,3.47956262,-1.71583445,-2.24806984,0.07133484,0.72395876,-0.03064299,-2.89678510,-1.67043956,-2.24578102,0.07514954,0.72165585,-0.03204346,0.11230469,-0.07324219,-0.00488281,-0.05859375,0.02929688,-0.01464844,0.44746399,1.47582169,1.47514343,-0.02441406
11.19513941,3945,-2.79836591,-1.76618846,-2.24806984,0.07133484,0.72356320,-0.03013611,3.48247674,-1.71583445,-2.24806984,0.07133484,0.72394929,-0.03030220,-2.89449628,-1.67120249,-2.24578102,0.07438660,0.72165585,-0.03204346,0.11230469,-0.07324219,0.00488281,-0.02929688,-0.00000000,-0.01464844,0.44746399,1.47588485,1.47476196,-0.04882812
11.20916820,3950,-2.79531415,-1.76618846,-2.24806984,0.07133484,0.72356320,-0.02975464,3.48532324,-1.71583445,-2.24806984,0.07133484,0.72394618,-0.03005321,-2.89297040,-1.67234690,-2.24578102,0.07438660,0.72165585,-0.03204346,0.12207031,-0.06835938,-0.00000000,-0.01464844,0.01464844,-0.01464844,0.44746399,1.47564285,1.47514343,0.00000000
11.22302055,3955,-2.79302533,-1.76618846,-2.24806984,0.07133484,0.72356320,-0.02899170,3.48793299,-1.71583445,-2.24806984,0.07133484,0.72383530,-0.02955096,-2.89106305,-1.67310984,-2.24578102,0.07438660,0.72203732,-0.03204346,0.13671875,-0.07812500,-0.00488281,-0.02929688,0.02929688,0.00000000,0.44784546,1.47585676,1.47514343,0.00000000
11.24110413,3960,-2.78959210,-1.76618846,-2.24806984,0.07133484,0.72356320,-0.02708435,3.49108563,-1.71583445,-2.24806984,0.07133484,0.72390883,-0.02841263,-2.88877423,-1.67425425,-2.24616249,0.07400513,0.72203732,-0.03204346,0.13671875,-0.05371094,-0.00000000,-0.04394531,0.02929688,-0.01464844,0.44746399,1.47591587,1.47514343,-0.04882812
11.25602579,3965,-2.78654035,-1.76618846,-2.24806984,0.07133484,0.72356320,-0.02555847,3.49434232,-1.71583445,-2.24806984,0.07124695,0.72378400,-0.02664411,-2.88686688,-1.67539866,-2.24616249,0.07362366,0.72203732,-0.03166199,0.12695312,-0.07324219,0.00488281,-0.02929688,0.04394531,0.00000000,0.44746399,1.47601337,1.47514343,-0.02441406
11.27086878,3970,-2.78387006,-1.76618846,-2.24806984,0.07133484,0.72318173,-0.02555847,3.49705633,-1.71583445,-2.24806984,0.07130604,0.72378448,-0.02591421,-2.88495953,-1.67616160,-2.24616249,0.07324219,0.72203732,-0.03166199,0.13183594,-0.05371094,-0.00000000,-0.05859375,0.01464844,-0.01464844,0.44784546,1.47607583,1.47514343,-0.02441406
11.28594446,3975,-2.78119977,-1.76618846,-2.24806984,0.07133484,0.72356320,-0.02517700,3.49991135,-1.71583445,-2.24806984,0.07132540,0.72384335,-0.02544982,-2.88305219,-1.67692454,-2.24616249,0.07171631,0.72241879,-0.03166199,0.13183594,-0.07324219,0.00488281,-0.13183594,0.01464844,-0.01464844,0.44746399,1.47590563,1.47514343,-0.04882812
11.30189085,3980,-2.77852948,-1.76618846,-2.24806984,0.07133484,0.72356320,-0.02403259,3.50231014,-1.71583445,-2.24806984,0.07133175,0.72377036,-0.02485734,-2.88076337,-1.67768748,-2.24616249,0.07057190,0.72241879,-0.03166199,0.12695312,-0.06347656,0.00488281,-0.08789062,0.01464844,-0.01464844,0.44784546,1.47616260,1.47514343,-0.02441406
11.31775808,3985,-2.77547772,-1.76618846,-2.24806984,0.07133484,0.72318173,-0.02212524,3.50556786,-1.71583445,-2.24806984,0.07133383,0.72375022,-0.02324120,-2.87923749,-1.67845042,-2.24616249,0.06942749,0.72280026,-0.03128052,0.11230469,-0.06347656,0.00488281,-0.08789062,0.02929688,-0.01464844,0.44784546,1.47607102,1.47514343,-0.04882812
11.33330846,3990,-2.77204450,-1.76618846,-2.24806984,0.07133484,0.72318173,-0.02136230,3.50855343,-1.71583445,-2.24806984,0.07133451,0.72375583,-0.02209712,-2.87694867,-1.67921336,-2.24616249,0.06866455,0.72280026,-0.03089905,0.12695312,-0.04882812,-0.00000000,-0.04394531,0.01464844,0.01464844,0.44784546,1.47599707,1.47514343,-0.02441406
11.34931564,3995,-2.76899274,-1.76618846,-2.24806984,0.07133484,0.72318173,-0.01983643,3.51158400,-1.71583445,-2.24806984,0.07133473,0.72376743,-0.02100787,-2.87465985,-1.67997630,-2.24616249,0.06866455,0.72280026,-0.03051758,0.12207031,-0.04882812,0.00488281,-0.01464844,0.04394531,0.02929688,0.44784546,1.47600799,1.47514343,-0.02441406
11.36541033,4000,-2.76555951,-1.76618846,-2.24806984,0.07133484,0.72318173,-0.01792908,3.51490237,-1.71583445,-2.24806984,0.07133480,0.72363012,-0.01943110,-2.87237103,-1.68112071,-2.24616249,0.06866455,0.72318173,-0.02975464,0.13183594,-0.05859375,0.00488281,-0.01464844,0.02929688,0.02929688,0.44746399,1.47596543,1.47514343,-0.04882812
11.38023186,4005,-2.76250775,-1.76618846,-2.24806984,0.07095337,0.72318173,-0.01564026,3.51790477,-1.71583445,-2.24806984,0.07125853,0.72358513,-0.01769250,-2.87008222,-1.68188365,-2.24616249,0.06866455,0.72318173,-0.02746582,0.14160156,-0.02929688,-0.00000000,-0.01464844,0.01464844,0.16113281,0.44746399,1.47590753,1.47514343,-0.02441406
11.39628363,4010,-2.75983746,-1.76618846,-2.24806984,0.07095337,0.72318173,-0.01182556,3.52081084,-1.71583445,-2.24806984,0.07105337,0.72357039,-0.01478320,-2.86817487,-1.68226512,-2.24616249,0.06904602,0.72318173,-0.02670288,0.13183594,-0.05859375,-0.00000000,-0.01464844,0.02929688,0.00000000,0.44784546,1.47602260,1.47514343,-0.02441406
11.40858555,4015,-2.75754865,-1.76618846,-2.24806984,0.07095337,0.72318173,-0.00915527,3.52364518,-1.71583445,-2.24806984,0.07102520,0.72356555,-0.01140959,-2.86626752,-1.68302806,-2.24654396,0.06904602,0.72318173,-0.02670288,0.12695312,-0.04882812,-0.00488281,-0.01464844,0.01464844,0.00000000,0.44784546,1.47612280,1.47514343,-0.04882812
11.42337632,4020,-2.75449689,-1.76618846,-2.24806984,0.07057190,0.72318173,-0.00534058,3.52668380,-1.71583445,-2.24806984,0.07090061,0.72356397,-0.00793181,-2.86397870,-1.68340953,-2.24654396,0.06904602,0.72318173,-0.02632141,0.13183594,-0.02441406,-0.00488281,-0.01464844,0.01464844,0.01464844,0.44784546,1.47623376,1.47514343,-0.02441406
11.43705106,4025,-2.75144513,-1.76618846,-2.24806984,0.07057190,0.72318173,-0.00190735,3.52941289,-1.71583445,-2.24806984,0.07067961,0.72356345,-0.00446396,-2.86207135,-1.68417247,-2.24654396,0.06904602,0.72356320,-0.02555847,0.13671875,-0.04882812,-0.00000000,-0.02929688,0.04394531,0.05859375,0.44784546,1.47627012,1.47514343,-0.02441406
11.45088363,4030,-2.74915631,-1.76618846,-2.24806984,0.07057190,0.72318173,0.00076294,3.53208426,-1.71583445,-2.24806984,0.07060719,0.72356328,-0.00156212,-2.86054547,-1.68455394,-2.24654396,0.06866455,0.72356320,-0.02479553,0.13671875,-0.04882812,-0.00000000,-0.02929688,0.01464844,0.07324219,0.44784546,1.47628203,1.47514343,-0.04882812
11.46593857,4035,-2.74610455,-1.76618846,-2.24806984,0.07019043,0.72356320,0.00228882,3.53491128,-1.71583445,-2.24806984,0.07035825,0.72363952,0.00074521,-2.85787518,-1.68531687,-2.24654396,0.06904602,0.72356320,-0.02250671,0.14648438,-0.02929688,0.00488281,-0.02929688,0.01464844,0.07324219,0.44784546,1.47628594,1.47514343,-0.04882812
11.47908640,4040,-2.74305280,-1.76618846,-2.24806984,0.07019043,0.72318173,0.00381470,3.53787035,-1.71583445,-2.24806984,0.07027667,0.72358821,0.00240801,-2.85634931,-1.68607981,-2.24654396,0.06904602,0.72356320,-0.02212524,0.16113281,-0.06347656,0.00488281,-0.01464844,0.01464844,0.05859375,0.44784546,1.47628722,1.47514343,0.00000000
11.49368215,4045,-2.74076398,-1.76618846,-2.24806984,0.07019043,0.72318173,0.00457764,3.54059803,-1.71583445,-2.24806984,0.07021869,0.72360264,0.00374755,-2.85406049,-1.68684275,-2.24654396,0.06904602,0.72356320,-0.01831055,0.14160156,-0.04882812,0.00488281,0.00000000,0.02929688,0.23437500,0.44784546,1.47628764,1.47514343,-0.04882812
11.50679469,4050,-2.73771222,-1.76618846,-2.24806984,0.07057190,0.72356320,0.00457764,3.54348305,-1.71583445,-2.24806984,0.07033702,0.72383259,0.00430563,-2.85177167,-1.68722422,-2.24654396,0.06904602,0.72394467,-0.01640320,0.14648438,-0.03417969,0.00488281,0.00000000,0.04394531,0.08789062,0.44784546,1.47628777,1.47514343,0.00000000
11.52146530,4055,-2.73466046,-1.76618846,-2.24806984,0.07019043,0.72356320,0.00495911,3.54634052,-1.71583445,-2.24806984,0.07023846,0.72376683,0.00471373,-2.84948285,-1.68798716,-2.24654396,0.06904602,0.72394467,-0.01564026,0.15136719,-0.05371094,0.00488281,0.00000000,0.01464844,0.02929688,0.44746399,1.47603758,1.47514343,0.00000000
11.53181100,4060,-2.73275311,-1.76618846,-2.24806984,0.07019043,0.72318173,0.00572205,3.54869056,-1.71583445,-2.24806984,0.07020617,0.72373979,0.00518021,-2.84833844,-1.68836863,-2.24654396,0.06904602,0.72432614,-0.01487732,0.14648438,-0.03906250,0.00488281,-0.01464844,0.01464844,0.02929688,0.44784546,1.47612771,1.47514343,0.00000000
11.54554963,4065,-2.73008283,-1.76618846,-2.24806984,0.07019043,0.72356320,0.00762939,3.55100541,-1.71583445,-2.24806984,0.07019559,0.72387753,0.00630683,-2.84643109,-1.68875010,-2.24654396,0.06904602,0.72470761,-0.01373291,0.13183594,-0.04882812,0.00488281,-0.02929688,0.04394531,0.11718750,0.44784546,1.47617287,1.47514343,0.00000000
11.55901432,4070,-2.72779401,-1.76618846,-2.24806984,0.07019043,0.72356320,0.00953674,3.55347318,-1.71583445,-2.24806984,0.07019212,0.72392267,0.00802866,-2.84414227,-1.68913157,-2.24654396,0.06904602,0.72508908,-0.00991821,0.14648438,-0.02929688,-0.00000000,0.00000000,0.04394531,0.27832031,0.44784546,1.47625017,1.47514343,-0.02441406
11.57394648,4075,-2.72474225,-1.76618846,-2.24806984,0.07019043,0.72356320,0.01373291,3.55622419,-1.71583445,-2.24806984,0.07019098,0.72393746,0.01102292,-2.84147199,-1.68989451,-2.24692543,0.06904602,0.72547055,-0.00762939,0.14648438,-0.05371094,0.00488281,-0.02929688,0.04394531,0.00000000,0.44784546,1.47627550,1.47514343,-0.02441406
11.58921695,4080,-2.72207196,-1.76618846,-2.24806984,0.07019043,0.72356320,0.01678467,3.55892094,-1.71583445,-2.24806984,0.07019061,0.72394231,0.01425750,-2.83956464,-1.69065745,-2.24654396,0.06904602,0.72547055,-0.00724792,0.14160156,-0.04394531,0.00488281,-0.01464844,0.02929688,0.01464844,0.44746399,1.47600914,1.47514343,-0.02441406
11.60222197,4085,-2.71978314,-1.76618846,-2.24806984,0.07019043,0.72356320,0.01831055,3.56137467,-1.71583445,-2.24806984,0.07019049,0.72394390,0.01654250,-2.83765729,-1.69103892,-2.24654396,0.06904602,0.72547055,-0.00724792,0.14160156,-0.03417969,0.00488281,-0.01464844,0.01464844,0.01464844,0.44784546,1.47619652,1.47514343,-0.02441406
11.61627245,4090,-2.71634992,-1.76618846,-2.24806984,0.07019043,0.72356320,0.02098083,3.56445569,-1.71583445,-2.24806984,0.07019045,0.72394442,0.01908654,-2.83536847,-1.69142039,-2.24654396,0.06904602,0.72547055,-0.00534058,0.14648438,-0.04882812,0.00488281,-0.01464844,0.01464844,0.13183594,0.44784546,1.47625792,1.47514343,-0.04882812
11.63070560,4095,-2.71329816,-1.76618846,-2.24806984,0.07019043,0.72356320,0.02403259,3.56755610,-1.71583445,-2.24806984,0.07019044,0.72394459,0.02204078,-2.83307965,-1.69218333,-2.24692543,0.06904602,0.72547055,-0.00343323,0.13671875,-0.03906250,0.00488281,-0.01464844,-0.00000000,0.08789062,0.44784546,1.47618038,1.47552490,-0.02441406
11.64428711,4100,-2.70986493,-1.76618846,-2.24806984,0.07019043,0.72318173,0.02708435,3.57060976,-1.71583445,-2.24806984,0.07019043,0.72379804,0.02474124,-2.83079083,-1.69256480,-2.24692543,0.06942749,0.72547055,-0.00267029,0.15136719,-0.02929688,0.00976562,-0.01464844,-0.00000000,0.07324219,0.44784546,1.47625263,1.47514343,-0.02441406
11.65976477,4105,-2.70719464,-1.76618846,-2.24806984,0.06980896,0.72356320,0.02861023,3.57368595,-1.71583445,-2.24806984,0.07000427,0.72385756,0.02708267,-2.82850202,-1.69294627,-2.24692543,0.06904602,0.72547055,0.00000000,0.15625000,-0.02441406,0.00488281,-0.01464844,0.01464844,0.16113281,0.44784546,1.47627630,1.47514343,-0.04882812
11.67408991,4110,-2.70414288,-1.76618846,-2.24806984,0.06980896,0.72356320,0.03013611,3.57675792,-1.71583445,-2.24806984,0.06987296,0.72380626,0.02891486,-2.82621320,-1.69332774,-2.24692543,0.06942749,0.72547055,0.00114441,0.14648438,-0.02929688,-0.00000000,0.00000000,0.02929688,0.05859375,0.44784546,1.47628406,1.47514343,-0.02441406
11.68920779,4115,-2.70070966,-1.76618846,-2.24806984,0.06980896,0.72318173,0.03089905,3.57979249,-1.71583445,-2.24806984,0.06982993,0.72376199,0.03006869,-2.82392438,-1.69409068,-2.24692543,0.06942749,0.72547055,0.00305176,0.16601562,-0.03417969,0.00488281,-0.01464844,-0.00000000,0.16113281,0.44784546,1.47628660,1.47552490,-0.02441406
11.70279646,4120,-2.69803937,-1.76618846,-2.24806984,0.06980896,0.72318173,0.03089905,3.58276233,-1.71583445,-2.24806984,0.06981583,0.72362834,0.03055664,-2.82125409,-1.69447215,-2.24692543,0.06904602,0.72547055,0.00457764,0.15625000,-0.03417969,0.00488281,-0.02929688,-0.00000000,0.08789062,0.44784546,1.47628744,1.47552490,-0.02441406
11.71708894,4125,-2.69498761,-1.76618846,-2.24806984,0.06980896,0.72318173,0.03166199,3.58588441,-1.71583445,-2.24806984,0.06981121,0.72358454,0.03104930,-2.82010968,-1.69447215,-2.24692543,0.06942749,0.72547055,0.00686646,0.14160156,-0.03417969,0.00976562,-0.01464844,-0.00000000,0.20507812,0.44784546,1.47628771,1.47514343,0.00000000
11.73137021,4130,-2.69155438,-1.76618846,-2.24806984,0.06980896,0.72318173,0.03356934,3.58869957,-1.71583445,-2.24806984,0.06980970,0.72357019,0.03205265,-2.81667645,-1.69523509,-2.24692543,0.06942749,0.72547055,0.01106262,0.17089844,-0.03906250,0.00488281,0.00000000,0.01464844,0.16113281,0.44784546,1.47616573,1.47514343,-0.04882812
11.74665475,4135,-2.68850263,-1.76618846,-2.24806984,0.06980896,0.72280026,0.03623962,3.59202975,-1.71583445,-2.24806984,0.06980920,0.72342816,0.03420650,-2.81438764,-1.69561656,-2.24692543,0.06942749,0.72547055,0.01106262,0.15625000,-0.04394531,0.00488281,-0.01464844,0.01464844,0.00000000,0.44784546,1.47612576,1.47514343,-0.02441406
11.75917959,4140,-2.68697675,-1.76618846,-2.24806984,0.06980896,0.72241879,0.03814697,3.59470644,-1.71583445,-2.24806984,0.06980904,0.72307632,0.03669170,-2.81286176,-1.69599803,-2.24692543,0.06942749,0.72547055,0.01182556,0.15136719,-0.03906250,0.00488281,0.00000000,0.01464844,0.04394531,0.44784546,1.47617223,1.47514343,-0.04882812
11.77352524,4145,-2.68239911,-1.76618846,-2.24806984,0.06942749,0.72203732,0.04272461,3.59799369,-1.71583445,-2.24806984,0.06973269,0.72275339,0.04009638,-2.81019147,-1.69637950,-2.24692543,0.06942749,0.72508908,0.01449585,0.17089844,-0.03417969,0.00488281,-0.01464844,0.01464844,0.19042969,0.44784546,1.47612789,1.47514343,-0.02441406
11.78747702,4150,-2.68011029,-1.76618846,-2.24806984,0.06904602,0.72165585,0.04463196,3.60087774,-1.71583445,-2.24806984,0.06934134,0.72234228,0.04267455,-2.80790265,-1.69676097,-2.24692543,0.06942749,0.72547055,0.01831055,0.15625000,-0.02441406,0.00488281,0.00000000,0.02929688,0.32226562,0.44746399,1.47596077,1.47514343,-0.02441406
11.80104327,4155,-2.67667706,-1.76618846,-2.24806984,0.06904602,0.72089291,0.04806519,3.60412955,-1.71583445,-2.24806984,0.06914279,0.72177470,0.04569478,-2.80561383,-1.69714244,-2.24692543,0.06980896,0.72547055,0.01945496,0.16113281,-0.03417969,0.00488281,0.00000000,0.04394531,0.00000000,0.44784546,1.47611817,1.47552490,-0.02441406
11.81280112,4160,-2.67324384,-1.76618846,-2.24806984,0.06828308,0.71974850,0.05226135,3.60719571,-1.71583445,-2.24806984,0.06877622,0.72091159,0.04919800,-2.80332501,-1.69752391,-2.24692543,0.06942749,0.72508908,0.02021790,0.17089844,-0.02929688,0.00488281,-0.02929688,-0.00000000,0.04394531,0.44746399,1.47591950,1.47514343,-0.04882812
11.82664537,4165,-2.67057355,-1.76618846,-2.24806984,0.06790161,0.71898556,0.05493164,3.61031701,-1.71583445,-2.24806984,0.06830734,0.72008458,0.05258165,-2.80103619,-1.69790538,-2.24692543,0.06942749,0.72508908,0.02174377,0.16113281,-0.01953125,0.00488281,0.00000000,-0.00000000,0.14648438,0.44784546,1.47604507,1.47552490,0.00000000
11.84006119,4170,-2.66752179,-1.76618846,-2.24806984,0.06675720,0.71860409,0.05760193,3.61336030,-1.71583445,-2.24806984,0.06759572,0.71946483,0.05552475,-2.79874738,-1.69790538,-2.24692543,0.06942749,0.72508908,0.02403259,0.16601562,-0.02929688,0.00488281,-0.02929688,-0.00000000,0.13183594,0.44746399,1.47583598,1.47514343,-0.02441406
11.85537863,4175,-2.66294415,-1.76618846,-2.24806984,0.06523132,0.71822262,0.06027222,3.61701378,-1.71583445,-2.24806984,0.06643675,0.71891739,0.05813551,-2.79645856,-1.69828685,-2.24692543,0.06942749,0.72508908,0.02632141,0.17578125,-0.02929688,0.00488281,-0.02929688,0.01464844,0.19042969,0.44784546,1.47577942,1.47552490,0.00000000
11.87116599,4180,-2.65951093,-1.76618846,-2.24806984,0.06294250,0.71822262,0.06446838,3.62071205,-1.71583445,-2.24806984,0.06449766,0.71870675,0.06134098,-2.79340680,-1.69866831,-2.24692543,0.06942749,0.72508908,0.02822876,0.16113281,-0.02929688,0.00488281,-0.01464844,0.02929688,0.05859375,0.44746399,1.47568643,1.47514343,0.00000000
11.88370562,4185,-2.65531476,-1.76618846,-2.24806984,0.06179810,0.71784115,0.06942749,3.62470552,-1.71583445,-2.24806984,0.06293318,0.71847355,0.06585681,-2.79111798,-1.69904978,-2.24692543,0.06942749,0.72470761,0.03051758,0.17578125,-0.02929688,0.00488281,-0.02929688,-0.01464844,0.19042969,0.44746399,1.47557783,1.47552490,-0.02441406
11.89645076,4190,-2.65188153,-1.76618846,-2.24806984,0.06065369,0.71784115,0.07438660,3.62819879,-1.71583445,-2.24806984,0.06173120,0.71830485,0.07022583,-2.78921063,-1.69943125,-2.24692543,0.06904602,0.72470761,0.03242493,0.17578125,-0.02929688,0.00488281,-0.04394531,-0.01464844,0.17578125,0.44746399,1.47554225,1.47514343,-0.04882812
11.91360593,4195,-2.64844830,-1.76618846,-2.24806984,0.05798340,0.71745968,0.08010864,3.63192952,-1.71583445,-2.24806984,0.05977495,0.71806341,0.07582190,-2.78577741,-1.69981272,-2.24692543,0.06904602,0.72470761,0.03738403,0.18066406,-0.02929688,0.00488281,-0.01464844,-0.00000000,0.23437500,0.44746399,1.47553059,1.47514343,-0.02441406
11.92806244,4200,-2.64348920,-1.76618846,-2.24806984,0.05455017,0.71745968,0.08621216,3.63626932,-1.71583445,-2.24806984,0.05687453,0.71791398,0.08171422,-2.78348859,-1.70019419,-2.24692543,0.06866455,0.72432614,0.03890991,0.18066406,-0.02441406,0.00488281,-0.04394531,-0.01464844,0.08789062,0.44746399,1.47552676,1.47552490,-0.04882812
11.94525838,4205,-2.63814862,-1.76618846,-2.24806984,0.05111694,0.71745968,0.09307861,3.64112229,-1.71583445,-2.24806984,0.05359539,0.71786502,0.08786352,-2.78043683,-1.70057566,-2.24692543,0.06828308,0.72356320,0.04501343,0.17578125,-0.02441406,0.00488281,-0.02929688,-0.01464844,0.41015625,0.44746399,1.47552551,1.47552490,-0.02441406
11.96082544,4210,-2.63357098,-1.76618846,-2.24806984,0.04844666,0.71745968,0.09956360,3.64608165,-1.71583445,-2.24806984,0.05054395,0.71784897,0.09460081,-2.77738507,-1.70095713,-2.24692543,0.06828308,0.72318173,0.04806519,0.18554688,-0.03417969,0.00488281,0.00000000,-0.04394531,0.13183594,0.44746399,1.47552510,1.47552490,-0.02441406
11.97472692,4215,-2.62823041,-1.76618846,-2.24806984,0.04425049,0.71707821,0.10833740,3.65096382,-1.71583445,-2.24806984,0.04725560,0.71770639,0.10207008,-2.77471478,-1.70133860,-2.24692543,0.06790161,0.72203732,0.04997253,0.18066406,-0.02441406,0.00488281,-0.04394531,-0.05859375,0.11718750,0.44746399,1.47552497,1.47552490,-0.02441406
11.98779774,4220,-2.62441571,-1.76618846,-2.24806984,0.04348755,0.71707821,0.11291504,3.65531287,-1.71583445,-2.24806984,0.04487265,0.71754052,0.10843119,-2.77242597,-1.70133860,-2.24692543,0.06713867,0.72165585,0.05302429,0.19042969,-0.02441406,-0.00000000,-0.05859375,-0.02929688,0.29296875,0.44746399,1.47540285,1.47514343,-0.02441406
12.00447869,4225,-2.61907514,-1.76618846,-2.24806984,0.04310608,0.71669674,0.11901855,3.66011517,-1.71583445,-2.24806984,0.04371620,0.71734884,0.11431784,-2.76937421,-1.70172007,-2.24692543,0.06599426,0.72127438,0.05722046,0.19042969,-0.01953125,0.00488281,-0.08789062,-0.01464844,0.23437500,0.44746399,1.47548491,1.47514343,-0.02441406
12.01750422,4230,-2.61564191,-1.76618846,-2.24806984,0.04234314,0.71631527,0.12321472,3.66443891,-1.71583445,-2.24806984,0.04291220,0.71702957,0.11955867,-2.76632245,-1.70210154,-2.24692543,0.06370544,0.72127438,0.06179810,0.20019531,-0.02441406,0.00488281,-0.19042969,0.01464844,0.35156250,0.44746399,1.47551180,1.47514343,-0.02441406
12.03062773,4235,-2.61144574,-1.76618846,-2.24806984,0.04196167,0.71631527,0.12817383,3.66869445,-1.71583445,-2.24806984,0.04227314,0.71680580,0.12450853,-2.76403363,-1.70210154,-2.24692543,0.06256104,0.72127438,0.06523132,0.19531250,-0.01953125,-0.00000000,-0.14648438,-0.00000000,0.27832031,0.44746399,1.47552061,1.47552490,-0.04882812
12.04488993,4240,-2.60686810,-1.76618846,-2.24806984,0.04158020,0.71631527,0.13313293,3.67270610,-1.71583445,-2.24806984,0.04183851,0.71666217,0.12927222,-2.76098187,-1.70248301,-2.24692543,0.05950928,0.72089291,0.07133484,0.18066406,-0.02441406,0.00488281,-0.17578125,-0.00000000,0.39550781,0.44746399,1.47552350,1.47552490,0.02441406
12.05855393,4245,-2.60305341,-1.76618846,-2.24806984,0.04158020,0.71593381,0.13656616,3.67678699,-1.71583445,-2.24806984,0.04166484,0.71652904,0.13338360,-2.75831159,-1.70286448,-2.24692543,0.05912781,0.72127438,0.07553101,0.20019531,-0.02929688,0.00488281,-0.07324219,-0.00000000,0.26367188,0.44746399,1.47552444,1.47552490,-0.02441406
12.07277346,4250,-2.59885724,-1.76618846,-2.24806984,0.04119873,0.71555234,0.13923645,3.68091463,-1.71583445,-2.24806984,0.04143936,0.71624799,0.13672826,-2.75564130,-1.70324595,-2.24692543,0.05760193,0.72089291,0.07858276,0.18554688,-0.01953125,0.00488281,-0.10253906,0.01464844,0.24902344,0.44784546,1.47567734,1.47514343,-0.02441406
12.08752513,4255,-2.59504254,-1.76618846,-2.24806984,0.04158020,0.71517087,0.14266968,3.68495345,-1.71583445,-2.24806984,0.04141491,0.71581154,0.13993324,-2.75258954,-1.70324595,-2.24692543,0.05645752,0.72089291,0.08316040,0.20019531,-0.01953125,0.00488281,-0.08789062,0.01464844,0.23437500,0.44746399,1.47557485,1.47514343,-0.04882812
12.10201883,4260,-2.59084638,-1.76618846,-2.24806984,0.04158020,0.71440793,0.14724731,3.68901358,-1.71583445,-2.24806984,0.04143815,0.71527472,0.14382623,-2.74991925,-1.70362742,-2.24692543,0.05569458,0.72012997,0.08621216,0.19531250,-0.02441406,-0.00000000,-0.07324219,-0.02929688,0.27832031,0.44746399,1.47554127,1.47514343,-0.02441406
12.11689091,4265,-2.58703168,-1.76618846,-2.24806984,0.04158020,0.71440793,0.15068054,3.69328468,-1.71583445,-2.24806984,0.04153365,0.71494843,0.14795405,-2.74610455,-1.70400889,-2.24692543,0.05378723,0.71974850,0.09193420,0.20507812,-0.01953125,0.00488281,-0.13183594,-0.01464844,0.24902344,0.44746399,1.47553027,1.47552490,0.00000000
12.12969089,4270,-2.58321698,-1.76618846,-2.24806984,0.04119873,0.71402646,0.15525818,3.69708585,-1.71583445,-2.24806984,0.04139637,0.71461629,0.15217238,-2.74343427,-1.70400889,-2.24692543,0.05226135,0.71974850,0.09651184,0.20996094,-0.01953125,0.00488281,-0.16113281,-0.00000000,0.38085938,0.44746399,1.47552666,1.47514343,-0.02441406
12.14455128,4275,-2.57902081,-1.76618846,-2.24806984,0.04158020,0.71326352,0.15945435,3.70093334,-1.71583445,-2.24806984,0.04140082,0.71414344,0.15627571,-2.74038251,-1.70439036,-2.24692543,0.05149841,0.71936703,0.10185242,0.20507812,-0.01464844,0.00488281,-0.02929688,-0.01464844,0.27832031,0.44746399,1.47552548,1.47552490,-0.02441406
12.15820813,4280,-2.57596906,-1.76618846,-2.24806984,0.04119873,0.71288205,0.16212463,3.70451831,-1.71583445,-2.24806984,0.04126495,0.71367099,0.15964898,-2.73809369,-1.70439036,-2.24692543,0.05111694,0.71936703,0.10337830,0.20507812,-0.00976562,-0.00000000,-0.07324219,0.01464844,0.13183594,0.44746399,1.47552509,1.47552490,-0.02441406
12.17260957,4285,-2.57177289,-1.76618846,-2.24806984,0.04158020,0.71250058,0.16403198,3.70818070,-1.71583445,-2.24806984,0.04141586,0.71325971,0.16204595,-2.73466046,-1.70439036,-2.24692543,0.04997253,0.71898556,0.10795593,0.19042969,-0.01464844,0.00976562,-0.08789062,0.02929688,0.24902344,0.44746399,1.47552496,1.47552490,-0.02441406
12.18852401,4290,-2.56833966,-1.76618846,-2.24806984,0.04158020,0.71173764,0.16632080,3.71195220,-1.71583445,-2.24806984,0.04152635,0.71261200,0.16440000,-2.73122723,-1.70477183,-2.24692543,0.04920959,0.71898556,0.11138916,0.20996094,-0.02929688,-0.00000000,-0.05859375,-0.00000000,0.19042969,0.44746399,1.47552492,1.47552490,-0.04882812
12.20157027,4295,-2.56452496,-1.76618846,-2.24806984,0.04158020,0.71135617,0.17013550,3.71586749,-1.71583445,-2.24806984,0.04156255,0.71209446,0.16754222,-2.72893842,-1.70515330,-2.24692543,0.04882812,0.71898556,0.11558533,0.19531250,-0.02929688,0.00488281,-0.05859375,-0.01464844,0.33691406,0.44746399,1.47552491,1.47514343,-0.04882812
12.21675944,4300,-2.56071027,-1.76618846,-2.24806984,0.04158020,0.71059323,0.17471313,3.71948615,-1.71583445,-2.24806984,0.04157442,0.71152180,0.17153964,-2.72512372,-1.70553477,-2.24692543,0.04882812,0.71860409,0.12016296,0.21484375,-0.03417969,0.00488281,-0.02929688,-0.00000000,0.24902344,0.44746399,1.47552490,1.47514343,-0.02441406
12.23213935,4305,-2.55803998,-1.76618846,-2.24806984,0.04158020,0.71059323,0.17738342,3.72284952,-1.71583445,-2.24806984,0.04157831,0.71118522,0.17502713,-2.72169049,-1.70591624,-2.24692543,0.04844666,0.71822262,0.12550354,0.20996094,-0.02441406,0.00488281,-0.01464844,-0.01464844,0.45410156,0.44746399,1.47552490,1.47552490,0.00000000
12.24733067,4310,-2.55422528,-1.76618846,-2.24806984,0.04119873,0.71021176,0.18272400,3.72652414,-1.71583445,-2.24806984,0.04141100,0.71086729,0.17964915,-2.71902020,-1.70591624,-2.24692543,0.04844666,0.71784115,0.12855530,0.20996094,-0.01953125,-0.00000000,-0.02929688,-0.01464844,0.10253906,0.44746399,1.47552490,1.47552490,0.00000000
12.26064920,4315,-2.55002911,-1.76618846,-2.24806984,0.04158020,0.71021176,0.18692017,3.73016367,-1.71583445,-2.24806984,0.04147593,0.71068303,0.18385938,-2.71634992,-1.70629771,-2.24692543,0.04806519,0.71784115,0.13084412,0.20996094,-0.01464844,-0.00000000,-0.05859375,-0.01464844,0.19042969,0.44746399,1.47552490,1.47552490,0.00000000
12.27868700,4320,-2.54659589,-1.76618846,-2.24806984,0.04158020,0.70983029,0.18882751,3.73356440,-1.71583445,-2.24806984,0.04154603,0.71043650,0.18682993,-2.71177228,-1.70629771,-2.24692543,0.04730225,0.71745968,0.13542175,0.21972656,-0.00976562,0.00488281,-0.04394531,-0.00000000,0.19042969,0.44746399,1.47552490,1.47552490,-0.02441406
12.29154849,4325,-2.54354413,-1.76618846,-2.24806984,0.04158020,0.70983029,0.19073486,3.73694974,-1.71583445,-2.24806984,0.04156900,0.71028540,0.18896652,-2.70910199,-1.70629771,-2.24692543,0.04653931,0.71707821,0.13923645,0.20507812,-0.00976562,0.00488281,-0.08789062,-0.01464844,0.29296875,0.44746399,1.47552490,1.47552490,0.00000000
12.30620360,4330,-2.54011090,-1.76618846,-2.24806984,0.04158020,0.70983029,0.19302368,3.74035800,-1.71583445,-2.24806984,0.04157653,0.71023589,0.19117421,-2.70605023,-1.70667918,-2.24692543,0.04539490,0.71669674,0.14343262,0.21484375,-0.01953125,0.00488281,-0.10253906,-0.00000000,0.24902344,0.44746399,1.47552490,1.47552490,-0.04882812
12.32052827,4335,-2.53705914,-1.76618846,-2.24806984,0.04119873,0.70983029,0.19721985,3.74341232,-1.71583445,-2.24806984,0.04144167,0.71021967,0.19408452,-2.70261701,-1.70706065,-2.24692543,0.04386902,0.71593381,0.14801025,0.20019531,-0.01953125,0.00488281,-0.10253906,-0.02929688,0.30761719,0.44784546,1.47567749,1.47514343,-0.02441406
12.33367515,4340,-2.53400739,-1.76618846,-2.24806984,0.04158020,0.70983029,0.20065308,3.74676277,-1.71583445,-2.24806984,0.04139369,0.71021435,0.19794356,-2.69994672,-1.70744212,-2.24692543,0.04310608,0.71517087,0.15296936,0.21484375,-0.03417969,0.00488281,-0.07324219,-0.07324219,0.27832031,0.44784546,1.47596577,1.47552490,-0.02441406
12.34786439,4345,-2.53095563,-1.76618846,-2.24806984,0.04081726,0.70983029,0.20446777,3.74978691,-1.71583445,-2.24806984,0.04118632,0.71021261,0.20139681,-2.69689496,-1.70744212,-2.24692543,0.04234314,0.71440793,0.15449524,0.21484375,-0.02929688,0.00488281,-0.07324219,-0.05859375,0.08789062,0.44746399,1.47590765,1.47552490,0.00000000
12.36252213,4350,-2.52828534,-1.76618846,-2.24806984,0.04043579,0.70983029,0.20828247,3.75252433,-1.71583445,-2.24806984,0.04080087,0.71021204,0.20509747,-2.69346173,-1.70782359,-2.24692543,0.04196167,0.71326352,0.15716553,0.21972656,-0.01953125,0.00488281,-0.04394531,-0.04394531,0.23437500,0.44746399,1.47591302,1.47552490,-0.02441406
12.37866521,4355,-2.52485211,-1.76618846,-2.24806984,0.03967285,0.70983029,0.21247864,3.75570806,-1.71583445,-2.24806984,0.04029297,0.71021185,0.20921916,-2.69002850,-1.70782359,-2.24730690,0.04158020,0.71250058,0.16136169,0.20996094,-0.00488281,-0.00000000,-0.01464844,-0.04394531,0.20507812,0.44784546,1.47580467,1.47552490,-0.02441406
12.39249420,4360,-2.52256329,-1.76618846,-2.24806984,0.03852844,0.70983029,0.21438599,3.75855283,-1.71583445,-2.24806984,0.03934492,0.71021179,0.21235308,-2.68735822,-1.70782359,-2.24730690,0.04196167,0.71211911,0.16326904,0.20996094,-0.00488281,0.00488281,0.00000000,-0.02929688,0.16113281,0.44746399,1.47580115,1.47552490,-0.02441406
12.40633869,4365,-2.51913007,-1.76618846,-2.24806984,0.03662109,0.70983029,0.21667480,3.76142067,-1.71583445,-2.24806984,0.03791452,0.71021177,0.21467761,-2.68354352,-1.70782359,-2.24730690,0.04158020,0.71173764,0.16937256,0.21484375,-0.00488281,0.00488281,-0.02929688,-0.00000000,0.38085938,0.44746399,1.47567792,1.47552490,0.00000000
12.42040443,4370,-2.51760419,-1.76618846,-2.24806984,0.03547668,0.70983029,0.21858215,3.76392681,-1.71583445,-2.24806984,0.03655725,0.71026059,0.21701170,-2.68087323,-1.70782359,-2.24730690,0.04158020,0.71173764,0.17242432,0.20507812,-0.00976562,0.00976562,-0.01464844,-0.00000000,0.21972656,0.44746399,1.47577524,1.47552490,-0.04882812
12.43399215,4375,-2.51417096,-1.76618846,-2.24806984,0.03471375,0.70983029,0.22315979,3.76672714,-1.71583445,-2.24806984,0.03552925,0.71022776,0.22019450,-2.67782147,-1.70820506,-2.24730690,0.04158020,0.71173764,0.17738342,0.21484375,-0.00976562,0.00976562,-0.01464844,0.01464844,0.38085938,0.44784546,1.47588159,1.47552490,-0.02441406
12.44684243,4380,-2.51188214,-1.76618846,-2.24806984,0.03204346,0.70983029,0.22735596,3.76933250,-1.71583445,-2.24806984,0.03388588,0.71021700,0.22410743,-2.67515119,-1.70820506,-2.24730690,0.04158020,0.71173764,0.17967224,0.20996094,-0.01953125,0.00488281,-0.02929688,0.01464844,0.13183594,0.44784546,1.47579437,1.47552490,-0.02441406
12.45983100,4385,-2.50959332,-1.76618846,-2.24806984,0.02937317,0.70983029,0.23231506,3.77161518,-1.71583445,-2.24806984,0.03165219,0.71021348,0.22824424,-2.67248090,-1.70858653,-2.24730690,0.04158020,0.71173764,0.18119812,0.20996094,-0.02441406,0.00488281,-0.02929688,0.01464844,0.13183594,0.44746399,1.47571086,1.47552490,-0.04882812
12.47741127,4390,-2.50577863,-1.76618846,-2.24806984,0.02555847,0.70983029,0.23918152,3.77481703,-1.71583445,-2.24806984,0.02833505,0.71021232,0.23446429,-2.66866620,-1.70896800,-2.24730690,0.04119873,0.71173764,0.18539429,0.20996094,-0.02441406,0.00488281,-0.04394531,-0.00000000,0.23437500,0.44746399,1.47558584,1.47552490,-0.02441406
12.48986411,4395,-2.50234540,-1.76618846,-2.24806984,0.02136230,0.70983029,0.24452209,3.77801574,-1.71583445,-2.24806984,0.02462907,0.71021194,0.23991385,-2.66561444,-1.70896800,-2.24730690,0.04081726,0.71135617,0.18806458,0.21484375,-0.02441406,0.00488281,-0.02929688,-0.00000000,0.19042969,0.44746399,1.47554487,1.47514343,-0.02441406
12.50596285,4400,-2.49891217,-1.76618846,-2.24806984,0.01792908,0.70983029,0.24948120,3.78154449,-1.71583445,-2.24806984,0.02083400,0.71021182,0.24522801,-2.66256268,-1.70934947,-2.24730690,0.04005432,0.71173764,0.19264221,0.20507812,-0.02441406,0.00488281,-0.07324219,0.02929688,0.32226562,0.44746399,1.47553145,1.47552490,-0.02441406
12.52233982,4405,-2.49509747,-1.76618846,-2.24806984,0.01449585,0.70983029,0.25672913,3.78512437,-1.71583445,-2.24806984,0.01721190,0.71021178,0.25153319,-2.65912946,-1.70934947,-2.24730690,0.03852844,0.71173764,0.19721985,0.21972656,-0.01953125,0.00488281,-0.10253906,0.02929688,0.20507812,0.44746399,1.47552705,1.47514343,0.00000000
12.53718114,4410,-2.49128278,-1.76618846,-2.24806984,0.01029968,0.70983029,0.26435852,3.78907893,-1.71583445,-2.24806984,0.01346653,0.71021177,0.25904312,-2.65569623,-1.70973094,-2.24730690,0.03700256,0.71135617,0.20294189,0.20019531,-0.00976562,0.00976562,-0.14648438,0.01464844,0.39550781,0.44746399,1.47552560,1.47514343,-0.02441406
12.55282235,4415,-2.48746808,-1.76618846,-2.24806984,0.00648499,0.70983029,0.27084351,3.79262255,-1.71583445,-2.24806984,0.00957299,0.71021176,0.26573652,-2.65264447,-1.70973094,-2.24730690,0.03471375,0.71173764,0.20675659,0.21484375,-0.00976562,0.00488281,-0.17578125,0.01464844,0.20507812,0.44746399,1.47552513,1.47552490,-0.02441406
12.56850863,4420,-2.48365338,-1.76618846,-2.24806984,0.00190735,0.70944882,0.27809143,3.79639579,-1.71583445,-2.24806984,0.00541044,0.71013547,0.27233008,-2.64882977,-1.70973094,-2.24730690,0.03204346,0.71135617,0.21018982,0.21484375,-0.00488281,0.00488281,-0.14648438,-0.00000000,0.24902344,0.44708252,1.47529426,1.47552490,-0.04882812
12.58282638,4425,-2.48022015,-1.76618846,-2.24806984,-0.00190735,0.70906735,0.28457642,3.80029102,-1.71583445,-2.24806984,0.00122345,0.70979296,0.27932819,-2.64577802,-1.70973094,-2.24730690,0.03013611,0.71135617,0.21514893,0.21484375,-0.00488281,0.00488281,-0.16113281,0.01464844,0.27832031,0.44708252,1.47523424,1.47552490,-0.02441406
12.59769297,4430,-2.47564252,-1.76618846,-2.24806984,-0.00686646,0.70868588,0.29335022,3.80397463,-1.71583445,-2.24806984,-0.00287327,0.70937543,0.28658165,-2.64272626,-1.70973094,-2.24730690,0.02861023,0.71135617,0.22048950,0.20996094,-0.00488281,0.00488281,-0.10253906,0.01464844,0.38085938,0.44746399,1.47526950,1.47552490,0.00000000
12.61171770,4435,-2.47297223,-1.76618846,-2.24806984,-0.00991821,0.70830441,0.29754639,3.80762736,-1.71583445,-2.24806984,-0.00699791,0.70898214,0.29305991,-2.63967450,-1.70973094,-2.24730690,0.02632141,0.71135617,0.22430420,0.21972656,-0.00976562,0.00488281,-0.20507812,-0.00000000,0.32226562,0.44708252,1.47528862,1.47552490,-0.02441406
12.62517190,4440,-2.46953900,-1.76618846,-2.24806984,-0.01296997,0.70830441,0.30364990,3.81090351,-1.71583445,-2.24806984,-0.01033043,0.70878296,0.29872665,-2.63700421,-1.71011241,-2.24730690,0.02365112,0.71135617,0.23078918,0.20996094,-0.01464844,0.00488281,-0.19042969,-0.00000000,0.45410156,0.44746399,1.47532541,1.47552490,-0.02441406
12.63901210,4445,-2.46686871,-1.76618846,-2.24806984,-0.01640320,0.70830441,0.30860901,3.81403063,-1.71583445,-2.24806984,-0.01366278,0.70871769,0.30431949,-2.63357098,-1.71011241,-2.24730690,0.02174377,0.71097470,0.23422241,0.21972656,-0.01464844,-0.00000000,-0.14648438,0.01464844,0.26367188,0.44708252,1.47524444,1.47552490,-0.02441406
12.65419292,4450,-2.46419843,-1.76618846,-2.24806984,-0.01945496,0.70830441,0.31433105,3.81693996,-1.71583445,-2.24806984,-0.01713413,0.70866505,0.31045574,-2.63051923,-1.71049388,-2.24730690,0.01907349,0.71097470,0.23994446,0.20507812,-0.02441406,0.00488281,-0.20507812,-0.00000000,0.33691406,0.44708252,1.47498256,1.47552490,-0.02441406
12.66717649,4455,-2.46076520,-1.76618846,-2.24806984,-0.02212524,0.70830441,0.31967163,3.81992418,-1.71583445,-2.24806984,-0.01996973,0.70867906,0.31581876,-2.62746747,-1.71049388,-2.24730690,0.01640320,0.71097470,0.24414062,0.21972656,-0.01953125,0.00488281,-0.20507812,0.01464844,0.33691406,0.44708252,1.47483425,1.47514343,-0.04882812
12.68173075,4460,-2.45847638,-1.76618846,-2.24806984,-0.02517700,0.70830441,0.32310486,3.82256001,-1.71583445,-2.24806984,-0.02278807,0.70868364,0.31998590,-2.62441571,-1.71087535,-2.24730690,0.01335144,0.71097470,0.24986267,0.20019531,-0.02441406,0.00488281,-0.20507812,-0.00000000,0.35156250,0.44708252,1.47478565,1.47552490,0.00000000
12.69526219,4465,-2.45618756,-1.76618846,-2.24806984,-0.02708435,0.70792294,0.32653809,3.82502357,-1.71583445,-2.24806984,-0.02527567,0.70860885,0.32356245,-2.62136395,-1.71087535,-2.24730690,0.01068115,0.71097470,0.25634766,0.20996094,-0.01464844,-0.00000000,-0.23437500,0.01464844,0.51269531,0.44670105,1.47449507,1.47552490,-0.02441406
12.70737433,4470,-2.45428021,-1.76618846,-2.24806984,-0.02822876,0.70830441,0.32997131,3.82741249,-1.71583445,-2.24806984,-0.02701060,0.70866064,0.32738102,-2.61869367,-1.71125682,-2.24730690,0.00801086,0.71059323,0.26092529,0.21484375,-0.00976562,0.00488281,-0.24902344,0.01464844,0.27832031,0.44670105,1.47425922,1.47552490,-0.02441406
12.72216702,4475,-2.45237286,-1.76618846,-2.24806984,-0.02975464,0.70830441,0.33340454,3.82926622,-1.71583445,-2.24806984,-0.02845459,0.70867761,0.33059775,-2.61564191,-1.71125682,-2.24730690,0.00534058,0.71059323,0.26435852,0.21484375,-0.00976562,0.00488281,-0.16113281,0.01464844,0.26367188,0.44708252,1.47445660,1.47552490,-0.02441406
12.73298001,4480,-2.45046552,-1.76618846,-2.24806984,-0.03051758,0.70830441,0.33607483,3.83118725,-1.71583445,-2.24806984,-0.02972244,0.70868317,0.33372883,-2.61297162,-1.71125682,-2.24730690,0.00381470,0.71059323,0.26817322,0.20507812,-0.00976562,0.00488281,-0.19042969,-0.01464844,0.26367188,0.44670105,1.47427103,1.47552490,-0.02441406
12.74902368,4485,-2.44855817,-1.76618846,-2.24806984,-0.03128052,0.70830441,0.33912659,3.83315572,-1.71583445,-2.24806984,-0.03066840,0.70868499,0.33688080,-2.60991986,-1.71125682,-2.24730690,0.00152588,0.71059323,0.27389526,0.21484375,-0.00976562,0.00488281,-0.17578125,-0.00000000,0.41015625,0.44670105,1.47408816,1.47552490,0.00000000
12.76226139,4490,-2.44703229,-1.76618846,-2.24806984,-0.03318787,0.70830441,0.34217834,3.83498141,-1.71583445,-2.24806984,-0.03199266,0.70863676,0.34004157,-2.60686810,-1.71125682,-2.24730690,-0.00152588,0.71059323,0.27885437,0.21972656,-0.00976562,-0.00000000,-0.23437500,0.01464844,0.33691406,0.44670105,1.47402823,1.47552490,-0.02441406
12.77480912,4495,-2.44512494,-1.76618846,-2.24806984,-0.03356934,0.70830441,0.34370422,3.83663300,-1.71583445,-2.24806984,-0.03305269,0.70866978,0.34213442,-2.60419782,-1.71125682,-2.24730690,-0.00343323,0.71059323,0.28457642,0.19531250,-0.01464844,0.00488281,-0.16113281,0.01464844,0.41015625,0.44670105,1.47400859,1.47552490,-0.02441406
12.78924203,4500,-2.44321759,-1.76618846,-2.24806984,-0.03395081,0.70830441,0.34408569,3.83852294,-1.71583445,-2.24806984,-0.03347634,0.70868061,0.34337599,-2.60076459,-1.71163829,-2.24730690,-0.00495911,0.71059323,0.28686523,0.20996094,-0.00976562,0.00488281,-0.10253906,0.02929688,0.16113281,0.44670105,1.47400216,1.47552490,-0.02441406
12.80495715,4505,-2.44131024,-1.76618846,-2.24806984,-0.03395081,0.70830441,0.34408569,3.84049490,-1.71583445,-2.24806984,-0.03379533,0.70868415,0.34385314,-2.59771283,-1.71163829,-2.24730690,-0.00724792,0.71059323,0.29182434,0.19531250,-0.00488281,0.00488281,-0.17578125,-0.00000000,0.24902344,0.44670105,1.47406255,1.47552490,-0.02441406
12.81920242,4510,-2.43978436,-1.76618846,-2.24806984,-0.03395081,0.70830441,0.34408569,3.84207906,-1.71583445,-2.24806984,-0.03389986,0.70868531,0.34400949,-2.59504254,-1.71163829,-2.24730690,-0.00953674,0.71021176,0.29449463,0.20507812,-0.00976562,0.00488281,-0.21972656,0.02929688,0.21972656,0.44670105,1.47414191,1.47552490,-0.02441406
12.83228517,4515,-2.43863995,-1.76618846,-2.24806984,-0.03395081,0.70868588,0.34408569,3.84346767,-1.71578562,-2.24806984,-0.03393411,0.70887185,0.34406072,-2.59160932,-1.71163829,-2.24730690,-0.01258850,0.71021176,0.29945374,0.20019531,-0.00488281,0.00488281,-0.17578125,-0.00000000,0.33691406,0.44670105,1.47404584,1.47514343,-0.02441406
12.84772635,4520,-2.43673261,-1.76580699,-2.24806984,-0.03395081,0.70868588,0.34446716,3.84507369,-1.71556198,-2.24806984,-0.03394534,0.70900329,0.34421484,-2.58893903,-1.71163829,-2.24768837,-0.01411438,0.71021176,0.30288696,0.19042969,-0.01464844,0.00488281,-0.13183594,-0.00000000,0.17578125,0.44670105,1.47401437,1.47514343,-0.02441406
12.86216784,4525,-2.43520673,-1.76580699,-2.24806984,-0.03395081,0.70830441,0.34446716,3.84665708,-1.71548870,-2.24806984,-0.03394901,0.70897006,0.34438448,-2.58588727,-1.71201976,-2.24768837,-0.01564026,0.71021176,0.30860901,0.20019531,-0.01953125,-0.00000000,-0.14648438,0.01464844,0.41015625,0.44670105,1.47400405,1.47552490,-0.02441406
12.87555957,4530,-2.43406232,-1.76580699,-2.24806984,-0.03395081,0.70868588,0.34446716,3.84806447,-1.71546469,-2.24806984,-0.03395022,0.70903547,0.34444007,-2.58359845,-1.71201976,-2.24768837,-0.01640320,0.71021176,0.31051636,0.19531250,-0.00976562,0.00488281,-0.07324219,0.01464844,0.08789062,0.44670105,1.47400067,1.47514343,-0.04882812
12.88838601,4535,-2.43329938,-1.76580699,-2.24806984,-0.03395081,0.70868588,0.34446716,3.84910890,-1.71545682,-2.24806984,-0.03395061,0.70899587,0.34445829,-2.58130963,-1.71201976,-2.24768837,-0.01792908,0.71021176,0.31089783,0.20507812,-0.01464844,0.00488281,-0.14648438,0.01464844,0.02929688,0.44670105,1.47399956,1.47552490,-0.02441406
12.90384293,4540,-2.43253644,-1.76580699,-2.24806984,-0.03356934,0.70868588,0.34446716,3.84989376,-1.71545424,-2.24806984,-0.03381341,0.70901268,0.34446425,-2.57863934,-1.71201976,-2.24768837,-0.01945496,0.70983029,0.31242371,0.19531250,-0.01464844,0.00488281,-0.14648438,-0.01464844,0.07324219,0.44670105,1.47399920,1.47514343,-0.04882812
12.91944265,4545,-2.43139203,-1.76580699,-2.24806984,-0.03395081,0.70830441,0.34446716,3.85090131,-1.71545339,-2.24806984,-0.03378664,0.70897314,0.34446621,-2.57444318,-1.71240123,-2.24768837,-0.02021790,0.71021176,0.31623840,0.19531250,-0.01464844,0.00488281,-0.04394531,0.01464844,0.17578125,0.44670105,1.47399908,1.47514343,-0.04882812
12.93402576,4550,-2.43024762,-1.76580699,-2.24806984,-0.03395081,0.70830441,0.34446716,3.85198867,-1.71545312,-2.24806984,-0.03382670,0.70892112,0.34446685,-2.57215436,-1.71240123,-2.24768837,-0.02059937,0.70983029,0.31738281,0.17578125,-0.01464844,-0.00000000,-0.05859375,0.01464844,0.10253906,0.44670105,1.47399904,1.47514343,-0.04882812
12.94908357,4555,-2.42910321,-1.76580699,-2.24806984,-0.03395081,0.70868588,0.34446716,3.85315345,-1.71545303,-2.24806984,-0.03384910,0.70901943,0.34446706,-2.56910260,-1.71278269,-2.24768837,-0.02136230,0.70983029,0.31929016,0.18554688,-0.00488281,0.00488281,-0.08789062,0.01464844,0.05859375,0.44670105,1.47399903,1.47514343,-0.04882812
12.96243334,4560,-2.42834027,-1.76580699,-2.24806984,-0.03356934,0.70868588,0.34484863,3.85407931,-1.71545300,-2.24806984,-0.03384119,0.70905165,0.34459225,-2.56643231,-1.71278269,-2.24768837,-0.02288818,0.70983029,0.32119751,0.18066406,-0.00488281,0.00488281,-0.13183594,-0.00000000,0.16113281,0.44670105,1.47399903,1.47514343,-0.02441406
12.97635174,4565,-2.42795880,-1.76542552,-2.24806984,-0.03356934,0.70830441,0.34484863,3.85467042,-1.71519652,-2.24806984,-0.03371945,0.70880574,0.34476462,-2.56414349,-1.71278269,-2.24768837,-0.02365112,0.70983029,0.32424927,0.18554688,-0.00488281,0.00488281,-0.05859375,0.01464844,0.19042969,0.44670105,1.47399902,1.47514343,-0.04882812
12.99151731,4570,-2.42757733,-1.76504405,-2.24806984,-0.03356934,0.70830441,0.34484863,3.85523044,-1.71492632,-2.24806984,-0.03361853,0.70872515,0.34482110,-2.56109174,-1.71278269,-2.24768837,-0.02441406,0.70983029,0.32615662,0.18066406,-0.00976562,0.00488281,-0.04394531,0.01464844,0.07324219,0.44631958,1.47374878,1.47514343,-0.02441406
13.00577211,4575,-2.42757733,-1.76428111,-2.24806984,-0.03356934,0.70830441,0.34484863,3.85548426,-1.71440492,-2.24806984,-0.03358545,0.70869875,0.34483961,-2.55880292,-1.71278269,-2.24768837,-0.02517700,0.70983029,0.32653809,0.17089844,-0.00976562,0.00488281,-0.11718750,-0.00000000,0.01464844,0.44631958,1.47340408,1.47514343,-0.02441406
13.02173162,4580,-2.42757733,-1.76313670,-2.24806984,-0.03356934,0.70830441,0.34484863,3.85556744,-1.71359600,-2.24806984,-0.03357462,0.70869010,0.34484568,-2.55613263,-1.71278269,-2.24768837,-0.02670288,0.70983029,0.32768250,0.17089844,-0.00976562,0.00488281,-0.10253906,0.01464844,0.05859375,0.44631958,1.47329113,1.47514343,-0.02441406
13.03567934,4585,-2.42757733,-1.76237376,-2.24806984,-0.03356934,0.70830441,0.34484863,3.85559469,-1.71278675,-2.24806984,-0.03357107,0.70868726,0.34484766,-2.55346234,-1.71278269,-2.24768837,-0.02784729,0.70983029,0.33073425,0.16601562,-0.00976562,0.00488281,-0.07324219,-0.00000000,0.21972656,0.44631958,1.47325412,1.47514343,-0.04882812
13.04911685,4590,-2.42757733,-1.76122935,-2.24806984,-0.03356934,0.70792294,0.34484863,3.85560362,-1.71177121,-2.24806984,-0.03356990,0.70854900,0.34484832,-2.55117352,-1.71316416,-2.24768837,-0.02784729,0.70944882,0.33416748,0.16113281,-0.00976562,-0.00000000,-0.01464844,0.01464844,0.17578125,0.44631958,1.47324199,1.47514343,-0.02441406
13.06167626,4595,-2.42757733,-1.75970347,-2.24806984,-0.03356934,0.70792294,0.34484863,3.85560655,-1.71042476,-2.24806984,-0.03356952,0.70832352,0.34484853,-2.54926618,-1.71316416,-2.24768837,-0.02784729,0.70983029,0.33378601,0.16113281,-0.00488281,-0.00000000,-0.01464844,0.01464844,-0.02929688,0.44631958,1.47323802,1.47514343,0.00000000
13.07610369,4600,-2.42757733,-1.75817759,-2.24806984,-0.03356934,0.70792294,0.34484863,3.85560751,-1.70912565,-2.24806984,-0.03356940,0.70827942,0.34484860,-2.54659589,-1.71316416,-2.24768837,-0.02822876,0.70944882,0.33378601,0.16601562,-0.00488281,0.00976562,-0.04394531,0.01464844,-0.01464844,0.44593811,1.47308413,1.47514343,-0.02441406
13.08997154,4605,-2.42757733,-1.75665171,-2.24806984,-0.03356934,0.70754147,0.34484863,3.85560782,-1.70739624,-2.24806984,-0.03356936,0.70811007,0.34480956,-2.54468854,-1.71316416,-2.24768837,-0.02861023,0.70983029,0.33416748,0.15625000,-0.00488281,0.00488281,-0.04394531,0.01464844,-0.01464844,0.44593811,1.47267335,1.47514343,0.00000000
13.10262012,4610,-2.42757733,-1.75398143,-2.24806984,-0.03356934,0.70677853,0.34484863,3.85560792,-1.70529452,-2.24806984,-0.03356934,0.70754163,0.34483583,-2.54278119,-1.71316416,-2.24768837,-0.02899170,0.70944882,0.33416748,0.15625000,-0.00488281,-0.00000000,-0.02929688,-0.00000000,0.02929688,0.44479370,1.47142278,1.47476196,-0.02441406
13.11696219,4615,-2.42757733,-1.75169261,-2.24806984,-0.03356934,0.70601559,0.34446716,3.85560796,-1.70301818,-2.24806984,-0.03356934,0.70692250,0.34476814,-2.54049237,-1.71316416,-2.24768837,-0.02937317,0.70944882,0.33493042,0.14648438,-0.00488281,0.00488281,-0.02929688,-0.00000000,0.02929688,0.44174194,1.46739678,1.47514343,-0.02441406
13.13238549,4620,-2.42757733,-1.74825938,-2.24806984,-0.03356934,0.70487118,0.34484863,3.85560797,-1.70025115,-2.24806984,-0.03356934,0.70613040,0.34479101,-2.53820355,-1.71316416,-2.24768837,-0.02975464,0.70906735,0.33569336,0.14160156,-0.00488281,0.00488281,-0.02929688,0.01464844,0.05859375,0.44174194,1.46516739,1.47476196,-0.02441406
13.14744163,4625,-2.42757733,-1.74520762,-2.24806984,-0.03356934,0.70296383,0.34484863,3.85560797,-1.69721261,-2.24806984,-0.03356934,0.70465880,0.34482975,-2.53591473,-1.71316416,-2.24768837,-0.02975464,0.70868588,0.33645630,0.14648438,-0.00488281,0.00488281,-0.05859375,-0.01464844,0.05859375,0.44136047,1.46416220,1.47476196,-0.04882812
13.16089869,4630,-2.42757733,-1.74215586,-2.24806984,-0.03356934,0.70181943,0.34484863,3.85560797,-1.69444546,-2.24806984,-0.03356934,0.70337593,0.34484245,-2.53400739,-1.71316416,-2.24768837,-0.03013611,0.70830441,0.33683777,0.13671875,-0.00488281,0.00488281,-0.02929688,-0.02929688,0.01464844,0.44174194,1.46396686,1.47438049,-0.04882812
13.17301011,4635,-2.42757733,-1.73948558,-2.24806984,-0.03356934,0.70029355,0.34484863,3.85560797,-1.69145388,-2.24806984,-0.03356934,0.70192968,0.34484661,-2.53248151,-1.71278269,-2.24768837,-0.03013611,0.70792294,0.33721924,0.12695312,0.00000000,0.00976562,-0.01464844,-0.02929688,0.01464844,0.44174194,1.46404347,1.47438049,-0.02441406
13.18877983,4640,-2.42757733,-1.73643382,-2.24806984,-0.03356934,0.69914914,0.34484863,3.85560797,-1.68841891,-2.24806984,-0.03356934,0.70050619,0.34479914,-2.53019269,-1.71278269,-2.24768837,-0.03051758,0.70716000,0.33760071,0.13183594,0.00488281,0.00488281,-0.02929688,-0.04394531,0.00000000,0.44174194,1.46406857,1.47399902,-0.02441406
13.20283294,4645,-2.42757733,-1.73261912,-2.24806984,-0.03356934,0.69686032,0.34484863,3.85560797,-1.68505210,-2.24806984,-0.03356934,0.69889252,0.34478359,-2.52790387,-1.71240123,-2.24768837,-0.03051758,0.70639706,0.33798218,0.13183594,0.01953125,0.00488281,-0.02929688,-0.02929688,-0.01464844,0.44174194,1.46407680,1.47361755,-0.04882812
13.21620798,4650,-2.42757733,-1.72956736,-2.24806984,-0.03356934,0.69495297,0.34484863,3.85560797,-1.68173890,-2.24806984,-0.03350830,0.69680113,0.34482732,-2.52637799,-1.71201976,-2.24768837,-0.03051758,0.70601559,0.33836365,0.12207031,0.01953125,0.00488281,-0.01464844,-0.02929688,0.01464844,0.44212341,1.46423208,1.47361755,-0.02441406
13.23378849,4655,-2.42757733,-1.72537120,-2.24806984,-0.03318787,0.69113827,0.34484863,3.85560797,-1.67813138,-2.24806984,-0.03329287,0.69416197,0.34474936,-2.52408917,-1.71163829,-2.24768837,-0.03089905,0.70448971,0.33912659,0.12207031,0.04394531,0.00488281,-0.01464844,-0.05859375,0.04394531,0.44174194,1.46413038,1.47323608,-0.02441406
13.24688244,4660,-2.42757733,-1.72270091,-2.24806984,-0.03318787,0.68846798,0.34484863,3.85560797,-1.67475262,-2.24806984,-0.03322227,0.69121038,0.34481610,-2.52218182,-1.71087535,-2.24768837,-0.03089905,0.70296383,0.34027100,0.12695312,0.03417969,0.00488281,-0.02929688,-0.08789062,0.08789062,0.44174194,1.46409705,1.47247314,-0.07324219
13.26153493,4665,-2.42757733,-1.72003062,-2.24806984,-0.03318787,0.68503476,0.34484863,3.85560797,-1.67182039,-2.24806984,-0.03319914,0.68794571,0.34483797,-2.52027448,-1.71011241,-2.24768837,-0.03089905,0.70181943,0.34065247,0.12695312,0.05371094,0.00976562,-0.01464844,-0.05859375,0.00000000,0.44174194,1.46416426,1.46865845,-0.39062500
13.27725291,4670,-2.42757733,-1.71697886,-2.24806984,-0.03318787,0.68274594,0.34484863,3.85560797,-1.66892743,-2.24806984,-0.03314273,0.68504611,0.34484514,-2.51836713,-1.70934947,-2.24768837,-0.03128052,0.70067502,0.34103394,0.11718750,0.03417969,0.00488281,-0.02929688,-0.04394531,-0.01464844,0.44174194,1.46437085,1.46789551,-0.04882812
13.29210162,4675,-2.42757733,-1.71354563,-2.24806984,-0.03318787,0.68045712,0.34484863,3.85560797,-1.66555991,-2.24806984,-0.03317308,0.68252591,0.34484749,-2.51645978,-1.70820506,-2.24768837,-0.03166199,0.69953061,0.34103394,0.12695312,0.06347656,-0.00000000,-0.02929688,-0.05859375,0.00000000,0.44212341,1.46468879,1.46789551,-0.02441406
13.30577826,4680,-2.42757733,-1.71087535,-2.24806984,-0.03318787,0.68007565,0.34446716,3.85560797,-1.66278468,-2.24806984,-0.03318302,0.68113502,0.34459179,-2.51493390,-1.70744212,-2.24768837,-0.03204346,0.69914914,0.34103394,0.10742188,0.04394531,0.00976562,-0.04394531,-0.02929688,-0.01464844,0.44212341,1.46479297,1.46751404,-0.02441406
13.32063890,4685,-2.42757733,-1.70858653,-2.24806984,-0.03318787,0.68007565,0.34446716,3.85560797,-1.66023443,-2.24806984,-0.03318628,0.68067925,0.34450800,-2.51302655,-1.70667918,-2.24768837,-0.03242493,0.69876767,0.34103394,0.10253906,0.06347656,0.00488281,-0.04394531,-0.04394531,-0.01464844,0.44212341,1.46482711,1.46751404,-0.02441406
13.33536983,4690,-2.42757733,-1.70667918,-2.24806984,-0.03318787,0.67816830,0.34446716,3.85560797,-1.65805587,-2.24806984,-0.03318735,0.67969727,0.34448054,-2.51150067,-1.70591624,-2.24768837,-0.03280640,0.69800473,0.34103394,0.12695312,0.06347656,0.00488281,-0.04394531,-0.04394531,-0.02929688,0.44212341,1.46483830,1.46713257,-0.07324219
13.34883881,4695,-2.42757733,-1.70400889,-2.24806984,-0.03318787,0.67587948,0.34446716,3.85560797,-1.65602913,-2.24806984,-0.03318770,0.67795874,0.34447155,-2.50997479,-1.70515330,-2.24768837,-0.03318787,0.69686032,0.34141541,0.11230469,0.05371094,0.00488281,-0.05859375,-0.07324219,-0.01464844,0.44212341,1.46484196,1.46675110,-0.07324219
13.36140728,4700,-2.42757733,-1.70286448,-2.24806984,-0.03318787,0.67473507,0.34446716,3.85560797,-1.65394521,-2.24806984,-0.03318781,0.67632961,0.34446860,-2.50844891,-1.70400889,-2.24768837,-0.03395081,0.69571591,0.34141541,0.09765625,0.07324219,0.00488281,-0.07324219,-0.10253906,-0.01464844,0.44212341,1.46474551,1.46484375,-0.17089844
13.37382507,4705,-2.42757733,-1.70172007,-2.24806984,-0.03318787,0.67359067,0.34446716,3.85560797,-1.65240065,-2.24806984,-0.03318785,0.67493409,0.34446763,-2.50730451,-1.70324595,-2.24768837,-0.03433228,0.69419003,0.34141541,0.09277344,0.05371094,0.00488281,-0.02929688,-0.08789062,-0.01464844,0.44212341,1.46481156,1.46446228,-0.02441406
13.38935113,4710,-2.42757733,-1.70095713,-2.24806984,-0.03318787,0.67282773,0.34446716,3.85560797,-1.65133277,-2.24806984,-0.03318786,0.67384472,0.34446732,-2.50577863,-1.70210154,-2.24768837,-0.03433228,0.69304562,0.34141541,0.10253906,0.06347656,0.00488281,-0.02929688,-0.10253906,0.00000000,0.44212341,1.46483320,1.46446228,-0.02441406
13.40428877,4715,-2.42757733,-1.69904978,-2.24806984,-0.03318787,0.67244626,0.34446716,3.85560797,-1.64992168,-2.24806984,-0.03312683,0.67316097,0.34446721,-2.50387128,-1.70133860,-2.24768837,-0.03433228,0.69151974,0.34179688,0.10742188,0.05859375,0.00488281,-0.01464844,-0.05859375,-0.01464844,0.44212341,1.46484029,1.46446228,-0.02441406
13.41803908,4720,-2.42757733,-1.69828685,-2.24806984,-0.03318787,0.67168332,0.34446716,3.85560797,-1.64873494,-2.24806984,-0.03316787,0.67263541,0.34446718,-2.50272687,-1.70019419,-2.24768837,-0.03433228,0.69075680,0.34179688,0.10253906,0.05859375,0.00488281,-0.01464844,-0.01464844,0.00000000,0.44212341,1.46484262,1.46446228,-0.02441406
13.42914152,4725,-2.42757733,-1.69790538,-2.24806984,-0.03280640,0.67168332,0.34446716,3.85560797,-1.64797045,-2.24806984,-0.03299516,0.67237091,0.34446717,-2.50120099,-1.69943125,-2.24768837,-0.03433228,0.69037533,0.34179688,0.09765625,0.05371094,0.00488281,-0.02929688,-0.01464844,0.01464844,0.44212341,1.46484338,1.46446228,0.00000000
13.44566989,4730,-2.42757733,-1.69790538,-2.24806984,-0.03242493,0.67168332,0.34446716,3.85560797,-1.64768870,-2.24806984,-0.03279195,0.67216510,0.34446716,-2.49967511,-1.69828685,-2.24768837,-0.03395081,0.68923092,0.34217834,0.07812500,0.07324219,0.00488281,0.00000000,-0.07324219,-0.01464844,0.44212341,1.46484363,1.46408081,-0.04882812
13.45991707,4735,-2.42757733,-1.69790538,-2.24806984,-0.03242493,0.67168332,0.34446716,3.85560797,-1.64759637,-2.24806984,-0.03254519,0.67209766,0.34446716,-2.49853070,-1.69714244,-2.24768837,-0.03433228,0.68808652,0.34217834,0.10742188,0.07812500,0.00488281,-0.02929688,-0.08789062,0.00000000,0.44212341,1.46484371,1.46446228,-0.02441406
13.47415257,4740,-2.42757733,-1.69790538,-2.24806984,-0.03242493,0.67168332,0.34446716,3.85560797,-1.64756612,-2.24806984,-0.03246434,0.67207556,0.34446716,-2.49700482,-1.69637950,-2.24768837,-0.03433228,0.68656064,0.34217834,0.09277344,0.07324219,0.00488281,-0.01464844,-0.11718750,-0.01464844,0.44212341,1.46484374,1.46408081,-0.02441406
13.48685551,4745,-2.42757733,-1.69790538,-2.24806984,-0.03204346,0.67206479,0.34446716,3.85560797,-1.64755620,-2.24806984,-0.03218137,0.67219344,0.34446716,-2.49586041,-1.69523509,-2.24768837,-0.03433228,0.68389035,0.34255981,0.06347656,0.06835938,0.00488281,-0.02929688,-0.16113281,0.00000000,0.44212341,1.46484375,1.46408081,-0.02441406
13.50041747,4750,-2.42757733,-1.69790538,-2.24806984,-0.03166199,0.67206479,0.34446716,3.85560797,-1.64755295,-2.24806984,-0.03195132,0.67236341,0.34446716,-2.49471600,-1.69447215,-2.24768837,-0.03433228,0.68274594,0.34255981,0.09277344,0.05859375,0.00488281,0.00000000,-0.08789062,0.00000000,0.44212341,1.46484375,1.46408081,-0.04882812
13.51491618,4755,-2.42757733,-1.69790538,-2.24806984,-0.03128052,0.67206479,0.34446716,3.85560797,-1.64755189,-2.24806984,-0.03168050,0.67241911,0.34446716,-2.49357160,-1.69370921,-2.24768837,-0.03433228,0.68122006,0.34294128,0.07812500,0.05371094,0.00488281,-0.01464844,-0.08789062,0.01464844,0.44212341,1.46484375,1.46446228,0.00000000
13.52939725,4760,-2.42757733,-1.69790538,-2.24806984,-0.03128052,0.67168332,0.34446716,3.85560797,-1.64755154,-2.24806984,-0.03141158,0.67227318,0.34446716,-2.49204572,-1.69294627,-2.24768837,-0.03433228,0.68007565,0.34294128,0.08789062,0.03906250,0.00976562,-0.02929688,-0.05859375,-0.01464844,0.44212341,1.46484375,1.46408081,-0.02441406
13.54470205,4765,-2.42757733,-1.69790538,-2.24806984,-0.03128052,0.67168332,0.34446716,3.85560797,-1.64755143,-2.24806984,-0.03132347,0.67220338,0.34446716,-2.49051984,-1.69218333,-2.24768837,-0.03395081,0.68007565,0.34332275,0.08789062,0.03417969,-0.00000000,-0.01464844,-0.00000000,0.00000000,0.44212341,1.46484375,1.46408081,-0.04882812
13.55713964,4770,-2.42757733,-1.69790538,-2.24806984,-0.03128052,0.67130185,0.34446716,3.85560797,-1.64755139,-2.24806984,-0.03129459,0.67197287,0.34446716,-2.48975690,-1.69142039,-2.24768837,-0.03395081,0.68007565,0.34332275,0.06835938,0.05859375,-0.00000000,-0.02929688,0.01464844,0.00000000,0.44212341,1.46484375,1.46408081,-0.02441406
13.57228208,4775,-2.42757733,-1.69752391,-2.24806984,-0.03128052,0.67053891,0.34446716,3.85560797,-1.64741405,-2.24806984,-0.03128513,0.67138440,0.34446716,-2.48823102,-1.69065745,-2.24768837,-0.03395081,0.68007565,0.34332275,0.07812500,0.06835938,0.00976562,0.00000000,0.02929688,-0.02929688,0.44212341,1.46484375,1.46408081,-0.02441406
13.58673716,4780,-2.42757733,-1.69752391,-2.24806984,-0.03128052,0.66977597,0.34446716,3.85560797,-1.64724990,-2.24806984,-0.03128203,0.67062980,0.34446716,-2.48746808,-1.68951304,-2.24768837,-0.03395081,0.67969418,0.34332275,0.06835938,0.06347656,0.00488281,-0.01464844,-0.01464844,-0.01464844,0.44212341,1.46484375,1.46408081,-0.02441406
13.59845471,4785,-2.42757733,-1.69752391,-2.24806984,-0.03128052,0.66901303,0.34446716,3.85560797,-1.64719612,-2.24806984,-0.03128101,0.66986959,0.34446716,-2.48632367,-1.68875010,-2.24768837,-0.03395081,0.67893124,0.34332275,0.06835938,0.06347656,0.00488281,-0.01464844,-0.02929688,0.00000000,0.44212341,1.46484375,1.46446228,-0.02441406
13.61224198,4790,-2.42757733,-1.69714244,-2.24806984,-0.03128052,0.66825009,0.34446716,3.85560797,-1.64692202,-2.24806984,-0.03128068,0.66915638,0.34431824,-2.48517926,-1.68798716,-2.24768837,-0.03395081,0.67740536,0.34332275,0.06835938,0.05859375,-0.00000000,-0.02929688,-0.11718750,-0.01464844,0.44212341,1.46484375,1.46446228,-0.02441406
13.62603951,4795,-2.42757733,-1.69714244,-2.24806984,-0.03128052,0.66786862,0.34446716,3.85560797,-1.64683221,-2.24806984,-0.03128057,0.66857831,0.34441836,-2.48403485,-1.68722422,-2.24768837,-0.03395081,0.67587948,0.34332275,0.08300781,0.04394531,0.00976562,-0.02929688,-0.08789062,0.01464844,0.44212341,1.46484375,1.46446228,0.00000000
13.63913298,4800,-2.42757733,-1.69714244,-2.24806984,-0.03166199,0.66634274,0.34408569,3.85560797,-1.64680278,-2.24806984,-0.03135683,0.66770139,0.34431384,-2.48327191,-1.68646128,-2.24768837,-0.03395081,0.67473507,0.34332275,0.06835938,0.03417969,0.00488281,-0.02929688,-0.05859375,-0.01464844,0.44212341,1.46484375,1.46446228,0.00000000
13.65522480,4805,-2.42757733,-1.69714244,-2.24806984,-0.03128052,0.66557980,0.34446716,3.85560797,-1.64679313,-2.24806984,-0.03137584,0.66668186,0.34427581,-2.48212750,-1.68607981,-2.24768837,-0.03395081,0.67359067,0.34332275,0.07812500,0.04394531,0.00488281,-0.01464844,-0.05859375,-0.01464844,0.44212341,1.46484375,1.46408081,0.00000000
13.66873193,4810,-2.42757733,-1.69714244,-2.24806984,-0.03166199,0.66519833,0.34408569,3.85560797,-1.64678997,-2.24806984,-0.03148033,0.66597218,0.34414799,-2.48098309,-1.68531687,-2.24768837,-0.03356934,0.67282773,0.34370422,0.05859375,0.03417969,0.00488281,-0.01464844,-0.02929688,-0.01464844,0.44212341,1.46484375,1.46408081,-0.04882812
13.68309307,4815,-2.42757733,-1.69714244,-2.24806984,-0.03166199,0.66481686,0.34408569,3.85560797,-1.64678894,-2.24806984,-0.03160246,0.66552222,0.34410611,-2.48022015,-1.68455394,-2.24768837,-0.03356934,0.67320920,0.34370422,0.06347656,0.03417969,-0.00000000,-0.01464844,0.02929688,-0.01464844,0.44212341,1.46474609,1.46408081,-0.02441406
13.69839501,4820,-2.42757733,-1.69714244,-2.24806984,-0.03166199,0.66443539,0.34408569,3.85560797,-1.64678860,-2.24806984,-0.03164248,0.66511831,0.34409238,-2.47869428,-1.68379100,-2.24768837,-0.03356934,0.67320920,0.34370422,0.06835938,0.05859375,0.00488281,-0.01464844,0.01464844,-0.02929688,0.44212341,1.46481175,1.46408081,-0.04882812
13.71243668,4825,-2.42757733,-1.69714244,-2.24806984,-0.03166199,0.66290951,0.34408569,3.85560797,-1.64678849,-2.24806984,-0.03165560,0.66399132,0.34408789,-2.47793134,-1.68302806,-2.24768837,-0.03356934,0.67320920,0.34332275,0.06835938,0.06347656,-0.00000000,-0.01464844,0.02929688,-0.01464844,0.44212341,1.46483326,1.46408081,-0.02441406
13.72555304,4830,-2.42757733,-1.69714244,-2.24806984,-0.03166199,0.66214657,0.34408569,3.85560797,-1.64678845,-2.24806984,-0.03165989,0.66307784,0.34408641,-2.47678693,-1.68226512,-2.24768837,-0.03356934,0.67282773,0.34332275,0.07324219,0.06347656,0.00976562,-0.01464844,0.01464844,-0.01464844,0.44212341,1.46484031,1.46408081,-0.02441406
13.74030471,4835,-2.42757733,-1.69676097,-2.24806984,-0.03166199,0.66138363,0.34408569,3.85560797,-1.64656322,-2.24806984,-0.03166130,0.66237544,0.34408593,-2.47602399,-1.68112071,-2.24768837,-0.03356934,0.67244626,0.34370422,0.05859375,0.05371094,0.00488281,-0.01464844,-0.01464844,-0.01464844,0.44212341,1.46478012,1.46446228,-0.02441406
13.75526071,4840,-2.42757733,-1.69599803,-2.24806984,-0.03166199,0.66176510,0.34408569,3.85560797,-1.64609562,-2.24806984,-0.03166176,0.66217274,0.34408577,-2.47526105,-1.68112071,-2.24768837,-0.03356934,0.67206479,0.34332275,0.06347656,0.02441406,0.00488281,0.00000000,-0.01464844,-0.01464844,0.44174194,1.46467031,1.46408081,-0.04882812
13.76801944,4845,-2.42757733,-1.69561656,-2.24806984,-0.03166199,0.66138363,0.34408569,3.85560797,-1.64560584,-2.24806984,-0.03166191,0.66194751,0.34408572,-2.47449811,-1.68035777,-2.24768837,-0.03356934,0.67130185,0.34370422,0.05371094,0.03906250,0.00488281,0.00000000,-0.05859375,-0.01464844,0.44212341,1.46478692,1.46408081,-0.04882812
13.78363895,4850,-2.42757733,-1.69485362,-2.24806984,-0.03204346,0.66138363,0.34408569,3.85560797,-1.64493242,-2.24806984,-0.03173826,0.66182487,0.34408570,-2.47335370,-1.67959483,-2.24768837,-0.03318787,0.67092038,0.34370422,0.04882812,0.02929688,0.00488281,0.01464844,-0.04394531,-0.01464844,0.44212341,1.46460540,1.46446228,0.00000000
13.80041242,4855,-2.42757733,-1.69332774,-2.24806984,-0.03204346,0.66100216,0.34408569,3.85560797,-1.64394612,-2.24806984,-0.03194345,0.66155947,0.34408570,-2.47220929,-1.67921336,-2.24768837,-0.03356934,0.66939450,0.34370422,0.05859375,0.02441406,0.00488281,-0.01464844,-0.07324219,-0.01464844,0.44212341,1.46476565,1.46408081,-0.02441406
13.81450391,4860,-2.42757733,-1.69180186,-2.24806984,-0.03242493,0.66100216,0.34408569,3.85560797,-1.64245594,-2.24806984,-0.03226716,0.66144125,0.34408569,-2.47144635,-1.67845042,-2.24768837,-0.03318787,0.66863156,0.34370422,0.04882812,0.05859375,0.00488281,-0.01464844,-0.04394531,-0.01464844,0.44174194,1.46440287,1.46408081,-0.04882812
13.82778096,4865,-2.42757733,-1.68989451,-2.24806984,-0.03280640,0.66100216,0.34408569,3.85560797,-1.64089672,-2.24806984,-0.03255939,0.66140251,0.34408569,-2.47068341,-1.67730601,-2.24768837,-0.03318787,0.66786862,0.34370422,0.06347656,0.07324219,0.00976562,0.00000000,-0.04394531,-0.02929688,0.44212341,1.46469928,1.46446228,-0.02441406
13.84071660,4870,-2.42757733,-1.68875010,-2.24806984,-0.03318787,0.66100216,0.34408569,3.85560797,-1.63935613,-2.24806984,-0.03291161,0.66138982,0.34408569,-2.46992047,-1.67654307,-2.24768837,-0.03318787,0.66748715,0.34370422,0.03417969,0.04882812,0.00488281,-0.01464844,-0.01464844,-0.01464844,0.44212341,1.46479641,1.46408081,-0.02441406
13.85728955,4875,-2.42757733,-1.68531687,-2.24806984,-0.03318787,0.66062069,0.34408569,3.85560797,-1.63699278,-2.24806984,-0.03309734,0.66124833,0.34408569,-2.46915753,-1.67578013,-2.24768837,-0.03280640,0.66710568,0.34370422,0.04882812,0.03906250,0.00488281,0.01464844,-0.00000000,0.00000000,0.44212341,1.46476574,1.46408081,-0.04882812
13.87154675,4880,-2.42757733,-1.68264659,-2.24806984,-0.03318787,0.65871335,0.34408569,3.85560797,-1.63438401,-2.24806984,-0.03315820,0.66028925,0.34408569,-2.46801312,-1.67539866,-2.24768837,-0.03280640,0.66710568,0.34370422,0.04882812,0.02929688,0.00488281,-0.01464844,0.01464844,-0.01464844,0.44212341,1.46481819,1.46408081,0.02441406
13.88484812,4885,-2.42757733,-1.68035777,-2.24806984,-0.03318787,0.65718747,0.34408569,3.85560797,-1.63185901,-2.24806984,-0.03317815,0.65879090,0.34408569,-2.46763165,-1.67463572,-2.24768837,-0.03280640,0.66710568,0.34370422,0.05371094,0.03906250,0.00488281,-0.01464844,0.01464844,-0.01464844,0.44212341,1.46483537,1.46446228,-0.04882812
13.89862323,4890,-2.42757733,-1.67730601,-2.24806984,-0.03318787,0.65566159,0.34408569,3.85560797,-1.62911120,-2.24806984,-0.03318468,0.65716417,0.34408569,-2.46686871,-1.67425425,-2.24768837,-0.03280640,0.66672421,0.34370422,0.05371094,0.02929688,-0.00000000,0.00000000,-0.01464844,0.00000000,0.44212341,1.46484101,1.46446228,-0.02441406
13.91453314,4895,-2.42757733,-1.67387278,-2.24806984,-0.03318787,0.65375424,0.34408569,3.85560797,-1.62606371,-2.24806984,-0.03318682,0.65544888,0.34408569,-2.46572431,-1.67310984,-2.24768837,-0.03280640,0.66634274,0.34370422,0.04394531,0.03906250,0.00488281,-0.02929688,-0.02929688,0.00000000,0.44250488,1.46499544,1.46408081,-0.02441406
13.92724347,4900,-2.42757733,-1.67196543,-2.24806984,-0.03318787,0.65222836,0.34408569,3.85560797,-1.62336137,-2.24806984,-0.03318752,0.65376083,0.34408569,-2.46534284,-1.67234690,-2.24768837,-0.03280640,0.66557980,0.34370422,0.03906250,0.07812500,0.00488281,-0.01464844,-0.02929688,0.00000000,0.44250488,1.46540639,1.46408081,-0.02441406
13.94317412,4905,-2.42757733,-1.66776927,-2.24806984,-0.03318787,0.64841366,0.34408569,3.85560797,-1.62010441,-2.24806984,-0.03318775,0.65109270,0.34408569,-2.46457990,-1.67158396,-2.24768837,-0.03280640,0.66519833,0.34370422,0.05371094,0.06347656,0.00488281,-0.01464844,-0.01464844,0.00000000,0.44288635,1.46569364,1.46408081,-0.02441406
13.95747781,4910,-2.42757733,-1.66395457,-2.24806984,-0.03318787,0.64459897,0.34408569,3.85560797,-1.61647100,-2.24806984,-0.03318783,0.64768350,0.34408569,-2.46381696,-1.67005809,-2.24768837,-0.03280640,0.66481686,0.34370422,0.04882812,0.08300781,0.00488281,-0.01464844,-0.01464844,-0.02929688,0.44288635,1.46614812,1.46408081,-0.04882812
13.97174025,4915,-2.42757733,-1.66090281,-2.24806984,-0.03318787,0.64078427,0.34408569,3.85560797,-1.61307191,-2.24806984,-0.03318785,0.64403439,0.34408569,-2.46305402,-1.66891368,-2.24768837,-0.03280640,0.66443539,0.34370422,0.04394531,0.06835938,0.00976562,0.00000000,-0.02929688,-0.01464844,0.44288635,1.46629705,1.46408081,0.00000000
13.98599315,4920,-2.42757733,-1.65746958,-2.24806984,-0.03318787,0.63582516,0.34408569,3.85560797,-1.60974997,-2.24806984,-0.03318786,0.63988491,0.34408569,-2.46229108,-1.66776927,-2.24768837,-0.03280640,0.66329098,0.34370422,0.03906250,0.07324219,-0.00000000,-0.01464844,-0.07324219,-0.01464844,0.44288635,1.46634584,1.46408081,-0.02441406
13.99908686,4925,-2.42757733,-1.65441783,-2.24806984,-0.03318787,0.63124753,0.34408569,3.85560797,-1.60657843,-2.24806984,-0.03318786,0.63534748,0.34408569,-2.46152814,-1.66700633,-2.24768837,-0.03280640,0.66138363,0.34370422,0.04394531,0.06347656,0.00488281,0.00000000,-0.14648438,0.00000000,0.44288635,1.46636184,1.46408081,0.00000000
14.01331162,4930,-2.42757733,-1.65098460,-2.24806984,-0.03318787,0.62819577,0.34408569,3.85560797,-1.60341112,-2.24806984,-0.03318787,0.63162725,0.34408569,-2.46114667,-1.66586192,-2.24768837,-0.03280640,0.65795041,0.34370422,0.03906250,0.05371094,0.00488281,-0.01464844,-0.19042969,-0.01464844,0.44288635,1.46642958,1.46408081,-0.04882812
14.02799320,4935,-2.42757733,-1.64755137,-2.24806984,-0.03318787,0.62552548,0.34408569,3.85560797,-1.59997421,-2.24806984,-0.03318787,0.62845179,0.34408569,-2.46076520,-1.66509898,-2.24768837,-0.03280640,0.65566159,0.34370422,0.02441406,0.08789062,0.00976562,-0.02929688,-0.16113281,-0.01464844,0.44288635,1.46651134,1.46446228,-0.02441406
14.04147220,4940,-2.42757733,-1.64449961,-2.24806984,-0.03318787,0.62209225,0.34408569,3.85560797,-1.59666783,-2.24806984,-0.03318787,0.62507617,0.34408569,-2.46000226,-1.66357310,-2.24768837,-0.03280640,0.65260983,0.34370422,0.04882812,0.06347656,-0.00000000,-0.02929688,-0.21972656,0.00000000,0.44364929,1.46701909,1.46446228,0.00000000
14.05518293,4945,-2.42757733,-1.64221080,-2.24806984,-0.03318787,0.61904049,0.34408569,3.85560797,-1.59380437,-2.24806984,-0.03318787,0.62189632,0.34408569,-2.45923932,-1.66242869,-2.24768837,-0.03280640,0.64841366,0.34370422,0.04394531,0.08789062,0.00488281,-0.02929688,-0.24902344,-0.02929688,0.44555664,1.46919548,1.46408081,-0.04882812
14.07245851,4950,-2.42795880,-1.63839610,-2.24806984,-0.03318787,0.61369992,0.34408569,3.85548285,-1.59075401,-2.24806984,-0.03318787,0.61785898,0.34408569,-2.45885785,-1.66090281,-2.24768837,-0.03318787,0.64650631,0.34370422,0.01953125,0.10742188,0.00488281,-0.01464844,-0.08789062,-0.01464844,0.44860840,1.47461470,1.46446228,0.00000000
14.08694386,4955,-2.42795880,-1.63572581,-2.24806984,-0.03318787,0.60988522,0.34408569,3.85531050,-1.58784736,-2.24806984,-0.03318787,0.61371693,0.34408569,-2.45809491,-1.65937693,-2.24768837,-0.03280640,0.64574338,0.34370422,0.05371094,0.09765625,0.00488281,-0.01464844,-0.04394531,-0.01464844,0.44822693,1.47647225,1.46446228,0.00000000
14.10138679,4960,-2.42795880,-1.63381846,-2.24806984,-0.03318787,0.60721493,0.34408569,3.85529309,-1.58529176,-2.24806984,-0.03318787,0.61017327,0.34408569,-2.45733197,-1.65785105,-2.24768837,-0.03280640,0.64421750,0.34370422,0.04882812,0.08789062,0.00488281,0.00000000,-0.11718750,-0.01464844,0.44860840,1.47715442,1.46446228,0.00000000
14.11544800,4965,-2.42795880,-1.63114817,-2.24806984,-0.03318787,0.60416318,0.34408569,3.85524832,-1.58273913,-2.24806984,-0.03318787,0.60686022,0.34408569,-2.45695050,-1.65632518,-2.24806984,-0.03280640,0.64269162,0.34370422,0.02929688,0.07324219,0.00488281,0.00000000,-0.07324219,0.00000000,0.44822693,1.47708474,1.46446228,-0.02441406
14.12771821,4970,-2.42795880,-1.62924082,-2.24806984,-0.03318787,0.60301877,0.34408569,3.85523365,-1.58055002,-2.24806984,-0.03318787,0.60486457,0.34408569,-2.45656903,-1.65556224,-2.24768837,-0.03280640,0.64154721,0.34370422,0.03906250,0.09277344,0.00488281,-0.01464844,-0.08789062,0.00000000,0.44822693,1.47723769,1.46446228,-0.02441406
14.14562464,4975,-2.42795880,-1.62695201,-2.24806984,-0.03356934,0.60187436,0.34408569,3.85522885,-1.57847406,-2.24806984,-0.03336426,0.60339240,0.34408569,-2.45542462,-1.65365489,-2.24768837,-0.03280640,0.63773251,0.34370422,0.04882812,0.09765625,0.00488281,-0.01464844,-0.16113281,-0.01464844,0.44860840,1.47738669,1.46484375,-0.04882812
14.16073060,4980,-2.42795880,-1.62504466,-2.24806984,-0.03356934,0.59996701,0.34408569,3.85522727,-1.57633128,-2.24806984,-0.03346307,0.60174679,0.34408569,-2.45504315,-1.65251048,-2.24768837,-0.03280640,0.63506222,0.34370422,0.01464844,0.07324219,0.00488281,0.00000000,-0.21972656,-0.02929688,0.44860840,1.47767379,1.46522522,-0.02441406
14.17547727,4985,-2.42795880,-1.62428172,-2.24806984,-0.03356934,0.59767819,0.34408569,3.85522676,-1.57492674,-2.24806984,-0.03353452,0.59976102,0.34408569,-2.45466168,-1.65060313,-2.24768837,-0.03280640,0.63086606,0.34370422,0.02929688,0.08789062,0.00976562,-0.01464844,-0.20507812,-0.01464844,0.44860840,1.47776787,1.46522522,-0.02441406
14.19019341,4990,-2.42795880,-1.62313731,-2.24806984,-0.03356934,0.59691525,0.34408569,3.85522659,-1.57366731,-2.24806984,-0.03355793,0.59825461,0.34408569,-2.45428021,-1.64907725,-2.24768837,-0.03318787,0.62819577,0.34370422,0.02929688,0.10742188,0.00488281,-0.02929688,-0.17578125,-0.04394531,0.44860840,1.47779870,1.46522522,-0.02441406
14.20513129,4995,-2.42795880,-1.62237437,-2.24806984,-0.03356934,0.59653378,0.34408569,3.85522653,-1.57271043,-2.24806984,-0.03356560,0.59738538,0.34408569,-2.45351727,-1.64755137,-2.24768837,-0.03318787,0.62552548,0.34370422,0.04882812,0.09277344,0.00488281,-0.01464844,-0.19042969,-0.02929688,0.44860840,1.47780880,1.46522522,0.00000000
14.22122955,5000,-2.42795880,-1.62161143,-2.24806984,-0.03395081,0.59615231,0.34408569,3.85522651,-1.57198403,-2.24806984,-0.03369323,0.59687387,0.34408569,-2.45313580,-1.64602549,-2.24768837,-0.03318787,0.62247372,0.34370422,0.03417969,0.10742188,0.00488281,-0.02929688,-0.19042969,-0.02929688,0.44860840,1.47795273,1.46560669,-0.02441406
14.23435307,5005,-2.42795880,-1.62161143,-2.24806984,-0.03356934,0.59653378,0.34408569,3.85522651,-1.57149552,-2.24806984,-0.03369783,0.59672151,0.34408569,-2.45275433,-1.64449961,-2.24768837,-0.03318787,0.62094784,0.34370422,0.02929688,0.09277344,0.00488281,0.00000000,-0.07324219,-0.01464844,0.44937134,1.47828652,1.46560669,0.00000000
14.24840879,5010,-2.42795880,-1.62161143,-2.24806984,-0.03356934,0.59615231,0.34408569,3.85522651,-1.57133545,-2.24806984,-0.03366027,0.59659530,0.34404663,-2.45237286,-1.64297373,-2.24768837,-0.03318787,0.61980343,0.34408569,0.02441406,0.07812500,0.00488281,-0.01464844,-0.04394531,0.00000000,0.45089722,1.48006874,1.46598816,0.02441406
14.26175022,5015,-2.42795880,-1.62161143,-2.24806984,-0.03356934,0.59615231,0.34408569,3.85522651,-1.57128299,-2.24806984,-0.03359913,0.59673411,0.34407289,-2.45160993,-1.64144786,-2.24806984,-0.03318787,0.61827756,0.34370422,0.04882812,0.10253906,0.00488281,-0.01464844,-0.08789062,0.00000000,0.45356750,1.48393766,1.46598816,-0.02441406
14.27900505,5020,-2.42795880,-1.62161143,-2.24806984,-0.03395081,0.59653378,0.34408569,3.85522650,-1.57126580,-2.24806984,-0.03365539,0.59673676,0.34408150,-2.45084699,-1.64030345,-2.24768837,-0.03318787,0.61675168,0.34370422,0.03417969,0.10253906,0.00488281,-0.01464844,-0.07324219,-0.01464844,0.45356750,1.48648862,1.46636963,0.00000000
14.29081917,5025,-2.42795880,-1.62161143,-2.24806984,-0.03356934,0.59653378,0.34408569,3.85522650,-1.57126017,-2.24806984,-0.03359754,0.59670784,0.34408432,-2.45084699,-1.63915904,-2.24768837,-0.03318787,0.61598874,0.34370422,0.01464844,0.07324219,0.00488281,-0.02929688,-0.04394531,-0.02929688,0.45356750,1.48732453,1.46675110,0.02441406
14.30461335,5030,-2.42795880,-1.62161143,-2.24806984,-0.03356934,0.59615231,0.34408569,3.85522650,-1.57125833,-2.24806984,-0.03357858,0.59665185,0.34402421,-2.45046552,-1.63763316,-2.24768837,-0.03318787,0.61484433,0.34370422,0.01464844,0.09277344,0.00488281,-0.01464844,-0.07324219,-0.01464844,0.45356750,1.48747636,1.46865845,0.12207031
14.32007074,5035,-2.42795880,-1.62161143,-2.24806984,-0.03395081,0.59615231,0.34408569,3.85522650,-1.57125772,-2.24806984,-0.03367991,0.59657247,0.34406555,-2.45008405,-1.63610728,-2.24768837,-0.03318787,0.61293698,0.34370422,0.02929688,0.10253906,0.00488281,-0.01464844,-0.11718750,-0.02929688,0.45356750,1.48744799,1.47018433,0.02441406
14.33228874,5040,-2.42795880,-1.62161143,-2.24806984,-0.03395081,0.59615231,0.34408569,3.85522650,-1.57125752,-2.24806984,-0.03375217,0.59672663,0.34407909,-2.44970258,-1.63534434,-2.24768837,-0.03318787,0.61255551,0.34370422,0.01464844,0.07324219,0.00488281,-0.01464844,-0.02929688,-0.02929688,0.45318604,1.48738865,1.47018433,-0.02441406
14.34609246,5045,-2.42795880,-1.62161143,-2.24806984,-0.03356934,0.59653378,0.34408569,3.85522650,-1.57125746,-2.24806984,-0.03369028,0.59678313,0.34408353,-2.44932111,-1.63381846,-2.24768837,-0.03318787,0.61217404,0.34370422,0.02929688,0.07812500,0.00488281,-0.01464844,-0.01464844,-0.01464844,0.45356750,1.48725909,1.47056580,0.02441406
14.36033106,5050,-2.42795880,-1.62161143,-2.24806984,-0.03395081,0.59653378,0.34370422,3.85522650,-1.57125744,-2.24806984,-0.03373409,0.59687196,0.34400869,-2.44855817,-1.63267405,-2.24806984,-0.03356934,0.61179257,0.34370422,0.02441406,0.08789062,-0.00000000,-0.01464844,-0.02929688,0.00000000,0.45318604,1.48714218,1.47171021,0.04882812
14.37361407,5055,-2.42795880,-1.62161143,-2.24806984,-0.03395081,0.59691525,0.34408569,3.85522650,-1.57125743,-2.24806984,-0.03387979,0.59708722,0.34391935,-2.44855817,-1.63152964,-2.24768837,-0.03318787,0.61102963,0.34370422,0.01464844,0.07324219,0.00976562,-0.01464844,-0.04394531,-0.01464844,0.45318604,1.48702574,1.47628784,0.39062500
14.38757205,5060,-2.42795880,-1.62161143,-2.24806984,-0.03395081,0.59691525,0.34370422,3.85522650,-1.57125743,-2.24806984,-0.03392754,0.59722807,0.34382354,-2.44817670,-1.63076670,-2.24768837,-0.03318787,0.61026669,0.34370422,0.02441406,0.09277344,0.00488281,-0.02929688,-0.07324219,-0.01464844,0.45318604,1.48698759,1.48048401,0.43945312
14.40075374,5065,-2.42795880,-1.62122996,-2.24806984,-0.03433228,0.59691525,0.34370422,3.85522650,-1.57100096,-2.24806984,-0.03419965,0.59727423,0.34374332,-2.44779523,-1.62924082,-2.24768837,-0.03356934,0.60721493,0.34370422,0.01464844,0.09277344,0.00488281,-0.04394531,-0.17578125,-0.04394531,0.45318604,1.48697509,1.48086548,-0.02441406
14.41447735,5070,-2.42795880,-1.62122996,-2.24806984,-0.03471375,0.59691525,0.34370422,3.85522650,-1.57091692,-2.24806984,-0.03447497,0.59728935,0.34371704,-2.44741376,-1.62847789,-2.24768837,-0.03356934,0.60530758,0.34370422,0.01464844,0.05371094,0.00488281,0.00000000,-0.11718750,0.00000000,0.45318604,1.48697099,1.48086548,-0.02441406
14.42687011,5075,-2.42795880,-1.62122996,-2.24806984,-0.03471375,0.59691525,0.34370422,3.85522650,-1.57088938,-2.24806984,-0.03463550,0.59729430,0.34370842,-2.44703229,-1.62733348,-2.24768837,-0.03356934,0.60454464,0.34370422,0.02441406,0.08789062,0.00976562,-0.02929688,-0.04394531,-0.01464844,0.45318604,1.48696965,1.48086548,-0.02441406
14.44168425,5080,-2.42795880,-1.62122996,-2.24806984,-0.03471375,0.59729672,0.34370422,3.85522650,-1.57088035,-2.24806984,-0.03468811,0.59751334,0.34370560,-2.44665082,-1.62618907,-2.24806984,-0.03356934,0.60378171,0.34370422,0.02441406,0.04394531,0.00488281,-0.02929688,-0.02929688,-0.01464844,0.45318604,1.48696921,1.48086548,0.00000000
14.45621347,5085,-2.42795880,-1.62122996,-2.24806984,-0.03471375,0.59805966,0.34370422,3.85522650,-1.57087740,-2.24806984,-0.03470534,0.59798672,0.34370467,-2.44626935,-1.62504466,-2.24806984,-0.03356934,0.60378171,0.34370422,0.02929688,0.07324219,0.00488281,0.00000000,0.01464844,-0.01464844,0.45318604,1.48696906,1.48086548,-0.02441406
14.47112799,5090,-2.42795880,-1.62122996,-2.24806984,-0.03509521,0.59920407,0.34370422,3.85522650,-1.57087643,-2.24806984,-0.03491863,0.59881115,0.34370437,-2.44588788,-1.62390025,-2.24806984,-0.03356934,0.60378171,0.34370422,0.00976562,0.06347656,0.00488281,-0.01464844,0.01464844,-0.01464844,0.45318604,1.48696902,1.48086548,-0.02441406
14.48697281,5095,-2.42795880,-1.62122996,-2.24806984,-0.03547668,0.60034848,0.34370422,3.85522650,-1.57087611,-2.24806984,-0.03522351,0.59991174,0.34370427,-2.44550641,-1.62275584,-2.24806984,-0.03356934,0.60378171,0.34370422,0.01464844,0.07324219,-0.00000000,-0.02929688,-0.00000000,-0.01464844,0.45318604,1.48696900,1.48086548,0.00000000
14.50023985,5100,-2.42795880,-1.62122996,-2.24806984,-0.03547668,0.60149289,0.34370422,3.85522650,-1.57087601,-2.24806984,-0.03539372,0.60094951,0.34370424,-2.44512494,-1.62161143,-2.24806984,-0.03356934,0.60340024,0.34370422,0.02929688,0.07812500,0.00488281,0.00000000,-0.01464844,-0.01464844,0.45318604,1.48696900,1.48086548,-0.02441406
14.51449752,5105,-2.42795880,-1.62122996,-2.24806984,-0.03547668,0.60263730,0.34370422,3.85522650,-1.57087597,-2.24806984,-0.03544950,0.60205897,0.34370423,-2.44474347,-1.62084849,-2.24806984,-0.03395081,0.60301877,0.34370422,0.02441406,0.05371094,0.00488281,-0.02929688,-0.04394531,-0.02929688,0.45318604,1.48696899,1.48124695,0.00000000
14.52985954,5110,-2.42795880,-1.62122996,-2.24806984,-0.03547668,0.60340024,0.34370422,3.85522650,-1.57087596,-2.24806984,-0.03546778,0.60311564,0.34370423,-2.44436200,-1.61970408,-2.24768837,-0.03395081,0.60225583,0.34370422,0.01953125,0.06347656,0.00488281,-0.02929688,-0.01464844,-0.02929688,0.45318604,1.48687134,1.48162842,0.00000000
14.54400992,5115,-2.42795880,-1.62122996,-2.24806984,-0.03547668,0.60378171,0.34370422,3.85522650,-1.57087596,-2.24806984,-0.03547377,0.60378867,0.34370422,-2.44436200,-1.61894114,-2.24806984,-0.03433228,0.60225583,0.34370422,0.00488281,0.02929688,0.00488281,-0.01464844,-0.00000000,-0.02929688,0.45318604,1.48693699,1.48162842,-0.02441406
14.55823469,5120,-2.42795880,-1.62122996,-2.24806984,-0.03547668,0.60416318,0.34370422,3.85522650,-1.57087596,-2.24806984,-0.03547573,0.60429693,0.34370422,-2.44398053,-1.61817820,-2.24806984,-0.03395081,0.60225583,0.34370422,0.00488281,0.06347656,0.00488281,0.00000000,0.01464844,-0.02929688,0.45318604,1.48695851,1.48315430,0.12207031
14.57234168,5125,-2.42795880,-1.62122996,-2.24806984,-0.03547668,0.60454464,0.34370422,3.85522650,-1.57087596,-2.24806984,-0.03547637,0.60453977,0.34370422,-2.44359906,-1.61741526,-2.24806984,-0.03433228,0.60225583,0.34370422,0.01464844,0.04394531,0.00488281,0.00000000,0.01464844,0.00000000,0.45318604,1.48696556,1.48582458,-0.02441406
14.58772969,5130,-2.42795880,-1.62122996,-2.24806984,-0.03547668,0.60454464,0.34370422,3.85522650,-1.57087596,-2.24806984,-0.03547658,0.60479952,0.34370422,-2.44321759,-1.61665232,-2.24806984,-0.03433228,0.60225583,0.34370422,0.02441406,0.06835938,-0.00000000,-0.02929688,0.01464844,-0.01464844,0.45318604,1.48696787,1.48582458,-0.02441406
14.60203218,5135,-2.42795880,-1.62122996,-2.24806984,-0.03547668,0.60416318,0.34370422,3.85522650,-1.57087596,-2.24806984,-0.03547665,0.60467699,0.34370422,-2.44321759,-1.61550791,-2.24806984,-0.03433228,0.60263730,0.34370422,0.01464844,0.05859375,0.00488281,-0.02929688,0.01464844,-0.01464844,0.45318604,1.48696863,1.48582458,-0.02441406
14.61500478,5140,-2.42795880,-1.62122996,-2.24806984,-0.03547668,0.60416318,0.34370422,3.85522650,-1.57087596,-2.24806984,-0.03547667,0.60458801,0.34370422,-2.44283612,-1.61474498,-2.24806984,-0.03433228,0.60263730,0.34370422,0.00976562,0.05859375,0.00488281,-0.01464844,-0.00000000,-0.02929688,0.45318604,1.48709094,1.48582458,0.00000000
14.62969017,5145,-2.42795880,-1.62122996,-2.24806984,-0.03547668,0.60416318,0.34370422,3.85522650,-1.57087596,-2.24806984,-0.03547668,0.60455886,0.34370422,-2.44245465,-1.61360057,-2.24806984,-0.03433228,0.60263730,0.34370422,0.02929688,0.05371094,0.00488281,-0.02929688,0.01464844,-0.01464844,0.45318604,1.48700895,1.48544312,-0.04882812
14.64484048,5150,-2.42795880,-1.62122996,-2.24806984,-0.03547668,0.60416318,0.34370422,3.85522650,-1.57087596,-2.24806984,-0.03547668,0.60454930,0.34370422,-2.44207318,-1.61283763,-2.24806984,-0.03509521,0.60263730,0.34370422,0.00488281,0.06347656,0.00488281,-0.04394531,-0.00000000,-0.01464844,0.45318604,1.48698209,1.48582458,-0.02441406
14.65939975,5155,-2.42795880,-1.62122996,-2.24806984,-0.03547668,0.60416318,0.34370422,3.85522650,-1.57087596,-2.24806984,-0.03547668,0.60454617,0.34370422,-2.44207318,-1.61207469,-2.24768837,-0.03509521,0.60263730,0.34370422,0.00488281,0.05859375,0.00976562,-0.01464844,0.02929688,0.00000000,0.45318604,1.48697328,1.48582458,0.00000000
14.67386889,5160,-2.42795880,-1.62122996,-2.24806984,-0.03547668,0.60416318,0.34370422,3.85522650,-1.57087596,-2.24806984,-0.03544543,0.60454514,0.34370422,-2.44169171,-1.61131175,-2.24806984,-0.03509521,0.60263730,0.34370422,0.00976562,0.03906250,0.00488281,-0.01464844,0.01464844,-0.02929688,0.45318604,1.48697040,1.48582458,0.00000000
14.68746090,5165,-2.42795880,-1.62122996,-2.24806984,-0.03547668,0.60416318,0.34370422,3.85522650,-1.57087596,-2.24806984,-0.03535658,0.60454481,0.34370422,-2.44169171,-1.61054881,-2.24806984,-0.03509521,0.60263730,0.34370422,0.01464844,0.03417969,0.00488281,0.00000000,0.01464844,-0.02929688,0.45318604,1.48696945,1.48582458,-0.04882812
14.70212603,5170,-2.42795880,-1.62122996,-2.24806984,-0.03509521,0.60416318,0.34370422,3.85522650,-1.57087596,-2.24806984,-0.03532979,0.60454470,0.34370422,-2.44131024,-1.60978587,-2.24768837,-0.03509521,0.60301877,0.34370422,0.00976562,0.04882812,0.00976562,-0.01464844,0.01464844,-0.01464844,0.45318604,1.48706680,1.48582458,-0.04882812
14.71516299,5175,-2.42795880,-1.62122996,-2.24806984,-0.03547668,0.60416318,0.34370422,3.85522650,-1.57087596,-2.24806984,-0.03527962,0.60454466,0.34370422,-2.44131024,-1.60940440,-2.24806984,-0.03509521,0.60301877,0.34370422,0.00976562,0.04394531,-0.00000000,-0.04394531,0.01464844,-0.02929688,0.45318604,1.48700104,1.48544312,-0.04882812
14.73157382,5180,-2.42795880,-1.62122996,-2.24806984,-0.03509521,0.60416318,0.34370422,3.85522650,-1.57087596,-2.24806984,-0.03515564,0.60454465,0.34370422,-2.44092877,-1.60825999,-2.24806984,-0.03547668,0.60301877,0.34370422,0.01953125,0.05859375,-0.00000000,-0.02929688,0.02929688,-0.01464844,0.45318604,1.48697950,1.48582458,-0.02441406
14.74671483,5185,-2.42795880,-1.62122996,-2.24806984,-0.03509521,0.60416318,0.34370422,3.85522650,-1.57087596,-2.24806984,-0.03511502,0.60454465,0.34370422,-2.44016583,-1.60749705,-2.24806984,-0.03585815,0.60301877,0.34370422,0.02441406,0.03906250,0.00488281,-0.05859375,-0.00000000,-0.01464844,0.45318604,1.48697244,1.48582458,-0.04882812
14.76047158,5190,-2.42795880,-1.62122996,-2.24806984,-0.03509521,0.60416318,0.34370422,3.85522650,-1.57087596,-2.24806984,-0.03510170,0.60454465,0.34370422,-2.44016583,-1.60673411,-2.24806984,-0.03623962,0.60301877,0.34370422,0.00488281,0.04882812,0.00976562,-0.04394531,0.01464844,0.00000000,0.45318604,1.48697012,1.48582458,0.00000000
14.77342772,5195,-2.42795880,-1.62122996,-2.24806984,-0.03509521,0.60454464,0.34370422,3.85522650,-1.57087596,-2.24806984,-0.03509734,0.60468197,0.34370422,-2.43978436,-1.60597117,-2.24806984,-0.03623962,0.60340024,0.34370422,0.01464844,0.03417969,0.00976562,-0.01464844,0.02929688,-0.01464844,0.45318604,1.48684729,1.48582458,-0.04882812
14.79009342,5200,-2.42795880,-1.62122996,-2.24806984,-0.03509521,0.60454464,0.34370422,3.85522650,-1.57087596,-2.24806984,-0.03509591,0.60484611,0.34370422,-2.43978436,-1.60520823,-2.24806984,-0.03662109,0.60340024,0.34370422,0.00976562,0.05371094,0.00976562,-0.01464844,0.01464844,-0.01464844,0.45318604,1.48692912,1.48582458,-0.02441406
14.80186224,5205,-2.42795880,-1.62122996,-2.24806984,-0.03509521,0.60454464,0.34370422,3.85522650,-1.57087596,-2.24806984,-0.03509544,0.60489990,0.34370422,-2.43940289,-1.60482676,-2.24806984,-0.03623962,0.60340024,0.34370422,0.00488281,0.03417969,0.00488281,-0.01464844,0.04394531,-0.02929688,0.45318604,1.48695593,1.48582458,0.00000000
14.81679869,5210,-2.42795880,-1.62122996,-2.24806984,-0.03509521,0.60492611,0.34370422,3.85522650,-1.57087596,-2.24806984,-0.03509529,0.60517399,0.34370422,-2.43940289,-1.60444529,-2.24768837,-0.03623962,0.60340024,0.34370422,0.00000000,0.01953125,0.00976562,0.00000000,-0.00000000,0.00000000,0.45318604,1.48696471,1.48582458,-0.02441406
14.83353972,5215,-2.42795880,-1.62122996,-2.24806984,-0.03509521,0.60492611,0.34370422,3.85522650,-1.57087596,-2.24806984,-0.03509524,0.60526381,0.34370422,-2.43940289,-1.60368235,-2.24806984,-0.03662109,0.60340024,0.34370422,0.00976562,0.04394531,0.00488281,-0.01464844,0.02929688,-0.01464844,0.45318604,1.48696759,1.48582458,-0.02441406
14.84848785,5220,-2.42795880,-1.62122996,-2.24806984,-0.03509521,0.60530758,0.34370422,3.85522650,-1.57087596,-2.24806984,-0.03509522,0.60547940,0.34370422,-2.43902142,-1.60291941,-2.24806984,-0.03623962,0.60378171,0.34370422,0.00488281,0.04394531,0.00488281,-0.01464844,0.04394531,-0.01464844,0.45318604,1.48696853,1.48544312,-0.04882812
14.86252880,5225,-2.42795880,-1.62122996,-2.24806984,-0.03509521,0.60568905,0.34370422,3.85522650,-1.57087596,-2.24806984,-0.03509522,0.60575768,0.34370422,-2.43863995,-1.60253794,-2.24806984,-0.03662109,0.60378171,0.34370422,0.02441406,0.02441406,0.00488281,-0.01464844,0.02929688,-0.01464844,0.45318604,1.48696884,1.48582458,0.00000000
14.87638378,5230,-2.42795880,-1.62122996,-2.24806984,-0.03509521,0.60607052,0.34370422,3.85522650,-1.57087596,-2.24806984,-0.03509522,0.60610534,0.34370422,-2.43825848,-1.60177500,-2.24806984,-0.03623962,0.60378171,0.34370422,0.01464844,0.03906250,-0.00000000,-0.01464844,0.01464844,-0.01464844,0.45356750,1.48712153,1.48582458,-0.02441406
14.89176798,5235,-2.42795880,-1.62122996,-2.24806984,-0.03509521,0.60645199,0.34370422,3.85522650,-1.57087596,-2.24806984,-0.03509522,0.60651479,0.34370422,-2.43825848,-1.60101206,-2.24806984,-0.03662109,0.60454464,0.34370422,0.01464844,0.04882812,0.00488281,-0.02929688,0.05859375,-0.01464844,0.45394897,1.48780658,1.48582458,-0.02441406
14.90530634,5240,-2.42795880,-1.62122996,-2.24806984,-0.03509521,0.60683346,0.34370422,3.85522650,-1.57087596,-2.24806984,-0.03509521,0.60686637,0.34370422,-2.43787702,-1.60063060,-2.24806984,-0.03662109,0.60492611,0.34370422,0.02441406,0.02441406,0.00488281,-0.02929688,0.02929688,-0.01464844,0.45509338,1.48906889,1.48582458,-0.02441406
14.92121029,5245,-2.42795880,-1.62122996,-2.24806984,-0.03509521,0.60683346,0.34370422,3.85522650,-1.57087596,-2.24806984,-0.03509521,0.60710072,0.34370422,-2.43749555,-1.59986766,-2.24806984,-0.03623962,0.60492611,0.34370422,0.00000000,0.04882812,0.00488281,-0.01464844,0.02929688,-0.01464844,0.46043396,1.49446153,1.48620605,-0.02441406
14.93587732,5250,-2.42795880,-1.62122996,-2.24806984,-0.03509521,0.60683346,0.34370422,3.85522650,-1.57087596,-2.24806984,-0.03509521,0.60717751,0.34370422,-2.43749555,-1.59910472,-2.24768837,-0.03623962,0.60492611,0.34370422,0.00488281,0.03906250,0.00488281,0.00000000,0.04394531,-0.01464844,0.46653748,1.50386140,1.48620605,-0.02441406
14.94927049,5255,-2.42795880,-1.62122996,-2.24806984,-0.03471375,0.60683346,0.34370422,3.85522650,-1.57087596,-2.24806984,-0.03501892,0.60720267,0.34370422,-2.43749555,-1.59872325,-2.24806984,-0.03623962,0.60530758,0.34370422,0.00488281,0.03417969,0.00488281,0.00000000,-0.00000000,-0.01464844,0.47378540,1.51655166,1.48696899,0.04882812
14.96409464,5260,-2.42795880,-1.62122996,-2.24806984,-0.03471375,0.60721493,0.34370422,3.85522650,-1.57087596,-2.24806984,-0.03484500,0.60739707,0.34370422,-2.43749555,-1.59834178,-2.24806984,-0.03623962,0.60530758,0.34370422,0.00000000,0.02441406,0.00488281,-0.01464844,-0.00000000,0.00000000,0.48599243,1.53503064,1.48963928,0.26855469
14.97895765,5265,-2.42795880,-1.62122996,-2.24806984,-0.03471375,0.60721493,0.34370422,3.85522650,-1.57087596,-2.24806984,-0.03475675,0.60753109,0.34370422,-2.43711408,-1.59757884,-2.24768837,-0.03623962,0.60530758,0.34370422,0.00488281,0.01953125,0.00488281,0.00000000,0.02929688,-0.01464844,0.50239563,1.55503064,1.49536133,0.24414062
14.99462557,5270,-2.42795880,-1.62122996,-2.24806984,-0.03471375,0.60721493,0.34370422,3.85522650,-1.57087596,-2.24806984,-0.03472784,0.60757500,0.34370422,-2.43711408,-1.59719737,-2.24768837,-0.03623962,0.60568905,0.34370422,0.00976562,0.03906250,0.00488281,-0.01464844,0.01464844,-0.01464844,0.51498413,1.57503064,1.49917603,0.24414062
15.00692582,5275,-2.42795880,-1.62122996,-2.24806984,-0.03433228,0.60721493,0.34370422,3.85522650,-1.57087596,-2.24806984,-0.03458103,0.60758939,0.34370422,-2.43673261,-1.59681590,-2.24768837,-0.03623962,0.60568905,0.34370422,0.01464844,0.01953125,0.00488281,-0.01464844,0.01464844,0.00000000,0.52871704,1.59503064,1.50604248,0.53710938
15.02105713,5280,-2.42795880,-1.62122996,-2.24806984,-0.03433228,0.60721493,0.34370422,3.85522650,-1.57087596,-2.24806984,-0.03441379,0.60759410,0.34370422,-2.43673261,-1.59643443,-2.24768837,-0.03623962,0.60568905,0.34370422,0.00488281,0.02441406,0.00488281,-0.01464844,0.01464844,-0.01464844,0.54283142,1.61503064,1.51634216,0.75683594
15.03597260,5285,-2.42795880,-1.62122996,-2.24806984,-0.03433228,0.60721493,0.34370422,3.85522650,-1.57087596,-2.24806984,-0.03435899,0.60753461,0.34370422,-2.43635114,-1.59567149,-2.24806984,-0.03623962,0.60568905,0.34370422,0.00976562,0.01953125,0.00488281,-0.02929688,0.01464844,0.00000000,0.55236816,1.63503064,1.52549744,0.39062500
15.05037522,5290,-2.42795880,-1.62122996,-2.24806984,-0.03433228,0.60683346,0.34370422,3.85522650,-1.57087596,-2.24806984,-0.03434103,0.60745103,0.34370422,-2.43635114,-1.59529002,-2.24768837,-0.03623962,0.60568905,0.34370422,0.01464844,0.03417969,0.00488281,0.00000000,0.01464844,0.00000000,0.55732727,1.65503064,1.53465271,0.68359375
15.06773114,5295,-2.42795880,-1.62122996,-2.24806984,-0.03433228,0.60683346,0.34370422,3.85522650,-1.57087596,-2.24806984,-0.03433514,0.60729230,0.34370422,-2.43596967,-1.59490855,-2.24806984,-0.03623962,0.60568905,0.34370422,0.01464844,0.01953125,0.00488281,-0.01464844,0.01464844,-0.01464844,0.56343079,1.67503064,1.54800415,0.87890625
15.08162999,5300,-2.42795880,-1.62122996,-2.24806984,-0.03433228,0.60683346,0.34370422,3.85522650,-1.57087596,-2.24806984,-0.03433322,0.60724028,0.34370422,-2.43596967,-1.59452708,-2.24768837,-0.03623962,0.60568905,0.34370422,0.00488281,0.01953125,0.00488281,-0.01464844,-0.00000000,-0.01464844,0.56838989,1.69503064,1.55906677,0.85449219
15.09377766,5305,-2.42795880,-1.62122996,-2.24806984,-0.03433228,0.60683346,0.34370422,3.85522650,-1.57087596,-2.24806984,-0.03433258,0.60722324,0.34370422,-2.43558820,-1.59414561,-2.24768837,-0.03623962,0.60568905,0.34370422,0.00488281,0.02441406,0.00488281,-0.01464844,0.02929688,-0.01464844,0.57449341,1.71474126,1.56745911,0.63476562
15.10828376,5310,-2.42795880,-1.62122996,-2.24806984,-0.03433228,0.60683346,0.34370422,3.85522650,-1.57087596,-2.24806984,-0.03433238,0.60721766,0.34370422,-2.43558820,-1.59338267,-2.24806984,-0.03585815,0.60607052,0.34370422,0.00000000,0.03417969,-0.00000000,0.00000000,0.01464844,-0.01464844,0.57945251,1.73002509,1.58348083,0.90332031
15.12316251,5315,-2.42795880,-1.62122996,-2.24806984,-0.03433228,0.60721493,0.34370422,3.85522650,-1.57087596,-2.24806984,-0.03433231,0.60747229,0.34370422,-2.43558820,-1.59300120,-2.24806984,-0.03585815,0.60607052,0.34332275,0.00000000,0.02441406,0.00488281,-0.01464844,0.01464844,-0.01464844,0.58441162,1.74138022,1.59454346,0.56152344
15.13750625,5320,-2.42795880,-1.62122996,-2.24806984,-0.03433228,0.60721493,0.34370422,3.85522650,-1.57087596,-2.24806984,-0.03433229,0.60755573,0.34370422,-2.43558820,-1.59261973,-2.24768837,-0.03585815,0.60607052,0.34332275,0.00000000,0.04394531,0.00488281,-0.01464844,0.01464844,-0.01464844,0.58975220,1.75096581,1.60293579,0.65917969
15.15338635,5325,-2.42795880,-1.62122996,-2.24806984,-0.03433228,0.60721493,0.34370422,3.85522650,-1.57087596,-2.24806984,-0.03433228,0.60769294,0.34370422,-2.43520673,-1.59185679,-2.24806984,-0.03585815,0.60607052,0.34370422,0.00000000,0.02929688,0.00976562,-0.01464844,0.02929688,-0.01464844,0.59432983,1.75999842,1.62010193,0.97656250
15.16558123,5330,-2.42795880,-1.62122996,-2.24806984,-0.03433228,0.60759640,0.34370422,3.85522650,-1.57087596,-2.24806984,-0.03433228,0.60788451,0.34370422,-2.43520673,-1.59147532,-2.24806984,-0.03585815,0.60607052,0.34332275,0.00488281,0.01953125,0.00488281,-0.02929688,0.02929688,-0.02929688,0.59967041,1.77029660,1.63040161,0.78125000
15.17884827,5335,-2.42795880,-1.62122996,-2.24806984,-0.03433228,0.60759640,0.34370422,3.85522650,-1.57087596,-2.24806984,-0.03433228,0.60794728,0.34370422,-2.43520673,-1.59109385,-2.24768837,-0.03585815,0.60645199,0.34370422,0.00976562,0.01464844,0.00976562,-0.01464844,0.04394531,-0.01464844,0.60577393,1.78214963,1.63841248,0.68359375
15.19366956,5340,-2.42795880,-1.62122996,-2.24806984,-0.03433228,0.60759640,0.34370422,3.85522650,-1.57087596,-2.24806984,-0.03433228,0.60796785,0.34370422,-2.43482526,-1.59109385,-2.24768837,-0.03585815,0.60645199,0.34370422,0.00488281,0.01464844,0.00488281,-0.01464844,0.02929688,0.00000000,0.61264038,1.79418353,1.65176392,0.87890625
15.20800328,5345,-2.42795880,-1.62122996,-2.24806984,-0.03433228,0.60759640,0.34370422,3.85522650,-1.57087596,-2.24806984,-0.03433228,0.60797459,0.34370422,-2.43482526,-1.59071238,-2.24768837,-0.03585815,0.60645199,0.34332275,0.00488281,0.02441406,0.00488281,0.00000000,0.02929688,-0.02929688,0.61759949,1.80639169,1.66015625,0.68359375
15.22175527,5350,-2.42795880,-1.62122996,-2.24806984,-0.03433228,0.60759640,0.34370422,3.85522650,-1.57087596,-2.24806984,-0.03433228,0.60791576,0.34370422,-2.43482526,-1.59033091,-2.24806984,-0.03547668,0.60645199,0.34370422,0.00488281,0.01464844,0.00488281,0.00000000,-0.00000000,-0.01464844,0.62255859,1.81799875,1.67198181,0.78125000
15.23462892,5355,-2.42795880,-1.62122996,-2.24806984,-0.03433228,0.60721493,0.34370422,3.85522650,-1.57087596,-2.24806984,-0.03433228,0.60788123,0.34370422,-2.43482526,-1.58994944,-2.24806984,-0.03547668,0.60645199,0.34332275,-0.00488281,0.01953125,0.00488281,-0.01464844,0.01464844,-0.01464844,0.62789917,1.82731436,1.68418884,0.85449219
15.25017047,5360,-2.42795880,-1.62122996,-2.24806984,-0.03433228,0.60759640,0.34332275,3.85522650,-1.57087596,-2.24806984,-0.03439331,0.60787589,0.34362793,-2.43444379,-1.58956797,-2.24806984,-0.03547668,0.60645199,0.34332275,0.00000000,0.02441406,-0.00000000,-0.01464844,0.01464844,0.00000000,0.63476562,1.83879024,1.69487000,0.68359375
15.26175213,5365,-2.42795880,-1.62122996,-2.24806984,-0.03433228,0.60721493,0.34370422,3.85522650,-1.57087596,-2.24806984,-0.03435228,0.60778027,0.34364797,-2.43444379,-1.58918650,-2.24806984,-0.03547668,0.60645199,0.34332275,0.00000000,0.01953125,0.00488281,-0.02929688,0.02929688,0.00000000,0.64315796,1.85304626,1.70593262,0.87890625
15.27695823,5370,-2.42795880,-1.62122996,-2.24806984,-0.03433228,0.60759640,0.34332275,3.85522650,-1.57087596,-2.24806984,-0.03437789,0.60780326,0.34346057,-2.43444379,-1.58880503,-2.24768837,-0.03547668,0.60683346,0.34370422,0.00488281,0.01464844,0.00488281,-0.01464844,0.02929688,0.00000000,0.65345764,1.87194128,1.71661377,0.68359375
15.29233479,5375,-2.42795880,-1.62122996,-2.24806984,-0.03433228,0.60721493,0.34332275,3.85522650,-1.57087596,-2.24806984,-0.03434722,0.60771301,0.34336791,-2.43406232,-1.58842356,-2.24806984,-0.03547668,0.60721493,0.34332275,0.01464844,0.01464844,0.00488281,0.00000000,0.04394531,-0.02929688,0.66680908,1.89168305,1.72958374,0.73242188
15.30633807,5380,-2.42795880,-1.62122996,-2.24806984,-0.03433228,0.60721493,0.34332275,3.85522650,-1.57087596,-2.24806984,-0.03433717,0.60772250,0.34333755,-2.43368085,-1.58842356,-2.24806984,-0.03547668,0.60721493,0.34332275,0.00976562,0.00488281,0.00488281,-0.01464844,0.02929688,-0.02929688,0.67405701,1.91168305,1.74026489,0.97656250
15.31863427,5385,-2.42795880,-1.62122996,-2.24806984,-0.03433228,0.60721493,0.34332275,3.85522650,-1.57087596,-2.24806984,-0.03433388,0.60763772,0.34332760,-2.43368085,-1.58804209,-2.24806984,-0.03547668,0.60721493,0.34332275,0.00976562,0.01464844,0.00488281,-0.01464844,-0.00000000,-0.01464844,0.68702698,1.93168305,1.75094604,0.73242188
15.33246160,5390,-2.42795880,-1.62122996,-2.24806984,-0.03433228,0.60721493,0.34332275,3.85522650,-1.57087596,-2.24806984,-0.03433280,0.60767098,0.34332434,-2.43368085,-1.58766062,-2.24806984,-0.03547668,0.60721493,0.34332275,0.00000000,0.02441406,0.00488281,-0.01464844,-0.00000000,0.00000000,0.69770813,1.95168305,1.76086426,0.65917969
15.34677458,5395,-2.42795880,-1.62122996,-2.24806984,-0.03433228,0.60759640,0.34370422,3.85522650,-1.57087596,-2.24806984,-0.03433245,0.60779723,0.34344840,-2.43329938,-1.58727915,-2.24806984,-0.03509521,0.60721493,0.34332275,0.00488281,0.01953125,0.00488281,-0.01464844,0.01464844,-0.01464844,0.70800781,1.97168305,1.77307129,0.83007812
15.36005473,5400,-2.42795880,-1.62122996,-2.24806984,-0.03433228,0.60759640,0.34370422,3.85522650,-1.57087596,-2.24806984,-0.03433233,0.60786985,0.34344022,-2.43329938,-1.58727915,-2.24768837,-0.03509521,0.60721493,0.34332275,0.00488281,0.00976562,0.00488281,-0.01464844,0.01464844,-0.01464844,0.71945190,1.99168305,1.78527832,0.70800781
15.37227273,5405,-2.42795880,-1.62122996,-2.24806984,-0.03433228,0.60759640,0.34332275,3.85522650,-1.57087596,-2.24806984,-0.03433229,0.60794248,0.34336124,-2.43329938,-1.58689769,-2.24806984,-0.03509521,0.60721493,0.34332275,0.00000000,0.02441406,0.00488281,-0.01464844,0.01464844,-0.01464844,0.72937012,2.01168305,1.79138184,0.56152344
15.38465405,5410,-2.42795880,-1.62122996,-2.24806984,-0.03433228,0.60759640,0.34332275,3.85522650,-1.57087596,-2.24806984,-0.03433228,0.60796627,0.34339640,-2.43329938,-1.58651622,-2.24806984,-0.03509521,0.60721493,0.34332275,0.00488281,0.01464844,0.00488281,-0.02929688,0.02929688,-0.01464844,0.73966980,2.03168305,1.80168152,0.80566406
15.39939928,5415,-2.42795880,-1.62122996,-2.24806984,-0.03433228,0.60759640,0.34332275,3.85522650,-1.57087596,-2.24806984,-0.03433228,0.60797407,0.34341720,-2.43329938,-1.58651622,-2.24768837,-0.03509521,0.60759640,0.34332275,-0.00488281,0.01464844,0.00976562,-0.01464844,0.04394531,0.00000000,0.75187683,2.05168305,1.81427002,0.97656250
15.41356373,5420,-2.42795880,-1.62122996,-2.24806984,-0.03433228,0.60797787,0.34370422,3.85522650,-1.57087596,-2.24806984,-0.03433228,0.60820185,0.34352228,-2.43329938,-1.58613475,-2.24806984,-0.03509521,0.60797787,0.34332275,-0.00488281,0.01464844,0.00488281,-0.02929688,0.04394531,-0.01464844,0.76370239,2.07168305,1.82571411,0.58593750
15.42733335,5425,-2.42795880,-1.62122996,-2.24806984,-0.03433228,0.60797787,0.34370422,3.85522650,-1.57087596,-2.24806984,-0.03433228,0.60818859,0.34352546,-2.43291791,-1.58575328,-2.24768837,-0.03509521,0.60835934,0.34332275,0.00000000,0.01953125,0.00488281,-0.01464844,0.04394531,-0.01464844,0.77857971,2.09168305,1.83753967,0.83007812
15.44221997,5430,-2.42795880,-1.62122996,-2.24806984,-0.03433228,0.60797787,0.34370422,3.85522650,-1.57087596,-2.24806984,-0.03433228,0.60830339,0.34346547,-2.43291791,-1.58537181,-2.24806984,-0.03509521,0.60912228,0.34332275,0.00000000,0.00976562,0.00488281,-0.02929688,0.07324219,-0.02929688,0.79536438,2.11168305,1.85050964,0.78125000
15.45579100,5435,-2.42795880,-1.62122996,-2.24806984,-0.03433228,0.60797787,0.34370422,3.85522650,-1.57087596,-2.24806984,-0.03433228,0.60834101,0.34358693,-2.43291791,-1.58499034,-2.24768837,-0.03509521,0.60950375,0.34332275,0.00000000,0.01464844,0.00488281,-0.02929688,0.05859375,-0.01464844,0.80871582,2.13168305,1.86004639,0.65917969
15.47124958,5440,-2.42795880,-1.62122996,-2.24806984,-0.03433228,0.60835934,0.34332275,3.85522650,-1.57087596,-2.24806984,-0.03433228,0.60857855,0.34344057,-2.43291791,-1.58499034,-2.24806984,-0.03509521,0.61026669,0.34332275,0.00000000,0.01464844,0.00488281,-0.01464844,0.02929688,-0.01464844,0.82244873,2.15168305,1.87187195,0.80566406
15.48466444,5445,-2.42795880,-1.62122996,-2.24806984,-0.03433228,0.60874081,0.34370422,3.85522650,-1.57087596,-2.24806984,-0.03433228,0.60876394,0.34352554,-2.43291791,-1.58460887,-2.24806984,-0.03509521,0.61026669,0.34332275,0.00000000,0.00976562,0.00488281,-0.02929688,0.01464844,-0.01464844,0.83580017,2.17168305,1.88255310,0.90332031
15.49814558,5450,-2.42795880,-1.62122996,-2.24806984,-0.03433228,0.60874081,0.34370422,3.85522650,-1.57087596,-2.24806984,-0.03433228,0.60900486,0.34352653,-2.43291791,-1.58460887,-2.24806984,-0.03509521,0.61026669,0.34332275,0.00000000,0.00488281,0.00488281,-0.01464844,0.01464844,-0.01464844,0.85296631,2.19168305,1.89399719,0.80566406
15.51405215,5455,-2.42795880,-1.62122996,-2.24806984,-0.03433228,0.60912228,0.34370422,3.85522650,-1.57087596,-2.24806984,-0.03433228,0.60934027,0.34360694,-2.43253644,-1.58422740,-2.24806984,-0.03509521,0.61026669,0.34332275,0.00000000,0.01464844,0.00976562,-0.01464844,-0.00000000,0.00000000,0.87051392,2.21168305,1.90582275,0.73242188
15.53082156,5460,-2.42795880,-1.62122996,-2.24806984,-0.03433228,0.60950375,0.34332275,3.85522650,-1.57087596,-2.24806984,-0.03433228,0.60963634,0.34354722,-2.43253644,-1.58384593,-2.24806984,-0.03509521,0.61026669,0.34332275,-0.00488281,0.00976562,0.00488281,-0.01464844,0.01464844,0.00000000,0.88806152,2.23168305,1.91688538,0.75683594
15.54522514,5465,-2.42795880,-1.62122996,-2.24806984,-0.03433228,0.60988522,0.34370422,3.85522650,-1.57087596,-2.24806984,-0.03433228,0.61002889,0.34359174,-2.43253644,-1.58346446,-2.24806984,-0.03509521,0.61026669,0.34332275,0.00488281,0.00976562,0.00488281,-0.01464844,-0.00000000,-0.01464844,0.90789795,2.25168305,1.93061829,0.85449219
15.55810523,5470,-2.42795880,-1.62122996,-2.24806984,-0.03433228,0.61026669,0.34332275,3.85522650,-1.57087596,-2.24806984,-0.03433228,0.61044524,0.34348121,-2.43253644,-1.58346446,-2.24806984,-0.03509521,0.61026669,0.34332275,0.00976562,0.01464844,0.00488281,-0.01464844,0.02929688,-0.01464844,0.92163086,2.27168305,1.94244385,0.80566406
15.57266498,5475,-2.42795880,-1.62122996,-2.24806984,-0.03433228,0.61064816,0.34370422,3.85522650,-1.57087596,-2.24806984,-0.03433228,0.61076782,0.34349003,-2.43215497,-1.58308299,-2.24806984,-0.03509521,0.61026669,0.34332275,0.01464844,0.01464844,-0.00000000,-0.01464844,0.01464844,0.00000000,0.93879700,2.29168305,1.94854736,0.73242188
15.58731079,5480,-2.42795880,-1.62122996,-2.24806984,-0.03433228,0.61064816,0.34332275,3.85522650,-1.57087596,-2.24806984,-0.03433228,0.61094384,0.34351868,-2.43177350,-1.58270152,-2.24806984,-0.03509521,0.61026669,0.34332275,0.00488281,0.00488281,0.00976562,-0.02929688,0.01464844,-0.01464844,0.95520020,2.31168305,1.96418762,0.85449219
15.60077834,5485,-2.42795880,-1.62122996,-2.24806984,-0.03433228,0.61064816,0.34332275,3.85522650,-1.57087596,-2.24806984,-0.03433228,0.61100152,0.34338696,-2.43177350,-1.58270152,-2.24806984,-0.03471375,0.61026669,0.34332275,0.00000000,0.00488281,0.00488281,0.01464844,0.01464844,-0.02929688,0.97007751,2.33168305,1.97753906,0.63476562
15.61486006,5490,-2.42795880,-1.62122996,-2.24806984,-0.03433228,0.61102963,0.34370422,3.85522650,-1.57087596,-2.24806984,-0.03433228,0.61127689,0.34356120,-2.43177350,-1.58232005,-2.24768837,-0.03471375,0.61026669,0.34332275,0.00000000,0.01464844,0.00488281,0.01464844,0.01464844,-0.01464844,0.99334717,2.35168305,1.98593140,0.63476562
15.63047671,5495,-2.42795880,-1.62122996,-2.24806984,-0.03433228,0.61102963,0.34370422,3.85522650,-1.57087596,-2.24806984,-0.03433228,0.61136712,0.34356947,-2.43177350,-1.58232005,-2.24768837,-0.03471375,0.61026669,0.34332275,0.00000000,0.00976562,0.00488281,-0.01464844,-0.00000000,-0.01464844,1.01280212,2.37168305,2.00004578,0.92773438
15.64426684,5500,-2.42795880,-1.62122996,-2.24806984,-0.03433228,0.61102963,0.34370422,3.85522650,-1.57087596,-2.24806984,-0.03433228,0.61139669,0.34362882,-2.43177350,-1.58193858,-2.24768837,-0.03471375,0.61026669,0.34332275,0.00000000,0.01464844,0.00488281,-0.02929688,0.01464844,-0.02929688,1.02882385,2.39168305,2.01148987,0.83007812
15.65871429,5505,-2.42795880,-1.62122996,-2.24806984,-0.03471375,0.61179257,0.34370422,3.85522650,-1.57087596,-2.24806984,-0.03440857,0.61162000,0.34363069,-2.43139203,-1.58193858,-2.24768837,-0.03471375,0.61026669,0.34332275,0.00000000,0.00488281,0.00488281,-0.02929688,-0.00000000,-0.01464844,1.03416443,2.41168305,2.02064514,0.68359375
15.67406011,5510,-2.42795880,-1.62122996,-2.24806984,-0.03471375,0.61217404,0.34370422,3.85522650,-1.57087596,-2.24806984,-0.03451365,0.61212982,0.34361909,-2.43139203,-1.58155711,-2.24806984,-0.03471375,0.61026669,0.34332275,0.00488281,0.00976562,0.00488281,0.00000000,-0.00000000,-0.01464844,1.03378296,2.43168305,2.03514099,0.92773438
15.68786716,5515,-2.42795880,-1.62122996,-2.24806984,-0.03471375,0.61255551,0.34332275,3.85522650,-1.57087596,-2.24806984,-0.03461693,0.61264124,0.34351996,-2.43139203,-1.58117564,-2.24768837,-0.03471375,0.61064816,0.34332275,0.00976562,0.02441406,0.00488281,-0.01464844,0.02929688,-0.02929688,1.03378296,2.45168305,2.04696655,0.63476562
15.70202565,5520,-2.42795880,-1.62122996,-2.24806984,-0.03471375,0.61255551,0.34332275,3.85522650,-1.57087596,-2.24806984,-0.03468202,0.61272093,0.34338737,-2.43101056,-1.58117564,-2.24806984,-0.03471375,0.61064816,0.34332275,0.00000000,0.00976562,0.00488281,-0.02929688,0.04394531,-0.01464844,1.03378296,2.47168305,2.05574036,0.70800781
15.71637154,5525,-2.42795880,-1.62122996,-2.24806984,-0.03471375,0.61255551,0.34294128,3.85522650,-1.57087596,-2.24806984,-0.03470335,0.61286618,0.34326763,-2.43101056,-1.58079417,-2.24768837,-0.03471375,0.61102963,0.34332275,0.00000000,0.00488281,0.00488281,-0.01464844,0.02929688,-0.01464844,1.03378296,2.49168305,2.06947327,0.95214844
15.72923684,5530,-2.42795880,-1.62122996,-2.24806984,-0.03509521,0.61293698,0.34294128,3.85522650,-1.57087596,-2.24806984,-0.03493556,0.61299007,0.34304822,-2.43101056,-1.58079417,-2.24806984,-0.03471375,0.61102963,0.34332275,-0.00488281,0.00976562,-0.00000000,0.00000000,0.02929688,-0.02929688,1.03340149,2.51168305,2.08053589,0.80566406
15.74374485,5535,-2.42795880,-1.62122996,-2.24806984,-0.03509521,0.61255551,0.34294128,3.85522650,-1.57087596,-2.24806984,-0.03504290,0.61299344,0.34291529,-2.43101056,-1.58041270,-2.24806984,-0.03471375,0.61102963,0.34332275,-0.00488281,0.00976562,0.00488281,-0.01464844,0.04394531,-0.02929688,1.03340149,2.53168305,2.08930969,0.68359375
15.75880575,5540,-2.42795880,-1.62122996,-2.24806984,-0.03471375,0.61255551,0.34294128,3.85522650,-1.57087596,-2.24806984,-0.03490949,0.61295548,0.34287173,-2.43101056,-1.58041270,-2.24806984,-0.03471375,0.61141110,0.34332275,-0.00488281,0.00488281,0.00488281,0.00000000,0.02929688,-0.02929688,1.03378296,2.55168305,2.10304260,0.85449219
15.77488446,5545,-2.42795880,-1.62122996,-2.24806984,-0.03509521,0.61255551,0.34294128,3.85522650,-1.57087596,-2.24806984,-0.03503436,0.61294304,0.34291849,-2.43101056,-1.58003123,-2.24768837,-0.03471375,0.61179257,0.34332275,-0.00976562,0.00976562,0.00488281,-0.01464844,0.04394531,-0.02929688,1.03378296,2.57168305,2.11563110,0.78125000
15.78919506,5550,-2.42795880,-1.62122996,-2.24806984,-0.03471375,0.61255551,0.34294128,3.85522650,-1.57087596,-2.24806984,-0.03488912,0.61293897,0.34293382,-2.43101056,-1.58003123,-2.24806984,-0.03471375,0.61217404,0.34332275,-0.00488281,0.00488281,0.00488281,-0.01464844,0.04394531,-0.01464844,1.03340149,2.59168305,2.12554932,0.70800781
15.80485988,5555,-2.42795880,-1.62122996,-2.24806984,-0.03471375,0.61255551,0.34294128,3.85522650,-1.57087596,-2.24806984,-0.03480246,0.61293763,0.34293884,-2.43101056,-1.58003123,-2.24806984,-0.03471375,0.61255551,0.34332275,-0.00488281,0.00488281,0.00488281,0.00000000,0.02929688,-0.01464844,1.03340149,2.61168305,2.13813782,0.83007812
15.81954885,5560,-2.42795880,-1.62122996,-2.24806984,-0.03471375,0.61293698,0.34294128,3.85522650,-1.57087596,-2.24806984,-0.03474282,0.61312335,0.34294048,-2.43101056,-1.57964976,-2.24806984,-0.03471375,0.61293698,0.34294128,-0.00488281,0.00488281,0.00488281,-0.02929688,0.01464844,-0.01464844,1.03340149,2.63162642,2.15110779,0.83007812
15.83375072,5565,-2.42795880,-1.62122996,-2.24806984,-0.03471375,0.61293698,0.34294128,3.85522650,-1.57087596,-2.24806984,-0.03472327,0.61325452,0.34294102,-2.43101056,-1.57964976,-2.24768837,-0.03471375,0.61293698,0.34332275,0.00000000,0.00488281,0.00488281,-0.02929688,0.01464844,-0.01464844,1.03340149,2.64246953,2.16369629,0.70800781
15.84689927,5570,-2.42795880,-1.62122996,-2.24806984,-0.03471375,0.61331845,0.34294128,3.85522650,-1.57087596,-2.24806984,-0.03471687,0.61351491,0.34294120,-2.43101056,-1.57926829,-2.24806984,-0.03471375,0.61293698,0.34294128,-0.00976562,0.00976562,0.00488281,0.00000000,-0.00000000,-0.01464844,1.03378296,2.64607753,2.17247009,0.65917969
15.86343288,5575,-2.42795880,-1.62122996,-2.24806984,-0.03471375,0.61331845,0.34294128,3.85522650,-1.57087596,-2.24806984,-0.03471477,0.61363929,0.34294126,-2.43101056,-1.57926829,-2.24806984,-0.03471375,0.61255551,0.34294128,-0.00488281,0.00488281,0.00976562,-0.02929688,-0.00000000,-0.01464844,1.03378296,2.64729496,2.18658447,0.78125000
15.87715054,5580,-2.42795880,-1.62122996,-2.24806984,-0.03471375,0.61331845,0.34294128,3.85522650,-1.57087596,-2.24806984,-0.03471408,0.61368005,0.34294127,-2.43101056,-1.57888682,-2.24806984,-0.03471375,0.61255551,0.34294128,-0.00488281,0.00976562,-0.00000000,-0.02929688,0.01464844,-0.01464844,1.03378296,2.64773783,2.19612122,0.97656250
15.89161849,5585,-2.42795880,-1.62122996,-2.24806984,-0.03471375,0.61331845,0.34294128,3.85522650,-1.57087596,-2.24806984,-0.03471385,0.61369341,0.34294128,-2.43101056,-1.57888682,-2.24806984,-0.03471375,0.61255551,0.34294128,-0.00488281,0.00976562,0.00488281,-0.01464844,0.04394531,-0.01464844,1.03378296,2.64766322,2.20794678,0.61035156
15.90872407,5590,-2.42795880,-1.62122996,-2.24806984,-0.03471375,0.61331845,0.34294128,3.85522650,-1.57087596,-2.24806984,-0.03471378,0.61369779,0.34294128,-2.43101056,-1.57850535,-2.24806984,-0.03471375,0.61293698,0.34294128,0.00000000,0.00488281,0.00488281,-0.01464844,0.01464844,0.00000000,1.03340149,2.64748619,2.22320557,0.85449219
15.92305851,5595,-2.42795880,-1.62122996,-2.24806984,-0.03471375,0.61331845,0.34294128,3.85522650,-1.57087596,-2.24806984,-0.03471376,0.61369922,0.34294128,-2.43101056,-1.57850535,-2.24806984,-0.03471375,0.61293698,0.34294128,-0.00488281,0.00000000,0.00488281,0.00000000,-0.00000000,-0.01464844,1.03340149,2.64750630,2.23617554,0.73242188
15.93476224,5600,-2.42795880,-1.62122996,-2.24806984,-0.03471375,0.61331845,0.34294128,3.85522650,-1.57087596,-2.24806984,-0.03471375,0.61369969,0.34294128,-2.43062909,-1.57850535,-2.24768837,-0.03471375,0.61293698,0.34294128,-0.00488281,0.00488281,0.00488281,-0.02929688,-0.00000000,0.00000000,1.03378296,2.64794771,2.24113464,0.53710938
15.94991922,5605,-2.42795880,-1.62161143,-2.24806984,-0.03471375,0.61331845,0.34294128,3.85522650,-1.57113243,-2.24806984,-0.03471375,0.61369984,0.34294128,-2.43062909,-1.57812388,-2.24806984,-0.03471375,0.61293698,0.34294128,0.00000000,0.00488281,-0.00000000,0.00000000,-0.00000000,-0.02929688,1.03340149,2.64781769,2.25715637,0.97656250
15.96541619,5610,-2.42795880,-1.62161143,-2.24806984,-0.03471375,0.61331845,0.34294128,3.85522650,-1.57121647,-2.24806984,-0.03471375,0.61369989,0.34294128,-2.43062909,-1.57812388,-2.24768837,-0.03471375,0.61293698,0.34294128,0.00000000,0.00000000,0.00976562,0.00000000,-0.00000000,-0.01464844,1.03378296,2.64776752,2.27050781,0.90332031
15.97827864,5615,-2.42795880,-1.62161143,-2.24806984,-0.03471375,0.61331845,0.34294128,3.85522650,-1.57124400,-2.24806984,-0.03465271,0.61369991,0.34294128,-2.43062909,-1.57812388,-2.24806984,-0.03471375,0.61293698,0.34294128,0.00488281,0.00488281,0.00488281,-0.01464844,0.02929688,-0.01464844,1.03340149,2.64766099,2.27584839,0.56152344
15.99529409,5620,-2.42795880,-1.62161143,-2.24806984,-0.03433228,0.61331845,0.34294128,3.85522650,-1.57125303,-2.24806984,-0.03455642,0.61369992,0.34294128,-2.43062909,-1.57812388,-2.24768837,-0.03471375,0.61293698,0.34294128,0.00976562,-0.00488281,0.00976562,-0.01464844,0.01464844,0.00000000,1.03340149,2.64754795,2.28996277,0.87890625
16.00931954,5625,-2.42795880,-1.62161143,-2.24806984,-0.03433228,0.61331845,0.34294128,3.85522650,-1.57125599,-2.24806984,-0.03446676,0.61369992,0.34294128,-2.43024762,-1.57812388,-2.24768837,-0.03471375,0.61331845,0.34294128,0.00488281,0.00488281,0.00488281,-0.01464844,0.01464844,-0.01464844,1.03378296,2.64774163,2.30407715,0.80566406
16.02391934,5630,-2.42795880,-1.62161143,-2.24806984,-0.03433228,0.61331845,0.34294128,3.85522650,-1.57125695,-2.24806984,-0.03437634,0.61369992,0.34294128,-2.43024762,-1.57812388,-2.24768837,-0.03471375,0.61293698,0.34294128,0.00000000,0.00000000,0.00488281,-0.01464844,0.01464844,-0.01464844,1.03340149,2.64760954,2.31437683,0.58593750
16.03888392,5635,-2.42795880,-1.62161143,-2.24806984,-0.03433228,0.61369992,0.34294128,3.85522650,-1.57125727,-2.24806984,-0.03440775,0.61388608,0.34294128,-2.43024762,-1.57774241,-2.24806984,-0.03471375,0.61293698,0.34294128,0.00000000,0.00488281,-0.00000000,-0.01464844,0.01464844,-0.01464844,1.03340149,2.64753109,2.32810974,0.95214844
16.05260873,5640,-2.42795880,-1.62161143,-2.24806984,-0.03471375,0.61408139,0.34294128,3.85522650,-1.57125738,-2.24806984,-0.03449434,0.61415472,0.34294128,-2.43024762,-1.57774241,-2.24806984,-0.03471375,0.61293698,0.34294128,0.00000000,0.01464844,0.00488281,0.00000000,0.01464844,-0.02929688,1.03340149,2.64744289,2.33802795,0.70800781
16.06553650,5645,-2.42795880,-1.62161143,-2.24806984,-0.03433228,0.61408139,0.34294128,3.85522650,-1.57125741,-2.24806984,-0.03438538,0.61436189,0.34294128,-2.43024762,-1.57736094,-2.24806984,-0.03471375,0.61293698,0.34294128,-0.00488281,0.00488281,0.00488281,-0.01464844,0.01464844,-0.01464844,1.03340149,2.64741399,2.34947205,0.75683594
16.08043194,5650,-2.42795880,-1.62161143,-2.24806984,-0.03433228,0.61484433,0.34294128,3.85522650,-1.57125742,-2.24806984,-0.03434968,0.61476254,0.34294128,-2.43024762,-1.57697947,-2.24806984,-0.03471375,0.61331845,0.34294128,-0.00488281,0.01464844,0.00488281,-0.01464844,0.04394531,-0.01464844,1.03378296,2.64763523,2.36129761,0.75683594
16.09463358,5655,-2.42795880,-1.62161143,-2.24806984,-0.03471375,0.61522580,0.34294128,3.85522650,-1.57125742,-2.24806984,-0.03441427,0.61515029,0.34294128,-2.43024762,-1.57697947,-2.24768837,-0.03471375,0.61331845,0.34294128,0.00000000,0.01464844,0.00488281,-0.01464844,0.02929688,-0.01464844,1.03378296,2.64777023,2.37045288,0.68359375
16.10636544,5660,-2.42795880,-1.62161143,-2.24806984,-0.03433228,0.61522580,0.34294128,3.85522650,-1.57125743,-2.24806984,-0.03435914,0.61545752,0.34294128,-2.43024762,-1.57659800,-2.24806984,-0.03471375,0.61331845,0.34255981,0.00000000,0.00976562,0.00488281,-0.02929688,0.01464844,-0.02929688,1.03378296,2.64784962,2.37998962,0.92773438
16.12207675,5665,-2.42795880,-1.62161143,-2.24806984,-0.03433228,0.61560727,0.34294128,3.85522650,-1.57125743,-2.24806984,-0.03438014,0.61581467,0.34294128,-2.43024762,-1.57659800,-2.24806984,-0.03471375,0.61331845,0.34294128,-0.00488281,0.00488281,0.00488281,0.00000000,0.01464844,-0.01464844,1.03340149,2.64754727,2.39486694,0.75683594
16.13706827,5670,-2.42795880,-1.62161143,-2.24806984,-0.03471375,0.61637021,0.34294128,3.85522650,-1.57125743,-2.24806984,-0.03452435,0.61626446,0.34294128,-2.43024762,-1.57659800,-2.24768837,-0.03471375,0.61331845,0.34255981,-0.00488281,0.00000000,0.00976562,-0.01464844,0.02929688,-0.01464844,1.03340149,2.64757026,2.40325928,0.75683594
16.15044570,5675,-2.42795880,-1.62161143,-2.24806984,-0.03471375,0.61637021,0.34294128,3.85522650,-1.57125743,-2.24806984,-0.03452034,0.61659203,0.34294128,-2.42986615,-1.57659800,-2.24806984,-0.03471375,0.61369992,0.34255981,0.00488281,0.00000000,0.00488281,-0.02929688,0.01464844,-0.01464844,1.03340149,2.64745573,2.41775513,0.95214844
16.16463089,5680,-2.42795880,-1.62161143,-2.24806984,-0.03433228,0.61713315,0.34294128,3.85522650,-1.57125743,-2.24806984,-0.03439390,0.61709316,0.34294128,-2.42986615,-1.57621653,-2.24806984,-0.03471375,0.61331845,0.34255981,0.00000000,0.00000000,0.00488281,-0.01464844,0.01464844,-0.02929688,1.03340149,2.64741819,2.42652893,0.56152344
16.17828250,5685,-2.42795880,-1.62161143,-2.24806984,-0.03433228,0.61751462,0.34294128,3.85522650,-1.57125743,-2.24806984,-0.03435247,0.61756267,0.34294128,-2.42986615,-1.57621653,-2.24768837,-0.03471375,0.61369992,0.34294128,-0.00488281,0.00000000,0.00488281,-0.02929688,0.01464844,-0.01464844,1.03340149,2.64748402,2.43530273,0.65917969
16.19550347,5690,-2.42795880,-1.62161143,-2.24806984,-0.03433228,0.61789609,0.34294128,3.85522650,-1.57125743,-2.24806984,-0.03433889,0.61804330,0.34294128,-2.42986615,-1.57621653,-2.24806984,-0.03471375,0.61369992,0.34255981,-0.00488281,0.00488281,0.00488281,0.00000000,-0.00000000,-0.02929688,1.03340149,2.64748997,2.45056152,1.04980469
16.21097469,5695,-2.42795880,-1.62161143,-2.24806984,-0.03433228,0.61865902,0.34294128,3.85522650,-1.57125743,-2.24806984,-0.03433444,0.61859459,0.34294128,-2.42986615,-1.57621653,-2.24768837,-0.03471375,0.61408139,0.34255981,0.00000000,0.00000000,0.00488281,0.00000000,0.01464844,-0.01464844,1.03340149,2.64771164,2.46353149,0.63476562
16.22509265,5700,-2.42795880,-1.62161143,-2.24806984,-0.03433228,0.61904049,0.34294128,3.85522650,-1.57125743,-2.24806984,-0.03433299,0.61903171,0.34294128,-2.42986615,-1.57621653,-2.24806984,-0.03471375,0.61408139,0.34255981,0.00000000,-0.00488281,0.00488281,-0.01464844,0.01464844,-0.01464844,1.03378296,2.64777671,2.47497559,0.87890625
16.23909521,5705,-2.42795880,-1.62161143,-2.24806984,-0.03433228,0.61980343,0.34294128,3.85522650,-1.57125743,-2.24806984,-0.03433251,0.61961757,0.34294128,-2.42986615,-1.57621653,-2.24806984,-0.03471375,0.61408139,0.34255981,-0.00488281,0.00000000,0.00488281,-0.01464844,0.01464844,-0.01464844,1.03378296,2.64773846,2.48756409,0.90332031
16.25103426,5710,-2.42795880,-1.62161143,-2.24845131,-0.03433228,0.62094784,0.34294128,3.85522650,-1.57125743,-2.24820717,-0.03433235,0.62048667,0.34294128,-2.42986615,-1.57621653,-2.24806984,-0.03471375,0.61408139,0.34294128,0.00000000,0.00000000,0.00488281,-0.01464844,-0.00000000,0.00000000,1.03340149,2.64787119,2.49519348,0.53710938
16.26548219,5715,-2.42795880,-1.62161143,-2.24883278,-0.03433228,0.62171078,0.34294128,3.85522650,-1.57125743,-2.24850864,-0.03433230,0.62144699,0.34294128,-2.42986615,-1.57583506,-2.24806984,-0.03471375,0.61408139,0.34255981,-0.00488281,0.00488281,0.00488281,-0.01464844,0.02929688,-0.01464844,1.03378296,2.64794520,2.50663757,0.85449219
16.27955914,5720,-2.42757733,-1.62161143,-2.24921425,-0.03395081,0.62323666,0.34294128,3.85538288,-1.57125743,-2.24891272,-0.03407581,0.62253706,0.34294128,-2.42986615,-1.57583506,-2.24806984,-0.03471375,0.61408139,0.34255981,-0.00488281,0.00488281,0.00488281,-0.02929688,0.01464844,-0.01464844,1.03378296,2.64779367,2.51884460,0.90332031
16.29229307,5725,-2.42795880,-1.62161143,-2.24921425,-0.03395081,0.62399960,0.34294128,3.85532657,-1.57125743,-2.24911545,-0.03399177,0.62352634,0.34294128,-2.42986615,-1.57545359,-2.24768837,-0.03471375,0.61446286,0.34255981,0.00000000,0.01464844,0.00976562,-0.01464844,0.01464844,-0.01464844,1.03340149,2.64774866,2.52952576,0.70800781
16.30718088,5730,-2.42757733,-1.62161143,-2.24997719,-0.03395081,0.62514401,0.34294128,3.85548451,-1.57125743,-2.24957567,-0.03396423,0.62460087,0.34294128,-2.42986615,-1.57545359,-2.24806984,-0.03471375,0.61484433,0.34255981,-0.00488281,0.00976562,-0.00000000,-0.01464844,0.02929688,-0.02929688,1.03340149,2.64773391,2.54211426,0.80566406
16.32007122,5735,-2.42757733,-1.62161143,-2.25035866,-0.03395081,0.62628842,0.34294128,3.85548744,-1.57125743,-2.24992192,-0.03395520,0.62578049,0.34294128,-2.42948468,-1.57507212,-2.24806984,-0.03471375,0.61522580,0.34255981,0.00000000,0.00976562,0.00488281,-0.01464844,0.04394531,-0.01464844,1.03340149,2.64777205,2.55241394,0.73242188
16.33717513,5740,-2.42757733,-1.62161143,-2.25112160,-0.03356934,0.62819577,0.34294128,3.85550744,-1.57125743,-2.25047800,-0.03383689,0.62725992,0.34294128,-2.42948468,-1.57507212,-2.24806984,-0.03471375,0.61637021,0.34255981,0.00488281,0.00976562,-0.00000000,0.00000000,0.07324219,-0.01464844,1.03378296,2.64797229,2.56233215,0.68359375
16.35245895,5745,-2.42757733,-1.62161143,-2.25112160,-0.03395081,0.62972165,0.34294128,3.85557503,-1.57125743,-2.25091071,-0.03383340,0.62880964,0.34294128,-2.42948468,-1.57469065,-2.24768837,-0.03471375,0.61713315,0.34255981,0.00000000,0.00000000,0.00488281,-0.02929688,0.07324219,-0.01464844,1.03378296,2.64797833,2.57034302,0.51269531
16.36630678,5750,-2.42757733,-1.62199290,-2.25226601,-0.03356934,0.63048459,0.34294128,3.85556593,-1.57148265,-2.25157142,-0.03365586,0.62994172,0.34294128,-2.42910321,-1.57469065,-2.24806984,-0.03471375,0.61789609,0.34255981,0.00000000,0.00000000,0.00488281,-0.01464844,0.08789062,-0.01464844,1.03378296,2.64800472,2.57949829,0.58593750
16.38027859,5755,-2.42795880,-1.62199290,-2.25302895,-0.03356934,0.63201047,0.34294128,3.85551790,-1.57158770,-2.25233992,-0.03359769,0.63116620,0.34294128,-2.42910321,-1.57469065,-2.24806984,-0.03471375,0.61865902,0.34255981,0.00000000,-0.00488281,0.00976562,-0.01464844,0.08789062,0.00000000,1.03378296,2.64811103,2.58407593,0.46386719
16.39508748,5760,-2.42757733,-1.62199290,-2.25341042,-0.03356934,0.63315487,0.34294128,3.85550815,-1.57162212,-2.25287946,-0.03357863,0.63257024,0.34294128,-2.42910321,-1.57469065,-2.24806984,-0.03471375,0.62018490,0.34255981,-0.00488281,0.00000000,0.00488281,-0.01464844,0.10253906,-0.02929688,1.03378296,2.64804821,2.59170532,0.41503906
16.40789080,5765,-2.42757733,-1.62199290,-2.25455483,-0.03356934,0.63353634,0.34294128,3.85553620,-1.57163340,-2.25375536,-0.03361144,0.63340593,0.34294128,-2.42910321,-1.57469065,-2.24806984,-0.03471375,0.62094784,0.34255981,-0.00488281,-0.00488281,-0.00000000,-0.02929688,0.07324219,-0.01464844,1.03378296,2.64804715,2.59780884,0.61035156
16.42343140,5770,-2.42757733,-1.62199290,-2.25455483,-0.03356934,0.63506222,0.34294128,3.85547459,-1.57163709,-2.25429286,-0.03358313,0.63440633,0.34294128,-2.42910321,-1.57469065,-2.24806984,-0.03471375,0.62132931,0.34255981,-0.00488281,-0.00488281,0.00488281,0.00000000,0.04394531,-0.01464844,1.03378296,2.64812493,2.60162354,0.07324219
16.43667388,5775,-2.42795880,-1.62199290,-2.25455483,-0.03356934,0.63582516,0.34294128,3.85530780,-1.57163831,-2.25446899,-0.03357386,0.63554640,0.34294128,-2.42910321,-1.57469065,-2.24806984,-0.03471375,0.62209225,0.34255981,-0.00488281,-0.00976562,0.00488281,-0.01464844,0.05859375,-0.02929688,1.03378296,2.64807229,2.60620117,0.39062500
16.45330191,5780,-2.42757733,-1.62199290,-2.25493630,-0.03356934,0.63582516,0.34294128,3.85536850,-1.57163870,-2.25478317,-0.03357082,0.63599029,0.34294128,-2.42910321,-1.57469065,-2.24806984,-0.03471375,0.62247372,0.34255981,-0.00488281,-0.00488281,-0.00488281,0.00000000,0.05859375,-0.02929688,1.03340149,2.64791808,2.61077881,0.21972656
16.46717334,5785,-2.42757733,-1.62199290,-2.25493630,-0.03318787,0.63582516,0.34294128,3.85546847,-1.57163883,-2.25488612,-0.03349353,0.63613574,0.34294128,-2.42910321,-1.57469065,-2.24806984,-0.03471375,0.62323666,0.34255981,0.00000000,-0.00488281,-0.01464844,-0.02929688,0.05859375,0.00000000,1.03378296,2.64780041,2.61192322,0.07324219
16.48194385,5790,-2.42757733,-1.62199290,-2.25493630,-0.03318787,0.63582516,0.34294128,3.85549195,-1.57163888,-2.25491986,-0.03328803,0.63618340,0.34294128,-2.42910321,-1.57469065,-2.24845131,-0.03471375,0.62438107,0.34255981,0.00000000,-0.00488281,-0.01464844,-0.02929688,0.05859375,-0.01464844,1.03378296,2.64785951,2.61344910,0.09765625
16.49689221,5795,-2.42757733,-1.62199290,-2.25493630,-0.03318787,0.63582516,0.34294128,3.85556996,-1.57163889,-2.25493091,-0.03322069,0.63619902,0.34294128,-2.42910321,-1.57469065,-2.24883278,-0.03471375,0.62476254,0.34255981,0.00000000,0.00000000,-0.00976562,-0.01464844,0.04394531,-0.01464844,1.03378296,2.64794138,2.61726379,0.26855469
16.51389885,5800,-2.42757733,-1.62199290,-2.25493630,-0.03318787,0.63582516,0.34294128,3.85550763,-1.57163889,-2.25493453,-0.03319862,0.63625297,0.34294128,-2.42910321,-1.57469065,-2.24883278,-0.03471375,0.62514401,0.34255981,-0.00488281,-0.00488281,-0.00000000,-0.01464844,0.04394531,-0.01464844,1.03340149,2.64785956,2.61802673,0.02441406
16.52725554,5805,-2.42757733,-1.62199290,-2.25493630,-0.03280640,0.63582516,0.34332275,3.85557509,-1.57163890,-2.25493572,-0.03296617,0.63622181,0.34301758,-2.42910321,-1.57430918,-2.24883278,-0.03471375,0.62590695,0.34255981,-0.00488281,-0.00488281,-0.00000000,0.00000000,0.05859375,-0.02929688,1.03378296,2.64800096,2.61993408,0.17089844
16.54222655,5810,-2.42757733,-1.62199290,-2.25493630,-0.03242493,0.63620663,0.34294128,3.85554837,-1.57163890,-2.25493611,-0.03278246,0.63634894,0.34296628,-2.42910321,-1.57430918,-2.24883278,-0.03471375,0.62743283,0.34255981,0.00000000,0.00000000,0.00488281,-0.02929688,0.11718750,-0.02929688,1.03378296,2.64803167,2.62184143,0.04882812
16.55552006,5815,-2.42757733,-1.62199290,-2.25493630,-0.03204346,0.63620663,0.34294128,3.85554938,-1.57163890,-2.25493624,-0.03246579,0.63650973,0.34299830,-2.42910321,-1.57430918,-2.24883278,-0.03471375,0.62972165,0.34255981,-0.00488281,0.00000000,-0.00000000,-0.01464844,0.11718750,-0.01464844,1.03378296,2.64799779,2.62260437,0.02441406
16.56967306,5820,-2.42757733,-1.62199290,-2.25493630,-0.03128052,0.63620663,0.34294128,3.85553995,-1.57163890,-2.25493628,-0.03191940,0.63656242,0.34295997,-2.42910321,-1.57430918,-2.24921425,-0.03471375,0.63048459,0.34255981,-0.00488281,-0.00488281,-0.00488281,-0.01464844,0.11718750,-0.02929688,1.03340149,2.64795617,2.62336731,0.02441406
16.58379483,5825,-2.42757733,-1.62199290,-2.25493630,-0.03013611,0.63620663,0.34294128,3.85558568,-1.57163890,-2.25493629,-0.03089233,0.63657969,0.34294741,-2.42910321,-1.57430918,-2.24921425,-0.03433228,0.63239193,0.34255981,-0.00488281,0.00000000,-0.00000000,0.00000000,0.14648438,-0.01464844,1.03340149,2.64776675,2.62413025,0.04882812
16.59682655,5830,-2.42795880,-1.62199290,-2.25493630,-0.02861023,0.63620663,0.34294128,3.85545406,-1.57163890,-2.25493630,-0.02965734,0.63658534,0.34294329,-2.42910321,-1.57430918,-2.24921425,-0.03433228,0.63353634,0.34217834,-0.00488281,-0.00488281,-0.00488281,-0.01464844,0.07324219,-0.02929688,1.03378296,2.64781332,2.62832642,0.34179688
16.60914779,5835,-2.42757733,-1.62199290,-2.25493630,-0.02670288,0.63620663,0.34294128,3.85544768,-1.57163890,-2.25493630,-0.02825205,0.63658720,0.34294194,-2.42910321,-1.57430918,-2.24921425,-0.03395081,0.63391781,0.34255981,-0.00488281,-0.00488281,-0.00000000,0.01464844,0.04394531,-0.02929688,1.03378296,2.64792624,2.62908936,0.00000000
16.62479687,5840,-2.42795880,-1.62199290,-2.25493630,-0.02555847,0.63658810,0.34294128,3.85533023,-1.57163890,-2.25493630,-0.02663056,0.63681303,0.34294150,-2.42910321,-1.57430918,-2.24921425,-0.03395081,0.63429928,0.34255981,-0.00488281,-0.00488281,-0.00000000,0.00000000,0.02929688,-0.01464844,1.03378296,2.64808531,2.62985229,0.00000000
16.64007258,5845,-2.42757733,-1.62199290,-2.25493630,-0.02403259,0.63696957,0.34294128,3.85541687,-1.57163890,-2.25493630,-0.02513438,0.63699457,0.34294135,-2.42910321,-1.57430918,-2.24959572,-0.03318787,0.63429928,0.34255981,-0.00488281,0.00000000,-0.00488281,0.01464844,0.01464844,-0.02929688,1.03378296,2.64801537,2.63061523,0.02441406
16.65528798,5850,-2.42757733,-1.62199290,-2.25493630,-0.02212524,0.63696957,0.34294128,3.85550629,-1.57163890,-2.25493630,-0.02352143,0.63723423,0.34294131,-2.42910321,-1.57430918,-2.24959572,-0.03280640,0.63429928,0.34255981,-0.00488281,-0.00488281,-0.00976562,0.04394531,-0.00000000,-0.01464844,1.03340149,2.64774220,2.63214111,0.07324219
16.66813564,5855,-2.42757733,-1.62199290,-2.25493630,-0.02059937,0.63735104,0.34294128,3.85557465,-1.57163890,-2.25493630,-0.02183861,0.63756924,0.34294129,-2.42910321,-1.57430918,-2.24959572,-0.03166199,0.63429928,0.34255981,0.00000000,-0.00488281,-0.00000000,0.11718750,0.01464844,-0.01464844,1.03378296,2.64796251,2.63252258,0.00000000
16.68194723,5860,-2.42757733,-1.62199290,-2.25493630,-0.01831055,0.63773251,0.34255981,3.85556581,-1.57163890,-2.25493630,-0.01999885,0.63781634,0.34286499,-2.42910321,-1.57430918,-2.24997719,-0.02937317,0.63429928,0.34217834,-0.00488281,-0.00488281,-0.00000000,0.07324219,0.02929688,-0.01464844,1.03378296,2.64791263,2.63290405,0.00000000
16.69518709,5865,-2.42757733,-1.62199290,-2.25493630,-0.01525879,0.63773251,0.34217834,3.85553312,-1.57163890,-2.25493630,-0.01750439,0.63801645,0.34258352,-2.42910321,-1.57430918,-2.24997719,-0.02899170,0.63429928,0.34217834,-0.00488281,0.00000000,-0.00000000,0.00000000,0.02929688,0.00000000,1.03378296,2.64808085,2.63328552,-0.02441406
16.71037793,5870,-2.42757733,-1.62275584,-2.25493630,-0.01335144,0.63811398,0.34065247,3.85558345,-1.57194041,-2.25493630,-0.01517419,0.63821935,0.34179598,-2.42910321,-1.57392771,-2.24997719,-0.02861023,0.63468075,0.34217834,-0.00488281,0.00488281,-0.00000000,-0.01464844,0.04394531,-0.01464844,1.03378296,2.64813598,2.63404846,0.00000000
16.72510910,5875,-2.42757733,-1.62313731,-2.25493630,-0.01144409,0.63849545,0.33950806,3.85559994,-1.57243679,-2.25493630,-0.01304967,0.63859114,0.34039057,-2.42910321,-1.57392771,-2.24997719,-0.02861023,0.63544369,0.34217834,-0.00488281,0.00488281,-0.00976562,0.00000000,0.07324219,0.00000000,1.03378296,2.64815404,2.63404846,0.00000000
16.73893499,5880,-2.42757733,-1.62390025,-2.25493630,-0.00724792,0.63925839,0.33912659,3.85560534,-1.57311239,-2.25493630,-0.00985851,0.63910676,0.33961108,-2.42910321,-1.57392771,-2.25035866,-0.02822876,0.63658810,0.34217834,-0.00976562,0.00976562,-0.00976562,0.02929688,0.07324219,-0.01464844,1.03378296,2.64801933,2.63442993,0.00000000
16.75358701,5885,-2.42757733,-1.62466319,-2.25493630,-0.00495911,0.64040280,0.33874512,3.85560711,-1.57376663,-2.25493630,-0.00681650,0.64005294,0.33909919,-2.42910321,-1.57354624,-2.25035866,-0.02632141,0.63735104,0.34217834,-0.00488281,0.00000000,-0.00000000,0.11718750,0.08789062,-0.02929688,1.03378296,2.64803769,2.63519287,0.02441406
16.76750183,5890,-2.42757733,-1.62657054,-2.25493630,-0.00343323,0.64116574,0.33874512,3.85560769,-1.57495183,-2.25493630,-0.00487242,0.64084614,0.33886114,-2.42910321,-1.57354624,-2.25035866,-0.02555847,0.63811398,0.34179688,-0.00488281,0.00000000,-0.00000000,0.04394531,0.07324219,-0.01464844,1.03340149,2.64796924,2.63633728,0.04882812
16.78268862,5895,-2.42757733,-1.62771495,-2.25493630,-0.00114441,0.64269162,0.33874512,3.85560788,-1.57628979,-2.25493630,-0.00290800,0.64194248,0.33878314,-2.42910321,-1.57354624,-2.25035866,-0.02403259,0.63925839,0.34179688,-0.00488281,-0.00488281,0.00488281,0.10253906,0.07324219,-0.02929688,1.03378296,2.64809940,2.63748169,0.04882812
16.79690409,5900,-2.42757733,-1.62924082,-2.25493630,0.00114441,0.64498044,0.33874512,3.85560794,-1.57766620,-2.25493630,-0.00066444,0.64367258,0.33875757,-2.42910321,-1.57354624,-2.25035866,-0.02174377,0.63963986,0.34141541,-0.00488281,-0.00488281,0.00488281,0.16113281,0.02929688,-0.01464844,1.03340149,2.64792697,2.63786316,0.00000000
16.81089425,5905,-2.42757733,-1.63152964,-2.25493630,0.00228882,0.64726925,0.33836365,3.85560796,-1.57961551,-2.25493630,0.00113164,0.64593701,0.33862408,-2.42910321,-1.57354624,-2.25035866,-0.01983643,0.63963986,0.34141541,0.00000000,-0.00488281,0.00488281,0.11718750,0.02929688,-0.02929688,1.03378296,2.64798789,2.63824463,0.00000000
16.82579279,5910,-2.42757733,-1.63419993,-2.25493630,0.00419617,0.64993954,0.33798218,3.85560797,-1.58208861,-2.25493630,0.00279110,0.64851337,0.33837269,-2.42910321,-1.57354624,-2.25035866,-0.01831055,0.64002133,0.34141541,-0.00488281,-0.00488281,0.00488281,0.05859375,0.02929688,-0.02929688,1.03378296,2.64810551,2.63824463,-0.02441406
16.83877277,5915,-2.42757733,-1.63648875,-2.25493630,0.00495911,0.65260983,0.33683777,3.85560797,-1.58426692,-2.25493630,0.00409830,0.65082378,0.33777140,-2.42910321,-1.57354624,-2.25074013,-0.01792908,0.63963986,0.34141541,0.00000000,0.00000000,-0.00000000,0.01464844,-0.00000000,-0.02929688,1.03378296,2.64814406,2.63862610,0.00000000
16.85305834,5920,-2.42757733,-1.63992198,-2.25493630,0.00686646,0.65528012,0.33531189,3.85560797,-1.58709948,-2.25493630,0.00549747,0.65342497,0.33639956,-2.42910321,-1.57354624,-2.25074013,-0.01678467,0.64002133,0.34103394,-0.00488281,-0.00488281,0.00488281,0.05859375,0.02929688,-0.04394531,1.03378296,2.64793696,2.63900757,0.00000000
16.86752677,5925,-2.42757733,-1.64335520,-2.25493630,0.00953674,0.65795041,0.33340454,3.85560797,-1.59029682,-2.25493630,0.00754421,0.65616490,0.33489669,-2.42910321,-1.57354624,-2.25074013,-0.01449585,0.64040280,0.34103394,-0.00976562,-0.00488281,0.00488281,0.14648438,0.04394531,-0.01464844,1.03340149,2.64787374,2.63900757,0.00000000
16.88235569,5930,-2.42757733,-1.64755137,-2.25493630,0.01220703,0.66062069,0.33035278,3.85560797,-1.59388786,-2.25493630,0.01011027,0.65884824,0.33262200,-2.42910321,-1.57354624,-2.25074013,-0.01296997,0.64040280,0.34103394,-0.00976562,-0.00488281,-0.00000000,0.11718750,0.04394531,-0.02929688,1.03340149,2.64773974,2.63900757,0.00000000
16.89472985,5935,-2.42757733,-1.65098460,-2.25493630,0.01373291,0.66329098,0.32691956,3.85560797,-1.59761938,-2.25493630,0.01226411,0.66158921,0.32954106,-2.42910321,-1.57354624,-2.25074013,-0.01068115,0.64078427,0.34065247,0.00000000,-0.01464844,0.00488281,0.13183594,0.02929688,-0.02929688,1.03340149,2.64780911,2.63938904,-0.02441406
16.90742898,5940,-2.42757733,-1.65518077,-2.25493630,0.01678467,0.66672421,0.32348633,3.85560797,-1.60160079,-2.25493630,0.01462075,0.66447431,0.32612318,-2.42910321,-1.57392771,-2.25074013,-0.01029968,0.64154721,0.34065247,-0.00976562,-0.01464844,0.00488281,0.02929688,0.07324219,-0.04394531,1.03378296,2.64788678,2.63938904,-0.02441406
16.92088223,5945,-2.42757733,-1.65975840,-2.25493630,0.02059937,0.67015744,0.31814575,3.85560797,-1.60600454,-2.25493630,0.01799674,0.66796914,0.32170413,-2.42910321,-1.57430918,-2.25074013,-0.00915527,0.64307309,0.33950806,0.00000000,-0.03417969,0.00488281,0.07324219,0.08789062,-0.08789062,1.03378296,2.64780968,2.63977051,0.00000000
16.93285608,5950,-2.42757733,-1.66357310,-2.25493630,0.02288818,0.67397214,0.31242371,3.85560797,-1.60999077,-2.25493630,0.02067305,0.67139729,0.31666100,-2.42910321,-1.57469065,-2.25074013,-0.00724792,0.64383603,0.33836365,-0.00488281,-0.03417969,-0.00000000,0.13183594,0.10253906,-0.11718750,1.03378296,2.64774927,2.63977051,0.00000000
16.94862032,5955,-2.42757733,-1.67005809,-2.25493630,0.02593994,0.67854977,0.30708313,3.85560797,-1.61491869,-2.25493630,0.02342161,0.67533166,0.31138372,-2.42872174,-1.57545359,-2.25074013,-0.00419617,0.64650631,0.33569336,-0.00488281,-0.06835938,-0.00000000,0.19042969,0.19042969,-0.11718750,1.03378296,2.64782713,2.63977051,0.00000000
16.96540642,5960,-2.42757733,-1.67578013,-2.25493630,0.02899170,0.68312741,0.30326843,3.85560797,-1.62084145,-2.25493630,0.02652733,0.67978933,0.30666837,-2.42910321,-1.57659800,-2.25112160,-0.00152588,0.64841366,0.33493042,-0.00488281,-0.08300781,0.00488281,0.10253906,0.13183594,-0.10253906,1.03378296,2.64779014,2.64015198,-0.04882812
16.98009300,5965,-2.42757733,-1.68035777,-2.25493630,0.03128052,0.68617917,0.29983521,3.85560797,-1.62604687,-2.25493630,0.02930063,0.68366896,0.30274715,-2.42872174,-1.57736094,-2.25112160,0.00038147,0.64993954,0.33302307,-0.00488281,-0.07812500,0.00488281,0.08789062,0.16113281,-0.14648438,1.03340149,2.64760590,2.64015198,-0.02441406
16.99341488,5970,-2.42757733,-1.68607981,-2.25493630,0.03395081,0.68961239,0.29716492,3.85560797,-1.63190968,-2.25493630,0.03201688,0.68752874,0.29928512,-2.42872174,-1.57850535,-2.25112160,0.00152588,0.65222836,0.33187866,-0.00488281,-0.09765625,-0.00488281,0.10253906,0.16113281,-0.08789062,1.03340149,2.64746740,2.64015198,0.00000000
17.00888109,5975,-2.42757733,-1.69180186,-2.25493630,0.03700256,0.69380856,0.29449463,3.85560797,-1.63730774,-2.25493630,0.03469844,0.69117425,0.29666447,-2.42872174,-1.57926829,-2.25112160,0.00381470,0.65566159,0.32958984,0.00000000,-0.08300781,-0.00488281,0.21972656,0.29296875,-0.24902344,1.03340149,2.64748452,2.64053345,-0.02441406
17.02249074,5980,-2.42757733,-1.69790538,-2.25493630,0.03967285,0.69914914,0.28991699,3.85560797,-1.64293595,-2.25493630,0.03753258,0.69547257,0.29307820,-2.42872174,-1.58041270,-2.25150307,0.00686646,0.65909482,0.32539368,0.00000000,-0.06835938,-0.00976562,0.17578125,0.24902344,-0.27832031,1.03378296,2.64767787,2.64091492,0.00000000
17.03672576,5985,-2.42757733,-1.70400889,-2.25493630,0.04196167,0.70334530,0.28648376,3.85560797,-1.64864544,-2.25493630,0.03989804,0.70012799,0.28932725,-2.42872174,-1.58155711,-2.25150307,0.00839233,0.66176510,0.32310486,-0.00488281,-0.09765625,-0.00488281,0.07324219,0.23437500,-0.17578125,1.03340149,2.64771071,2.64091492,-0.02441406
17.04876804,5990,-2.42757733,-1.70858653,-2.25493630,0.04463196,0.70716000,0.28419495,3.85560797,-1.65424435,-2.25493630,0.04257831,0.70436711,0.28630883,-2.42872174,-1.58270152,-2.25150307,0.00991821,0.66672421,0.32081604,-0.00488281,-0.08789062,-0.00000000,0.08789062,0.29296875,-0.19042969,1.03378296,2.64765434,2.64129639,0.00000000
17.06667185,5995,-2.42757733,-1.71583445,-2.25493630,0.04653931,0.71250058,0.28152466,3.85560797,-1.66018239,-2.25493630,0.04499869,0.70908650,0.28352446,-2.42872174,-1.58422740,-2.25150307,0.01296997,0.66901303,0.31661987,0.00000000,-0.09277344,0.00488281,0.20507812,0.16113281,-0.32226562,1.03340149,2.64756140,2.64129639,0.00000000
17.08056831,6000,-2.42757733,-1.72270091,-2.25493630,0.04653931,0.71707821,0.28114319,3.85560797,-1.66665966,-2.25493630,0.04603448,0.71365395,0.28204263,-2.42872174,-1.58537181,-2.25150307,0.01564026,0.67206479,0.31356812,-0.00488281,-0.11230469,0.00488281,0.17578125,0.17578125,-0.16113281,1.03378296,2.64782514,2.64167786,0.00000000
17.09444261,6005,-2.42757733,-1.72651561,-2.25493630,0.04653931,0.71974850,0.28076172,3.85560797,-1.67251285,-2.25493630,0.04637388,0.71765439,0.28130059,-2.42872174,-1.58689769,-2.25150307,0.01792908,0.67473507,0.31318665,0.00000000,-0.10253906,0.00488281,0.14648438,0.19042969,-0.05859375,1.03340149,2.64753924,2.64205933,0.00000000
17.10694027,6010,-2.42757733,-1.73452647,-2.25493630,0.04692078,0.72547055,0.28076172,3.85560797,-1.67861405,-2.25493630,0.04667126,0.72193047,0.28097736,-2.42872174,-1.58842356,-2.25150307,0.01945496,0.67664242,0.31089783,-0.00488281,-0.12207031,0.00976562,0.17578125,0.13183594,-0.21972656,1.03378296,2.64777393,2.64244080,0.00000000
17.12136483,6015,-2.42757733,-1.74101145,-2.25493630,0.04692078,0.72966672,0.28076172,3.85560797,-1.68522035,-2.25493630,0.04683901,0.72644725,0.28083238,-2.42872174,-1.59033091,-2.25150307,0.02212524,0.67816830,0.30822754,0.00000000,-0.13183594,0.00488281,0.16113281,0.16113281,-0.20507812,1.03378296,2.64767505,2.64282227,0.02441406
17.13325906,6020,-2.42757733,-1.74635203,-2.25493630,0.04692078,0.73348141,0.28038025,3.85560797,-1.69127743,-2.25493630,0.04689398,0.73054328,0.28059872,-2.42872174,-1.59223826,-2.25150307,0.02403259,0.68045712,0.30670166,-0.00488281,-0.15625000,-0.00000000,0.10253906,0.23437500,-0.10253906,1.03340149,2.64777229,2.64282227,0.00000000
17.14943767,6025,-2.42757733,-1.75321849,-2.25531777,0.04692078,0.73767758,0.27961731,3.85560797,-1.69762037,-2.25512245,0.04691200,0.73479062,0.28018938,-2.42872174,-1.59414561,-2.25188454,0.02593994,0.68541623,0.30593872,0.00000000,-0.14648438,-0.01953125,0.13183594,0.38085938,-0.07324219,1.03340149,2.64760005,2.64282227,-0.02441406
17.16448402,6030,-2.42757733,-1.76122935,-2.25569924,0.04692078,0.74301816,0.27923584,3.85560797,-1.70492063,-2.25547899,0.04691790,0.73948732,0.27966744,-2.42872174,-1.59643443,-2.25226601,0.02708435,0.69151974,0.30441284,-0.00488281,-0.15136719,-0.00488281,0.05859375,0.41015625,-0.11718750,1.03340149,2.64752799,2.64320374,0.00000000
17.18035769,6035,-2.42757733,-1.76885874,-2.25646218,0.04692078,0.74835873,0.27809143,3.85560797,-1.71233084,-2.25592858,0.04691983,0.74450558,0.27893842,-2.42834027,-1.59872325,-2.25226601,0.02899170,0.69571591,0.30136108,0.00000000,-0.15625000,-0.00000000,0.10253906,0.23437500,-0.20507812,1.03378296,2.64759446,2.64320374,-0.02441406
17.19896626,6040,-2.42757733,-1.77686961,-2.25684365,0.04692078,0.75484372,0.27542114,3.85560797,-1.71980797,-2.25636362,0.04692047,0.75017157,0.27731294,-2.42834027,-1.60139353,-2.25226601,0.03089905,0.70067502,0.29716492,0.00000000,-0.17089844,-0.00000000,0.05859375,0.26367188,-0.16113281,1.03340149,2.64768338,2.64320374,-0.02441406
17.21218538,6045,-2.42757733,-1.78449900,-2.25760659,0.04692078,0.76094723,0.27427673,3.85560797,-1.72744216,-2.25694880,0.04692068,0.75609998,0.27549234,-2.42834027,-1.60368235,-2.25226601,0.03242493,0.70410824,0.29602051,-0.00488281,-0.14648438,0.00488281,0.07324219,0.21972656,-0.10253906,1.03340149,2.64779064,2.64320374,-0.02441406
17.22659993,6050,-2.42757733,-1.79022105,-2.25875099,0.04692078,0.76514340,0.27313232,3.85560797,-1.73445484,-2.25782989,0.04692074,0.76139648,0.27423622,-2.42834027,-1.60597117,-2.25226601,0.03280640,0.70677853,0.29487610,0.00000000,-0.16601562,-0.00000000,0.01464844,0.24902344,-0.05859375,1.03340149,2.64781017,2.64358521,-0.02441406
17.24151397,6055,-2.42757733,-1.79861338,-2.25989540,0.04692078,0.77200985,0.27236938,3.85560797,-1.74177204,-2.25884895,0.04692077,0.76715523,0.27304361,-2.42834027,-1.60864146,-2.25226601,0.03395081,0.71059323,0.29296875,-0.00488281,-0.18554688,-0.00000000,0.04394531,0.23437500,-0.20507812,1.03378296,2.64787150,2.64358521,-0.04882812
17.25713611,6060,-2.42757733,-1.80547984,-2.26142128,0.04692078,0.77773190,0.27198792,3.85560797,-1.74932721,-2.26028736,0.04692077,0.77325015,0.27246519,-2.42834027,-1.61131175,-2.25264748,0.03433228,0.71440793,0.28953552,-0.00976562,-0.18554688,-0.00000000,0.02929688,0.32226562,-0.23437500,1.03340149,2.64773900,2.64358521,-0.02441406
17.27449894,6065,-2.42757733,-1.81349070,-2.26332863,0.04692078,0.78574277,0.27198792,3.85560797,-1.75726444,-2.26198002,0.04692078,0.78055849,0.27224441,-2.42834027,-1.61436351,-2.25264748,0.03509521,0.72012997,0.28839111,0.00488281,-0.19042969,-0.00488281,0.02929688,0.38085938,-0.04394531,1.03340149,2.64751102,2.64358521,-0.02441406
17.28942657,6070,-2.42757733,-1.82226451,-2.26638039,0.04692078,0.79413510,0.27198792,3.85560797,-1.76548872,-2.26438721,0.04688953,0.78838126,0.27220331,-2.42834027,-1.61779673,-2.25264748,0.03662109,0.72547055,0.28800964,-0.00488281,-0.19531250,0.00488281,0.07324219,0.32226562,-0.05859375,1.03340149,2.64757694,2.64396667,0.00000000
17.30458760,6075,-2.42757733,-1.82951243,-2.26905068,0.04692078,0.80329037,0.27236938,3.85560797,-1.77356488,-2.26723154,0.04687929,0.79720293,0.27222707,-2.42834027,-1.62046702,-2.25264748,0.03776550,0.73042965,0.28762817,-0.00488281,-0.18554688,0.00488281,0.08789062,0.32226562,-0.05859375,1.03340149,2.64764248,2.64396667,0.00000000
17.32039762,6080,-2.42757733,-1.83752330,-2.27324684,0.04692078,0.81397152,0.27236938,3.85560797,-1.78130515,-2.27051305,0.04690718,0.80681627,0.27232275,-2.42834027,-1.62351878,-2.25264748,0.03890991,0.73691464,0.28686523,-0.00488281,-0.19042969,-0.00000000,0.04394531,0.43945312,-0.07324219,1.03378296,2.64780776,2.64396667,0.00000000
17.33609700,6085,-2.42757733,-1.84553416,-2.27706154,0.04692078,0.82465268,0.27236938,3.85560797,-1.78911650,-2.27423165,0.04691632,0.81697467,0.27235410,-2.42834027,-1.62695201,-2.25341042,0.03967285,0.74225522,0.28457642,-0.00488281,-0.20019531,-0.02929688,0.02929688,0.38085938,-0.14648438,1.03340149,2.64773374,2.64396667,0.00000000
17.35197425,6090,-2.42757733,-1.85240061,-2.28125771,0.04692078,0.83457089,0.27236938,3.85560797,-1.79632335,-2.27798129,0.04691932,0.82702383,0.27236438,-2.42834027,-1.63000376,-2.25379189,0.03967285,0.74721432,0.28343201,-0.00488281,-0.23437500,-0.02929688,-0.01464844,0.33691406,-0.07324219,1.03378296,2.64784645,2.64396667,-0.02441406
17.36421323,6095,-2.42757733,-1.85926707,-2.28583535,0.04768372,0.84525204,0.27236938,3.85560797,-1.80363386,-2.28250880,0.04736292,0.83777914,0.27236774,-2.42834027,-1.63305552,-2.25417336,0.04081726,0.75293637,0.28343201,0.00000000,-0.22460938,-0.02441406,0.05859375,0.43945312,-0.02929688,1.03378296,2.64787460,2.64396667,-0.02441406
17.37908196,6100,-2.42795880,-1.86613352,-2.29117592,0.04882812,0.85745907,0.27236938,3.85542182,-1.81053205,-2.28724018,0.04824645,0.84872337,0.27236885,-2.42834027,-1.63648875,-2.25455483,0.04119873,0.75789547,0.28266907,-0.00488281,-0.24902344,-0.02441406,0.02929688,0.35156250,-0.04394531,1.03340149,2.64783768,2.64434814,-0.02441406
17.39366198,6105,-2.42795880,-1.87414439,-2.29766091,0.04920959,0.87119198,0.27236938,3.85529050,-1.81768418,-2.29276626,0.04882368,0.86103369,0.27236921,-2.42834027,-1.63992198,-2.25531777,0.04196167,0.76438046,0.28152466,-0.00488281,-0.23925781,-0.04394531,0.00000000,0.45410156,-0.10253906,1.03378296,2.64805629,2.64396667,-0.02441406
17.40957761,6110,-2.42795880,-1.88215525,-2.30490883,0.04997253,0.88568783,0.27236938,3.85524748,-1.82471443,-2.29876833,0.04934559,0.87352481,0.27236933,-2.42834027,-1.64411814,-2.25646218,0.04196167,0.77468014,0.28076172,-0.00488281,-0.22460938,-0.05371094,0.00000000,0.55664062,-0.04394531,1.03378296,2.64812793,2.64434814,-0.04882812
17.42620063,6115,-2.42795880,-1.88787730,-2.31063088,0.04997253,0.89713193,0.27236938,3.85523338,-1.83228068,-2.30569835,0.04976710,0.88754002,0.27236937,-2.42834027,-1.64793284,-2.25722512,0.04196167,0.78230954,0.28038025,-0.00488281,-0.25390625,-0.04882812,-0.01464844,0.51269531,-0.04394531,1.03378296,2.64808890,2.64434814,0.00000000
17.44039631,6120,-2.42795880,-1.89550669,-2.31826027,0.05035400,0.91124631,0.27236938,3.85522876,-1.83970383,-2.31293060,0.05016169,0.90139193,0.27236938,-2.42834027,-1.65098460,-2.25760659,0.04234314,0.78955746,0.28038025,-0.00488281,-0.24414062,-0.04394531,0.00000000,0.58593750,-0.02929688,1.03378296,2.64801654,2.64434814,0.00000000
17.45688224,6125,-2.42795880,-1.90237315,-2.32588967,0.05035400,0.92459775,0.27236938,3.85522724,-1.84683132,-2.32042058,0.05029099,0.91506459,0.27236938,-2.42834027,-1.65479930,-2.25836953,0.04272461,0.79909421,0.27999878,-0.00488281,-0.24902344,-0.04394531,0.01464844,0.70312500,-0.02929688,1.03378296,2.64811490,2.64434814,-0.02441406
17.46984410,6130,-2.42795880,-1.90923960,-2.33390053,0.05035400,0.93947506,0.27275085,3.85522675,-1.85349229,-2.32782864,0.05033335,0.92852470,0.27258679,-2.42834027,-1.65861399,-2.26027687,0.04272461,0.80786801,0.27923584,-0.00488281,-0.25878906,-0.09277344,0.01464844,0.57128906,-0.05859375,1.03340149,2.64799455,2.64434814,-0.02441406
17.48598385,6135,-2.42795880,-1.91572459,-2.34229287,0.05035400,0.95206357,0.27275085,3.85522658,-1.86035819,-2.33616358,0.05034724,0.94238563,0.27264827,-2.42834027,-1.66242869,-2.26142128,0.04348755,0.81664181,0.27885437,-0.00488281,-0.26855469,-0.09277344,0.02929688,0.70312500,-0.05859375,1.03340149,2.64781448,2.64434814,-0.02441406
17.49911404,6140,-2.42834027,-1.92220957,-2.35182961,0.04997253,0.96655942,0.27275085,3.85497006,-1.86648264,-2.34429968,0.05027549,0.95524520,0.27271724,-2.42834027,-1.66624339,-2.26294716,0.04425049,0.82579709,0.27809143,-0.00488281,-0.25878906,-0.10253906,0.04394531,0.65917969,-0.07324219,1.03340149,2.64775548,2.64472961,-0.04882812
17.51605439,6145,-2.42948468,-1.92793162,-2.36022194,0.04997253,0.97876645,0.27275085,3.85430605,-1.87274768,-2.35314955,0.05007181,0.96849614,0.27273984,-2.42834027,-1.67120249,-2.26485451,0.04539490,0.83724118,0.27694702,-0.00488281,-0.29296875,-0.10742188,0.02929688,0.64453125,-0.08789062,1.03340149,2.64763849,2.64472961,0.00000000
17.52738547,6150,-2.43024762,-1.93250926,-2.36785134,0.04997253,0.98944760,0.27275085,3.85345638,-1.87821272,-2.36165397,0.05000506,0.98086848,0.27274724,-2.42834027,-1.67425425,-2.26599892,0.04577637,0.84487057,0.27656555,-0.00488281,-0.29785156,-0.09765625,0.02929688,0.71777344,-0.05859375,1.03340149,2.64774078,2.64472961,-0.04882812
17.53919101,6155,-2.43139203,-1.93708689,-2.37586220,0.04997253,1.00089169,0.27275085,3.85248863,-1.88286141,-2.36937784,0.04998319,0.99197807,0.27274967,-2.42834027,-1.67768748,-2.26752480,0.04615784,0.85326291,0.27656555,-0.00976562,-0.27832031,-0.12695312,0.02929688,0.70312500,-0.02929688,1.03378296,2.64766419,2.64472961,0.00000000
17.55527329,6160,-2.43329938,-1.94280894,-2.38616188,0.04959106,1.01462460,0.27275085,3.85123976,-1.88796953,-2.37815037,0.04983870,1.00404668,0.27275047,-2.42834027,-1.68226512,-2.26981362,0.04615784,0.86470700,0.27618408,-0.00488281,-0.29296875,-0.14648438,-0.01464844,0.70312500,-0.01464844,1.03378296,2.64773675,2.64472961,0.00000000
17.56902957,6165,-2.43520673,-1.94662364,-2.39340981,0.04959106,1.02492428,0.27275085,3.84959701,-1.89259917,-2.38686858,0.04977231,1.01603733,0.27275073,-2.42834027,-1.68569834,-2.27133950,0.04615784,0.87424374,0.27618408,-0.00488281,-0.28320312,-0.13671875,0.01464844,0.76171875,-0.02929688,1.03340149,2.64774856,2.64511108,-0.02441406
17.58331728,6170,-2.43749555,-1.95158274,-2.40332802,0.04959106,1.03674985,0.27275085,3.84750231,-1.89728772,-2.39570803,0.04965045,1.02762305,0.27275081,-2.42834027,-1.68989451,-2.27362831,0.04692078,0.88530636,0.27580261,-0.00976562,-0.27343750,-0.16113281,0.01464844,0.74707031,-0.01464844,1.03340149,2.64759228,2.64511108,0.00000000
17.59752870,6175,-2.43978436,-1.95577891,-2.41210183,0.04959106,1.04895688,0.27275085,3.84514576,-1.90206662,-2.40505608,0.04961053,1.04003860,0.27275084,-2.42834027,-1.69409068,-2.27591713,0.04730225,0.89675046,0.27542114,-0.00488281,-0.30273438,-0.15625000,0.02929688,0.80566406,-0.04394531,1.03340149,2.64754106,2.64511108,-0.02441406
17.61291957,6180,-2.44321759,-1.96073802,-2.42240151,0.04959106,1.06078244,0.27275085,3.84255704,-1.90651550,-2.41418114,0.04962869,1.05134459,0.27275085,-2.42834027,-1.69866831,-2.27896889,0.04806519,0.90972043,0.27427673,-0.00976562,-0.28808594,-0.18066406,0.02929688,0.76171875,-0.13183594,1.03340149,2.64744616,2.64511108,-0.02441406
17.62826633,6185,-2.44588788,-1.96417124,-2.43117531,0.04959106,1.07184506,0.27275085,3.83973330,-1.91056181,-2.42334055,0.04960339,1.06253677,0.27275085,-2.42834027,-1.70248301,-2.28125771,0.04844666,0.91963864,0.27236938,0.00000000,-0.29296875,-0.18066406,0.04394531,0.76171875,-0.11718750,1.03378296,2.64764577,2.64511108,0.00000000
17.64204264,6190,-2.44932111,-1.96760447,-2.44071205,0.04959106,1.08176327,0.27275085,3.83645780,-1.91445863,-2.43323704,0.04959510,1.07380554,0.27275085,-2.42872174,-1.70629771,-2.28392800,0.04882812,0.92955685,0.27275085,-0.00976562,-0.26855469,-0.18066406,0.02929688,0.77636719,0.00000000,1.03340149,2.64762109,2.64511108,-0.02441406
17.65781689,6195,-2.45313580,-1.97065623,-2.45024880,0.04959106,1.09168149,0.27275085,3.83288863,-1.91780634,-2.44270271,0.04959239,1.08398954,0.27275085,-2.42872174,-1.71049388,-2.28621682,0.04920959,0.94100094,0.27275085,-0.02441406,-0.26855469,-0.19531250,0.00000000,0.70312500,-0.02929688,1.03340149,2.64759445,2.64511108,-0.02441406
17.67214537,6200,-2.45695050,-1.97332652,-2.45902260,0.04920959,1.10121823,0.27275085,3.82906796,-1.92077722,-2.45211875,0.04940534,1.09406163,0.27275085,-2.42910321,-1.71469004,-2.29003151,0.04920959,0.95130063,0.27275085,-0.02441406,-0.29785156,-0.19531250,-0.02929688,0.76171875,0.00000000,1.03378296,2.64761624,2.64511108,-0.04882812
17.68551302,6205,-2.46152814,-1.97561534,-2.46855934,0.04920959,1.10961056,0.27275085,3.82509433,-1.92335204,-2.46103098,0.04927374,1.10307127,0.27275085,-2.42948468,-1.71812327,-2.29270180,0.04920959,0.96160031,0.27275085,-0.01953125,-0.27343750,-0.21972656,-0.01464844,0.73242188,-0.02929688,1.03340149,2.64756845,2.64511108,-0.02441406
17.70091581,6210,-2.46686871,-1.97828562,-2.47885903,0.04882812,1.11952878,0.27275085,3.82044288,-1.92576204,-2.47056596,0.04904446,1.11201159,0.27275085,-2.42986615,-1.72270091,-2.29651650,0.04920959,0.97418881,0.27275085,-0.04882812,-0.26855469,-0.21484375,-0.02929688,0.77636719,0.00000000,1.03340149,2.64745513,2.64511108,-0.02441406
17.71597791,6215,-2.47144635,-1.97981150,-2.48610695,0.04844666,1.12525082,0.27275085,3.81548217,-1.92794579,-2.47963313,0.04876168,1.12005724,0.27275085,-2.43062909,-1.72651561,-2.29918679,0.04920959,0.98410702,0.27275085,-0.04882812,-0.29296875,-0.21972656,-0.01464844,0.77636719,0.00000000,1.03340149,2.64754007,2.64549255,-0.02441406
17.72724438,6220,-2.47602399,-1.98095591,-2.49373635,0.04844666,1.13097287,0.27275085,3.81079952,-1.92958116,-2.48778346,0.04854988,1.12668278,0.27275085,-2.43101056,-1.72994883,-2.30223854,0.04920959,0.99326230,0.27275085,-0.05371094,-0.28320312,-0.22460938,-0.02929688,0.68847656,0.00000000,1.03378296,2.64759842,2.64511108,-0.02441406
17.74042535,6225,-2.48136456,-1.98210032,-2.50251015,0.04768372,1.13669491,0.27275085,3.80598459,-1.93073752,-2.49581439,0.04814772,1.13237861,0.27275085,-2.43177350,-1.73376353,-2.30529030,0.04920959,1.00165463,0.27275085,-0.03906250,-0.28808594,-0.21484375,-0.01464844,0.73242188,-0.01464844,1.03340149,2.64746495,2.64511108,-0.04882812
17.75658035,6230,-2.48746808,-1.98248179,-2.51204689,0.04692078,1.14279843,0.27275085,3.80050595,-1.93160191,-2.50459111,0.04757331,1.13824747,0.27275085,-2.43253644,-1.73795970,-2.30948647,0.04920959,1.01271725,0.27275085,-0.07324219,-0.26855469,-0.26855469,-0.01464844,0.67382812,0.00000000,1.03340149,2.64742122,2.64549255,-0.02441406
17.77055430,6235,-2.49395307,-1.98286326,-2.52196511,0.04577637,1.14928341,0.27275085,3.79443618,-1.93214163,-2.51393069,0.04655464,1.14445292,0.27275085,-2.43368085,-1.74177439,-2.31291970,0.04920959,1.02225400,0.27275085,-0.07324219,-0.27832031,-0.26367188,0.00000000,0.70312500,-0.01464844,1.03340149,2.64740689,2.64549255,0.00000000
17.78348422,6240,-2.49967511,-1.98324473,-2.53035744,0.04501343,1.15500546,0.27275085,3.78830234,-1.93261401,-2.52305041,0.04558877,1.15049206,0.27270203,-2.43444379,-1.74520762,-2.31711586,0.04920959,1.03179074,0.27275085,-0.06835938,-0.24902344,-0.26855469,-0.01464844,0.65917969,-0.02929688,1.03340149,2.64740219,2.64549255,-0.02441406
17.79750228,6245,-2.50654157,-1.98286326,-2.53913124,0.04425049,1.16072751,0.27236938,3.78207585,-1.93261390,-2.53162018,0.04480816,1.15617641,0.27265856,-2.43596967,-1.74902232,-2.32093056,0.04920959,1.04094601,0.27275085,-0.08300781,-0.24902344,-0.27832031,0.01464844,0.57128906,-0.01464844,1.03340149,2.64740065,2.64549255,-0.02441406
17.81393671,6250,-2.51417096,-1.98286326,-2.54828652,0.04386902,1.16683102,0.27236938,3.77485440,-1.93254355,-2.54094443,0.04420800,1.16235449,0.27249539,-2.43673261,-1.75245555,-2.32474526,0.04920959,1.04781247,0.27275085,-0.09277344,-0.25878906,-0.25878906,-0.01464844,0.54199219,-0.01464844,1.03340149,2.64747827,2.64549255,0.02441406
17.82669568,6255,-2.52141889,-1.98248179,-2.55667885,0.04272461,1.17217160,0.27236938,3.76731974,-1.93233434,-2.55010796,0.04346118,1.16815749,0.27241067,-2.43825848,-1.75550730,-2.32817849,0.04920959,1.05544186,0.27275085,-0.08789062,-0.22949219,-0.28808594,-0.01464844,0.55664062,-0.01464844,1.03340149,2.64742558,2.64549255,-0.02441406
17.84017158,6260,-2.52981122,-1.98171885,-2.56507119,0.04196167,1.17636777,0.27236938,3.75949458,-1.93180167,-2.55861725,0.04263320,1.17309258,0.27238291,-2.43978436,-1.75894053,-2.33313759,0.04882812,1.06497860,0.27236938,-0.12207031,-0.24414062,-0.31250000,-0.02929688,0.62988281,-0.02929688,1.03340149,2.64750597,2.64549255,-0.04882812
17.85360432,6265,-2.53744061,-1.98019297,-2.57270058,0.04081726,1.18018246,0.27198792,3.75219264,-1.93081267,-2.56625324,0.04174288,1.17717724,0.27214860,-2.44092877,-1.76199229,-2.33695229,0.04882812,1.07260800,0.27275085,-0.10253906,-0.22949219,-0.28320312,-0.04394531,0.58593750,-0.01464844,1.03340149,2.64761923,2.64549255,-0.04882812
17.86682296,6270,-2.54430707,-1.97904856,-2.57956704,0.04005432,1.18285275,0.27198792,3.74486366,-1.92971919,-2.57352078,0.04079708,1.18066695,0.27204057,-2.44283612,-1.76542552,-2.34114846,0.04882812,1.07985592,0.27275085,-0.12207031,-0.24902344,-0.29785156,-0.02929688,0.57128906,-0.01464844,1.03340149,2.64747177,2.64587402,-0.04882812
17.88061786,6275,-2.55384381,-1.97828562,-2.58795937,0.03776550,1.18666745,0.27198792,3.73634284,-1.92872880,-2.58161241,0.03933994,1.18426724,0.27200517,-2.44474347,-1.76847727,-2.34496315,0.04844666,1.08824826,0.27275085,-0.14648438,-0.22949219,-0.28808594,-0.02929688,0.55664062,0.00000000,1.03340149,2.64754552,2.64549255,-0.02441406
17.89417171,6280,-2.56109174,-1.97714122,-2.59444435,0.03623962,1.18895627,0.27160645,3.72830476,-1.92779306,-2.58890902,0.03754655,1.18711716,0.27191727,-2.44626935,-1.77152903,-2.34954079,0.04844666,1.09511471,0.27275085,-0.14160156,-0.21972656,-0.32714844,-0.02929688,0.51269531,0.00000000,1.03340149,2.64744762,2.64587402,-0.04882812
17.91056752,6285,-2.57062848,-1.97523387,-2.60245522,0.03318787,1.19086361,0.27122498,3.71991633,-1.92635448,-2.59626689,0.03529434,1.18946471,0.27163200,-2.44855817,-1.77496226,-2.35449990,0.04806519,1.10236264,0.27275085,-0.16113281,-0.21972656,-0.32226562,-0.02929688,0.48339844,-0.01464844,1.03340149,2.64741554,2.64549255,0.00000000
17.92571783,6290,-2.58169110,-1.97256358,-2.61084755,0.02861023,1.19238949,0.27046204,3.71025928,-1.92421133,-2.60403363,0.03198163,1.19140583,0.27117598,-2.45122846,-1.77839549,-2.35984047,0.04730225,1.10999203,0.27275085,-0.16113281,-0.20507812,-0.32714844,-0.07324219,0.49804688,0.00000000,1.03340149,2.64750268,2.64587402,-0.02441406
17.94043660,6295,-2.58855756,-1.97180064,-2.61618813,0.02593994,1.19353390,0.26855469,3.70145497,-1.92250296,-2.61090114,0.02860230,1.19281131,0.26999469,-2.45351727,-1.78068431,-2.36403664,0.04539490,1.11495114,0.27275085,-0.17089844,-0.19531250,-0.32226562,-0.13183594,0.43945312,-0.02929688,1.03340149,2.64743358,2.64587402,-0.02441406
17.95375371,6300,-2.59847577,-1.97027476,-2.62305458,0.02288818,1.19391537,0.26512146,3.69183535,-1.92098760,-2.61808484,0.02532406,1.19381006,0.26736969,-2.45542462,-1.78335459,-2.36899575,0.04386902,1.12143612,0.27236938,-0.17578125,-0.17578125,-0.33203125,-0.11718750,0.41015625,-0.02929688,1.03340149,2.64741094,2.64587402,0.00000000
17.96583819,6305,-2.60610516,-1.96836741,-2.62839516,0.02021790,1.19391537,0.26245117,3.68356210,-1.91938887,-2.62383308,0.02250339,1.19413733,0.26467518,-2.45771344,-1.78564341,-2.37281044,0.04310608,1.12525082,0.27275085,-0.18554688,-0.19531250,-0.31738281,-0.11718750,0.33691406,-0.01464844,1.03340149,2.64740352,2.64587402,-0.02441406
17.97750926,6310,-2.61030133,-1.96722300,-2.63106545,0.01907349,1.19391537,0.26130676,3.67675017,-1.91779627,-2.62850023,0.02025990,1.19424457,0.26251209,-2.46000226,-1.78755076,-2.37662514,0.04119873,1.12982846,0.27236938,-0.19531250,-0.17089844,-0.31250000,-0.13183594,0.35156250,-0.02929688,1.03340149,2.64740109,2.64587402,0.00000000
17.99276614,6315,-2.62288983,-1.96378977,-2.63945778,0.01564026,1.19353390,0.25711060,3.66745542,-1.91540661,-2.63476028,0.01764719,1.19405450,0.25949286,-2.46305402,-1.79022105,-2.38196572,0.04043579,1.13593197,0.27198792,-0.20996094,-0.17578125,-0.35644531,-0.08789062,0.43945312,-0.04394531,1.03340149,2.64740029,2.64587402,-0.02441406
18.00677538,6320,-2.63395245,-1.96111949,-2.64746865,0.01296997,1.19353390,0.25253296,3.65770012,-1.91304752,-2.64145964,0.01515397,1.19396096,0.25592686,-2.46572431,-1.79250987,-2.38501747,0.03929138,1.14127255,0.27122498,-0.20507812,-0.18066406,-0.33203125,-0.11718750,0.36621094,-0.07324219,1.03340149,2.64747815,2.64625549,-0.04882812
18.02157879,6325,-2.64387067,-1.95806773,-2.65395363,0.01029968,1.19353390,0.24642944,3.64770443,-1.91025398,-2.64828685,0.01250264,1.19393031,0.25112652,-2.46915753,-1.79518016,-2.39112099,0.03662109,1.14470578,0.26969910,-0.23437500,-0.17578125,-0.31738281,-0.17578125,0.29296875,-0.11718750,1.03340149,2.64742554,2.64587402,-0.02441406
18.03751373,6330,-2.65493329,-1.95387156,-2.66158303,0.00762939,1.19353390,0.23880005,3.63679415,-1.90659702,-2.65571100,0.00972870,1.19392027,0.24447346,-2.47259076,-1.79785044,-2.39684304,0.03356934,1.14852047,0.26817322,-0.21484375,-0.17578125,-0.31250000,-0.24902344,0.21972656,-0.07324219,1.03340149,2.64740830,2.64587402,-0.02441406
18.05217814,6335,-2.66447003,-1.95043833,-2.66883095,0.00534058,1.19391537,0.23155212,3.62659639,-1.90287124,-2.66304596,0.00729850,1.19414220,0.23722320,-2.47564252,-1.79975779,-2.40180214,0.03242493,1.15080929,0.26626587,-0.23925781,-0.14160156,-0.36132812,-0.08789062,0.19042969,-0.20507812,1.03340149,2.64752473,2.64587402,-0.02441406
18.06682658,6340,-2.67629559,-1.94624217,-2.67646035,0.00190735,1.19391537,0.22506714,3.61591751,-1.89909581,-2.67037478,0.00444443,1.19424617,0.23037075,-2.47907575,-1.80166514,-2.40714272,0.03089905,1.15424252,0.26283264,-0.24902344,-0.14160156,-0.37597656,-0.16113281,0.23437500,-0.23437500,1.03340149,2.64744080,2.64587402,-0.02441406
18.08215976,6345,-2.68697675,-1.94166453,-2.68370827,-0.00152588,1.19391537,0.21858215,3.60474687,-1.89476493,-2.67786308,0.00103448,1.19428024,0.22373166,-2.48327191,-1.80395396,-2.41286476,0.02937317,1.15843869,0.26130676,-0.25878906,-0.12207031,-0.36132812,-0.10253906,0.26367188,-0.02929688,1.03340149,2.64741331,2.64625549,-0.02441406
18.09586120,6350,-2.69842084,-1.93670542,-2.69133766,-0.00457764,1.19391537,0.21171570,3.59407402,-1.89025826,-2.68507221,-0.00198964,1.19429140,0.21738405,-2.48670514,-1.80547984,-2.41706093,0.02746582,1.16149045,0.26016235,-0.26367188,-0.12695312,-0.31738281,-0.17578125,0.29296875,-0.13183594,1.03340149,2.64740429,2.64625549,0.00000000
18.11208820,6355,-2.71100934,-1.93136485,-2.69973000,-0.00724792,1.19391537,0.20408630,3.58245211,-1.88528127,-2.69292596,-0.00490477,1.19429506,0.21012388,-2.49090131,-1.80738719,-2.42202004,0.02517700,1.16568661,0.25558472,-0.26855469,-0.11718750,-0.34179688,-0.14648438,0.21972656,-0.32226562,1.03340149,2.64740134,2.64625549,0.00000000
18.12593508,6360,-2.72321637,-1.92564280,-2.70774086,-0.00877380,1.19391537,0.19836426,3.56988944,-1.87983510,-2.70124471,-0.00717543,1.19429626,0.20345837,-2.49471600,-1.80891307,-2.42774208,0.02288818,1.16797543,0.25291443,-0.29296875,-0.11718750,-0.36132812,-0.20507812,0.17578125,-0.14648438,1.03378296,2.64761546,2.64625549,-0.02441406
18.14161515,6365,-2.73427899,-1.92030223,-2.71537026,-0.00915527,1.19429684,0.19340515,3.55797396,-1.87421823,-2.70924013,-0.00832634,1.19448281,0.19772967,-2.49929364,-1.81043894,-2.43346413,0.02098083,1.17026425,0.25024414,-0.29785156,-0.11718750,-0.38085938,-0.13183594,0.16113281,-0.24902344,1.03340149,2.64754866,2.64625549,-0.04882812
18.15471458,6370,-2.74610455,-1.91458018,-2.72299965,-0.00953674,1.19467831,0.18844604,3.54600516,-1.86851502,-2.71706564,-0.00902098,1.19475158,0.19244025,-2.50387128,-1.81158335,-2.43880471,0.01831055,1.17140866,0.24414062,-0.32226562,-0.09277344,-0.37109375,-0.20507812,0.07324219,-0.45410156,1.03340149,2.64744865,2.64625549,-0.02441406
18.16609097,6375,-2.75564130,-1.91000254,-2.72910317,-0.00991821,1.19544125,0.18424988,3.53497813,-1.86325508,-2.72416652,-0.00955389,1.19532134,0.18763487,-2.50654157,-1.81234629,-2.44223793,0.01716614,1.17179013,0.24147034,-0.31250000,-0.09277344,-0.37109375,-0.17578125,0.04394531,-0.32226562,1.03340149,2.64741588,2.64625549,-0.02441406
18.18142509,6380,-2.76899274,-1.90313609,-2.73787697,-0.00991821,1.19696713,0.17890930,3.52313542,-1.85746388,-2.73189166,-0.00979883,1.19638499,0.18256244,-2.51188214,-1.81387217,-2.44872292,0.01373291,1.17255307,0.23612976,-0.31250000,-0.08789062,-0.36132812,-0.14648438,0.07324219,-0.33691406,1.03340149,2.64740514,2.64625549,-0.04882812
18.19438529,6385,-2.78158124,-1.89703257,-2.74588784,-0.00991821,1.19849301,0.17509460,3.51109403,-1.85141045,-2.73964190,-0.00984003,1.19766712,0.17824626,-2.51684125,-1.81425364,-2.45406349,0.01106262,1.17369748,0.23345947,-0.33691406,-0.03906250,-0.37109375,-0.19042969,0.11718750,-0.19042969,1.03340149,2.64740162,2.64625549,-0.02441406
18.21216822,6390,-2.79989179,-1.88711436,-2.75771340,-0.00953674,1.20078183,0.16822815,3.49657067,-1.84387828,-2.74919261,-0.00966737,1.19938779,0.17311049,-2.52256329,-1.81539805,-2.46092995,0.00953674,1.17598630,0.22811890,-0.35644531,-0.05371094,-0.39550781,-0.13183594,0.13183594,-0.32226562,1.03340149,2.64740046,2.64625549,-0.04882812
18.22631359,6395,-2.81133588,-1.88101084,-2.76534279,-0.00953674,1.20192624,0.16441345,3.48238515,-1.83637205,-2.75841740,-0.00957955,1.20106917,0.16806506,-2.52790387,-1.81577952,-2.46665200,0.00724792,1.17903805,0.22583008,-0.36621094,-0.04882812,-0.38574219,-0.10253906,0.21972656,-0.19042969,1.03340149,2.64752216,2.64625549,0.00000000
18.24213099,6400,-2.82888348,-1.87185557,-2.77678688,-0.00953674,1.20421506,0.15678406,3.46714870,-1.82830695,-2.76846532,-0.00955077,1.20303980,0.16208267,-2.53324445,-1.81616099,-2.46970375,0.00686646,1.18247128,0.22239685,-0.36621094,-0.02441406,-0.36621094,-0.04394531,0.26367188,-0.33691406,1.03340149,2.64750246,2.64663696,0.00000000
18.25702572,6405,-2.84299786,-1.86384471,-2.78632363,-0.00953674,1.20688534,0.15029907,3.45198841,-1.82002928,-2.77856752,-0.00954134,1.20544958,0.15544304,-2.53782208,-1.81616099,-2.47695168,0.00610352,1.18437863,0.21514893,-0.37597656,-0.01953125,-0.37597656,-0.07324219,0.19042969,-0.36621094,1.03378296,2.64768375,2.64625549,-0.02441406
18.27356315,6410,-2.85749371,-1.85583384,-2.79662331,-0.00953674,1.20955563,0.14419556,3.43728998,-1.81194467,-2.78857739,-0.00953825,1.20791536,0.14919510,-2.54507001,-1.81654246,-2.48419960,0.00534058,1.18819333,0.20904541,-0.39062500,-0.01953125,-0.38085938,-0.05859375,0.26367188,-0.36621094,1.03378296,2.64764550,2.64625549,-0.02441406
18.29014659,6415,-2.87542279,-1.84591563,-2.80959328,-0.00915527,1.21298886,0.13656616,3.42064315,-1.80272836,-2.80026929,-0.00935108,1.21089486,0.14213312,-2.55193646,-1.81654246,-2.49144753,0.00419617,1.19086361,0.20446777,-0.40039062,-0.00488281,-0.41015625,-0.08789062,0.11718750,-0.30761719,1.03340149,2.64748038,2.64625549,0.00000000
18.30403352,6420,-2.88762982,-1.83943064,-2.81836708,-0.00915527,1.21565915,0.13046265,3.40634652,-1.79490550,-2.81061014,-0.00921944,1.21370309,0.13561105,-2.55803998,-1.81654246,-2.49678810,0.00267029,1.19124508,0.20027161,-0.41992188,0.00000000,-0.39550781,-0.08789062,0.05859375,-0.27832031,1.03340149,2.64754834,2.64663696,0.00000000
18.31737447,6425,-2.90174420,-1.83141978,-2.82942971,-0.00915527,1.21909237,0.12321472,3.39250299,-1.78722041,-2.82106223,-0.00912747,1.21684362,0.12867714,-2.56299909,-1.81654246,-2.50212868,0.00228882,1.19200802,0.19721985,-0.43945312,-0.00488281,-0.39062500,-0.07324219,0.05859375,-0.30761719,1.03378296,2.64772320,2.64625549,-0.04882812
18.33030868,6430,-2.91204389,-1.82531626,-2.83744057,-0.00877380,1.22290707,0.11749268,3.38015290,-1.78015137,-2.83053026,-0.00896001,1.22036564,0.12237879,-2.56872113,-1.81654246,-2.50785073,0.00152588,1.19315243,0.19111633,-0.44433594,0.01464844,-0.41992188,-0.07324219,0.13183594,-0.46875000,1.03340149,2.64750584,2.64663696,-0.02441406
18.34678864,6435,-2.92577680,-1.81692393,-2.84926613,-0.00801086,1.22786618,0.10833740,3.36705426,-1.77235721,-2.84118584,-0.00839219,1.22491048,0.11461134,-2.57635053,-1.81577952,-2.51509865,0.00000000,1.19429684,0.18424988,-0.45410156,0.02441406,-0.41503906,-0.10253906,0.07324219,-0.41015625,1.03340149,2.64743462,2.64625549,-0.02441406
18.35957503,6440,-2.93683942,-1.81043894,-2.85880287,-0.00724792,1.23244381,0.09956360,3.35547975,-1.76551599,-2.85095151,-0.00774202,1.22916194,0.10632257,-2.58245404,-1.81539805,-2.52082070,-0.00114441,1.19582272,0.17967224,-0.47363281,0.04394531,-0.45410156,-0.08789062,0.14648438,-0.32226562,1.03340149,2.64741128,2.64663696,-0.02441406
18.37594271,6445,-2.95019086,-1.80128367,-2.87177285,-0.00610352,1.23778439,0.08964539,3.34326966,-1.75770492,-2.86207413,-0.00685185,1.23397327,0.09722491,-2.59008344,-1.81425364,-2.52845009,-0.00190735,1.19887448,0.17433167,-0.46875000,0.06347656,-0.42480469,-0.07324219,0.21972656,-0.33691406,1.03340149,2.64740363,2.64663696,-0.02441406
18.38925028,6450,-2.96010907,-1.79479869,-2.88207253,-0.00534058,1.24274350,0.08277893,3.33210386,-1.75041773,-2.87289738,-0.00604721,1.23885026,0.08925038,-2.59618695,-1.81349070,-2.53379067,-0.00267029,1.20040036,0.16975403,-0.46875000,0.06347656,-0.44433594,-0.04394531,0.19042969,-0.39550781,1.03340149,2.64740112,2.64663696,-0.04882812
18.40573478,6455,-2.96926434,-1.78831370,-2.89199074,-0.00534058,1.24808407,0.07591248,3.32197923,-1.74349067,-2.88338364,-0.00557213,1.24398522,0.08171419,-2.60343488,-1.81196482,-2.53989418,-0.00267029,1.20345212,0.16174316,-0.47363281,0.07324219,-0.45410156,-0.01464844,0.23437500,-0.49804688,1.03340149,2.64740030,2.64663696,-0.02441406
18.41937995,6460,-2.97765668,-1.78182872,-2.90152748,-0.00534058,1.25380612,0.07133484,3.31187033,-1.73619921,-2.89452938,-0.00541645,1.25017651,0.07515196,-2.60877545,-1.81082041,-2.54599770,-0.00305176,1.20688534,0.15602112,-0.48828125,0.09765625,-0.46386719,-0.04394531,0.27832031,-0.52734375,1.03340149,2.64740003,2.64663696,-0.04882812
18.43343830,6465,-2.98795636,-1.77381785,-2.91449745,-0.00534058,1.26067257,0.06866455,3.30300670,-1.72946851,-2.90506613,-0.00536544,1.25593989,0.07120490,-2.61754926,-1.80891307,-2.55439003,-0.00305176,1.21184445,0.14953613,-0.48339844,0.09765625,-0.46386719,0.00000000,0.27832031,-0.36621094,1.03340149,2.64739995,2.64663696,-0.04882812
18.44705153,6470,-2.99558576,-1.76809581,-2.92403420,-0.00572205,1.26448727,0.06675720,3.29449534,-1.72304291,-2.91545155,-0.00542502,1.26097321,0.06866433,-2.62403424,-1.80738719,-2.56087502,-0.00305176,1.21680356,0.14533997,-0.47851562,0.09277344,-0.45898438,-0.02929688,0.33691406,-0.35156250,1.03340149,2.64739992,2.64663696,-0.02441406
18.46146894,6475,-3.00207074,-1.76313670,-2.93242653,-0.00534058,1.26753903,0.06484985,3.28671890,-1.71717503,-2.92535343,-0.00554842,1.26495358,0.06635955,-2.63051923,-1.80624278,-2.56697853,-0.00305176,1.21871090,0.13885498,-0.49316406,0.10742188,-0.45898438,0.00000000,0.16113281,-0.55664062,1.03340149,2.64732178,2.64663696,-0.02441406
18.47375989,6480,-3.00855573,-1.75779612,-2.94081887,-0.00572205,1.27020932,0.06256104,3.27987080,-1.71164165,-2.93411932,-0.00566515,1.26825335,0.06421589,-2.63662274,-1.80471690,-2.57308205,-0.00343323,1.22176266,0.13237000,-0.48339844,0.09277344,-0.47851562,0.00000000,0.24902344,-0.52734375,1.03340149,2.64737430,2.64663696,-0.02441406
18.48811555,6485,-3.01580365,-1.75245555,-2.95111855,-0.00610352,1.27440548,0.05989075,3.27297849,-1.70630138,-2.94339248,-0.00595987,1.27174417,0.06192813,-2.64348920,-1.80357249,-2.57994850,-0.00343323,1.22519589,0.12779236,-0.49316406,0.10742188,-0.49804688,-0.04394531,0.23437500,-0.29296875,1.03340149,2.64739151,2.64663696,-0.02441406
18.49979281,6490,-3.02076276,-1.74825938,-2.95798500,-0.00610352,1.27783871,0.05722046,3.26709490,-1.70161947,-2.95152803,-0.00605645,1.27531541,0.05947547,-2.64997418,-1.80204661,-2.58605202,-0.00381470,1.22786618,0.12435913,-0.49804688,0.11718750,-0.50781250,-0.02929688,0.23437500,-0.24902344,1.03340149,2.64739715,2.64701843,0.00000000
18.51436734,6495,-3.02610333,-1.74368174,-2.96599587,-0.00648499,1.28127194,0.05416870,3.26151486,-1.69705600,-2.95959294,-0.00627425,1.27881583,0.05655850,-2.65684064,-1.79975779,-2.59329995,-0.00381470,1.23053647,0.12054443,-0.48828125,0.11718750,-0.49316406,-0.01464844,0.26367188,-0.27832031,1.03340149,2.64717928,2.64663696,-0.04882812
18.52819610,6500,-3.03182538,-1.73834117,-2.97515114,-0.00686646,1.28584958,0.04997253,3.25582763,-1.69216001,-2.96803252,-0.00660209,1.28281929,0.05294996,-2.66370709,-1.79785044,-2.60016640,-0.00381470,1.23396969,0.11520386,-0.48828125,0.12207031,-0.47363281,-0.02929688,0.19042969,-0.43945312,1.03340149,2.64732761,2.64663696,-0.04882812
18.54120684,6505,-3.03640302,-1.73452647,-2.98201760,-0.00724792,1.28966427,0.04768372,3.25068426,-1.68765750,-2.97599893,-0.00703630,1.28685893,0.04990741,-2.66981061,-1.79594310,-2.60588845,-0.00381470,1.23625851,0.10986328,-0.49316406,0.14160156,-0.47851562,-0.02929688,0.20507812,-0.39550781,1.03340149,2.64737621,2.64663696,-0.02441406
18.55536628,6510,-3.04212506,-1.72994883,-2.99040993,-0.00762939,1.29424191,0.04615784,3.24540720,-1.68321874,-2.98391332,-0.00740380,1.29112844,0.04757595,-2.67782147,-1.79365428,-2.61389931,-0.00419617,1.24198056,0.10375977,-0.48339844,0.14160156,-0.47363281,-0.02929688,0.36621094,-0.35156250,1.03340149,2.64739214,2.64663696,-0.02441406
18.57156920,6515,-3.04708417,-1.72498973,-2.99842079,-0.00762939,1.29996396,0.04577637,3.24009293,-1.67832028,-2.99214355,-0.00755547,1.29628272,0.04639730,-2.68506940,-1.79136546,-2.62114724,-0.00419617,1.24655819,0.10108948,-0.48828125,0.14648438,-0.48339844,-0.02929688,0.29296875,-0.19042969,1.03340149,2.64739736,2.64663696,-0.02441406
18.58501959,6520,-3.05204328,-1.72079356,-3.00605019,-0.00762939,1.30606747,0.04539490,3.23522741,-1.67392377,-2.99982090,-0.00760517,1.30177588,0.04590354,-2.69117291,-1.78945811,-2.62763222,-0.00419617,1.25037289,0.09689331,-0.47851562,0.14648438,-0.48339844,-0.01464844,0.33691406,-0.35156250,1.03340149,2.64739907,2.64663696,0.00000000
18.59779477,6525,-3.05547650,-1.71774180,-3.01177224,-0.00762939,1.31102658,0.04577637,3.23089418,-1.67018087,-3.00669440,-0.00762146,1.30734065,0.04563786,-2.69765790,-1.78716929,-2.63411721,-0.00419617,1.25418759,0.09460449,-0.48339844,0.14648438,-0.46875000,0.00000000,0.33691406,-0.16113281,1.03340149,2.64739963,2.64663696,0.00000000
18.61192107,6530,-3.06005414,-1.71316416,-3.01940163,-0.00762939,1.31713009,0.04501343,3.22668960,-1.66627911,-3.01347015,-0.00762679,1.31281206,0.04542947,-2.70337994,-1.78564341,-2.64022072,-0.00457764,1.25685788,0.09155273,-0.47363281,0.15625000,-0.48339844,-0.02929688,0.26367188,-0.29296875,1.03340149,2.64739981,2.64663696,-0.02441406
18.62647700,6535,-3.06386884,-1.70934947,-3.02626808,-0.00762939,1.32247067,0.04425049,3.22249080,-1.66217172,-3.02076342,-0.00762854,1.31843281,0.04478721,-2.71062787,-1.78335459,-2.64823159,-0.00457764,1.26143551,0.08544922,-0.48339844,0.15136719,-0.49804688,-0.04394531,0.36621094,-0.39550781,1.03340149,2.64739987,2.64663696,-0.02441406
18.64126086,6540,-3.06730206,-1.70591624,-3.03389748,-0.00724792,1.32895566,0.04234314,3.21864460,-1.65837305,-3.02816305,-0.00744296,1.32461507,0.04353708,-2.71825726,-1.78068431,-2.65662392,-0.00495911,1.26639462,0.08239746,-0.47851562,0.14648438,-0.52246094,-0.02929688,0.33691406,-0.19042969,1.03340149,2.64739989,2.64663696,-0.02441406
18.65495729,6545,-3.07035382,-1.70210154,-3.04114540,-0.00648499,1.33505917,0.04005432,3.21533887,-1.65467152,-3.03556566,-0.00686921,1.33084937,0.04166674,-2.72359784,-1.77877696,-2.66234597,-0.00534058,1.26982785,0.07896423,-0.46875000,0.16601562,-0.49316406,-0.04394531,0.29296875,-0.26367188,1.03340149,2.64739990,2.64663696,0.00000000
18.66798472,6550,-3.07302411,-1.69828685,-3.04839333,-0.00610352,1.34192563,0.03738403,3.21248721,-1.65113999,-3.04249123,-0.00642473,1.33699452,0.03934647,-2.73008283,-1.77648814,-2.66844948,-0.00534058,1.27326108,0.07705688,-0.45898438,0.16601562,-0.47851562,-0.01464844,0.30761719,-0.11718750,1.03340149,2.64739990,2.64663696,-0.02441406
18.68215680,6555,-3.07531293,-1.69447215,-3.05602272,-0.00495911,1.34917355,0.03585815,3.21000468,-1.64743029,-3.04957847,-0.00568985,1.34349926,0.03739232,-2.73580487,-1.77419932,-2.67531594,-0.00572205,1.27783871,0.07591248,-0.45410156,0.16601562,-0.47851562,-0.04394531,0.32226562,-0.17578125,1.03340149,2.64739990,2.64663696,-0.04882812
18.69693828,6560,-3.07798322,-1.69065745,-3.06403359,-0.00457764,1.35756589,0.03585815,3.20727825,-1.64329160,-3.05776764,-0.00512226,1.35150353,0.03636087,-2.74305280,-1.77152903,-2.68294533,-0.00572205,1.28241635,0.07171631,-0.45410156,0.16113281,-0.50781250,-0.02929688,0.33691406,-0.24902344,1.03340149,2.64732178,2.64663696,-0.04882812
18.71068883,6565,-3.07950910,-1.68722422,-3.07166298,-0.00419617,1.36519528,0.03585815,3.20518709,-1.63970582,-3.06546522,-0.00453088,1.35938174,0.03602288,-2.74991925,-1.76885874,-2.69019326,-0.00572205,1.28928280,0.06980896,-0.45410156,0.17578125,-0.51757812,-0.04394531,0.39550781,-0.10253906,1.03340149,2.64737430,2.64701843,-0.04882812
18.72322178,6570,-3.08065350,-1.68417247,-3.07929238,-0.00419617,1.37282467,0.03585815,3.20355228,-1.63629890,-3.07330642,-0.00412567,1.36731337,0.03591213,-2.75525983,-1.76695140,-2.69553383,-0.00610352,1.29424191,0.06828308,-0.44433594,0.16601562,-0.50781250,-0.02929688,0.45410156,-0.16113281,1.03340149,2.64739151,2.64701843,-0.02441406
18.73920012,6575,-3.08179791,-1.68035777,-3.08692177,-0.00419617,1.38083554,0.03585815,3.20234727,-1.63269790,-3.08106625,-0.00417307,1.37528899,0.03587584,-2.76136334,-1.76428111,-2.70316323,-0.00648499,1.29881955,0.06523132,-0.43457031,0.15625000,-0.51757812,-0.02929688,0.32226562,-0.23437500,1.03340149,2.64739715,2.64663696,-0.04882812
18.75127411,6580,-3.08294232,-1.67692454,-3.09493264,-0.00419617,1.38999081,0.03585815,3.20117080,-1.62917845,-3.08891917,-0.00418860,1.38380967,0.03586395,-2.76746686,-1.76199229,-2.71117409,-0.00648499,1.30416012,0.06103516,-0.41503906,0.16113281,-0.48828125,-0.04394531,0.38085938,-0.29296875,1.03340149,2.64739900,2.64701843,-0.04882812
18.76402640,6585,-3.08408673,-1.67425425,-3.10218056,-0.00419617,1.39723874,0.03585815,3.20002809,-1.62621086,-3.09620177,-0.00419369,1.39160258,0.03586005,-2.77280744,-1.76008494,-2.71727761,-0.00686646,1.30835629,0.05950928,-0.42968750,0.16113281,-0.50781250,-0.02929688,0.36621094,-0.11718750,1.03340149,2.64739961,2.64663696,-0.02441406
18.77682281,6590,-3.08484967,-1.67158396,-3.10828408,-0.00457764,1.40486813,0.03585815,3.19899178,-1.62342558,-3.10313989,-0.00435954,1.39931095,0.03585878,-2.77776654,-1.75817759,-2.72338112,-0.00686646,1.31445981,0.05836487,-0.43945312,0.16601562,-0.53222656,-0.01464844,0.54199219,-0.10253906,1.03340149,2.64739981,2.64701843,0.00000000
18.79100251,6595,-3.08599408,-1.66815074,-3.11629494,-0.00457764,1.41440487,0.03623962,3.19799266,-1.62030623,-3.11051359,-0.00450617,1.40800248,0.03604452,-2.78425153,-1.75474436,-2.73139199,-0.00686646,1.32285214,0.05760193,-0.42480469,0.19042969,-0.50781250,0.00000000,0.58593750,-0.10253906,1.03340149,2.64739987,2.64701843,-0.02441406
18.80536246,6600,-3.08637555,-1.66471751,-3.12468727,-0.00457764,1.42584897,0.03623962,3.19722862,-1.61708133,-3.11818884,-0.00455422,1.41768328,0.03617569,-2.78959210,-1.75245555,-2.73863991,-0.00686646,1.32742978,0.05378723,-0.41503906,0.17578125,-0.50781250,0.01464844,0.41015625,-0.30761719,1.03340149,2.64739989,2.64701843,0.00000000
18.81711602,6605,-3.08637555,-1.66204722,-3.13040932,-0.00457764,1.43462277,0.03623962,3.19694701,-1.61405889,-3.12511243,-0.00456996,1.42725575,0.03621867,-2.79493268,-1.75016673,-2.74474343,-0.00686646,1.33315182,0.05149841,-0.39062500,0.18066406,-0.47363281,-0.02929688,0.36621094,-0.17578125,1.03340149,2.64739990,2.64663696,-0.04882812
18.83554626,6610,-3.08637555,-1.65861399,-3.14032753,-0.00457764,1.44911862,0.03662109,3.19685473,-1.61084279,-3.13347417,-0.00457512,1.43944007,0.03648923,-2.80218060,-1.74673350,-2.75389870,-0.00686646,1.34230710,0.05149841,-0.39550781,0.17578125,-0.48828125,-0.04394531,0.49804688,-0.02929688,1.03340149,2.64739990,2.64701843,0.00000000
18.84865737,6615,-3.08637555,-1.65670665,3.13675426,-0.00457764,1.45789242,0.03662109,3.19682449,-1.60833472,-3.14065360,-0.00457681,1.45005067,0.03657788,-2.80675824,-1.74444468,-2.76038369,-0.00686646,1.34917355,0.05111694,-0.38574219,0.19042969,-0.51269531,-0.01464844,0.57128906,-0.01464844,1.03340149,2.64739990,2.64701843,-0.02441406
18.86272454,6620,-3.08637555,-1.65518077,3.13026927,-0.00457764,1.46704770,0.03662109,3.19681459,-1.60630681,-3.14758538,-0.00457737,1.45988009,0.03660693,-2.81171735,-1.74177439,-2.76686867,-0.00648499,1.35527707,0.05073547,-0.39062500,0.19531250,-0.50781250,-0.01464844,0.55664062,-0.05859375,1.03340149,2.64739990,2.64701843,0.00000000
18.87717795,6625,-3.08637555,-1.65327342,3.12416576,-0.00457764,1.47391415,0.03662109,3.19681134,-1.60443028,-3.15404184,-0.00457755,1.46823942,0.03661645,-2.81743939,-1.73910411,-2.77449807,-0.00686646,1.36290646,0.04959106,-0.38085938,0.17089844,-0.50781250,-0.01464844,0.57128906,-0.10253906,1.03340149,2.64730225,2.64663696,-0.02441406
18.89256978,6630,-3.08637555,-1.65251048,3.11844371,-0.00457764,1.48001767,0.03623962,3.19681028,-1.60305194,-3.15989175,-0.00457761,1.47513193,0.03654328,-2.82316144,-1.73643382,-2.78289040,-0.00686646,1.37282467,0.04730225,-0.38085938,0.17578125,-0.51269531,0.00000000,0.61523438,-0.14648438,1.03340149,2.64736790,2.64701843,-0.02441406
18.90616202,6635,-3.08637555,-1.65212901,3.11386607,-0.00457764,1.48345089,0.03662109,3.19680993,-1.60222468,-3.16522515,-0.00457763,1.48030709,0.03656435,-2.82773908,-1.73414500,-2.78937538,-0.00686646,1.37969113,0.04692078,-0.35156250,0.16113281,-0.53222656,-0.01464844,0.54199219,-0.02929688,1.03340149,2.64738942,2.64701843,0.00000000
18.92084694,6640,-3.08637555,-1.65174754,3.11005138,-0.00457764,1.48497677,0.03662109,3.19680981,-1.60174596,-3.16977187,-0.00457763,1.48348238,0.03660250,-2.83307965,-1.73109324,-2.79738625,-0.00648499,1.38732052,0.04653931,-0.34667969,0.17578125,-0.47851562,-0.01464844,0.48339844,-0.04394531,1.03340149,2.64727440,2.64701843,-0.04882812
18.93213153,6645,-3.08637555,-1.65174754,3.10814403,-0.00457764,1.48459530,0.03662109,3.19680977,-1.60150902,-3.17291372,-0.00457764,1.48456717,0.03661500,-2.83651288,-1.72956736,-2.80234536,-0.00648499,1.39342404,0.04577637,-0.34667969,0.17089844,-0.49316406,0.00000000,0.55664062,-0.07324219,1.03340149,2.64735878,2.64701843,-0.02441406
18.94585156,6650,-3.08637555,-1.65212901,3.10585521,-0.00457764,1.48459530,0.03662109,3.19680976,-1.60163902,-3.17551184,-0.00457764,1.48484255,0.03661910,-2.84147199,-1.72727854,-2.80921181,-0.00648499,1.40067196,0.04501343,-0.34179688,0.16113281,-0.49316406,-0.01464844,0.57128906,-0.08789062,1.03340149,2.64738643,2.64701843,-0.02441406
18.96096396,6655,-3.08637555,-1.65212901,3.10356639,-0.00457764,1.48459530,0.03662109,3.19680976,-1.60173044,-3.17787223,-0.00457764,1.48493279,0.03662044,-2.84566815,-1.72498973,-2.81607827,-0.00648499,1.40677548,0.04425049,-0.32226562,0.16601562,-0.50292969,-0.01464844,0.45410156,-0.04394531,1.03340149,2.64739549,2.64701843,-0.02441406
18.97434044,6660,-3.08637555,-1.65251048,3.10204051,-0.00457764,1.48459530,0.03662109,3.19680976,-1.60198562,-3.17975164,-0.00457764,1.48496236,0.03662088,-2.85024579,-1.72270091,-2.82256325,-0.00648499,1.41097165,0.04425049,-0.32714844,0.16113281,-0.47363281,-0.01464844,0.33691406,-0.02929688,1.03340149,2.64739846,2.64701843,-0.04882812
18.98864913,6665,-3.08637555,-1.65251048,3.10051463,-0.00457764,1.48459530,0.03662109,3.19680976,-1.60210049,-3.18149346,-0.00457764,1.48497205,0.03662102,-2.85520490,-1.72003062,-2.82981118,-0.00610352,1.41860104,0.04386902,-0.33691406,0.17089844,-0.42968750,-0.01464844,0.54199219,-0.01464844,1.03340149,2.64739943,2.64701843,-0.02441406
19.00269318,6670,-3.08637555,-1.65251048,3.09898876,-0.00457764,1.48459530,0.03662109,3.19680976,-1.60213813,-3.18302906,-0.00457764,1.48497523,0.03662107,-2.85978253,-1.71774180,-2.83667763,-0.00610352,1.42356015,0.04348755,-0.30761719,0.15136719,-0.45410156,0.00000000,0.38085938,-0.04394531,1.03340149,2.64739975,2.64701843,-0.02441406
19.01742792,6675,-3.08637555,-1.65251048,3.09784435,-0.00457764,1.48459530,0.03662109,3.19680976,-1.60215046,-3.18443301,-0.00457764,1.48497627,0.03662109,-2.86397870,-1.71545298,-2.84316262,-0.00610352,1.42813778,0.04310608,-0.30761719,0.16113281,-0.45410156,-0.01464844,0.33691406,-0.04394531,1.03340149,2.64739985,2.64701843,-0.02441406
19.03087163,6680,-3.08637555,-1.65251048,3.09669994,-0.00495911,1.48459530,0.03662109,3.19680976,-1.60215450,-3.18574254,-0.00471497,1.48497661,0.03662109,-2.86779340,-1.71354563,-2.84926613,-0.00572205,1.43157101,0.04310608,-0.31250000,0.14160156,-0.44921875,0.01464844,0.29296875,-0.02929688,1.03340149,2.64739989,2.64701843,0.00000000
19.04574704,6685,-3.08637555,-1.65251048,3.09593700,-0.00648499,1.48459530,0.03662109,3.19680976,-1.60215583,-3.18668459,-0.00550411,1.48515690,0.03662109,-2.87237103,-1.71163829,-2.85613259,-0.00534058,1.43538571,0.04272461,-0.29785156,0.13183594,-0.41992188,0.01464844,0.20507812,-0.02929688,1.03340149,2.64739990,2.64701843,-0.02441406
19.06041980,6690,-3.08637555,-1.65251048,3.09517406,-0.00724792,1.48459530,0.03662109,3.19680976,-1.60215626,-3.18745739,-0.00648706,1.48516714,0.03662109,-2.87618573,-1.70973094,-2.86185463,-0.00534058,1.43805600,0.04234314,-0.29296875,0.14160156,-0.42968750,0.01464844,0.21972656,-0.05859375,1.03340149,2.64739990,2.64701843,-0.02441406
19.07538867,6695,-3.08637555,-1.65251048,3.09517406,-0.00839233,1.48459530,0.03662109,3.19680976,-1.60215640,-3.18782976,-0.00764887,1.48510019,0.03662109,-2.88038190,-1.70744212,-2.86872109,-0.00495911,1.44225216,0.04158020,-0.28808594,0.15625000,-0.44921875,-0.01464844,0.27832031,-0.07324219,1.03340149,2.64739990,2.64701843,-0.02441406
19.08840084,6700,-3.08637555,-1.65251048,3.09479259,-0.00839233,1.48497677,0.03662109,3.19680976,-1.60215645,-3.18813794,-0.00814872,1.48509351,0.03662109,-2.88495953,-1.70515330,-2.87558754,-0.00495911,1.44606686,0.04043579,-0.26855469,0.15136719,-0.41015625,-0.01464844,0.26367188,-0.05859375,1.03340149,2.64739990,2.64701843,-0.02441406
19.10361052,6705,-3.08637555,-1.65251048,3.09479259,-0.00839233,1.48459530,0.03662109,3.19680976,-1.60215647,-3.18830923,-0.00831251,1.48505409,0.03662109,-2.88877423,-1.70286448,-2.88169106,-0.00495911,1.45026303,0.04005432,-0.28808594,0.13671875,-0.41015625,-0.04394531,0.30761719,-0.05859375,1.03340149,2.64749756,2.64701843,0.00000000
19.11630297,6710,-3.08637555,-1.65251048,3.09479259,-0.00801086,1.48497677,0.03662109,3.19680976,-1.60215647,-3.18831653,-0.00828988,1.48518827,0.03662109,-2.89220746,-1.70133860,-2.88741310,-0.00495911,1.45369626,0.04005432,-0.26367188,0.12695312,-0.39550781,-0.01464844,0.20507812,-0.02929688,1.03340149,2.64743190,2.64701843,-0.02441406
19.13123751,6715,-3.08637555,-1.65251048,3.09479259,-0.00801086,1.48497677,0.03662109,3.19680976,-1.60215647,-3.18836775,-0.00810229,1.48527130,0.03662109,-2.89602216,-1.69943125,-2.89237221,-0.00495911,1.45560360,0.03967285,-0.26855469,0.12695312,-0.39062500,-0.01464844,0.11718750,-0.04394531,1.03340149,2.64741039,2.64701843,-0.04882812
19.14560080,6720,-3.08637555,-1.65251048,3.09479259,-0.00801086,1.48535824,0.03662109,3.19680976,-1.60215647,-3.18833571,-0.00804082,1.48540605,0.03662109,-2.89945538,-1.69752391,-2.89771279,-0.00495911,1.45751095,0.03929138,-0.25878906,0.12695312,-0.40527344,-0.02929688,0.16113281,-0.05859375,1.03340149,2.64740334,2.64701843,0.00000000
19.16002011,6725,-3.08637555,-1.65251048,3.09479259,-0.00801086,1.48612118,0.03662109,3.19680976,-1.60215647,-3.18826417,-0.00802068,1.48599293,0.03662109,-2.90365155,-1.69561656,-2.90419777,-0.00495911,1.46018124,0.03890991,-0.24902344,0.11718750,-0.38574219,-0.01464844,0.13183594,-0.05859375,1.03340149,2.64740103,2.64701843,-0.02441406
19.17282033,6730,-3.08637555,-1.65251048,3.09517406,-0.00801086,1.48688412,0.03662109,3.19680976,-1.60215647,-3.18812538,-0.00801408,1.48663714,0.03662109,-2.90632184,-1.69370921,-2.90877541,-0.00534058,1.46056271,0.03852844,-0.24902344,0.13183594,-0.37109375,-0.01464844,0.07324219,-0.05859375,1.03340149,2.64740027,2.64701843,-0.02441406
19.18703508,6735,-3.08637555,-1.65251048,3.09517406,-0.00839233,1.48688412,0.03662109,3.19680976,-1.60215647,-3.18818976,-0.00823714,1.48705966,0.03656006,-2.91013654,-1.69218333,-2.91411599,-0.00534058,1.46170712,0.03700256,-0.23925781,0.11718750,-0.35644531,-0.01464844,0.07324219,-0.13183594,1.03340149,2.64740002,2.64701843,-0.02441406
19.20250964,6740,-3.08637555,-1.65251048,3.09517406,-0.00839233,1.48688412,0.03662109,3.19680976,-1.60215647,-3.18820109,-0.00834148,1.48719811,0.03645998,-2.91356976,-1.69027598,-2.91983803,-0.00534058,1.46285153,0.03623962,-0.24414062,0.12695312,-0.37597656,-0.01464844,0.10253906,-0.01464844,1.03340149,2.64739994,2.64701843,-0.02441406
19.21714854,6745,-3.08637555,-1.65251048,3.09479259,-0.00877380,1.48688412,0.03623962,3.19680976,-1.60215647,-3.18832993,-0.00860089,1.48724348,0.03635089,-2.91662152,-1.68875010,-2.92517861,-0.00534058,1.46475888,0.03623962,-0.23437500,0.10742188,-0.36621094,-0.02929688,0.16113281,-0.02929688,1.03340149,2.64739992,2.64701843,-0.02441406
19.22897983,6750,-3.08637555,-1.65289195,3.09441112,-0.00877380,1.48688412,0.03662109,3.19680976,-1.60229380,-3.18855830,-0.00871714,1.48725835,0.03645248,-2.91967328,-1.68722422,-2.92937477,-0.00572205,1.46704770,0.03623962,-0.24414062,0.10253906,-0.34179688,-0.05859375,0.21972656,-0.01464844,1.03340149,2.64739991,2.64701843,-0.02441406
19.24190640,6755,-3.08637555,-1.65289195,3.09364818,-0.00877380,1.48688412,0.03662109,3.19680976,-1.60245794,-3.18900496,-0.00875524,1.48726322,0.03647356,-2.92272504,-1.68569834,-2.93395241,-0.00648499,1.47009945,0.03623962,-0.22460938,0.10742188,-0.31738281,-0.02929688,0.21972656,-0.02929688,1.03340149,2.64739990,2.64701843,0.00000000
19.25577569,6760,-3.08637555,-1.65289195,3.09288524,-0.00953674,1.48688412,0.03662109,3.19680976,-1.60251173,-3.18969551,-0.00906923,1.48726481,0.03642382,-2.92539533,-1.68455394,-2.93738564,-0.00686646,1.47200680,0.03623962,-0.21972656,0.10742188,-0.35156250,-0.07324219,0.14648438,0.00000000,1.03340149,2.64739990,2.64701843,-0.04882812
19.26675200,6765,-3.08637555,-1.65289195,3.09212230,-0.01068115,1.48688412,0.03662109,3.19680976,-1.60252935,-3.19043473,-0.00982239,1.48726534,0.03655645,-2.92806561,-1.68302806,-2.94196328,-0.00686646,1.47353268,0.03623962,-0.22460938,0.12207031,-0.32714844,-0.02929688,0.16113281,-0.02929688,1.03340149,2.64739990,2.64701843,-0.04882812
19.28289127,6770,-3.08637555,-1.65289195,3.09135936,-0.01373291,1.48650265,0.03623962,3.19680976,-1.60253513,-3.19121968,-0.01161020,1.48704029,0.03652362,-2.93149884,-1.68112071,-2.94768532,-0.00762939,1.47772885,0.03623962,-0.21972656,0.12207031,-0.32226562,-0.05859375,0.17578125,0.00000000,1.03340149,2.64739990,2.64701843,-0.04882812
19.29748631,6775,-3.08637555,-1.65327342,3.09135936,-0.01831055,1.48650265,0.03623962,3.19680976,-1.60272318,-3.19162729,-0.01522289,1.48693530,0.03644255,-2.93493207,-1.67959483,-2.95302590,-0.00801086,1.47849179,0.03623962,-0.20507812,0.10253906,-0.30761719,-0.01464844,0.04394531,0.00000000,1.03340149,2.64739990,2.64701843,-0.04882812
19.31239080,6780,-3.08637555,-1.65327342,3.09135936,-0.02441406,1.48612118,0.03623962,3.19680976,-1.60285511,-3.19176085,-0.02001021,1.48664442,0.03639840,-2.93760236,-1.67845042,-2.95760353,-0.00839233,1.47849179,0.03623962,-0.20996094,0.07812500,-0.32226562,-0.04394531,0.02929688,-0.01464844,1.03340149,2.64739990,2.64739990,0.00000000
19.32650065,6785,-3.08637555,-1.65327342,3.09135936,-0.02975464,1.48612118,0.03623962,3.19680976,-1.60289834,-3.19180462,-0.02523199,1.48654911,0.03629165,-2.94065411,-1.67692454,-2.96179970,-0.00877380,1.47887326,0.03623962,-0.21484375,0.09277344,-0.32226562,-0.05859375,0.01464844,-0.02929688,1.03340149,2.64739990,2.64701843,0.00000000
19.34002376,6790,-3.08637555,-1.65327342,3.09135936,-0.03433228,1.48650265,0.03623962,3.19680976,-1.60291251,-3.19181896,-0.03024531,1.48659417,0.03625667,-2.94332440,-1.67539866,-2.96637734,-0.00991821,1.47887326,0.03623962,-0.19042969,0.10742188,-0.29785156,-0.07324219,0.01464844,-0.01464844,1.03340149,2.64739990,2.64701843,-0.02441406
19.35426283,6795,-3.08637555,-1.65327342,3.09135936,-0.04081726,1.48650265,0.03623962,3.19680976,-1.60291715,-3.19182366,-0.03594777,1.48678911,0.03624521,-2.94599469,-1.67387278,-2.97095497,-0.01144409,1.47887326,0.03623962,-0.19531250,0.09277344,-0.30761719,-0.11718750,0.02929688,0.00000000,1.03340149,2.64739990,2.64701843,-0.02441406
19.36909103,6800,-3.08637555,-1.65327342,3.09135936,-0.04730225,1.48650265,0.03623962,3.19680976,-1.60291867,-3.19182520,-0.04240095,1.48685299,0.03629028,-2.94866498,-1.67272837,-2.97400673,-0.01258850,1.47887326,0.03623962,-0.19531250,0.08300781,-0.28808594,-0.10253906,0.02929688,0.00000000,1.03340149,2.64739990,2.64701843,-0.02441406
19.38309765,6805,-3.08637555,-1.65327342,3.09135936,-0.05531311,1.48688412,0.03662109,3.19680976,-1.60291917,-3.19182570,-0.04970998,1.48709914,0.03636377,-2.95133527,-1.67120249,-2.97896584,-0.01449585,1.47925473,0.03623962,-0.19042969,0.08789062,-0.26855469,-0.13183594,0.04394531,0.00000000,1.03340149,2.64739990,2.64701843,-0.02441406
19.39916372,6810,-3.08637555,-1.65327342,3.09135936,-0.06446838,1.48764706,0.03662109,3.19680976,-1.60291933,-3.19182587,-0.05737698,1.48760485,0.03648795,-2.95438703,-1.66967662,-2.98354348,-0.01716614,1.47925473,0.03623962,-0.18066406,0.08300781,-0.29296875,-0.17578125,0.04394531,-0.01464844,1.03340149,2.64739990,2.64701843,-0.02441406
19.41164064,6815,-3.08637555,-1.65327342,3.09135936,-0.07095337,1.48841000,0.03662109,3.19680976,-1.60291939,-3.19182592,-0.06521120,1.48825225,0.03654621,-2.95667584,-1.66853221,-2.98735817,-0.01983643,1.48001767,0.03623962,-0.18066406,0.09765625,-0.26367188,-0.20507812,0.05859375,-0.01464844,1.03340149,2.64739990,2.64701843,-0.02441406
19.42512274,6820,-3.08675702,-1.65327342,3.09135936,-0.07972717,1.48917294,0.03662109,3.19655329,-1.60291941,-3.19182594,-0.07294372,1.48891629,0.03655749,-2.95896466,-1.66738780,-2.99079140,-0.02288818,1.48001767,0.03623962,-0.16601562,0.05859375,-0.26855469,-0.26367188,0.02929688,-0.01464844,1.03340149,2.64739990,2.64701843,-0.04882812
19.44117379,6825,-3.08713849,-1.65327342,3.09135936,-0.08659363,1.49031735,0.03662109,3.19621278,-1.60291941,-3.19182594,-0.08073850,1.48986423,0.03660025,-2.96163495,-1.66586192,-2.99498757,-0.02708435,1.48039914,0.03623962,-0.17089844,0.09277344,-0.27343750,-0.29296875,0.02929688,-0.01464844,1.03340149,2.64739990,2.64701843,-0.04882812
19.45586681,6830,-3.08713849,-1.65327342,3.09135936,-0.09307861,1.49184323,0.03662109,3.19610120,-1.60291941,-3.19182595,-0.08773618,1.49108159,0.03661426,-2.96392377,-1.66509898,-2.99842079,-0.03051758,1.48116208,0.03623962,-0.17578125,0.07812500,-0.24414062,-0.27832031,0.07324219,-0.01464844,1.03340149,2.64739990,2.64739990,0.00000000
19.46752882,6835,-3.08751996,-1.65327342,3.09135936,-0.09956360,1.49413205,0.03700256,3.19583942,-1.60291941,-3.19182595,-0.09421973,1.49282010,0.03684408,-2.96621259,-1.66395457,-3.00185402,-0.03509521,1.48192502,0.03623962,-0.17578125,0.05859375,-0.27343750,-0.35156250,0.07324219,0.00000000,1.03340149,2.64739990,2.64701843,-0.02441406
19.48639941,6840,-3.08790143,-1.65327342,3.09135936,-0.10757446,1.49756527,0.03738403,3.19558506,-1.60291941,-3.19182595,-0.10143227,1.49558423,0.03713679,-2.96926434,-1.66242869,-3.00681313,-0.03967285,1.48306943,0.03623962,-0.15625000,0.06835938,-0.24902344,-0.35156250,0.08789062,-0.01464844,1.03340149,2.64739990,2.64701843,-0.02441406
19.49955368,6845,-3.08866437,-1.65327342,3.09135936,-0.11482239,1.50023556,0.03776550,3.19502002,-1.60291941,-3.19182595,-0.10918716,1.49858458,0.03744034,-2.97079022,-1.66166575,-3.00986489,-0.04501343,1.48421383,0.03623962,-0.17089844,0.06835938,-0.23437500,-0.39550781,0.10253906,-0.02929688,1.03340149,2.64739990,2.64701843,-0.02441406
19.51293135,6850,-3.09019025,-1.65327342,3.09135936,-0.12054443,1.50176144,0.03814697,3.19398916,-1.60291941,-3.19182595,-0.11554163,1.50064635,0.03773525,-2.97346051,-1.66013987,-3.01329811,-0.04959106,1.48535824,0.03623962,-0.17089844,0.08300781,-0.22949219,-0.33691406,0.10253906,-0.01464844,1.03340149,2.64739990,2.64701843,-0.02441406
19.52970338,6855,-3.09247907,-1.65365489,3.09135936,-0.12664795,1.50252438,0.03929138,3.19236304,-1.60299571,-3.19182595,-0.12130453,1.50195403,0.03835080,-2.97536786,-1.65937693,-3.01634987,-0.05378723,1.48612118,0.03623962,-0.15136719,0.07812500,-0.23925781,-0.36621094,0.07324219,-0.01464844,1.03340149,2.64739990,2.64701843,-0.02441406
19.54581141,6860,-3.09476788,-1.65403636,3.09135936,-0.13198853,1.50366879,0.04158020,3.19032263,-1.60333821,-3.19182595,-0.12701250,1.50303280,0.03990969,-2.97841962,-1.65785105,-3.02016457,-0.05989075,1.48726559,0.03623962,-0.16601562,0.07324219,-0.22949219,-0.29296875,0.07324219,-0.02929688,1.03340149,2.64739990,2.64701843,-0.02441406
19.55796361,6865,-3.09667523,-1.65479930,3.09135936,-0.13427734,1.50443173,0.04310608,3.18816025,-1.60387110,-3.19182595,-0.13146467,1.50419855,0.04172812,-2.98032697,-1.65670665,-3.02359780,-0.06256104,1.48802853,0.03623962,-0.15625000,0.08300781,-0.22949219,-0.36621094,0.08789062,-0.02929688,1.03340149,2.64739990,2.64701843,-0.02441406
19.56947541,6870,-3.09934552,-1.65479930,3.09135936,-0.13542175,1.50519467,0.04615784,3.18583657,-1.60425714,-3.19182595,-0.13387461,1.50505442,0.04387476,-2.98223432,-1.65594371,-3.02664955,-0.06904602,1.48879147,0.03623962,-0.14648438,0.06835938,-0.22460938,-0.41015625,0.04394531,-0.01464844,1.03340149,2.64739990,2.64701843,0.00000000
19.58501649,6875,-3.10239728,-1.65556224,3.09135936,-0.13542175,1.50633908,0.05187988,3.18327388,-1.60482627,-3.19182595,-0.13491478,1.50592410,0.04785637,-2.98452313,-1.65479930,-3.03008278,-0.07400513,1.48917294,0.03623962,-0.15136719,0.05859375,-0.20507812,-0.36621094,0.05859375,-0.01464844,1.03340149,2.64739990,2.64701843,-0.02441406
19.60040641,6880,-3.10659345,-1.65670665,3.09135936,-0.13465881,1.50786496,0.05874634,3.17985125,-1.60566303,-3.19182595,-0.13499318,1.50711582,0.05358807,-2.98681195,-1.65365489,-3.03313454,-0.07934570,1.49031735,0.03623962,-0.15136719,0.06835938,-0.22949219,-0.32226562,0.08789062,-0.01464844,1.03302002,2.64724731,2.64701843,-0.04882812
19.61307502,6885,-3.10926373,-1.65746958,3.09135936,-0.13427734,1.50862790,0.06332397,3.17649449,-1.60652047,-3.19182595,-0.13458222,1.50831858,0.05918303,-2.98871930,-1.65289195,-3.03580483,-0.08239746,1.49108029,0.03662109,-0.15136719,0.06347656,-0.20996094,-0.26367188,0.11718750,0.00000000,1.03340149,2.64725225,2.64701843,-0.04882812
19.62515998,6890,-3.11231549,-1.65823252,3.09135936,-0.13427734,1.50900937,0.06904602,3.17319777,-1.60733195,-3.19182595,-0.13437725,1.50889836,0.06485806,-2.99062665,-1.65251048,-3.03885659,-0.08583069,1.49413205,0.03700256,-0.16601562,0.05371094,-0.20507812,-0.30761719,0.17578125,0.01464844,1.03340149,2.64735152,2.64701843,0.00000000
19.64014196,6895,-3.11536725,-1.65975840,3.09135936,-0.13351440,1.50862790,0.07553101,3.17008332,-1.60844356,-3.19182595,-0.13394753,1.50915317,0.07079834,-2.99329694,-1.65136607,-3.04152687,-0.09002686,1.49642087,0.03852844,-0.15625000,0.05371094,-0.19531250,-0.30761719,0.20507812,0.11718750,1.03302002,2.64713380,2.64701843,-0.02441406
19.65510893,6900,-3.11918195,-1.66090281,3.09135936,-0.13275146,1.50862790,0.08201599,3.16670951,-1.60963826,-3.19182595,-0.13333284,1.50923666,0.07723375,-2.99558576,-1.65060313,-3.04457863,-0.09384155,1.49832821,0.04348755,-0.16113281,0.03417969,-0.18066406,-0.24902344,0.13183594,0.32226562,1.03340149,2.64703048,2.64701843,-0.02441406
19.66757965,6905,-3.12185223,-1.66204722,3.09135936,-0.13160706,1.50862790,0.08583069,3.16367588,-1.61076936,-3.19182595,-0.13232295,1.50908385,0.08235251,-2.99749310,-1.64984019,-3.04686745,-0.09651184,1.49947262,0.04615784,-0.16601562,0.04882812,-0.18554688,-0.21972656,0.11718750,0.11718750,1.03302002,2.64676591,2.64701843,-0.02441406
19.68070126,6910,-3.12452252,-1.66357310,3.09135936,-0.13084412,1.50862790,0.08697510,3.16100567,-1.61190562,-3.19182595,-0.13144784,1.50907283,0.08535881,-2.99978192,-1.64907725,-3.04953774,-0.09880066,1.50214291,0.04615784,-0.16601562,0.05859375,-0.20507812,-0.17578125,0.21972656,0.02929688,1.03340149,2.64697243,2.64701843,-0.04882812
19.69356489,6915,-3.12604840,-1.66471751,3.09135936,-0.13008118,1.50862790,0.08697510,3.15871761,-1.61327637,-3.19182595,-0.13074043,1.50907899,0.08644547,-3.00168927,-1.64869578,-3.05182656,-0.10070801,1.50405026,0.04882812,-0.16113281,0.04394531,-0.19042969,-0.17578125,0.14648438,0.16113281,1.03340149,2.64696198,2.64701843,-0.02441406
19.70576668,6920,-3.12795575,-1.66586192,3.09135936,-0.13046265,1.50862790,0.08697510,3.15682223,-1.61444612,-3.19182595,-0.13043453,1.50903218,0.08680155,-3.00397809,-1.64793284,-3.05449684,-0.10261536,1.50443173,0.05111694,-0.17089844,0.03906250,-0.17578125,-0.14648438,0.02929688,0.17578125,1.03302002,2.64686553,2.64701843,-0.02441406
19.71890950,6925,-3.12948163,-1.66624339,3.09135936,-0.13084412,1.50900937,0.08697510,3.15499510,-1.61529731,-3.19182595,-0.13063959,1.50915417,0.08691823,-3.00626691,-1.64755137,-3.05678566,-0.10490417,1.50443173,0.05378723,-0.17089844,0.04882812,-0.16601562,-0.19042969,0.01464844,0.13183594,1.03340149,2.64692695,2.64701843,-0.02441406
19.73375058,6930,-3.13138898,-1.66776927,3.09135936,-0.13122559,1.50900937,0.08697510,3.15321413,-1.61639069,-3.19182595,-0.13085339,1.50931329,0.08695646,-3.00855573,-1.64678843,-3.05945595,-0.10719299,1.50443173,0.05607605,-0.15625000,0.03417969,-0.17578125,-0.17578125,0.01464844,0.11718750,1.03340149,2.64704473,2.64701843,-0.02441406
19.74848771,6935,-3.13215192,-1.66891368,3.09135936,-0.13160706,1.50900937,0.08659363,3.15189837,-1.61762824,-3.19182595,-0.13124095,1.50936542,0.08678283,-3.01084454,-1.64640696,-3.06212624,-0.10910034,1.50443173,0.05760193,-0.16601562,0.03906250,-0.18066406,-0.19042969,0.02929688,0.10253906,1.03340149,2.64710774,2.64701843,0.00000000
19.76096416,6940,-3.13367780,-1.67005809,3.09135936,-0.13198853,1.50939084,0.08659363,3.15054143,-1.61887348,-3.19182595,-0.13171231,1.50951984,0.08665563,-3.01313336,-1.64564402,-3.06403359,-0.11024475,1.50443173,0.06065369,-0.16601562,0.04882812,-0.18066406,-0.08789062,0.01464844,0.23437500,1.03340149,2.64718210,2.64701843,-0.04882812
19.77417159,6945,-3.13444074,-1.67043956,3.09135936,-0.13160706,1.50977231,0.08621216,3.14963268,-1.61968838,-3.19182595,-0.13182172,1.50976587,0.08647661,-3.01504071,-1.64526255,-3.06670388,-0.11100769,1.50443173,0.06332397,-0.15625000,0.01953125,-0.16601562,-0.08789062,-0.00000000,0.14648438,1.03340149,2.64732853,2.64701843,-0.04882812
19.78962779,6950,-3.13520368,-1.67082102,3.09135936,-0.13160706,1.51091672,0.08621216,3.14862421,-1.62021188,-3.19182595,-0.13167740,1.51046551,0.08629882,-3.01732953,-1.64488108,-3.06899269,-0.11253357,1.50443173,0.06370544,-0.16113281,0.03906250,-0.15136719,-0.13183594,0.02929688,0.01464844,1.03302002,2.64722393,2.64701843,-0.02441406
19.80356264,6955,-3.13596661,-1.67196543,3.09135936,-0.13160706,1.51244259,0.08621216,3.14785943,-1.62096337,-3.19182595,-0.13163011,1.51172065,0.08617952,-3.01961835,-1.64411814,-3.07128151,-0.11444092,1.50481320,0.06484985,-0.15136719,0.02441406,-0.15136719,-0.16113281,0.04394531,0.08789062,1.03340149,2.64724458,2.64701843,-0.02441406
19.81748128,6960,-3.13596661,-1.67234690,3.09135936,-0.13160706,1.51282406,0.08621216,3.14742865,-1.62165554,-3.19182595,-0.13161461,1.51264865,0.08611357,-3.02152570,-1.64373667,-3.07318886,-0.11672974,1.50481320,0.06828308,-0.15625000,0.02441406,-0.14160156,-0.17578125,0.02929688,0.23437500,1.03340149,2.64734901,2.64701843,-0.02441406
19.82972527,6965,-3.13596661,-1.67234690,3.09135936,-0.13198853,1.51396847,0.08621216,3.14728749,-1.62188236,-3.19182595,-0.13173465,1.51357176,0.08606999,-3.02343305,-1.64373667,-3.07547768,-0.11787415,1.50519467,0.07171631,-0.17089844,0.01464844,-0.16601562,-0.10253906,0.04394531,0.24902344,1.03340149,2.64738323,2.64701843,-0.04882812
19.84214735,6970,-3.13596661,-1.67234690,3.09135936,-0.13198853,1.51549435,0.08583069,3.14724124,-1.62195668,-3.19182595,-0.13190534,1.51485130,0.08590910,-3.02572186,-1.64335520,-3.07738503,-0.11825562,1.50557614,0.07133484,-0.16113281,0.01464844,-0.16113281,-0.05859375,0.02929688,-0.04394531,1.03340149,2.64721866,2.64701843,-0.02441406
19.85544562,6975,-3.13596661,-1.67234690,3.09135936,-0.13198853,1.51702023,0.08583069,3.14722608,-1.62198103,-3.19182595,-0.13196127,1.51634528,0.08593646,-3.02762921,-1.64297373,-3.07967385,-0.11863708,1.50557614,0.07171631,-0.14648438,0.02441406,-0.14648438,-0.01464844,0.04394531,0.01464844,1.03340149,2.64734051,2.64701843,-0.04882812
19.87129235,6980,-3.13596661,-1.67234690,3.09135936,-0.13198853,1.51930905,0.08583069,3.14722111,-1.62198901,-3.19182595,-0.13197959,1.51812316,0.08589660,-3.02991803,-1.64259227,-3.08158120,-0.11978149,1.50595761,0.07209778,-0.15625000,0.02441406,-0.16601562,-0.08789062,0.07324219,0.00000000,1.03302002,2.64722785,2.64701843,-0.04882812
19.88576508,6985,-3.13596661,-1.67234690,3.09135936,-0.13160706,1.52007199,0.08583069,3.14721949,-1.62199163,-3.19182595,-0.13184827,1.51953948,0.08585229,-3.03182538,-1.64182933,-3.08387001,-0.12092590,1.50672055,0.07286072,-0.15136719,0.03906250,-0.14160156,-0.11718750,0.05859375,0.07324219,1.03340149,2.64722146,2.64701843,0.00000000
19.89664555,6990,-3.13596661,-1.67234690,3.09135936,-0.13160706,1.52121640,0.08583069,3.14721895,-1.62199248,-3.19182595,-0.13168610,1.52071195,0.08583777,-3.03373273,-1.64182933,-3.08577736,-0.12283325,1.50748349,0.07476807,-0.14160156,0.01464844,-0.13183594,-0.14648438,0.07324219,0.10253906,1.03340149,2.64726330,2.64701843,-0.02441406
19.91244984,6995,-3.13596661,-1.67234690,3.09135936,-0.13160706,1.52159787,0.08583069,3.14721878,-1.62199276,-3.19182595,-0.13163296,1.52153279,0.08583301,-3.03602155,-1.64144786,-3.08806618,-0.12435913,1.50824643,0.07476807,-0.14648438,0.02441406,-0.12695312,-0.10253906,0.05859375,0.00000000,1.03340149,2.64727702,2.64701843,-0.04882812
19.92823386,7000,-3.13596661,-1.67234690,3.09135936,-0.13160706,1.52197934,0.08583069,3.14721872,-1.62199286,-3.19182595,-0.13161554,1.52208948,0.08583145,-3.03792890,-1.64068492,-3.08997353,-0.12435913,1.50900937,0.07553101,-0.15136719,0.02929688,-0.11718750,-0.02929688,0.07324219,0.02929688,1.03340149,2.64735964,2.64701843,-0.02441406
19.94231105,7005,-3.13596661,-1.67234690,3.09135936,-0.13160706,1.52197934,0.08583069,3.14721870,-1.62199289,-3.19182595,-0.13160984,1.52227190,0.08583094,-3.03945477,-1.64068492,-3.09149941,-0.12435913,1.50977231,0.07629395,-0.13671875,0.01953125,-0.12695312,-0.01464844,0.08789062,0.07324219,1.03340149,2.64738671,2.64701843,-0.04882812
19.95462918,7010,-3.13596661,-1.67234690,3.09135936,-0.13160706,1.52197934,0.08583069,3.14721870,-1.62199290,-3.19182595,-0.13160797,1.52233167,0.08583077,-3.04136212,-1.63992198,-3.09340676,-0.12435913,1.51129818,0.07820129,-0.12207031,0.03417969,-0.13183594,-0.01464844,0.14648438,0.10253906,1.03340149,2.64731745,2.64701843,-0.02441406
19.96959186,7015,-3.13596661,-1.67234690,3.09135936,-0.13160706,1.52197934,0.08544922,3.14721869,-1.62199290,-3.19182595,-0.13160735,1.52235126,0.08575442,-3.04326947,-1.63992198,-3.09531411,-0.12474060,1.51244259,0.07858276,-0.13671875,0.01464844,-0.13183594,-0.02929688,0.08789062,0.00000000,1.03340149,2.64737289,2.64701843,0.00000000
19.98439550,7020,-3.13596661,-1.67234690,3.09135936,-0.13160706,1.52197934,0.08544922,3.14721869,-1.62199290,-3.19182595,-0.13160715,1.52232643,0.08554923,-3.04517682,-1.63954051,-3.09760292,-0.12512207,1.51282406,0.07858276,-0.13183594,0.01953125,-0.11718750,-0.01464844,0.02929688,-0.01464844,1.03340149,2.64731292,2.64701843,-0.04882812
19.99803019,7025,-3.13596661,-1.67234690,3.09135936,-0.13160706,1.52197934,0.08544922,3.14721869,-1.62199290,-3.19182595,-0.13160709,1.52234954,0.08548199,-3.04670270,-1.63915904,-3.09874733,-0.12550354,1.51282406,0.07858276,-0.12207031,0.01464844,-0.10253906,-0.07324219,0.05859375,0.01464844,1.03302002,2.64721881,2.64701843,0.00000000
20.01367664,7030,-3.13596661,-1.67234690,3.09135936,-0.13198853,1.52197934,0.08544922,3.14721869,-1.62199290,-3.19182595,-0.13177565,1.52235712,0.08545996,-3.04861005,-1.63877757,-3.10103615,-0.12626648,1.51396847,0.07896423,-0.13183594,0.01464844,-0.13671875,-0.04394531,0.05859375,-0.01464844,1.03302002,2.64709032,2.64701843,-0.02441406
20.02813601,7035,-3.13596661,-1.67234690,3.09135936,-0.13198853,1.52197934,0.08544922,3.14721869,-1.62199290,-3.19182595,-0.13187971,1.52235960,0.08545274,-3.05013593,-1.63839610,-3.10294350,-0.12664795,1.51473141,0.07934570,-0.12207031,0.02929688,-0.11718750,-0.05859375,0.07324219,0.01464844,1.03302002,2.64714587,2.64701843,0.00000000
20.04217815,7040,-3.13596661,-1.67234690,3.09135936,-0.13198853,1.52197934,0.08544922,3.14721869,-1.62199290,-3.19182595,-0.13195287,1.52236041,0.08545037,-3.05204328,-1.63801463,-3.10485085,-0.12741089,1.51473141,0.07934570,-0.10253906,0.00488281,-0.09765625,-0.07324219,0.02929688,-0.01464844,1.03340149,2.64701881,2.64701843,0.00000000
20.05790806,7045,-3.13596661,-1.67234690,3.09135936,-0.13198853,1.52159787,0.08544922,3.14721869,-1.62199290,-3.19182595,-0.13197684,1.52228438,0.08544960,-3.05356915,-1.63763316,-3.10637673,-0.12779236,1.51549435,0.08010864,-0.10253906,0.01464844,-0.11230469,-0.02929688,0.07324219,0.01464844,1.03340149,2.64727503,2.64701843,0.00000000
20.07227445,7050,-3.13596661,-1.67234690,3.09135936,-0.13198853,1.52197934,0.08544922,3.14721869,-1.62199290,-3.19182595,-0.13198470,1.52233576,0.08544934,-3.05547650,-1.63763316,-3.10790261,-0.12779236,1.51587582,0.08049011,-0.14160156,0.01464844,-0.09277344,-0.01464844,0.04394531,0.01464844,1.03302002,2.64712827,2.64701843,-0.02441406
20.08562374,7055,-3.13596661,-1.67234690,3.09135936,-0.13198853,1.52197934,0.08544922,3.14721869,-1.62199290,-3.19182595,-0.13198727,1.52230377,0.08544926,-3.05700238,-1.63725169,-3.10942849,-0.12779236,1.51625729,0.08125305,-0.11718750,0.01464844,-0.09277344,-0.02929688,0.04394531,0.02929688,1.03302002,2.64703624,2.64701843,0.00000000
20.10056353,7060,-3.13596661,-1.67234690,3.09135936,-0.13237000,1.52197934,0.08544922,3.14721869,-1.62199290,-3.19182595,-0.13224458,1.52231087,0.08544923,-3.05852826,-1.63687022,-3.11095436,-0.12817383,1.51625729,0.08163452,-0.10253906,0.00488281,-0.11718750,-0.04394531,0.02929688,0.00000000,1.03340149,2.64710495,2.64701843,-0.02441406
20.11572385,7065,-3.13596661,-1.67234690,3.09135936,-0.13275146,1.52197934,0.08544922,3.14721869,-1.62199290,-3.19182595,-0.13246623,1.52231319,0.08544922,-3.06005414,-1.63648875,-3.11324318,-0.12893677,1.51740170,0.08163452,-0.09765625,0.01953125,-0.12207031,-0.02929688,0.05859375,0.02929688,1.03340149,2.64716263,2.64701843,-0.02441406
20.12895417,7070,-3.13596661,-1.67234690,3.09135936,-0.13313293,1.52197934,0.08544922,3.14721869,-1.62199290,-3.19182595,-0.13284416,1.52229638,0.08544922,-3.06158002,-1.63648875,-3.11476906,-0.12893677,1.51816464,0.08163452,-0.11718750,0.01953125,-0.12207031,-0.04394531,0.08789062,-0.01464844,1.03302002,2.64707191,2.64701843,-0.02441406
20.14273071,7075,-3.13596661,-1.67234690,3.09135936,-0.13313293,1.52197934,0.08544922,3.14721869,-1.62199290,-3.19182595,-0.13303831,1.52229087,0.08544922,-3.06272443,-1.63610728,-3.11591347,-0.12931824,1.51892758,0.08201599,-0.10742188,0.00976562,-0.10253906,-0.02929688,0.05859375,0.00000000,1.03340149,2.64710785,2.64701843,-0.04882812
20.15768766,7080,-3.13596661,-1.67234690,3.09135936,-0.13351440,1.52197934,0.08544922,3.14721869,-1.62199290,-3.19182595,-0.13335840,1.52230664,0.08544922,-3.06425031,-1.63610728,-3.11705788,-0.13008118,1.52007199,0.08201599,-0.11718750,0.00488281,-0.07324219,-0.04394531,0.07324219,0.00000000,1.03340149,2.64720655,2.64701843,-0.04882812
20.17435622,7085,-3.13596661,-1.67234690,3.09135936,-0.13389587,1.52197934,0.08544922,3.14721869,-1.62199290,-3.19182595,-0.13358841,1.52225517,0.08544922,-3.06615765,-1.63572581,-3.11896523,-0.13046265,1.52159787,0.08201599,-0.10253906,0.01953125,-0.07812500,-0.05859375,0.08789062,-0.01464844,1.03302002,2.64696423,2.64701843,-0.02441406
20.18971372,7090,-3.13596661,-1.67234690,3.09135936,-0.13389587,1.52197934,0.08544922,3.14721869,-1.62199290,-3.19182595,-0.13379512,1.52229494,0.08544922,-3.06730206,-1.63534434,-3.12087258,-0.13122559,1.52236081,0.08239746,-0.09277344,0.01953125,-0.09277344,-0.05859375,0.05859375,0.00000000,1.03340149,2.64689679,2.64701843,-0.02441406
20.20381165,7095,-3.13596661,-1.67234690,3.09135936,-0.13427734,1.52197934,0.08544922,3.14721869,-1.62199290,-3.19182595,-0.13404902,1.52233922,0.08544922,-3.06882794,-1.63496287,-3.12163552,-0.13160706,1.52236081,0.08239746,-0.09765625,0.00488281,-0.09277344,-0.04394531,0.01464844,0.00000000,1.03302002,2.64678460,2.64701843,-0.02441406
20.21906304,7100,-3.13596661,-1.67234690,3.09135936,-0.13465881,1.52197934,0.08544922,3.14721869,-1.62199290,-3.19182595,-0.13433985,1.52229270,0.08544922,-3.06997235,-1.63496287,-3.12277993,-0.13160706,1.52236081,0.08277893,-0.10253906,0.00488281,-0.05859375,-0.04394531,0.01464844,0.00000000,1.03302002,2.64680741,2.64701843,-0.02441406
20.23192072,7105,-3.13596661,-1.67234690,3.09135936,-0.13465881,1.52159787,0.08544922,3.14721869,-1.62199290,-3.19182595,-0.13455430,1.52226220,0.08544922,-3.07111676,-1.63496287,-3.12430580,-0.13160706,1.52236081,0.08277893,-0.08300781,0.00976562,-0.09765625,-0.01464844,-0.00000000,-0.01464844,1.03340149,2.64720576,2.64701843,0.00000000
20.24523973,7110,-3.13596661,-1.67234690,3.09135936,-0.13504028,1.52197934,0.08544922,3.14721869,-1.62199290,-3.19182595,-0.13488104,1.52214832,0.08544922,-3.07226117,-1.63458140,-3.12545021,-0.13160706,1.52274228,0.08277893,-0.10253906,0.02441406,-0.09765625,-0.01464844,0.02929688,0.00000000,1.03302002,2.64682334,2.64701843,-0.02441406
20.25948334,7115,-3.13596661,-1.67234690,3.09135936,-0.13542175,1.52197934,0.08544922,3.14721869,-1.62199290,-3.19182595,-0.13521332,1.52229118,0.08544922,-3.07378705,-1.63419993,-3.12697609,-0.13198853,1.52274228,0.08316040,-0.08300781,0.00976562,-0.08789062,-0.02929688,0.02929688,0.00000000,1.03302002,2.64677616,2.64701843,-0.02441406
20.27584076,7120,-3.13596661,-1.67234690,3.09135936,-0.13542175,1.52197934,0.08544922,3.14721869,-1.62199290,-3.19182595,-0.13535345,1.52230674,0.08544922,-3.07493146,-1.63419993,-3.12812050,-0.13237000,1.52274228,0.08316040,-0.10742188,0.00976562,-0.06347656,-0.01464844,0.01464844,0.00000000,1.03340149,2.64699532,2.64701843,-0.02441406
20.28709197,7125,-3.13596661,-1.67234690,3.09135936,-0.13542175,1.52159787,0.08544922,3.14721869,-1.62199290,-3.19182595,-0.13539937,1.52222773,0.08544922,-3.07607587,-1.63381846,-3.12926491,-0.13237000,1.52274228,0.08354187,-0.07324219,0.01464844,-0.08789062,-0.01464844,0.01464844,-0.01464844,1.03340149,2.64709155,2.64701843,-0.02441406
20.30232763,7130,-3.13596661,-1.67234690,3.09135936,-0.13542175,1.52197934,0.08544922,3.14721869,-1.62199290,-3.19182595,-0.13541442,1.52226837,0.08544922,-3.07722028,-1.63343699,-3.13040932,-0.13237000,1.52274228,0.08392334,-0.10253906,0.01464844,-0.06347656,0.01464844,-0.00000000,0.01464844,1.03340149,2.64707913,2.64701843,-0.04882812
20.31568122,7135,-3.13596661,-1.67234690,3.09135936,-0.13542175,1.52197934,0.08544922,3.14721869,-1.62199290,-3.19182595,-0.13541935,1.52233052,0.08544922,-3.07836469,-1.63305552,-3.13193520,-0.13237000,1.52274228,0.08430481,-0.06347656,0.01464844,-0.08300781,-0.01464844,0.02929688,0.01464844,1.03340149,2.64711022,2.64701843,0.02441406
20.33094883,7140,-3.13596661,-1.67234690,3.09135936,-0.13542175,1.52197934,0.08544922,3.14721869,-1.62199290,-3.19182595,-0.13542097,1.52235088,0.08544922,-3.07950910,-1.63267405,-3.13307961,-0.13275146,1.52274228,0.08506775,-0.07812500,0.01953125,-0.09765625,-0.04394531,0.02929688,0.02929688,1.03340149,2.64702275,2.64701843,-0.02441406
20.34377313,7145,-3.13596661,-1.67234690,3.09135936,-0.13542175,1.52197934,0.08544922,3.14721869,-1.62199290,-3.19182595,-0.13542149,1.52235755,0.08544922,-3.08027203,-1.63267405,-3.13422402,-0.13313293,1.52274228,0.08544922,-0.07812500,0.00976562,-0.06347656,-0.04394531,-0.00000000,0.01464844,1.03340149,2.64719819,2.64701843,-0.02441406
20.35697341,7150,-3.13596661,-1.67234690,3.09135936,-0.13542175,1.52197934,0.08544922,3.14721869,-1.62199290,-3.19182595,-0.13542167,1.52235974,0.08544922,-3.08141644,-1.63229258,-3.13536843,-0.13313293,1.52274228,0.08544922,-0.09277344,0.00488281,-0.07324219,-0.01464844,0.02929688,-0.01464844,1.03302002,2.64698102,2.64701843,-0.02441406
20.37128901,7155,-3.13596661,-1.67234690,3.09135936,-0.13542175,1.52197934,0.08544922,3.14721869,-1.62199290,-3.19182595,-0.13542173,1.52236046,0.08544922,-3.08256085,-1.63229258,-3.13613137,-0.13313293,1.52274228,0.08583069,-0.07812500,0.00000000,-0.05371094,-0.02929688,0.02929688,0.00000000,1.03302002,2.64696943,2.64701843,-0.02441406
20.38497734,7160,-3.13596661,-1.67234690,3.09135936,-0.13542175,1.52197934,0.08544922,3.14721869,-1.62199290,-3.19182595,-0.13542174,1.52231186,0.08544922,-3.08332379,-1.63229258,-3.13689431,-0.13351440,1.52274228,0.08544922,-0.09277344,0.00000000,-0.05859375,-0.04394531,0.01464844,-0.01464844,1.03302002,2.64696563,2.64701843,-0.04882812
20.39660001,7165,-3.13596661,-1.67234690,3.09135936,-0.13542175,1.52159787,0.08544922,3.14721869,-1.62199290,-3.19182595,-0.13536071,1.52220744,0.08544922,-3.08446820,-1.63229258,-3.13765724,-0.13351440,1.52274228,0.08583069,-0.07812500,0.00488281,-0.05371094,-0.01464844,0.02929688,-0.01464844,1.03340149,2.64711698,2.64701843,-0.02441406
20.40923619,7170,-3.13596661,-1.67234690,3.09135936,-0.13542175,1.52197934,0.08544922,3.14721869,-1.62199290,-3.19182595,-0.13536269,1.52231055,0.08544922,-3.08523114,-1.63191111,-3.13880165,-0.13389587,1.52274228,0.08544922,-0.07812500,0.00488281,-0.07812500,-0.05859375,0.02929688,-0.01464844,1.03302002,2.64693488,2.64701843,0.00000000
20.42405581,7175,-3.13596661,-1.67234690,3.09135936,-0.13504028,1.52159787,0.08544922,3.14721869,-1.62199290,-3.19182595,-0.13514593,1.52226805,0.08544922,-3.08637555,-1.63152964,-3.13994606,-0.13427734,1.52274228,0.08583069,-0.07324219,0.00000000,-0.06347656,-0.01464844,0.01464844,-0.01464844,1.03340149,2.64712545,2.64701843,-0.04882812
20.43664241,7180,-3.13596661,-1.67234690,3.09135936,-0.13504028,1.52159787,0.08544922,3.14721869,-1.62199290,-3.19182595,-0.13507490,1.52219308,0.08544922,-3.08713849,-1.63152964,-3.14109047,-0.13427734,1.52274228,0.08583069,-0.07324219,0.00976562,-0.07324219,-0.02929688,0.01464844,-0.01464844,1.03302002,2.64691910,2.64701843,-0.04882812
20.45172238,7185,-3.13596661,-1.67234690,3.09135936,-0.13504028,1.52197934,0.08544922,3.14721869,-1.62199290,-3.19182595,-0.13505163,1.52212567,0.08544922,-3.08828290,-1.63152964,3.14133190,-0.13465881,1.52274228,0.08544922,-0.07812500,0.00488281,-0.06347656,-0.01464844,0.01464844,-0.01464844,1.03340149,2.64700407,2.64701843,-0.07324219
20.46543193,7190,-3.13596661,-1.67234690,3.09135936,-0.13504028,1.52159787,0.08544922,3.14721869,-1.62199290,-3.19182595,-0.13504400,1.52202729,0.08544922,-3.08904584,-1.63152964,3.14056896,-0.13465881,1.52274228,0.08544922,-0.06347656,0.00488281,-0.05859375,0.00000000,0.02929688,0.00000000,1.03302002,2.64697698,2.64701843,0.00000000
20.47931552,7195,-3.13596661,-1.67234690,3.09135936,-0.13504028,1.52159787,0.08544922,3.14721869,-1.62199290,-3.19182595,-0.13504150,1.52199505,0.08544922,-3.08980878,-1.63114817,3.13980602,-0.13465881,1.52312375,0.08544922,-0.08789062,0.00488281,-0.04394531,-0.01464844,0.02929688,-0.02929688,1.03302002,2.64704623,2.64701843,-0.04882812
20.49316669,7200,-3.13596661,-1.67234690,3.09135936,-0.13504028,1.52159787,0.08544922,3.14721869,-1.62199290,-3.19182595,-0.13504068,1.52198449,0.08544922,-3.09057172,-1.63114817,3.13904308,-0.13465881,1.52312375,0.08583069,-0.06347656,0.01464844,-0.06835938,-0.01464844,0.01464844,-0.01464844,1.03340149,2.64706429,2.64701843,-0.02441406
20.50631762,7205,-3.13596661,-1.67234690,3.09135936,-0.13504028,1.52159787,0.08544922,3.14721869,-1.62199290,-3.19182595,-0.13504041,1.52198102,0.08544922,-3.09133466,-1.63076670,3.13789867,-0.13465881,1.52312375,0.08544922,-0.05859375,0.00976562,-0.05371094,-0.01464844,0.01464844,-0.02929688,1.03302002,2.64701527,2.64701843,0.00000000
20.52194190,7210,-3.13596661,-1.67234690,3.09135936,-0.13504028,1.52159787,0.08544922,3.14721869,-1.62199290,-3.19182595,-0.13504033,1.52197989,0.08544922,-3.09247907,-1.63038523,3.13675426,-0.13504028,1.52274228,0.08544922,-0.06835938,0.00488281,-0.07324219,-0.01464844,-0.00000000,-0.01464844,1.03302002,2.64688300,2.64701843,-0.02441406
20.53504586,7215,-3.13596661,-1.67234690,3.09135936,-0.13504028,1.52159787,0.08544922,3.14721869,-1.62199290,-3.19182595,-0.13504030,1.52197952,0.08544922,-3.09324201,-1.63038523,3.13599132,-0.13504028,1.52274228,0.08544922,-0.05371094,0.00976562,-0.05371094,-0.02929688,0.01464844,-0.01464844,1.03302002,2.64689336,2.64701843,-0.04882812
20.54947138,7220,-3.13596661,-1.67234690,3.09135936,-0.13504028,1.52159787,0.08544922,3.14721869,-1.62199290,-3.19182595,-0.13504029,1.52201846,0.08544922,-3.09400494,-1.63038523,3.13522838,-0.13504028,1.52274228,0.08544922,-0.06347656,0.00488281,-0.04394531,-0.01464844,-0.00000000,-0.02929688,1.03340149,2.64703372,2.64701843,-0.02441406
20.56295276,7225,-3.13596661,-1.67234690,3.09135936,-0.13504028,1.52159787,0.08544922,3.14721869,-1.62199290,-3.19182595,-0.13504028,1.52199216,0.08544922,-3.09476788,-1.63000376,3.13446544,-0.13465881,1.52312375,0.08544922,-0.05859375,0.00488281,-0.03906250,0.00000000,0.02929688,-0.01464844,1.03302002,2.64704920,2.64701843,-0.02441406
20.57659197,7230,-3.13596661,-1.67234690,3.09135936,-0.13504028,1.52159787,0.08544922,3.14721869,-1.62199290,-3.19182595,-0.13504028,1.52198354,0.08544922,-3.09553082,-1.63000376,3.13370250,-0.13504028,1.52274228,0.08544922,-0.05371094,0.00000000,-0.05859375,-0.04394531,-0.00000000,-0.01464844,1.03340149,2.64698713,2.64701843,-0.04882812
20.58897710,7235,-3.13596661,-1.67234690,3.09135936,-0.13504028,1.52159787,0.08544922,3.14721869,-1.62199290,-3.19182595,-0.13504028,1.52198071,0.08544922,-3.09629376,-1.63000376,3.13293956,-0.13504028,1.52312375,0.08544922,-0.08300781,0.00488281,-0.07324219,-0.01464844,0.02929688,-0.01464844,1.03340149,2.64718652,2.64701843,-0.02441406
20.60231376,7240,-3.13596661,-1.67234690,3.09135936,-0.13504028,1.52159787,0.08544922,3.14721869,-1.62199290,-3.19182595,-0.13504028,1.52197979,0.08544922,-3.09705670,-1.62962229,3.13217662,-0.13504028,1.52274228,0.08544922,-0.06835938,0.00976562,-0.06347656,-0.01464844,-0.00000000,0.00000000,1.03340149,2.64726748,2.64701843,-0.02441406
20.61579776,7245,-3.13596661,-1.67234690,3.09135936,-0.13504028,1.52159787,0.08544922,3.14721869,-1.62199290,-3.19182595,-0.13504028,1.52201074,0.08544922,-3.09743817,-1.62962229,3.13141368,-0.13504028,1.52274228,0.08544922,-0.04394531,0.00488281,-0.06347656,-0.04394531,-0.00000000,-0.01464844,1.03340149,2.64719635,2.64701843,-0.04882812
20.62821484,7250,-3.13596661,-1.67234690,3.09135936,-0.13504028,1.52197934,0.08544922,3.14721869,-1.62199290,-3.19182595,-0.13504028,1.52212695,0.08544922,-3.09858258,-1.62962229,3.13065074,-0.13504028,1.52274228,0.08544922,-0.06347656,0.00000000,-0.04394531,-0.01464844,0.01464844,0.00000000,1.03302002,2.64708296,2.64701843,-0.02441406
20.64159131,7255,-3.13596661,-1.67234690,3.09135936,-0.13504028,1.52197934,0.08544922,3.14721869,-1.62199290,-3.19182595,-0.13504028,1.52220410,0.08544922,-3.09896405,-1.62924082,3.12988780,-0.13504028,1.52274228,0.08544922,-0.05859375,0.00488281,-0.03906250,0.00000000,0.01464844,-0.01464844,1.03340149,2.64713589,2.64701843,-0.02441406
20.65631866,7260,-3.13596661,-1.67234690,3.09135936,-0.13504028,1.52159787,0.08544922,3.14721869,-1.62199290,-3.19182595,-0.13504028,1.52217213,0.08544922,-3.09972699,-1.62924082,3.12912486,-0.13504028,1.52274228,0.08544922,-0.04882812,0.01464844,-0.04882812,0.00000000,0.01464844,-0.01464844,1.03340149,2.64711320,2.64701843,-0.02441406
20.67055845,7265,-3.13596661,-1.67234690,3.09135936,-0.13504028,1.52197934,0.08544922,3.14721869,-1.62199290,-3.19182595,-0.13504028,1.52220670,0.08544922,-3.10048993,-1.62885936,3.12874339,-0.13504028,1.52274228,0.08544922,-0.05371094,0.00488281,-0.02929688,0.00000000,-0.01464844,-0.01464844,1.03302002,2.64707524,2.64701843,-0.04882812
20.68500972,7270,-3.13596661,-1.67234690,3.09135936,-0.13504028,1.52197934,0.08544922,3.14721869,-1.62199290,-3.19182595,-0.13504028,1.52222242,0.08544922,-3.10125287,-1.62885936,3.12798045,-0.13504028,1.52274228,0.08544922,-0.04882812,0.00488281,-0.03906250,0.00000000,0.01464844,0.00000000,1.03302002,2.64687823,2.64701843,-0.02441406
20.69926620,7275,-3.13596661,-1.67234690,3.09135936,-0.13504028,1.52159787,0.08544922,3.14721869,-1.62199290,-3.19182595,-0.13504028,1.52223917,0.08544922,-3.10201581,-1.62885936,3.12721752,-0.13504028,1.52274228,0.08544922,-0.05371094,0.00000000,-0.05371094,-0.01464844,0.01464844,-0.01464844,1.03340149,2.64710689,2.64701843,-0.02441406
20.71113825,7280,-3.13596661,-1.67234690,3.09135936,-0.13504028,1.52159787,0.08544922,3.14721869,-1.62199290,-3.19182595,-0.13504028,1.52209573,0.08544922,-3.10239728,-1.62847789,3.12683605,-0.13504028,1.52312375,0.08544922,-0.04882812,0.00000000,-0.03417969,-0.01464844,0.01464844,0.00000000,1.03340149,2.64712811,2.64701843,-0.02441406
20.72593188,7285,-3.13596661,-1.67234690,3.09135936,-0.13504028,1.52159787,0.08544922,3.14721869,-1.62199290,-3.19182595,-0.13504028,1.52216640,0.08544922,-3.10316022,-1.62847789,3.12607311,-0.13504028,1.52274228,0.08544922,-0.05859375,-0.00488281,-0.05371094,0.00000000,-0.00000000,-0.01464844,1.03302002,2.64715825,2.64701843,-0.02441406
20.73898792,7290,-3.13596661,-1.67234690,3.09135936,-0.13504028,1.52159787,0.08544922,3.14721869,-1.62199290,-3.19182595,-0.13504028,1.52210167,0.08544922,-3.10392316,-1.62847789,3.12531017,-0.13542175,1.52274228,0.08544922,-0.04394531,0.00000000,-0.04882812,-0.01464844,0.01464844,-0.01464844,1.03340149,2.64714494,2.64739990,0.00000000
20.75278282,7295,-3.13596661,-1.67234690,3.09135936,-0.13504028,1.52159787,0.08544922,3.14721869,-1.62199290,-3.19182595,-0.13504028,1.52208046,0.08544922,-3.10430463,-1.62847789,3.12454723,-0.13542175,1.52274228,0.08544922,-0.03906250,-0.00488281,-0.05371094,-0.02929688,-0.00000000,0.00000000,1.03340149,2.64695600,2.64701843,-0.02441406
20.76675296,7300,-3.13596661,-1.67234690,3.09135936,-0.13504028,1.52159787,0.08544922,3.14721869,-1.62199290,-3.19182595,-0.13504028,1.52201247,0.08544922,-3.10506757,-1.62847789,3.12416576,-0.13542175,1.52274228,0.08544922,-0.06347656,0.00000000,-0.04394531,0.00000000,0.02929688,0.00000000,1.03340149,2.64695659,2.64701843,0.00000000
20.77905774,7305,-3.13596661,-1.67234690,3.09135936,-0.13504028,1.52159787,0.08544922,3.14721869,-1.62199290,-3.19182595,-0.13504028,1.52203902,0.08544922,-3.10544904,-1.62847789,3.12340282,-0.13542175,1.52312375,0.08544922,-0.05859375,-0.00488281,-0.02929688,-0.01464844,0.02929688,-0.02929688,1.03302002,2.64696143,2.64701843,-0.02441406
20.79323268,7310,-3.13596661,-1.67234690,3.09135936,-0.13504028,1.52159787,0.08544922,3.14721869,-1.62199290,-3.19182595,-0.13504028,1.52203015,0.08544922,-3.10583051,-1.62847789,3.12302135,-0.13542175,1.52274228,0.08544922,-0.02441406,-0.00488281,-0.03417969,-0.01464844,-0.01464844,-0.01464844,1.03302002,2.64698156,2.64701843,-0.07324219
20.80985522,7315,-3.13596661,-1.67234690,3.09135936,-0.13504028,1.52159787,0.08544922,3.14721869,-1.62199290,-3.19182595,-0.13504028,1.52199599,0.08544922,-3.10659345,-1.62847789,3.12225841,-0.13542175,1.52312375,0.08544922,-0.05859375,0.00976562,-0.02929688,-0.01464844,0.04394531,0.00000000,1.03340149,2.64726282,2.64701843,-0.02441406
20.82186937,7320,-3.13596661,-1.67234690,3.09135936,-0.13504028,1.52159787,0.08544922,3.14721869,-1.62199290,-3.19182595,-0.13504028,1.52198479,0.08544922,-3.10697492,-1.62809642,3.12187694,-0.13542175,1.52312375,0.08544922,-0.04394531,0.01464844,-0.03906250,-0.01464844,0.01464844,-0.02929688,1.03302002,2.64710474,2.64701843,-0.02441406
20.83617187,7325,-3.13596661,-1.67234690,3.09135936,-0.13504028,1.52197934,0.08544922,3.14721869,-1.62199290,-3.19182595,-0.13504028,1.52211845,0.08544922,-3.10773786,-1.62771495,3.12149547,-0.13542175,1.52274228,0.08544922,-0.03417969,0.01464844,-0.02929688,-0.02929688,-0.00000000,0.00000000,1.03302002,2.64686837,2.64701843,-0.02441406
20.85013890,7330,-3.13596661,-1.67234690,3.09135936,-0.13504028,1.52159787,0.08544922,3.14721869,-1.62199290,-3.19182595,-0.13504028,1.52208596,0.08544922,-3.10811932,-1.62771495,3.12073253,-0.13542175,1.52274228,0.08544922,-0.03906250,0.00976562,-0.03906250,-0.02929688,0.01464844,-0.02929688,1.03340149,2.64700600,2.64701843,-0.02441406
20.86454678,7335,-3.13596661,-1.67234690,3.09135936,-0.13504028,1.52159787,0.08544922,3.14721869,-1.62199290,-3.19182595,-0.13504028,1.52210217,0.08544922,-3.10850079,-1.62733348,3.12035106,-0.13542175,1.52312375,0.08544922,-0.03417969,0.01953125,-0.03906250,0.00000000,0.01464844,-0.01464844,1.03340149,2.64719270,2.64701843,-0.02441406
20.87756324,7340,-3.13596661,-1.67234690,3.09135936,-0.13542175,1.52159787,0.08544922,3.14721869,-1.62199290,-3.19182595,-0.13517761,1.52206841,0.08544922,-3.10926373,-1.62695201,3.11958812,-0.13542175,1.52274228,0.08544922,-0.06835938,0.00488281,-0.02441406,-0.01464844,-0.00000000,0.00000000,1.03340149,2.64726951,2.64701843,0.00000000
20.89363647,7345,-3.13596661,-1.67234690,3.09135936,-0.13504028,1.52159787,0.08544922,3.14721869,-1.62199290,-3.19182595,-0.13508528,1.52209642,0.08544922,-3.11002667,-1.62695201,3.11882518,-0.13542175,1.52274228,0.08544922,-0.04394531,0.00000000,-0.03906250,-0.01464844,-0.00000000,-0.01464844,1.03340149,2.64727905,2.64701843,-0.02441406
20.90834236,7350,-3.13596661,-1.67234690,3.09135936,-0.13504028,1.52197934,0.08544922,3.14721869,-1.62199290,-3.19182595,-0.13505503,1.52219409,0.08544922,-3.11040814,-1.62695201,3.11844371,-0.13542175,1.52274228,0.08544922,-0.01953125,-0.00488281,-0.03906250,0.00000000,0.04394531,-0.01464844,1.03340149,2.64720015,2.64701843,-0.04882812
20.92162347,7355,-3.13596661,-1.67234690,3.09135936,-0.13504028,1.52159787,0.08544922,3.14721869,-1.62199290,-3.19182595,-0.13504512,1.52219082,0.08544922,-3.11078961,-1.62695201,3.11768077,-0.13542175,1.52274228,0.08544922,-0.04394531,-0.00488281,-0.02441406,0.00000000,0.02929688,-0.01464844,1.03340149,2.64719382,2.64701843,0.00000000
20.93698931,7360,-3.13596661,-1.67234690,3.09135936,-0.13504028,1.52159787,0.08544922,3.14721869,-1.62199290,-3.19182595,-0.13504187,1.52207989,0.08544922,-3.11155255,-1.62695201,3.11729930,-0.13542175,1.52274228,0.08544922,-0.04394531,-0.00488281,-0.02929688,-0.02929688,-0.00000000,0.00000000,1.03340149,2.64726987,2.64701843,-0.02441406
20.94907618,7365,-3.13596661,-1.67234690,3.09135936,-0.13504028,1.52159787,0.08544922,3.14721869,-1.62199290,-3.19182595,-0.13513309,1.52212215,0.08544922,-3.11193402,-1.62695201,3.11691783,-0.13542175,1.52274228,0.08544922,-0.03906250,-0.00488281,-0.02929688,-0.01464844,0.01464844,0.00000000,1.03340149,2.64735729,2.64701843,-0.02441406
20.96294498,7370,-3.13596661,-1.67234690,3.09135936,-0.13504028,1.52159787,0.08544922,3.14721869,-1.62199290,-3.19182595,-0.13507069,1.52211402,0.08544922,-3.11231549,-1.62695201,3.11615489,-0.13542175,1.52312375,0.08544922,-0.01953125,-0.00488281,-0.04394531,-0.01464844,0.01464844,-0.01464844,1.03340149,2.64738594,2.64701843,-0.02441406
20.97586656,7375,-3.13596661,-1.67234690,3.09135936,-0.13504028,1.52197934,0.08544922,3.14721869,-1.62199290,-3.19182595,-0.13512056,1.52209977,0.08544922,-3.11269696,-1.62695201,3.11577342,-0.13542175,1.52274228,0.08544922,-0.03417969,-0.00488281,-0.00976562,-0.02929688,-0.01464844,-0.02929688,1.03340149,2.64739533,2.64701843,-0.02441406
20.99115777,7380,-3.13596661,-1.67234690,3.09135936,-0.13504028,1.52159787,0.08544922,3.14721869,-1.62199290,-3.19182595,-0.13506659,1.52201880,0.08544922,-3.11307843,-1.62695201,3.11577342,-0.13542175,1.52274228,0.08544922,-0.03906250,0.00000000,-0.01464844,-0.02929688,0.01464844,0.00000000,1.03340149,2.64732028,2.64701843,-0.02441406
21.00531316,7385,-3.13596661,-1.67234690,3.09135936,-0.13504028,1.52159787,0.08544922,3.14721869,-1.62199290,-3.19182595,-0.13504890,1.52214119,0.08544922,-3.11345990,-1.62657054,3.11501048,-0.13542175,1.52274228,0.08544922,-0.03906250,0.00976562,-0.02441406,-0.01464844,0.01464844,-0.01464844,1.03302002,2.64715872,2.64701843,-0.02441406
21.02066302,7390,-3.13596661,-1.67234690,3.09135936,-0.13504028,1.52159787,0.08544922,3.14721869,-1.62199290,-3.19182595,-0.13513100,1.52214224,0.08544922,-3.11422284,-1.62657054,3.11501048,-0.13542175,1.52312375,0.08544922,-0.03906250,0.00976562,-0.02441406,-0.01464844,0.02929688,-0.01464844,1.03340149,2.64722322,2.64701843,-0.02441406
21.03279233,7395,-3.13596661,-1.67234690,3.09135936,-0.13504028,1.52159787,0.08544922,3.14721869,-1.62199290,-3.19182595,-0.13507001,1.52215186,0.08544922,-3.11460431,-1.62618907,3.11424754,-0.13542175,1.52274228,0.08544922,-0.02929688,0.01953125,-0.02929688,-0.02929688,-0.00000000,-0.02929688,1.03340149,2.64734201,2.64701843,-0.04882812
21.04903483,7400,-3.13596661,-1.67234690,3.09135936,-0.13504028,1.52159787,0.08544922,3.14721869,-1.62199290,-3.19182595,-0.13505002,1.52207493,0.08544922,-3.11498578,-1.62580760,3.11386607,-0.13542175,1.52274228,0.08544922,-0.02441406,-0.00488281,-0.02441406,-0.02929688,0.01464844,-0.01464844,1.03302002,2.64716584,2.64701843,-0.04882812
21.06078815,7405,-3.13596661,-1.67234690,3.09135936,-0.13504028,1.52159787,0.08544922,3.14721869,-1.62199290,-3.19182595,-0.13504347,1.52204972,0.08544922,-3.11536725,-1.62580760,3.11348461,-0.13542175,1.52274228,0.08544922,-0.02441406,0.00000000,-0.02441406,-0.02929688,-0.00000000,-0.01464844,1.03302002,2.64709249,2.64701843,-0.02441406
21.07549047,7410,-3.13596661,-1.67234690,3.09135936,-0.13504028,1.52159787,0.08544922,3.14721869,-1.62199290,-3.19182595,-0.13504133,1.52200240,0.08544922,-3.11574872,-1.62580760,3.11310314,-0.13542175,1.52312375,0.08544922,-0.04882812,0.00000000,-0.01953125,-0.01464844,0.05859375,-0.01464844,1.03302002,2.64702451,2.64701843,-0.02441406
21.09036422,7415,-3.13596661,-1.67234690,3.09135936,-0.13504028,1.52197934,0.08544922,3.14721869,-1.62199290,-3.19182595,-0.13504063,1.52215547,0.08544922,-3.11613019,-1.62580760,3.11272167,-0.13542175,1.52312375,0.08544922,-0.02441406,-0.00488281,-0.02929688,-0.01464844,0.01464844,-0.02929688,1.03340149,2.64719877,2.64701843,0.02441406
21.10481620,7420,-3.13596661,-1.67234690,3.09135936,-0.13504028,1.52159787,0.08544922,3.14721869,-1.62199290,-3.19182595,-0.13504040,1.52203705,0.08544922,-3.11651166,-1.62580760,3.11234020,-0.13542175,1.52274228,0.08544922,-0.03906250,-0.00488281,-0.02441406,0.00000000,0.02929688,0.00000000,1.03340149,2.64707130,2.64701843,-0.02441406
21.12012267,7425,-3.13596661,-1.67234690,3.09135936,-0.13504028,1.52159787,0.08544922,3.14721869,-1.62199290,-3.19182595,-0.13504032,1.52199825,0.08544922,-3.11689313,-1.62580760,3.11195873,-0.13542175,1.52274228,0.08544922,-0.01464844,-0.00488281,-0.01953125,-0.02929688,-0.00000000,-0.01464844,1.03302002,2.64693944,2.64701843,-0.02441406
21.13181138,7430,-3.13596661,-1.67234690,3.09135936,-0.13504028,1.52159787,0.08544922,3.14721869,-1.62199290,-3.19182595,-0.13504030,1.52198553,0.08544922,-3.11689313,-1.62580760,3.11157726,-0.13542175,1.52274228,0.08544922,-0.01953125,-0.00976562,-0.03417969,-0.02929688,0.02929688,0.00000000,1.03302002,2.64697436,2.64701843,0.00000000
21.14590645,7435,-3.13596661,-1.67234690,3.09135936,-0.13504028,1.52159787,0.08544922,3.14721869,-1.62199290,-3.19182595,-0.13504029,1.52198137,0.08544922,-3.11765607,-1.62580760,3.11119579,-0.13542175,1.52312375,0.08544922,-0.03906250,-0.00488281,-0.03906250,-0.01464844,0.02929688,-0.02929688,1.03340149,2.64726046,2.64701843,-0.04882812
21.15828824,7440,-3.13596661,-1.67234690,3.09135936,-0.13504028,1.52159787,0.08544922,3.14721869,-1.62199290,-3.19182595,-0.13504028,1.52198000,0.08544922,-3.11803754,-1.62580760,3.11043285,-0.13542175,1.52312375,0.08544922,-0.03417969,0.00000000,-0.02441406,0.00000000,-0.00000000,-0.01464844,1.03340149,2.64735421,2.64701843,-0.02441406
21.17127848,7445,-3.13596661,-1.67234690,3.09135936,-0.13504028,1.52159787,0.08544922,3.14721869,-1.62199290,-3.19182595,-0.13504028,1.52197956,0.08544922,-3.11841901,-1.62580760,3.11043285,-0.13542175,1.52274228,0.08544922,-0.02929688,-0.00488281,-0.00976562,-0.01464844,-0.01464844,-0.01464844,1.03340149,2.64722477,2.64663696,-0.04882812
21.18663955,7450,-3.13596661,-1.67234690,3.09135936,-0.13504028,1.52159787,0.08544922,3.14721869,-1.62199290,-3.19182595,-0.13504028,1.52197941,0.08544922,-3.11880048,-1.62580760,3.11005138,-0.13542175,1.52274228,0.08544922,-0.01953125,-0.00488281,-0.01464844,-0.01464844,0.01464844,-0.01464844,1.03340149,2.64734252,2.64701843,0.00000000
21.20002222,7455,-3.13596661,-1.67234690,3.09135936,-0.13504028,1.52159787,0.08544922,3.14721869,-1.62199290,-3.19182595,-0.13504028,1.52197936,0.08544922,-3.11880048,-1.62580760,3.10966991,-0.13542175,1.52312375,0.08544922,-0.01464844,0.00000000,-0.01953125,-0.01464844,0.01464844,-0.01464844,1.03340149,2.64738110,2.64701843,-0.02441406
21.21339369,7460,-3.13596661,-1.67234690,3.09135936,-0.13504028,1.52159787,0.08544922,3.14721869,-1.62199290,-3.19182595,-0.13504028,1.52197934,0.08544922,-3.11918195,-1.62580760,3.10966991,-0.13542175,1.52312375,0.08544922,-0.01953125,0.00000000,-0.01464844,-0.01464844,0.01464844,-0.01464844,1.03340149,2.64719355,2.64701843,-0.02441406
21.22775006,7465,-3.13596661,-1.67234690,3.09135936,-0.13504028,1.52159787,0.08544922,3.14721869,-1.62199290,-3.19182595,-0.13504028,1.52197934,0.08544922,-3.11956342,-1.62580760,3.10928844,-0.13542175,1.52274228,0.08544922,-0.03417969,0.00000000,-0.01953125,0.00000000,0.01464844,0.00000000,1.03340149,2.64715650,2.64701843,-0.02441406
21.24309134,7470,-3.13596661,-1.67234690,3.09135936,-0.13504028,1.52159787,0.08544922,3.14721869,-1.62199290,-3.19182595,-0.13504028,1.52197934,0.08544922,-3.11994489,-1.62542613,3.10852550,-0.13542175,1.52274228,0.08544922,-0.02929688,0.00488281,-0.02929688,-0.01464844,0.01464844,-0.01464844,1.03340149,2.64732014,2.64701843,0.00000000
21.25689864,7475,-3.13596661,-1.67234690,3.09135936,-0.13504028,1.52159787,0.08544922,3.14721869,-1.62199290,-3.19182595,-0.13504028,1.52197934,0.08544922,-3.12032636,-1.62542613,3.10852550,-0.13542175,1.52274228,0.08544922,-0.03906250,0.00000000,-0.00976562,-0.02929688,-0.00000000,-0.01464844,1.03340149,2.64727611,2.64701843,-0.02441406
21.27156973,7480,-3.13596661,-1.67234690,3.09135936,-0.13504028,1.52159787,0.08544922,3.14721869,-1.62199290,-3.19182595,-0.13504028,1.52197934,0.08544922,-3.12070783,-1.62542613,3.10814403,-0.13542175,1.52274228,0.08544922,-0.02441406,0.00000000,-0.00488281,-0.01464844,0.02929688,-0.01464844,1.03340149,2.64735934,2.64701843,-0.04882812
21.28458405,7485,-3.13596661,-1.67234690,3.09135936,-0.13542175,1.52159787,0.08544922,3.14721869,-1.62199290,-3.19182595,-0.13511658,1.52197934,0.08544922,-3.12070783,-1.62542613,3.10814403,-0.13542175,1.52312375,0.08544922,-0.01953125,0.00000000,-0.01953125,-0.02929688,0.02929688,0.00000000,1.03340149,2.64726454,2.64701843,-0.02441406
21.29813814,7490,-3.13596661,-1.67234690,3.09135936,-0.13542175,1.52159787,0.08544922,3.14721869,-1.62199290,-3.19182595,-0.13517283,1.52197934,0.08544922,-3.12108930,-1.62542613,3.10776256,-0.13542175,1.52312375,0.08506775,-0.02929688,0.00000000,-0.02441406,-0.01464844,0.01464844,-0.01464844,1.03340149,2.64735555,2.64701843,0.00000000
21.31307054,7495,-3.13596661,-1.67234690,3.09135936,-0.13504028,1.52159787,0.08544922,3.14721869,-1.62199290,-3.19182595,-0.13513254,1.52197934,0.08544922,-3.12147077,-1.62542613,3.10699962,-0.13542175,1.52312375,0.08544922,-0.02929688,-0.00488281,-0.03417969,-0.01464844,-0.00000000,-0.01464844,1.03340149,2.64716564,2.64701843,-0.02441406
21.32911110,7500,-3.13596661,-1.67234690,3.09135936,-0.13504028,1.52159787,0.08544922,3.14721869,-1.62199290,-3.19182595,-0.13510177,1.52202817,0.08544922,-3.12185223,-1.62504466,3.10661815,-0.13542175,1.52274228,0.08544922,-0.01953125,0.00000000,-0.01953125,-0.01464844,-0.00000000,0.00000000,1.03340149,2.64732314,2.64739990,0.00000000
