time_s,loop_count,master_q1,master_q2,master_q3,master_q4,master_q5,master_q6,slave_target_q1,slave_target_q2,slave_target_q3,slave_target_q4,slave_target_q5,slave_target_q6,slave_actual_q1,slave_actual_q2,slave_actual_q3,slave_actual_q4,slave_actual_q5,slave_actual_q6,slave_actual_v1,slave_actual_v2,slave_actual_v3,slave_actual_v4,slave_actual_v5,slave_actual_v6,master_tool,slave_tool_target,slave_tool_actual,slave_tool_actual_vel
0.01927590,5,3.09991645,-1.70057566,-3.09989174,-0.00076294,1.49718381,-0.00038147,3.09979145,-1.65022166,-3.09951027,-0.00063794,1.49767087,-0.00038147,3.09953498,-1.65022166,-3.09951027,-0.00038147,1.50023556,-0.00038147,-0.00488281,-0.00488281,0.00976562,-0.01464844,0.01464844,-0.01464844,0.99983215,2.58168787,2.58293152,-0.02441406
0.03342724,10,3.09991645,-1.70057566,-3.09989174,-0.00076294,1.49718381,-0.00038147,3.09987549,-1.65022166,-3.09951027,-0.00072198,1.49683047,-0.00038147,3.09953498,-1.65022166,-3.09951027,-0.00038147,1.50023556,-0.00038147,-0.00488281,-0.00488281,0.00488281,-0.01464844,-0.00000000,-0.01464844,0.99983215,2.58163874,2.58293152,-0.04882812
0.04969382,15,3.09991645,-1.70057566,-3.09989174,-0.00076294,1.49718381,-0.00038147,3.09990302,-1.65022166,-3.09951027,-0.00074952,1.49655508,-0.00038147,3.09953498,-1.65022166,-3.09951027,-0.00038147,1.50023556,-0.00038147,-0.00488281,-0.00488281,0.00488281,-0.02929688,0.01464844,-0.01464844,0.99983215,2.58160409,2.58293152,-0.02441406
0.06354618,20,3.09991645,-1.70057566,-3.09989174,-0.00076294,1.49718381,-0.00038147,3.09991205,-1.65022166,-3.09951027,-0.00075854,1.49646485,-0.00038147,3.09953498,-1.65022166,-3.09951027,-0.00038147,1.50023556,-0.00038147,-0.00488281,-0.00488281,0.00488281,-0.01464844,0.01464844,-0.01464844,1.00021362,2.58168576,2.58293152,-0.04882812
0.07853651,25,3.09991645,-1.70057566,-3.09989174,-0.00076294,1.49718381,-0.00038147,3.09991501,-1.65022166,-3.09951027,-0.00076150,1.49643528,-0.00038147,3.09953498,-1.65022166,-3.09951027,-0.00038147,1.49985409,-0.00038147,-0.00488281,-0.00488281,0.00488281,-0.01464844,-0.00000000,-0.02929688,0.99983215,2.58167321,2.58293152,-0.02441406
0.09597492,30,3.09991645,-1.70057566,-3.09989174,-0.00076294,1.49718381,-0.00038147,3.09991597,-1.65022166,-3.09951027,-0.00076247,1.49642559,-0.00038147,3.09953498,-1.65022166,-3.09951027,-0.00038147,1.49947262,-0.00038147,-0.00488281,-0.00488281,0.00488281,-0.02929688,-0.00000000,-0.01464844,1.00021362,2.58183048,2.58293152,-0.02441406
0.11098027,35,3.09991645,-1.70057566,-3.09989174,-0.00076294,1.49718381,-0.00038147,3.09991629,-1.65022166,-3.09951027,-0.00076278,1.49642241,-0.00038147,3.09953498,-1.65022166,-3.09951027,-0.00038147,1.49909115,-0.00038147,-0.00488281,-0.00488281,0.00488281,-0.01464844,-0.02929688,0.00000000,0.99983215,2.58154485,2.58293152,-0.02441406
0.12469530,40,3.09991645,-1.70057566,-3.09989174,-0.00076294,1.49718381,-0.00038147,3.09991640,-1.65022166,-3.09951027,-0.00076289,1.49642137,-0.00038147,3.09953498,-1.65022166,-3.09951027,-0.00038147,1.49832821,-0.00038147,-0.00488281,-0.00976562,0.00488281,-0.02929688,-0.01464844,-0.01464844,0.99983215,2.58157333,2.58293152,-0.02441406
0.13904214,45,3.09991645,-1.70057566,-3.09989174,-0.00076294,1.49718381,-0.00038147,3.09991643,-1.65022166,-3.09951027,-0.00076292,1.49642103,-0.00038147,3.09953498,-1.65022166,-3.09951027,-0.00038147,1.49756527,-0.00038147,0.00000000,-0.00488281,0.00488281,-0.01464844,-0.04394531,-0.01464844,0.99983215,2.58169887,2.58293152,0.02441406
0.15316343,50,3.09991645,-1.70057566,-3.09989174,-0.00076294,1.49718381,-0.00038147,3.09991644,-1.65022166,-3.09951027,-0.00076293,1.49642092,-0.00038147,3.09953498,-1.65022166,-3.09951027,-0.00038147,1.49718381,-0.00038147,-0.00488281,-0.00488281,0.00488281,-0.01464844,-0.01464844,-0.01464844,0.99983215,2.58150172,2.58293152,-0.04882812
0.16840553,55,3.09991645,-1.70057566,-3.09989174,-0.00076294,1.49718381,-0.00038147,3.09991644,-1.65022166,-3.09951027,-0.00076294,1.49642088,-0.00038147,3.09953498,-1.65022166,-3.09951027,-0.00038147,1.49718381,-0.00038147,-0.00488281,-0.00488281,0.00488281,-0.02929688,0.02929688,-0.02929688,0.99983215,2.58143712,2.58293152,-0.02441406
0.18457341,60,3.09991645,-1.70057566,-3.09989174,-0.00076294,1.49718381,-0.00038147,3.09991645,-1.65022166,-3.09951027,-0.00076294,1.49642087,-0.00038147,3.09953498,-1.65022166,-3.09951027,-0.00038147,1.49718381,-0.00038147,-0.00488281,-0.00488281,0.00488281,-0.01464844,0.02929688,-0.01464844,0.99983215,2.58141596,2.58255005,-0.02441406
0.19933820,65,3.09991645,-1.70057566,-3.09989174,-0.00114441,1.49718381,-0.00038147,3.09991645,-1.65022166,-3.09951027,-0.00094910,1.49642087,-0.00038147,3.09953498,-1.65022166,-3.09951027,-0.00038147,1.49718381,-0.00038147,-0.00488281,-0.00488281,0.00488281,-0.01464844,0.02929688,-0.02929688,1.00021362,2.58168368,2.58293152,-0.07324219
0.21345091,70,3.09991645,-1.70057566,-3.09989174,-0.00114441,1.49718381,-0.00038147,3.09991645,-1.65022166,-3.09951027,-0.00108041,1.49642087,-0.00038147,3.09953498,-1.65022166,-3.09951027,-0.00038147,1.49718381,-0.00038147,0.00000000,-0.00976562,0.00488281,0.00000000,-0.01464844,-0.01464844,1.00021362,2.58184953,2.58293152,-0.02441406
0.22749114,75,3.09991645,-1.70057566,-3.09989174,-0.00114441,1.49718381,-0.00038147,3.09991645,-1.65022166,-3.09951027,-0.00112344,1.49642087,-0.00038147,3.09953498,-1.65022166,-3.09951027,-0.00038147,1.49718381,-0.00038147,0.00000000,-0.00488281,-0.00000000,-0.01464844,-0.01464844,-0.02929688,1.00021362,2.58196638,2.58293152,-0.07324219
0.24192023,80,3.09991645,-1.70057566,-3.09989174,-0.00114441,1.49718381,-0.00038147,3.09991645,-1.65022166,-3.09951027,-0.00113754,1.49642087,-0.00038147,3.09953498,-1.65022166,-3.09951027,-0.00038147,1.49718381,-0.00038147,-0.00488281,-0.00488281,0.00488281,-0.01464844,0.01464844,-0.01464844,1.00021362,2.58202420,2.58293152,-0.04882812
0.25446153,85,3.09991645,-1.70057566,-3.09989174,-0.00152588,1.49718381,-0.00038147,3.09991645,-1.65022166,-3.09951027,-0.00121845,1.49642087,-0.00038147,3.09953498,-1.65022166,-3.09951027,-0.00038147,1.49718381,-0.00038147,-0.00488281,0.00000000,0.00488281,-0.01464844,0.02929688,0.00000000,1.00021362,2.58212127,2.58293152,-0.02441406
0.27361274,90,3.09991645,-1.70057566,-3.09989174,-0.00152588,1.49718381,-0.00038147,3.09991645,-1.65022166,-3.09951027,-0.00142514,1.49642087,-0.00038147,3.09953498,-1.65022166,-3.09951027,-0.00038147,1.49718381,-0.00038147,-0.00488281,-0.00976562,0.00976562,-0.01464844,-0.00000000,-0.01464844,1.00021362,2.58201245,2.58255005,-0.04882812
0.28689170,95,3.09991645,-1.70057566,-3.09989174,-0.00190735,1.49718381,-0.00038147,3.09991645,-1.65022166,-3.09951027,-0.00174934,1.49642087,-0.00038147,3.09953498,-1.65022166,-3.09951027,-0.00038147,1.49718381,-0.00038147,-0.00488281,-0.00976562,0.00488281,-0.02929688,-0.00000000,0.00000000,1.00021362,2.58187914,2.58293152,-0.02441406
0.30219507,100,3.09991645,-1.70057566,-3.09989174,-0.00228882,1.49718381,-0.00038147,3.09991645,-1.65022166,-3.09951027,-0.00204173,1.49642087,-0.00038147,3.09953498,-1.65022166,-3.09951027,-0.00038147,1.49718381,-0.00038147,-0.00488281,-0.00488281,0.00488281,0.00000000,0.01464844,0.00000000,1.00021362,2.58195166,2.58255005,-0.07324219
0.31783104,105,3.09991645,-1.70057566,-3.09989174,-0.00343323,1.49718381,-0.00038147,3.09991645,-1.65022166,-3.09951027,-0.00264669,1.49642087,-0.00038147,3.09953498,-1.65022166,-3.09951027,-0.00038147,1.49718381,-0.00038147,-0.00488281,-0.00488281,0.00488281,-0.02929688,0.01464844,-0.01464844,1.00021362,2.58209750,2.58255005,-0.02441406
0.33168364,110,3.09991645,-1.70057566,-3.09989174,-0.00457764,1.49718381,-0.00038147,3.09991645,-1.65022166,-3.09951027,-0.00375545,1.49642087,-0.00038147,3.09953498,-1.65022166,-3.09951027,-0.00038147,1.49718381,-0.00038147,-0.00488281,-0.00488281,0.00488281,-0.01464844,-0.00000000,-0.01464844,1.00021362,2.58202322,2.58255005,-0.04882812
0.34450650,115,3.09991645,-1.70057566,-3.09989174,-0.00572205,1.49718381,-0.00038147,3.09991645,-1.65022166,-3.09951027,-0.00489746,1.49642087,-0.00038147,3.09953498,-1.65022166,-3.09951027,-0.00038147,1.49718381,-0.00038147,-0.00976562,-0.00488281,0.00488281,-0.01464844,0.01464844,0.00000000,1.00021362,2.58212095,2.58255005,-0.04882812
0.35718250,120,3.09991645,-1.70057566,-3.09989174,-0.00610352,1.49718381,-0.00038147,3.09991645,-1.65022166,-3.09951027,-0.00570831,1.49642087,-0.00038147,3.09953498,-1.65022166,-3.09951027,-0.00038147,1.49718381,-0.00038147,-0.00488281,-0.00976562,0.00488281,-0.01464844,0.01464844,-0.01464844,0.99983215,2.58193788,2.58293152,-0.02441406
0.37188387,125,3.09991645,-1.70057566,-3.09989174,-0.00610352,1.49718381,-0.00038147,3.09991645,-1.65022166,-3.09951027,-0.00597402,1.49642087,-0.00038147,3.09953498,-1.65022166,-3.09951027,-0.00076294,1.49718381,-0.00038147,-0.00488281,-0.00976562,0.00488281,-0.02929688,0.01464844,-0.01464844,1.00021362,2.58173263,2.58255005,-0.04882812
0.38979793,130,3.09991645,-1.70057566,-3.09989174,-0.00572205,1.49718381,-0.00038147,3.09991645,-1.65022166,-3.09951027,-0.00583586,1.49642087,-0.00038147,3.09953498,-1.65022166,-3.09951027,-0.00076294,1.49718381,-0.00038147,-0.00976562,-0.00488281,0.00488281,-0.02929688,0.01464844,-0.02929688,0.99983215,2.58169736,2.58255005,-0.04882812
0.40347600,135,3.09991645,-1.70057566,-3.09989174,-0.00572205,1.49718381,-0.00038147,3.09991645,-1.65022166,-3.09951027,-0.00575934,1.49642087,-0.00038147,3.09953498,-1.65022166,-3.09951027,-0.00152588,1.49718381,-0.00038147,-0.00488281,0.00000000,-0.00000000,-0.04394531,0.02929688,-0.02929688,1.00021362,2.58187354,2.58255005,-0.02441406
0.41777635,140,3.09991645,-1.70057566,-3.09989174,-0.00572205,1.49718381,-0.00038147,3.09991645,-1.65022166,-3.09951027,-0.00573427,1.49642087,-0.00038147,3.09953498,-1.65022166,-3.09951027,-0.00152588,1.49718381,-0.00038147,-0.00488281,-0.00488281,0.00488281,-0.04394531,0.01464844,-0.02929688,0.99983215,2.58168103,2.58255005,0.00000000
0.43033314,145,3.09991645,-1.70057566,-3.09989174,-0.00572205,1.49718381,-0.00038147,3.09991645,-1.65022166,-3.09951027,-0.00572605,1.49642087,-0.00038147,3.09953498,-1.65022166,-3.09951027,-0.00190735,1.49718381,-0.00038147,-0.00488281,-0.00488281,0.00488281,-0.02929688,0.01464844,0.00000000,1.00021362,2.58194632,2.58255005,-0.02441406
0.44978833,150,3.09991645,-1.70057566,-3.09989174,-0.00572205,1.49718381,-0.00038147,3.09991645,-1.65022166,-3.09951027,-0.00572336,1.49642087,-0.00038147,3.09953498,-1.65022166,-3.09951027,-0.00267029,1.49718381,-0.00038147,-0.00488281,0.00000000,-0.00000000,-0.04394531,0.01464844,0.00000000,1.00021362,2.58191118,2.58255005,-0.04882812
0.46358538,155,3.09991645,-1.70057566,-3.09989174,-0.00572205,1.49718381,-0.00038147,3.09991645,-1.65022166,-3.09951027,-0.00572248,1.49642087,-0.00038147,3.09953498,-1.65022166,-3.09951027,-0.00305176,1.49718381,-0.00038147,-0.00488281,-0.00488281,0.00488281,-0.04394531,0.01464844,-0.02929688,1.00021362,2.58208423,2.58255005,0.00000000
0.47693205,160,3.09991645,-1.70057566,-3.09989174,-0.00572205,1.49718381,-0.00038147,3.09991645,-1.65022166,-3.09951027,-0.00572219,1.49642087,-0.00038147,3.09953498,-1.65022166,-3.09951027,-0.00343323,1.49718381,-0.00038147,-0.00488281,-0.00488281,0.00488281,-0.05859375,0.01464844,0.00000000,1.00021362,2.58214094,2.58255005,0.00000000
0.48971367,165,3.09991645,-1.70057566,-3.09989174,-0.00572205,1.49718381,-0.00038147,3.09991645,-1.65022166,-3.09951027,-0.00572209,1.49642087,-0.00038147,3.09953498,-1.65022166,-3.09951027,-0.00305176,1.49718381,-0.00076294,-0.00488281,-0.00488281,0.00488281,-0.01464844,0.01464844,-0.01464844,1.00021362,2.58215952,2.58255005,-0.02441406
0.50292468,170,3.09991645,-1.70057566,-3.09989174,-0.00572205,1.49718381,-0.00038147,3.09991645,-1.65022166,-3.09951027,-0.00572206,1.49642087,-0.00038147,3.09953498,-1.65022166,-3.09951027,-0.00343323,1.49718381,-0.00038147,-0.00488281,-0.00488281,0.00488281,-0.01464844,-0.00000000,-0.01464844,1.00021362,2.58216561,2.58255005,0.00000000
0.51801872,175,3.09991645,-1.70057566,-3.09989174,-0.00572205,1.49718381,-0.00038147,3.09991645,-1.65022166,-3.09951027,-0.00572205,1.49642087,-0.00038147,3.09953498,-1.65022166,-3.09951027,-0.00343323,1.49718381,-0.00076294,-0.00488281,-0.00488281,0.00488281,-0.01464844,0.02929688,-0.01464844,1.00059509,2.58241785,2.58255005,-0.02441406
0.53224301,180,3.09991645,-1.70057566,-3.09989174,-0.00572205,1.49718381,-0.00038147,3.09991645,-1.65022166,-3.09951027,-0.00572205,1.49642087,-0.00038147,3.09953498,-1.65022166,-3.09951027,-0.00381470,1.49718381,-0.00076294,-0.00488281,-0.00488281,0.00488281,-0.02929688,0.02929688,-0.02929688,1.00021362,2.58231276,2.58255005,-0.04882812
0.54736185,185,3.09991645,-1.70057566,-3.09989174,-0.00572205,1.49718381,-0.00038147,3.09991645,-1.65022166,-3.09951027,-0.00572205,1.49642087,-0.00038147,3.09953498,-1.65022166,-3.09951027,-0.00381470,1.49718381,-0.00038147,-0.00488281,0.00000000,-0.00000000,-0.01464844,0.01464844,-0.01464844,1.00059509,2.58256861,2.58255005,-0.04882812
0.56193519,190,3.09991645,-1.70057566,-3.09989174,-0.00572205,1.49718381,-0.00038147,3.09991645,-1.65022166,-3.09951027,-0.00572205,1.49642087,-0.00038147,3.09953498,-1.65022166,-3.09951027,-0.00381470,1.49718381,-0.00038147,-0.00488281,-0.00488281,0.00488281,-0.01464844,0.02929688,-0.01464844,1.00097656,2.58296519,2.58255005,0.00000000
0.57476926,195,3.09991645,-1.70057566,-3.09989174,-0.00572205,1.49718381,-0.00038147,3.09991645,-1.65022166,-3.09951027,-0.00572205,1.49642087,-0.00038147,3.09953498,-1.65022166,-3.09951027,-0.00381470,1.49718381,-0.00076294,-0.00488281,-0.00488281,0.00488281,-0.02929688,-0.00000000,-0.02929688,1.00173950,2.58418059,2.58255005,-0.02441406
0.59006357,200,3.09991645,-1.70057566,-3.09989174,-0.00572205,1.49718381,-0.00038147,3.09991645,-1.65022166,-3.09951027,-0.00572205,1.49642087,-0.00038147,3.09953498,-1.65022166,-3.09951027,-0.00381470,1.49718381,-0.00038147,-0.00488281,-0.00488281,0.00488281,-0.01464844,0.01464844,-0.01464844,1.00593567,2.58755810,2.58255005,0.00000000
0.60745335,205,3.09991645,-1.70057566,-3.09989174,-0.00572205,1.49718381,-0.00038147,3.09991645,-1.65022166,-3.09951027,-0.00572205,1.49642087,-0.00038147,3.09953498,-1.65022166,-3.09951027,-0.00381470,1.49718381,-0.00038147,-0.00488281,-0.00488281,0.00488281,-0.02929688,0.01464844,0.00000000,1.02043152,2.60330899,2.58255005,-0.02441406
0.62183952,210,3.09991645,-1.70057566,-3.09989174,-0.00534058,1.49718381,-0.00038147,3.09991645,-1.65022166,-3.09951027,-0.00564575,1.49642087,-0.00038147,3.09953498,-1.65022166,-3.09951027,-0.00419617,1.49718381,-0.00038147,0.00000000,-0.00488281,0.00488281,-0.04394531,0.01464844,0.00000000,1.03454590,2.62330899,2.58293152,0.00000000
0.63864541,215,3.09991645,-1.70057566,-3.09989174,-0.00495911,1.49718381,-0.00038147,3.09991645,-1.65022166,-3.09951027,-0.00518411,1.49642087,-0.00038147,3.09953498,-1.65022166,-3.09951027,-0.00419617,1.49718381,-0.00076294,-0.00488281,-0.00488281,0.00488281,0.00000000,0.01464844,-0.02929688,1.03340149,2.63950010,2.58293152,-0.04882812
0.65319610,220,3.09991645,-1.70057566,-3.09989174,-0.00495911,1.49718381,-0.00038147,3.09991645,-1.65022166,-3.09951027,-0.00503283,1.49642087,-0.00038147,3.09953498,-1.65022166,-3.09951027,-0.00419617,1.49718381,-0.00076294,0.00000000,-0.00488281,-0.00000000,-0.02929688,0.02929688,-0.01464844,1.03302002,2.64530605,2.58331299,0.00000000
0.66711998,225,3.09991645,-1.70057566,-3.09989174,-0.00495911,1.49680234,-0.00038147,3.09991645,-1.65022166,-3.09951027,-0.00498327,1.49619565,-0.00038147,3.09953498,-1.65022166,-3.09951027,-0.00419617,1.49718381,-0.00076294,-0.00488281,0.00000000,0.00488281,-0.01464844,0.02929688,-0.02929688,1.03302002,2.64715483,2.58636475,0.24414062
0.68093896,230,3.09991645,-1.70057566,-3.09989174,-0.00495911,1.49642087,-0.00038147,3.09991645,-1.65022166,-3.09951027,-0.00496702,1.49586538,-0.00038147,3.09953498,-1.65022166,-3.09951027,-0.00419617,1.49718381,-0.00076294,0.00000000,-0.00976562,0.00488281,-0.02929688,0.01464844,-0.01464844,1.03340149,2.64808901,2.59552002,0.65917969
0.69773817,235,3.09991645,-1.70057566,-3.09989174,-0.00495911,1.49527646,-0.00038147,3.09991645,-1.65022166,-3.09951027,-0.00496170,1.49516792,-0.00038147,3.09953498,-1.65022166,-3.09951027,-0.00419617,1.49718381,-0.00076294,0.00000000,0.00000000,0.00488281,0.00000000,0.01464844,-0.02929688,1.03340149,2.64839512,2.60581970,0.48828125
0.71080589,240,3.09991645,-1.70057566,-3.09951027,-0.00495911,1.49451352,0.00038147,3.09991645,-1.65022166,-3.09928505,-0.00495996,1.49431657,0.00006116,3.09953498,-1.65022166,-3.09951027,-0.00419617,1.49718381,-0.00076294,-0.00488281,-0.00488281,0.00488281,0.00000000,0.01464844,-0.02929688,1.03378296,2.64864801,2.60772705,0.17089844
0.72611284,245,3.09991645,-1.70057566,-3.09951027,-0.00495911,1.49375058,0.00228882,3.09991645,-1.65022166,-3.09918000,-0.00495938,1.49354224,0.00126784,3.09953498,-1.65022166,-3.09951027,-0.00457764,1.49718381,-0.00076294,-0.00488281,-0.00976562,-0.00000000,-0.01464844,0.01464844,-0.02929688,1.03340149,2.64857829,2.61039734,0.14648438
0.73839426,250,3.09991645,-1.70057566,-3.09951027,-0.00495911,1.49298764,0.00305176,3.09991645,-1.65022166,-3.09914558,-0.00495920,1.49290692,0.00239689,3.09953498,-1.65022166,-3.09951027,-0.00419617,1.49680234,-0.00038147,-0.00488281,-0.00976562,0.00976562,0.00000000,0.01464844,0.00000000,1.03378296,2.64877053,2.61154175,0.12207031
0.75270081,255,3.09991645,-1.70057566,-3.09951027,-0.00457764,1.49146176,0.00305176,3.09991645,-1.65022166,-3.09913430,-0.00482181,1.49187208,0.00283717,3.09953498,-1.65022166,-3.09951027,-0.00457764,1.49680234,-0.00038147,-0.00976562,-0.00488281,0.00488281,0.00000000,-0.00000000,-0.01464844,1.03378296,2.64913138,2.61688232,0.41503906
0.76601434,260,3.09991645,-1.70057566,-3.09951027,-0.00457764,1.49069882,0.00305176,3.09991645,-1.65022166,-3.09913060,-0.00465765,1.49064065,0.00298144,3.09953498,-1.65022166,-3.09951027,-0.00457764,1.49680234,-0.00038147,-0.00488281,-0.00488281,0.00488281,-0.02929688,-0.00000000,-0.01464844,1.03378296,2.64924962,2.62145996,0.34179688
0.78143668,265,3.09991645,-1.70057566,-3.09912880,-0.00419617,1.49031735,0.00267029,3.09991645,-1.65022166,-3.09894324,-0.00434738,1.48991035,0.00284256,3.09953498,-1.65022166,-3.09951027,-0.00457764,1.49642087,-0.00038147,-0.00488281,0.00000000,0.00488281,-0.01464844,-0.00000000,-0.01464844,1.03378296,2.64928837,2.62184143,0.02441406
0.79654813,270,3.09991645,-1.70057566,-3.09798439,-0.00419617,1.48955441,0.00267029,3.09991645,-1.65022166,-3.09825354,-0.00424572,1.48945742,0.00272674,3.09953498,-1.65022166,-3.09951027,-0.00457764,1.49603940,-0.00038147,-0.00976562,-0.00976562,0.00488281,-0.02929688,-0.01464844,0.00000000,1.03340149,2.64885062,2.62603760,0.36621094
0.81147075,275,3.09991645,-1.70057566,-3.09569558,-0.00419617,1.48650265,0.00228882,3.09991645,-1.65022166,-3.09696822,-0.00421240,1.48771916,0.00261249,3.09953498,-1.65022166,-3.09951027,-0.00457764,1.49603940,-0.00038147,-0.00488281,-0.00488281,-0.00000000,-0.01464844,-0.00000000,-0.01464844,1.03378296,2.64898184,2.62908936,0.14648438
0.82780981,280,3.09991645,-1.70057566,-3.09264382,-0.00457764,1.48192502,0.00228882,3.09991645,-1.65022166,-3.09456706,-0.00438764,1.48449185,0.00239488,3.09953498,-1.65022166,-3.09951027,-0.00457764,1.49527646,-0.00038147,-0.00488281,-0.00488281,0.00488281,-0.01464844,-0.01464844,-0.01464844,1.03378296,2.64913812,2.63328552,0.12207031
0.83943725,285,3.09991645,-1.69981272,-3.08844765,-0.00457764,1.47696591,0.00190735,3.09991645,-1.64992015,-3.09143858,-0.00451538,1.48022376,0.00218624,3.09953498,-1.65022166,-3.09951027,-0.00457764,1.49451352,-0.00038147,-0.00488281,-0.00488281,0.00488281,-0.01464844,-0.05859375,-0.01464844,1.03378296,2.64917371,2.63633728,0.24414062
0.85478640,290,3.09991645,-1.69904978,-3.08310707,-0.00419617,1.46933652,0.00190735,3.09991645,-1.64930841,-3.08711680,-0.00433202,1.47464941,0.00199874,3.09953498,-1.65022166,-3.09951027,-0.00457764,1.49336911,-0.00038147,-0.00488281,0.00000000,0.00488281,-0.02929688,-0.07324219,-0.01464844,1.03378296,2.64926349,2.63671875,-0.02441406
0.86832428,295,3.09991645,-1.69790538,-3.07852944,-0.00419617,1.46247006,0.00190735,3.09991645,-1.64827751,-3.08183883,-0.00424068,1.46703203,0.00193729,3.09953498,-1.65022166,-3.09951027,-0.00457764,1.49184323,-0.00038147,-0.00488281,-0.00976562,0.00976562,-0.01464844,-0.10253906,-0.02929688,1.03378296,2.64935541,2.63671875,-0.04882812
0.88441181,300,3.09953498,-1.69676097,-3.06937416,-0.00419617,1.45445920,0.00190735,3.09984015,-1.64738953,-3.07531003,-0.00421075,1.45969454,0.00191716,3.09953498,-1.65022166,-3.09951027,-0.00457764,1.48993588,-0.00038147,-0.00488281,-0.01464844,0.00976562,0.00000000,-0.16113281,-0.01464844,1.03378296,2.64932303,2.63710022,-0.02441406
0.89931941,305,3.09991645,-1.69485362,-3.06098183,-0.00457764,1.44606686,0.00190735,3.09985238,-1.64594756,-3.06730617,-0.00438710,1.45208536,0.00191056,3.09953498,-1.65022166,-3.09912880,-0.00457764,1.48612118,-0.00038147,-0.00488281,-0.00976562,0.02929688,0.00000000,-0.17578125,0.00000000,1.03416443,2.64968474,2.63748169,0.00000000
0.91417336,310,3.09991645,-1.69370921,-3.05335244,-0.00457764,1.43653012,0.00190735,3.09989545,-1.64447420,-3.05931383,-0.00451520,1.44312164,0.00190840,3.09953498,-1.65022166,-3.09874733,-0.00457764,1.48383236,-0.00038147,-0.00488281,-0.00488281,0.03417969,-0.01464844,-0.14648438,0.00000000,1.03416443,2.64988138,2.63786316,0.04882812
0.92784214,315,3.09953498,-1.69218333,-3.04496010,-0.00457764,1.42890072,0.00152588,3.09969216,-1.64304805,-3.05052864,-0.00455718,1.43412875,0.00165122,3.09953498,-1.65022166,-3.09798439,-0.00457764,1.48116208,-0.00038147,0.00000000,-0.00488281,0.05859375,-0.01464844,-0.16113281,-0.01464844,1.03416443,2.64994582,2.63900757,0.09765625
0.94086480,320,3.09991645,-1.69103892,-3.03466042,-0.00457764,1.42050839,0.00152588,3.09984295,-1.64160966,-3.04155970,-0.00457093,1.42640095,0.00156695,3.09953498,-1.65022166,-3.09722145,-0.00457764,1.47925473,0.00000000,-0.00488281,-0.00488281,0.06835938,-0.01464844,-0.14648438,-0.01464844,1.03416443,2.65002944,2.64244080,0.14648438
0.95412493,325,3.09991645,-1.68989451,-3.02703102,-0.00343323,1.41173459,0.00152588,3.09989236,-1.64043923,-3.03316227,-0.00408777,1.41784393,0.00153934,3.09953498,-1.65022166,-3.09607704,-0.00495911,1.47734738,-0.00038147,-0.00488281,-0.00488281,0.09277344,-0.02929688,-0.13183594,-0.01464844,1.03416443,2.65005684,2.64205933,-0.02441406
0.96770430,330,3.09991645,-1.68760569,-3.01749428,-0.00114441,1.40219784,0.00152588,3.09990855,-1.63876737,-3.02389631,-0.00258008,1.40844609,0.00153029,3.09953498,-1.65022166,-3.09493264,-0.00457764,1.47429562,-0.00038147,-0.00488281,-0.00488281,0.08300781,0.00000000,-0.20507812,-0.01464844,1.03454590,2.65043813,2.64244080,-0.02441406
0.98413873,335,3.09991645,-1.68379100,-3.00643166,0.00228882,1.38922787,0.00152588,3.09991386,-1.63603668,-3.01402642,-0.00008934,1.39767300,0.00152732,3.09953498,-1.65022166,-3.09340676,-0.00457764,1.46895505,-0.00038147,-0.00976562,-0.00488281,0.08300781,-0.01464844,-0.35156250,-0.01464844,1.03454590,2.65048397,2.64282227,0.00000000
0.99949789,340,3.09953498,-1.67997630,-2.99346169,0.00457764,1.37473202,0.00152588,3.09969038,-1.63247465,-3.00285207,0.00271633,1.38464605,0.00152635,3.09953498,-1.65022166,-3.09188088,-0.00457764,1.46170712,0.00000000,-0.00488281,-0.00976562,0.11230469,-0.01464844,-0.48339844,-0.01464844,1.03454590,2.65059665,2.64320374,0.04882812
1.01326895,345,3.09991645,-1.67768748,-2.98316201,0.00572205,1.36214352,0.00152588,3.09966219,-1.62956013,-2.99179312,0.00452571,1.37184064,0.00152603,3.09953498,-1.65022166,-3.09073647,-0.00457764,1.45445920,0.00000000,-0.00488281,0.00000000,0.11718750,0.00000000,-0.46875000,-0.01464844,1.03454590,2.65075564,2.64434814,0.04882812
1.02829123,350,3.09991645,-1.67539866,-2.97171791,0.00648499,1.34726620,0.00152588,3.09983313,-1.62710534,-2.98055336,0.00559248,1.35787076,0.00152593,3.09953498,-1.65022166,-3.08882912,-0.00457764,1.44873715,0.00000000,0.00000000,0.00976562,0.13183594,0.01464844,-0.30761719,0.01464844,1.03492737,2.65112048,2.64701843,0.07324219
1.04116511,355,3.09991645,-1.67272837,-2.96141823,0.00724792,1.33238888,0.00152588,3.09988915,-1.62442706,-2.96950081,0.00660391,1.34347828,0.00152590,3.09953498,-1.64984019,-3.08692177,-0.00419617,1.44225216,0.00000000,-0.00976562,0.01464844,0.14160156,0.01464844,-0.49804688,-0.01464844,1.03492737,2.65144023,2.64663696,-0.02441406
1.05679488,360,3.09991645,-1.67005809,-2.94921120,0.00762939,1.31713009,0.00152588,3.09990750,-1.62178540,-2.95795089,0.00726211,1.32821236,0.00152588,3.09953498,-1.64945872,-3.08425148,-0.00419617,1.43576718,0.00000000,0.00000000,0.03906250,0.17578125,0.00000000,-0.43945312,-0.01464844,1.03492737,2.65154500,2.64701843,-0.04882812
1.07071376,365,3.09991645,-1.66738780,-2.93547829,0.00762939,1.29691220,0.00152588,3.09991351,-1.61911082,-2.94544453,0.00750904,1.31067376,0.00152588,3.09953498,-1.64907725,-3.08234413,-0.00381470,1.42851925,0.00000000,-0.00488281,0.02441406,0.19531250,-0.02929688,-0.49804688,-0.01464844,1.03492737,2.65157934,2.64701843,-0.04882812
1.08295321,370,3.09991645,-1.66586192,-2.92670449,0.00762939,1.28470517,0.00114441,3.09991549,-1.61700931,-2.93451698,0.00758996,1.29538277,0.00133972,3.09953498,-1.64831431,-3.08005532,-0.00381470,1.42203427,0.00000000,-0.00488281,0.04394531,0.17089844,-0.01464844,-0.52734375,0.00000000,1.03492737,2.65165309,2.64701843,-0.04882812
1.09803152,375,3.09991645,-1.66433604,-2.91487892,0.00762939,1.26753903,0.00076294,3.09991613,-1.61530458,-2.92374983,0.00761647,1.27997317,0.00102225,3.09953498,-1.64755137,-3.07814797,-0.00381470,1.41326047,0.00038147,-0.00488281,0.05371094,0.18554688,-0.01464844,-0.64453125,-0.01464844,1.03492737,2.65167725,2.64701843,-0.04882812
1.11236835,380,3.09991645,-1.66166575,-2.90114601,0.00762939,1.24655819,-0.00076294,3.09991634,-1.61325000,-2.91162302,0.00762516,1.26234848,0.00015260,3.09953498,-1.64678843,-3.07433327,-0.00343323,1.40257931,0.00000000,-0.00488281,0.04394531,0.21972656,0.01464844,-0.74707031,-0.01464844,1.03492737,2.65162267,2.64701843,0.00000000
1.12692904,385,3.10029792,-1.66090281,-2.89122780,0.00762939,1.23168088,-0.00114441,3.10010257,-1.61158433,-2.89984780,0.00762801,1.24450323,-0.00064909,3.09953498,-1.64602549,-3.07128151,-0.00305176,1.39113522,0.00038147,-0.00488281,0.05371094,0.21972656,-0.01464844,-0.76171875,0.00000000,1.03492737,2.65172686,2.64739990,-0.02441406
1.14167905,390,3.10182379,-1.65937693,-2.87596901,0.00686646,1.20764828,-0.00114441,3.10107033,-1.61029291,-2.88689945,0.00736649,1.22483141,-0.00098210,3.09953498,-1.64488108,-3.06708535,-0.00305176,1.37892819,0.00000000,-0.00488281,0.03906250,0.23925781,0.00000000,-0.79101562,-0.01464844,1.03492737,2.65176100,2.64739990,-0.04882812
1.15653276,395,3.10182379,-1.65823252,-2.86833962,0.00686646,1.19544125,-0.00114441,3.10157690,-1.60889037,-2.87522538,0.00703031,1.20636389,-0.00109123,3.09953498,-1.64411814,-3.06517800,-0.00267029,1.36824704,0.00000000,-0.00488281,0.06347656,0.25878906,0.00000000,-0.70312500,-0.02929688,1.03530884,2.65210055,2.64778137,0.04882812
1.17179298,400,3.10182379,-1.65556224,-2.85041054,0.00724792,1.16873837,-0.00114441,3.10174289,-1.60677661,-2.86128833,0.00696519,1.18636389,-0.00112698,3.09953498,-1.64335520,-3.06021889,-0.00190735,1.35527707,0.00000000,-0.00488281,0.03417969,0.24414062,0.02929688,-0.79101562,0.00000000,1.03530884,2.65227432,2.64739990,-0.04882812
1.18474293,405,3.10182379,-1.65479930,-2.84011086,0.00724792,1.15386105,-0.00114441,3.10179728,-1.60535961,-2.84865661,0.00715528,1.16703586,-0.00113870,3.09953498,-1.64297373,-3.05678566,-0.00114441,1.34574032,0.00000000,-0.00488281,0.04394531,0.27832031,0.05859375,-0.76171875,0.00000000,1.03530884,2.65233126,2.64778137,-0.02441406
1.19885564,410,3.10182379,-1.65479930,-2.82599648,0.00686646,1.13326169,-0.00114441,3.10181511,-1.60474490,-2.83610522,0.00699235,1.14813419,-0.00114254,3.09953498,-1.64221080,-3.05297097,-0.00038147,1.33544064,0.00000000,-0.00488281,0.03906250,0.25390625,0.02929688,-0.76171875,-0.01464844,1.03530884,2.65247199,2.64778137,-0.02441406
1.21444702,415,3.10182379,-1.65441783,-2.81264504,0.00686646,1.11380673,-0.00076294,3.10182095,-1.60435731,-2.82352913,0.00690771,1.12958686,-0.00106750,3.09953498,-1.64182933,-3.04839333,0.00000000,1.32247067,0.00000000,-0.00488281,0.02441406,0.30761719,0.00000000,-0.83496094,-0.01464844,1.03530884,2.65269388,2.64816284,-0.04882812
1.22846389,420,3.10182379,-1.65251048,-2.79738625,0.00686646,1.09130002,-0.00076294,3.10182286,-1.60332735,-2.80922460,0.00687997,1.10966790,-0.00086274,3.09953498,-1.64106639,-3.04381569,0.00000000,1.30873776,0.00000000,-0.00488281,0.03417969,0.30273438,0.00000000,-0.80566406,-0.02929688,1.03569031,2.65298168,2.64816284,0.00000000
1.24538660,425,3.10182379,-1.65098460,-2.78327187,0.00686646,1.07108212,-0.00076294,3.10182349,-1.60184483,-2.79454791,0.00687088,1.08966790,-0.00079564,3.09953498,-1.64030345,-3.03885659,0.00038147,1.29691220,0.00000000,0.00000000,0.04394531,0.30761719,-0.01464844,-0.73242188,-0.01464844,1.03569031,2.65307598,2.64854431,0.00000000
1.26103044,430,3.10182379,-1.65060313,-2.76610573,0.00686646,1.04666806,-0.00076294,3.10182369,-1.60095218,-2.77840259,0.00686791,1.06966790,-0.00077366,3.09953498,-1.63954051,-3.03389748,0.00076294,1.28508664,0.00000000,-0.00488281,0.02929688,0.33691406,0.00000000,-0.80566406,0.00000000,1.03569031,2.65322896,2.64854431,-0.04882812
1.27261972,435,3.10182379,-1.65060313,-2.75504311,0.00686646,1.03102780,-0.00076294,3.10182376,-1.60047950,-2.76514567,0.00686693,1.04966790,-0.00076645,3.09953498,-1.63877757,-3.02970131,0.00114441,1.27516842,0.00000000,-0.00488281,0.07324219,0.36132812,0.01464844,-0.79101562,-0.01464844,1.03607178,2.65349417,2.64930725,0.04882812
1.29045463,440,3.10182379,-1.64945872,-2.73825844,0.00686646,1.00623227,-0.00076294,3.10182378,-1.59983694,-2.75104529,0.00686661,1.02966790,-0.00076409,3.09953498,-1.63763316,-3.02321633,0.00152588,1.26143551,0.00000000,-0.00488281,0.04882812,0.36621094,0.02929688,-0.73242188,-0.01464844,1.03607178,2.65375686,2.65083313,0.07324219
1.30438209,445,3.10182379,-1.64869578,-2.72490700,0.00686646,0.98677731,-0.00076294,3.10182379,-1.59898210,-2.73635517,0.00686651,1.00966790,-0.00076332,3.09953498,-1.63687022,-3.01863869,0.00228882,1.25075436,0.00000000,-0.00488281,0.06347656,0.35644531,0.04394531,-0.84960938,-0.01464844,1.03645325,2.65421525,2.65197754,0.04882812
1.31815696,450,3.10182379,-1.64793284,-2.71308144,0.00686646,0.96961117,-0.00076294,3.10182379,-1.59806991,-2.72235707,0.00686647,0.98966790,-0.00076306,3.09953498,-1.63610728,-3.01406105,0.00305176,1.24007321,0.00000000,-0.00488281,0.05371094,0.40039062,0.05859375,-0.89355469,0.00000000,1.03645325,2.65450608,2.65197754,-0.02441406
1.33199906,455,3.10182379,-1.64793284,-2.69896706,0.00686646,0.94901181,-0.00076294,3.10182379,-1.59773975,-2.70877347,0.00686646,0.96966790,-0.00076298,3.09953498,-1.63572581,-3.00757607,0.00457764,1.22786618,0.00000000,-0.00488281,0.04882812,0.39062500,0.05859375,-0.74707031,-0.01464844,1.03683472,2.65501666,2.65197754,-0.02441406
1.34617400,460,3.10182379,-1.64678843,-2.68447121,0.00686646,0.92764950,-0.00076294,3.10182379,-1.59705161,-2.69528845,0.00686646,0.94966790,-0.00076295,3.09991645,-1.63496287,-3.00261696,0.00457764,1.21794797,0.00000000,-0.00488281,0.03906250,0.42968750,-0.01464844,-0.76171875,-0.02929688,1.03645325,2.65496888,2.65197754,-0.02441406
1.36258745,465,3.10182379,-1.64526255,-2.67150124,0.00686646,0.90666867,-0.00076294,3.10182379,-1.59592378,-2.68144952,0.00686646,0.92966790,-0.00076294,3.09991645,-1.63419993,-2.99575051,0.00457764,1.20421506,0.00000000,-0.00488281,0.02929688,0.42968750,-0.01464844,-0.80566406,-0.01464844,1.03683472,2.65520347,2.65235901,-0.02441406
1.37584424,470,3.10182379,-1.64526255,-2.65891274,0.00762939,0.88721371,-0.00076294,3.10182379,-1.59524122,-2.66845274,0.00708008,0.90966790,-0.00076294,3.09991645,-1.63381846,-2.99002846,0.00457764,1.19429684,0.00000000,0.00000000,0.03417969,0.43457031,-0.01464844,-0.76171875,-0.01464844,1.03721619,2.65559308,2.65235901,0.00000000
1.39132786,475,3.10182379,-1.64373667,-2.64556130,0.00915527,0.86737729,-0.00076294,3.10182379,-1.59436131,-2.65562816,0.00796453,0.88966790,-0.00076294,3.09991645,-1.63305552,-2.98430641,0.00457764,1.18399716,0.00000000,0.00000000,0.02929688,0.43457031,-0.01464844,-0.73242188,-0.02929688,1.03721619,2.65598345,2.65235901,-0.02441406
1.40482187,480,3.10182379,-1.64221080,-2.63411721,0.01106262,0.84906674,-0.00076294,3.10182379,-1.59307835,-2.64376101,0.00961531,0.86966790,-0.00076294,3.09991645,-1.63229258,-2.97743996,0.00457764,1.17064572,0.00000000,0.00488281,0.03906250,0.43945312,0.00000000,-0.83496094,-0.01464844,1.03721619,2.65628714,2.65235901,0.00000000
1.41716361,485,3.10182379,-1.64144786,-2.62648781,0.01220703,0.83724118,-0.00076294,3.10182379,-1.59189452,-2.63347736,0.01108825,0.85049825,-0.00076294,3.10029792,-1.63152964,-2.97171791,0.00457764,1.16225339,0.00000000,0.00000000,0.05859375,0.46386719,-0.01464844,-0.80566406,-0.04394531,1.03759766,2.65672382,2.65235901,-0.02441406
1.43209219,490,3.10182379,-1.63992198,-2.61466225,0.01373291,0.81969357,-0.00076294,3.10182379,-1.59069997,-2.62283967,0.01258457,0.83262676,-0.00076294,3.10029792,-1.63076670,-2.96485146,0.00495911,1.14852047,0.00000000,-0.00488281,0.05859375,0.45898438,0.00000000,-0.76171875,-0.01464844,1.03759766,2.65686691,2.65274048,-0.04882812
1.44848013,495,3.10182379,-1.63763316,-2.60283669,0.01564026,0.80138302,-0.00076294,3.10182379,-1.58894989,-2.61165384,0.01430840,0.81480823,-0.00076294,3.10029792,-1.62962229,-2.95722206,0.00495911,1.13555050,0.00000000,-0.00488281,0.06347656,0.48339844,0.00000000,-0.76171875,-0.01464844,1.03759766,2.65685129,2.65274048,-0.02441406
1.46340322,500,3.10182379,-1.63610728,-2.59482582,0.01754761,0.78917599,-0.00076294,3.10182379,-1.58715279,-2.60166950,0.01595396,0.79949338,-0.00076294,3.10029792,-1.62847789,-2.95035561,0.00572205,1.12486935,0.00000000,-0.00488281,0.06347656,0.46875000,0.02929688,-0.70312500,-0.01464844,1.03759766,2.65690868,2.65312195,-0.02441406
1.47714090,505,3.10182379,-1.63343699,-2.58567055,0.01945496,0.77582455,-0.00076294,3.10182379,-1.58499764,-2.59245788,0.01797718,0.78573148,-0.00076294,3.10029792,-1.62771495,-2.94425209,0.00648499,1.11418820,0.00000000,-0.00488281,0.06835938,0.48339844,0.05859375,-0.82031250,0.00000000,1.03759766,2.65692748,2.65312195,0.00000000
1.49272466,510,3.10182379,-1.63114817,-2.57842263,0.02059937,0.76590634,-0.00076294,3.10182379,-1.58275262,-2.58426669,0.01951943,0.77393267,-0.00076294,3.10029792,-1.62657054,-2.93662270,0.00724792,1.10121823,0.00000000,-0.00488281,0.05371094,0.48339844,0.04394531,-0.76171875,-0.01464844,1.03797913,2.65744658,2.65350342,-0.02441406
1.51061296,515,3.10182379,-1.62771495,-2.56964882,0.02250671,0.75369931,-0.00076294,3.10182379,-1.57988892,-2.57603536,0.02119727,0.76234280,-0.00076294,3.10029792,-1.62542613,-2.92784890,0.00801086,1.08519650,0.00000000,-0.00488281,0.05859375,0.47851562,0.01464844,-0.84960938,-0.01464844,1.03797913,2.65753856,2.65388489,-0.04882812
1.52438593,520,3.10182379,-1.62542613,-2.56430825,0.02365112,0.74683285,-0.00076294,3.10182379,-1.57708262,-2.56892674,0.02259656,0.75274743,-0.00076294,3.10029792,-1.62466319,-2.92212685,0.00839233,1.07565976,0.00000000,-0.00976562,0.05859375,0.47851562,0.01464844,-0.77636719,-0.01464844,1.03797913,2.65764682,2.65426636,0.02441406
1.54082966,525,3.10182379,-1.62161143,-2.55782326,0.02593994,0.73805905,-0.00076294,3.10182379,-1.57398019,-2.56251231,0.02420229,0.74430842,-0.00076294,3.10029792,-1.62390025,-2.91411599,0.00915527,1.06154538,-0.00038147,0.00000000,0.05371094,0.46875000,0.04394531,-0.83496094,-0.02929688,1.03797913,2.65768229,2.65655518,0.17089844
1.55398631,530,3.10182379,-1.61894114,-2.55400856,0.02746582,0.73157406,-0.00076294,3.10182379,-1.57094467,-2.55735940,0.02605658,0.73660599,-0.00076294,3.10029792,-1.62313731,-2.90801247,0.00991821,1.05239010,0.00000000,-0.00488281,0.05859375,0.48828125,0.08789062,-0.71777344,-0.01464844,1.03797913,2.65769392,2.65769958,0.04882812
1.56846786,535,3.10182379,-1.61627085,-2.55019387,0.02975464,0.72699643,-0.00076294,3.10182379,-1.56790421,-2.55281470,0.02823427,0.73028079,-0.00076294,3.10029792,-1.62199290,-2.90038308,0.01220703,1.03903866,-0.00038147,-0.00488281,0.07324219,0.45898438,0.11718750,-0.82031250,-0.01464844,1.03797913,2.65779538,2.65769958,-0.02441406
1.58617139,540,3.10182379,-1.61207469,-2.54485329,0.03128052,0.71936703,-0.00076294,3.10182379,-1.56470735,-2.54828520,0.02995176,0.72409096,-0.00076294,3.10029792,-1.62084849,-2.89275368,0.01411438,1.02645016,0.00000000,-0.00488281,0.06835938,0.46875000,0.13183594,-0.73242188,-0.01464844,1.03797913,2.65785305,2.65769958,-0.07324219
1.60213757,545,3.10182379,-1.60902293,-2.54180153,0.03280640,0.71478940,-0.00076294,3.10182379,-1.56115004,-2.54414082,0.03165028,0.71826677,-0.00076294,3.10029792,-1.61970408,-2.88512429,0.01564026,1.01424313,0.00000000,-0.00488281,0.07324219,0.46875000,0.02929688,-0.82031250,-0.01464844,1.03797913,2.65774987,2.65769958,-0.02441406
1.61531401,550,3.10182379,-1.60520823,-2.53874977,0.03395081,0.71135617,-0.00076294,3.10182379,-1.55791968,-2.54108211,0.03301680,0.71392996,-0.00076294,3.10029792,-1.61894114,-2.87902077,0.01602173,1.00318051,-0.00038147,0.00000000,0.04882812,0.47363281,0.00000000,-0.77636719,0.00000000,1.03797913,2.65793579,2.65769958,-0.02441406
1.62803793,555,3.10182379,-1.60253794,-2.53646096,0.03395081,0.70906735,-0.00076294,3.10182379,-1.55471479,-2.53811962,0.03364475,0.71058773,-0.00076294,3.10029792,-1.61817820,-2.87482460,0.01640320,0.99631405,-0.00038147,0.00000000,0.09277344,0.44433594,0.02929688,-0.73242188,-0.01464844,1.03797913,2.65787464,2.65769958,-0.04882812
1.64294457,560,3.10182379,-1.59910472,-2.53379067,0.03395081,0.70677853,-0.00076294,3.10182379,-1.55150239,-2.53559187,0.03385052,0.70785363,-0.00076294,3.10029792,-1.61665232,-2.86681374,0.01716614,0.98143673,-0.00038147,-0.00488281,0.07812500,0.44433594,0.04394531,-0.83496094,-0.01464844,1.03836060,2.65817223,2.65769958,-0.02441406
1.65720463,565,3.10182379,-1.59643443,-2.53150185,0.03395081,0.70601559,-0.00076294,3.10182379,-1.54836735,-2.53305679,0.03391794,0.70617526,-0.00076294,3.10029792,-1.61512644,-2.86032875,0.01907349,0.96922970,-0.00038147,-0.00488281,0.06835938,0.42968750,0.11718750,-0.76171875,0.00000000,1.03836060,2.65836740,2.65769958,-0.02441406
1.67102909,570,3.10182379,-1.59376414,-2.52997597,0.03395081,0.70563412,-0.00076294,3.10182379,-1.54558578,-2.53112990,0.03394004,0.70529850,-0.00076294,3.10029792,-1.61398204,-2.85536965,0.02098083,0.96007443,-0.00038147,-0.00488281,0.10253906,0.42480469,0.16113281,-0.79101562,-0.01464844,1.03836060,2.65843135,2.65769958,-0.04882812
1.68617511,575,3.10182379,-1.59071238,-2.52806862,0.03395081,0.70563412,-0.00076294,3.10182379,-1.54260499,-2.52921615,0.03394728,0.70501121,-0.00076294,3.10029792,-1.61245616,-2.84735878,0.02365112,0.94557858,-0.00038147,-0.00488281,0.10253906,0.41992188,0.10253906,-0.79101562,0.00000000,1.03836060,2.65825212,2.65769958,-0.04882812
1.70157170,580,3.10182379,-1.58689769,-2.52577980,0.03395081,0.70639706,-0.00076294,3.10182379,-1.53944147,-2.52723041,0.03394965,0.70531086,-0.00076294,3.10029792,-1.61093028,-2.84125527,0.02365112,0.93375302,-0.00038147,-0.00488281,0.07812500,0.42480469,-0.01464844,-0.73242188,-0.01464844,1.03836060,2.65815530,2.65769958,-0.02441406
1.71643853,585,3.10182379,-1.58422740,-2.52425392,0.03395081,0.70677853,-0.00076294,3.10182379,-1.53630048,-2.52532484,0.03395043,0.70560449,-0.00076294,3.10029792,-1.60940440,-2.83477028,0.02365112,0.92230893,-0.00038147,0.00000000,0.10253906,0.41503906,-0.01464844,-0.76171875,-0.02929688,1.03797913,2.65784891,2.65769958,-0.02441406
1.73145819,590,3.10182379,-1.58155711,-2.52196511,0.03395081,0.70716000,-0.00076294,3.10182379,-1.53335437,-2.52325926,0.03395068,0.70610610,-0.00076294,3.10029792,-1.60825999,-2.82904824,0.02403259,0.91086484,-0.00038147,-0.00488281,0.10253906,0.40039062,-0.02929688,-0.80566406,-0.02929688,1.03797913,2.65792430,2.65769958,-0.02441406
1.74521494,595,3.10182379,-1.57926829,-2.51967629,0.03395081,0.70716000,-0.00038147,3.10182379,-1.53080134,-2.52102602,0.03395076,0.70630172,-0.00053772,3.10029792,-1.60673411,-2.82332619,0.02441406,0.90056515,-0.00038147,-0.00488281,0.10253906,0.41992188,0.01464844,-0.76171875,-0.01464844,1.03797913,2.65777322,2.65769958,-0.07324219
1.76169562,600,3.10182379,-1.57659800,-2.51662453,0.03395081,0.70716000,-0.00038147,3.10182379,-1.52820073,-2.51836161,0.03395079,0.70636582,-0.00043267,3.10067939,-1.60520823,-2.81760414,0.02517700,0.88988400,-0.00038147,0.00000000,0.09277344,0.40039062,0.04394531,-0.80566406,-0.01464844,1.03836060,2.65787630,2.65769958,-0.04882812
1.77303791,605,3.10182379,-1.57430918,-2.51280983,0.03395081,0.70716000,-0.00038147,3.10182379,-1.52589617,-2.51523097,0.03395080,0.70638682,-0.00039825,3.10067939,-1.60368235,-2.81111916,0.02632141,0.87729550,-0.00038147,-0.00488281,0.07324219,0.41015625,0.05859375,-0.77636719,0.00000000,1.03797913,2.65775749,2.65769958,0.00000000
1.78604221,610,3.10182379,-1.57240184,-2.50975808,0.03356934,0.70716000,-0.00038147,3.10182379,-1.52382887,-2.51203569,0.03372558,0.70639371,-0.00038697,3.10067939,-1.60253794,-2.80616005,0.02670288,0.86814023,-0.00038147,-0.00488281,0.11230469,0.42480469,0.01464844,-0.77636719,-0.01464844,1.03797913,2.65778106,2.65769958,-0.04882812
1.80044246,615,3.10182379,-1.57049449,-2.50594338,0.03318787,0.70716000,-0.00038147,3.10182379,-1.52177976,-2.50855384,0.03343438,0.70639596,-0.00038327,3.10067939,-1.60101206,-2.80043801,0.02670288,0.85593319,-0.00038147,0.00000000,0.10253906,0.40527344,-0.01464844,-0.82031250,-0.02929688,1.03797913,2.65778878,2.65769958,0.00000000
1.81541753,620,3.10182379,-1.56935008,-2.50174721,0.03318787,0.70716000,-0.00038147,3.10182379,-1.52018997,-2.50466401,0.03326864,0.70639670,-0.00038206,3.10067939,-1.59948619,-2.79471596,0.02708435,0.84372616,-0.00038147,-0.00488281,0.09765625,0.38085938,0.00000000,-0.73242188,-0.01464844,1.03797913,2.65772881,2.65769958,-0.02441406
1.82916927,625,3.10182379,-1.56782420,-2.49755104,0.03318787,0.70677853,-0.00038147,3.10182379,-1.51876229,-2.50062096,0.03321434,0.70632065,-0.00038166,3.10067939,-1.59796031,-2.78899391,0.02746582,0.83228207,-0.00038147,-0.00488281,0.09277344,0.36621094,0.02929688,-0.76171875,-0.01464844,1.03797913,2.65770916,2.65769958,-0.02441406
1.84488988,630,3.10182379,-1.56667979,-2.49335488,0.03204346,0.70639706,-0.00038147,3.10182379,-1.51726480,-2.49627135,0.03261658,0.70603926,-0.00038153,3.10067939,-1.59643443,-2.78403481,0.02822876,0.82274533,-0.00038147,-0.00488281,0.11230469,0.38574219,0.04394531,-0.80566406,0.00000000,1.03797913,2.65770272,2.65769958,0.02441406
1.86216450,635,3.10182379,-1.56591685,-2.48763283,0.02861023,0.70601559,-0.00038147,3.10182379,-1.51637103,-2.49143164,0.03068573,0.70562955,-0.00038149,3.10067939,-1.59452708,-2.77716835,0.02975464,0.81206418,-0.00038147,-0.00488281,0.10742188,0.36132812,0.08789062,-0.51269531,-0.02929688,1.03797913,2.65770061,2.65769958,-0.04882812
1.87685394,640,3.10182379,-1.56515391,-2.48343666,0.02632141,0.70601559,-0.00038147,3.10182379,-1.51552616,-2.48664520,0.02824467,0.70537615,-0.00038148,3.10067939,-1.59261973,-2.77106484,0.03051758,0.80252743,-0.00038147,0.00000000,0.11718750,0.38574219,0.01464844,-0.60058594,-0.02929688,1.03797913,2.65769992,2.65769958,-0.02441406
1.88999224,645,3.10182379,-1.56515391,-2.47885903,0.02326965,0.70525265,-0.00038147,3.10182379,-1.51503789,-2.48231604,0.02551217,0.70503067,-0.00038147,3.10067939,-1.59147532,-2.76572426,0.03051758,0.79604245,-0.00038147,0.00000000,0.10253906,0.40527344,-0.01464844,-0.45410156,-0.01464844,1.03836060,2.65785228,2.65769958,-0.04882812
1.90319967,650,3.10182379,-1.56515391,-2.47542580,0.02059937,0.70487118,-0.00038147,3.10182379,-1.51487789,-2.47807849,0.02272921,0.70444175,-0.00038147,3.10067939,-1.59033091,-2.76114662,0.03051758,0.79146481,-0.00038147,0.00488281,0.10253906,0.38574219,-0.02929688,-0.32226562,-0.01464844,1.03797913,2.65774962,2.65769958,-0.04882812
1.92026019,655,3.10144233,-1.56515391,-2.47008522,0.01640320,0.70448971,-0.00038147,3.10174750,-1.51482546,-2.47345092,0.01928958,0.70396106,-0.00038147,3.10106086,-1.58842356,-2.75466164,0.03013611,0.78345395,-0.00038147,0.00488281,0.08789062,0.40527344,-0.02929688,-0.46875000,-0.01464844,1.03797913,2.65771598,2.65769958,0.00000000
1.93790889,660,3.10182379,-1.56515391,-2.46588906,0.01220703,0.70410824,-0.00038147,3.10179879,-1.51480828,-2.46883214,0.01524952,0.70354707,-0.00038147,3.10106086,-1.58689769,-2.74741371,0.03013611,0.77544308,-0.00038147,0.00976562,0.08300781,0.41015625,-0.02929688,-0.41015625,-0.01464844,1.03797913,2.65770496,2.65769958,0.00000000
1.95277619,665,3.10182379,-1.56515391,-2.46092995,0.00724792,0.70410824,-0.00038147,3.10181560,-1.51480265,-2.46413494,0.01078102,0.70341142,-0.00038147,3.10106086,-1.58499034,-2.74169167,0.02975464,0.77010251,-0.00038147,-0.00976562,0.08300781,0.37597656,-0.04394531,-0.32226562,-0.01464844,1.03797913,2.65782342,2.65769958,-0.02441406
1.96901560,670,3.10182379,-1.56515391,-2.45749672,0.00267029,0.70410824,0.00000000,3.10182111,-1.51480081,-2.46011517,0.00650721,0.70336697,-0.00024414,3.10106086,-1.58346446,-2.73711403,0.02937317,0.76514340,-0.00038147,-0.00488281,0.10742188,0.35644531,-0.04394531,-0.36621094,-0.01464844,1.03797913,2.65774016,2.65769958,-0.02441406
1.98202157,675,3.10144233,-1.56515391,-2.45520790,-0.00076294,0.70410824,0.00000000,3.10168559,-1.51480020,-2.45699939,0.00245089,0.70335240,-0.00008000,3.10106086,-1.58232005,-2.73101052,0.02861023,0.75942135,-0.00038147,-0.00488281,0.08789062,0.37109375,-0.07324219,-0.36621094,0.00000000,1.03797913,2.65771288,2.65769958,-0.02441406
1.99579740,680,3.10144233,-1.56515391,-2.45253762,-0.00457764,0.70410824,0.00114441,3.10155329,-1.51480000,-2.45422414,-0.00140197,0.70334763,0.00041263,3.10106086,-1.58117564,-2.72605141,0.02670288,0.75522519,-0.00038147,-0.00488281,0.07812500,0.38085938,-0.20507812,-0.30761719,0.00000000,1.03797913,2.65770394,2.65769958,-0.02441406
2.01339126,685,3.10144233,-1.56515391,-2.44986733,-0.00915527,0.70410824,0.00267029,3.10147869,-1.51479994,-2.45173869,-0.00539446,0.70334607,0.00159065,3.10106086,-1.57964976,-2.71994789,0.02365112,0.75064755,-0.00076294,-0.00976562,0.07812500,0.38085938,-0.21972656,-0.26367188,-0.01464844,1.03797913,2.65770101,2.65769958,-0.04882812
2.02841187,690,3.10144233,-1.56515391,-2.44719704,-0.01296997,0.70410824,0.00267029,3.10145424,-1.51479992,-2.44902888,-0.00973714,0.70334555,0.00231651,3.10106086,-1.57850535,-2.71460732,0.02174377,0.74683285,-0.00038147,-0.00488281,0.08789062,0.37109375,-0.08789062,-0.19042969,-0.01464844,1.03797913,2.65779771,2.65769958,0.00000000
2.04283047,695,3.10144233,-1.56515391,-2.44528969,-0.01640320,0.70410824,0.00267029,3.10144623,-1.51479991,-2.44676922,-0.01333849,0.70334539,0.00255436,3.10106086,-1.57736094,-2.70964821,0.02021790,0.74378110,-0.00038147,-0.00488281,0.07812500,0.36621094,-0.14648438,-0.17578125,-0.01464844,1.03797913,2.65782939,2.65769958,-0.04882812
2.05781722,700,3.10144233,-1.56515391,-2.44376381,-0.01945496,0.70410824,0.00267029,3.10144360,-1.51479991,-2.44478317,-0.01684671,0.70334533,0.00263230,3.10106086,-1.57621653,-2.70507058,0.01792908,0.74149228,-0.00038147,-0.00488281,0.06835938,0.34667969,-0.21972656,-0.17578125,-0.02929688,1.03797913,2.65774212,2.65769958,-0.02441406
2.07122707,705,3.10144233,-1.56515391,-2.44223793,-0.02212524,0.70410824,0.00267029,3.10144274,-1.51479991,-2.44318512,-0.01978327,0.70334531,0.00265784,3.10106086,-1.57507212,-2.69934853,0.01411438,0.73882199,-0.00038147,-0.00488281,0.09277344,0.34667969,-0.17578125,-0.16113281,-0.02929688,1.03836060,2.65786611,2.65769958,-0.02441406
2.08556628,710,3.10067939,-1.56515391,-2.44071205,-0.02517700,0.70448971,0.00267029,3.10107991,-1.51479991,-2.44163559,-0.02268790,0.70342160,0.00266621,3.10106086,-1.57430918,-2.69477089,0.01182556,0.73691464,-0.00038147,-0.00488281,0.03906250,0.38085938,-0.20507812,-0.13183594,-0.01464844,1.03797913,2.65775415,2.65769958,0.00000000
2.10258651,715,3.09991645,-1.56515391,-2.43880471,-0.02708435,0.70448971,0.00267029,3.10041683,-1.51479991,-2.43978445,-0.02526482,0.70362677,0.00266895,3.10106086,-1.57278331,-2.68828591,0.00762939,0.73271847,-0.00038147,-0.00488281,0.08300781,0.37109375,-0.29296875,-0.23437500,-0.01464844,1.03797913,2.65771747,2.65769958,0.00000000
2.11680174,720,3.09800910,-1.56515391,-2.43727883,-0.02822876,0.70448971,0.00305176,3.09919894,-1.51479991,-2.43817397,-0.02722628,0.70369401,0.00292632,3.10106086,-1.57163890,-2.68408974,0.00610352,0.72966672,-0.00038147,-0.00488281,0.06835938,0.32714844,-0.16113281,-0.20507812,-0.01464844,1.03797913,2.65770544,2.65769958,-0.02441406
2.13154721,725,3.09533881,-1.56515391,-2.43537148,-0.02784729,0.70448971,0.00305176,3.09722382,-1.51479991,-2.43646399,-0.02782397,0.70371604,0.00301065,3.10106086,-1.57049449,-2.67951210,0.00419617,0.72699643,-0.00038147,-0.00488281,0.08300781,0.32226562,-0.14648438,-0.19042969,0.00000000,1.03797913,2.65770150,2.65769958,-0.02441406
2.14614749,730,3.09343146,-1.56515391,-2.43384560,-0.02784729,0.70448971,0.00305176,3.09506721,-1.51479991,-2.43480894,-0.02783965,0.70372326,0.00303829,3.10106086,-1.56973155,-2.67607888,0.00267029,0.72508908,-0.00038147,-0.00488281,0.07324219,0.34179688,-0.16113281,-0.14648438,-0.01464844,1.03836060,2.65785280,2.65769958,-0.02441406
2.16103649,735,3.09076117,-1.56515391,-2.43193825,-0.02784729,0.70448971,0.00305176,3.09277227,-1.51479991,-2.43292323,-0.02784479,0.70372562,0.00304734,3.10106086,-1.56858714,-2.66997536,-0.00076294,0.72318173,-0.00038147,-0.00976562,0.06347656,0.33691406,-0.19042969,-0.07324219,-0.01464844,1.03797913,2.65774979,2.65731812,-0.04882812
2.17558813,740,3.08770941,-1.56515391,-2.42964943,-0.02784729,0.70448971,0.00305176,3.08986255,-1.51479991,-2.43096816,-0.02784647,0.70372640,0.00305031,3.10106086,-1.56744273,-2.66463478,-0.00343323,0.72203732,-0.00038147,-0.00976562,0.06835938,0.32714844,-0.16113281,-0.02929688,-0.01464844,1.03797913,2.65771604,2.65769958,0.00000000
2.19003558,745,3.08503913,-1.56515391,-2.42774208,-0.02708435,0.70487118,0.00305176,3.08715189,-1.51479991,-2.42886354,-0.02740439,0.70398312,0.00305128,3.10106086,-1.56667979,-2.66120156,-0.00457764,0.72203732,-0.00038147,-0.00976562,0.04394531,0.33203125,-0.08789062,-0.02929688,-0.01464844,1.03797913,2.65770498,2.65769958,-0.02441406
2.20372844,750,3.08160590,-1.56515391,-2.42507180,-0.02746582,0.70487118,0.00305176,3.08411559,-1.51479991,-2.42659980,-0.02741444,0.70406724,0.00305160,3.10106086,-1.56515391,-2.65547951,-0.00572205,0.72051144,0.00000000,-0.00976562,0.07812500,0.33691406,-0.08789062,-0.08789062,-0.01464844,1.03797913,2.65770135,2.65769958,-0.02441406
2.21765161,755,3.07931708,-1.56515391,-2.42278298,-0.02708435,0.70487118,0.00267029,3.08135137,-1.51479991,-2.42427037,-0.02722377,0.70409481,0.00279524,3.10067939,-1.56477244,-2.65166481,-0.00762939,0.71936703,0.00000000,-0.01953125,0.04882812,0.30761719,-0.16113281,-0.04394531,0.00000000,1.03797913,2.65770016,2.65769958,0.00000000
2.23034573,760,3.07740973,-1.56515391,-2.42087563,-0.02746582,0.70487118,0.00267029,3.07910221,-1.51479991,-2.42213243,-0.02726736,0.70410384,0.00271123,3.10067939,-1.56362803,-2.64861306,-0.00953674,0.71860409,0.00000000,-0.03417969,0.08300781,0.29785156,-0.16113281,-0.05859375,-0.01464844,1.03797913,2.65769977,2.65731812,-0.04882812
2.24449325,765,3.07435797,-1.56515391,-2.41782387,-0.02746582,0.70487118,0.00267029,3.07651266,-1.51479991,-2.41972825,-0.02758097,0.70410680,0.00268370,3.09991645,-1.56286509,-2.64403542,-0.01220703,0.71784115,0.00000000,-0.03417969,0.04394531,0.30273438,-0.16113281,-0.04394531,-0.01464844,1.03836060,2.65791474,2.65769958,0.00000000
2.25946784,770,3.07206916,-1.56515391,-2.41477211,-0.02784729,0.70487118,0.00267029,3.07419415,-1.51479991,-2.41709035,-0.02757985,0.70410777,0.00267468,3.09953498,-1.56172068,-2.63945778,-0.01296997,0.71669674,0.00000000,-0.04882812,0.05859375,0.28808594,-0.07324219,-0.04394531,0.00000000,1.03797913,2.65777009,2.65769958,-0.04882812
2.27289224,775,3.07016181,-1.56515391,-2.41286476,-0.02784729,0.70487118,0.00267029,3.07183518,-1.51479991,-2.41434499,-0.02775965,0.70410809,0.00267173,3.09915351,-1.56095774,-2.63449868,-0.01373291,0.71669674,0.00000000,-0.01464844,0.03417969,0.29296875,-0.05859375,-0.00000000,-0.01464844,1.03797913,2.65772269,2.65769958,-0.02441406
2.28829360,780,3.06787299,-1.56515391,-2.40981301,-0.02784729,0.70448971,0.00267029,3.06947991,-1.51479991,-2.41164949,-0.02781857,0.70385172,0.00267076,3.09877204,-1.56019480,-2.63068398,-0.01449585,0.71669674,0.00000000,-0.03417969,0.06835938,0.31250000,-0.05859375,0.02929688,0.00000000,1.03797913,2.65782923,2.65769958,-0.04882812
2.30186772,785,3.06634711,-1.56515391,-2.40752419,-0.02784729,0.70448971,0.00267029,3.06780433,-1.51479991,-2.40905944,-0.02783788,0.70376772,0.00267044,3.09800910,-1.55943186,-2.62725075,-0.01487732,0.71593381,0.00038147,-0.05859375,0.03417969,0.27343750,-0.08789062,-0.05859375,0.00000000,1.03797913,2.65774207,2.65769958,0.00000000
2.31507611,790,3.06482123,-1.56515391,-2.40485390,-0.02784729,0.70448971,0.00267029,3.06611172,-1.51479991,-2.40658781,-0.02784421,0.70374019,0.00267034,3.09724616,-1.55828746,-2.62229164,-0.01640320,0.71364499,0.00038147,-0.05859375,0.06347656,0.30761719,-0.11718750,-0.14648438,-0.02929688,1.03797913,2.65771350,2.65769958,-0.02441406
2.32850337,795,3.06329535,-1.56515391,-2.40256508,-0.02784729,0.70448971,0.00267029,3.06454879,-1.51479991,-2.40414680,-0.02784628,0.70373117,0.00267030,3.09686469,-1.55752452,-2.61847695,-0.01831055,0.71173764,0.00038147,-0.03417969,0.06347656,0.29785156,-0.11718750,-0.11718750,-0.01464844,1.03797913,2.65787993,2.65769958,-0.02441406
2.34429121,800,3.06291388,-1.56515391,-2.39989479,-0.02784729,0.70448971,0.00267029,3.06344961,-1.51479991,-2.40155164,-0.02784696,0.70372821,0.00267029,3.09648322,-1.55676158,-2.61466225,-0.01945496,0.71021176,0.00038147,-0.04882812,0.06347656,0.27343750,-0.07324219,-0.08789062,-0.02929688,1.03797913,2.65775868,2.65769958,-0.02441406
2.35826945,805,3.06291388,-1.56515391,-2.39760598,-0.02784729,0.70448971,0.00267029,3.06308943,-1.51479991,-2.39907455,-0.02784718,0.70372725,0.00267029,3.09572028,-1.55599864,-2.61046608,-0.01907349,0.70944882,0.00038147,-0.06347656,0.06347656,0.29785156,0.00000000,-0.04394531,0.00000000,1.03797913,2.65778145,2.65769958,-0.02441406
2.37094331,810,3.06291388,-1.56515391,-2.39531716,-0.02822876,0.70448971,0.00267029,3.06297141,-1.51479991,-2.39673185,-0.02803341,0.70372693,0.00267029,3.09495734,-1.55523570,-2.60703286,-0.01945496,0.70868588,0.00076294,-0.03906250,0.02929688,0.28808594,-0.02929688,-0.04394531,-0.02929688,1.03797913,2.65772641,2.65769958,-0.04882812
2.38542962,815,3.06291388,-1.56515391,-2.39264687,-0.02822876,0.70448971,0.00267029,3.06293273,-1.51479991,-2.39431149,-0.02816475,0.70372682,0.00267029,3.09457587,-1.55485423,-2.60283669,-0.01983643,0.70906735,0.00076294,-0.05371094,0.03906250,0.30273438,-0.04394531,0.02929688,0.00000000,1.03797913,2.65770838,2.65769958,-0.02441406
2.39942694,820,3.06291388,-1.56515391,-2.39073952,-0.02822876,0.70448971,0.00267029,3.06292006,-1.51479991,-2.39212470,-0.02820778,0.70372679,0.00267029,3.09419440,-1.55409129,-2.59902199,-0.02021790,0.70944882,0.00076294,-0.05371094,0.05371094,0.28320312,-0.05859375,0.02929688,0.01464844,1.03797913,2.65770247,2.65769958,0.00000000
2.41602778,825,3.06329535,-1.56515391,-2.38806923,-0.02784729,0.70448971,0.00267029,3.06314113,-1.51479991,-2.38978082,-0.02808456,0.70372678,0.00267029,3.09304999,-1.55332835,-2.59406288,-0.02136230,0.70906735,0.00076294,-0.04394531,0.04882812,0.28320312,-0.07324219,-0.01464844,-0.02929688,1.03797913,2.65782260,2.65769958,-0.02441406
2.43159842,830,3.06329535,-1.56515391,-2.38578041,-0.02784729,0.70448971,0.00267029,3.06324482,-1.51479991,-2.38730599,-0.02792504,0.70372678,0.00267029,3.09266852,-1.55256541,-2.58948525,-0.02212524,0.70868588,0.00114441,-0.04882812,0.04882812,0.26855469,-0.05859375,-0.01464844,-0.01464844,1.03797913,2.65780239,2.65769958,0.00000000
2.44634271,835,3.06329535,-1.56515391,-2.38387307,-0.02784729,0.70448971,0.00267029,3.06327879,-1.51479991,-2.38528349,-0.02787277,0.70372677,0.00267029,3.09228705,-1.55180247,-2.58605202,-0.02250671,0.70830441,0.00114441,-0.03906250,0.03906250,0.26855469,-0.02929688,-0.00000000,-0.01464844,1.03797913,2.65773327,2.65731812,-0.04882812
2.45823264,840,3.06329535,-1.56515391,-2.38234719,-0.02784729,0.70448971,0.00267029,3.06328993,-1.51479991,-2.38337368,-0.02785564,0.70372677,0.00267029,3.09152411,-1.55103953,-2.58338173,-0.02288818,0.70754147,0.00114441,-0.05859375,0.07324219,0.26855469,-0.01464844,-0.02929688,0.00000000,1.03797913,2.65780828,2.65769958,-0.02441406
2.47582960,845,3.06329535,-1.56515391,-2.38005837,-0.02746582,0.70448971,0.00267029,3.06329357,-1.51479991,-2.38128914,-0.02759356,0.70372677,0.00267029,3.09076117,-1.55027659,-2.57804116,-0.02288818,0.70677853,0.00152588,-0.06347656,0.02441406,0.27832031,-0.02929688,-0.02929688,-0.01464844,1.03797913,2.65773520,2.65731812,-0.02441406
2.49040604,850,3.06329535,-1.56515391,-2.37891396,-0.02746582,0.70448971,0.00267029,3.06329477,-1.51479991,-2.37962524,-0.02750768,0.70372677,0.00267029,3.09037970,-1.54913218,-2.57384499,-0.02326965,0.70563412,0.00152588,-0.03417969,0.05859375,0.27343750,-0.04394531,-0.04394531,-0.02929688,1.03797913,2.65771126,2.65769958,-0.04882812
2.50519872,855,3.06329535,-1.56515391,-2.37776955,-0.02746582,0.70525265,0.00267029,3.06329516,-1.51479991,-2.37840289,-0.02747954,0.70402829,0.00267029,3.08961676,-1.54836924,-2.57041176,-0.02365112,0.70563412,0.00152588,-0.03906250,0.04394531,0.26367188,-0.04394531,0.01464844,-0.02929688,1.03797913,2.65770341,2.65769958,0.00000000
2.52286172,860,3.06329535,-1.56515391,-2.37624367,-0.02746582,0.70525265,0.00267029,3.06329529,-1.51479991,-2.37696427,-0.02747031,0.70433851,0.00267029,3.08885382,-1.54760630,-2.56583412,-0.02403259,0.70601559,0.00152588,-0.05859375,0.04394531,0.26367188,-0.02929688,0.01464844,0.00000000,1.03797913,2.65770084,2.65769958,0.00000000
2.53509355,865,3.06329535,-1.56515391,-2.37471779,-0.02746582,0.70487118,0.00267029,3.06329533,-1.51479991,-2.37547918,-0.02746729,0.70418370,0.00267029,3.08847235,-1.54722483,-2.56240090,-0.02441406,0.70563412,0.00152588,-0.04882812,0.02929688,0.24414062,-0.02929688,-0.02929688,0.00000000,1.03797913,2.65770000,2.65769958,-0.02441406
2.54843116,870,3.06329535,-1.56515391,-2.37395485,-0.02746582,0.70487118,0.00267029,3.06329535,-1.51479991,-2.37434827,-0.02746630,0.70413297,0.00267029,3.08809088,-1.54684336,-2.55896767,-0.02517700,0.70525265,0.00190735,-0.03417969,0.03417969,0.26367188,-0.07324219,0.01464844,-0.01464844,1.03797913,2.65769972,2.65769958,-0.04882812
2.56445551,875,3.06329535,-1.56515391,-2.37281044,-0.02746582,0.70487118,0.00267029,3.06329535,-1.51479991,-2.37324734,-0.02746598,0.70411635,0.00267029,3.08770941,-1.54646189,-2.55591591,-0.02593994,0.70487118,0.00190735,-0.01464844,0.02441406,0.23437500,-0.05859375,-0.01464844,0.00000000,1.03797913,2.65769963,2.65769958,-0.04882812
2.57659602,880,3.06329535,-1.56515391,-2.37204750,-0.02746582,0.70487118,0.00267029,3.06329535,-1.51479991,-2.37230334,-0.02746587,0.70411090,0.00267029,3.08732795,-1.54569895,-2.55210121,-0.02708435,0.70487118,0.00190735,-0.04882812,0.04394531,0.25390625,-0.05859375,0.01464844,-0.01464844,1.03836060,2.65785219,2.65769958,0.00000000
2.59114575,885,3.06329535,-1.56515391,-2.37052162,-0.02746582,0.70487118,0.00267029,3.06329535,-1.51479991,-2.37117955,-0.02746584,0.70410911,0.00267029,3.08656501,-1.54493602,-2.54904946,-0.02670288,0.70487118,0.00190735,-0.05371094,0.04394531,0.23437500,0.00000000,-0.00000000,-0.01464844,1.03797913,2.65774959,2.65769958,-0.02441406
2.60553622,890,3.06329535,-1.56515391,-2.36899575,-0.02822876,0.70487118,0.00267029,3.06329535,-1.51479991,-2.36978543,-0.02782837,0.70410853,0.00267029,3.08618354,-1.54455455,-2.54523476,-0.02670288,0.70448971,0.00190735,-0.04394531,0.01953125,0.24902344,0.00000000,-0.00000000,-0.02929688,1.03797913,2.65771597,2.65731812,0.00000000
2.61932755,895,3.06291388,-1.56515391,-2.36746987,-0.02899170,0.70448971,0.00267029,3.06321906,-1.51479991,-2.36834179,-0.02843033,0.70385187,0.00267029,3.08580207,-1.54379161,-2.54218300,-0.02670288,0.70372677,0.00190735,-0.01464844,0.04394531,0.23925781,-0.02929688,-0.05859375,-0.01464844,1.03797913,2.65770495,2.65731812,-0.02441406
2.63408446,900,3.06291388,-1.56515391,-2.36594399,-0.02937317,0.70448971,0.00267029,3.06310177,-1.51479991,-2.36690389,-0.02888404,0.70376776,0.00267029,3.08542060,-1.54341014,-2.53874977,-0.02670288,0.70372677,0.00228882,-0.02929688,0.03906250,0.23925781,-0.01464844,-0.01464844,-0.01464844,1.03797913,2.65770134,2.65769958,-0.02441406
2.64844847,905,3.06329535,-1.56515391,-2.36441811,-0.03051758,0.70448971,0.00267029,3.06319286,-1.51479991,-2.36537706,-0.02965173,0.70374021,0.00267029,3.08503913,-1.54264720,-2.53531655,-0.02670288,0.70334530,0.00190735,-0.03906250,0.02441406,0.22460938,0.00000000,0.02929688,0.00000000,1.03797913,2.65770016,2.65769958,-0.04882812
2.66464734,910,3.06329535,-1.56515391,-2.36289223,-0.03089905,0.70448971,0.00267029,3.06326177,-1.51479991,-2.36381181,-0.03042002,0.70373118,0.00267029,3.08465766,-1.54188426,-2.53188332,-0.02708435,0.70334530,0.00190735,-0.04882812,0.03906250,0.24414062,-0.02929688,-0.00000000,-0.02929688,1.03797913,2.65769977,2.65769958,-0.02441406
2.68039131,915,3.06329535,-1.56515391,-2.36098488,-0.03089905,0.70448971,0.00267029,3.06324528,-1.51479991,-2.36217476,-0.03074208,0.70372822,0.00267029,3.08389472,-1.54150279,-2.52806862,-0.02708435,0.70296383,0.00228882,-0.02441406,0.02929688,0.23925781,-0.01464844,-0.01464844,0.00000000,1.03797913,2.65782172,2.65769958,0.00000000
2.69575095,920,3.06329535,-1.56515391,-2.35945900,-0.03089905,0.70448971,0.00267029,3.06323988,-1.51479991,-2.36030532,-0.03084761,0.70372725,0.00267029,3.08351325,-1.54112132,-2.52425392,-0.02746582,0.70258236,0.00228882,-0.02929688,0.00976562,0.23925781,-0.02929688,0.01464844,-0.01464844,1.03836060,2.65789219,2.65769958,0.00000000
2.70991874,925,3.06329535,-1.56515391,-2.35755165,-0.03089905,0.70448971,0.00267029,3.06327718,-1.51479991,-2.35858081,-0.03088219,0.70372693,0.00267029,3.08313178,-1.54073985,-2.52158364,-0.02746582,0.70296383,0.00228882,-0.02929688,0.01953125,0.23437500,0.00000000,0.02929688,-0.01464844,1.03797913,2.65782520,2.65769958,-0.02441406
2.72461987,930,3.06329535,-1.56515391,-2.35526284,-0.03051758,0.70487118,0.00267029,3.06328940,-1.51479991,-2.35638461,-0.03070737,0.70395204,0.00267029,3.08275031,-1.54035838,-2.51853188,-0.02746582,0.70334530,0.00228882,-0.02929688,0.02441406,0.22460938,-0.02929688,0.02929688,0.00000000,1.03797913,2.65774075,2.65769958,0.00000000
2.73953772,935,3.06329535,-1.56515391,-2.35259255,-0.03013611,0.70487118,0.00267029,3.06329340,-1.51479991,-2.35404985,-0.03032330,0.70405706,0.00267029,3.08236884,-1.53959544,-2.51509865,-0.02784729,0.70334530,0.00228882,-0.04882812,0.02929688,0.22949219,-0.02929688,0.02929688,-0.01464844,1.03797913,2.65771307,2.65769958,0.02441406
2.75578666,940,3.06329535,-1.56515391,-2.34992226,-0.02899170,0.70487118,0.00267029,3.06329471,-1.51479991,-2.35166969,-0.02961749,0.70409147,0.00267029,3.08160590,-1.53921397,-2.51128395,-0.02822876,0.70296383,0.00228882,-0.03417969,0.02929688,0.20996094,-0.04394531,-0.00000000,-0.01464844,1.03797913,2.65770400,2.65769958,-0.02441406
2.77100587,945,3.06329535,-1.56515391,-2.34687050,-0.02746582,0.70487118,0.00267029,3.06329514,-1.51479991,-2.34872813,-0.02831150,0.70410275,0.00267029,3.08122443,-1.53883250,-2.50861367,-0.02861023,0.70296383,0.00228882,-0.02929688,0.01464844,0.21972656,-0.04394531,0.02929688,0.00000000,1.03797913,2.65792076,2.65769958,0.00000000
2.78325224,950,3.06329535,-1.56515391,-2.34534462,-0.02670288,0.70448971,0.00267029,3.06329528,-1.51479991,-2.34647860,-0.02741017,0.70384997,0.00267029,3.08122443,-1.53845103,-2.50556191,-0.02861023,0.70258236,0.00228882,-0.01953125,0.03906250,0.21972656,-0.01464844,-0.00000000,-0.01464844,1.03797913,2.65789413,2.65731812,-0.04882812
2.79838490,955,3.06329535,-1.56515391,-2.34267433,-0.02670288,0.70448971,0.00267029,3.06329533,-1.51479991,-2.34432558,-0.02693465,0.70376714,0.00267029,3.08084296,-1.53806956,-2.50289162,-0.02899170,0.70296383,0.00228882,-0.02441406,0.02441406,0.20996094,-0.04394531,0.02929688,-0.02929688,1.03797913,2.65786099,2.65769958,-0.02441406
2.81099010,960,3.06329535,-1.56515391,-2.34038552,-0.02632141,0.70448971,0.00267029,3.06329535,-1.51479991,-2.34189132,-0.02664150,0.70374000,0.00267029,3.08046149,-1.53768809,-2.49983986,-0.02899170,0.70334530,0.00228882,-0.04882812,0.02441406,0.21972656,0.01464844,0.02929688,-0.01464844,1.03797913,2.65787454,2.65769958,-0.02441406
2.82432318,965,3.06329535,-1.56515391,-2.33847817,-0.02593994,0.70448971,0.00267029,3.06329535,-1.51479991,-2.33985086,-0.02624014,0.70373111,0.00267029,3.08008002,-1.53730662,-2.49716957,-0.02861023,0.70258236,0.00228882,-0.02441406,0.01464844,0.21972656,0.01464844,-0.02929688,-0.01464844,1.03797913,2.65775692,2.65769958,-0.02441406
2.83873224,970,3.06329535,-1.56553538,-2.33618935,-0.02479553,0.70448971,0.00267029,3.06329535,-1.51493724,-2.33769177,-0.02551939,0.70372819,0.00267029,3.07969855,-1.53692515,-2.49373635,-0.02899170,0.70258236,0.00228882,-0.02929688,0.01953125,0.21972656,-0.02929688,0.01464844,-0.01464844,1.03797913,2.65781603,2.65769958,-0.04882812
2.85511088,975,3.06329535,-1.56553538,-2.33351906,-0.02403259,0.70448971,0.00267029,3.06329535,-1.51510138,-2.33525149,-0.02467018,0.70372724,0.00267029,3.07931708,-1.53616221,-2.49030312,-0.02899170,0.70258236,0.00228882,-0.02441406,0.02929688,0.20996094,-0.01464844,0.01464844,-0.01464844,1.03797913,2.65773774,2.65769958,-0.04882812
2.86998439,980,3.06329535,-1.56553538,-2.33161171,-0.02365112,0.70448971,0.00267029,3.06329535,-1.51515516,-2.33294880,-0.02410419,0.70372693,0.00267029,3.07931708,-1.53578074,-2.48725136,-0.02899170,0.70296383,0.00228882,-0.01464844,0.01953125,0.21484375,-0.01464844,0.04394531,-0.02929688,1.03797913,2.65780974,2.65769958,-0.04882812
2.88888788,985,3.06329535,-1.56553538,-2.32970436,-0.02365112,0.70448971,0.00267029,3.06329535,-1.51517279,-2.33068291,-0.02379958,0.70372682,0.00267029,3.07893561,-1.53578074,-2.48419960,-0.02861023,0.70296383,0.00228882,-0.01953125,0.02441406,0.20507812,-0.01464844,0.02929688,-0.01464844,1.03836060,2.65810800,2.65769958,-0.04882812
2.90256119,990,3.06329535,-1.56591685,-2.32703408,-0.02326965,0.70448971,0.00267029,3.06329535,-1.51536472,-2.32829406,-0.02344330,0.70372679,0.00267029,3.07855414,-1.53501780,-2.48076638,-0.02861023,0.70296383,0.00228882,-0.02929688,0.00976562,0.20019531,0.01464844,0.01464844,-0.01464844,1.03797913,2.65797404,2.65769958,0.00000000
2.91733479,995,3.06329535,-1.56591685,-2.32474526,-0.02250671,0.70448971,0.00267029,3.06329535,-1.51549792,-2.32619365,-0.02299379,0.70372678,0.00267029,3.07855414,-1.53463633,-2.47733315,-0.02861023,0.70258236,0.00228882,-0.01953125,0.02441406,0.19531250,0.01464844,-0.00000000,-0.01464844,1.03797913,2.65778952,2.65769958,-0.02441406
2.93139243,1000,3.06329535,-1.56629832,-2.32321938,-0.02174377,0.70448971,0.00267029,3.06329535,-1.51579804,-2.32433840,-0.02234283,0.70372678,0.00267029,3.07817267,-1.53425486,-2.47504433,-0.02822876,0.70296383,0.00228882,-0.02929688,0.02441406,0.20507812,0.00000000,0.04394531,0.00000000,1.03797913,2.65772905,2.65769958,-0.02441406
2.94568539,1005,3.06329535,-1.56706126,-2.32207497,-0.01945496,0.70448971,0.00267029,3.06329535,-1.51611001,-2.32274182,-0.02083338,0.70372677,0.00267029,3.07740973,-1.53387339,-2.47161110,-0.02822876,0.70258236,0.00228882,-0.03417969,0.01953125,0.20507812,0.01464844,-0.00000000,0.00000000,1.03797913,2.65792897,2.65769958,0.00000000
2.96169305,1010,3.06329535,-1.56820567,-2.32016762,-0.01754761,0.70448971,0.00267029,3.06329535,-1.51699922,-2.32115554,-0.01902517,0.70372677,0.00267029,3.07740973,-1.53349192,-2.46894081,-0.02784729,0.70296383,0.00228882,-0.01464844,0.02929688,0.20996094,0.00000000,0.02929688,0.00000000,1.03836060,2.65792734,2.65769958,0.00000000
2.97482872,1015,3.06329535,-1.56820567,-2.31902321,-0.01564026,0.70410824,0.00267029,3.06329535,-1.51757234,-2.31979603,-0.01711124,0.70347030,0.00267029,3.07702826,-1.53349192,-2.46588906,-0.02784729,0.70258236,0.00228882,-0.03906250,0.01464844,0.20996094,-0.01464844,-0.02929688,-0.01464844,1.03797913,2.65777421,2.65769958,-0.02441406
2.98910904,1020,3.06329535,-1.56896861,-2.31826027,-0.01449585,0.70410824,0.00267029,3.06329535,-1.51797376,-2.31871847,-0.01563460,0.70338626,0.00267029,3.07664679,-1.53311045,-2.46321877,-0.02746582,0.70258236,0.00228882,-0.02441406,0.00976562,0.21484375,0.02929688,0.01464844,-0.01464844,1.03797913,2.65772404,2.65769958,-0.04882812
3.00213218,1025,3.06329535,-1.57049449,-2.31749733,-0.01220703,0.70410824,0.00267029,3.06329535,-1.51909065,-2.31783046,-0.01388145,0.70335873,0.00267029,3.07664679,-1.53272898,-2.46054848,-0.02708435,0.70258236,0.00228882,-0.02441406,0.01953125,0.20019531,0.01464844,-0.00000000,0.00000000,1.03797913,2.65770760,2.65769958,-0.04882812
3.01452637,1030,3.06329535,-1.57202037,-2.31635292,-0.00953674,0.70410824,0.00267029,3.06329535,-1.52049179,-2.31676225,-0.01157272,0.70334970,0.00267029,3.07626532,-1.53272898,-2.45864113,-0.02708435,0.70258236,0.00228882,-0.01953125,0.01464844,0.19531250,0.01464844,0.01464844,-0.01464844,1.03797913,2.65770221,2.65769958,-0.04882812
3.03018427,1035,3.06329535,-1.57278331,-2.31482704,-0.00762939,0.70372677,0.00267029,3.06329535,-1.52169285,-2.31560558,-0.00923453,0.70316059,0.00267029,3.07588385,-1.53234751,-2.45520790,-0.02632141,0.70296383,0.00267029,-0.05859375,0.00976562,0.19042969,0.00000000,0.01464844,0.00000000,1.03797913,2.65770045,2.65769958,-0.02441406
3.04888034,1040,3.06329535,-1.57430918,-2.31368264,-0.00572205,0.70372677,0.00267029,3.06329535,-1.52266406,-2.31420667,-0.00738376,0.70302831,0.00267029,3.07550238,-1.53234751,-2.45177468,-0.02517700,0.70258236,0.00267029,-0.00976562,0.00488281,0.18554688,0.05859375,-0.00000000,-0.01464844,1.03797913,2.65769987,2.65769958,0.00000000
3.06112623,1045,3.06329535,-1.57659800,-2.31291970,-0.00305176,0.70410824,0.00267029,3.06329535,-1.52438049,-2.31322557,-0.00523201,0.70312229,0.00267029,3.07550238,-1.53196604,-2.44948586,-0.02288818,0.70258236,0.00228882,-0.02441406,0.00000000,0.19042969,0.17578125,-0.01464844,-0.01464844,1.03797913,2.65769968,2.65769958,-0.02441406
3.07782841,1050,3.06329535,-1.57812388,-2.31177529,0.00038147,0.70410824,0.00267029,3.06329535,-1.52643854,-2.31218350,-0.00223774,0.70327223,0.00267029,3.07512091,-1.53196604,-2.44681557,-0.02136230,0.70258236,0.00228882,-0.02441406,0.00000000,0.20507812,0.08789062,-0.00000000,-0.02929688,1.03797913,2.65769962,2.65769958,-0.04882812
3.09188628,1055,3.06329535,-1.57888682,-2.31024941,0.00267029,0.70410824,0.00267029,3.06329535,-1.52766639,-2.31099633,0.00048097,0.70332136,0.00267029,3.07473944,-1.53196604,-2.44414528,-0.01945496,0.70258236,0.00267029,-0.00488281,0.00000000,0.17578125,0.11718750,0.02929688,0.00000000,1.03797913,2.65769959,2.65769958,-0.02441406
3.10586524,1060,3.06329535,-1.57964976,-2.30910500,0.00381470,0.70410824,0.00267029,3.06329535,-1.52866028,-2.30975002,0.00244056,0.70333746,0.00267029,3.07473944,-1.53196604,-2.44147499,-0.01869202,0.70296383,0.00267029,-0.01953125,0.00488281,0.18554688,0.05859375,0.01464844,-0.01464844,1.03797913,2.65769959,2.65769958,-0.02441406
3.12201428,1065,3.06329535,-1.58346446,-2.30719765,0.00648499,0.70410824,0.00267029,3.06329535,-1.53093982,-2.30820820,0.00451762,0.70334273,0.00267029,3.07473944,-1.53158457,-2.43880471,-0.01792908,0.70296383,0.00267029,-0.01464844,0.00000000,0.17578125,0.02929688,-0.00000000,-0.02929688,1.03797913,2.65769959,2.65769958,-0.02441406
3.13517332,1070,3.06329535,-1.58460887,-2.30605324,0.00801086,0.70410824,0.00267029,3.06329535,-1.53306703,-2.30678465,0.00658446,0.70334446,0.00267029,3.07435797,-1.53158457,-2.43651589,-0.01716614,0.70296383,0.00228882,-0.01464844,0.00488281,0.16113281,0.05859375,0.01464844,-0.01464844,1.03797913,2.65769959,2.65769958,0.00000000
3.15168428,1075,3.06329535,-1.58613475,-2.30414589,0.00877380,0.70410824,0.00267029,3.06329535,-1.53457071,-2.30515497,0.00798609,0.70334503,0.00267029,3.07435797,-1.53158457,-2.43308266,-0.01449585,0.70258236,0.00267029,-0.02929688,0.00000000,0.19042969,0.13183594,-0.04394531,0.00000000,1.03797913,2.65769959,2.65769958,-0.02441406
3.16916370,1080,3.06329535,-1.58880503,-2.30185707,0.00877380,0.70410824,0.00267029,3.06329535,-1.53629916,-2.30326231,0.00851568,0.70334521,0.00267029,3.07359504,-1.53158457,-2.43041237,-0.01144409,0.70220089,0.00228882,-0.01953125,-0.00976562,0.17089844,0.17578125,0.01464844,-0.02929688,1.03797913,2.65787537,2.65769958,-0.02441406
3.18245721,1085,3.06329535,-1.59071238,-2.30033120,0.00915527,0.70410824,0.00267029,3.06329535,-1.53868841,-2.30130473,0.00882655,0.70334527,0.00267029,3.07359504,-1.53158457,-2.42812355,-0.01029968,0.70258236,0.00267029,-0.01953125,-0.00488281,0.17578125,0.05859375,0.02929688,-0.02929688,1.03797913,2.65775718,2.65769958,-0.02441406
3.19621372,1090,3.06329535,-1.59223826,-2.29766091,0.00953674,0.70410824,0.00267029,3.06329535,-1.54059876,-2.29913604,0.00912385,0.70334529,0.00267029,3.07321357,-1.53158457,-2.42583474,-0.00991821,0.70258236,0.00228882,-0.02441406,-0.00488281,0.18066406,0.02929688,-0.00000000,-0.01464844,1.03797913,2.65771846,2.65769958,-0.02441406
3.21085453,1095,3.06329535,-1.59376414,-2.29613503,0.00953674,0.70410824,0.00267029,3.06329535,-1.54230726,-2.29699474,0.00940145,0.70334530,0.00267029,3.07321357,-1.53158457,-2.42354592,-0.00877380,0.70258236,0.00228882,-0.02441406,0.00000000,0.16601562,0.08789062,0.04394531,-0.01464844,1.03797913,2.65770577,2.65769958,-0.04882812
3.22685766,1100,3.06329535,-1.59681590,-2.29384621,0.00991821,0.70410824,0.00267029,3.06329535,-1.54470793,-2.29491247,0.00962974,0.70334530,0.00267029,3.07283210,-1.53158457,-2.42049416,-0.00724792,0.70258236,0.00228882,-0.00976562,0.00000000,0.18066406,0.07324219,0.01464844,-0.01464844,1.03797913,2.65770161,2.65769958,-0.04882812
3.24163461,1105,3.06329535,-1.59872325,-2.29155739,0.01029968,0.70410824,0.00267029,3.06329535,-1.54673884,-2.29286223,0.00989998,0.70334530,0.00267029,3.07283210,-1.53158457,-2.41858681,-0.00534058,0.70258236,0.00228882,-0.00976562,-0.00488281,0.18066406,0.10253906,0.01464844,-0.02929688,1.03797913,2.65770025,2.65769958,-0.02441406
3.25595307,1110,3.06329535,-1.60139353,-2.28926857,0.01029968,0.70410824,0.00267029,3.06329535,-1.54901798,-2.29077073,0.01016871,0.70334530,0.00267029,3.07283210,-1.53158457,-2.41591652,-0.00305176,0.70258236,0.00228882,-0.01953125,-0.00976562,0.17089844,0.14648438,0.01464844,0.00000000,1.03797913,2.65769980,2.65769958,-0.04882812
3.27062321,1115,3.06329535,-1.60368235,-2.28736122,0.01106262,0.70410824,0.00267029,3.06329535,-1.55135684,-2.28859161,0.01058953,0.70334530,0.00267029,3.07245063,-1.53196604,-2.41286476,-0.00228882,0.70258236,0.00228882,-0.01464844,-0.01953125,0.18066406,0.01464844,-0.00000000,-0.01464844,1.03797913,2.65784028,2.65769958,0.00000000
3.28520632,1120,3.06329535,-1.60597117,-2.28469094,0.01144409,0.70410824,0.00267029,3.06329535,-1.55382027,-2.28629369,0.01109376,0.70334530,0.00267029,3.07245063,-1.53196604,-2.41095742,-0.00190735,0.70258236,0.00228882,-0.01464844,-0.02441406,0.17578125,0.01464844,0.04394531,-0.01464844,1.03797913,2.65774569,2.65769958,0.00000000
3.29807854,1125,3.06329535,-1.60825999,-2.28278359,0.01220703,0.70410824,0.00267029,3.06329535,-1.55609599,-2.28414850,0.01177192,0.70334530,0.00267029,3.07206916,-1.53234751,-2.40866860,-0.00114441,0.70258236,0.00228882,-0.03417969,-0.02929688,0.17089844,0.05859375,-0.00000000,-0.01464844,1.03797913,2.65779282,2.65769958,0.00000000
3.31248784,1130,3.06329535,-1.61054881,-2.28049477,0.01411438,0.70410824,0.00267029,3.06329535,-1.55834389,-2.28200440,0.01289710,0.70334530,0.00267029,3.07206916,-1.53311045,-2.40637978,-0.00038147,0.70258236,0.00228882,-0.00976562,-0.04882812,0.17089844,0.05859375,-0.00000000,-0.01464844,1.03797913,2.65791471,2.65769958,-0.02441406
3.32900429,1135,3.06329535,-1.61321910,-2.27858742,0.01487732,0.70410824,0.00267029,3.06329535,-1.56082011,-2.27994379,0.01412688,0.70334530,0.00267029,3.07168769,-1.53349192,-2.40370949,0.00038147,0.70296383,0.00228882,-0.01953125,-0.03906250,0.16601562,0.02929688,0.02929688,-0.01464844,1.03797913,2.65777008,2.65769958,-0.02441406
3.34292459,1140,3.06329535,-1.61665232,-2.27553566,0.01525879,0.70410824,0.00267029,3.06329535,-1.56367949,-2.27731838,0.01488788,0.70334530,0.00267029,3.07168769,-1.53387339,-2.40142067,0.00114441,0.70258236,0.00267029,-0.02441406,-0.04394531,0.19042969,0.04394531,-0.00000000,-0.01464844,1.03797913,2.65780081,2.65769958,-0.02441406
3.35622191,1145,3.06329535,-1.61932261,-2.27362831,0.01602173,0.70372677,0.00228882,3.06329535,-1.56653527,-2.27503071,0.01535087,0.70326901,0.00241382,3.07130622,-1.53463633,-2.39913185,0.00228882,0.70220089,0.00267029,-0.02441406,-0.04882812,0.16113281,0.07324219,-0.00000000,0.00000000,1.03797913,2.65789291,2.65769958,0.00000000
3.37075257,1150,3.06329535,-1.62237437,-2.27057656,0.01716614,0.70410824,0.00228882,3.06329535,-1.56950133,-2.27246224,0.01628957,0.70314013,0.00232978,3.07092475,-1.53539927,-2.39684304,0.00419617,0.70258236,0.00267029,-0.01464844,-0.05371094,0.17089844,0.14648438,0.01464844,0.00000000,1.03797913,2.65776293,2.65769958,0.00000000
3.38304758,1155,3.06329535,-1.62428172,-2.26866921,0.01831055,0.70410824,0.00228882,3.06329535,-1.57213743,-2.27002673,0.01745886,0.70327807,0.00230224,3.07092475,-1.53578074,-2.39455422,0.00495911,0.70258236,0.00228882,-0.00976562,-0.04394531,0.18066406,0.02929688,0.02929688,-0.02929688,1.03797913,2.65772034,2.65769958,-0.02441406
3.39808226,1160,3.06329535,-1.62733348,-2.26599892,0.01945496,0.70372677,0.00228882,3.06329535,-1.57492945,-2.26749441,0.01858945,0.70306680,0.00229322,3.07092475,-1.53654368,-2.39302834,0.00534058,0.70258236,0.00228882,-0.00976562,-0.05859375,0.17089844,0.02929688,0.01464844,-0.02929688,1.03797913,2.65770639,2.65769958,0.00000000
3.41310763,1165,3.06329535,-1.63152964,-2.26218422,0.02212524,0.70372677,0.00228882,3.06329535,-1.57837840,-2.26451838,0.02026644,0.70299758,0.00229026,3.07054328,-1.53730662,-2.38921364,0.00686646,0.70258236,0.00228882,-0.01953125,-0.05371094,0.17089844,0.05859375,0.01464844,-0.02929688,1.03797913,2.65770181,2.65769958,-0.02441406
3.42923594,1170,3.06329535,-1.63534434,-2.25951393,0.02479553,0.70372677,0.00228882,3.06329535,-1.58216114,-2.26144859,0.02276017,0.70297489,0.00228929,3.07054328,-1.53806956,-2.38692482,0.00724792,0.70258236,0.00228882,-0.01953125,-0.06347656,0.16601562,0.02929688,0.02929688,-0.01464844,1.03797913,2.65777844,2.65769958,-0.02441406
3.44727206,1175,3.06329535,-1.63915904,-2.25569924,0.02670288,0.70410824,0.00228882,3.06329535,-1.58590921,-2.25804547,0.02511992,0.70310479,0.00228897,3.07016181,-1.53921397,-2.38425454,0.00801086,0.70258236,0.00228882,-0.01464844,-0.07324219,0.16601562,0.02929688,-0.00000000,0.00000000,1.03797913,2.65772542,2.65731812,-0.07324219
3.46041536,1180,3.06329535,-1.64297373,-2.25226601,0.02861023,0.70372677,0.00228882,3.06329535,-1.58972063,-2.25460355,0.02713596,0.70304127,0.00228887,3.07016181,-1.53997691,-2.38158425,0.00877380,0.70220089,0.00228882,-0.00976562,-0.07324219,0.18554688,0.02929688,-0.01464844,-0.01464844,1.03797913,2.65770805,2.65769958,-0.02441406
3.47371840,1185,3.06329535,-1.64640696,-2.24921425,0.03013611,0.70372677,0.00228882,3.06329535,-1.59317085,-2.25141173,0.02888349,0.70298921,0.00228883,3.07016181,-1.54112132,-2.37929543,0.00953674,0.70220089,0.00228882,-0.00976562,-0.07812500,0.16113281,0.02929688,0.01464844,-0.02929688,1.03797913,2.65770236,2.65769958,-0.04882812
3.49142146,1190,3.06329535,-1.65060313,-2.24539955,0.03166199,0.70372677,0.00228882,3.06329535,-1.59700882,-2.24784460,0.03042096,0.70297215,0.00228882,3.07016181,-1.54226573,-2.37662514,0.01144409,0.70258236,0.00228882,-0.01464844,-0.08300781,0.17089844,0.11718750,0.02929688,-0.01464844,1.03797913,2.65770049,2.65769958,0.00000000
3.50497413,1195,3.06329535,-1.65518077,-2.24196633,0.03395081,0.70372677,0.00228882,3.06329535,-1.60125521,-2.24440314,0.03230879,0.70296656,0.00228882,3.06978034,-1.54341014,-2.37433632,0.01373291,0.70258236,0.00228882,-0.01953125,-0.08300781,0.18554688,0.16113281,0.01464844,-0.01464844,1.03797913,2.65769988,2.65769958,-0.02441406
3.52337599,1200,3.06329535,-1.65937693,-2.23853310,0.03547668,0.70372677,0.00228882,3.06329535,-1.60565241,-2.24086272,0.03407681,0.70296473,0.00228882,3.06939887,-1.54493602,-2.37128456,0.01602173,0.70258236,0.00228882,-0.02929688,-0.09277344,0.17578125,0.04394531,0.02929688,0.00000000,1.03797913,2.65769968,2.65769958,-0.02441406
3.53562737,1205,3.06329535,-1.66357310,-2.23471840,0.03700256,0.70372677,0.00228882,3.06329535,-1.60995546,-2.23710909,0.03582315,0.70296413,0.00228882,3.06939887,-1.54608042,-2.36861428,0.01640320,0.70296383,0.00228882,-0.00488281,-0.09765625,0.18554688,0.01464844,0.01464844,-0.01464844,1.03797913,2.65769962,2.65808105,0.00000000
3.54833651,1210,3.06329535,-1.66776927,-2.23166664,0.03776550,0.70372677,0.00228882,3.06329535,-1.61401088,-2.23393281,0.03694886,0.70296393,0.00228882,3.06939887,-1.54722483,-2.36594399,0.01716614,0.70258236,0.00228882,-0.00976562,-0.06835938,0.18066406,0.04394531,-0.00000000,-0.01464844,1.03797913,2.65769960,2.65769958,0.00000000
3.56450176,1215,3.06329535,-1.67158396,-2.22861489,0.03776550,0.70372677,0.00228882,3.06329535,-1.61812906,-2.23073478,0.03749790,0.70296387,0.00228882,3.06901740,-1.54836924,-2.36365517,0.01869202,0.70258236,0.00228882,-0.01464844,-0.10742188,0.17578125,0.10253906,0.01464844,-0.01464844,1.03797913,2.65769959,2.65731812,-0.04882812
3.57939649,1220,3.06329535,-1.67616160,-2.22594460,0.03852844,0.70410824,0.00228882,3.06329535,-1.62256835,-2.22776022,0.03807162,0.70322031,0.00228882,3.06901740,-1.54951365,-2.36060341,0.02059937,0.70258236,0.00228882,-0.00976562,-0.09765625,0.18554688,0.11718750,0.01464844,-0.02929688,1.03797913,2.65777771,2.65769958,-0.02441406
3.59599710,1225,3.06329535,-1.67997630,-2.22289284,0.03890991,0.70410824,0.00228882,3.06329535,-1.62649933,-2.22492370,0.03851608,0.70330435,0.00228882,3.06863593,-1.55142100,-2.35755165,0.02326965,0.70258236,0.00228882,-0.01464844,-0.07812500,0.18066406,0.10253906,0.01464844,-0.01464844,1.03797913,2.65772519,2.65769958,-0.02441406
3.60895491,1230,3.06329535,-1.68379100,-2.22060402,0.03929138,0.70410824,0.00190735,3.06329535,-1.63051913,-2.22220443,0.03900608,0.70333188,0.00206360,3.06863593,-1.55256541,-2.35526284,0.02441406,0.70258236,0.00228882,-0.01953125,-0.10742188,0.18554688,0.04394531,0.01464844,-0.02929688,1.03797913,2.65770797,2.65769958,-0.04882812
3.62284946,1235,3.06329535,-1.68798716,-2.21793373,0.04005432,0.70410824,0.00190735,3.06329535,-1.63460184,-2.21955764,0.03964052,0.70334091,0.00195855,3.06863593,-1.55409129,-2.35335549,0.02479553,0.70258236,0.00228882,-0.00488281,-0.12207031,0.17578125,0.02929688,0.01464844,-0.01464844,1.03797913,2.65770233,2.65731812,-0.02441406
3.63764811,1240,3.06329535,-1.69218333,-2.21564492,0.04005432,0.70372677,0.00152588,3.06329535,-1.63865145,-2.21722037,0.03991873,0.70308739,0.00166766,3.06825446,-1.55561717,-2.35030373,0.02555847,0.70258236,0.00228882,-0.00488281,-0.12695312,0.17578125,0.04394531,-0.00000000,-0.02929688,1.03797913,2.65770049,2.65769958,-0.02441406
3.64938021,1245,3.06329535,-1.69523509,-2.21411904,0.04043579,0.70410824,0.00152588,3.06329535,-1.64215714,-2.21527969,0.04019605,0.70308062,0.00157234,3.06825446,-1.55676158,-2.34839638,0.02632141,0.70258236,0.00228882,-0.00976562,-0.11230469,0.19042969,0.04394531,-0.01464844,-0.01464844,1.03797913,2.65769988,2.65769958,0.00000000
3.66473103,1250,3.06329535,-1.69981272,-2.21183022,0.04081726,0.70410824,0.00152588,3.06329535,-1.64615452,-2.21321481,0.04049456,0.70325857,0.00154110,3.06825446,-1.55866893,-2.34572609,0.02708435,0.70258236,0.00228882,-0.00488281,-0.11230469,0.18554688,0.04394531,0.02929688,-0.01464844,1.03797913,2.65782175,2.65769958,-0.02441406
3.68113136,1255,3.06367682,-1.70362742,-2.21030434,0.04081726,0.70410824,0.00152588,3.06337165,-1.65010769,-2.21140245,0.04071152,0.70331688,0.00153087,3.06825446,-1.56057627,-2.34305580,0.02861023,0.70258236,0.00228882,-0.00488281,-0.11718750,0.17089844,0.07324219,0.01464844,-0.01464844,1.03797913,2.65773962,2.65769958,-0.04882812
3.69604850,1260,3.06367682,-1.70629771,-2.20877846,0.04119873,0.70410824,0.00152588,3.06357682,-1.65309923,-2.20992235,0.04103908,0.70333599,0.00152751,3.06825446,-1.56210215,-2.34038552,0.02975464,0.70258236,0.00228882,-0.00976562,-0.12695312,0.17578125,0.11718750,0.01464844,-0.02929688,1.03797913,2.65771270,2.65769958,-0.02441406
3.70758581,1265,3.06367682,-1.70934947,-2.20725258,0.04119873,0.70410824,0.00114441,3.06364405,-1.65654337,-2.20820151,0.04114642,0.70334225,0.00138909,3.06825446,-1.56400950,-2.33809670,0.03128052,0.70296383,0.00228882,-0.00976562,-0.13183594,0.18066406,0.01464844,0.01464844,-0.01464844,1.03797913,2.65782595,2.65769958,-0.02441406
3.72023773,1270,3.06443976,-1.71201976,-2.20610817,0.04158020,0.70410824,0.00114441,3.06392854,-1.65933588,-2.20675835,0.04140681,0.70334430,0.00122458,3.06825446,-1.56553538,-2.33618935,0.03128052,0.70296383,0.00228882,-0.00488281,-0.13183594,0.19042969,0.00000000,0.01464844,-0.02929688,1.03797913,2.65774099,2.65769958,0.00000000
3.73419714,1275,3.06443976,-1.71469004,-2.20420082,0.04158020,0.70410824,0.00076294,3.06427224,-1.66196614,-2.20523211,0.04152338,0.70334498,0.00109439,3.06825446,-1.56706126,-2.33351906,0.03204346,0.70258236,0.00228882,-0.00488281,-0.12695312,0.17089844,0.02929688,-0.00000000,-0.01464844,1.03797913,2.65771315,2.65769958,0.00000000
3.75005078,1280,3.06443976,-1.71736033,-2.20229348,0.04196167,0.70410824,0.00000000,3.06438487,-1.66478152,-2.20331293,0.04163788,0.70334520,0.00060910,3.06825446,-1.56935008,-2.33046730,0.03280640,0.70258236,0.00228882,-0.00488281,-0.14648438,0.18066406,0.02929688,0.04394531,-0.01464844,1.03797913,2.65770403,2.65769958,-0.02441406
3.76489282,1285,3.06443976,-1.72003062,-2.20038613,0.04386902,0.70410824,-0.00152588,3.06442177,-1.66760140,-2.20148959,0.04255686,0.70334527,-0.00047424,3.06787299,-1.57087596,-2.32817849,0.03356934,0.70258236,0.00228882,-0.00976562,-0.14160156,0.18066406,0.02929688,0.01464844,0.00000000,1.03797913,2.65770104,2.65769958,-0.02441406
3.77993178,1290,3.06443976,-1.72231944,-2.19886025,0.04577637,0.70410824,-0.00190735,3.06443387,-1.67006424,-2.19986624,0.04443038,0.70334529,-0.00140650,3.06787299,-1.57316477,-2.32588967,0.03395081,0.70296383,0.00228882,-0.01464844,-0.14160156,0.17089844,0.00000000,0.01464844,-0.02929688,1.03797913,2.65770006,2.65769958,-0.02441406
3.79302788,1295,3.06443976,-1.72384532,-2.19771584,0.04730225,0.70410824,-0.00190735,3.06443783,-1.67214763,-2.19838472,0.04607946,0.70334530,-0.00174323,3.06787299,-1.57507212,-2.32360085,0.03433228,0.70296383,0.00190735,-0.01953125,-0.15625000,0.17089844,0.00000000,0.02929688,-0.01464844,1.03797913,2.65769974,2.65769958,-0.02441406
3.80761766,1300,3.06443976,-1.72575267,-2.19618996,0.04920959,0.70410824,-0.00190735,3.06443913,-1.67398131,-2.19687337,0.04783186,0.70334530,-0.00185357,3.06749152,-1.57736094,-2.32093056,0.03471375,0.70296383,0.00190735,-0.01464844,-0.15625000,0.16113281,0.02929688,0.01464844,-0.02929688,1.03797913,2.65769964,2.65769958,-0.02441406
3.82320070,1305,3.06443976,-1.72689707,-2.19504555,0.05149841,0.70410824,-0.00228882,3.06443955,-1.67548293,-2.19557747,0.04977694,0.70334530,-0.00196602,3.06749152,-1.57926829,-2.31864174,0.03509521,0.70296383,0.00190735,-0.01953125,-0.15625000,0.17089844,0.04394531,0.01464844,-0.01464844,1.03797913,2.65769960,2.65769958,-0.02441406
3.83855629,1310,3.06443976,-1.72842295,-2.19428261,0.05302429,0.70410824,-0.00267029,3.06443969,-1.67695203,-2.19460083,0.05169067,0.70334530,-0.00232037,3.06749152,-1.58155711,-2.31558998,0.03662109,0.70258236,0.00152588,-0.00488281,-0.13671875,0.19042969,0.07324219,-0.01464844,-0.04394531,1.03797913,2.65776209,2.65769958,0.00000000
3.85145283,1315,3.06482123,-1.72956736,-2.19275673,0.05493164,0.70410824,-0.00419617,3.06457707,-1.67819063,-2.19338628,0.05346876,0.70334530,-0.00315084,3.06749152,-1.58308299,-2.31368264,0.03814697,0.70258236,0.00152588,-0.00976562,-0.13183594,0.17089844,0.08789062,0.02929688,-0.01464844,1.03797913,2.65778257,2.65769958,0.00000000
3.86716962,1320,3.06672858,-1.72994883,-2.19161232,0.05722046,0.70410824,-0.00839233,3.06565394,-1.67910345,-2.19212660,0.05570009,0.70334530,-0.00593408,3.06711005,-1.58499034,-2.31139382,0.03967285,0.70296383,0.00114441,-0.00976562,-0.12207031,0.16113281,0.08789062,0.04394531,-0.02929688,1.03797913,2.65772678,2.65769958,0.00000000
3.88379145,1325,3.07016181,-1.72994883,-2.19008644,0.05989075,0.70410824,-0.01525879,3.06776524,-1.67943381,-2.19075826,0.05804636,0.70334530,-0.01058364,3.06711005,-1.58689769,-2.30872353,0.04119873,0.70296383,0.00076294,-0.00488281,-0.10742188,0.16601562,0.10253906,-0.00000000,-0.05859375,1.03797913,2.65770850,2.65769958,-0.02441406
3.89707136,1330,3.07245063,-1.72994883,-2.18932350,0.06027222,0.70410824,-0.01907349,3.07039530,-1.67954207,-2.18965632,0.05951160,0.70334530,-0.01559964,3.06711005,-1.58842356,-2.30681618,0.04196167,0.70334530,0.00038147,-0.00488281,-0.13183594,0.16113281,0.02929688,0.02929688,-0.02929688,1.03797913,2.65770250,2.65731812,-0.04882812
3.91065693,1335,3.07550238,-1.72994883,-2.18856057,0.06065369,0.70410824,-0.02098083,3.07303641,-1.67957754,-2.18887458,0.06016031,0.70334530,-0.01893579,3.06711005,-1.59033091,-2.30490883,0.04272461,0.70296383,-0.00038147,-0.00488281,-0.12695312,0.14648438,0.04394531,-0.00000000,-0.05859375,1.03797913,2.65770054,2.65769958,-0.02441406
3.92410803,1340,3.07969855,-1.72994883,-2.18817910,0.06179810,0.70410824,-0.02098083,3.07667029,-1.67958916,-2.18818177,0.06105000,0.70334530,-0.02031071,3.06711005,-1.59223826,-2.30185707,0.04348755,0.70258236,-0.00076294,-0.00488281,-0.15136719,0.16601562,0.04394531,-0.01464844,-0.04394531,1.03797913,2.65776240,2.65731812,-0.02441406
3.93964291,1345,3.08503913,-1.72994883,-2.18741616,0.06217957,0.70410824,-0.02059937,3.08104390,-1.67959297,-2.18752970,0.06169029,0.70334530,-0.02068496,3.06749152,-1.59414561,-2.29956826,0.04501343,0.70258236,-0.00152588,0.00000000,-0.13671875,0.16601562,0.10253906,0.02929688,-0.07324219,1.03797913,2.65778267,2.65769958,-0.02441406
3.95358348,1350,3.09114264,-1.72994883,-2.18665322,0.06294250,0.70410824,-0.02059937,3.08655077,-1.67959422,-2.18683434,0.06241304,0.70334530,-0.02062741,3.06749152,-1.59605296,-2.29766091,0.04692078,0.70296383,-0.00267029,0.00000000,-0.12695312,0.15625000,0.11718750,0.02929688,-0.11718750,1.03836060,2.65787940,2.65769958,-0.02441406
3.96702933,1355,3.09648322,-1.72994883,-2.18550881,0.06332397,0.70410824,-0.02021790,3.09210893,-1.67959463,-2.18593718,0.06290634,0.70334530,-0.02035209,3.06749152,-1.59757884,-2.29575356,0.04882812,0.70296383,-0.00495911,0.00488281,-0.12695312,0.15625000,0.13183594,0.02929688,-0.19042969,1.03797913,2.65775851,2.65769958,0.00000000
3.98252702,1360,3.10258673,-1.72994883,-2.18474587,0.06370544,0.70372677,-0.02021790,3.09756596,-1.67959476,-2.18517908,0.06332445,0.70320797,-0.02026187,3.06749152,-1.59948619,-2.29308327,0.04997253,0.70372677,-0.00572205,0.00000000,-0.12207031,0.15625000,0.05859375,0.05859375,-0.02929688,1.03797913,2.65784096,2.65769958,-0.02441406
3.99641514,1365,3.10945319,-1.72994883,-2.18398293,0.06370544,0.70372677,-0.01945496,3.10433386,-1.67959481,-2.18426881,0.06358060,0.70304383,-0.01989954,3.06787299,-1.60063060,-2.29117592,0.05035400,0.70334530,-0.00686646,0.03906250,-0.12207031,0.14648438,0.00000000,-0.00000000,-0.10253906,1.03797913,2.65786798,2.65769958,-0.02441406
4.01279831,1370,3.11784552,-1.72994883,-2.18398293,0.06446838,0.70372677,-0.01678467,3.11170074,-1.67959482,-2.18382013,0.06399730,0.70299005,-0.01853679,3.06863593,-1.60215647,-2.28888710,0.05073547,0.70296383,-0.00801086,0.02441406,-0.09765625,0.13183594,0.01464844,-0.01464844,-0.07324219,1.03797913,2.65775477,2.65769958,0.00000000
4.02725387,1375,3.12433051,-1.72994883,-2.18398293,0.06561279,0.70372677,-0.01564026,3.11891171,-1.67959483,-2.18367311,0.06476263,0.70297242,-0.01665971,3.06939887,-1.60330088,-2.28697975,0.05187988,0.70334530,-0.00801086,0.04882812,-0.07324219,0.13671875,0.05859375,0.01464844,-0.02929688,1.03797913,2.65781532,2.65769958,0.00000000
4.04106927,1380,3.13119696,-1.72994883,-2.18398293,0.06828308,0.70372677,-0.01564026,3.12548774,-1.67959483,-2.18362494,0.06648741,0.70296665,-0.01597431,3.07016181,-1.60482676,-2.28545388,0.05264282,0.70296383,-0.00839233,0.05859375,-0.13671875,0.13183594,0.07324219,0.01464844,-0.04394531,1.03797913,2.65773751,2.65769958,-0.02441406
4.05533314,1385,3.13730048,-1.72994883,-2.18398293,0.07133484,0.70372677,-0.01564026,3.13237109,-1.67959483,-2.18360915,0.06921714,0.70296476,-0.01574972,3.07130622,-1.60673411,-2.28278359,0.05378723,0.70296383,-0.00877380,0.06835938,-0.12695312,0.15136719,0.04394531,-0.00000000,-0.04394531,1.03797913,2.65771201,2.65769958,-0.02441406
4.07260871,1390,-3.13863690,-1.72994883,-2.18398293,0.07553101,0.70410824,-0.01564026,3.13895463,-1.67959483,-2.18360398,0.07254118,0.70310147,-0.01567613,3.07283210,-1.60864146,-2.28049477,0.05493164,0.70334530,-0.00915527,0.09277344,-0.12695312,0.13671875,0.05859375,0.02929688,-0.02929688,1.03797913,2.65770366,2.65769958,-0.02441406
4.08648491,1395,-3.13405927,-1.72994883,-2.18398293,0.07820129,0.70410824,-0.01525879,3.14474864,-1.67959483,-2.18360228,0.07573428,0.70326540,-0.01546586,3.07359504,-1.60978587,-2.27935036,0.05607605,0.70334530,-0.00953674,0.05859375,-0.10742188,0.12207031,0.05859375,0.01464844,-0.04394531,1.03797913,2.65770092,2.65769958,-0.02441406
4.10006666,1400,-3.12986310,-1.72994883,-2.18398293,0.08087158,0.70410824,-0.01335144,3.14963880,-1.67959483,-2.18360173,0.07867598,0.70331912,-0.01455503,3.07512091,-1.61131175,-2.27706154,0.05798340,0.70334530,-0.00991821,0.08789062,-0.10253906,0.14160156,0.07324219,-0.01464844,-0.04394531,1.03797913,2.65770002,2.65769958,-0.02441406
4.11226368,1405,-3.12604840,-1.72994883,-2.18398293,0.08277893,0.70410824,-0.00953674,3.15401733,-1.67959483,-2.18360155,0.08125284,0.70333672,-0.01217284,3.07626532,-1.61245616,-2.27553566,0.05874634,0.70296383,-0.01029968,0.09765625,-0.09277344,0.11718750,0.07324219,-0.00000000,-0.04394531,1.03797913,2.65769973,2.65731812,-0.02441406
4.12920928,1410,-3.12108930,-1.72994883,-2.18398293,0.08316040,0.70410824,-0.00152588,3.15820660,-1.67959483,-2.18360149,0.08235515,0.70334249,-0.00690823,3.07779120,-1.61398204,-2.27362831,0.06103516,0.70334530,-0.01144409,0.11230469,-0.09277344,0.10742188,0.10253906,0.01464844,-0.07324219,1.03797913,2.65769963,2.65769958,0.00000000
4.14214325,1415,-3.11841901,-1.72994883,-2.18398293,0.08277893,0.70372677,0.00534058,3.16203430,-1.67959483,-2.18360147,0.08275921,0.70326809,-0.00026100,3.07931708,-1.61474498,-2.27210244,0.06141663,0.70334530,-0.01144409,0.11718750,-0.07324219,0.11718750,0.04394531,-0.00000000,-0.01464844,1.03797913,2.65769960,2.65769958,-0.02441406
4.15489936,1420,-3.11422284,-1.72994883,-2.18398293,0.08277893,0.70372677,0.01258850,3.16572252,-1.67959483,-2.18360146,0.08277247,0.70306353,0.00689604,3.08084296,-1.61627085,-2.27057656,0.06294250,0.70296383,-0.01144409,0.11230469,-0.11230469,0.13183594,0.10253906,-0.01464844,0.00000000,1.03836060,2.65802796,2.65731812,-0.04882812
4.16953230,1425,-3.11193402,-1.72994883,-2.18398293,0.08201599,0.70334530,0.01831055,3.16903727,-1.67959483,-2.18360146,0.08241426,0.70281035,0.01342278,3.08236884,-1.61741526,-2.26866921,0.06561279,0.70296383,-0.01106262,0.09765625,-0.11230469,0.12207031,0.16113281,0.02929688,0.01464844,1.03797913,2.65786969,2.65769958,0.00000000
4.18330789,1430,-3.10888226,-1.72994883,-2.18398293,0.08201599,0.70334530,0.02212524,3.17185051,-1.67959483,-2.18360146,0.08214650,0.70265707,0.01847626,3.08427619,-1.61855967,-2.26714333,0.06790161,0.70334530,-0.01029968,0.12695312,-0.07324219,0.13183594,0.13183594,0.02929688,0.04394531,1.03797913,2.65775532,2.65731812,-0.04882812
4.19841647,1435,-3.10697492,-1.72994883,-2.18398293,0.08201599,0.70334530,0.02479553,3.17441212,-1.67959483,-2.18360146,0.08205876,0.70260684,0.02202464,3.08580207,-1.62008555,-2.26523598,0.06828308,0.70334530,-0.00762939,0.12207031,-0.10253906,0.13183594,0.01464844,0.01464844,0.16113281,1.03797913,2.65778035,2.65769958,-0.02441406
4.21125555,1440,-3.10659345,-1.72994883,-2.18398293,0.08201599,0.70334530,0.02861023,3.17569743,-1.67959483,-2.18360146,0.08203000,0.70259039,0.02575060,3.08732795,-1.62122996,-2.26371010,0.06866455,0.70334530,-0.00762939,0.10253906,-0.10742188,0.12695312,0.00000000,0.02929688,-0.01464844,1.03797913,2.65788621,2.65731812,-0.07324219
4.22504258,1445,-3.10621198,-1.72994883,-2.18398293,0.08201599,0.70334530,0.02899170,3.17652399,-1.67959483,-2.18360146,0.08202058,0.70258499,0.02792966,3.08885382,-1.62199290,-2.26256569,0.06904602,0.70296383,-0.00724792,0.11230469,-0.06835938,0.09765625,0.00000000,-0.00000000,0.04394531,1.03797913,2.65776074,2.65769958,-0.04882812
4.23739433,1450,-3.10659345,-1.72994883,-2.18398293,0.08201599,0.70334530,0.02899170,3.17660087,-1.67959483,-2.18360146,0.08201750,0.70258323,0.02864369,3.09037970,-1.62313731,-2.26142128,0.06904602,0.70334530,-0.00495911,0.11230469,-0.08789062,0.09765625,0.00000000,0.02929688,0.16113281,1.03797913,2.65771962,2.65769958,0.00000000
4.24974442,1455,-3.10659345,-1.72994883,-2.18398293,0.08201599,0.70296383,0.02899170,3.17668270,-1.67959483,-2.18360146,0.08201648,0.70239649,0.02887766,3.09190558,-1.62428172,-2.25989540,0.07019043,0.70334530,-0.00267029,0.11230469,-0.07812500,0.11718750,0.05859375,0.01464844,0.11718750,1.03797913,2.65770615,2.65731812,0.00000000
4.26232052,1460,-3.10659345,-1.72994883,-2.18398293,0.08201599,0.70220089,0.02899170,3.17662163,-1.67959483,-2.18360146,0.08201615,0.70193222,0.02895433,3.09343146,-1.62504466,-2.25875099,0.07133484,0.70334530,-0.00076294,0.11718750,-0.08789062,0.11230469,0.10253906,0.01464844,0.16113281,1.03797913,2.65770174,2.65731812,0.00000000
4.27747869,1465,-3.10659345,-1.72994883,-2.18398293,0.08201599,0.70105649,0.02899170,3.17660162,-1.67959483,-2.18360146,0.08201604,0.70110004,0.02897945,3.09495734,-1.62580760,-2.25760659,0.07286072,0.70296383,0.00076294,0.10742188,-0.06347656,0.11230469,0.08789062,-0.00000000,0.13183594,1.03797913,2.65770029,2.65769958,-0.02441406
4.29220009,1470,-3.10659345,-1.72994883,-2.18398293,0.08201599,0.69991208,0.02899170,3.17659506,-1.67959483,-2.18360146,0.08201601,0.70003890,0.02898769,3.09648322,-1.62733348,-2.25569924,0.07400513,0.70296383,0.00267029,0.09765625,-0.08789062,0.10253906,0.07324219,-0.00000000,0.11718750,1.03797913,2.65769982,2.65769958,0.00000000
4.30741620,1475,-3.10659345,-1.72994883,-2.18398293,0.08125305,0.69838620,0.02899170,3.17659291,-1.67959483,-2.18360146,0.08165345,0.69868435,0.02899038,3.09800910,-1.62847789,-2.25417336,0.07591248,0.70296383,0.00419617,0.09765625,-0.08300781,0.11718750,0.02929688,-0.00000000,0.04394531,1.03797913,2.65769966,2.65769958,0.00000000
4.32378650,1480,-3.10659345,-1.72994883,-2.18398293,0.07972717,0.69533444,0.02899170,3.17659220,-1.67959483,-2.18360146,0.08075925,0.69655836,0.02899127,3.09991645,-1.62962229,-2.25302895,0.07591248,0.70296383,0.00724792,0.09765625,-0.05859375,0.10742188,-0.02929688,-0.00000000,0.20507812,1.03797913,2.65769961,2.65731812,-0.04882812
4.33705401,1485,-3.10659345,-1.72994883,-2.18398293,0.07781982,0.69304562,0.02899170,3.17659197,-1.67959483,-2.18360146,0.07906622,0.69412514,0.02899156,3.10144233,-1.63076670,-2.25150307,0.07591248,0.70258236,0.00991821,0.09765625,-0.09765625,0.09765625,0.01464844,0.01464844,0.14648438,1.03797913,2.65769959,2.65731812,-0.04882812
4.35351205,1490,-3.10659345,-1.72994883,-2.18398293,0.07629395,0.68808652,0.02899170,3.17659190,-1.67959483,-2.18360146,0.07753293,0.69082429,0.02899165,3.10296820,-1.63191111,-2.24997719,0.07591248,0.70258236,0.01144409,0.08300781,-0.07812500,0.07812500,0.00000000,-0.00000000,0.00000000,1.03797913,2.65769959,2.65769958,-0.04882812
4.36701012,1495,-3.10659345,-1.72994883,-2.18398293,0.07514954,0.68389035,0.02899170,3.17659187,-1.67959483,-2.18360146,0.07621227,0.68663292,0.02899168,3.10411261,-1.63267405,-2.24845131,0.07591248,0.70296383,0.01182556,0.09277344,-0.06347656,0.09765625,-0.01464844,0.01464844,0.01464844,1.03797913,2.65760193,2.65769958,0.00000000
4.38320017,1500,-3.10659345,-1.72994883,-2.18398293,0.07400513,0.67816830,0.02899170,3.17659187,-1.67959483,-2.18360146,0.07497885,0.68157065,0.02899169,3.10563849,-1.63343699,-2.24768837,0.07591248,0.70258236,0.01258850,0.10253906,-0.04882812,0.09277344,-0.01464844,0.01464844,0.04394531,1.03797913,2.65754551,2.65731812,-0.02441406
4.39954376,1505,-3.10697492,-1.72956736,-2.18398293,0.07286072,0.67435360,0.02899170,3.17645453,-1.67945750,-2.18360146,0.07383653,0.67685691,0.02899170,3.10754584,-1.63458140,-2.24578102,0.07591248,0.70143796,0.01602173,0.09277344,-0.05371094,0.09765625,0.00000000,-0.05859375,0.21972656,1.03797913,2.65758660,2.65769958,-0.04882812
4.41450524,1510,-3.10850079,-1.72956736,-2.18398293,0.06980896,0.67015744,0.02899170,3.17569518,-1.67929336,-2.18360146,0.07184112,0.67287347,0.02899170,3.10869025,-1.63534434,-2.24425515,0.07591248,0.69991208,0.01945496,0.07324219,-0.05859375,0.07812500,0.00000000,-0.11718750,0.17578125,1.03759766,2.65714962,2.65731812,-0.02441406
4.42984962,1515,-3.10888226,-1.72956736,-2.18398293,0.06828308,0.66672421,0.02899170,3.17479047,-1.67923957,-2.18360146,0.06973072,0.66885224,0.02899170,3.11021613,-1.63610728,-2.24311074,0.07591248,0.69876767,0.01907349,0.09277344,-0.06347656,0.08789062,-0.01464844,-0.04394531,0.00000000,1.03759766,2.65700643,2.65731812,-0.02441406
4.44281006,1520,-3.11002667,-1.72956736,-2.18398293,0.06561279,0.66138363,0.02899170,3.17376367,-1.67922195,-2.18360146,0.06743335,0.66429945,0.02899170,3.11136054,-1.63687022,-2.24234780,0.07591248,0.69800473,0.01907349,0.06347656,-0.03906250,0.05859375,-0.02929688,-0.04394531,-0.02929688,1.03759766,2.65695951,2.65731812,-0.02441406
4.45655537,1525,-3.11040814,-1.72956736,-2.18398293,0.06332397,0.65528012,0.02899170,3.17313167,-1.67921617,-2.18360146,0.06532190,0.65918552,0.02899170,3.11250495,-1.63763316,-2.24120339,0.07591248,0.69686032,0.01945496,0.09277344,-0.06835938,0.08300781,0.00000000,-0.10253906,-0.01464844,1.03759766,2.65694414,2.65769958,0.00000000
4.46990585,1530,-3.11040814,-1.72956736,-2.18398293,0.06065369,0.65032101,0.02899170,3.17289333,-1.67921428,-2.18360146,0.06281325,0.65376260,0.02899170,3.11364936,-1.63877757,-2.24044045,0.07591248,0.69342709,0.01945496,0.07324219,-0.06347656,0.08789062,0.00000000,-0.23437500,0.00000000,1.03721619,2.65672401,2.65731812,-0.04882812
4.48487020,1535,-3.11040814,-1.72956736,-2.18398293,0.05683899,0.64726925,0.02899170,3.17281523,-1.67921366,-2.18360146,0.05945923,0.64942751,0.02899170,3.11517524,-1.63954051,-2.23891457,0.07553101,0.69075680,0.01983643,0.07324219,-0.07812500,0.07324219,-0.02929688,-0.13183594,0.01464844,1.03759766,2.65686697,2.65769958,-0.02441406
4.49884248,1540,-3.11040814,-1.72918589,-2.18398293,0.05378723,0.64688778,0.02899170,3.17278964,-1.67895699,-2.18360146,0.05602474,0.64732620,0.02899170,3.11555670,-1.64030345,-2.23815163,0.07553101,0.68923092,0.02021790,0.05859375,-0.06347656,0.08789062,-0.04394531,-0.14648438,0.01464844,1.03759766,2.65683569,2.65769958,-0.04882812
4.51578808,1545,-3.11040814,-1.72918589,-2.18398293,0.05111694,0.64459897,0.02899170,3.17278125,-1.67887288,-2.18360146,0.05332523,0.64554854,0.02899170,3.11708258,-1.64068492,-2.23700722,0.07514954,0.68541623,0.02098083,0.08300781,-0.05859375,0.05859375,-0.04394531,-0.20507812,0.04394531,1.03759766,2.65666528,2.65769958,0.00000000
4.53009200,1550,-3.11040814,-1.72918589,-2.18398293,0.04920959,0.64345456,0.02899170,3.17277850,-1.67884532,-2.18360146,0.05100791,0.64377816,0.02899170,3.11822699,-1.64221080,-2.23548134,0.07362366,0.68160153,0.02212524,0.07324219,-0.07324219,0.08300781,-0.10253906,-0.21972656,0.02929688,1.03721619,2.65647541,2.65769958,0.00000000
4.54248452,1555,-3.11040814,-1.72918589,-2.18398293,0.04806519,0.64345456,0.02899170,3.17277760,-1.67883629,-2.18360146,0.04925016,0.64304766,0.02899170,3.11898993,-1.64259227,-2.23471840,0.07247925,0.67931271,0.02250671,0.07812500,-0.03417969,0.07812500,-0.16113281,-0.20507812,0.01464844,1.03721619,2.65635069,2.65731812,0.00000000
4.55773878,1560,-3.11040814,-1.72918589,-2.18398293,0.04653931,0.64345456,0.02899170,3.17277731,-1.67883333,-2.18360146,0.04767809,0.64280828,0.02899170,3.12013434,-1.64335520,-2.23357399,0.06866455,0.67511654,0.02250671,0.07324219,-0.05859375,0.06835938,-0.26367188,-0.23437500,0.00000000,1.03721619,2.65639186,2.65731812,-0.04882812
4.57035303,1565,-3.11040814,-1.72918589,-2.18398293,0.04577637,0.64307309,0.02899170,3.17277721,-1.67883236,-2.18360146,0.04654991,0.64259252,0.02899170,3.12127875,-1.64411814,-2.23281105,0.06713867,0.67206479,0.02288818,0.08300781,-0.05859375,0.07812500,-0.16113281,-0.26367188,0.00000000,1.03721619,2.65642097,2.65731812,-0.02441406
4.58324361,1570,-3.11040814,-1.72918589,-2.18398293,0.04463196,0.64307309,0.02899170,3.17277718,-1.67883204,-2.18360146,0.04544989,0.64240267,0.02899170,3.12204169,-1.64411814,-2.23166664,0.06561279,0.66939450,0.02326965,0.04882812,-0.02929688,0.08300781,-0.11718750,-0.21972656,0.01464844,1.03721619,2.65625473,2.65731812,-0.07324219
4.59697247,1575,-3.11040814,-1.72918589,-2.18398293,0.04425049,0.64307309,0.02899170,3.17277717,-1.67883194,-2.18360146,0.04464351,0.64234047,0.02899170,3.12280463,-1.64488108,-2.23128517,0.06523132,0.66710568,0.02326965,0.07324219,-0.04882812,0.05859375,-0.04394531,-0.11718750,0.01464844,1.03721619,2.65632233,2.65731812,0.00000000
4.61270618,1580,-3.11040814,-1.72918589,-2.18398293,0.04425049,0.64269162,0.02899170,3.17277717,-1.67883191,-2.18360146,0.04437927,0.64224379,0.02899170,3.12394904,-1.64564402,-2.23014077,0.06370544,0.66596127,0.02365112,0.05859375,-0.05859375,0.07812500,-0.11718750,-0.04394531,0.00000000,1.03759766,2.65637499,2.65731812,-0.02441406
4.62777257,1585,-3.11040814,-1.72918589,-2.18398293,0.04425049,0.64231015,0.02899170,3.17277716,-1.67883189,-2.18360146,0.04429269,0.64184578,0.02899170,3.12509345,-1.64602549,-2.22937783,0.06256104,0.66557980,0.02441406,0.07324219,-0.03906250,0.05859375,-0.10253906,-0.00000000,0.04394531,1.03721619,2.65633732,2.65731812,-0.04882812
4.63966441,1590,-3.11040814,-1.72918589,-2.18398293,0.04425049,0.64116574,0.02899170,3.17277716,-1.67883189,-2.18360146,0.04426432,0.64112612,0.02899170,3.12585639,-1.64716990,-2.22861489,0.06027222,0.66557980,0.02517700,0.05859375,-0.07324219,0.06347656,-0.17578125,-0.00000000,0.05859375,1.03721619,2.65644705,2.65731812,0.00000000
4.65378857,1595,-3.11040814,-1.72918589,-2.18398293,0.04425049,0.64040280,0.02899170,3.17277716,-1.67883189,-2.18360146,0.04425502,0.64027727,0.02899170,3.12661933,-1.64793284,-2.22747048,0.05874634,0.66481686,0.02593994,0.06347656,-0.05859375,0.06835938,-0.08789062,-0.05859375,0.01464844,1.03721619,2.65626327,2.65731812,-0.04882812
4.67210841,1600,-3.11040814,-1.72918589,-2.18398293,0.04425049,0.64002133,0.02899170,3.17277716,-1.67883189,-2.18360146,0.04425197,0.63966257,0.02899170,3.12776374,-1.64869578,-2.22594460,0.05836487,0.66329098,0.02593994,0.06347656,-0.06347656,0.08300781,-0.04394531,-0.07324219,0.00000000,1.03721619,2.65620306,2.65731812,-0.04882812
4.68604541,1605,-3.11040814,-1.72918589,-2.18398293,0.04425049,0.64002133,0.02899170,3.17277716,-1.67883189,-2.18360146,0.04425097,0.63939083,0.02899170,3.12852668,-1.64945872,-2.22518166,0.05760193,0.66100216,0.02632141,0.04882812,-0.04882812,0.08789062,-0.08789062,-0.11718750,-0.01464844,1.03759766,2.65651169,2.65731812,-0.02441406
4.70028687,1610,-3.11040814,-1.72918589,-2.18398293,0.04425049,0.64002133,0.02899170,3.17277716,-1.67883189,-2.18360146,0.04425065,0.63930179,0.02899170,3.12967108,-1.64984019,-2.22441872,0.05645752,0.65833188,0.02632141,0.06835938,-0.02441406,0.05371094,-0.08789062,-0.19042969,-0.01464844,1.03759766,2.65667533,2.65731812,-0.02441406
4.71357846,1615,-3.11040814,-1.72918589,-2.18398293,0.04425049,0.64002133,0.02899170,3.17277716,-1.67883189,-2.18360146,0.04425054,0.63927261,0.02899170,3.13043402,-1.64984019,-2.22403725,0.05607605,0.65604306,0.02632141,0.05371094,-0.02929688,0.04394531,-0.05859375,-0.16113281,-0.01464844,1.03721619,2.65633808,2.65731812,-0.04882812
4.72799134,1620,-3.11040814,-1.72918589,-2.18398293,0.04386902,0.64002133,0.02899170,3.17277716,-1.67883189,-2.18360146,0.04411318,0.63926305,0.02899170,3.13081549,-1.65060313,-2.22327431,0.05455017,0.65375424,0.02632141,0.03417969,-0.03417969,0.05371094,-0.11718750,-0.11718750,-0.02929688,1.03721619,2.65640335,2.65731812,-0.04882812
4.74414802,1625,-3.11040814,-1.72918589,-2.18398293,0.04348755,0.64002133,0.02899170,3.17277716,-1.67883189,-2.18360146,0.04381170,0.63925992,0.02899170,3.13195990,-1.65098460,-2.22289284,0.05302429,0.65032101,0.02632141,0.06835938,-0.04394531,0.05859375,-0.13183594,-0.24902344,-0.01464844,1.03759766,2.65657732,2.65693665,-0.04882812
4.75787711,1630,-3.11040814,-1.72918589,-2.18398293,0.04272461,0.64078427,0.02899170,3.17277716,-1.67883189,-2.18360146,0.04323122,0.63962144,0.02899170,3.13272284,-1.65174754,-2.22174843,0.05149841,0.64765072,0.02632141,0.02929688,-0.03906250,0.06347656,-0.07324219,-0.16113281,-0.01464844,1.03759766,2.65664312,2.65731812,-0.04882812
4.77309990,1635,-3.11040814,-1.72918589,-2.18398293,0.04005432,0.64192868,0.02937317,3.17277716,-1.67883189,-2.18360146,0.04160558,0.64040921,0.02906799,3.13348578,-1.65251048,-2.22060402,0.05111694,0.64688778,0.02670288,0.05371094,-0.05859375,0.06347656,-0.02929688,-0.02929688,-0.01464844,1.03721619,2.65644959,2.65731812,0.00000000
4.78739834,1640,-3.11040814,-1.72918589,-2.18398293,0.03776550,0.64421750,0.02937317,3.17277716,-1.67883189,-2.18360146,0.03965370,0.64175646,0.02927317,3.13424872,-1.65327342,-2.22022255,0.05111694,0.64726925,0.02670288,0.04394531,-0.05371094,0.03906250,-0.01464844,0.02929688,-0.01464844,1.03721619,2.65626411,2.65731812,0.00000000
4.79930735,1645,-3.11040814,-1.72918589,-2.18398293,0.03623962,0.64574338,0.02975464,3.17277716,-1.67883189,-2.18360146,0.03779829,0.64348406,0.02947773,3.13501166,-1.65327342,-2.21945961,0.05035400,0.64726925,0.02670288,0.04394531,-0.02929688,0.05859375,-0.07324219,0.04394531,-0.01464844,1.03721619,2.65620333,2.65693665,-0.07324219
4.81589389,1650,-3.11040814,-1.72918589,-2.18398293,0.03547668,0.64765072,0.02975464,3.17277716,-1.67883189,-2.18360146,0.03630774,0.64539355,0.02966390,3.13577460,-1.65403636,-2.21869667,0.04959106,0.64765072,0.02670288,0.03417969,-0.04394531,0.06835938,-0.08789062,0.01464844,-0.01464844,1.03721619,2.65618341,2.65731812,-0.04882812
4.83013248,1655,-3.11040814,-1.72918589,-2.18398293,0.03433228,0.65032101,0.02975464,3.17277716,-1.67883189,-2.18360146,0.03516905,0.64761239,0.02972491,3.13653754,-1.65441783,-2.21755226,0.04844666,0.64765072,0.02708435,0.03906250,-0.03417969,0.06347656,-0.07324219,0.04394531,0.01464844,1.03683472,2.65592664,2.65731812,-0.02441406
4.84414315,1660,-3.11040814,-1.72918589,-2.18398293,0.03280640,0.65222836,0.02975464,3.17277716,-1.67883189,-2.18360146,0.03395022,0.64973167,0.02974490,3.13691901,-1.65479930,-2.21678933,0.04806519,0.64803219,0.02708435,0.03906250,-0.04394531,0.05371094,-0.07324219,0.02929688,-0.01464844,1.03683472,2.65572043,2.65731812,0.00000000
4.86134839,1665,-3.11040814,-1.72918589,-2.18398293,0.03280640,0.65337277,0.02975464,3.17295734,-1.67883189,-2.18360146,0.03318120,0.65151632,0.02975145,3.13768195,-1.65518077,-2.21640786,0.04768372,0.64765072,0.02708435,0.05859375,-0.02929688,0.02929688,-0.05859375,0.01464844,0.00000000,1.03683472,2.65557474,2.65731812,0.00000000
4.87293530,1670,-3.11040814,-1.72918589,-2.18398293,0.03280640,0.65337277,0.02975464,3.17290652,-1.67883189,-2.18360146,0.03292921,0.65225151,0.02975359,3.13844489,-1.65556224,-2.21602639,0.04615784,0.64765072,0.02746582,0.04882812,-0.03417969,0.03906250,-0.13183594,-0.01464844,-0.01464844,1.03683472,2.65546450,2.65693665,-0.02441406
4.88888502,1675,-3.11002667,-1.72918589,-2.18398293,0.03280640,0.65337277,0.02975464,3.17307602,-1.67883189,-2.18360146,0.03284664,0.65249242,0.02975430,3.13920783,-1.65632518,-2.21564492,0.04386902,0.64726925,0.02708435,0.03417969,-0.05371094,0.04882812,-0.17578125,-0.01464844,-0.01464844,1.03645325,2.65515371,2.65693665,0.00000000
4.90459919,1680,-3.11002667,-1.72918589,-2.18398293,0.03280640,0.65337277,0.02975464,3.17304367,-1.67883189,-2.18360146,0.03281958,0.65257136,0.02975453,3.13997077,-1.65708811,-2.21488198,0.04158020,0.64726925,0.02746582,0.04394531,-0.04394531,0.03417969,-0.13183594,-0.00000000,0.00000000,1.03645325,2.65487610,2.65693665,-0.04882812
4.91825747,1685,-3.11002667,-1.72918589,-2.18398293,0.03280640,0.65337277,0.02975464,3.17312096,-1.67883189,-2.18360146,0.03281072,0.65259722,0.02975460,3.14073371,-1.65746958,-2.21411904,0.04119873,0.64726925,0.02746582,0.05371094,-0.03906250,0.05371094,-0.04394531,-0.00000000,-0.01464844,1.03607178,2.65457004,2.65693665,-0.04882812
4.93491030,1690,-3.11002667,-1.72918589,-2.18398293,0.03280640,0.65337277,0.02975464,3.17314629,-1.67883189,-2.18360146,0.03280781,0.65260570,0.02975463,3.14111518,-1.65823252,-2.21335610,0.04119873,0.64803219,0.02746582,0.01953125,-0.04394531,0.05371094,-0.02929688,0.05859375,0.00000000,1.03645325,2.65435964,2.65693665,-0.04882812
4.95053530,1695,-3.11002667,-1.72918589,-2.18398293,0.03280640,0.65337277,0.02975464,3.17315459,-1.67883189,-2.18360146,0.03280686,0.65260848,0.02975463,-3.14130719,-1.65861399,-2.21259316,0.04119873,0.64841366,0.02784729,0.02441406,-0.03906250,0.04394531,-0.02929688,0.02929688,0.01464844,1.03607178,2.65404046,2.65693665,0.00000000
4.96641922,1700,-3.11002667,-1.72918589,-2.18398293,0.03280640,0.65337277,0.02975464,3.17315731,-1.67883189,-2.18360146,0.03280655,0.65260939,0.02975464,-3.14092572,-1.65899546,-2.21221169,0.04081726,0.64879513,0.02784729,0.04394531,-0.01953125,0.05371094,-0.04394531,0.02929688,0.01464844,1.03569031,2.65378328,2.65693665,-0.04882812
4.98003793,1705,-3.11002667,-1.72918589,-2.18398293,0.03280640,0.65337277,0.02937317,3.17315820,-1.67883189,-2.18360146,0.03280645,0.65260969,0.02949817,-3.14016278,-1.65937693,-2.21144875,0.04043579,0.64879513,0.02822876,0.02441406,-0.01953125,0.05371094,-0.07324219,0.01464844,0.00000000,1.03569031,2.65347928,2.65693665,-0.04882812
4.99761057,1710,-3.11002667,-1.72918589,-2.18398293,0.03280640,0.65337277,0.02937317,3.17315849,-1.67883189,-2.18360146,0.03280641,0.65260978,0.02941413,-3.13978131,-1.65975840,-2.21106728,0.03929138,0.64879513,0.02822876,0.02441406,-0.02929688,0.02929688,-0.08789062,0.02929688,-0.01464844,1.03530884,2.65286672,2.65693665,-0.02441406
5.01253629,1715,-3.11002667,-1.72918589,-2.18398293,0.03280640,0.65337277,0.02937317,3.17315859,-1.67883189,-2.18360146,0.03280640,0.65260981,0.02938659,-3.13863690,-1.66013987,-2.21030434,0.03852844,0.64879513,0.02822876,0.05371094,-0.02929688,0.03417969,-0.07324219,0.01464844,0.00000000,1.03492737,2.65215306,2.65693665,-0.02441406
5.02606297,1720,-3.11002667,-1.72918589,-2.18398293,0.03280640,0.65337277,0.02937317,3.17315862,-1.67883189,-2.18360146,0.03280640,0.65260983,0.02937757,-3.13787396,-1.66052134,-2.20992287,0.03814697,0.64879513,0.02822876,0.05371094,-0.05371094,0.02929688,-0.05859375,-0.00000000,-0.02929688,1.03454590,2.65140627,2.65693665,0.00000000
5.04074693,1725,-3.11002667,-1.72918589,-2.18398293,0.03318787,0.65337277,0.02937317,3.17315863,-1.67883189,-2.18360146,0.03306287,0.65260983,0.02937461,-3.13787396,-1.66090281,-2.20954140,0.03738403,0.64879513,0.02861023,0.01464844,-0.02929688,0.04394531,-0.05859375,0.01464844,-0.01464844,1.03340149,2.64992352,2.65693665,0.02441406
5.05627942,1730,-3.11002667,-1.72918589,-2.18398293,0.03318787,0.65299130,0.02937317,3.17315863,-1.67883189,-2.18360146,0.03314691,0.65242367,0.02937364,-3.13711102,-1.66166575,-2.20915993,0.03738403,0.64879513,0.02861023,0.03906250,-0.04394531,0.02929688,-0.01464844,0.05859375,0.01464844,1.03340149,2.64899625,2.65655518,-0.02441406
5.07033873,1735,-3.11002667,-1.72918589,-2.18398293,0.03356934,0.65299130,0.02899170,3.17315863,-1.67883189,-2.18360146,0.03339966,0.65229236,0.02914810,-3.13672955,-1.66204722,-2.20877846,0.03700256,0.64917660,0.02861023,0.02929688,-0.02929688,0.04394531,-0.04394531,0.04394531,0.00000000,1.03302002,2.64847732,2.65693665,0.00000000
5.08505893,1740,-3.11002667,-1.72918589,-2.18398293,0.03395081,0.65260983,0.02899170,3.17315863,-1.67883189,-2.18360146,0.03359003,0.65202411,0.02904295,-3.13596661,-1.66242869,-2.20801552,0.03700256,0.64917660,0.02899170,0.04394531,-0.02929688,0.04394531,-0.01464844,0.01464844,-0.01464844,1.03187561,2.64695595,2.65655518,-0.04882812
5.09875965,1745,-3.11002667,-1.72918589,-2.18398293,0.03395081,0.65222836,0.02899170,3.17315863,-1.67883189,-2.18360146,0.03383259,0.65176763,0.02900849,-3.13596661,-1.66242869,-2.20763405,0.03662109,0.64955807,0.02861023,0.00488281,-0.01953125,0.03906250,-0.04394531,0.04394531,-0.01464844,1.03149414,2.64583805,2.65655518,-0.02441406
5.11220050,1750,-3.11002667,-1.72918589,-2.18398293,0.03471375,0.65222836,0.02899170,3.17315863,-1.67883189,-2.18360146,0.03424483,0.65156445,0.02899720,-3.13520368,-1.66281016,-2.20687111,0.03623962,0.64955807,0.02861023,0.03417969,-0.01464844,0.03906250,-0.04394531,0.04394531,-0.02929688,1.03111267,2.64472051,2.65617371,-0.04882812
5.12611175,1755,-3.11002667,-1.72918589,-2.18398293,0.03662109,0.65184689,0.02899170,3.17315863,-1.67883189,-2.18360146,0.03539273,0.65136054,0.02899350,-3.13482221,-1.66281016,-2.20648964,0.03509521,0.64993954,0.02861023,0.02441406,-0.01953125,0.03906250,-0.10253906,0.02929688,-0.01464844,1.02996826,2.64327351,2.65502930,-0.09765625
5.14095306,1760,-3.11002667,-1.72918589,-2.18398293,0.03738403,0.65184689,0.02899170,3.17315863,-1.67883189,-2.18360146,0.03670027,0.65117458,0.02899229,-3.13444074,-1.66319163,-2.20572670,0.03395081,0.64993954,0.02861023,0.04394531,-0.02441406,0.05859375,-0.07324219,0.01464844,-0.02929688,1.02577209,2.63786698,2.65045166,-0.34179688
5.15709519,1765,-3.11002667,-1.72918589,-2.18398293,0.03738403,0.65184689,0.02899170,3.17315863,-1.67883189,-2.18360146,0.03715998,0.65111365,0.02899189,-3.13367780,-1.66357310,-2.20534523,0.03356934,0.64993954,0.02861023,0.01953125,-0.03417969,0.03417969,-0.01464844,0.01464844,-0.02929688,1.02081299,2.62957559,2.65045166,0.00000000
5.17181635,1770,-3.11002667,-1.72918589,-2.18398293,0.03738403,0.65184689,0.02861023,3.17315863,-1.67883189,-2.18360146,0.03731062,0.65109368,0.02891547,-3.13329633,-1.66357310,-2.20496376,0.03395081,0.65032101,0.02861023,0.02441406,-0.01953125,0.03906250,-0.01464844,0.04394531,-0.01464844,1.01470947,2.62082840,2.65007019,-0.09765625
5.18630362,1775,-3.11002667,-1.72918589,-2.18398293,0.03700256,0.65184689,0.02861023,3.17315863,-1.67883189,-2.18360146,0.03717382,0.65108714,0.02871025,-3.13291486,-1.66433604,-2.20458229,0.03395081,0.65032101,0.02861023,0.01953125,-0.03417969,0.02929688,-0.01464844,-0.00000000,0.00000000,1.00364685,2.60447750,2.64587402,-0.39062500
5.20016694,1780,-3.11002667,-1.72918589,-2.18398293,0.03700256,0.65184689,0.02861023,3.17315863,-1.67883189,-2.18360146,0.03705868,0.65108500,0.02864300,-3.13253339,-1.66433604,-2.20420082,0.03395081,0.65032101,0.02861023,0.04882812,-0.02929688,0.03417969,0.00000000,0.01464844,-0.01464844,0.99372864,2.58497274,2.64587402,-0.04882812
5.21451616,1785,-3.11002667,-1.72918589,-2.18398293,0.03700256,0.65184689,0.02861023,3.17315863,-1.67883189,-2.18360146,0.03702095,0.65108429,0.02862097,-3.13177045,-1.66471751,-2.20381935,0.03395081,0.65032101,0.02861023,0.03417969,-0.01953125,0.02441406,-0.02929688,0.02929688,-0.01464844,0.98037720,2.56497274,2.64472961,-0.12207031
5.23151708,1790,-3.11002667,-1.72918589,-2.18398293,0.03662109,0.65184689,0.02861023,3.17315863,-1.67883189,-2.18360146,0.03675212,0.65108406,0.02861375,-3.13138898,-1.66509898,-2.20343788,0.03395081,0.65032101,0.02861023,0.01464844,-0.02441406,0.01464844,-0.02929688,0.01464844,0.00000000,0.96817017,2.54497274,2.63748169,-0.58593750
5.24519515,1795,-3.11002667,-1.72918589,-2.18398293,0.03662109,0.65184689,0.02861023,3.17315863,-1.67883189,-2.18360146,0.03666403,0.65108399,0.02861138,-3.13100751,-1.66548045,-2.20343788,0.03395081,0.65070248,0.02899170,0.01464844,-0.02441406,0.02929688,0.00000000,0.01464844,-0.01464844,0.95596313,2.52497274,2.62985229,-0.53710938
5.26078725,1800,-3.11002667,-1.72918589,-2.18398293,0.03662109,0.65184689,0.02861023,3.17315863,-1.67883189,-2.18360146,0.03663516,0.65108396,0.02861061,-3.13062604,-1.66548045,-2.20267495,0.03395081,0.65032101,0.02861023,0.03417969,-0.02441406,0.03906250,-0.01464844,-0.00000000,-0.02929688,0.94223022,2.50497274,2.61726379,-0.97656250
5.27380538,1805,-3.11002667,-1.72918589,-2.18398293,0.03662109,0.65184689,0.02861023,3.17315863,-1.67883189,-2.18360146,0.03662570,0.65108396,0.02861035,-3.13024457,-1.66586192,-2.20229348,0.03395081,0.65032101,0.02861023,0.01464844,-0.03417969,0.04394531,-0.02929688,0.01464844,-0.02929688,0.93002319,2.48497274,2.60353088,-0.78125000
5.29158878,1810,-3.11002667,-1.72918589,-2.18398293,0.03662109,0.65184689,0.02861023,3.17315863,-1.67883189,-2.18360146,0.03662260,0.65108395,0.02861027,-3.12986310,-1.66624339,-2.20191201,0.03395081,0.65032101,0.02861023,0.02441406,-0.02929688,0.02929688,-0.01464844,0.01464844,-0.01464844,0.91781616,2.46497274,2.59590149,-0.63476562
5.30430031,1815,-3.11002667,-1.72918589,-2.18398293,0.03662109,0.65184689,0.02861023,3.17315863,-1.67883189,-2.18360146,0.03662159,0.65108395,0.02861024,-3.12948163,-1.66662486,-2.20153054,0.03395081,0.65070248,0.02861023,0.01953125,-0.01953125,0.02929688,-0.01464844,0.02929688,-0.01464844,0.91018677,2.44497274,2.58293152,-0.92773438
5.31749988,1820,-3.11002667,-1.72918589,-2.18398293,0.03662109,0.65184689,0.02861023,3.17315863,-1.67883189,-2.18360146,0.03662126,0.65108395,0.02861023,-3.12910016,-1.66662486,-2.20114907,0.03395081,0.65108395,0.02861023,0.00976562,-0.01464844,0.03417969,-0.01464844,0.04394531,0.00000000,0.90560913,2.42497274,2.56919861,-1.02539062
5.33636260,1825,-3.11002667,-1.72918589,-2.18398293,0.03662109,0.65184689,0.02861023,3.17315863,-1.67883189,-2.18360146,0.03662115,0.65108395,0.02861023,-3.12871869,-1.66700633,-2.20076760,0.03395081,0.65070248,0.02861023,0.02441406,-0.02441406,0.02929688,-0.02929688,0.01464844,0.00000000,0.90141296,2.40497274,2.55699158,-0.65917969
5.34932852,1830,-3.11002667,-1.72918589,-2.18398293,0.03662109,0.65184689,0.02861023,3.17315863,-1.67883189,-2.18360146,0.03662111,0.65108395,0.02861023,-3.12871869,-1.66738780,-2.20038613,0.03395081,0.65070248,0.02861023,0.00976562,-0.02441406,0.03906250,0.00000000,0.02929688,-0.02929688,0.90103149,2.39113436,2.54745483,-0.78125000
5.36429453,1835,-3.11002667,-1.72918589,-2.18398293,0.03662109,0.65184689,0.02861023,3.17315863,-1.67883189,-2.18360146,0.03662110,0.65108395,0.02861023,-3.12833722,-1.66776927,-2.20000466,0.03395081,0.65070248,0.02861023,0.01953125,-0.02441406,0.02441406,-0.01464844,-0.00000000,-0.02929688,0.90103149,2.38630388,2.53143311,-0.92773438
5.37749434,1840,-3.11002667,-1.72918589,-2.18398293,0.03662109,0.65184689,0.02861023,3.17315863,-1.67883189,-2.18360146,0.03662110,0.65108395,0.02861023,-3.12795575,-1.66776927,-2.19962319,0.03395081,0.65108395,0.02861023,0.03417969,-0.02441406,0.01953125,-0.02929688,0.04394531,-0.02929688,0.90103149,2.38468588,2.52342224,-0.78125000
5.39180470,1845,-3.11002667,-1.72918589,-2.18398293,0.03662109,0.65184689,0.02861023,3.17315863,-1.67883189,-2.18360146,0.03662109,0.65108395,0.02861023,-3.12719281,-1.66815074,-2.19924172,0.03395081,0.65108395,0.02861023,0.01464844,-0.02441406,0.03906250,-0.01464844,0.02929688,-0.01464844,0.89759827,2.38147576,2.51235962,-0.73242188
5.40629458,1850,-3.11002667,-1.72918589,-2.18398293,0.03662109,0.65184689,0.02861023,3.17315863,-1.67883189,-2.18360146,0.03662109,0.65108395,0.02861023,-3.12681134,-1.66853221,-2.19886025,0.03433228,0.65070248,0.02861023,0.03417969,-0.01953125,0.02441406,0.01464844,0.01464844,-0.01464844,0.89645386,2.37694852,2.49900818,-1.00097656
5.42003751,1855,-3.11002667,-1.72918589,-2.18398293,0.03662109,0.65184689,0.02861023,3.17315863,-1.67883189,-2.18360146,0.03662109,0.65108395,0.02861023,-3.12681134,-1.66853221,-2.19886025,0.03433228,0.65108395,0.02861023,0.00976562,-0.01464844,0.02441406,-0.01464844,0.01464844,-0.01464844,0.89569092,2.37473701,2.48756409,-0.70800781
5.43772483,1860,-3.11002667,-1.72918589,-2.18398293,0.03662109,0.65184689,0.02861023,3.17315863,-1.67883189,-2.18360146,0.03662109,0.65108395,0.02861023,-3.12642987,-1.66891368,-2.19847878,0.03433228,0.65108395,0.02861023,0.01953125,-0.01464844,0.02929688,-0.01464844,-0.00000000,-0.01464844,0.89225769,2.37117519,2.47764587,-0.70800781
5.45092726,1865,-3.11002667,-1.72918589,-2.18398293,0.03662109,0.65184689,0.02861023,3.17315863,-1.67883189,-2.18360146,0.03662109,0.65108395,0.02861023,-3.12604840,-1.66891368,-2.19809731,0.03433228,0.65070248,0.02861023,0.02929688,-0.01464844,0.01953125,-0.02929688,0.01464844,-0.01464844,0.88386536,2.36091576,2.46543884,-1.00097656
5.46547341,1870,-3.11002667,-1.72918589,-2.18398293,0.03662109,0.65184689,0.02861023,3.17315863,-1.67883189,-2.18360146,0.03662109,0.65108395,0.02861023,-3.12566693,-1.66891368,-2.19809731,0.03433228,0.65108395,0.02861023,0.00976562,-0.01464844,0.01953125,-0.02929688,0.04394531,-0.02929688,0.87585449,2.34641016,2.45132446,-0.90332031
5.48073864,1875,-3.11002667,-1.72918589,-2.18398293,0.03662109,0.65184689,0.02861023,3.17315863,-1.67883189,-2.18360146,0.03662109,0.65108395,0.02861023,-3.12528546,-1.66929515,-2.19771584,0.03471375,0.65108395,0.02861023,0.02929688,-0.01953125,0.02441406,0.00000000,0.02929688,-0.01464844,0.86555481,2.32735467,2.44293213,-0.61035156
5.49352336,1880,-3.11002667,-1.72918589,-2.18398293,0.03662109,0.65184689,0.02861023,3.17315863,-1.67883189,-2.18360146,0.03662109,0.65108395,0.02861023,-3.12490399,-1.66929515,-2.19733437,0.03433228,0.65108395,0.02861023,0.00488281,-0.02441406,0.03417969,-0.01464844,-0.00000000,-0.01464844,0.85754395,2.31017946,2.43110657,-0.92773438
5.50832891,1885,-3.11002667,-1.72918589,-2.18398293,0.03662109,0.65184689,0.02861023,3.17315863,-1.67883189,-2.18360146,0.03662109,0.65108395,0.02861023,-3.12490399,-1.66967662,-2.19733437,0.03471375,0.65108395,0.02861023,0.00488281,-0.03417969,0.01953125,0.01464844,0.02929688,-0.01464844,0.84686279,2.29240527,2.42118835,-1.00097656
5.52197766,1890,-3.11002667,-1.72918589,-2.18398293,0.03662109,0.65184689,0.02861023,3.17315863,-1.67883189,-2.18360146,0.03662109,0.65108395,0.02861023,-3.12452252,-1.67005809,-2.19695290,0.03471375,0.65108395,0.02861023,0.00976562,-0.02441406,0.01464844,-0.01464844,0.01464844,-0.01464844,0.83808899,2.27445223,2.41012573,-0.56152344
5.53650999,1895,-3.11002667,-1.72918589,-2.18398293,0.03623962,0.65184689,0.02861023,3.17315863,-1.67883189,-2.18360146,0.03654480,0.65108395,0.02861023,-3.12452252,-1.67043956,-2.19695290,0.03471375,0.65108395,0.02861023,0.01464844,-0.01464844,0.01953125,0.00000000,-0.00000000,-0.01464844,0.83084106,2.25602125,2.39830017,-0.75683594
5.55086446,1900,-3.11002667,-1.72918589,-2.18398293,0.03623962,0.65184689,0.02861023,3.17315863,-1.67883189,-2.18360146,0.03633962,0.65108395,0.02861023,-3.12414105,-1.67043956,-2.19657143,0.03509521,0.65108395,0.02861023,0.02441406,-0.01464844,0.02441406,-0.01464844,0.01464844,-0.02929688,0.82397461,2.24134398,2.38609314,-1.04980469
5.56644130,1905,-3.11002667,-1.72918589,-2.18398293,0.03623962,0.65184689,0.02861023,3.17315863,-1.67883189,-2.18360146,0.03627239,0.65108395,0.02861023,-3.12375958,-1.67043956,-2.19618996,0.03509521,0.65108395,0.02861023,0.00976562,-0.00976562,0.02441406,-0.01464844,0.01464844,0.00000000,0.81596375,2.22628137,2.37350464,-0.68359375
5.58057570,1910,-3.11002667,-1.72918589,-2.18398293,0.03623962,0.65184689,0.02861023,3.17315863,-1.67883189,-2.18360146,0.03625036,0.65108395,0.02861023,-3.12337811,-1.67043956,-2.19618996,0.03509521,0.65108395,0.02861023,0.01464844,-0.00488281,0.01953125,0.00000000,0.02929688,-0.01464844,0.80757141,2.20909418,2.36358643,-0.75683594
5.59396195,1915,-3.11002667,-1.72918589,-2.18398293,0.03585815,0.65184689,0.02861023,3.17315863,-1.67883189,-2.18360146,0.03601792,0.65108395,0.02861023,-3.12299664,-1.67043956,-2.19580849,0.03509521,0.65146542,0.02861023,0.02441406,-0.00488281,0.02929688,-0.01464844,0.01464844,0.00000000,0.80146790,2.19494568,2.35061646,-0.97656250
5.60843682,1920,-3.11002667,-1.72918589,-2.18398293,0.03471375,0.65184689,0.02861023,3.17315863,-1.67883189,-2.18360146,0.03553270,0.65108395,0.02861023,-3.12299664,-1.67082102,-2.19542702,0.03509521,0.65108395,0.02861023,0.00976562,-0.02441406,0.02929688,-0.02929688,-0.00000000,0.00000000,0.79498291,2.18259539,2.33802795,-0.80566406
5.62346125,1925,-3.11002667,-1.72918589,-2.18398293,0.03280640,0.65184689,0.02861023,3.17315863,-1.67883189,-2.18360146,0.03409282,0.65108395,0.02861023,-3.12261517,-1.67082102,-2.19504555,0.03547668,0.65108395,0.02861023,0.00488281,-0.01953125,0.02441406,0.00000000,0.02929688,-0.01464844,0.79498291,2.17527501,2.32849121,-0.70800781
5.63721800,1930,-3.11002667,-1.72918589,-2.18398293,0.03166199,0.65184689,0.02861023,3.17315863,-1.67883189,-2.18360146,0.03264797,0.65108395,0.02861023,-3.12261517,-1.67120249,-2.19504555,0.03547668,0.65146542,0.02861023,0.00976562,-0.01953125,0.02441406,-0.01464844,0.01464844,-0.02929688,0.79536438,2.17310698,2.31704712,-0.95214844
5.65328312,1935,-3.11002667,-1.72918589,-2.18398293,0.03013611,0.65184689,0.02861023,3.17315863,-1.67883189,-2.18360146,0.03136008,0.65108395,0.02861023,-3.12223370,-1.67158396,-2.19466408,0.03509521,0.65108395,0.02861023,0.01464844,-0.02441406,0.01953125,-0.01464844,-0.00000000,-0.01464844,0.79498291,2.17216585,2.30178833,-0.92773438
5.66816211,1940,-3.11002667,-1.72918589,-2.18398293,0.02784729,0.65184689,0.02861023,3.17315863,-1.67883189,-2.18360146,0.02944807,0.65108395,0.02861023,-3.12223370,-1.67158396,-2.19428261,0.03509521,0.65108395,0.02861023,0.00488281,-0.01953125,0.01464844,-0.02929688,0.02929688,-0.02929688,0.79498291,2.17185746,2.29072571,-0.63476562
5.68318582,1945,-3.11002667,-1.72918589,-2.18398293,0.02593994,0.65184689,0.02861023,3.17315863,-1.67883189,-2.18360146,0.02749036,0.65108395,0.02861023,-3.12185223,-1.67196543,-2.19428261,0.03509521,0.65146542,0.02861023,0.00488281,-0.01953125,0.01464844,0.00000000,0.01464844,0.00000000,0.79498291,2.17185406,2.28042603,-0.95214844
5.69986439,1950,-3.11002667,-1.72918589,-2.18398293,0.02403259,0.65184689,0.02861023,3.17315863,-1.67883189,-2.18360146,0.02550548,0.65108395,0.02861023,-3.12185223,-1.67196543,-2.19428261,0.03471375,0.65108395,0.02861023,0.00488281,-0.01464844,0.01953125,-0.02929688,-0.00000000,-0.01464844,0.79460144,2.17160270,2.26516724,-0.97656250
5.71489477,1955,-3.11002667,-1.72918589,-2.18398293,0.02059937,0.65184689,0.02861023,3.17315863,-1.67883189,-2.18360146,0.02279733,0.65108395,0.02861023,-3.12108930,-1.67234690,-2.19390114,0.03471375,0.65108395,0.02861023,0.02441406,-0.00976562,0.01953125,-0.01464844,0.01464844,-0.02929688,0.79460144,2.17139827,2.25601196,-0.48828125
5.72928476,1960,-3.11002667,-1.72918589,-2.18398293,0.01678467,0.65184689,0.02861023,3.17315863,-1.67883189,-2.18360146,0.01962697,0.65108395,0.02861023,-3.12108930,-1.67234690,-2.19351967,0.03433228,0.65108395,0.02861023,0.00976562,-0.00976562,0.02441406,-0.04394531,-0.00000000,0.00000000,0.79231262,2.16953782,2.24647522,-0.73242188
5.74309921,1965,-3.11002667,-1.72918589,-2.18398293,0.01296997,0.65184689,0.02861023,3.17315863,-1.67883189,-2.18360146,0.01586520,0.65108395,0.02861023,-3.12070783,-1.67234690,-2.19313820,0.03433228,0.65108395,0.02861023,0.00976562,-0.00488281,0.01953125,-0.02929688,0.02929688,-0.01464844,0.78468323,2.15997507,2.23617554,-0.80566406
5.75674081,1970,-3.11002667,-1.72918589,-2.18398293,0.00724792,0.65184689,0.02861023,3.17315863,-1.67883189,-2.18360146,0.01110337,0.65108395,0.02861023,-3.12032636,-1.67234690,-2.19313820,0.03395081,0.65146542,0.02861023,0.01464844,-0.00488281,0.02441406,-0.04394531,0.04394531,-0.01464844,0.77438354,2.14416601,2.22740173,-0.56152344
5.77219152,1975,-3.11002667,-1.72918589,-2.18398293,0.00190735,0.65184689,0.02861023,3.17315863,-1.67883189,-2.18360146,0.00578984,0.65108395,0.02861023,-3.12032636,-1.67234690,-2.19275673,0.03356934,0.65108395,0.02861023,0.00488281,-0.00488281,0.02441406,-0.04394531,0.01464844,0.00000000,0.76522827,2.12598362,2.22434998,-0.24414062
5.78573036,1980,-3.11040814,-1.72918589,-2.18398293,-0.00686646,0.65184689,0.02861023,3.17308234,-1.67883189,-2.18360146,-0.00076465,0.65108395,0.02861023,-3.12032636,-1.67234690,-2.19237526,0.03204346,0.65146542,0.02861023,0.00488281,-0.01464844,0.00976562,-0.08789062,0.02929688,-0.01464844,0.75035095,2.10598362,2.21176147,-0.70800781
5.80071664,1985,-3.11002667,-1.72918589,-2.18398293,-0.01335144,0.65184689,0.02899170,3.17310238,-1.67883189,-2.18360146,-0.00764253,0.65108395,0.02868652,-3.11994489,-1.67272837,-2.19237526,0.02975464,0.65184689,0.02861023,0.00000000,-0.01953125,0.00488281,-0.21972656,0.04394531,-0.01464844,0.73814392,2.08598362,2.19879150,-0.97656250
5.81421995,1990,-3.11040814,-1.72918589,-2.18398293,-0.01869202,0.65184689,0.02899170,3.17288373,-1.67883189,-2.18360146,-0.01401321,0.65108395,0.02889170,-3.11994489,-1.67272837,-2.19237526,0.02708435,0.65222836,0.02861023,0.00976562,-0.01953125,0.00488281,-0.23437500,0.02929688,-0.01464844,0.72937012,2.06598362,2.18772888,-0.78125000
5.82884789,1995,-3.11040814,-1.72918589,-2.18398293,-0.02593994,0.65184689,0.02899170,3.17281208,-1.67883189,-2.18360146,-0.02025152,0.65108395,0.02895893,-3.11956342,-1.67310984,-2.19237526,0.02326965,0.65184689,0.02861023,0.01953125,-0.02929688,0.00488281,-0.26367188,0.01464844,-0.01464844,0.71830750,2.04598362,2.17819214,-0.68359375
5.84466338,2000,-3.11002667,-1.72918589,-2.18398293,-0.03051758,0.65184689,0.02899170,3.17286490,-1.67883189,-2.18360146,-0.02600906,0.65108395,0.02898096,-3.11918195,-1.67349131,-2.19237526,0.02098083,0.65184689,0.02861023,0.01953125,-0.02441406,0.00976562,-0.19042969,-0.00000000,-0.01464844,0.71258545,2.02598362,2.16712952,-1.02539062
5.85743761,2005,-3.11040814,-1.72918589,-2.18398293,-0.03395081,0.65184689,0.02899170,3.17287623,-1.67883189,-2.18360146,-0.03049348,0.65108395,0.02898818,-3.11918195,-1.67387278,-2.19199379,0.01716614,0.65184689,0.02861023,-0.00488281,-0.01953125,0.01953125,-0.27832031,0.01464844,-0.02929688,0.70877075,2.00914543,2.15301514,-0.87890625
5.87362289,2010,-3.11040814,-1.72918589,-2.18398293,-0.03623962,0.65184689,0.02899170,3.17280962,-1.67883189,-2.18360146,-0.03377567,0.65108395,0.02899055,-3.11918195,-1.67387278,-2.19161232,0.01296997,0.65184689,0.02861023,0.00976562,-0.00976562,0.02929688,-0.26367188,0.01464844,-0.02929688,0.70877075,2.00261227,2.14347839,-0.63476562
5.88730550,2015,-3.11040814,-1.72918589,-2.18398293,-0.03738403,0.65184689,0.02899170,3.17278780,-1.67883189,-2.18360146,-0.03587108,0.65108395,0.02899132,-3.11880048,-1.67387278,-2.19161232,0.00953674,0.65184689,0.02861023,0.00488281,-0.00976562,0.01953125,-0.23437500,0.01464844,-0.01464844,0.70915222,2.00068657,2.13050842,-0.97656250
5.90342236,2020,-3.11040814,-1.72918589,-2.18398293,-0.03890991,0.65184689,0.02899170,3.17278065,-1.67883189,-2.18360146,-0.03769344,0.65108395,0.02899158,-3.11841901,-1.67387278,-2.19123085,0.00534058,0.65222836,0.02861023,0.01464844,-0.00488281,0.01953125,-0.26367188,0.04394531,-0.01464844,0.70915222,2.00025575,2.11639404,-0.87890625
5.91866350,2025,-3.11040814,-1.72918589,-2.18398293,-0.03890991,0.65184689,0.02899170,3.17277831,-1.67883189,-2.18360146,-0.03851130,0.65108395,0.02899166,-3.11841901,-1.67387278,-2.19123085,0.00228882,0.65260983,0.02861023,-0.00488281,-0.00976562,0.01953125,-0.16113281,0.02929688,-0.01464844,0.70915222,2.00011458,2.10533142,-0.70800781
5.93094206,2030,-3.11040814,-1.72918589,-2.18398293,-0.03890991,0.65184689,0.02899170,3.17277754,-1.67883189,-2.18360146,-0.03877929,0.65108395,0.02899169,-3.11841901,-1.67387278,-2.19123085,-0.00038147,0.65222836,0.02861023,0.00000000,-0.00976562,0.01953125,-0.23437500,0.01464844,0.00000000,0.70915222,2.00006832,2.09617615,-0.85449219
5.94580507,2035,-3.11040814,-1.72918589,-2.18398293,-0.03890991,0.65184689,0.02937317,3.17277729,-1.67883189,-2.18360146,-0.03886711,0.65108395,0.02924816,-3.11841901,-1.67425425,-2.19084938,-0.00381470,0.65222836,0.02861023,0.00488281,-0.00976562,0.01464844,-0.24902344,-0.00000000,-0.01464844,0.70915222,2.00005316,2.08282471,-0.92773438
5.96124029,2040,-3.11040814,-1.72918589,-2.18398293,-0.03890991,0.65184689,0.02975464,3.17277720,-1.67883189,-2.18360146,-0.03889589,0.65108395,0.02940850,-3.11803754,-1.67425425,-2.19084938,-0.00534058,0.65222836,0.02861023,-0.00488281,-0.01464844,0.00976562,-0.13183594,-0.00000000,-0.01464844,0.70915222,2.00004820,2.07443237,-0.51269531
5.97476625,2045,-3.11040814,-1.72918589,-2.18398293,-0.03890991,0.65184689,0.03013611,3.17277718,-1.67883189,-2.18360146,-0.03890532,0.65108395,0.02977855,-3.11803754,-1.67425425,-2.19084938,-0.00839233,0.65222836,0.02861023,0.00000000,-0.01464844,0.00976562,-0.21972656,-0.00000000,-0.02929688,0.70877075,1.99971820,2.06794739,-0.46386719
5.98902774,2050,-3.11040814,-1.72918589,-2.18398293,-0.03890991,0.65184689,0.03204346,3.17277717,-1.67883189,-2.18360146,-0.03890841,0.65108395,0.03083938,-3.11803754,-1.67463572,-2.19046791,-0.01182556,0.65222836,0.02861023,0.00488281,-0.01953125,0.00976562,-0.23437500,0.02929688,0.00000000,0.70915222,1.99971871,2.05917358,-0.63476562
6.00135946,2055,-3.11040814,-1.72918589,-2.18398293,-0.03890991,0.65184689,0.03852844,3.17277717,-1.67883189,-2.18360146,-0.03890942,0.65108395,0.03488487,-3.11803754,-1.67463572,-2.19046791,-0.01335144,0.65222836,0.02861023,0.00976562,-0.01464844,0.00488281,-0.16113281,-0.00000000,-0.01464844,0.70915222,1.99976282,2.05192566,-0.63476562
6.01642013,2060,-3.11040814,-1.72918589,-2.18398293,-0.03890991,0.65184689,0.04653931,3.17277716,-1.67883189,-2.18360146,-0.03890975,0.65108395,0.04060563,-3.11765607,-1.67463572,-2.19046791,-0.01525879,0.65222836,0.02861023,0.00488281,-0.00976562,0.00488281,-0.14648438,-0.00000000,-0.01464844,0.70877075,1.99950262,2.04391479,-0.61035156
6.03084707,2065,-3.11040814,-1.72918589,-2.18398293,-0.03890991,0.65184689,0.05455017,3.17277716,-1.67883189,-2.18360146,-0.03890986,0.65108395,0.04791149,-3.11765607,-1.67463572,-2.19046791,-0.01754761,0.65222836,0.02899170,0.00976562,-0.01464844,0.01464844,-0.17578125,0.01464844,0.01464844,0.70877075,1.99935485,2.04086304,-0.09765625
6.04403496,2070,-3.11040814,-1.72918589,-2.18398293,-0.03890991,0.65184689,0.06370544,3.17277716,-1.67883189,-2.18360146,-0.03890989,0.65108395,0.05636162,-3.11727460,-1.67501719,-2.19046791,-0.01945496,0.65222836,0.03013611,0.00488281,-0.00976562,0.00976562,-0.10253906,-0.00000000,0.05859375,0.70838928,1.99893412,2.03971863,-0.12207031
6.05850244,2075,-3.11040814,-1.72918589,-2.18398293,-0.03890991,0.65146542,0.07095337,3.17277716,-1.67883189,-2.18360146,-0.03890991,0.65094662,0.06428572,-3.11727460,-1.67501719,-2.19008644,-0.02021790,0.65222836,0.03089905,0.00000000,-0.00976562,0.01464844,-0.08789062,0.01464844,0.07324219,0.70648193,1.99721007,2.03552246,-0.51269531
6.07402325,2080,-3.11040814,-1.72918589,-2.18398293,-0.03890991,0.65146542,0.07781982,3.17277716,-1.67883189,-2.18360146,-0.03890991,0.65078248,0.07172481,-3.11727460,-1.67501719,-2.19008644,-0.02136230,0.65184689,0.03547668,0.00000000,-0.01464844,0.01953125,-0.10253906,0.01464844,0.27832031,0.70152283,1.99120056,2.02941895,-0.39062500
6.08699894,2085,-3.11040814,-1.72918589,-2.18398293,-0.03890991,0.65146542,0.08392334,3.17277716,-1.67883189,-2.18360146,-0.03890991,0.65072870,0.07865806,-3.11727460,-1.67501719,-2.18970497,-0.02250671,0.65184689,0.03814697,0.00488281,-0.00976562,0.02441406,-0.08789062,0.01464844,0.19042969,0.69694519,1.98211027,2.02751160,-0.24414062
6.10078311,2090,-3.11040814,-1.72918589,-2.18398293,-0.03890991,0.65146542,0.08888245,3.17277716,-1.67883189,-2.18360146,-0.03890991,0.65071107,0.08462880,-3.11689313,-1.67501719,-2.18970497,-0.02326965,0.65184689,0.03890991,0.00976562,-0.00976562,0.01953125,-0.08789062,0.02929688,0.08789062,0.69198608,1.97267331,2.02026367,-0.53710938
6.11778522,2095,-3.11040814,-1.72918589,-2.18398293,-0.03890991,0.65146542,0.09307861,3.17277716,-1.67883189,-2.18360146,-0.03890991,0.65070530,0.08987765,-3.11651166,-1.67539866,-2.18932350,-0.02479553,0.65184689,0.04501343,0.01464844,-0.00976562,0.01953125,-0.11718750,0.01464844,0.41015625,0.68626404,1.96135176,2.01225281,-0.61035156
6.13435149,2100,-3.11040814,-1.72918589,-2.18398293,-0.03890991,0.65146542,0.09651184,3.17277716,-1.67883189,-2.18360146,-0.03890991,0.65070340,0.09381842,-3.11651166,-1.67539866,-2.18894204,-0.02670288,0.65184689,0.04882812,0.00000000,-0.01464844,0.02441406,-0.14648438,-0.00000000,0.11718750,0.68206787,1.95188922,2.00653076,-0.24414062
6.14627552,2105,-3.11040814,-1.72918589,-2.18398293,-0.03890991,0.65146542,0.09765625,3.17277716,-1.67883189,-2.18360146,-0.03890991,0.65070278,0.09639867,-3.11651166,-1.67539866,-2.18894204,-0.02784729,0.65184689,0.05035400,0.00000000,-0.01464844,0.00976562,-0.05859375,-0.00000000,0.11718750,0.68206787,1.94784714,2.00309753,-0.41503906
6.16355562,2110,-3.11040814,-1.72918589,-2.18398293,-0.03890991,0.65146542,0.09765625,3.17281623,-1.67883189,-2.18360146,-0.03890991,0.65070258,0.09724417,-3.11651166,-1.67578013,-2.18894204,-0.02861023,0.65184689,0.05493164,-0.00488281,-0.01953125,0.00976562,-0.05859375,0.02929688,0.29296875,0.68206787,1.94652262,1.99813843,-0.43945312
6.17806768,2115,-3.11040814,-1.72918589,-2.18398293,-0.03852844,0.65146542,0.09765625,3.17278996,-1.67883189,-2.18360146,-0.03872375,0.65070251,0.09752122,-3.11651166,-1.67578013,-2.18894204,-0.02937317,0.65184689,0.05722046,-0.00488281,-0.00976562,0.00488281,-0.07324219,0.02929688,0.17578125,0.68130493,1.94566136,1.99317932,-0.43945312
6.19248390,2120,-3.11002667,-1.72918589,-2.18398293,-0.03814697,0.65146542,0.09765625,3.17300658,-1.67883189,-2.18360146,-0.03840629,0.65070249,0.09761200,-3.11651166,-1.67578013,-2.18894204,-0.03013611,0.65184689,0.05912781,-0.00488281,-0.00976562,0.00488281,-0.08789062,-0.00000000,0.17578125,0.67596436,1.94168237,1.98898315,-0.36621094
6.20687056,2125,-3.11002667,-1.72918589,-2.18398293,-0.03814697,0.65146542,0.09765625,3.17310881,-1.67883189,-2.18360146,-0.03823194,0.65070249,0.09764175,-3.11613019,-1.67578013,-2.18856057,-0.03051758,0.65184689,0.06484985,-0.00488281,-0.00488281,0.00488281,-0.01464844,0.01464844,0.19042969,0.66871643,1.93051256,1.97792053,-0.53710938
6.22364521,2130,-3.11002667,-1.72918589,-2.18398293,-0.03814697,0.65146542,0.09765625,3.17314231,-1.67883189,-2.18360146,-0.03817482,0.65070248,0.09765150,-3.11613019,-1.67578013,-2.18856057,-0.03051758,0.65146542,0.06561279,0.00000000,-0.00488281,0.01464844,-0.02929688,0.01464844,0.05859375,0.65689087,1.91342801,1.97257996,-0.36621094
6.23847342,2135,-3.11002667,-1.72918589,-2.18398293,-0.03814697,0.65108395,0.09727478,3.17315328,-1.67883189,-2.18360146,-0.03815610,0.65051632,0.09746854,-3.11574872,-1.67578013,-2.18856057,-0.03089905,0.65146542,0.07019043,0.01464844,-0.00976562,0.01464844,-0.02929688,0.01464844,0.30761719,0.64735413,1.89357891,1.96876526,-0.12207031
6.25177693,2140,-3.11002667,-1.72918589,-2.18398293,-0.03814697,0.65032101,0.09727478,3.17315688,-1.67883189,-2.18360146,-0.03814996,0.65008350,0.09733827,-3.11574872,-1.67578013,-2.18856057,-0.03128052,0.65146542,0.07362366,0.00488281,-0.00976562,0.01464844,-0.02929688,0.02929688,0.17578125,0.64048767,1.87626516,1.96380615,-0.48828125
6.26665473,2145,-3.11002667,-1.72918589,-2.18398293,-0.03814697,0.64879513,0.09727478,3.17315806,-1.67883189,-2.18360146,-0.03814795,0.64898610,0.09729558,-3.11574872,-1.67578013,-2.18817910,-0.03204346,0.65146542,0.07400513,0.00000000,-0.00976562,0.01464844,-0.05859375,0.01464844,0.01464844,0.63285828,1.86015136,1.95465088,-0.61035156
6.28100109,2150,-3.11002667,-1.72918589,-2.18398293,-0.03738403,0.64803219,0.09727478,3.17315845,-1.67883189,-2.18360146,-0.03775349,0.64790214,0.09728160,-3.11574872,-1.67616160,-2.18817910,-0.03318787,0.65146542,0.07553101,0.00000000,-0.01464844,0.01464844,-0.11718750,0.01464844,0.07324219,0.62789917,1.84738364,1.94206238,-0.95214844
6.29549384,2155,-3.11002667,-1.72918589,-2.18398293,-0.03547668,0.64765072,0.09727478,3.17315857,-1.67883189,-2.18360146,-0.03666269,0.64722017,0.09727701,-3.11536725,-1.67616160,-2.18779763,-0.03433228,0.65146542,0.07667542,0.00000000,-0.01953125,0.01953125,-0.08789062,0.01464844,0.05859375,0.62179565,1.83412570,1.93061829,-0.90332031
6.31115746,2160,-3.11002667,-1.72918589,-2.18398293,-0.03395081,0.64765072,0.09689331,3.17315861,-1.67883189,-2.18360146,-0.03501131,0.64699670,0.09701904,-3.11536725,-1.67654307,-2.18779763,-0.03471375,0.65146542,0.07896423,0.00000000,-0.01464844,0.01464844,-0.01464844,0.02929688,0.19042969,0.61607361,1.82263216,1.92298889,-0.46386719
6.32795238,2165,-3.11002667,-1.72918589,-2.18398293,-0.03204346,0.64765072,0.09689331,3.17315863,-1.67883189,-2.18360146,-0.03356577,0.64692347,0.09693451,-3.11536725,-1.67654307,-2.18779763,-0.03471375,0.65146542,0.08010864,0.00488281,-0.00976562,0.00976562,0.00000000,0.01464844,0.00000000,0.61073303,1.81164184,1.90925598,-0.87890625
6.34308672,2170,-3.11002667,-1.72918589,-2.18398293,-0.03051758,0.64765072,0.09689331,3.17315863,-1.67883189,-2.18360146,-0.03179033,0.64689948,0.09690681,-3.11536725,-1.67654307,-2.18779763,-0.03471375,0.65108395,0.08087158,0.00488281,-0.00488281,0.00976562,-0.02929688,0.01464844,0.04394531,0.60729980,1.80264478,1.89666748,-0.85449219
6.36055517,2175,-3.11002667,-1.72918589,-2.18398293,-0.02822876,0.64765072,0.09689331,3.17315863,-1.67883189,-2.18360146,-0.03001593,0.64689162,0.09689773,-3.11498578,-1.67692454,-2.18779763,-0.03471375,0.65070248,0.08239746,0.00488281,-0.00976562,0.00976562,-0.01464844,-0.00000000,0.07324219,0.60577393,1.79721615,1.88598633,-0.51269531
6.37583327,2180,-3.11002667,-1.72918589,-2.18398293,-0.02632141,0.64765072,0.09689331,3.17315863,-1.67883189,-2.18360146,-0.02771367,0.64688904,0.09689476,-3.11498578,-1.67692454,-2.18741616,-0.03471375,0.65032101,0.08316040,0.01953125,-0.00976562,0.00976562,0.00000000,-0.01464844,0.01464844,0.60348511,1.79247881,1.87759399,-0.65917969
6.38922882,2185,-3.11002667,-1.72918589,-2.18398293,-0.02365112,0.64765072,0.09689331,3.17315863,-1.67883189,-2.18360146,-0.02544132,0.64688820,0.09689379,-3.11460431,-1.67692454,-2.18741616,-0.03471375,0.64993954,0.08392334,0.00976562,-0.00488281,0.01953125,-0.01464844,-0.00000000,0.05859375,0.59661865,1.78320723,1.86614990,-0.85449219
6.40275335,2190,-3.11002667,-1.72918589,-2.18398293,-0.02174377,0.64765072,0.09651184,3.17315863,-1.67883189,-2.18360146,-0.02335627,0.64688792,0.09663700,-3.11460431,-1.67692454,-2.18703469,-0.03433228,0.64993954,0.08506775,0.00000000,-0.00488281,0.01953125,0.00000000,-0.00000000,0.08789062,0.59318542,1.77495990,1.85661316,-0.78125000
6.41759229,2195,-3.11002667,-1.72918589,-2.18398293,-0.01983643,0.64765072,0.09651184,3.17315863,-1.67883189,-2.18360146,-0.02148297,0.64688783,0.09655285,-3.11460431,-1.67692454,-2.18703469,-0.03433228,0.64993954,0.08735657,0.00000000,0.00000000,0.00976562,0.00000000,0.01464844,0.13183594,0.58822632,1.76608334,1.84860229,-0.48828125
6.43001175,2200,-3.11002667,-1.72918589,-2.18398293,-0.01831055,0.64765072,0.09651184,3.17315863,-1.67883189,-2.18360146,-0.01968065,0.64688780,0.09652528,-3.11460431,-1.67692454,-2.18703469,-0.03395081,0.64993954,0.08735657,0.00000000,-0.00488281,0.00976562,-0.01464844,0.01464844,-0.01464844,0.58517456,1.75746470,1.84288025,-0.39062500
6.44340563,2205,-3.11002667,-1.72918589,-2.18398293,-0.01678467,0.64765072,0.09651184,3.17315863,-1.67883189,-2.18360146,-0.01806419,0.64688779,0.09651624,-3.11422284,-1.67692454,-2.18703469,-0.03395081,0.64993954,0.08773804,0.00488281,-0.00488281,0.00976562,0.01464844,-0.00000000,0.00000000,0.58288574,1.75215569,1.83486938,-0.68359375
6.45823169,2210,-3.11002667,-1.72918589,-2.18398293,-0.01525879,0.64765072,0.09613037,3.17315863,-1.67883189,-2.18360146,-0.01645980,0.64688779,0.09628806,-3.11422284,-1.67692454,-2.18703469,-0.03318787,0.64993954,0.08811951,0.00000000,-0.00976562,0.00976562,0.01464844,-0.00000000,0.04394531,0.57868958,1.74458424,1.82266235,-0.80566406
6.47246671,2215,-3.11002667,-1.72918589,-2.18398293,-0.01487732,0.64765072,0.09613037,3.17315863,-1.67883189,-2.18360146,-0.01546618,0.64688779,0.09618204,-3.11422284,-1.67692454,-2.18703469,-0.03242493,0.64955807,0.08964539,0.00488281,-0.00488281,0.00488281,0.04394531,-0.01464844,0.05859375,0.57449341,1.73669527,1.81388855,-0.61035156
6.49005175,2220,-3.11002667,-1.72918589,-2.18398293,-0.01296997,0.64765072,0.09613037,3.17315863,-1.67883189,-2.18360146,-0.01427670,0.64688778,0.09614730,-3.11422284,-1.67692454,-2.18703469,-0.02975464,0.64955807,0.09002686,0.00000000,-0.00488281,0.00488281,0.13183594,0.01464844,0.00000000,0.57067871,1.72985387,1.80587769,-0.48828125
6.50292706,2225,-3.11002667,-1.72918589,-2.18398293,-0.01068115,0.64765072,0.09613037,3.17315863,-1.67883189,-2.18360146,-0.01230905,0.64688778,0.09613592,-3.11384137,-1.67692454,-2.18703469,-0.02899170,0.64955807,0.09002686,0.00488281,-0.00976562,0.00976562,0.04394531,0.01464844,0.00000000,0.56991577,1.72428639,1.79824829,-0.70800781
6.51559353,2230,-3.11002667,-1.72918589,-2.18398293,-0.00877380,0.64765072,0.09613037,3.17315863,-1.67883189,-2.18360146,-0.01033311,0.64688778,0.09613219,-3.11384137,-1.67692454,-2.18665322,-0.02861023,0.64955807,0.09040833,0.00000000,-0.01464844,0.00976562,0.02929688,-0.00000000,-0.01464844,0.56991577,1.72232142,1.79061890,-0.70800781
6.52796698,2235,-3.11002667,-1.72918589,-2.18398293,-0.00762939,0.64765072,0.09613037,3.17315863,-1.67883189,-2.18360146,-0.00866574,0.64688778,0.09613097,-3.11384137,-1.67692454,-2.18665322,-0.02822876,0.64955807,0.09040833,-0.00488281,-0.00976562,0.00976562,0.02929688,0.02929688,-0.01464844,0.56953430,1.72158744,1.78070068,-0.61035156
6.54207802,2240,-3.11002667,-1.72918589,-2.18398293,-0.00724792,0.64765072,0.09613037,3.17315863,-1.67883189,-2.18360146,-0.00774376,0.64688778,0.09613057,-3.11384137,-1.67692454,-2.18665322,-0.02708435,0.64917660,0.09040833,0.00000000,-0.00976562,0.00976562,0.07324219,-0.00000000,-0.01464844,0.56953430,1.72094264,1.77726746,-0.29296875
6.55545425,2245,-3.11002667,-1.72918589,-2.18398293,-0.00610352,0.64765072,0.09613037,3.17315863,-1.67883189,-2.18360146,-0.00689148,0.64688778,0.09613044,-3.11384137,-1.67692454,-2.18665322,-0.02593994,0.64917660,0.09117126,0.00000000,0.00000000,0.01464844,0.02929688,-0.00000000,0.01464844,0.56610107,1.71807583,1.77383423,-0.34179688
6.57017040,2250,-3.10926373,-1.72918589,-2.18398293,-0.00457764,0.64765072,0.09613037,3.17349140,-1.67883189,-2.18360146,-0.00550771,0.64688778,0.09613039,-3.11384137,-1.67692454,-2.18665322,-0.02479553,0.64917660,0.09117126,0.00000000,-0.00976562,0.00976562,0.05859375,-0.00000000,0.00000000,0.55999756,1.70925655,1.76658630,-0.46386719
6.58512497,2255,-3.10926373,-1.72918589,-2.18398293,-0.00419617,0.64765072,0.09613037,3.17378061,-1.67883189,-2.18360146,-0.00462593,0.64688778,0.09613038,-3.11384137,-1.67730601,-2.18627175,-0.02250671,0.64917660,0.09155273,-0.00488281,-0.00976562,0.01953125,0.17578125,0.01464844,0.02929688,0.55236816,1.69699947,1.76048279,-0.56152344
6.60117340,2260,-3.10926373,-1.72918589,-2.18398293,-0.00419617,0.64765072,0.09613037,3.17387538,-1.67883189,-2.18360146,-0.00433699,0.64688778,0.09613037,-3.11384137,-1.67730601,-2.18627175,-0.02098083,0.64879513,0.09269714,0.00000000,-0.00488281,0.01953125,0.05859375,-0.01464844,0.04394531,0.54702759,1.68427652,1.75018311,-0.70800781
6.61584592,2265,-3.10926373,-1.72918589,-2.18398293,-0.00381470,0.64765072,0.09613037,3.17390644,-1.67883189,-2.18360146,-0.00398584,0.64688778,0.09613037,-3.11384137,-1.67730601,-2.18589028,-0.01983643,0.64879513,0.09460449,0.00000000,-0.00488281,0.00976562,0.08789062,0.02929688,0.11718750,0.54130554,1.67202373,1.74331665,-0.31738281
6.62932754,2270,-3.10926373,-1.72918589,-2.18398293,-0.00305176,0.64765072,0.09613037,3.17391661,-1.67883189,-2.18360146,-0.00347698,0.64688778,0.09613037,-3.11345990,-1.67730601,-2.18589028,-0.01869202,0.64879513,0.09536743,0.00000000,-0.00488281,0.01464844,0.04394531,0.01464844,0.02929688,0.53749084,1.66306098,1.73873901,-0.29296875
6.64217043,2275,-3.10926373,-1.72918589,-2.18398293,-0.00190735,0.64765072,0.09613037,3.17391995,-1.67883189,-2.18360146,-0.00264239,0.64688778,0.09613037,-3.11345990,-1.67730601,-2.18589028,-0.01831055,0.64879513,0.09574890,0.00000000,-0.00976562,0.00976562,0.01464844,-0.00000000,0.00000000,0.53672791,1.65783646,1.73263550,-0.46386719
6.65969729,2280,-3.10926373,-1.72918589,-2.18398293,0.00076294,0.64765072,0.09613037,3.17392104,-1.67883189,-2.18360146,-0.00071473,0.64688778,0.09613037,-3.11345990,-1.67730601,-2.18589028,-0.01754761,0.64879513,0.09651184,0.00000000,-0.00976562,0.00488281,0.02929688,0.02929688,0.01464844,0.53482056,1.65475706,1.72080994,-0.75683594
6.67396331,2285,-3.10926373,-1.72918589,-2.18398293,0.00228882,0.64765072,0.09613037,3.17392140,-1.67883189,-2.18360146,0.00093499,0.64688778,0.09613037,-3.11345990,-1.67730601,-2.18589028,-0.01640320,0.64841366,0.09651184,-0.00488281,-0.00976562,0.00488281,0.07324219,0.01464844,0.01464844,0.53215027,1.64947970,1.71203613,-0.61035156
6.69146681,2290,-3.10926373,-1.72918589,-2.18398293,0.00457764,0.64765072,0.09574890,3.17392152,-1.67883189,-2.18360146,0.00289524,0.64688778,0.09605408,-3.11345990,-1.67730601,-2.18589028,-0.01411438,0.64841366,0.09651184,-0.00488281,-0.00976562,0.00976562,0.11718750,-0.00000000,0.00000000,0.53100586,1.64636882,1.70555115,-0.36621094
6.70523357,2295,-3.10926373,-1.72918589,-2.18398293,0.00610352,0.64765072,0.09574890,3.17392155,-1.67883189,-2.18360146,0.00475145,0.64688778,0.09584890,-3.11345990,-1.67768748,-2.18589028,-0.01296997,0.64803219,0.09651184,0.00000000,-0.00976562,0.00488281,0.07324219,-0.00000000,-0.01464844,0.52719116,1.64129817,1.70173645,-0.24414062
6.71707225,2300,-3.10926373,-1.72918589,-2.18398293,0.00762939,0.64765072,0.09574890,3.17392157,-1.67883189,-2.18360146,0.00640461,0.64688778,0.09578167,-3.11345990,-1.67768748,-2.18589028,-0.01144409,0.64841366,0.09651184,0.00488281,0.00000000,0.00488281,0.08789062,-0.00000000,-0.01464844,0.52108765,1.63328018,1.69525146,-0.41503906
6.73321939,2305,-3.10926373,-1.72918589,-2.18398293,0.00762939,0.64765072,0.09574890,3.17392157,-1.67883189,-2.18360146,0.00722806,0.64688778,0.09575964,-3.11307843,-1.67768748,-2.18589028,-0.01068115,0.64841366,0.09651184,0.00488281,-0.00488281,0.00976562,0.01464844,0.01464844,-0.01464844,0.51803589,1.62421339,1.68724060,-0.63476562
6.74680996,2310,-3.10926373,-1.72918589,-2.18398293,0.00801086,0.64765072,0.09574890,3.17392157,-1.67883189,-2.18360146,0.00763521,0.64688778,0.09575242,-3.11307843,-1.67768748,-2.18550881,-0.01029968,0.64841366,0.09651184,0.01464844,-0.00488281,0.00976562,0.04394531,0.01464844,-0.02929688,0.51116943,1.61309834,1.67922974,-0.53710938
6.76043892,2315,-3.10926373,-1.72918589,-2.18398293,0.00915527,0.64765072,0.09574890,3.17392157,-1.67883189,-2.18360146,0.00828755,0.64688778,0.09575005,-3.11269696,-1.67768748,-2.18550881,-0.00915527,0.64803219,0.09651184,0.01464844,-0.00488281,0.00976562,0.07324219,-0.00000000,-0.02929688,0.50697327,1.60353258,1.67083740,-0.65917969
6.77355027,2320,-3.10926373,-1.72918589,-2.18398293,0.01068115,0.64765072,0.09574890,3.17392157,-1.67883189,-2.18360146,0.00953500,0.64688778,0.09574928,-3.11269696,-1.67768748,-2.18550881,-0.00724792,0.64803219,0.09689331,0.00000000,-0.00976562,0.00976562,0.11718750,-0.00000000,0.01464844,0.50392151,1.59500354,1.66664124,-0.39062500
6.78940749,2325,-3.10926373,-1.72918589,-2.18398293,0.01144409,0.64765072,0.09574890,3.17392157,-1.67883189,-2.18360146,0.01078727,0.64688778,0.09574903,-3.11269696,-1.67768748,-2.18550881,-0.00534058,0.64841366,0.09651184,-0.00488281,-0.00488281,0.00976562,0.16113281,0.01464844,-0.01464844,0.49896240,1.58596241,1.65977478,-0.61035156
6.80643988,2330,-3.10926373,-1.72918589,-2.18398293,0.01182556,0.64765072,0.09574890,3.17392157,-1.67883189,-2.18360146,0.01145408,0.64688778,0.09574894,-3.11269696,-1.67768748,-2.18550881,-0.00305176,0.64803219,0.09651184,-0.00488281,-0.00976562,0.00976562,0.16113281,0.01464844,0.01464844,0.49514771,1.57839873,1.65328979,-0.46386719
6.82035446,2335,-3.10926373,-1.72918589,-2.18398293,0.01296997,0.64765072,0.09574890,3.17392157,-1.67883189,-2.18360146,0.01225254,0.64688778,0.09574891,-3.11269696,-1.67768748,-2.18512734,-0.00228882,0.64803219,0.09651184,0.00000000,-0.00488281,0.00976562,0.01464844,0.01464844,-0.02929688,0.49476624,1.57359288,1.64184570,-0.68359375
6.83195567,2340,-3.10926373,-1.72918589,-2.18398293,0.01487732,0.64765072,0.09574890,3.17392157,-1.67883189,-2.18360146,0.01357729,0.64688778,0.09574891,-3.11231549,-1.67768748,-2.18512734,-0.00190735,0.64803219,0.09651184,0.00488281,-0.00976562,0.00976562,0.02929688,-0.00000000,-0.01464844,0.49476624,1.57203372,1.63383484,-0.68359375
6.84577394,2345,-3.10926373,-1.72918589,-2.18398293,0.01525879,0.64765072,0.09574890,3.17392157,-1.67883189,-2.18360146,0.01463748,0.64688778,0.09574890,-3.11231549,-1.67768748,-2.18512734,-0.00114441,0.64803219,0.09651184,0.00488281,-0.00976562,0.00488281,0.04394531,0.01464844,-0.01464844,0.49476624,1.57152281,1.62849426,-0.34179688
6.85964441,2350,-3.10926373,-1.72918589,-2.18398293,0.01525879,0.64765072,0.09574890,3.17392157,-1.67883189,-2.18360146,0.01505520,0.64688778,0.09574890,-3.11231549,-1.67768748,-2.18512734,0.00000000,0.64803219,0.09651184,0.00488281,-0.00488281,0.00976562,0.04394531,0.01464844,-0.01464844,0.49476624,1.57135540,1.62391663,-0.46386719
6.87342620,2355,-3.10926373,-1.72918589,-2.18398293,0.01525879,0.64765072,0.09574890,3.17392157,-1.67883189,-2.18360146,0.01519208,0.64688778,0.09574890,-3.11193402,-1.67768748,-2.18512734,0.00076294,0.64803219,0.09651184,0.00488281,-0.00488281,0.00976562,0.00000000,0.01464844,-0.01464844,0.49476624,1.57120288,1.62010193,-0.34179688
6.88605142,2360,-3.10926373,-1.72918589,-2.18398293,0.01525879,0.64765072,0.09574890,3.17392157,-1.67883189,-2.18360146,0.01523693,0.64688778,0.09574890,-3.11193402,-1.67806895,-2.18512734,0.00152588,0.64803219,0.09651184,-0.00488281,-0.00488281,0.00488281,0.05859375,0.02929688,0.00000000,0.49438477,1.57100032,1.61323547,-0.58593750
6.89974236,2365,-3.10926373,-1.72918589,-2.18398293,0.01525879,0.64765072,0.09574890,3.17392157,-1.67883189,-2.18360146,0.01525163,0.64688778,0.09574890,-3.11193402,-1.67806895,-2.18512734,0.00267029,0.64803219,0.09651184,-0.00976562,-0.00488281,0.00976562,0.08789062,0.01464844,-0.01464844,0.49438477,1.57067125,1.60675049,-0.41503906
6.91515803,2370,-3.10926373,-1.72918589,-2.18398293,0.01487732,0.64765072,0.09574890,3.17392157,-1.67883189,-2.18360146,0.01507028,0.64688778,0.09574890,-3.11193402,-1.67806895,-2.18512734,0.00419617,0.64803219,0.09651184,-0.00488281,-0.01464844,0.00488281,0.10253906,0.01464844,0.00000000,0.49438477,1.57056342,1.60179138,-0.43945312
6.92796588,2375,-3.10926373,-1.72918589,-2.18398293,0.01487732,0.64765072,0.09574890,3.17392157,-1.67883189,-2.18360146,0.01494055,0.64688778,0.09574890,-3.11193402,-1.67806895,-2.18512734,0.00534058,0.64803219,0.09651184,-0.00488281,-0.01464844,0.00976562,0.02929688,0.01464844,-0.01464844,0.49400330,1.57001515,1.59606934,-0.51269531
6.94689584,2380,-3.10926373,-1.72918589,-2.18398293,0.01449585,0.64726925,0.09574890,3.17392157,-1.67883189,-2.18360146,0.01471188,0.64670163,0.09574890,-3.11193402,-1.67845042,-2.18512734,0.00610352,0.64803219,0.09651184,-0.00488281,-0.00976562,0.00488281,0.04394531,0.01464844,-0.02929688,0.49400330,1.56983549,1.59606934,-0.04882812
6.95976138,2385,-3.10926373,-1.72918589,-2.18398293,0.01449585,0.64688778,0.09574890,3.17392157,-1.67883189,-2.18360146,0.01456664,0.64643299,0.09574890,-3.11193402,-1.67845042,-2.18512734,0.00686646,0.64765072,0.09651184,0.00000000,-0.00976562,0.00488281,0.05859375,-0.00000000,0.00000000,0.49400330,1.56977662,1.59301758,-0.31738281
6.97415233,2390,-3.10926373,-1.72918589,-2.18398293,0.01449585,0.64688778,0.09574890,3.17392157,-1.67883189,-2.18360146,0.01451905,0.64622582,0.09574890,-3.11193402,-1.67845042,-2.18512734,0.00724792,0.64765072,0.09651184,-0.00488281,-0.00976562,0.00488281,0.00000000,0.01464844,0.00000000,0.49400330,1.56975733,1.59225464,-0.02441406
6.98722243,2395,-3.10926373,-1.72918589,-2.18398293,0.01449585,0.64612485,0.09574890,3.17392157,-1.67883189,-2.18360146,0.01450345,0.64582517,0.09574890,-3.11193402,-1.67845042,-2.18512734,0.00762939,0.64765072,0.09651184,0.00000000,-0.00976562,0.00976562,-0.01464844,0.01464844,-0.01464844,0.49400330,1.56975101,1.59187317,-0.07324219
7.00198579,2400,-3.10926373,-1.72918589,-2.18398293,0.01449585,0.64536191,0.09574890,3.17392157,-1.67883189,-2.18360146,0.01449834,0.64521219,0.09574890,-3.11193402,-1.67845042,-2.18512734,0.00762939,0.64765072,0.09651184,-0.00488281,-0.00488281,0.00488281,0.00000000,0.01464844,-0.01464844,0.49285889,1.56887125,1.59034729,-0.12207031
7.01524973,2405,-3.10926373,-1.72918589,-2.18398293,0.01411438,0.64459897,0.09574890,3.17392157,-1.67883189,-2.18360146,0.01435934,0.64438853,0.09574890,-3.11193402,-1.67845042,-2.18512734,0.00762939,0.64765072,0.09651184,0.00000000,-0.00488281,0.00976562,-0.02929688,0.01464844,-0.02929688,0.48789978,1.56315694,1.58576965,-0.19531250
7.03055906,2410,-3.10926373,-1.72918589,-2.18398293,0.01335144,0.64459897,0.09574890,3.17392157,-1.67883189,-2.18360146,0.01393220,0.64401707,0.09574890,-3.11193402,-1.67845042,-2.18512734,0.00801086,0.64765072,0.09651184,-0.00488281,-0.00976562,0.00976562,0.00000000,0.01464844,-0.01464844,0.48370361,1.55506793,1.58576965,-0.07324219
7.04242754,2415,-3.10926373,-1.72918589,-2.18398293,0.01335144,0.64421750,0.09574890,3.17392157,-1.67883189,-2.18360146,0.01354174,0.64363888,0.09574890,-3.11193402,-1.67845042,-2.18512734,0.00801086,0.64765072,0.09613037,-0.00488281,-0.00488281,0.00488281,0.01464844,0.01464844,-0.01464844,0.48332214,1.55063778,1.58348083,-0.21972656
7.05692410,2420,-3.10926373,-1.72918589,-2.18398293,0.01258850,0.64383603,0.09574890,3.17392157,-1.67883189,-2.18360146,0.01311228,0.64325849,0.09574890,-3.11193402,-1.67845042,-2.18512734,0.00839233,0.64726925,0.09613037,-0.00488281,-0.00488281,0.00976562,0.00000000,-0.01464844,0.00000000,0.48103333,1.54738386,1.57814026,-0.39062500
7.07257318,2425,-3.10926373,-1.72918589,-2.18398293,0.01106262,0.64383603,0.09574890,3.17392157,-1.67883189,-2.18360146,0.01213513,0.64313384,0.09574890,-3.11193402,-1.67883189,-2.18512734,0.00839233,0.64726925,0.09613037,-0.00488281,-0.00976562,0.00488281,-0.02929688,-0.01464844,0.00000000,0.47721863,1.54095580,1.57241821,-0.36621094
7.08540916,2430,-3.10926373,-1.72918589,-2.18398293,0.00915527,0.64383603,0.09574890,3.17392157,-1.67883189,-2.18360146,0.01049353,0.64309299,0.09574890,-3.11193402,-1.67883189,-2.18512734,0.00877380,0.64688778,0.09613037,-0.00488281,-0.00976562,0.00488281,0.01464844,-0.00000000,-0.01464844,0.47225952,1.53264804,1.56936646,-0.12207031
7.09769154,2435,-3.10926373,-1.72918589,-2.18398293,0.00762939,0.64345456,0.09574890,3.17392157,-1.67883189,-2.18360146,0.00896879,0.64289345,0.09574890,-3.11193402,-1.67883189,-2.18474587,0.00877380,0.64688778,0.09613037,-0.00488281,-0.00488281,0.00976562,0.00000000,-0.00000000,0.00000000,0.46653748,1.52314572,1.56555176,-0.39062500
7.11557364,2440,-3.10926373,-1.72918589,-2.18398293,0.00572205,0.64307309,0.09574890,3.17392157,-1.67883189,-2.18360146,0.00706768,0.64262043,0.09574890,-3.11193402,-1.67883189,-2.18474587,0.00877380,0.64688778,0.09613037,-0.00488281,-0.00488281,0.00488281,0.00000000,0.01464844,-0.02929688,0.45700073,1.50881301,1.55792236,-0.36621094
7.12937641,2445,-3.10926373,-1.72918589,-2.18398293,0.00534058,0.64154721,0.09574890,3.17392157,-1.67883189,-2.18360146,0.00593776,0.64178682,0.09574890,-3.11155255,-1.67883189,-2.18474587,0.00877380,0.64688778,0.09613037,-0.00488281,-0.00488281,0.00488281,-0.01464844,0.01464844,-0.02929688,0.45127869,1.49499366,1.55639648,-0.21972656
7.14528465,2450,-3.10926373,-1.72918589,-2.18398293,0.00495911,0.64040280,0.09574890,3.17392157,-1.67883189,-2.18360146,0.00545997,0.64062511,0.09574890,-3.11155255,-1.67883189,-2.18474587,0.00877380,0.64688778,0.09613037,-0.00488281,-0.00976562,0.00488281,-0.02929688,0.01464844,0.00000000,0.44555664,1.48271754,1.55105591,-0.34179688
7.16109061,2455,-3.10926373,-1.72918589,-2.18398293,0.00381470,0.63963986,0.09574890,3.17392157,-1.67883189,-2.18360146,0.00459210,0.63956891,0.09574890,-3.11155255,-1.67883189,-2.18474587,0.00877380,0.64650631,0.09613037,-0.00488281,-0.00488281,0.00488281,-0.02929688,-0.00000000,0.00000000,0.44059753,1.47159504,1.54342651,-0.51269531
7.17517972,2460,-3.10926373,-1.72918589,-2.18398293,0.00228882,0.63925839,0.09574890,3.17392157,-1.67883189,-2.18360146,0.00323301,0.63896634,0.09574890,-3.11155255,-1.67883189,-2.18474587,0.00839233,0.64650631,0.09613037,0.00000000,-0.00488281,0.00488281,-0.04394531,-0.01464844,-0.01464844,0.43640137,1.46158836,1.53732300,-0.63476562
7.19011760,2465,-3.10926373,-1.72918589,-2.18398293,0.00114441,0.63735104,0.09574890,3.17392157,-1.67883189,-2.18360146,0.00194794,0.63776828,0.09574890,-3.11155255,-1.67883189,-2.18474587,0.00839233,0.64612485,0.09613037,-0.00488281,-0.00976562,0.00976562,-0.02929688,-0.00000000,-0.01464844,0.43640137,1.45685234,1.52549744,-0.75683594
7.20379782,2470,-3.10926373,-1.72918589,-2.18398293,0.00038147,0.63506222,0.09574890,3.17392157,-1.67883189,-2.18360146,0.00104516,0.63594821,0.09574890,-3.11155255,-1.67883189,-2.18474587,0.00801086,0.64536191,0.09613037,-0.00488281,-0.00488281,0.00976562,-0.01464844,-0.01464844,-0.01464844,0.43601990,1.45502578,1.51863098,-0.36621094
7.21749640,2475,-3.10926373,-1.72918589,-2.18398293,-0.00076294,0.63315487,0.09574890,3.17392157,-1.67883189,-2.18360146,-0.00002007,0.63377796,0.09574890,-3.11155255,-1.67883189,-2.18474587,0.00801086,0.64498044,0.09613037,-0.00488281,-0.00488281,0.00976562,-0.01464844,-0.02929688,-0.01464844,0.43563843,1.45403639,1.51481628,-0.29296875
7.23209715,2480,-3.10926373,-1.72918589,-2.18398293,-0.00114441,0.63201047,0.09574890,3.17392157,-1.67883189,-2.18360146,-0.00074474,0.63232719,0.09574890,-3.11155255,-1.67883189,-2.18474587,0.00801086,0.64421750,0.09574890,-0.00488281,-0.00488281,0.00976562,-0.01464844,-0.04394531,-0.02929688,0.43449402,1.45255227,1.50871277,-0.43945312
7.24851418,2485,-3.10926373,-1.72918589,-2.18398293,-0.00152588,0.63048459,0.09574890,3.17392157,-1.67883189,-2.18360146,-0.00108974,0.63112523,0.09574890,-3.11155255,-1.67883189,-2.18436440,0.00801086,0.64307309,0.09574890,0.00000000,-0.00488281,0.01464844,0.00000000,-0.05859375,0.00000000,0.43144226,1.44872025,1.50032043,-0.58593750
7.26206231,2490,-3.10926373,-1.72918589,-2.18398293,-0.00152588,0.62857724,0.09574890,3.17392157,-1.67883189,-2.18360146,-0.00138296,0.62930010,0.09574890,-3.11155255,-1.67883189,-2.18436440,0.00762939,0.64192868,0.09574890,-0.00488281,-0.00488281,0.00976562,-0.02929688,-0.05859375,-0.02929688,0.43144226,1.44596751,1.49116516,-0.51269531
7.27567935,2495,-3.10926373,-1.72918589,-2.18398293,-0.00190735,0.62743283,0.09574890,3.17392157,-1.67883189,-2.18360146,-0.00155534,0.62772121,0.09574890,-3.11155255,-1.67883189,-2.18436440,0.00762939,0.64116574,0.09574890,-0.00488281,-0.00488281,0.00488281,-0.01464844,-0.05859375,-0.01464844,0.43106079,1.44455255,1.48696899,-0.43945312
7.28845334,2500,-3.10926373,-1.72918589,-2.18398293,-0.00190735,0.62666989,0.09574890,3.17392157,-1.67883189,-2.18360146,-0.00179200,0.62660301,0.09574890,-3.11155255,-1.67883189,-2.18436440,0.00762939,0.64002133,0.09574890,-0.00488281,-0.00488281,0.00488281,-0.02929688,-0.05859375,-0.01464844,0.43106079,1.44408889,1.48277283,-0.12207031
7.30311084,2505,-3.10926373,-1.72918589,-2.18398293,-0.00228882,0.62590695,0.09574890,3.17392157,-1.67883189,-2.18360146,-0.00205571,0.62565334,0.09574890,-3.11155255,-1.67883189,-2.18436440,0.00762939,0.63963986,0.09574890,0.00000000,0.00000000,0.00976562,-0.02929688,-0.02929688,0.00000000,0.43106079,1.44385884,1.47972107,-0.31738281
7.31580567,2510,-3.10926373,-1.72918589,-2.18398293,-0.00305176,0.62552548,0.09574890,3.17392157,-1.67883189,-2.18360146,-0.00257498,0.62505444,0.09574890,-3.11117108,-1.67883189,-2.18436440,0.00724792,0.63925839,0.09574890,0.00000000,-0.00488281,0.00488281,-0.04394531,-0.02929688,-0.01464844,0.43067932,1.44342676,1.47819519,-0.17089844
7.32838249,2515,-3.10926373,-1.72918589,-2.18398293,-0.00457764,0.62552548,0.09574890,3.17392157,-1.67883189,-2.18360146,-0.00365188,0.62485819,0.09574890,-3.11117108,-1.67883189,-2.18436440,0.00724792,0.63887692,0.09574890,0.00000000,-0.00488281,0.00488281,-0.02929688,-0.01464844,-0.02929688,0.42991638,1.44241946,1.47590637,-0.21972656
7.34224749,2520,-3.10926373,-1.72918589,-2.18398293,-0.00610352,0.62552548,0.09574890,3.17392157,-1.67883189,-2.18360146,-0.00503063,0.62479388,0.09574890,-3.11117108,-1.67883189,-2.18436440,0.00648499,0.63849545,0.09574890,0.00000000,-0.00488281,0.00976562,-0.05859375,-0.01464844,-0.01464844,0.42648315,1.43878934,1.47209167,-0.17089844
7.35716271,2525,-3.10926373,-1.72918589,-2.18398293,-0.00801086,0.62552548,0.09574890,3.17392157,-1.67883189,-2.18360146,-0.00663342,0.62477281,0.09574890,-3.11117108,-1.67883189,-2.18398293,0.00534058,0.63773251,0.09574890,0.00000000,-0.00976562,0.00976562,-0.10253906,-0.02929688,0.00000000,0.42533875,1.43500729,1.46675110,-0.41503906
7.37134957,2530,-3.10926373,-1.72918589,-2.18398293,-0.00915527,0.62552548,0.09574890,3.17392157,-1.67883189,-2.18360146,-0.00811749,0.62476591,0.09574890,-3.11117108,-1.67883189,-2.18398293,0.00419617,0.63658810,0.09536743,0.00000000,-0.00976562,0.00488281,-0.10253906,-0.08789062,-0.01464844,0.42381287,1.43207658,1.46141052,-0.43945312
7.38692665,2535,-3.10926373,-1.72918589,-2.18398293,-0.00915527,0.62552548,0.09574890,3.17392157,-1.67883189,-2.18360146,-0.00881521,0.62476364,0.09574890,-3.11078961,-1.67883189,-2.18398293,0.00381470,0.63506222,0.09574890,0.00000000,-0.00488281,0.00488281,-0.02929688,-0.08789062,0.00000000,0.42076111,1.42690140,1.45797729,-0.41503906
7.39984655,2540,-3.10926373,-1.72918589,-2.18398293,-0.00877380,0.62552548,0.09574890,3.17392157,-1.67883189,-2.18360146,-0.00885768,0.62476290,0.09574890,-3.11078961,-1.67883189,-2.18398293,0.00343323,0.63353634,0.09536743,-0.00488281,-0.00976562,0.00976562,-0.04394531,-0.08789062,-0.01464844,0.41999817,1.42379007,1.45645142,-0.07324219
7.41271019,2545,-3.10926373,-1.72918589,-2.18398293,-0.00877380,0.62552548,0.09574890,3.17392157,-1.67883189,-2.18360146,-0.00880129,0.62476266,0.09574890,-3.11078961,-1.67883189,-2.18398293,0.00267029,0.63201047,0.09536743,-0.00488281,-0.00976562,0.00488281,-0.05859375,-0.10253906,-0.01464844,0.41923523,1.42188530,1.45530701,-0.14648438
7.42823362,2550,-3.10926373,-1.72918589,-2.18398293,-0.00877380,0.62552548,0.09574890,3.17392157,-1.67883189,-2.18360146,-0.00878281,0.62476258,0.09574890,-3.11078961,-1.67883189,-2.18398293,0.00152588,0.63124753,0.09536743,-0.00488281,-0.00488281,0.00488281,-0.13183594,-0.02929688,-0.01464844,0.41503906,1.41681803,1.44767761,-0.51269531
7.44304276,2555,-3.10926373,-1.72918589,-2.18398293,-0.00877380,0.62552548,0.09574890,3.17392157,-1.67883189,-2.18360146,-0.00877676,0.62476255,0.09574890,-3.11078961,-1.67883189,-2.18398293,-0.00038147,0.63086606,0.09536743,-0.00488281,-0.00976562,0.00488281,-0.14648438,-0.01464844,-0.04394531,0.41198730,1.41111462,1.44577026,-0.09765625
7.45730305,2560,-3.10926373,-1.72918589,-2.18398293,-0.00877380,0.62552548,0.09574890,3.17392157,-1.67883189,-2.18360146,-0.00877477,0.62476254,0.09574890,-3.11078961,-1.67883189,-2.18398293,-0.00114441,0.63086606,0.09536743,-0.00976562,-0.00488281,0.00488281,-0.05859375,0.01464844,-0.01464844,0.40893555,1.40408850,1.44424438,-0.12207031
7.47262788,2565,-3.10926373,-1.72918589,-2.18398293,-0.00877380,0.62552548,0.09574890,3.17392157,-1.67883189,-2.18360146,-0.00877412,0.62476254,0.09574890,-3.11078961,-1.67883189,-2.18398293,-0.00114441,0.63086606,0.09536743,-0.00976562,-0.00488281,0.01464844,-0.01464844,0.01464844,0.00000000,0.40283203,1.39641801,1.43966675,-0.24414062
7.48938513,2570,-3.10926373,-1.72918589,-2.18398293,-0.00877380,0.62552548,0.09574890,3.17392157,-1.67883189,-2.18360146,-0.00877391,0.62476254,0.09574890,-3.11078961,-1.67883189,-2.18398293,-0.00152588,0.63048459,0.09536743,-0.00488281,-0.00488281,0.00488281,-0.04394531,-0.00000000,-0.02929688,0.39901733,1.38616676,1.43432617,-0.34179688
7.50542521,2575,-3.10926373,-1.72918589,-2.18398293,-0.00877380,0.62552548,0.09574890,3.17392157,-1.67883189,-2.18360146,-0.00877384,0.62476254,0.09574890,-3.11078961,-1.67883189,-2.18398293,-0.00190735,0.63010312,0.09536743,-0.00488281,0.00000000,0.00976562,-0.05859375,-0.00000000,-0.02929688,0.39825439,1.38114503,1.42936707,-0.39062500
7.52028346,2580,-3.10926373,-1.72918589,-2.18398293,-0.00877380,0.62552548,0.09574890,3.17392157,-1.67883189,-2.18360146,-0.00877381,0.62476254,0.09574890,-3.11078961,-1.67883189,-2.18398293,-0.00267029,0.62972165,0.09536743,0.00000000,0.00000000,0.00488281,-0.07324219,-0.02929688,-0.01464844,0.39443970,1.37613671,1.42326355,-0.53710938
7.53458977,2585,-3.10926373,-1.72918589,-2.18398293,-0.00877380,0.62552548,0.09574890,3.17392157,-1.67883189,-2.18360146,-0.00877381,0.62476254,0.09574890,-3.11078961,-1.67883189,-2.18398293,-0.00343323,0.62972165,0.09536743,-0.00488281,-0.00488281,0.00488281,-0.10253906,-0.01464844,-0.02929688,0.39443970,1.37233055,1.41830444,-0.46386719
7.54901910,2590,-3.10926373,-1.72918589,-2.18398293,-0.00877380,0.62552548,0.09574890,3.17392157,-1.67883189,-2.18360146,-0.00877380,0.62476254,0.09574890,-3.11078961,-1.67883189,-2.18398293,-0.00381470,0.62895871,0.09536743,-0.00488281,-0.00488281,0.00488281,-0.01464844,-0.00000000,-0.01464844,0.39405823,1.37066806,1.41220093,-0.29296875
7.56130695,2595,-3.10926373,-1.72918589,-2.18398293,-0.00877380,0.62552548,0.09574890,3.17392157,-1.67883189,-2.18360146,-0.00877380,0.62476254,0.09574890,-3.11078961,-1.67883189,-2.18398293,-0.00381470,0.62895871,0.09536743,-0.00488281,-0.00488281,0.00488281,0.00000000,0.02929688,-0.01464844,0.39405823,1.37000123,1.40914917,-0.34179688
7.57784009,2600,-3.10926373,-1.72918589,-2.18398293,-0.00877380,0.62552548,0.09574890,3.17392157,-1.67883189,-2.18360146,-0.00877380,0.62476254,0.09574890,-3.11078961,-1.67883189,-2.18398293,-0.00419617,0.62857724,0.09536743,0.00000000,-0.00488281,0.00488281,-0.01464844,-0.01464844,-0.02929688,0.39367676,1.36965455,1.40838623,-0.09765625
7.59158635,2605,-3.10926373,-1.72918589,-2.18398293,-0.00877380,0.62552548,0.09574890,3.17392157,-1.67883189,-2.18360146,-0.00877380,0.62476254,0.09574890,-3.11078961,-1.67883189,-2.18398293,-0.00419617,0.62781430,0.09536743,0.00000000,-0.00488281,0.00488281,-0.02929688,-0.01464844,-0.01464844,0.39367676,1.36927825,1.40342712,-0.41503906
7.60806036,2610,-3.10926373,-1.72918589,-2.18398293,-0.00877380,0.62552548,0.09574890,3.17392157,-1.67883189,-2.18360146,-0.00877380,0.62476254,0.09574890,-3.11078961,-1.67883189,-2.18398293,-0.00457764,0.62781430,0.09536743,-0.00488281,-0.00976562,0.00976562,-0.02929688,-0.00000000,-0.01464844,0.39329529,1.36872013,1.40304565,-0.07324219
7.62114167,2615,-3.10926373,-1.72918589,-2.18398293,-0.00877380,0.62552548,0.09574890,3.17392157,-1.67883189,-2.18360146,-0.00877380,0.62476254,0.09574890,-3.11078961,-1.67883189,-2.18398293,-0.00495911,0.62781430,0.09536743,0.00000000,-0.00488281,-0.00000000,-0.01464844,0.02929688,-0.01464844,0.39329529,1.36845912,1.40113831,-0.19531250
7.63525558,2620,-3.10926373,-1.72918589,-2.18398293,-0.00877380,0.62552548,0.09574890,3.17392157,-1.67883189,-2.18360146,-0.00877380,0.62476254,0.09574890,-3.11078961,-1.67883189,-2.18398293,-0.00495911,0.62781430,0.09536743,0.00000000,-0.00488281,0.00488281,-0.02929688,0.01464844,0.00000000,0.39253235,1.36784869,1.39884949,-0.07324219
7.65199089,2625,-3.10926373,-1.72918589,-2.18398293,-0.00877380,0.62552548,0.09574890,3.17392157,-1.67883189,-2.18360146,-0.00877380,0.62476254,0.09574890,-3.11078961,-1.67883189,-2.18398293,-0.00534058,0.62781430,0.09536743,-0.00488281,0.00000000,0.00488281,-0.04394531,0.01464844,-0.01464844,0.39138794,1.36605028,1.39808655,-0.04882812
7.66535950,2630,-3.10926373,-1.72918589,-2.18398293,-0.00877380,0.62552548,0.09574890,3.17392157,-1.67883189,-2.18360146,-0.00877380,0.62476254,0.09574890,-3.11078961,-1.67883189,-2.18398293,-0.00572205,0.62743283,0.09536743,-0.00488281,-0.00488281,-0.00000000,-0.04394531,-0.00000000,-0.01464844,0.38948059,1.36301835,1.39694214,-0.09765625
7.68063331,2635,-3.10926373,-1.72918589,-2.18398293,-0.00877380,0.62552548,0.09574890,3.17392157,-1.67883189,-2.18360146,-0.00877380,0.62476254,0.09574890,-3.11078961,-1.67883189,-2.18398293,-0.00648499,0.62743283,0.09536743,0.00000000,-0.00488281,0.00488281,-0.05859375,0.01464844,-0.02929688,0.38948059,1.36169965,1.39312744,-0.21972656
7.69634366,2640,-3.10926373,-1.72918589,-2.18398293,-0.00877380,0.62552548,0.09574890,3.17392157,-1.67883189,-2.18360146,-0.00877380,0.62476254,0.09574890,-3.11040814,-1.67883189,-2.18398293,-0.00724792,0.62705136,0.09536743,0.00000000,-0.00488281,0.00488281,-0.05859375,-0.00000000,-0.01464844,0.38909912,1.36087667,1.39236450,-0.04882812
7.71032262,2645,-3.10926373,-1.72918589,-2.18398293,-0.00877380,0.62552548,0.09574890,3.17392157,-1.67883189,-2.18360146,-0.00877380,0.62476254,0.09574890,-3.11040814,-1.67883189,-2.18398293,-0.00762939,0.62705136,0.09536743,0.00000000,-0.00488281,0.00976562,-0.02929688,-0.01464844,-0.01464844,0.38909912,1.36012457,1.39122009,-0.12207031
7.72893071,2650,-3.10926373,-1.72918589,-2.18398293,-0.00877380,0.62552548,0.09574890,3.17392157,-1.67883189,-2.18360146,-0.00877380,0.62476254,0.09574890,-3.11040814,-1.67921336,-2.18398293,-0.00762939,0.62666989,0.09536743,0.00488281,-0.00976562,0.00488281,-0.01464844,-0.00000000,-0.01464844,0.38871765,1.35948726,1.38816833,-0.12207031
7.74450016,2655,-3.10926373,-1.72918589,-2.18398293,-0.00915527,0.62552548,0.09574890,3.17392157,-1.67883189,-2.18360146,-0.00903027,0.62476254,0.09574890,-3.11002667,-1.67921336,-2.18398293,-0.00801086,0.62666989,0.09536743,0.00488281,-0.00976562,0.00488281,-0.02929688,0.01464844,-0.02929688,0.38795471,1.35849082,1.38702393,-0.09765625
7.75779247,2660,-3.10926373,-1.72918589,-2.18398293,-0.00915527,0.62552548,0.09574890,3.17392157,-1.67883189,-2.18360146,-0.00911431,0.62476254,0.09574890,-3.11002667,-1.67921336,-2.18398293,-0.00801086,0.62628842,0.09536743,-0.00488281,-0.00976562,0.00488281,-0.02929688,0.02929688,-0.01464844,0.38757324,1.35755371,1.38549805,-0.17089844
7.77703619,2665,-3.10926373,-1.72918589,-2.18398293,-0.00915527,0.62552548,0.09574890,3.17392157,-1.67883189,-2.18360146,-0.00914185,0.62476254,0.09574890,-3.11002667,-1.67921336,-2.18398293,-0.00801086,0.62628842,0.09536743,0.00000000,-0.00976562,0.00976562,-0.01464844,-0.00000000,-0.02929688,0.38719177,1.35719171,1.38282776,-0.07324219
7.79051065,2670,-3.10926373,-1.72918589,-2.18398293,-0.00915527,0.62552548,0.09574890,3.17392157,-1.67883189,-2.18360146,-0.00915088,0.62476254,0.09574890,-3.11002667,-1.67921336,-2.18398293,-0.00839233,0.62590695,0.09536743,-0.00976562,-0.00488281,-0.00000000,-0.04394531,-0.01464844,-0.02929688,0.38604736,1.35559677,1.38244629,-0.07324219
7.80638385,2675,-3.10926373,-1.72918589,-2.18398293,-0.00915527,0.62552548,0.09574890,3.17392157,-1.67883189,-2.18360146,-0.00915383,0.62476254,0.09574890,-3.11002667,-1.67921336,-2.18398293,-0.00839233,0.62552548,0.09536743,-0.00488281,-0.00488281,0.00488281,-0.02929688,-0.01464844,-0.01464844,0.38490295,1.35341325,1.38206482,-0.07324219
7.81964946,2680,-3.10926373,-1.72918589,-2.18398293,-0.00915527,0.62552548,0.09574890,3.17392157,-1.67883189,-2.18360146,-0.00915480,0.62476254,0.09574890,-3.11002667,-1.67921336,-2.18398293,-0.00839233,0.62514401,0.09536743,-0.00488281,-0.00976562,0.00488281,-0.02929688,0.01464844,0.00000000,0.38490295,1.35215870,1.38130188,-0.07324219
7.83543158,2685,-3.10926373,-1.72918589,-2.18398293,-0.00915527,0.62552548,0.09574890,3.17392157,-1.67883189,-2.18360146,-0.00915512,0.62476254,0.09574890,-3.11002667,-1.67921336,-2.18398293,-0.00839233,0.62476254,0.09536743,-0.00488281,0.00000000,0.00488281,-0.01464844,-0.00000000,-0.01464844,0.38490295,1.35174760,1.37901306,-0.17089844
7.85287261,2690,-3.10926373,-1.72918589,-2.18398293,-0.00915527,0.62552548,0.09574890,3.17392157,-1.67883189,-2.18360146,-0.00915522,0.62476254,0.09574890,-3.11002667,-1.67921336,-2.18398293,-0.00877380,0.62438107,0.09536743,-0.00488281,-0.00488281,-0.00000000,-0.02929688,-0.00000000,-0.01464844,0.38490295,1.35161290,1.37786865,-0.07324219
7.86659145,2695,-3.10926373,-1.72918589,-2.18398293,-0.00915527,0.62552548,0.09574890,3.17392157,-1.67883189,-2.18360146,-0.00915526,0.62476254,0.09574890,-3.11002667,-1.67921336,-2.18398293,-0.00915527,0.62438107,0.09536743,0.00000000,-0.00488281,0.00488281,-0.02929688,-0.00000000,-0.02929688,0.38490295,1.35156875,1.37710571,-0.04882812
7.88392973,2700,-3.10926373,-1.72918589,-2.18398293,-0.00915527,0.62552548,0.09574890,3.17392157,-1.67883189,-2.18360146,-0.00915527,0.62476254,0.09574890,-3.11002667,-1.67921336,-2.18398293,-0.00915527,0.62399960,0.09536743,-0.00488281,-0.00488281,-0.00000000,-0.02929688,0.01464844,-0.01464844,0.38490295,1.35155429,1.37634277,-0.09765625
7.89744353,2705,-3.10926373,-1.72918589,-2.18398293,-0.00877380,0.62552548,0.09574890,3.17392157,-1.67883189,-2.18360146,-0.00893005,0.62476254,0.09574890,-3.11002667,-1.67921336,-2.18398293,-0.00915527,0.62399960,0.09536743,-0.00488281,-0.00488281,0.00976562,0.00000000,0.02929688,-0.01464844,0.38490295,1.35154955,1.37367249,-0.24414062
7.91142368,2710,-3.10926373,-1.72918589,-2.18398293,-0.00877380,0.62552548,0.09574890,3.17392157,-1.67883189,-2.18360146,-0.00882500,0.62476254,0.09574890,-3.11002667,-1.67921336,-2.18398293,-0.00915527,0.62399960,0.09536743,-0.00488281,-0.00488281,0.00976562,-0.01464844,-0.00000000,-0.02929688,0.38490295,1.35154800,1.37252808,-0.04882812
7.92490458,2715,-3.10926373,-1.72918589,-2.18398293,-0.00877380,0.62552548,0.09574890,3.17392157,-1.67883189,-2.18360146,-0.00879058,0.62476254,0.09574890,-3.11002667,-1.67921336,-2.18398293,-0.00915527,0.62399960,0.09536743,-0.00488281,-0.00488281,0.00488281,-0.02929688,-0.00000000,-0.01464844,0.38490295,1.35154749,1.37214661,-0.04882812
7.93959546,2720,-3.10926373,-1.72918589,-2.18398293,-0.00877380,0.62552548,0.09574890,3.17392157,-1.67883189,-2.18360146,-0.00877930,0.62476254,0.09574890,-3.11002667,-1.67921336,-2.18398293,-0.00915527,0.62399960,0.09536743,-0.00488281,-0.00488281,-0.00000000,-0.01464844,0.01464844,-0.01464844,0.38490295,1.35162545,1.37176514,0.00000000
7.95488405,2725,-3.10926373,-1.72918589,-2.18398293,-0.00877380,0.62552548,0.09574890,3.17392157,-1.67883189,-2.18360146,-0.00877561,0.62476254,0.09574890,-3.11002667,-1.67921336,-2.18398293,-0.00953674,0.62399960,0.09536743,-0.00488281,0.00000000,0.00488281,-0.01464844,-0.00000000,-0.01464844,0.38528442,1.35202331,1.37138367,-0.04882812
7.96650052,2730,-3.10926373,-1.72918589,-2.18398293,-0.00877380,0.62552548,0.09574890,3.17392157,-1.67883189,-2.18360146,-0.00877439,0.62476254,0.09574890,-3.11002667,-1.67921336,-2.18398293,-0.00953674,0.62399960,0.09536743,-0.00488281,-0.00488281,0.00488281,-0.01464844,0.01464844,-0.01464844,0.38528442,1.35221618,1.37100220,-0.07324219
7.98083043,2735,-3.10926373,-1.72918589,-2.18398293,-0.00877380,0.62552548,0.09574890,3.17392157,-1.67883189,-2.18360146,-0.00877400,0.62476254,0.09574890,-3.11002667,-1.67921336,-2.18360146,-0.00953674,0.62399960,0.09536743,-0.00488281,-0.00488281,0.00488281,-0.01464844,0.01464844,-0.02929688,0.38528442,1.35227938,1.37062073,-0.04882812
7.99345875,2740,-3.10926373,-1.72918589,-2.18398293,-0.00877380,0.62552548,0.09574890,3.17392157,-1.67883189,-2.18360146,-0.00877387,0.62476254,0.09574890,-3.11002667,-1.67921336,-2.18360146,-0.00953674,0.62399960,0.09536743,-0.00488281,-0.00488281,0.00976562,-0.01464844,0.01464844,-0.01464844,0.38528442,1.35230009,1.36985779,-0.07324219
8.00736594,2745,-3.10926373,-1.72918589,-2.18398293,-0.00877380,0.62552548,0.09574890,3.17392157,-1.67883189,-2.18360146,-0.00877382,0.62476254,0.09574890,-3.11002667,-1.67921336,-2.18360146,-0.00953674,0.62399960,0.09536743,-0.00488281,-0.00488281,0.00488281,-0.01464844,0.01464844,0.00000000,0.38566589,1.35245946,1.36909485,-0.07324219
8.02214980,2750,-3.10926373,-1.72918589,-2.18398293,-0.00877380,0.62552548,0.09574890,3.17392157,-1.67883189,-2.18360146,-0.00877381,0.62476254,0.09574890,-3.11002667,-1.67921336,-2.18360146,-0.00953674,0.62399960,0.09536743,-0.00488281,-0.00488281,0.00976562,0.00000000,0.01464844,-0.01464844,0.38566589,1.35287204,1.36833191,-0.09765625
8.03636575,2755,-3.10926373,-1.72918589,-2.18436440,-0.00877380,0.62552548,0.09574890,3.17392157,-1.67883189,-2.18378762,-0.00877381,0.62476254,0.09574890,-3.11002667,-1.67921336,-2.18360146,-0.00953674,0.62399960,0.09536743,-0.00488281,-0.00488281,0.00488281,-0.02929688,0.02929688,-0.01464844,0.38528442,1.35277652,1.36756897,-0.02441406
8.05043244,2760,-3.10926373,-1.72918589,-2.18436440,-0.00877380,0.62552548,0.09574890,3.17392157,-1.67883189,-2.18391893,-0.00877380,0.62476254,0.09574890,-3.11002667,-1.67921336,-2.18360146,-0.00953674,0.62399960,0.09536743,-0.00488281,0.00000000,0.00488281,0.00000000,0.01464844,-0.01464844,0.38566589,1.35297593,1.36756897,-0.02441406
8.06393147,2765,-3.10926373,-1.72956736,-2.18436440,-0.00877380,0.62552548,0.09536743,3.17392157,-1.67896922,-2.18396196,-0.00877380,0.62476254,0.09552368,-3.11002667,-1.67921336,-2.18360146,-0.00953674,0.62399960,0.09536743,-0.00488281,-0.00488281,0.00488281,-0.01464844,0.01464844,-0.02929688,0.38566589,1.35296315,1.36718750,0.00000000
8.07868838,2770,-3.10926373,-1.72956736,-2.18436440,-0.00877380,0.62552548,0.09536743,3.17392157,-1.67913336,-2.18397606,-0.00877380,0.62476254,0.09541863,-3.11002667,-1.67921336,-2.18360146,-0.00953674,0.62399960,0.09536743,-0.00488281,-0.00488281,0.00488281,-0.01464844,-0.00000000,-0.02929688,0.38566589,1.35303708,1.36680603,-0.04882812
8.09444046,2775,-3.10926373,-1.72994883,-2.18436440,-0.00877380,0.62514401,0.09498596,3.17392157,-1.67941236,-2.18398068,-0.00877380,0.62457638,0.09519805,-3.11002667,-1.67921336,-2.18360146,-0.00953674,0.62399960,0.09536743,-0.00488281,-0.00488281,0.00488281,-0.01464844,0.01464844,-0.01464844,0.38566589,1.35306131,1.36642456,-0.07324219
8.10750651,2780,-3.10926373,-1.72994883,-2.18474587,-0.00877380,0.62514401,0.09422302,3.17392157,-1.67953504,-2.18416835,-0.00877380,0.62444507,0.09479301,-3.11002667,-1.67921336,-2.18360146,-0.00953674,0.62399960,0.09536743,-0.00488281,-0.00488281,0.00976562,-0.02929688,0.01464844,-0.01464844,0.38604736,1.35344157,1.36604309,-0.02441406
8.12312579,2785,-3.10926373,-1.72994883,-2.18550881,-0.00877380,0.62476254,0.09117126,3.17392157,-1.67957524,-2.18474278,-0.00877380,0.62414557,0.09333069,-3.11002667,-1.67921336,-2.18360146,-0.00953674,0.62399960,0.09536743,-0.00488281,0.00000000,0.00488281,-0.01464844,0.01464844,-0.01464844,0.38871765,1.35569678,1.36604309,0.00000000
8.13566470,2790,-3.10926373,-1.72994883,-2.18665322,-0.00877380,0.62476254,0.08583069,3.17392157,-1.67958841,-2.18555931,-0.00877380,0.62404743,0.08957101,-3.11002667,-1.67921336,-2.18360146,-0.00953674,0.62399960,0.09498596,0.00000000,-0.00488281,0.00976562,-0.01464844,0.01464844,-0.01464844,0.38986206,1.35959080,1.36528015,-0.04882812
8.15098524,2795,-3.10926373,-1.72994883,-2.18817910,-0.00877380,0.62476254,0.07743835,3.17392157,-1.67959272,-2.18666330,-0.00877380,0.62401527,0.08355509,-3.11002667,-1.67921336,-2.18360146,-0.00953674,0.62399960,0.09460449,-0.00488281,-0.00976562,0.00488281,-0.02929688,0.01464844,-0.05859375,0.38948059,1.36057651,1.36451721,-0.07324219
8.16601920,2800,-3.10926373,-1.72994883,-2.18970497,-0.00877380,0.62476254,0.07095337,3.17392157,-1.67959414,-2.18812124,-0.00877380,0.62400474,0.07665546,-3.11002667,-1.67921336,-2.18360146,-0.00953674,0.62399960,0.09422302,-0.00488281,-0.00488281,0.00488281,-0.01464844,0.01464844,-0.05859375,0.38871765,1.36023398,1.36299133,-0.19531250
8.17977977,2805,-3.10926373,-1.72994883,-2.19123085,-0.00877380,0.62514401,0.06217957,3.17392157,-1.67959460,-2.18962486,-0.00877380,0.62407758,0.06886101,-3.11002667,-1.67921336,-2.18360146,-0.00953674,0.62399960,0.09269714,-0.00488281,-0.00976562,0.00488281,-0.01464844,0.01464844,-0.10253906,0.38795471,1.35909586,1.36260986,-0.02441406
8.19304991,2810,-3.10926373,-1.72994883,-2.19237526,-0.00877380,0.62552548,0.05493164,3.17392157,-1.67959475,-2.19099684,-0.00877380,0.62446778,0.06104631,-3.11002667,-1.67921336,-2.18360146,-0.00953674,0.62399960,0.09002686,-0.00488281,-0.00976562,0.00488281,-0.01464844,0.01464844,-0.24902344,0.38795471,1.35812429,1.36222839,-0.02441406
8.20534468,2815,-3.10926373,-1.72994883,-2.19313820,-0.00877380,0.62552548,0.04959106,3.17392157,-1.67959480,-2.19199060,-0.00877380,0.62466595,0.05455468,-3.11002667,-1.67921336,-2.18360146,-0.00953674,0.62399960,0.08773804,-0.00488281,-0.00488281,0.00488281,-0.02929688,0.02929688,-0.20507812,0.38757324,1.35753127,1.36222839,-0.04882812
8.22023106,2820,-3.10926373,-1.72994883,-2.19390114,-0.00877380,0.62552548,0.04425049,3.17392157,-1.67959482,-2.19286823,-0.00877380,0.62473089,0.04882618,-3.11002667,-1.67921336,-2.18360146,-0.00953674,0.62399960,0.08583069,-0.00488281,-0.00976562,0.00488281,0.00000000,0.04394531,-0.14648438,0.38642883,1.35622098,1.36184692,-0.04882812
8.23317909,2825,-3.10926373,-1.72994883,-2.19390114,-0.00877380,0.62552548,0.04119873,3.17392157,-1.67959483,-2.19330621,-0.00877380,0.62475217,0.04436850,-3.11002667,-1.67921336,-2.18360146,-0.00953674,0.62438107,0.08392334,-0.00488281,-0.00488281,0.00976562,-0.01464844,0.01464844,-0.20507812,0.38490295,1.35380236,1.36184692,-0.02441406
8.24746704,2830,-3.10926373,-1.72994883,-2.19466408,-0.00839233,0.62514401,0.03852844,3.17392157,-1.67959483,-2.19381227,-0.00863647,0.62453392,0.04108127,-3.11002667,-1.67921336,-2.18360146,-0.00991821,0.62399960,0.07896423,-0.00488281,-0.00488281,0.00488281,-0.02929688,0.01464844,-0.30761719,0.38490295,1.35228620,1.36184692,-0.04882812
8.26379418,2835,-3.10926373,-1.72994883,-2.19580849,-0.00801086,0.62514401,0.03433228,3.17392157,-1.67959483,-2.19464741,-0.00839604,0.62443116,0.03736703,-3.11002667,-1.67921336,-2.18360146,-0.00991821,0.62438107,0.07781982,-0.00488281,-0.00488281,0.00488281,-0.01464844,0.01464844,-0.04394531,0.38452148,1.35153914,1.36184692,0.00000000
8.27953672,2840,-3.10926373,-1.72994883,-2.19657143,-0.00801086,0.62552548,0.03356934,3.17392157,-1.67959483,-2.19553411,-0.00813708,0.62465395,0.03488408,-3.11002667,-1.67921336,-2.18360146,-0.00991821,0.62438107,0.07438660,-0.00488281,-0.00488281,0.00976562,-0.01464844,0.02929688,-0.27832031,0.38452148,1.35103165,1.36146545,-0.04882812
8.29311323,2845,-3.10926373,-1.72994883,-2.19733437,-0.00801086,0.62552548,0.03356934,3.17392157,-1.67959483,-2.19638643,-0.00805222,0.62472696,0.03400015,-3.11002667,-1.67921336,-2.18398293,-0.00991821,0.62438107,0.07095337,-0.00488281,-0.00976562,-0.00000000,0.00000000,0.01464844,-0.26367188,0.38452148,1.35086535,1.36146545,-0.04882812
8.30885267,2850,-3.10926373,-1.72994883,-2.19771584,-0.00762939,0.62552548,0.03356934,3.17392157,-1.67959483,-2.19690461,-0.00776795,0.62475088,0.03371051,-3.11002667,-1.67921336,-2.18398293,-0.00991821,0.62438107,0.06980896,0.00000000,0.00000000,-0.00000000,-0.01464844,0.01464844,-0.10253906,0.38452148,1.35081086,1.36146545,-0.02441406
8.32435584,2855,-3.10888226,-1.72994883,-2.19809731,-0.00686646,0.62514401,0.03356934,3.17414679,-1.67959483,-2.19726984,-0.00737328,0.62462139,0.03361559,-3.11002667,-1.67921336,-2.18398293,-0.00991821,0.62399960,0.06599426,-0.00488281,-0.00488281,-0.00000000,0.00000000,0.01464844,-0.27832031,0.38490295,1.35106766,1.36108398,-0.04882812
8.33915615,2860,-3.10773786,-1.72994883,-2.19886025,-0.00534058,0.62514401,0.03356934,3.17483180,-1.67959483,-2.19801232,-0.00631525,0.62445982,0.03358449,-3.11002667,-1.67959483,-2.18398293,-0.00991821,0.62399960,0.06217957,-0.00488281,-0.00976562,-0.00488281,-0.02929688,-0.00000000,-0.27832031,0.38490295,1.35129244,1.36108398,-0.02441406
8.35363317,2865,-3.10697492,-1.72994883,-2.20076760,-0.00495911,0.62552548,0.03356934,3.17575865,-1.67959483,-2.19923865,-0.00540349,0.62459303,0.03357430,-3.11002667,-1.67921336,-2.18398293,-0.01029968,0.62399960,0.05989075,-0.00488281,-0.00488281,-0.00488281,-0.02929688,0.01464844,-0.14648438,0.38528442,1.35161633,1.36070251,-0.02441406
8.36890864,2870,-3.10583051,-1.72994883,-2.20267495,-0.00457764,0.62590695,0.03356934,3.17661107,-1.67959483,-2.20082128,-0.00496739,0.62484433,0.03357096,-3.11002667,-1.67959483,-2.18436440,-0.00991821,0.62399960,0.05836487,-0.00488281,-0.00488281,-0.00488281,-0.01464844,0.02929688,-0.11718750,0.38490295,1.35169195,1.36032104,-0.04882812
8.38246965,2875,-3.10392316,-1.72994883,-2.20458229,-0.00457764,0.62628842,0.03356934,3.17799257,-1.67959483,-2.20269254,-0.00470535,0.62512210,0.03356987,-3.11002667,-1.67921336,-2.18436440,-0.00991821,0.62399960,0.05569458,0.00000000,0.00000000,-0.00976562,-0.01464844,0.02929688,-0.27832031,0.38528442,1.35196697,1.36032104,-0.04882812
8.39750338,2880,-3.10163434,-1.72994883,-2.20648964,-0.00457764,0.62628842,0.03356934,3.17991376,-1.67959483,-2.20458806,-0.00461949,0.62539330,0.03356951,-3.11002667,-1.67959483,-2.18512734,-0.00991821,0.62399960,0.05264282,0.00000000,-0.00488281,-0.02441406,0.00000000,0.01464844,-0.21972656,0.38566589,1.35235031,1.35993958,-0.02441406
8.41166210,2885,-3.09896405,-1.72994883,-2.20877846,-0.00495911,0.62628842,0.03395081,3.18234640,-1.67959483,-2.20671675,-0.00481657,0.62548217,0.03375555,-3.11002667,-1.67921336,-2.18512734,-0.00991821,0.62438107,0.05226135,-0.00488281,0.00000000,-0.00976562,0.00000000,0.01464844,0.00000000,0.38566589,1.35283627,1.35993958,-0.02441406
8.42697620,2890,-3.09629376,-1.72994883,-2.21106728,-0.00495911,0.62705136,0.03395081,3.18486069,-1.67959483,-2.20891404,-0.00491240,0.62581280,0.03388682,-3.10964520,-1.67959483,-2.18550881,-0.00991821,0.62399960,0.05149841,0.00000000,-0.00488281,-0.00488281,-0.01464844,0.01464844,-0.07324219,0.38566589,1.35305801,1.35955811,-0.04882812
8.44005084,2895,-3.09400494,-1.72994883,-2.21297463,-0.00495911,0.62705136,0.03433228,3.18727173,-1.67959483,-2.21078456,-0.00494380,0.62613257,0.03400613,-3.10964520,-1.67959483,-2.18589028,-0.00991821,0.62399960,0.05073547,0.00488281,-0.00488281,-0.02441406,-0.01464844,0.02929688,-0.07324219,0.38566589,1.35306817,1.35955811,-0.07324219
8.45334888,2900,-3.09171613,-1.72994883,-2.21450051,-0.00495911,0.62743283,0.03433228,3.18957374,-1.67959483,-2.21262552,-0.00495409,0.62637468,0.03422541,-3.10964520,-1.67921336,-2.18627175,-0.00953674,0.62399960,0.04920959,0.00976562,0.00000000,-0.02441406,-0.01464844,0.02929688,-0.16113281,0.38566589,1.35307150,1.35917664,-0.02441406
8.46751618,2905,-3.09057172,-1.72994883,-2.21526345,-0.00495911,0.62743283,0.03433228,3.19155499,-1.67959483,-2.21408008,-0.00495746,0.62657315,0.03429726,-3.10926373,-1.67959483,-2.18665322,-0.00953674,0.62438107,0.04730225,0.01953125,-0.00976562,-0.03417969,-0.01464844,0.01464844,-0.10253906,0.38604736,1.35358553,1.35879517,-0.09765625
8.48266768,2910,-3.08713849,-1.72994883,-2.21831520,-0.00495911,0.62743283,0.03471375,3.19423070,-1.67959483,-2.21623884,-0.00488826,0.62663819,0.03457727,-3.10888226,-1.67959483,-2.18703469,-0.00953674,0.62438107,0.04692078,0.01464844,-0.00488281,-0.02441406,-0.01464844,0.02929688,-0.05859375,0.38566589,1.35353888,1.35841370,-0.04882812
8.49852657,2915,-3.08523114,-1.72994883,-2.21984108,-0.00457764,0.62857724,0.03471375,3.19638201,-1.67959483,-2.21812249,-0.00485960,0.62714717,0.03466902,-3.10850079,-1.67959483,-2.18779763,-0.00915527,0.62438107,0.04539490,0.02441406,-0.00488281,-0.03417969,0.02929688,-0.00000000,-0.08789062,0.38566589,1.35346402,1.35803223,-0.04882812
8.51508856,2920,-3.08217938,-1.72994883,-2.22212990,-0.00419617,0.62895871,0.03471375,3.19900052,-1.67959483,-2.22018919,-0.00448387,0.62782091,0.03469909,-3.10773786,-1.67959483,-2.18856057,-0.00877380,0.62438107,0.04501343,0.02441406,-0.00488281,-0.04394531,0.01464844,0.02929688,-0.05859375,0.38566589,1.35320121,1.35765076,-0.04882812
8.52883053,2925,-3.07950910,-1.72994883,-2.22441872,-0.00457764,0.63010312,0.03509521,3.20156303,-1.67959483,-2.22231440,-0.00442777,0.62848199,0.03493416,-3.10735639,-1.67959483,-2.18894204,-0.00877380,0.62438107,0.04463196,0.02929688,-0.00488281,-0.03417969,0.00000000,0.02929688,-0.05859375,0.38566589,1.35311509,1.35726929,-0.02441406
8.54239917,2930,-3.07760175,-1.72994883,-2.22518166,-0.00381470,0.63048459,0.03509521,3.20381641,-1.67959483,-2.22383526,-0.00413473,0.62928419,0.03504244,-3.10697492,-1.67959483,-2.18970497,-0.00801086,0.62438107,0.04425049,0.02441406,0.00000000,-0.03906250,0.01464844,-0.00000000,-0.02929688,0.38566589,1.35288668,1.35726929,-0.02441406
8.55897737,2935,-3.07454999,-1.72994883,-2.22670754,-0.00305176,0.63048459,0.03509521,3.20632481,-1.67959483,-2.22517931,-0.00355702,0.62957830,0.03507792,-3.10659345,-1.67959483,-2.19008644,-0.00762939,0.62438107,0.04386902,0.03906250,-0.00488281,-0.04394531,0.00000000,0.02929688,-0.04394531,0.38566589,1.35279230,1.35688782,-0.04882812
8.57275558,2940,-3.07264264,-1.72994883,-2.22785195,-0.00305176,0.63048459,0.03547668,3.20871085,-1.67959483,-2.22642039,-0.00321732,0.62967467,0.03531477,-3.10583051,-1.67959483,-2.19084938,-0.00724792,0.62514401,0.04348755,0.02929688,-0.00488281,-0.03906250,-0.01464844,0.05859375,-0.02929688,0.38566589,1.35290298,1.35688782,-0.04882812
8.58602428,2945,-3.06997235,-1.72994883,-2.22899636,-0.00038147,0.63086606,0.03547668,3.21108634,-1.67959483,-2.22756523,-0.00189178,0.62996272,0.03542363,-3.10506757,-1.67959483,-2.19161232,-0.00724792,0.62476254,0.04310608,0.04394531,-0.00488281,-0.04882812,0.00000000,0.01464844,-0.04394531,0.38566589,1.35301737,1.35688782,-0.02441406
8.60088015,2950,-3.06806500,-1.72994883,-2.23014077,0.00038147,0.63086606,0.03547668,3.21349767,-1.67959483,-2.22885870,-0.00046499,0.63005711,0.03545930,-3.10468610,-1.67959483,-2.19237526,-0.00724792,0.62476254,0.04196167,0.03417969,-0.00488281,-0.03906250,0.00000000,0.02929688,-0.10253906,0.38566589,1.35305485,1.35650635,-0.04882812
8.61715889,2955,-3.06615765,-1.72994883,-2.23128517,0.00076294,0.63162900,0.03547668,3.21561900,-1.67959483,-2.23004415,0.00024143,0.63045059,0.03547099,-3.10392316,-1.67959483,-2.19313820,-0.00686646,0.62590695,0.04043579,0.03906250,-0.00488281,-0.02929688,-0.01464844,0.05859375,-0.07324219,0.38566589,1.35306713,1.35650635,-0.02441406
8.63187242,2960,-3.06310590,-1.72994883,-2.23242958,0.00381470,0.63124753,0.03547668,3.21788638,-1.67959483,-2.23110972,0.00202223,0.63065362,0.03547482,-3.10316022,-1.67959483,-2.19390114,-0.00572205,0.62628842,0.04043579,0.04882812,-0.00976562,-0.04394531,0.07324219,0.02929688,-0.02929688,0.38528442,1.35279650,1.35650635,-0.04882812
8.64665008,2965,-3.06119855,-1.72994883,-2.23357399,0.00572205,0.63124753,0.03547668,3.22025984,-1.67959483,-2.23222829,0.00421867,0.63053998,0.03547607,-3.10239728,-1.67959483,-2.19466408,-0.00343323,0.62781430,0.03967285,0.04394531,-0.00488281,-0.05371094,0.13183594,0.16113281,-0.04394531,0.38566589,1.35284185,1.35650635,-0.02441406
8.66258836,2970,-3.05890973,-1.72994883,-2.23548134,0.00724792,0.63201047,0.03547668,3.22237865,-1.67959483,-2.23360911,0.00588567,0.63071636,0.03547648,-3.10201581,-1.67959483,-2.19542702,-0.00305176,0.62972165,0.03929138,0.03906250,-0.00488281,-0.06347656,-0.01464844,0.11718750,-0.04394531,0.38566589,1.35299734,1.35612488,-0.02441406
8.67921615,2975,-3.05700238,-1.72994883,-2.23700722,0.00877380,0.63353634,0.03547668,3.22460626,-1.67959483,-2.23537749,0.00756765,0.63183959,0.03547662,-3.10087140,-1.67959483,-2.19618996,-0.00305176,0.63124753,0.03776550,0.07324219,-0.00488281,-0.04882812,-0.01464844,0.13183594,-0.11718750,0.38566589,1.35304829,1.35612488,-0.07324219
8.68992043,2980,-3.05433209,-1.72994883,-2.23929604,0.01029968,0.63544369,0.03547668,3.22696694,-1.67959483,-2.23724333,0.00913053,0.63331763,0.03547666,-3.10010846,-1.67959483,-2.19695290,-0.00305176,0.63239193,0.03662109,0.03417969,-0.00488281,-0.03417969,0.00000000,0.08789062,-0.04394531,0.38604736,1.35351542,1.35612488,-0.02441406
8.70420456,2985,-3.05280621,-1.72994883,-2.24120339,0.01106262,0.63773251,0.03547668,3.22889137,-1.67959483,-2.23920935,0.01017902,0.63526265,0.03547668,-3.09934552,-1.67959483,-2.19771584,-0.00267029,0.63239193,0.03662109,0.07324219,0.00000000,-0.02929688,0.01464844,-0.00000000,-0.02929688,0.38681030,1.35461625,1.35612488,-0.04882812
8.71895194,2990,-3.05051740,-1.72994883,-2.24387368,0.01296997,0.64192868,0.03547668,3.23084936,-1.67959483,-2.24150774,0.01155446,0.63821042,0.03547668,-3.09820111,-1.67959483,-2.19847878,-0.00228882,0.63239193,0.03662109,0.04394531,-0.01464844,-0.04882812,0.01464844,-0.00000000,-0.02929688,0.38757324,1.35572062,1.35574341,-0.02441406
8.73047042,2995,-3.04822858,-1.72994883,-2.24654396,0.01487732,0.64574338,0.03585815,3.23317870,-1.67959483,-2.24402492,0.01353653,0.64192903,0.03561401,-3.09781964,-1.67959483,-2.19886025,-0.00114441,0.63239193,0.03662109,0.05859375,-0.00488281,-0.04394531,0.07324219,0.01464844,-0.01464844,0.38909912,1.35775535,1.35612488,-0.04882812
8.74681330,3000,-3.04708417,-1.72994883,-2.24883278,0.01487732,0.64993954,0.03585815,3.23489302,-1.67959483,-2.24657851,0.01443797,0.64593941,0.03577815,-3.09667523,-1.67959483,-2.19962319,0.00000000,0.63201047,0.03662109,0.06347656,-0.00488281,-0.04882812,0.05859375,0.01464844,-0.01464844,0.38948059,1.35959616,1.35574341,-0.04882812
8.76199031,3005,-3.04365094,-1.72994883,-2.25417336,0.01754761,0.65833188,0.03585815,3.23708039,-1.67959483,-2.25011180,0.01569710,0.65172790,0.03583194,-3.09591229,-1.67959483,-2.20076760,0.00038147,0.63277340,0.03662109,0.05371094,-0.00488281,-0.04394531,0.01464844,0.07324219,-0.01464844,0.38986206,1.36041445,1.35574341,-0.02441406
8.77540493,3010,-3.04174359,-1.72994883,-2.25684365,0.01869202,0.66252804,0.03585815,3.23976064,-1.67959483,-2.25390863,0.01760908,0.65773393,0.03584956,-3.09476788,-1.67959483,-2.20191201,0.00152588,0.63315487,0.03662109,0.07324219,-0.00488281,-0.06835938,0.05859375,0.04394531,-0.02929688,0.38986206,1.36112106,1.35612488,0.00000000
8.79056811,3015,-3.03907330,-1.72994883,-2.26218422,0.01869202,0.67282773,0.03623962,3.24220519,-1.67959483,-2.25822431,0.01833716,0.66550313,0.03593163,-3.09400494,-1.67959483,-2.20267495,0.00267029,0.63429928,0.03662109,0.06347656,-0.00488281,-0.05371094,0.05859375,0.11718750,-0.01464844,0.38986206,1.36147467,1.35612488,0.00000000
8.80574346,3020,-3.03564008,-1.72994883,-2.26752480,0.01907349,0.68198300,0.03623962,3.24503271,-1.67959483,-2.26303813,0.01880096,0.67427355,0.03613870,-3.09286054,-1.67959483,-2.20420082,0.00534058,0.63811398,0.03662109,0.07324219,-0.00488281,-0.08300781,0.11718750,0.24902344,-0.01464844,0.38986206,1.36146848,1.35612488,0.00000000
8.81943107,3025,-3.03411420,-1.72994883,-2.27172097,0.01907349,0.68846798,0.03623962,3.24738599,-1.67959483,-2.26776725,0.01898418,0.68183164,0.03620655,-3.09171613,-1.67959483,-2.20496376,0.00610352,0.64078427,0.03662109,0.06835938,-0.00488281,-0.08300781,0.05859375,0.17578125,-0.01464844,0.39024353,1.36168153,1.35574341,-0.04882812
8.83315706,3030,-3.03106244,-1.72994883,-2.27706154,0.01945496,0.69876767,0.03662109,3.25006825,-1.67959483,-2.27293481,0.01923038,0.69097710,0.03641494,-3.09057172,-1.67959483,-2.20610817,0.00724792,0.64269162,0.03662109,0.08300781,-0.00488281,-0.05371094,0.07324219,0.24902344,-0.02929688,0.38986206,1.36153626,1.35574341,-0.02441406
8.84622884,3035,-3.02839215,-1.72994883,-2.28316506,0.01907349,0.70792294,0.03662109,3.25258425,-1.67959483,-2.27782587,0.01930507,0.69939576,0.03655354,-3.08980878,-1.67959483,-2.20687111,0.00801086,0.64536191,0.03662109,0.06347656,-0.00488281,-0.06835938,0.02929688,0.19042969,-0.02929688,0.39024353,1.36176331,1.35574341,-0.02441406
8.86124039,3040,-3.02495892,-1.72994883,-2.28965004,0.01907349,0.71898556,0.03700256,3.25532679,-1.67959483,-2.28353661,0.01903951,0.70876975,0.03678512,-3.08828290,-1.67959483,-2.20839699,0.00801086,0.64993954,0.03662109,0.06347656,-0.00488281,-0.08300781,-0.01464844,0.30761719,-0.02929688,0.39024353,1.36207600,1.35574341,-0.02441406
8.87729669,3045,-3.02228864,-1.72994883,-2.29499062,0.01869202,0.72890378,0.03776550,3.25852026,-1.67959483,-2.28964936,0.01898606,0.71942955,0.03729386,-3.08713849,-1.67959483,-2.21030434,0.00839233,0.65451718,0.03662109,0.08300781,0.00000000,-0.10253906,-0.01464844,0.33691406,-0.02929688,0.38986206,1.36202587,1.35574341,0.00000000
8.89372969,3050,-3.01923688,-1.72994883,-2.30185707,0.01831055,0.74034787,0.04310608,3.26162822,-1.67959483,-2.29647636,0.01856315,0.73107221,0.04007897,-3.08561261,-1.67959483,-2.21183022,0.00877380,0.65947629,0.03662109,0.09277344,0.00000000,-0.10253906,0.01464844,0.33691406,-0.01464844,0.39024353,1.36216203,1.35574341,-0.04882812
8.90733409,3055,-3.01656659,-1.72994883,-2.30643471,0.01831055,0.74835873,0.04730225,3.26455130,-1.67959483,-2.30211333,0.01839332,0.74069697,0.04422146,-3.08484967,-1.67959483,-2.21373757,0.00915527,0.66481686,0.03662109,0.06347656,-0.00488281,-0.11718750,0.00000000,0.42480469,-0.02929688,0.39024353,1.36220665,1.35574341,-0.02441406
8.91990018,3060,-3.01389630,-1.72994883,-2.31139382,0.01831055,0.75713254,0.05226135,3.26729661,-1.67959483,-2.30733411,0.01833767,0.74970128,0.04859657,-3.08370526,-1.67959483,-2.21488198,0.00991821,0.66939450,0.03662109,0.08789062,-0.00488281,-0.12695312,0.04394531,0.29296875,-0.01464844,0.39024353,1.36222127,1.35612488,0.00000000
8.93625784,3065,-3.00931867,-1.72994883,-2.31826027,0.01831055,0.76819516,0.05798340,3.27062491,-1.67959483,-2.31285369,0.01831943,0.75914363,0.05369512,-3.08217938,-1.67959483,-2.21678933,0.01144409,0.67587948,0.03662109,0.07324219,-0.00976562,-0.12207031,0.11718750,0.38085938,0.00000000,0.39024353,1.36222606,1.35574341,-0.02441406
8.95051551,3070,-3.00626691,-1.72994883,-2.32321938,0.01792908,0.77658749,0.06217957,3.27427363,-1.67959483,-2.31865173,0.01808824,0.76887368,0.05854733,-3.08103497,-1.67959483,-2.21869667,0.01258850,0.68045712,0.03700256,0.08789062,-0.00488281,-0.11230469,0.02929688,0.41015625,0.00000000,0.39024353,1.36222763,1.35574341,-0.02441406
8.96409655,3075,-3.00168927,-1.72994883,-2.32817849,0.01754761,0.78612423,0.06446838,3.27824805,-1.67959483,-2.32384863,0.01790494,0.77824477,0.06223716,-3.07950910,-1.67959483,-2.22022255,0.01296997,0.68694211,0.03738403,0.10742188,-0.00488281,-0.10253906,0.01464844,0.46875000,0.01464844,0.39024353,1.36222814,1.35612488,-0.02441406
8.98023725,3080,-2.99711163,-1.72994883,-2.33390053,0.01754761,0.79604245,0.06713867,3.28211582,-1.67959483,-2.32888639,0.01766470,0.78712042,0.06478108,-3.07798322,-1.67959483,-2.22251137,0.01335144,0.69571591,0.03776550,0.08789062,-0.00488281,-0.14160156,0.01464844,0.51269531,0.02929688,0.39024353,1.36222831,1.35612488,-0.02441406
8.99468422,3085,-2.99367841,-1.72994883,-2.33809670,0.01754761,0.80405331,0.07095337,3.28631302,-1.67959483,-2.33394085,0.01758598,0.79633848,0.06800066,-3.07645734,-1.67959483,-2.22480019,0.01449585,0.70296383,0.04043579,0.09765625,-0.00488281,-0.15625000,0.04394531,0.55664062,0.20507812,0.39024353,1.36213071,1.35574341,-0.02441406
9.00815034,3090,-2.98833783,-1.72994883,-2.34343727,0.01754761,0.81320859,0.07514954,3.29078723,-1.67959483,-2.33872526,0.01756018,0.80497869,0.07179381,-3.07493146,-1.67959483,-2.22670754,0.01487732,0.71021176,0.04539490,0.11718750,-0.00488281,-0.13671875,0.04394531,0.51269531,0.30761719,0.39024353,1.36219638,1.35612488,-0.02441406
9.02368307,3095,-2.98376019,-1.72994883,-2.34763344,0.01678467,0.82083798,0.08049011,3.29551116,-1.67959483,-2.34347454,0.01715793,0.81339194,0.07633631,-3.07340558,-1.67959483,-2.22899636,0.01525879,0.71745968,0.04577637,0.09277344,-0.00488281,-0.14160156,-0.01464844,0.54199219,0.00000000,0.39024353,1.36215540,1.35612488,-0.02441406
9.03807950,3100,-2.97994550,-1.72994883,-2.35144814,0.01678467,0.82732297,0.08468628,3.30007643,-1.67959483,-2.34788699,0.01690698,0.82107274,0.08120944,-3.07187970,-1.67959483,-2.23090370,0.01525879,0.72356320,0.04653931,0.10742188,-0.00488281,-0.16601562,-0.02929688,0.45410156,0.07324219,0.39024353,1.36220448,1.35574341,-0.02441406
9.05218863,3105,-2.97422345,-1.72994883,-2.35602578,0.01640320,0.83495236,0.09117126,3.30495897,-1.67959483,-2.35213022,0.01659953,0.82839916,0.08667504,-3.06997235,-1.67959483,-2.23319252,0.01525879,0.73157406,0.04959106,0.11718750,-0.00488281,-0.14160156,-0.01464844,0.42480469,0.16113281,0.39024353,1.36222056,1.35612488,-0.02441406
9.06768680,3110,-2.96850140,-1.72994883,-2.36022194,0.01525879,0.84181881,0.09651184,3.31017302,-1.67959483,-2.35645167,0.01588758,0.83557503,0.09194672,-3.06806500,-1.67959483,-2.23548134,0.01525879,0.73920346,0.05226135,0.12695312,-0.00488281,-0.13183594,0.00000000,0.51269531,0.21972656,0.39024353,1.36222583,1.35612488,0.00000000
9.08186769,3115,-2.96316083,-1.72994883,-2.36365517,0.01411438,0.84754086,0.10108948,3.31526461,-1.67959483,-2.36017546,0.01488487,0.84162405,0.09693147,-3.06653912,-1.67959483,-2.23777016,0.01525879,0.74645138,0.05493164,0.11718750,-0.00488281,-0.16601562,-0.02929688,0.61523438,0.17578125,0.39024353,1.36222755,1.35612488,-0.02441406
9.09588766,3120,-2.95743878,-1.72994883,-2.36708840,0.01373291,0.85211850,0.10681152,3.32088994,-1.67959483,-2.36379619,0.01418070,0.84702660,0.10217413,-3.06501325,-1.67959483,-2.23967751,0.01525879,0.75141049,0.05645752,0.12207031,-0.00488281,-0.17578125,0.00000000,0.49804688,0.16113281,0.39024353,1.36222812,1.35612488,0.00000000
9.11092401,3125,-2.95247968,-1.72994883,-2.37014016,0.01373291,0.85593319,0.11100769,3.32648434,-1.67959483,-2.36723214,0.01387964,0.85182743,0.10732893,-3.06272443,-1.67959483,-2.24272927,0.01525879,0.75980282,0.06103516,0.12207031,-0.00488281,-0.15625000,0.00000000,0.46875000,0.29296875,0.39062500,1.36260062,1.35612488,0.00000000
9.12663794,3130,-2.94561322,-1.72994883,-2.37433632,0.01373291,0.86089230,0.11672974,3.33255213,-1.67959483,-2.37092871,0.01378099,0.85648418,0.11276403,-3.06043561,-1.67959483,-2.24539955,0.01525879,0.76781369,0.06523132,0.13183594,-0.00488281,-0.16601562,-0.02929688,0.49804688,0.16113281,0.39138794,1.36368606,1.35612488,-0.02441406
9.14120340,3135,-2.94103558,-1.73033030,-2.37738808,0.01373291,0.86356259,0.11940002,3.33801895,-1.67967112,-2.37433239,0.01374867,0.86015744,0.11668404,-3.05852826,-1.67959483,-2.24768837,0.01487732,0.77429867,0.06790161,0.14648438,-0.00488281,-0.17578125,-0.02929688,0.45410156,0.26367188,0.39215088,1.36506761,1.35612488,-0.02441406
9.15720749,3140,-2.93340619,-1.73033030,-2.38196572,0.01373291,0.86661435,0.12435913,3.34410230,-1.67987630,-2.37803608,0.01373807,0.86343434,0.12066300,-3.05585797,-1.67959483,-2.25074013,0.01525879,0.78192807,0.07476807,0.12695312,0.00000000,-0.16601562,-0.01464844,0.42480469,0.30761719,0.39558411,1.36963287,1.35612488,-0.02441406
9.17065310,3145,-2.92768414,-1.73109324,-2.38463600,0.01373291,0.86814023,0.12741089,3.35030309,-1.68015715,-2.38148543,0.01373460,0.86575470,0.12446830,-3.05356915,-1.67959483,-2.25302895,0.01525879,0.78841305,0.07629395,0.15136719,-0.00976562,-0.16113281,-0.02929688,0.49804688,0.08789062,0.39520264,1.37132291,1.35612488,-0.02441406
9.18729424,3150,-2.92196210,-1.73223765,-2.38730629,0.01373291,0.86890317,0.13237000,3.35614979,-1.68103617,-2.38443004,0.01373346,0.86725697,0.12820704,-3.05128034,-1.67959483,-2.25493630,0.01487732,0.79413510,0.08010864,0.16113281,-0.00488281,-0.15625000,-0.02929688,0.43945312,0.29296875,0.39520264,1.37187670,1.35612488,-0.02441406
9.20220780,3155,-2.91585858,-1.73223765,-2.38959511,0.01373291,0.86928464,0.13771057,3.36260274,-1.68160595,-2.38724527,0.01373309,0.86810727,0.13370680,-3.04899152,-1.67959483,-2.25798806,0.01487732,0.80062008,0.08277893,0.14160156,-0.00488281,-0.17578125,0.00000000,0.39550781,0.19042969,0.39520264,1.37205816,1.35612488,-0.04882812
9.21542645,3160,-2.90899213,-1.73376353,-2.39188393,0.01373291,0.86928464,0.14419556,3.36897335,-1.68226872,-2.38952641,0.01373297,0.86838590,0.13963604,-3.04632123,-1.67959483,-2.26065834,0.01525879,0.80596066,0.08735657,0.18066406,-0.00976562,-0.17089844,-0.04394531,0.39550781,0.32226562,0.39520264,1.37211763,1.35650635,0.00000000
9.23207355,3165,-2.90212567,-1.73605235,-2.39379128,0.01373291,0.86928464,0.14953613,3.37569686,-1.68418341,-2.39169735,0.01373293,0.86847720,0.14521053,-3.04365094,-1.67959483,-2.26256569,0.01487732,0.80939389,0.09155273,0.17089844,0.00000000,-0.16113281,-0.01464844,0.29296875,0.24902344,0.39520264,1.37213711,1.35688782,-0.02441406
9.24589777,3170,-2.89640363,-1.73719676,-2.39455422,0.01373291,0.86928464,0.15258789,3.38184911,-1.68575992,-2.39315019,0.01373292,0.86850711,0.14947028,-3.04136212,-1.67959483,-2.26523598,0.01487732,0.81435299,0.09498596,0.18066406,-0.00488281,-0.15625000,0.00000000,0.42480469,0.30761719,0.39520264,1.37214349,1.35688782,-0.04882812
9.25967383,3175,-2.89106305,-1.73834117,-2.39569863,0.01373291,0.86928464,0.15525818,3.38814072,-1.68707570,-2.39445669,0.01373291,0.86851692,0.15303933,-3.03831036,-1.67959483,-2.26828774,0.01487732,0.81854916,0.10147095,0.18066406,0.00000000,-0.17578125,-0.01464844,0.27832031,0.30761719,0.39520264,1.37220809,1.35726929,-0.02441406
9.27390981,3180,-2.88190778,-1.74177439,-2.39722451,0.01373291,0.86890317,0.16174316,3.39528145,-1.68935756,-2.39573051,0.01373291,0.86826366,0.15797019,-3.03602155,-1.67959483,-2.27057656,0.01487732,0.82274533,0.10299683,0.17578125,-0.00976562,-0.17578125,-0.02929688,0.35156250,0.10253906,0.39520264,1.37216675,1.35688782,-0.04882812
9.28669143,3185,-2.87580426,-1.74330027,-2.39836891,0.01373291,0.86890317,0.16593933,3.40212133,-1.69148858,-2.39696616,0.01373291,0.86818067,0.16231482,-3.03335126,-1.67959483,-2.27286537,0.01487732,0.82617856,0.10681152,0.19531250,-0.00976562,-0.16601562,-0.01464844,0.24902344,0.27832031,0.39520264,1.37215321,1.35726929,-0.02441406
9.29998803,3190,-2.86931928,-1.74406321,-2.39989479,0.01373291,0.86890317,0.17013550,3.40889790,-1.69273107,-2.39830904,0.01373291,0.86815348,0.16691217,-3.03029950,-1.67997630,-2.27515419,0.01487732,0.82884884,0.11024475,0.20019531,-0.02929688,-0.15136719,-0.01464844,0.23437500,0.21972656,0.39558411,1.37230136,1.35765076,0.00000000
9.31584787,3195,-2.86207135,-1.74597056,-2.40142067,0.01335144,0.86928464,0.17547607,3.41597916,-1.69427016,-2.39986284,0.01365662,0.86828190,0.17181976,-3.02724774,-1.68035777,-2.27744301,0.01487732,0.83190060,0.11482239,0.20507812,-0.02441406,-0.15136719,-0.01464844,0.19042969,0.35156250,0.39520264,1.37219732,1.35765076,0.00000000
9.33049512,3200,-2.85329755,-1.74787791,-2.40332802,0.01335144,0.86928464,0.18386841,3.42422814,-1.69635616,-2.40161528,0.01345144,0.86844312,0.17870839,-3.02419598,-1.68073924,-2.27973183,0.01487732,0.83418942,0.11940002,0.20996094,-0.02441406,-0.16601562,-0.01464844,0.17578125,0.26367188,0.39520264,1.37216322,1.35803223,0.02441406
9.34605026,3205,-2.84566815,-1.74902232,-2.40447243,0.01296997,0.86928464,0.19149780,3.43178615,-1.69766018,-2.40309809,0.01324688,0.86849595,0.18593050,-3.02038129,-1.68112071,-2.28278359,0.01487732,0.83647824,0.12626648,0.20996094,-0.03417969,-0.17578125,-0.01464844,0.16113281,0.42480469,0.39520264,1.37215205,1.35841370,-0.02441406
9.36206985,3210,-2.83689435,-1.74978526,-2.40561684,0.01296997,0.86928464,0.19912720,3.44032806,-1.69863948,-2.40443346,0.01306071,0.86851326,0.19384490,-3.01809247,-1.68150218,-2.28469094,0.01487732,0.83914853,0.12931824,0.22460938,-0.02441406,-0.16601562,-0.01464844,0.23437500,0.23437500,0.39520264,1.37214839,1.35879517,0.02441406
9.37532187,3215,-2.82850202,-1.75092967,-2.40714272,0.01220703,0.86928464,0.20599365,3.44833728,-1.69967168,-2.40574653,0.01263715,0.86851893,0.20083257,-3.01389630,-1.68188365,-2.28736122,0.01487732,0.84220028,0.13313293,0.22949219,-0.01953125,-0.16113281,-0.01464844,0.21972656,0.26367188,0.39520264,1.37214719,1.35917664,-0.02441406
9.39018130,3220,-2.81934674,-1.75245555,-2.40790566,0.01068115,0.86928464,0.21438599,3.45634699,-1.70093570,-2.40669120,0.01187190,0.86852079,0.20776170,-3.01046307,-1.68226512,-2.29003151,0.01487732,0.84448910,0.13809204,0.23437500,-0.02929688,-0.15625000,-0.01464844,0.17578125,0.29296875,0.39520264,1.37214680,1.35955811,0.00000000
9.40343928,3225,-2.81324323,-1.75283702,-2.40866860,0.00953674,0.86890317,0.22087097,3.46440521,-1.70190568,-2.40761378,0.01045232,0.86838407,0.21539173,-3.00741132,-1.68226512,-2.29155739,0.01487732,0.84715939,0.14343262,0.24414062,-0.02441406,-0.13671875,-0.01464844,0.20507812,0.39550781,0.39520264,1.37214667,1.35993958,0.02441406
9.41815329,3230,-2.80446942,-1.75359996,-2.40943154,0.00801086,0.86890317,0.22964478,3.47249092,-1.70255628,-2.40839925,0.00909262,0.86822013,0.22331955,-3.00359662,-1.68264659,-2.29384621,0.01487732,0.84982968,0.14991760,0.23925781,-0.02929688,-0.14160156,-0.01464844,0.20507812,0.48339844,0.39520264,1.37214663,1.36032104,0.00000000
9.43754816,3235,-2.79302533,-1.75398143,-2.40981301,0.00572205,0.86890317,0.24185181,3.48202741,-1.70320612,-2.40902296,0.00704722,0.86816641,0.23336607,-2.99863751,-1.68302806,-2.29689797,0.01487732,0.85173703,0.15602112,0.25878906,-0.03417969,-0.13671875,-0.01464844,0.07324219,0.24902344,0.39520264,1.37226868,1.36070251,-0.04882812
9.45128059,3240,-2.78463300,-1.75436290,-2.41057595,0.00534058,0.86890317,0.24948120,3.49104222,-1.70367553,-2.40969145,0.00607998,0.86814881,0.24250479,-2.99482282,-1.68340953,-2.29880532,0.01449585,0.85326291,0.16174316,0.26367188,-0.02441406,-0.13183594,-0.04394531,0.08789062,0.35156250,0.39558411,1.37269955,1.36070251,0.00000000
9.46820354,3245,-2.77624066,-1.75436290,-2.41133889,0.00419617,0.86890317,0.25711060,3.50014975,-1.70389965,-2.41036241,0.00513426,0.86814304,0.25085972,-2.99062665,-1.68417247,-2.30109413,0.01411438,0.85364438,0.16822815,0.26367188,-0.04394531,-0.13183594,-0.07324219,0.05859375,0.46875000,0.39558411,1.37290323,1.36108398,-0.02441406
9.48331261,3250,-2.76784833,-1.75436290,-2.41248329,0.00228882,0.86890317,0.26512146,3.50894392,-1.70397310,-2.41128137,0.00339309,0.86814115,0.25896136,-2.98604901,-1.68455394,-2.30338295,0.01335144,0.85402585,0.17700195,0.28320312,-0.04394531,-0.14160156,-0.07324219,0.04394531,0.55664062,0.39596558,1.37334229,1.36108398,0.00000000
9.49578333,3255,-2.75945599,-1.75436290,-2.41362770,0.00190735,0.86890317,0.27351379,3.51719498,-1.70399716,-2.41241293,0.00239420,0.86814053,0.26687562,-2.98261578,-1.68493540,-2.30490883,0.01258850,0.85440732,0.18196106,0.27343750,-0.04394531,-0.13183594,-0.05859375,-0.00000000,0.39550781,0.39558411,1.37341170,1.36146545,0.02441406
9.51018095,3260,-2.75220807,-1.75436290,-2.41515358,0.00152588,0.86890317,0.28114319,3.52504456,-1.70400505,-2.41371732,0.00184166,0.86814032,0.27472239,-2.97841962,-1.68531687,-2.30719765,0.01182556,0.85478879,0.18577576,0.28808594,-0.02441406,-0.15625000,-0.05859375,0.05859375,0.32226562,0.39558411,1.37321472,1.36108398,-0.02441406
9.52310824,3265,-2.74572308,-1.75436290,-2.41591652,0.00114441,0.86890317,0.28724670,3.53214565,-1.70400763,-2.41472799,0.00137288,0.86814026,0.28196549,-2.97498639,-1.68531687,-2.30948647,0.01106262,0.85593319,0.19226074,0.27832031,-0.01464844,-0.16601562,-0.08789062,0.14648438,0.43945312,0.39596558,1.37352248,1.36184692,0.04882812
9.53645229,3270,-2.73923810,-1.75436290,-2.41667946,0.00038147,0.86852170,0.29411316,3.53875390,-1.70400848,-2.41563314,0.00077665,0.86795408,0.28891630,-2.97193463,-1.68569834,-2.31063088,0.01029968,0.85745907,0.19721985,0.29785156,-0.02929688,-0.15625000,-0.05859375,0.14648438,0.48339844,0.39634705,1.37407377,1.36146545,-0.02441406
9.55145979,3275,-2.73046430,-1.75436290,-2.41820534,-0.00076294,0.86737729,0.30288696,3.54654954,-1.70400876,-2.41683648,-0.00010806,0.86720374,0.29680222,-2.96659406,-1.68607981,-2.31330117,0.00877380,0.85784054,0.20675659,0.31738281,-0.03417969,-0.12695312,-0.14648438,0.05859375,0.51269531,0.39710999,1.37504202,1.36184692,-0.02441406
9.56557655,3280,-2.72207196,-1.75436290,-2.41973122,-0.00114441,0.86699582,0.31013489,3.55461891,-1.70400885,-2.41826644,-0.00080482,0.86655101,0.30434319,-2.96239789,-1.68646128,-2.31482704,0.00762939,0.85822201,0.21209717,0.29296875,-0.03417969,-0.12207031,-0.08789062,0.04394531,0.36621094,0.39939880,1.37739982,1.36184692,-0.02441406
9.58104205,3285,-2.71482404,-1.75436290,-2.42125710,-0.00152588,0.86699582,0.31738281,3.56235427,-1.70400888,-2.41969008,-0.00125835,0.86633712,0.31142591,-2.95743878,-1.68684275,-2.31711586,0.00724792,0.85936642,0.21972656,0.28808594,-0.02929688,-0.11230469,-0.05859375,0.08789062,0.48339844,0.40016174,1.38107232,1.36222839,-0.02441406
9.59630132,3290,-2.70643170,-1.75436290,-2.42240151,-0.00152588,0.86661435,0.32577515,3.57036580,-1.70400889,-2.42106710,-0.00143822,0.86608088,0.31932368,-2.95209821,-1.68722422,-2.31864174,0.00686646,0.85974789,0.22773743,0.31738281,-0.02929688,-0.12695312,-0.04394531,0.05859375,0.52734375,0.40054321,1.38239316,1.36260986,0.02441406
9.61217403,3295,-2.69803937,-1.75436290,-2.42392739,-0.00152588,0.86585141,0.33302307,3.57828081,-1.70400889,-2.42236403,-0.00149715,0.86556405,0.32670153,-2.94752057,-1.68798716,-2.32131203,0.00686646,0.86012936,0.23536682,0.31738281,-0.03906250,-0.12207031,-0.01464844,0.05859375,0.41015625,0.40054321,1.38282598,1.36299133,0.02441406
9.62799191,3300,-2.69079144,-1.75436290,-2.42507180,-0.00152588,0.86546994,0.33874512,3.58652613,-1.70400889,-2.42373859,-0.00151647,0.86498784,0.33377621,-2.94256146,-1.68798716,-2.32283791,0.00648499,0.86051083,0.24147034,0.31738281,-0.01464844,-0.12207031,-0.04394531,0.04394531,0.39550781,0.40054321,1.38290530,1.36375427,0.04882812
9.64318037,3305,-2.68163617,-1.75436290,-2.42659767,-0.00190735,0.86546994,0.34637451,3.59486907,-1.70400889,-2.42521489,-0.00170895,0.86479902,0.34094650,-2.93760236,-1.68836863,-2.32550820,0.00572205,0.86089230,0.24909973,0.32226562,-0.02929688,-0.13183594,-0.04394531,0.02929688,0.49804688,0.40092468,1.38330361,1.36528015,0.14648438
9.65616202,3310,-2.67400678,-1.75436290,-2.42774208,-0.00190735,0.86508847,0.35285950,3.60282506,-1.70400889,-2.42646805,-0.00184234,0.86466086,0.34768290,-2.93378766,-1.68875010,-2.32703408,0.00534058,0.86089230,0.25520325,0.34179688,-0.02929688,-0.12207031,-0.05859375,0.02929688,0.60058594,0.40092468,1.38361869,1.36642456,0.04882812
9.66965556,3315,-2.66790326,-1.75398143,-2.42888649,-0.00190735,0.86470700,0.35667419,3.61024702,-1.70387156,-2.42768716,-0.00188605,0.86424925,0.35306582,-2.92844708,-1.68913157,-2.32894142,0.00495911,0.86127377,0.26283264,0.32714844,-0.01953125,-0.12695312,-0.02929688,0.04394531,0.42480469,0.40092468,1.38367800,1.36680603,-0.02441406
9.68295670,3320,-2.66103681,-1.75398143,-2.42964943,-0.00190735,0.86356259,0.36239624,3.61699716,-1.70370742,-2.42859957,-0.00190037,0.86342505,0.35838670,-2.92425092,-1.68913157,-2.33084877,0.00419617,0.86127377,0.26741028,0.32714844,-0.02441406,-0.13183594,-0.05859375,0.02929688,0.35156250,0.40130615,1.38413224,1.36718750,0.00000000
9.69837546,3325,-2.65340741,-1.75398143,-2.43079384,-0.00152588,0.86279965,0.37002563,3.62419684,-1.70365364,-2.42953662,-0.00164859,0.86259320,0.36477966,-2.91814740,-1.68989451,-2.33275612,0.00381470,0.86127377,0.27580261,0.33691406,-0.03417969,-0.12695312,-0.04394531,0.01464844,0.48339844,0.40130615,1.38428109,1.36756897,0.00000000
9.71166277,3330,-2.64615949,-1.75398143,-2.43193825,-0.00152588,0.86241818,0.37727356,3.63146118,-1.70363601,-2.43064433,-0.00156609,0.86196259,0.37163854,-2.91395123,-1.68989451,-2.33466347,0.00343323,0.86165524,0.28343201,0.33691406,-0.02929688,-0.12695312,-0.04394531,0.01464844,0.58593750,0.40130615,1.38440799,1.36756897,-0.02441406
9.72521877,3335,-2.63891156,-1.75398143,-2.43346413,-0.00152588,0.86241818,0.38299561,3.63877113,-1.70363024,-2.43195310,-0.00153906,0.86175595,0.37825166,-2.91013654,-1.69027598,-2.33580788,0.00343323,0.86203671,0.28762817,0.33691406,-0.02441406,-0.10253906,-0.04394531,0.04394531,0.42480469,0.40130615,1.38437145,1.36795044,-0.02441406
9.73832870,3340,-2.63242658,-1.75398143,-2.43422707,-0.00152588,0.86241818,0.38795471,3.64563581,-1.70362834,-2.43307507,-0.00153020,0.86168824,0.38394221,-2.90441449,-1.69065745,-2.33733376,0.00305176,0.86203671,0.29373169,0.35156250,-0.02929688,-0.10253906,-0.04394531,0.02929688,0.32226562,0.40130615,1.38435947,1.36833191,0.00000000
9.75182819,3345,-2.62479718,-1.75321849,-2.43575295,-0.00152588,0.86241818,0.39215088,3.65258396,-1.70329496,-2.43433725,-0.00152729,0.86166605,0.38847913,-2.89945538,-1.69103892,-2.33962258,0.00267029,0.86241818,0.30097961,0.36132812,-0.01953125,-0.10742188,-0.01464844,0.04394531,0.51269531,0.40130615,1.38435555,1.36947632,0.02441406
9.76822233,3350,-2.61678632,-1.75321849,-2.43727883,-0.00152588,0.86203671,0.39749146,3.65997853,-1.70300554,-2.43554772,-0.00152634,0.86143356,0.39340597,-2.89449628,-1.69103892,-2.34152993,0.00228882,0.86318112,0.30937195,0.36621094,-0.01464844,-0.12695312,-0.02929688,0.10253906,0.62988281,0.40130615,1.38423219,1.37100220,0.09765625
9.78281403,3355,-2.60915692,-1.75321849,-2.43842324,-0.00114441,0.86203671,0.40359497,3.66766281,-1.70291070,-2.43689395,-0.00144974,0.86132613,0.39859608,-2.88877423,-1.69103892,-2.34343727,0.00190735,0.86470700,0.31471252,0.36132812,-0.01464844,-0.11718750,-0.05859375,0.08789062,0.30761719,0.40130615,1.38423572,1.37176514,0.00000000
9.79653788,3360,-2.60305341,-1.75321849,-2.43956765,-0.00114441,0.86203671,0.40855408,3.67492152,-1.70287963,-2.43828467,-0.00124446,0.86129093,0.40434817,-2.88419660,-1.69142039,-2.34534462,0.00076294,0.86470700,0.31967163,0.35644531,-0.01953125,-0.11230469,-0.13183594,0.01464844,0.35156250,0.40130615,1.38431500,1.37214661,0.02441406
9.81088161,3365,-2.59542401,-1.75321849,-2.44109352,-0.00114441,0.86203671,0.41542053,3.68183325,-1.70286945,-2.43954702,-0.00117719,0.86127939,0.41037095,-2.87809308,-1.69142039,-2.34725197,0.00000000,0.86470700,0.32730103,0.35644531,-0.02441406,-0.10742188,-0.07324219,0.01464844,0.49804688,0.40130615,1.38434098,1.37214661,0.00000000
9.82516193,3370,-2.58932050,-1.75321849,-2.44223793,-0.00114441,0.86203671,0.42114258,3.68863959,-1.70286611,-2.44081797,-0.00115515,0.86127561,0.41637905,-2.87351544,-1.69180186,-2.34877785,-0.00038147,0.86470700,0.33264160,0.36621094,-0.02441406,-0.11230469,-0.04394531,-0.00000000,0.48339844,0.40130615,1.38434949,1.37252808,-0.04882812
9.83999133,3375,-2.58245404,-1.75321849,-2.44338234,-0.00114441,0.86203671,0.42686462,3.69548538,-1.70286501,-2.44206488,-0.00114793,0.86127437,0.42225586,-2.86741193,-1.69218333,-2.35068520,-0.00076294,0.86470700,0.34027100,0.37109375,-0.02929688,-0.10253906,-0.02929688,0.02929688,0.30761719,0.40130615,1.38423021,1.37252808,0.00000000
9.85370517,3380,-2.57520612,-1.75321849,-2.44490822,-0.00114441,0.86203671,0.43258667,3.70286276,-1.70286466,-2.44356965,-0.00114556,0.86127397,0.42824639,-2.86245282,-1.69256480,-2.35221108,-0.00038147,0.86470700,0.34484863,0.36621094,-0.04394531,-0.10253906,-0.02929688,0.01464844,0.32226562,0.40130615,1.38423507,1.37290955,-0.02441406
9.86811924,3385,-2.56910260,-1.75321849,-2.44643410,-0.00114441,0.86203671,0.43754578,3.70928213,-1.70286454,-2.44501831,-0.00114479,0.86127384,0.43350734,-2.85711224,-1.69294627,-2.35411843,-0.00076294,0.86470700,0.35171509,0.36621094,-0.02441406,-0.12207031,-0.02929688,0.01464844,0.48339844,0.40092468,1.38387997,1.37290955,0.00000000
9.88473082,3390,-2.56109174,-1.75321849,-2.44795998,-0.00114441,0.86203671,0.44288635,3.71616065,-1.70286450,-2.44633870,-0.00114453,0.86127379,0.43862944,-2.85062726,-1.69294627,-2.35602578,-0.00076294,0.86470700,0.35972595,0.36621094,-0.01464844,-0.11230469,-0.02929688,0.01464844,0.49804688,0.40054321,1.38353290,1.37329102,-0.02441406
9.89812326,3395,-2.55575116,-1.75321849,-2.44872292,-0.00114441,0.86203671,0.44784546,3.72253302,-1.70286449,-2.44747376,-0.00114445,0.86127378,0.44361071,-2.84528668,-1.69294627,-2.35793312,-0.00076294,0.86470700,0.36544800,0.37597656,-0.01953125,-0.10253906,-0.01464844,0.01464844,0.32226562,0.40092468,1.38338719,1.37367249,0.00000000
9.91378760,3400,-2.54926618,-1.75321849,-2.44910439,-0.00114441,0.86203671,0.45280457,3.72883559,-1.70286448,-2.44824328,-0.00114442,0.86127377,0.44873040,-2.83918317,-1.69332774,-2.35984047,-0.00076294,0.86470700,0.37002563,0.37597656,-0.01464844,-0.10253906,-0.01464844,0.01464844,0.36621094,0.40092468,1.38338339,1.37405396,0.00000000
9.92857862,3405,-2.54316266,-1.75321849,-2.44986733,-0.00114441,0.86127377,0.45814514,3.73479095,-1.70286448,-2.44889852,-0.00114441,0.86094101,0.45403473,-2.83689435,-1.69332774,-2.36022194,-0.00076294,0.86470700,0.37307739,0.37597656,-0.01953125,-0.10742188,-0.01464844,0.02929688,0.35156250,0.40092468,1.38344464,1.37443542,0.04882812
9.94414449,3410,-2.53629620,-1.75321849,-2.45024880,-0.00114441,0.85936642,0.46386719,3.74134421,-1.70286448,-2.44936969,-0.00114441,0.85991925,0.45921511,-2.82735761,-1.69370921,-2.36327370,-0.00076294,0.86470700,0.38299561,0.38085938,-0.01953125,-0.11230469,-0.02929688,0.01464844,0.42480469,0.40092468,1.38340221,1.37748718,0.07324219
9.95688248,3415,-2.53171857,-1.75321849,-2.45024880,-0.00114441,0.85784054,0.46730042,3.74704725,-1.70286448,-2.44970426,-0.00114441,0.85830953,0.46394936,-2.82316144,-1.69370921,-2.36479958,-0.00076294,0.86432553,0.38909912,0.38085938,-0.02929688,-0.11718750,-0.01464844,-0.01464844,0.45410156,0.40092468,1.38345081,1.37786865,0.00000000
9.97266102,3420,-2.52599652,-1.75283702,-2.45024880,-0.00114441,0.85440732,0.47264099,3.75219471,-1.70267832,-2.44981389,-0.00114441,0.85616280,0.46814350,-2.81743939,-1.69409068,-2.36632546,-0.00076294,0.86432553,0.39405823,0.37109375,-0.02929688,-0.11230469,-0.02929688,-0.00000000,0.30761719,0.40092468,1.38354486,1.37786865,-0.02441406
9.98861933,3425,-2.52141889,-1.75131114,-2.45024880,-0.00152588,0.85135556,0.47531128,3.75758699,-1.70191273,-2.44984982,-0.00133057,0.85331043,0.47264955,-2.81057294,-1.69447215,-2.36861428,-0.00076294,0.86432553,0.40016174,0.37109375,-0.02929688,-0.11718750,0.00000000,0.02929688,0.33691406,0.40054321,1.38318481,1.37786865,-0.04882812
10.00191236,3430,-2.51798566,-1.75054820,-2.45024880,-0.00152588,0.84982968,0.47531128,3.76206207,-1.70085889,-2.44986159,-0.00146188,0.85074833,0.47443909,-2.80561383,-1.69485362,-2.36975869,-0.00076294,0.86394406,0.40588379,0.36621094,-0.01953125,-0.09277344,0.00000000,-0.00000000,0.42480469,0.40092468,1.38323797,1.37786865,-0.04882812
10.01564360,3435,-2.51417096,-1.74902232,-2.45024880,-0.00152588,0.84334469,0.47531128,3.76579482,-1.69986561,-2.44986545,-0.00150491,0.84714059,0.47502548,-2.80065473,-1.69485362,-2.37090309,-0.00076294,0.86356259,0.41122437,0.38085938,-0.01464844,-0.08300781,-0.01464844,-0.01464844,0.45410156,0.40054321,1.38322487,1.37825012,-0.02441406
10.03053236,3440,-2.51111920,-1.74673350,-2.45024880,-0.00152588,0.83876706,0.47531128,3.76944765,-1.69805405,-2.44986671,-0.00151901,0.84181192,0.47521763,-2.79607709,-1.69485362,-2.37242897,-0.00076294,0.86279965,0.41618347,0.38574219,-0.00976562,-0.11718750,0.00000000,-0.02929688,0.36621094,0.40092468,1.38340832,1.37825012,0.00000000
10.04327917,3445,-2.50883038,-1.74482615,-2.45024880,-0.00190735,0.83495236,0.47531128,3.77227572,-1.69604675,-2.44986713,-0.00170978,0.83755923,0.47528059,-2.78959210,-1.69485362,-2.37433632,-0.00076294,0.86203671,0.42037964,0.38085938,0.00000000,-0.12207031,-0.01464844,-0.08789062,0.27832031,0.40092468,1.38343328,1.37863159,-0.02441406
10.05667901,3450,-2.50654157,-1.74253733,-2.45024880,-0.00152588,0.83190060,0.47531128,3.77470217,-1.69406941,-2.44986726,-0.00165645,0.83407294,0.47530122,-2.78463300,-1.69485362,-2.37548073,-0.00076294,0.86012936,0.42266846,0.35644531,-0.00488281,-0.08789062,-0.02929688,-0.14648438,0.23437500,0.40054321,1.38302618,1.37863159,0.00000000
10.06939125,3455,-2.50501569,-1.74024852,-2.45024880,-0.00152588,0.82999325,0.47531128,3.77675167,-1.69169467,-2.44986731,-0.00156867,0.83117896,0.47530798,-2.78005536,-1.69485362,-2.37624367,-0.00076294,0.85707760,0.42610168,0.35644531,-0.00488281,-0.07812500,-0.04394531,-0.19042969,0.20507812,0.40054321,1.38289278,1.37863159,0.00000000
10.08298373,3460,-2.50501569,-1.73681529,-2.45024880,-0.00152588,0.82656003,0.47492981,3.77770499,-1.68911757,-2.44986732,-0.00153990,0.82836091,0.47523391,-2.77509625,-1.69485362,-2.37776955,-0.00114441,0.85593319,0.43106079,0.37597656,-0.00488281,-0.10742188,-0.01464844,-0.08789062,0.32226562,0.40054321,1.38294672,1.37901306,-0.02441406
10.09741879,3465,-2.50501569,-1.73338206,-2.45024880,-0.00114441,0.82236386,0.47416687,3.77812723,-1.68586429,-2.44986733,-0.00127400,0.82477599,0.47476700,-2.77013715,-1.69485362,-2.37929543,-0.00114441,0.85402585,0.43296814,0.36621094,0.00000000,-0.10742188,-0.01464844,-0.14648438,0.13183594,0.40054321,1.38286674,1.37901306,-0.02441406
10.11164141,3470,-2.50501569,-1.72994883,-2.45024880,-0.00114441,0.81587887,0.47378540,3.77815573,-1.68233963,-2.44986733,-0.00118687,0.81960117,0.47417736,-2.76517804,-1.69485362,-2.38082131,-0.00114441,0.85211850,0.43716431,0.35156250,-0.00488281,-0.09765625,0.00000000,-0.05859375,0.36621094,0.40054321,1.38284053,1.37901306,-0.04882812
10.12683558,3475,-2.50501569,-1.72613414,-2.45024880,-0.00114441,0.81130124,0.47378540,3.77816507,-1.67851207,-2.44986733,-0.00115832,0.81424093,0.47391384,-2.75983746,-1.69485362,-2.38234719,-0.00114441,0.85097409,0.44174194,0.33203125,-0.00488281,-0.07324219,-0.01464844,-0.08789062,0.13183594,0.40054321,1.38283194,1.37977600,0.00000000
10.14459682,3480,-2.50501569,-1.72003062,-2.45024880,-0.00114441,0.80519772,0.47340393,3.77816813,-1.67370219,-2.44986733,-0.00114897,0.80870812,0.47364133,-2.75411542,-1.69485362,-2.38349160,-0.00114441,0.84868527,0.44250488,0.33203125,-0.00488281,-0.07812500,-0.01464844,-0.08789062,0.05859375,0.40054321,1.38282913,1.38015747,0.00000000
10.16120100,3485,-2.50539716,-1.71545298,-2.45024880,-0.00114441,0.80100155,0.47302246,3.77798297,-1.66912316,-2.44986733,-0.00114590,0.80425853,0.47329556,-2.74801190,-1.69485362,-2.38501747,-0.00114441,0.84639645,0.44631958,0.32226562,0.00000000,-0.09277344,0.00000000,-0.14648438,0.23437500,0.40054321,1.38282821,1.38206482,0.07324219
10.17317462,3490,-2.50539716,-1.71087535,-2.45024880,-0.00114441,0.79718686,0.47302246,3.77785199,-1.66433510,-2.44986733,-0.00114490,0.79978462,0.47311195,-2.74419721,-1.69485362,-2.38578041,-0.00114441,0.84448910,0.44670105,0.33203125,0.00488281,-0.05371094,-0.01464844,-0.16113281,0.02929688,0.40054321,1.38282791,1.38206482,-0.04882812
10.18407154,3495,-2.50539716,-1.70706065,-2.45024880,-0.00190735,0.79260922,0.47264099,3.77784813,-1.65989823,-2.44986733,-0.00150712,0.79538990,0.47286563,-2.74038251,-1.69447215,-2.38692482,-0.00114441,0.84143735,0.44822693,0.31250000,0.01464844,-0.09277344,-0.01464844,-0.26367188,0.10253906,0.40054321,1.38282781,1.38206482,-0.02441406
10.19851112,3500,-2.50539716,-1.70210154,-2.45024880,-0.00228882,0.78650570,0.47149658,3.77780781,-1.65548818,-2.44986733,-0.00185250,0.79007532,0.47227576,-2.73580487,-1.69409068,-2.38806923,-0.00114441,0.83685971,0.45013428,0.31250000,0.02929688,-0.07324219,-0.02929688,-0.27832031,0.10253906,0.40054321,1.38282777,1.38244629,0.00000000
10.21129131,3505,-2.50539716,-1.69752391,-2.45024880,-0.00343323,0.78154660,0.46997070,3.77782584,-1.65091663,-2.44986733,-0.00258469,0.78491966,0.47094673,-2.73199017,-1.69332774,-2.38883217,-0.00114441,0.83266354,0.45127869,0.30273438,0.04882812,-0.09765625,-0.01464844,-0.33691406,0.10253906,0.40054321,1.38282776,1.38244629,0.00000000
10.22767639,3510,-2.50539716,-1.69142039,-2.45024880,-0.00686646,0.77582455,0.46997070,3.77780050,-1.64568474,-2.44986733,-0.00463186,0.77974356,0.47029053,-2.72703107,-1.69256480,-2.39073952,-0.00152588,0.82770443,0.45471191,0.29785156,0.05859375,-0.09765625,0.00000000,-0.27832031,0.13183594,0.40054321,1.38282776,1.38244629,0.00000000
10.24510455,3515,-2.50539716,-1.68569834,-2.45024880,-0.01029968,0.76972104,0.46997070,3.77779220,-1.64027663,-2.44986733,-0.00762849,0.77410653,0.47007550,-2.72207196,-1.69142039,-2.39226540,-0.00152588,0.82350827,0.45585632,0.28320312,0.06835938,-0.09277344,-0.02929688,-0.19042969,0.07324219,0.40054321,1.38246741,1.38244629,-0.04882812
10.26197815,3520,-2.50539716,-1.67997630,-2.45024880,-0.01411438,0.76209164,0.46997070,3.77778948,-1.63418480,-2.44986733,-0.01113850,0.76688781,0.47000504,-2.71749432,-1.69027598,-2.39379128,-0.00190735,0.82160092,0.45661926,0.28808594,0.05371094,-0.07324219,-0.01464844,-0.10253906,0.01464844,0.40016174,1.38219674,1.38244629,-0.02441406
10.27427626,3525,-2.50539716,-1.67616160,-2.45063027,-0.01678467,0.75751401,0.46997070,3.77778858,-1.62934658,-2.45009255,-0.01435201,0.76098576,0.46998196,-2.71406110,-1.68913157,-2.39493569,-0.00228882,0.81816769,0.45700073,0.27832031,0.08789062,-0.08300781,-0.05859375,-0.23437500,0.01464844,0.39978027,1.38175526,1.38244629,0.02441406
10.28770590,3530,-2.50539716,-1.67120249,-2.45101174,-0.01983643,0.75369931,0.46997070,3.77778829,-1.62482797,-2.45033493,-0.01733763,0.75643825,0.46997439,-2.70948346,-1.68798716,-2.39531716,-0.00305176,0.81435299,0.45776367,0.27832031,0.07324219,-0.03906250,-0.08789062,-0.24902344,0.04394531,0.39978027,1.38145044,1.38244629,0.00000000
10.30470562,3535,-2.50539716,-1.66624339,-2.45139321,-0.02212524,0.74988461,0.46997070,3.77778820,-1.61980959,-2.45067082,-0.02021660,0.75222864,0.46997191,-2.70528729,-1.68646128,-2.39608010,-0.00419617,0.80901242,0.45890808,0.27343750,0.08300781,-0.04394531,-0.08789062,-0.29296875,0.11718750,0.39939880,1.38113547,1.38244629,-0.02441406
10.31898952,3540,-2.50539716,-1.66128428,-2.45253762,-0.02479553,0.74645138,0.46997070,3.77778817,-1.61486231,-2.45147998,-0.02282391,0.74845312,0.46997110,-2.70109113,-1.68531687,-2.39684304,-0.00457764,0.80443478,0.46310425,0.25390625,0.08789062,-0.05371094,-0.04394531,-0.27832031,0.20507812,0.39901733,1.38052225,1.38244629,-0.02441406
10.33306217,3545,-2.50539716,-1.65632518,-2.45330056,-0.02708435,0.74301816,0.46997070,3.77778816,-1.61007603,-2.45232838,-0.02506817,0.74503761,0.46997083,-2.69689496,-1.68379100,-2.39875038,-0.00534058,0.79985714,0.46386719,0.25390625,0.09277344,-0.10253906,-0.07324219,-0.30761719,-0.04394531,0.39863586,1.37986795,1.38244629,-0.04882812
10.34736657,3550,-2.50539716,-1.65327342,-2.45444496,-0.02861023,0.74034787,0.46997070,3.77778815,-1.60588607,-2.45330548,-0.02722887,0.74187410,0.46997075,-2.69346173,-1.68264659,-2.39951332,-0.00724792,0.79604245,0.46424866,0.24902344,0.07812500,-0.09765625,-0.17578125,-0.26367188,0.01464844,0.39863586,1.37945335,1.38244629,-0.04882812
10.36206675,3555,-2.50539716,-1.64869578,-2.45558937,-0.03051758,0.73729611,0.46997070,3.77778815,-1.60171282,-2.45439506,-0.02903905,0.73885165,0.46997072,-2.69002850,-1.68112071,-2.40065773,-0.00991821,0.79222775,0.46424866,0.25390625,0.10253906,-0.05371094,-0.21972656,-0.26367188,-0.01464844,0.39863586,1.37915733,1.38244629,-0.02441406
10.37976003,3560,-2.50539716,-1.64449961,-2.45673378,-0.03242493,0.73309994,0.46997070,3.77778815,-1.59734056,-2.45538040,-0.03092238,0.73529692,0.46997071,-2.68621381,-1.67959483,-2.40180214,-0.01220703,0.78688717,0.46424866,0.24902344,0.09765625,-0.05859375,-0.10253906,-0.29296875,0.00000000,0.39863586,1.37906034,1.38244629,-0.04882812
10.39538932,3565,-2.50539716,-1.64106639,-2.45749672,-0.03395081,0.73004818,0.46997070,3.77778815,-1.59366409,-2.45629629,-0.03251851,0.73203494,0.46997070,-2.68201764,-1.67768748,-2.40256508,-0.01335144,0.78192807,0.46424866,0.22460938,0.10742188,-0.03906250,-0.10253906,-0.27832031,0.00000000,0.39863586,1.37910668,1.38244629,0.02441406
10.40930414,3570,-2.50539716,-1.63725169,-2.45787819,-0.03662109,0.72775937,0.46997070,3.77778815,-1.58996988,-2.45692319,-0.03463320,0.72918944,0.46997070,-2.67896588,-1.67616160,-2.40332802,-0.01411438,0.77811337,0.46424866,0.23925781,0.10742188,-0.06347656,-0.07324219,-0.24902344,0.00000000,0.39558411,1.37668534,1.38244629,-0.04882812
10.42436838,3575,-2.50539716,-1.63343699,-2.45864113,-0.04005432,0.72547055,0.46997070,3.77778815,-1.58621176,-2.45763227,-0.03758604,0.72660834,0.46997070,-2.67515119,-1.67425425,-2.40485390,-0.01602173,0.77582455,0.46424866,0.22460938,0.12207031,-0.06347656,-0.14648438,-0.13183594,-0.02929688,0.39482117,1.37322736,1.38244629,-0.02441406
10.43816781,3580,-2.50539716,-1.63038523,-2.45940407,-0.04234314,0.72394467,0.46997070,3.77778815,-1.58259797,-2.45849671,-0.04036197,0.72456433,0.46997070,-2.67171796,-1.67234690,-2.40599831,-0.01831055,0.77239132,0.46463013,0.22949219,0.12695312,-0.07324219,-0.20507812,-0.21972656,0.00000000,0.39482117,1.37198781,1.38206482,-0.02441406
10.45119143,3585,-2.50539716,-1.62695201,-2.46016701,-0.04463196,0.72241879,0.46997070,3.77778815,-1.57929552,-2.45924407,-0.04265171,0.72275929,0.46997070,-2.66942914,-1.67082102,-2.40676125,-0.01983643,0.77010251,0.46463013,0.20996094,0.10742188,-0.05859375,-0.16113281,-0.20507812,-0.01464844,0.39443970,1.37142904,1.38244629,-0.02441406
10.46187210,3590,-2.50539716,-1.62466319,-2.46092995,-0.04653931,0.72203732,0.46997070,3.77778815,-1.57644555,-2.46001949,-0.04479423,0.72183127,0.46997070,-2.66675885,-1.66967662,-2.40752419,-0.02098083,0.76743222,0.46501160,0.22949219,0.09765625,-0.08300781,-0.11718750,-0.19042969,0.00000000,0.39443970,1.37118345,1.38206482,-0.02441406
10.47679448,3595,-2.50539716,-1.62084849,-2.46131142,-0.04882812,0.72165585,0.46997070,3.77778815,-1.57310517,-2.46063161,-0.04692524,0.72138057,0.46997070,-2.66370709,-1.66815074,-2.40866860,-0.02212524,0.76476193,0.46501160,0.20507812,0.11718750,-0.06347656,-0.10253906,-0.21972656,0.00000000,0.39443970,1.37080512,1.38206482,-0.04882812
10.49506330,3600,-2.50539716,-1.61665232,-2.46245583,-0.05187988,0.71860409,0.46997070,3.77778815,-1.56944969,-2.46130228,-0.04957373,0.71973239,0.46997070,-2.66065534,-1.66662486,-2.40943154,-0.02326965,0.75980282,0.46539307,0.20996094,0.11230469,-0.05859375,-0.08789062,-0.29296875,0.00000000,0.39405823,1.37023071,1.38168335,-0.02441406
10.50836778,3605,-2.50539716,-1.61321910,-2.46360024,-0.05455017,0.71745968,0.46997070,3.77778815,-1.56578543,-2.46230904,-0.05241705,0.71797320,0.46997070,-2.65684064,-1.66395457,-2.41095742,-0.02593994,0.75484372,0.46615601,0.18066406,0.14160156,-0.09277344,-0.20507812,-0.24902344,0.02929688,0.39329529,1.36933301,1.38130188,-0.07324219
10.52161479,3610,-2.50539716,-1.61054881,-2.46436318,-0.05607605,0.71555234,0.46997070,3.77778815,-1.56252918,-2.46318312,-0.05454650,0.71630386,0.46997070,-2.65378888,-1.66242869,-2.41210183,-0.02822876,0.75179196,0.46653748,0.20507812,0.12695312,-0.05371094,-0.19042969,-0.23437500,0.01464844,0.39329529,1.36865995,1.38092041,-0.04882812
10.53630400,3615,-2.50539716,-1.60635264,-2.46588906,-0.05798340,0.71402646,0.46997070,3.77778815,-1.55904237,-2.46456426,-0.05649538,0.71429103,0.46997070,-2.65111859,-1.66013987,-2.41324623,-0.03051758,0.74874020,0.46691895,0.19042969,0.14160156,-0.07812500,-0.14648438,-0.21972656,0.00000000,0.39291382,1.36828681,1.38053894,-0.04882812
10.55071783,3620,-2.50577863,-1.60253794,-2.46665200,-0.06103516,0.71364499,0.46997070,3.77765082,-1.55526969,-2.46559228,-0.05885957,0.71346288,0.46997070,-2.64882977,-1.65823252,-2.41400917,-0.03166199,0.74683285,0.46691895,0.18554688,0.14160156,-0.04394531,-0.08789062,-0.13183594,0.01464844,0.39215088,1.36701660,1.38015747,-0.07324219
10.56508422,3625,-2.50654157,-1.59872325,-2.46779641,-0.06484985,0.71250058,0.46997070,3.77718517,-1.55134425,-2.46666730,-0.06212426,0.71255345,0.46997070,-2.64577802,-1.65594371,-2.41477211,-0.03356934,0.74454403,0.46730042,0.19042969,0.12695312,-0.04882812,-0.19042969,-0.11718750,0.01464844,0.39024353,1.36390286,1.37977600,-0.07324219
10.57845855,3630,-2.50654157,-1.59605296,-2.46855934,-0.06675720,0.71135617,0.46997070,3.77688219,-1.54814890,-2.46756375,-0.06487726,0.71138595,0.46997070,-2.64310773,-1.65403636,-2.41553505,-0.03623962,0.74378110,0.46730042,0.18554688,0.13671875,-0.04394531,-0.19042969,-0.02929688,0.00000000,0.38948059,1.36205199,1.37939453,-0.04882812
10.59850574,3635,-2.50654157,-1.59185679,-2.46894081,-0.07209778,0.70944882,0.46997070,3.77672188,-1.54455949,-2.46820186,-0.06848323,0.70995931,0.46997070,-2.63929303,-1.65136607,-2.41667946,-0.03967285,0.74225522,0.46730042,0.18066406,0.13671875,-0.05371094,-0.16113281,-0.07324219,0.00000000,0.38909912,1.36087005,1.37863159,-0.07324219
10.61217332,3640,-2.50654157,-1.58804209,-2.46894081,-0.07629395,0.70677853,0.46997070,3.77666934,-1.54077272,-2.46844220,-0.07263345,0.70785914,0.46997070,-2.63700421,-1.64945872,-2.41744240,-0.04158020,0.74072934,0.46768188,0.16113281,0.13671875,-0.03906250,-0.17578125,-0.11718750,0.00000000,0.38909912,1.36038510,1.37825012,-0.02441406
10.62531400,3645,-2.50654157,-1.58422740,-2.46894081,-0.07896423,0.70448971,0.47035217,3.77665213,-1.53746571,-2.46852096,-0.07591857,0.70587188,0.47004700,-2.63471539,-1.64755137,-2.41858681,-0.04310608,0.73767758,0.46768188,0.17089844,0.13183594,-0.06347656,-0.13183594,-0.23437500,-0.01464844,0.38833618,1.35956066,1.37786865,-0.04882812
10.63919449,3650,-2.50654157,-1.58079417,-2.46894081,-0.08125305,0.70372677,0.47035217,3.77664649,-1.53330577,-2.46854677,-0.07919206,0.70398706,0.47025217,-2.63204511,-1.64526255,-2.41934975,-0.04577637,0.73386288,0.46768188,0.16601562,0.14160156,-0.04882812,-0.19042969,-0.21972656,0.00000000,0.38757324,1.35826463,1.37748718,-0.07324219
10.65344477,3655,-2.50654157,-1.57736094,-2.46894081,-0.08392334,0.70372677,0.47035217,3.77664464,-1.53011928,-2.46855522,-0.08162397,0.70329912,0.47031940,-2.63013776,-1.64335520,-2.42049416,-0.04844666,0.73042965,0.46768188,0.15625000,0.15625000,-0.09277344,-0.21972656,-0.24902344,0.00000000,0.38719177,1.35718638,1.37672424,-0.07324219
10.66858888,3660,-2.50730451,-1.57392771,-2.46894081,-0.08621216,0.70372677,0.47035217,3.77628149,-1.52655938,-2.46855799,-0.08418868,0.70307370,0.47034144,-2.62708600,-1.64106639,-2.42202004,-0.05111694,0.72661496,0.46768188,0.17578125,0.13183594,-0.07324219,-0.17578125,-0.23437500,0.00000000,0.38566589,1.35522271,1.37634277,-0.04882812
10.68075657,3665,-2.50730451,-1.56935008,-2.46894081,-0.08773804,0.70372677,0.47035217,3.77601210,-1.52252422,-2.46855890,-0.08639334,0.70299984,0.47034865,-2.62517865,-1.63915904,-2.42278298,-0.05302429,0.72432614,0.46768188,0.16601562,0.15136719,-0.07324219,-0.19042969,-0.11718750,-0.01464844,0.38452148,1.35253946,1.37557983,-0.09765625
10.69569349,3670,-2.50730451,-1.56477244,-2.46894081,-0.08850098,0.70372677,0.46997070,3.77592382,-1.51809554,-2.46855920,-0.08762089,0.70297563,0.47012580,-2.62327130,-1.63687022,-2.42392739,-0.05569458,0.72356320,0.46806335,0.15625000,0.15136719,-0.07812500,-0.19042969,-0.07324219,0.00000000,0.38452148,1.35109674,1.37290955,-0.21972656
10.71175981,3675,-2.50768598,-1.56095774,-2.46894081,-0.08888245,0.70410824,0.46997070,3.77566968,-1.51384039,-2.46855930,-0.08843781,0.70322417,0.47002153,-2.62021954,-1.63419993,-2.42469033,-0.05760193,0.72241879,0.46806335,0.16113281,0.15136719,-0.04394531,-0.13183594,-0.04394531,-0.01464844,0.38414001,1.35073409,1.37290955,-0.02441406
10.72551179,3680,-2.50768598,-1.55752452,-2.46894081,-0.09002686,0.70448971,0.46997070,3.77555515,-1.50982875,-2.46855933,-0.08931670,0.70344294,0.46998736,-2.61831220,-1.63191111,-2.42545327,-0.06065369,0.72127438,0.46806335,0.14160156,0.16601562,-0.03906250,-0.20507812,-0.07324219,0.00000000,0.38414001,1.35031741,1.37252808,-0.07324219
10.73832870,3685,-2.50806744,-1.55256541,-2.46894081,-0.09117126,0.70448971,0.46997070,3.77526115,-1.50560150,-2.46855934,-0.09046200,0.70363377,0.46997616,-2.61640485,-1.63000376,-2.42583474,-0.06294250,0.72089291,0.46806335,0.14648438,0.14648438,-0.04394531,-0.21972656,-0.01464844,-0.01464844,0.38375854,1.34996578,1.37214661,0.00000000
10.75223446,3690,-2.50806744,-1.54798777,-2.46894081,-0.09155273,0.70487118,0.46997070,3.77516482,-1.50129688,-2.46855934,-0.09119532,0.70395277,0.46997249,-2.61411603,-1.62733348,-2.42659767,-0.06484985,0.72051144,0.46806335,0.14648438,0.16113281,-0.03417969,-0.16113281,-0.00000000,-0.01464844,0.38414001,1.34982737,1.37176514,-0.04882812
10.76619768,3695,-2.50806744,-1.54417308,-2.46894081,-0.09155273,0.70487118,0.46997070,3.77513325,-1.49701012,-2.46855934,-0.09143562,0.70405730,0.46997129,-2.61259015,-1.62504466,-2.42736061,-0.06637573,0.71936703,0.46844482,0.13183594,0.17578125,-0.06347656,-0.11718750,-0.07324219,-0.01464844,0.38375854,1.34960501,1.37138367,-0.04882812
10.77980161,3700,-2.50806744,-1.53959544,-2.46855934,-0.09155273,0.70487118,0.46997070,3.77512290,-1.49288815,-2.46830287,-0.09151436,0.70409155,0.46997090,-2.61068280,-1.62275584,-2.42812355,-0.06828308,0.71822262,0.46844482,0.12207031,0.15625000,-0.05859375,-0.14648438,-0.07324219,0.00000000,0.38375854,1.34937199,1.37100220,-0.07324219
10.79409671,3705,-2.50806744,-1.53463633,-2.46855934,-0.09155273,0.70487118,0.46997070,3.77511951,-1.48838598,-2.46821883,-0.09154016,0.70410277,0.46997077,-2.60839398,-1.62008555,-2.42926796,-0.07095337,0.71745968,0.46844482,0.13183594,0.16113281,-0.06835938,-0.16113281,-0.04394531,0.00000000,0.38337708,1.34884520,1.37023926,-0.07324219
10.81044388,3710,-2.50806744,-1.53044017,-2.46855934,-0.09155273,0.70487118,0.46997070,3.77511840,-1.48389911,-2.46819130,-0.09154861,0.70410645,0.46997072,-2.60648663,-1.61741526,-2.43041237,-0.07247925,0.71707821,0.46844482,0.12695312,0.16113281,-0.05859375,-0.11718750,-0.00000000,-0.02929688,0.38337708,1.34861008,1.36947632,-0.09765625
10.82596278,3715,-2.50806744,-1.52662547,-2.46855934,-0.09155273,0.70487118,0.46997070,3.77511804,-1.47976259,-2.46818227,-0.09155138,0.70410766,0.46997071,-2.60419782,-1.61474498,-2.43079384,-0.07400513,0.71631527,0.46844482,0.11230469,0.16113281,-0.04882812,-0.10253906,-0.02929688,-0.01464844,0.38299561,1.34808259,1.36833191,-0.07324219
10.83744502,3720,-2.50806744,-1.52395518,-2.46855934,-0.09155273,0.70487118,0.46997070,3.77511792,-1.47632034,-2.46817932,-0.09155229,0.70410805,0.46997071,-2.60305341,-1.61283763,-2.43155678,-0.07476807,0.71555234,0.46844482,0.14160156,0.17089844,-0.03417969,-0.08789062,-0.04394531,-0.01464844,0.38261414,1.34769466,1.36833191,-0.07324219
10.85184431,3725,-2.50806744,-1.52052195,-2.46855934,-0.09155273,0.70525265,0.46997070,3.77511788,-1.47298572,-2.46817835,-0.09155259,0.70418447,0.46997070,-2.60114606,-1.61054881,-2.43193825,-0.07553101,0.71478940,0.46844482,0.13183594,0.17578125,-0.04882812,-0.07324219,-0.04394531,-0.02929688,0.38261414,1.34726969,1.36756897,-0.02441406
10.86793923,3730,-2.50806744,-1.51670726,-2.46855934,-0.09155273,0.70563412,0.46997070,3.77511787,-1.46937717,-2.46817803,-0.09155269,0.70452702,0.46997070,-2.59885724,-1.60711558,-2.43308266,-0.07629395,0.71288205,0.46882629,0.11718750,0.18554688,-0.04882812,-0.05859375,-0.10253906,-0.01464844,0.38261414,1.34706794,1.36718750,-0.04882812
10.88071775,3735,-2.50806744,-1.51441844,-2.46855934,-0.09155273,0.70639706,0.46997070,3.77511786,-1.46627650,-2.46817793,-0.09155272,0.70520104,0.46997070,-2.59771283,-1.60482676,-2.43346413,-0.07820129,0.71135617,0.46882629,0.10742188,0.19042969,-0.03906250,-0.16113281,-0.10253906,-0.01464844,0.38261414,1.34700183,1.36680603,-0.04882812
10.89524627,3740,-2.50806744,-1.51212962,-2.46855934,-0.09155273,0.70754147,0.46997070,3.77511786,-1.46379197,-2.46817789,-0.09155273,0.70607216,0.46997070,-2.59580548,-1.60215647,-2.43422707,-0.08010864,0.71021176,0.46882629,0.11230469,0.19531250,-0.02441406,-0.14648438,-0.05859375,0.00000000,0.38108826,1.34563251,1.36642456,-0.07324219
10.90921497,3745,-2.50806744,-1.50907786,-2.46855934,-0.09155273,0.70906735,0.46997070,3.77511786,-1.46099688,-2.46817788,-0.09155273,0.70724238,0.46997070,-2.59389813,-1.59910472,-2.43460854,-0.08125305,0.70944882,0.46882629,0.10742188,0.18066406,-0.03906250,-0.05859375,-0.04394531,-0.01464844,0.37879944,1.34190598,1.36604309,-0.04882812
10.92554665,3750,-2.50806744,-1.50640757,-2.46855934,-0.09117126,0.71097470,0.46997070,3.77511786,-1.45819341,-2.46817788,-0.09147644,0.70874998,0.46997070,-2.59199078,-1.59643443,-2.43537148,-0.08163452,0.70983029,0.46882629,0.10742188,0.17578125,-0.03417969,-0.04394531,0.04394531,-0.01464844,0.37879944,1.34018096,1.36489868,-0.09765625
10.93960643,3755,-2.50768598,-1.50411875,-2.46817787,-0.09078979,0.71326352,0.46997070,3.77525519,-1.45561828,-2.46795266,-0.09113394,0.71072031,0.46997070,-2.59046491,-1.59376414,-2.43575295,-0.08239746,0.71021176,0.46882629,0.11718750,0.17089844,-0.01953125,-0.05859375,0.04394531,-0.01464844,0.37879944,1.33961571,1.36222839,-0.24414062
10.95467663,3760,-2.50768598,-1.50221141,-2.46817787,-0.09040833,0.71593381,0.46997070,3.77538808,-1.45349064,-2.46784761,-0.09076523,0.71316124,0.46997070,-2.58893903,-1.59109385,-2.43651589,-0.08277893,0.71021176,0.46882629,0.09765625,0.18554688,-0.02929688,-0.05859375,0.01464844,-0.01464844,0.37879944,1.33943048,1.36184692,-0.02441406
10.96821499,3765,-2.50730451,-1.49992259,-2.46779641,-0.08964539,0.71974850,0.46997070,3.77560021,-1.45125464,-2.46773689,-0.09013148,0.71645547,0.46997070,-2.58741315,-1.58842356,-2.43727883,-0.08354187,0.71021176,0.46920776,0.10253906,0.17578125,-0.04882812,-0.05859375,0.02929688,0.01464844,0.37841797,1.33885685,1.36146545,-0.04882812
10.98357320,3770,-2.50692304,-1.49801524,-2.46741494,-0.08926392,0.72241879,0.46997070,3.77604533,-1.44916929,-2.46738310,-0.08954820,0.71940980,0.46997070,-2.58588727,-1.58613475,-2.43766030,-0.08354187,0.71021176,0.46920776,0.11230469,0.18066406,-0.04882812,-0.01464844,0.02929688,-0.02929688,0.37803650,1.33815594,1.36146545,-0.02441406
10.99639368,3775,-2.50692304,-1.49763377,-2.46665200,-0.08850098,0.72508908,0.46997070,3.77619118,-1.44789892,-2.46682455,-0.08903358,0.72225617,0.46997070,-2.58474286,-1.58384593,-2.43842324,-0.08392334,0.71021176,0.46920776,0.08789062,0.17578125,-0.04394531,-0.04394531,-0.00000000,-0.02929688,0.37765503,1.33747583,1.36108398,-0.02441406
11.01044154,3780,-2.50692304,-1.49763377,-2.46550759,-0.08735657,0.72814084,0.46997070,3.77623898,-1.44748265,-2.46605229,-0.08809555,0.72496035,0.46997070,-2.58283551,-1.58079417,-2.43918618,-0.08468628,0.71021176,0.46920776,0.10253906,0.18066406,-0.03906250,-0.05859375,0.02929688,-0.02929688,0.37727356,1.33691581,1.36070251,-0.04882812
11.02328539,3785,-2.50692304,-1.49763377,-2.46474465,-0.08697510,0.73004818,0.46997070,3.77625464,-1.44734625,-2.46498698,-0.08741256,0.72737929,0.46997070,-2.58169110,-1.57850535,-2.43956765,-0.08506775,0.71097470,0.46958923,0.11718750,0.18066406,-0.03417969,-0.07324219,0.07324219,-0.01464844,0.37727356,1.33659168,1.36032104,-0.04882812
11.03859043,3790,-2.50692304,-1.49763377,-2.46283730,-0.08621216,0.73309994,0.46997070,3.77625977,-1.44730155,-2.46379598,-0.08690482,0.72990240,0.46997070,-2.58016522,-1.57583506,-2.43994912,-0.08621216,0.71135617,0.46958923,0.08789062,0.18066406,-0.02441406,-0.07324219,0.02929688,-0.01464844,0.37689209,1.33593738,1.35955811,-0.07324219
11.05143690,3795,-2.50692304,-1.49763377,-2.46092995,-0.08468628,0.73577023,0.46997070,3.77626145,-1.44728690,-2.46208381,-0.08581413,0.73276177,0.46997070,-2.57863934,-1.57354624,-2.44033058,-0.08659363,0.71135617,0.46958923,0.09765625,0.16113281,-0.01464844,-0.04394531,0.02929688,-0.01464844,0.37689209,1.33558235,1.35879517,-0.04882812
11.06649399,3800,-2.50692304,-1.49763377,-2.45940407,-0.08316040,0.73767758,0.46997070,3.77626200,-1.44728210,-2.46027765,-0.08424287,0.73527062,0.46997070,-2.57749494,-1.57087596,-2.44071205,-0.08659363,0.71288205,0.46958923,0.10253906,0.16113281,-0.02929688,0.00000000,0.14648438,-0.02929688,0.37689209,1.33562226,1.35765076,-0.09765625
11.08056974,3805,-2.50692304,-1.49763377,-2.45787819,-0.08316040,0.73958493,0.46997070,3.77626218,-1.44728053,-2.45867751,-0.08351510,0.73726961,0.46997070,-2.57635053,-1.56858714,-2.44109352,-0.08659363,0.71555234,0.46958923,0.08300781,0.16601562,-0.03417969,-0.01464844,0.20507812,-0.01464844,0.37727356,1.33594808,1.35688782,-0.12207031
11.09555030,3810,-2.50654157,-1.49763377,-2.45635231,-0.08316040,0.74339963,0.46997070,3.77633854,-1.44728002,-2.45717856,-0.08327663,0.74004695,0.46997070,-2.57482465,-1.56629832,-2.44147499,-0.08659363,0.71860409,0.46958923,0.09765625,0.16113281,-0.01464844,0.00000000,0.24902344,0.00000000,0.37689209,1.33580461,1.35612488,-0.07324219
11.10804629,3815,-2.50577863,-1.49763377,-2.45482643,-0.08316040,0.74683285,0.46997070,3.77684525,-1.44727985,-2.45573231,-0.08319849,0.74336047,0.46997070,-2.57368024,-1.56439097,-2.44185646,-0.08659363,0.72012997,0.46997070,0.08300781,0.13671875,-0.00488281,0.00000000,0.11718750,-0.01464844,0.37612915,1.33509206,1.35612488,-0.04882812
11.12304926,3820,-2.50577863,-1.49763377,-2.45330056,-0.08316040,0.75026608,0.46958923,3.77722271,-1.44727979,-2.45421055,-0.08317288,0.74681209,0.46971423,-2.57253583,-1.56210215,-2.44185646,-0.08659363,0.72127438,0.46997070,0.07324219,0.12695312,0.00488281,-0.02929688,0.11718750,-0.01464844,0.37574768,1.33408294,1.35536194,-0.09765625
11.13658142,3825,-2.50577863,-1.49763377,-2.45139321,-0.08277893,0.75331784,0.46958923,3.77734640,-1.44727977,-2.45260973,-0.08297833,0.74979272,0.46963019,-2.57100995,-1.55981333,-2.44185646,-0.08621216,0.72318173,0.46997070,0.10253906,0.16113281,-0.00976562,0.00000000,0.13183594,-0.01464844,0.37422180,1.33202571,1.35459900,-0.04882812
11.15181661,3830,-2.50501569,-1.49763377,-2.44948586,-0.08239746,0.75598813,0.46958923,3.77774948,-1.44727977,-2.45063632,-0.08261905,0.75291139,0.46960266,-2.56986554,-1.55752452,-2.44223793,-0.08621216,0.72432614,0.46997070,0.06347656,0.15625000,-0.03417969,-0.01464844,0.10253906,-0.01464844,0.37460327,1.33117899,1.35383606,-0.12207031
11.16557884,3835,-2.50501569,-1.49763377,-2.44757851,-0.08239746,0.75827694,0.46958923,3.77803195,-1.44727977,-2.44876396,-0.08247007,0.75550484,0.46959363,-2.56833966,-1.55523570,-2.44261940,-0.08621216,0.72585202,0.46997070,0.09277344,0.15136719,-0.02929688,-0.02929688,0.10253906,-0.01464844,0.37460327,1.33102361,1.35154724,-0.09765625
11.17778802,3840,-2.50501569,-1.49763377,-2.44567116,-0.08163452,0.75980282,0.46958923,3.77803222,-1.44727977,-2.44682902,-0.08205871,0.75752947,0.46959067,-2.56757672,-1.55332835,-2.44300087,-0.08659363,0.72623349,0.46997070,0.07812500,0.15136719,-0.01953125,-0.01464844,0.04394531,-0.01464844,0.37498474,1.33120340,1.35116577,-0.07324219
11.19337606,3845,-2.50539716,-1.49763377,-2.44414528,-0.08010864,0.76132870,0.46958923,3.77789938,-1.44727977,-2.44519888,-0.08107821,0.75927151,0.46958971,-2.56643231,-1.55142100,-2.44300087,-0.08621216,0.72661496,0.46997070,0.08789062,0.13183594,-0.00488281,0.00000000,0.04394531,-0.01464844,0.37460327,1.33103161,1.35078430,-0.02441406
11.20782709,3850,-2.50501569,-1.49763377,-2.44261940,-0.07972717,0.76285458,0.46920776,3.77790089,-1.44727977,-2.44347771,-0.08020113,0.76089801,0.46945206,-2.56528790,-1.54951365,-2.44338234,-0.08621216,0.72775937,0.46997070,0.06835938,0.11230469,-0.00488281,0.00000000,0.11718750,0.00000000,0.37460327,1.33103781,1.35040283,-0.07324219
11.22113776,3855,-2.50501569,-1.49763377,-2.44109352,-0.07934570,0.76399899,0.46882629,3.77808156,-1.44727977,-2.44194887,-0.07962601,0.76231953,0.46915049,-2.56376203,-1.54760630,-2.44338234,-0.08621216,0.73004818,0.46997070,0.08789062,0.11718750,-0.00488281,-0.01464844,0.16113281,0.00000000,0.37460327,1.33097735,1.35002136,-0.07324219
11.23496246,3860,-2.50501569,-1.49763377,-2.43994912,-0.07858276,0.76399899,0.46806335,3.77814077,-1.44727977,-2.44044949,-0.07902618,0.76293573,0.46856021,-2.56299909,-1.54608042,-2.44338234,-0.08583069,0.73157406,0.46997070,0.05859375,0.12695312,-0.00000000,0.00000000,0.19042969,0.00000000,0.37460327,1.33095753,1.35002136,-0.04882812
11.25085306,3865,-2.50539716,-1.49763377,-2.43766030,-0.07629395,0.76399899,0.46119690,3.77808387,-1.44727977,-2.43871867,-0.07762137,0.76313764,0.46516488,-2.56147321,-1.54341014,-2.44338234,-0.08583069,0.73691464,0.46997070,0.05859375,0.12695312,0.00976562,0.01464844,0.29296875,-0.02929688,0.37460327,1.33095104,1.34925842,-0.04882812
11.26626110,3870,-2.50501569,-1.49763377,-2.43613442,-0.07514954,0.76399899,0.45623779,3.77811027,-1.44727977,-2.43706460,-0.07610990,0.76320380,0.46039251,-2.56032880,-1.54150279,-2.44338234,-0.08506775,0.74072934,0.46997070,0.07324219,0.13183594,0.00488281,0.04394531,0.30761719,-0.01464844,0.37460327,1.33094891,1.34887695,-0.07324219
11.28049374,3875,-2.50501569,-1.49763377,-2.43422707,-0.07286072,0.76399899,0.45166016,3.77805789,-1.44727977,-2.43530128,-0.07450646,0.76322548,0.45535458,-2.55918439,-1.53959544,-2.44338234,-0.08392334,0.74530697,0.46997070,0.05859375,0.12695312,-0.00000000,0.08789062,0.32226562,-0.02929688,0.37460327,1.33094822,1.34773254,-0.09765625
11.29533315,3880,-2.50539716,-1.49763377,-2.43270119,-0.06980896,0.76399899,0.45013428,3.77787654,-1.44727977,-2.43369760,-0.07203086,0.76323259,0.45212661,-2.55842145,-1.53806956,-2.44338234,-0.08239746,0.74835873,0.46920776,0.05859375,0.10742188,0.00488281,0.07324219,0.21972656,-0.05859375,0.37498474,1.33110058,1.34658813,-0.09765625
11.30811858,3885,-2.50539716,-1.49763377,-2.43155678,-0.06790161,0.76361752,0.44708252,3.77781711,-1.44727977,-2.43225230,-0.06957548,0.76297845,0.44947462,-2.55727704,-1.53616221,-2.44338234,-0.08201599,0.74950314,0.46844482,0.07324219,0.09765625,0.00976562,0.00000000,0.07324219,-0.10253906,0.37498474,1.33151085,1.34620667,-0.07324219
11.32044196,3890,-2.50539716,-1.49763377,-2.43079384,-0.06637573,0.76361752,0.44364929,3.77779764,-1.44727977,-2.43111684,-0.06770596,0.76289517,0.44624075,-2.55651410,-1.53463633,-2.44338234,-0.08201599,0.75026608,0.46730042,0.05859375,0.12207031,0.00488281,-0.02929688,0.05859375,-0.08789062,0.37460327,1.33141458,1.34620667,-0.02441406
11.33534956,3895,-2.50539716,-1.49763377,-2.43003090,-0.06408691,0.76361752,0.44326782,3.77779126,-1.44727977,-2.43028066,-0.06573179,0.76286788,0.44427324,-2.55575116,-1.53311045,-2.44338234,-0.08201599,0.75026608,0.46730042,0.06835938,0.12207031,0.00488281,-0.01464844,-0.00000000,-0.04394531,0.37498474,1.33137546,1.34582520,-0.04882812
11.34870005,3900,-2.50539716,-1.49763377,-2.42926796,-0.06179810,0.76399899,0.44326782,3.77785020,-1.44727977,-2.42952351,-0.06343914,0.76311541,0.44359728,-2.55460675,-1.53158457,-2.44338234,-0.08201599,0.74874020,0.46577454,0.05859375,0.10742188,0.00488281,0.00000000,-0.08789062,-0.11718750,0.37460327,1.33118564,1.34544373,-0.02441406
11.36197424,3905,-2.50501569,-1.49763377,-2.42850502,-0.06027222,0.76399899,0.44326782,3.77806495,-1.44727977,-2.42870143,-0.06149941,0.76319652,0.44337578,-2.55384381,-1.53044017,-2.44338234,-0.08087158,0.74874020,0.46424866,0.06347656,0.09277344,0.00488281,0.07324219,0.01464844,-0.16113281,0.37460327,1.33126407,1.34506226,-0.04882812
11.37412977,3910,-2.50501569,-1.49763377,-2.42659767,-0.05798340,0.76399899,0.44288635,3.77810407,-1.44727977,-2.42743144,-0.05967752,0.76322310,0.44307798,-2.55308087,-1.52891429,-2.44300087,-0.07934570,0.74874020,0.46348572,0.05371094,0.09765625,0.00976562,0.11718750,0.01464844,-0.02929688,0.37498474,1.33156443,1.34468079,-0.07324219
11.39169836,3915,-2.50501569,-1.49763377,-2.42507180,-0.05455017,0.76399899,0.44097900,3.77814814,-1.44727977,-2.42595035,-0.05723421,0.76323181,0.44235771,-2.55193646,-1.52700694,-2.44300087,-0.07781982,0.74912167,0.46272278,0.04882812,0.10253906,0.01464844,0.07324219,0.04394531,-0.04394531,0.37498474,1.33166285,1.34429932,-0.04882812
11.40632629,3920,-2.50501569,-1.49763377,-2.42430886,-0.05187988,0.76438046,0.43487549,3.77816258,-1.44727977,-2.42474066,-0.05418566,0.76331095,0.43871935,-2.55079205,-1.52548106,-2.44261940,-0.07514954,0.75026608,0.46119690,0.06835938,0.09765625,0.03906250,0.16113281,0.11718750,-0.13183594,0.37498474,1.33169510,1.34315491,-0.12207031
11.42286253,3925,-2.50501569,-1.49763377,-2.42278298,-0.04806519,0.76476193,0.42762756,3.77816731,-1.44727977,-2.42341849,-0.05101215,0.76370322,0.43318400,-2.55041058,-1.52357371,-2.44223793,-0.07362366,0.75141049,0.45890808,0.03417969,0.12207031,0.03417969,0.10253906,0.10253906,-0.17578125,0.37460327,1.33137730,1.34048462,-0.19531250
11.43685842,3930,-2.50501569,-1.49763377,-2.42125710,-0.04501343,0.76476193,0.42381287,3.77816886,-1.44727977,-2.42191200,-0.04754403,0.76390207,0.42751104,-2.54888471,-1.52204783,-2.44147499,-0.07095337,0.75293637,0.45471191,0.06835938,0.11718750,0.03906250,0.08789062,0.08789062,-0.26367188,0.37460327,1.33108859,1.34010315,-0.04882812
11.45319533,3935,-2.50539716,-1.49763377,-2.41896828,-0.04081726,0.76399899,0.41923523,3.77805402,-1.44727977,-2.42002846,-0.04376465,0.76352461,0.42294070,-2.54812177,-1.52014048,-2.44109352,-0.07057190,0.75408078,0.45280457,0.05371094,0.12207031,0.03417969,0.01464844,0.10253906,-0.13183594,0.37460327,1.33099398,1.34010315,-0.04882812
11.47049451,3940,-2.50501569,-1.49763377,-2.41706093,-0.03623962,0.76399899,0.41656494,3.77807070,-1.44727977,-2.41812891,-0.03955211,0.76333060,0.41891977,-2.54697736,-1.51861460,-2.44033058,-0.06980896,0.75560666,0.45051575,0.06835938,0.08300781,0.02441406,0.05859375,0.07324219,-0.16113281,0.37498474,1.33147592,1.33972168,-0.04882812
11.48261905,3945,-2.50501569,-1.49763377,-2.41515358,-0.03395081,0.76399899,0.41656494,3.77813721,-1.44727977,-2.41633398,-0.03639854,0.76326703,0.41733657,-2.54659589,-1.51785166,-2.44033058,-0.06790161,0.75560666,0.44670105,0.02929688,0.06835938,0.01953125,0.14648438,-0.00000000,-0.33691406,0.37574768,1.33223687,1.34010315,0.00000000
11.49624968,3950,-2.50501569,-1.49763377,-2.41400917,-0.03242493,0.76399899,0.41656494,3.77815900,-1.44727977,-2.41473520,-0.03394770,0.76324620,0.41681779,-2.54583295,-1.51632579,-2.43994912,-0.06523132,0.75560666,0.44441223,0.05371094,0.08300781,0.03906250,0.17578125,-0.00000000,-0.13183594,0.37651062,1.33369667,1.33972168,0.00000000
11.51031399,3955,-2.50501569,-1.49763377,-2.41248329,-0.02899170,0.76361752,0.41656494,3.77816614,-1.44727977,-2.41324647,-0.03119674,0.76305322,0.41664779,-2.54507001,-1.51556285,-2.43956765,-0.06256104,0.75560666,0.44441223,0.05859375,0.06835938,0.02441406,0.17578125,0.01464844,-0.04394531,0.37803650,1.33626193,1.33972168,-0.02441406
11.52740717,3960,-2.50501569,-1.49763377,-2.41133889,-0.02593994,0.76361752,0.41656494,3.77816848,-1.44727977,-2.41198923,-0.02841542,0.76291967,0.41659209,-2.54430707,-1.51403697,-2.43918618,-0.05989075,0.75560666,0.44212341,0.04882812,0.07812500,0.01953125,0.14648438,0.02929688,-0.17578125,0.37803650,1.33730564,1.33934021,-0.02441406
11.54261255,3965,-2.50501569,-1.49763377,-2.41019448,-0.02365112,0.76361752,0.41656494,3.77816925,-1.44727977,-2.41074681,-0.02573231,0.76287591,0.41657384,-2.54316266,-1.51212962,-2.43880471,-0.05760193,0.75598813,0.43945312,0.06347656,0.07812500,0.03417969,0.16113281,0.04394531,-0.10253906,0.37803650,1.33764764,1.33934021,-0.02441406
11.55609775,3970,-2.50501569,-1.49763377,-2.40905007,-0.02174377,0.76361752,0.41656494,3.77816950,-1.44727977,-2.40960008,-0.02330269,0.76286157,0.41656786,-2.54239972,-1.51098521,-2.43842324,-0.05493164,0.75636960,0.43792725,0.05859375,0.10742188,0.04394531,0.19042969,0.02929688,-0.13183594,0.37803650,1.33775971,1.33934021,-0.07324219
11.57178688,3975,-2.50501569,-1.49763377,-2.40790566,-0.01907349,0.76285458,0.41618347,3.77816958,-1.44727977,-2.40845490,-0.02099154,0.76249432,0.41648960,-2.54163678,-1.50984080,-2.43766030,-0.05264282,0.75636960,0.43678284,0.03906250,0.09765625,0.05859375,0.14648438,0.02929688,-0.07324219,0.37803650,1.33779643,1.33934021,0.02441406
11.58607244,3980,-2.50501569,-1.49763377,-2.40676125,-0.01754761,0.76209164,0.41580200,3.77816961,-1.44727977,-2.40734149,-0.01902817,0.76181222,0.41614646,-2.54087384,-1.50831492,-2.43689736,-0.04959106,0.75713254,0.43601990,0.04394531,0.07324219,0.04394531,0.21972656,0.08789062,-0.10253906,0.37803650,1.33780847,1.33934021,-0.02441406
11.60129738,3985,-2.50501569,-1.49763377,-2.40561684,-0.01487732,0.76056576,0.41160583,3.77816962,-1.44727977,-2.40617599,-0.01684001,0.76074300,0.41434371,-2.54011090,-1.50678904,-2.43651589,-0.04615784,0.75903988,0.43411255,0.04394531,0.08300781,0.03417969,0.17578125,0.14648438,-0.14648438,0.37841797,1.33832535,1.33934021,-0.02441406
11.61541224,3990,-2.50501569,-1.49763377,-2.40447243,-0.01144409,0.76018429,0.40664673,3.77816962,-1.44727977,-2.40502467,-0.01400422,0.75992474,0.41005315,-2.53972943,-1.50602610,-2.43575295,-0.04386902,0.76018429,0.43182373,0.04394531,0.07324219,0.05859375,0.10253906,0.07324219,-0.13183594,0.37841797,1.33849472,1.33934021,-0.04882812
11.62824130,3995,-2.50501569,-1.49763377,-2.40370949,-0.00839233,0.75942135,0.40245056,3.77816962,-1.44727977,-2.40403437,-0.01095292,0.75922376,0.40614295,-2.53896649,-1.50488169,-2.43537148,-0.04272461,0.76056576,0.42877197,0.02441406,0.06347656,0.03906250,0.08789062,0.05859375,-0.24902344,0.37879944,1.33870281,1.33934021,0.00000000
11.64007068,4000,-2.50501569,-1.49763377,-2.40256508,-0.00610352,0.75789547,0.39901733,3.77816962,-1.44727977,-2.40304056,-0.00809345,0.75809952,0.40194698,-2.53858502,-1.50450022,-2.43460854,-0.04196167,0.76132870,0.42762756,0.05859375,0.05859375,0.05371094,0.02929688,0.08789062,-0.11718750,0.37879944,1.33913135,1.33934021,-0.02441406
11.65506506,4005,-2.50501569,-1.49763377,-2.40142067,-0.00381470,0.75675107,0.39710999,3.77816962,-1.44727977,-2.40201581,-0.00568795,0.75690069,0.39898599,-2.53782208,-1.50335581,-2.43384560,-0.03967285,0.76209164,0.42572021,0.04394531,0.05371094,0.04882812,0.13183594,0.05859375,-0.13183594,0.37879944,1.33927177,1.33934021,0.00000000
11.66830921,4010,-2.50501569,-1.49763377,-2.39989479,-0.00152588,0.75560666,0.39329529,3.77816962,-1.44727977,-2.40069515,-0.00350201,0.75579949,0.39619517,-2.53744061,-1.50259288,-2.43346413,-0.03776550,0.76247311,0.42457581,0.02441406,0.06347656,0.03417969,0.17578125,0.02929688,-0.11718750,0.37879944,1.33931778,1.33934021,0.00000000
11.68145967,4015,-2.50501569,-1.49763377,-2.39836891,0.00076294,0.75331784,0.39100647,3.77816962,-1.44727977,-2.39926631,-0.00112776,0.75426017,0.39319987,-2.53667767,-1.50144847,-2.43308266,-0.03547668,0.76247311,0.42114258,0.04394531,0.08300781,0.04394531,0.11718750,-0.00000000,-0.30761719,0.37879944,1.33933286,1.33895874,-0.07324219
11.69585752,4020,-2.50501569,-1.49763377,-2.39722451,0.00267029,0.75217343,0.39062500,3.77816962,-1.44727977,-2.39790663,0.00097604,0.75267484,0.39146873,-2.53629620,-1.50068553,-2.43270119,-0.03356934,0.76209164,0.41847229,0.03906250,0.07324219,0.04394531,0.16113281,-0.04394531,-0.20507812,0.37918091,1.33958805,1.33934021,-0.02441406
11.70916986,4025,-2.50501569,-1.49763377,-2.39608010,0.00419617,0.75102902,0.39062500,3.77816962,-1.44727977,-2.39661160,0.00285926,0.75124484,0.39090147,-2.53553327,-1.49954112,-2.43193825,-0.03013611,0.76171017,0.41847229,0.02441406,0.05371094,0.04882812,0.23437500,-0.01464844,-0.04394531,0.37918091,1.33993436,1.33934021,-0.02441406
11.72242069,4030,-2.50501569,-1.49763377,-2.39493569,0.00495911,0.74950314,0.39062500,3.77816962,-1.44727977,-2.39547887,0.00412064,0.74981141,0.39071560,-2.53515180,-1.49839671,-2.43155678,-0.02784729,0.76056576,0.41732788,0.02929688,0.08789062,0.04882812,0.13183594,-0.05859375,-0.08789062,0.37956238,1.34049828,1.33934021,0.00000000
11.73603177,4035,-2.50501569,-1.49763377,-2.39417275,0.00610352,0.74874020,0.39062500,3.77816962,-1.44727977,-2.39448489,0.00513297,0.74876773,0.39065469,-2.53438886,-1.49763377,-2.43041237,-0.02517700,0.76056576,0.41542053,0.04394531,0.04394531,0.04882812,0.13183594,-0.02929688,-0.20507812,0.37956238,1.34038521,1.33934021,-0.02441406
11.75012302,4040,-2.50501569,-1.49763377,-2.39302834,0.00686646,0.74759579,0.39062500,3.77816962,-1.44727977,-2.39343861,0.00622811,0.74779744,0.39063473,-2.53362592,-1.49648936,-2.43003090,-0.02250671,0.75942135,0.41236877,0.04882812,0.08300781,0.05371094,0.21972656,-0.04394531,-0.11718750,0.37956238,1.34070852,1.33934021,-0.04882812
11.76411438,4045,-2.50501569,-1.49763377,-2.39226540,0.00724792,0.74568844,0.39062500,3.77816962,-1.44727977,-2.39251251,0.00691375,0.74623621,0.39062819,-2.53362592,-1.49572642,-2.42888649,-0.01945496,0.75903988,0.41084290,0.01464844,0.03417969,0.06835938,0.16113281,-0.01464844,-0.10253906,0.37994385,1.34122974,1.33895874,-0.07324219
11.77728319,4050,-2.50501569,-1.49763377,-2.39188393,0.00724792,0.74530697,0.39062500,3.77816962,-1.44727977,-2.39190374,0.00713842,0.74512978,0.39062604,-2.53286298,-1.49496348,-2.42850502,-0.01792908,0.75827694,0.41084290,0.03906250,0.07324219,0.05859375,0.10253906,-0.04394531,-0.02929688,0.37994385,1.34140053,1.33934021,-0.02441406
11.78902674,4055,-2.50501569,-1.49763377,-2.39150246,0.00724792,0.74492550,0.39062500,3.77816962,-1.44727977,-2.39137748,0.00721204,0.74447950,0.39062534,-2.53248151,-1.49381907,-2.42812355,-0.01716614,0.75636960,0.40969849,0.02929688,0.05371094,0.04394531,0.07324219,-0.17578125,-0.08789062,0.37994385,1.34143208,1.33934021,0.00000000
11.80249572,4060,-2.50501569,-1.49763377,-2.39150246,0.00724792,0.74454403,0.39062500,3.77816962,-1.44727977,-2.39120504,0.00723617,0.74400995,0.39062511,-2.53171857,-1.49305613,-2.42697914,-0.01564026,0.75484372,0.40779114,0.04882812,0.05371094,0.06347656,0.11718750,-0.08789062,-0.14648438,0.37956238,1.34117362,1.33934021,-0.02441406
11.81738830,4065,-2.50501569,-1.49763377,-2.39150246,0.00724792,0.74416256,0.39062500,3.77816962,-1.44727977,-2.39114853,0.00724407,0.74363087,0.39062504,-2.53133710,-1.49229319,-2.42621620,-0.01411438,0.75369931,0.40588379,0.02441406,0.05859375,0.05859375,0.10253906,-0.05859375,-0.16113281,0.37956238,1.34108893,1.33934021,-0.02441406
11.83031845,4070,-2.50501569,-1.49763377,-2.39150246,0.00724792,0.74378110,0.39062500,3.77816962,-1.44727977,-2.39113001,0.00724666,0.74325018,0.39062501,-2.53095563,-1.49153025,-2.42621620,-0.01258850,0.75293637,0.40359497,0.01953125,0.04882812,0.02441406,0.10253906,-0.05859375,-0.23437500,0.37994385,1.34126748,1.33934021,0.00000000
11.84613395,4075,-2.50501569,-1.49763377,-2.39150246,0.00724792,0.74301816,0.39062500,3.77816962,-1.44727977,-2.39112395,0.00724751,0.74279267,0.39062500,-2.53057416,-1.49038584,-2.42545327,-0.01029968,0.75217343,0.40206909,0.02929688,0.05371094,0.05371094,0.10253906,-0.01464844,-0.04394531,0.37956238,1.34099762,1.33934021,0.00000000
11.86176324,4080,-2.50501569,-1.49763377,-2.39112099,0.00724792,0.74187375,0.39062500,3.77816962,-1.44727977,-2.39093580,0.00724779,0.74187335,0.39062500,-2.52981122,-1.49000437,-2.42469033,-0.00991821,0.75141049,0.40168762,0.02441406,0.03417969,0.05859375,0.02929688,-0.05859375,-0.02929688,0.37956238,1.34090919,1.33934021,-0.02441406
11.87447119,4085,-2.50501569,-1.49763377,-2.39073952,0.00724792,0.74149228,0.39062500,3.77816962,-1.44727977,-2.39061768,0.00724788,0.74117452,0.39062500,-2.52942975,-1.48924144,-2.42392739,-0.00953674,0.75026608,0.40092468,0.04394531,0.04394531,0.03906250,0.02929688,-0.04394531,-0.08789062,0.37956238,1.34088021,1.33934021,0.00000000
11.88912606,4090,-2.50501569,-1.49763377,-2.39035805,0.00724792,0.74034787,0.39062500,3.77816962,-1.44727977,-2.39021791,0.00724791,0.74035629,0.39062500,-2.52904828,-1.48809703,-2.42316445,-0.00762939,0.75064755,0.39978027,0.01464844,0.04394531,0.05371094,0.10253906,0.01464844,-0.08789062,0.37956238,1.34087072,1.33934021,0.00000000
11.90471959,4095,-2.50501569,-1.49763377,-2.38959511,0.00724792,0.73882199,0.39062500,3.77816962,-1.44727977,-2.38973217,0.00724792,0.73918144,0.39062500,-2.52828534,-1.48771556,-2.42240151,-0.00648499,0.75064755,0.39978027,0.03906250,0.05371094,0.05859375,0.08789062,-0.00000000,-0.01464844,0.37956238,1.34086761,1.33934021,-0.02441406
11.92166638,4100,-2.50501569,-1.49763377,-2.38845070,0.00686646,0.73691464,0.39062500,3.77816962,-1.44727977,-2.38886463,0.00711059,0.73751411,0.39062500,-2.52790387,-1.48657115,-2.42163857,-0.00381470,0.75064755,0.39901733,0.01464844,0.05371094,0.05859375,0.14648438,0.01464844,-0.07324219,0.37994385,1.34101917,1.33934021,-0.04882812
11.93353820,4105,-2.50501569,-1.49763377,-2.38730629,0.00686646,0.73348141,0.39062500,3.77816962,-1.44727977,-2.38778116,0.00694645,0.73509118,0.39062500,-2.52752240,-1.48580821,-2.42125710,-0.00228882,0.75064755,0.39825439,0.02441406,0.04882812,0.04394531,0.07324219,-0.00000000,-0.07324219,0.37994385,1.34142919,1.33934021,0.00000000
11.95113230,4110,-2.50501569,-1.49763377,-2.38501747,0.00686646,0.72890378,0.39062500,3.77816962,-1.44727977,-2.38616759,0.00689267,0.73147057,0.39062500,-2.52714093,-1.48466380,-2.42049416,-0.00228882,0.74950314,0.39520264,0.01953125,0.04882812,0.03417969,0.00000000,-0.05859375,-0.19042969,0.37994385,1.34156355,1.33934021,0.00000000
11.96359444,4115,-2.50501569,-1.49763377,-2.38387307,0.00686646,0.72661496,0.39062500,3.77816962,-1.44727977,-2.38467706,0.00687504,0.72819115,0.39062500,-2.52675946,-1.48428233,-2.42011269,-0.00228882,0.74874020,0.39520264,0.02929688,0.03906250,0.05859375,0.01464844,-0.05859375,-0.01464844,0.37994385,1.34160757,1.33934021,0.00000000
11.97751856,4120,-2.50501569,-1.49763377,-2.38196572,0.00686646,0.72318173,0.39062500,3.77816962,-1.44727977,-2.38304741,0.00686927,0.72519065,0.39062500,-2.52637799,-1.48313792,-2.41934975,-0.00190735,0.74683285,0.39482117,0.01953125,0.05859375,0.04394531,0.00000000,-0.10253906,-0.02929688,0.38032532,1.34177459,1.33895874,-0.02441406
11.99229097,4125,-2.50501569,-1.49763377,-2.38120278,0.00686646,0.72089291,0.39062500,3.77816962,-1.44727977,-2.38162107,0.00686738,0.72216716,0.39062500,-2.52599652,-1.48275645,-2.41858681,-0.00152588,0.74492550,0.39520264,0.01464844,0.02441406,0.04394531,0.02929688,-0.13183594,-0.01464844,0.38070679,1.34246432,1.33934021,-0.04882812
12.00889707,4130,-2.50501569,-1.49763377,-2.37967690,0.00686646,0.71745968,0.39062500,3.77816962,-1.44727977,-2.38030798,0.00686676,0.71896048,0.39062500,-2.52523358,-1.48199351,-2.41782387,-0.00038147,0.74339963,0.39482117,0.04394531,0.05371094,0.05859375,0.07324219,-0.08789062,-0.01464844,0.38185120,1.34396646,1.33934021,-0.04882812
12.02179432,4135,-2.50501569,-1.49763377,-2.37929543,0.00686646,0.71555234,0.39062500,3.77816962,-1.44727977,-2.37940200,0.00686655,0.71644719,0.39062500,-2.52485211,-1.48123057,-2.41744240,0.00000000,0.74187375,0.39482117,0.00976562,0.05371094,0.04882812,0.01464844,-0.08789062,-0.01464844,0.38375854,1.34711810,1.33934021,0.00000000
12.03662634,4140,-2.50501569,-1.49763377,-2.37929543,0.00724792,0.71517087,0.39062500,3.77816962,-1.44727977,-2.37907388,0.00712296,0.71507615,0.39062500,-2.52447064,-1.48084910,-2.41667946,0.00038147,0.73996640,0.39443970,0.01953125,0.02929688,0.04394531,-0.01464844,-0.10253906,-0.05859375,0.38414001,1.34892940,1.33934021,-0.04882812
12.04953241,4145,-2.50501569,-1.49763377,-2.37929543,0.00724792,0.71517087,0.39062500,3.77816962,-1.44727977,-2.37896636,0.00720698,0.71462689,0.39062500,-2.52447064,-1.48008616,-2.41553505,0.00038147,0.73805905,0.39367676,0.00488281,0.04882812,0.07324219,0.00000000,-0.14648438,-0.05859375,0.38452148,1.34981613,1.33934021,-0.02441406
12.06450367,4150,-2.50501569,-1.49763377,-2.37929543,0.00724792,0.71478940,0.39062500,3.77816962,-1.44727977,-2.37893113,0.00723451,0.71434235,0.39062500,-2.52408917,-1.47932322,-2.41477211,0.00076294,0.73615170,0.39291382,0.01953125,0.04394531,0.05371094,0.00000000,-0.08789062,-0.05859375,0.38452148,1.35040455,1.33934021,-0.02441406
12.08180904,4155,-2.50501569,-1.49763377,-2.37929543,0.00724792,0.71440793,0.39062500,3.77816962,-1.44727977,-2.37891959,0.00724353,0.71394381,0.39062500,-2.52332623,-1.47856028,-2.41400917,0.00114441,0.73462582,0.39291382,0.02929688,0.02929688,0.04882812,0.01464844,-0.07324219,-0.01464844,0.38452148,1.35065987,1.33934021,0.00000000
12.09486675,4160,-2.50501569,-1.49763377,-2.37929543,0.00686646,0.71440793,0.39062500,3.77816962,-1.44727977,-2.37891580,0.00702126,0.71374291,0.39062500,-2.52332623,-1.47817881,-2.41324623,0.00114441,0.73348141,0.39291382,0.02441406,0.04394531,0.06347656,0.01464844,-0.07324219,-0.02929688,0.38452148,1.35074353,1.33934021,0.00000000
12.11013198,4165,-2.50501569,-1.49763377,-2.37929543,0.00686646,0.71440793,0.39062500,3.77816962,-1.44727977,-2.37891456,0.00691718,0.71367707,0.39062500,-2.52256329,-1.47741587,-2.41286476,0.00190735,0.73119259,0.39291382,0.02441406,0.04394531,0.04394531,0.02929688,-0.11718750,-0.01464844,0.38452148,1.35077094,1.33934021,-0.02441406
12.12587070,4170,-2.50501569,-1.49763377,-2.37929543,0.00686646,0.71440793,0.39062500,3.77816962,-1.44727977,-2.37891416,0.00688308,0.71365550,0.39062500,-2.52256329,-1.47703440,-2.41210183,0.00228882,0.72928525,0.39291382,0.00488281,0.02441406,0.05371094,0.02929688,-0.19042969,-0.02929688,0.38452148,1.35077992,1.33934021,-0.04882812
12.13854313,4175,-2.50501569,-1.49763377,-2.37929543,0.00686646,0.71440793,0.39062500,3.77816962,-1.44727977,-2.37891402,0.00687190,0.71364843,0.39062500,-2.52218182,-1.47665293,-2.41133889,0.00419617,0.72547055,0.39253235,0.01464844,0.03417969,0.06347656,0.10253906,-0.19042969,-0.01464844,0.38452148,1.35078287,1.33934021,0.00000000
12.15084434,4180,-2.50501569,-1.49763377,-2.37929543,0.00686646,0.71440793,0.39062500,3.77816962,-1.44727977,-2.37891398,0.00686824,0.71364612,0.39062500,-2.52180036,-1.47627146,-2.41095742,0.00495911,0.72394467,0.39253235,0.02441406,0.02441406,0.03906250,0.08789062,-0.11718750,0.00000000,0.38452148,1.35078383,1.33934021,0.00000000
12.16784358,4185,-2.50501569,-1.49763377,-2.37929543,0.00686646,0.71440793,0.39062500,3.77816962,-1.44727977,-2.37891397,0.00686704,0.71364536,0.39062500,-2.52141889,-1.47550852,-2.41019448,0.00534058,0.72280026,0.39253235,0.01464844,0.03906250,0.03906250,0.00000000,-0.04394531,-0.02929688,0.38452148,1.35078415,1.33934021,-0.02441406
12.18233681,4190,-2.50501569,-1.49763377,-2.37929543,0.00686646,0.71440793,0.39062500,3.77816962,-1.44727977,-2.37891396,0.00686665,0.71364511,0.39062500,-2.52103742,-1.47512706,-2.40981301,0.00495911,0.72127438,0.39253235,0.02929688,0.02441406,0.05859375,0.00000000,-0.05859375,0.00000000,0.38452148,1.35078425,1.33934021,-0.02441406
12.19664454,4195,-2.50501569,-1.49763377,-2.37929543,0.00686646,0.71440793,0.39062500,3.77816962,-1.44727977,-2.37891396,0.00686652,0.71364503,0.39062500,-2.52065595,-1.47436412,-2.40905007,0.00495911,0.72089291,0.39253235,0.01953125,0.04394531,0.05859375,-0.02929688,-0.04394531,-0.01464844,0.38452148,1.35078429,1.33972168,-0.02441406
12.21670151,4200,-2.50501569,-1.49763377,-2.37929543,0.00686646,0.71440793,0.39062500,3.77816962,-1.44727977,-2.37891396,0.00686648,0.71364500,0.39062500,-2.52065595,-1.47360118,-2.40828713,0.00495911,0.72127438,0.39253235,0.00488281,0.03417969,0.03906250,0.01464844,0.02929688,-0.02929688,0.38452148,1.35078430,1.33972168,0.02441406
12.22841740,4205,-2.50501569,-1.49763377,-2.37929543,0.00686646,0.71440793,0.39062500,3.77816962,-1.44727977,-2.37891396,0.00686646,0.71364499,0.39062500,-2.52027448,-1.47321971,-2.40752419,0.00495911,0.72127438,0.39253235,0.01464844,0.01953125,0.04882812,0.00000000,0.02929688,-0.02929688,0.38452148,1.35078430,1.33934021,0.00000000
12.24157763,4210,-2.50501569,-1.49763377,-2.37929543,0.00686646,0.71440793,0.39062500,3.77805976,-1.44727977,-2.37891396,0.00686646,0.71364499,0.39062500,-2.51989301,-1.47283824,-2.40714272,0.00534058,0.72165585,0.39215088,0.01953125,0.03906250,0.04394531,-0.01464844,0.02929688,-0.01464844,0.38452148,1.35078430,1.33972168,-0.04882812
12.25505948,4215,-2.50501569,-1.49763377,-2.37929543,0.00686646,0.71440793,0.39062500,3.77798469,-1.44727977,-2.37891396,0.00686646,0.71364499,0.39062500,-2.51989301,-1.47245677,-2.40637978,0.00534058,0.72165585,0.39215088,0.00976562,0.01464844,0.04394531,-0.01464844,0.01464844,-0.02929688,0.38452148,1.35078430,1.33972168,-0.02441406
12.27049923,4220,-2.50539716,-1.49763377,-2.37929543,0.00686646,0.71440793,0.39062500,3.77789162,-1.44727977,-2.37891396,0.00686646,0.71364499,0.39062500,-2.51951154,-1.47207530,-2.40599831,0.00495911,0.72127438,0.39215088,0.00976562,0.02441406,0.04394531,-0.01464844,-0.01464844,-0.02929688,0.38452148,1.35078430,1.33972168,-0.02441406
12.28431988,4225,-2.50501569,-1.49763377,-2.37929543,0.00686646,0.71440793,0.39062500,3.77807852,-1.44727977,-2.37891396,0.00686646,0.71364499,0.39062500,-2.51913007,-1.47169383,-2.40561684,0.00534058,0.72051144,0.39215088,0.01464844,0.00976562,0.02929688,0.00000000,-0.02929688,0.00000000,0.38452148,1.35072180,1.33972168,0.02441406
12.29852366,4230,-2.50539716,-1.49763377,-2.37929543,0.00686646,0.71440793,0.39062500,3.77801465,-1.44727977,-2.37891396,0.00686646,0.71364499,0.39062500,-2.51874860,-1.47131236,-2.40523537,0.00534058,0.72012997,0.39215088,0.01953125,0.01953125,0.02929688,-0.01464844,-0.02929688,0.00000000,0.38414001,1.35025088,1.33972168,0.00000000
12.31290627,4235,-2.50539716,-1.49763377,-2.37929543,0.00686646,0.71440793,0.39062500,3.77786237,-1.44727977,-2.37891396,0.00686646,0.71364499,0.39062500,-2.51874860,-1.47093089,-2.40485390,0.00495911,0.71936703,0.39176941,0.00488281,0.03417969,0.04394531,-0.01464844,-0.04394531,-0.02929688,0.38414001,1.35009657,1.34010315,0.00000000
12.32803416,4240,-2.50539716,-1.49763377,-2.37929543,0.00686646,0.71440793,0.39062500,3.77781247,-1.44727977,-2.37891396,0.00686646,0.71364499,0.39062500,-2.51836713,-1.47054942,-2.40409096,0.00534058,0.71898556,0.39176941,0.02441406,0.02441406,0.04394531,-0.01464844,-0.00000000,-0.01464844,0.38414001,1.35004601,1.34010315,0.02441406
12.34135509,4245,-2.50539716,-1.49763377,-2.37929543,0.00686646,0.71440793,0.39062500,3.77779612,-1.44727977,-2.37891396,0.00686646,0.71364499,0.39062500,-2.51798566,-1.46978648,-2.40370949,0.00534058,0.71860409,0.39176941,0.01464844,0.03417969,0.02929688,-0.01464844,-0.01464844,0.00000000,0.38414001,1.34990737,1.34010315,-0.02441406
12.35542417,4250,-2.50501569,-1.49763377,-2.37929543,0.00686646,0.71440793,0.39062500,3.77786706,-1.44727977,-2.37891396,0.00686646,0.71364499,0.39062500,-2.51798566,-1.46940501,-2.40332802,0.00534058,0.71898556,0.39176941,0.00488281,0.01464844,0.04394531,0.00000000,0.02929688,-0.01464844,0.38414001,1.34970178,1.34010315,-0.02441406
12.36824918,4255,-2.50539716,-1.49763377,-2.37929543,0.00686646,0.71440793,0.39062500,3.77794535,-1.44727977,-2.37891396,0.00686646,0.71364499,0.39062500,-2.51798566,-1.46902354,-2.40256508,0.00534058,0.71898556,0.39176941,0.00976562,0.04882812,0.04882812,0.00000000,0.01464844,-0.02929688,0.38414001,1.34955629,1.34010315,-0.02441406
12.38237691,4260,-2.50539716,-1.49763377,-2.37929543,0.00686646,0.71440793,0.39062500,3.77791974,-1.44727977,-2.37891396,0.00686646,0.71364499,0.39062500,-2.51760419,-1.46864207,-2.40218361,0.00572205,0.71936703,0.39138794,0.01464844,0.00488281,0.03417969,-0.01464844,0.04394531,-0.01464844,0.38414001,1.34969319,1.34010315,-0.02441406
12.39613676,4265,-2.50539716,-1.49763377,-2.37929543,0.00686646,0.71440793,0.39062500,3.77791916,-1.44727977,-2.37891396,0.00686646,0.71364499,0.39062500,-2.51722272,-1.46864207,-2.40180214,0.00572205,0.71860409,0.39138794,0.03417969,-0.00488281,0.02441406,0.00000000,-0.00000000,-0.01464844,0.38375854,1.34952296,1.34010315,-0.04882812
12.41078901,4270,-2.50539716,-1.49763377,-2.37929543,0.00686646,0.71440793,0.39062500,3.77783108,-1.44727977,-2.37891396,0.00686646,0.71364499,0.39062500,-2.51684125,-1.46826060,-2.40180214,0.00572205,0.71860409,0.39138794,0.00488281,0.00976562,0.02441406,-0.01464844,0.01464844,-0.02929688,0.38414001,1.34949769,1.34010315,0.00000000
12.42302060,4275,-2.50539716,-1.49763377,-2.37929543,0.00724792,0.71440793,0.39062500,3.77780222,-1.44727977,-2.37891396,0.00705261,0.71364499,0.39062500,-2.51684125,-1.46826060,-2.40142067,0.00572205,0.71860409,0.39100647,0.00976562,0.00976562,0.02441406,-0.01464844,0.01464844,-0.02929688,0.38414001,1.34955191,1.34048462,0.00000000
12.43478894,4280,-2.50539716,-1.49763377,-2.37929543,0.00724792,0.71440793,0.39062500,3.77785379,-1.44727977,-2.37891396,0.00718392,0.71364499,0.39062500,-2.51645978,-1.46787913,-2.40142067,0.00572205,0.71860409,0.39138794,0.01953125,0.00976562,0.02441406,-0.04394531,-0.00000000,-0.01464844,0.38414001,1.34974546,1.34048462,0.00000000
12.45003343,4285,-2.50501569,-1.49763377,-2.37929543,0.00724792,0.71440793,0.39062500,3.77794699,-1.44727977,-2.37891396,0.00722695,0.71364499,0.39062500,-2.51645978,-1.46787913,-2.40103920,0.00572205,0.71860409,0.39100647,0.00976562,0.00488281,0.01953125,-0.01464844,-0.00000000,-0.01464844,0.38414001,1.34993096,1.34086609,0.00000000
12.46302652,4290,-2.50501569,-1.49763377,-2.37929543,0.00724792,0.71440793,0.39062500,3.77798681,-1.44727977,-2.37891396,0.00724105,0.71364499,0.39062500,-2.51607831,-1.46787913,-2.40065773,0.00534058,0.71860409,0.39100647,0.00488281,0.00000000,0.02441406,-0.02929688,0.01464844,-0.01464844,0.38414001,1.34963139,1.34048462,-0.02441406
12.47746801,4295,-2.50539716,-1.49763377,-2.37929543,0.00724792,0.71440793,0.39062500,3.77794553,-1.44727977,-2.37891396,0.00724567,0.71364499,0.39062500,-2.51607831,-1.46749766,-2.40027626,0.00572205,0.71822262,0.39100647,0.00000000,0.00488281,0.03417969,-0.01464844,-0.00000000,-0.02929688,0.38375854,1.34960036,1.34086609,-0.04882812
12.49147582,4300,-2.50501569,-1.49763377,-2.37929543,0.00724792,0.71440793,0.39062500,3.77797705,-1.44727977,-2.37891396,0.00724719,0.71364499,0.39062500,-2.51607831,-1.46749766,-2.39989479,0.00572205,0.71898556,0.39062500,0.00000000,0.01464844,0.01953125,0.01464844,0.04394531,-0.02929688,0.38414001,1.34962071,1.34086609,-0.02441406
12.50495243,4305,-2.50539716,-1.49763377,-2.37929543,0.00724792,0.71440793,0.39062500,3.77785005,-1.44727977,-2.37891396,0.00724768,0.71364499,0.39062500,-2.51569684,-1.46711619,-2.39989479,0.00610352,0.71936703,0.39062500,0.00488281,0.00976562,0.01953125,0.01464844,0.05859375,-0.02929688,0.38414001,1.34971430,1.34086609,-0.04882812
12.52243876,4310,-2.50539716,-1.49763377,-2.37929543,0.00724792,0.71440793,0.39062500,3.77780843,-1.44727977,-2.37891396,0.00724785,0.71364499,0.39062500,-2.51569684,-1.46673472,-2.39951332,0.00648499,0.71974850,0.39024353,0.01953125,0.00976562,0.02929688,0.01464844,0.04394531,-0.04394531,0.38414001,1.34992074,1.34124756,0.00000000
12.53591824,4315,-2.50539716,-1.49763377,-2.37929543,0.00724792,0.71440793,0.39062500,3.77779480,-1.44727977,-2.37891396,0.00724790,0.71364499,0.39062500,-2.51531537,-1.46673472,-2.39913185,0.00610352,0.71974850,0.38986206,0.01464844,0.00488281,0.03417969,-0.01464844,0.01464844,-0.02929688,0.38414001,1.34980382,1.34086609,-0.04882812
12.55211258,4320,-2.50539716,-1.49763377,-2.37929543,0.00724792,0.71440793,0.39062500,3.77779033,-1.44727977,-2.37891396,0.00724792,0.71364499,0.39062500,-2.51493390,-1.46635325,-2.39875038,0.00610352,0.71974850,0.38948059,0.00976562,0.01464844,0.03906250,-0.02929688,0.01464844,-0.01464844,0.38414001,1.34977430,1.34124756,0.02441406
12.56704378,4325,-2.50539716,-1.49763377,-2.37929543,0.00724792,0.71440793,0.39062500,3.77778886,-1.44727977,-2.37891396,0.00724792,0.71364499,0.39062500,-2.51493390,-1.46597178,-2.39836891,0.00610352,0.72012997,0.38948059,0.01464844,0.00976562,0.02929688,-0.01464844,0.02929688,-0.01464844,0.38375854,1.34964719,1.34124756,0.00000000
12.58274627,4330,-2.50539716,-1.49763377,-2.37929543,0.00724792,0.71440793,0.39062500,3.77778838,-1.44727977,-2.37891396,0.00724792,0.71364499,0.39062500,-2.51455243,-1.46597178,-2.39798745,0.00648499,0.72051144,0.38948059,0.01464844,0.00488281,0.01953125,0.00000000,0.05859375,-0.01464844,0.38414001,1.34973860,1.34162903,0.00000000
12.59715748,4335,-2.50501569,-1.49763377,-2.37929543,0.00724792,0.71440793,0.39062500,3.77786452,-1.44727977,-2.37891396,0.00724792,0.71364499,0.39062500,-2.51417096,-1.46559031,-2.39760598,0.00686646,0.72089291,0.38948059,0.00000000,0.01464844,0.03417969,0.00000000,0.02929688,-0.01464844,0.38375854,1.34963549,1.34162903,0.00000000
12.61135960,4340,-2.50539716,-1.49763377,-2.37929543,0.00724792,0.71440793,0.39062500,3.77781318,-1.44727977,-2.37891396,0.00724792,0.71364499,0.39062500,-2.51417096,-1.46559031,-2.39722451,0.00686646,0.72127438,0.38948059,0.00000000,0.01464844,0.02441406,0.00000000,0.02929688,0.00000000,0.38375854,1.34974233,1.34162903,-0.04882812
12.62513924,4345,-2.50539716,-1.49763377,-2.37929543,0.00724792,0.71440793,0.39062500,3.77782760,-1.44727977,-2.37891396,0.00724792,0.71364499,0.39062500,-2.51417096,-1.46520884,-2.39684304,0.00686646,0.72127438,0.38948059,0.00000000,0.00000000,0.02929688,-0.02929688,0.02929688,0.00000000,0.38375854,1.34961719,1.34201050,0.00000000
12.64246416,4350,-2.50501569,-1.49763377,-2.37967690,0.00724792,0.71440793,0.39062500,3.77787737,-1.44727977,-2.37910012,0.00724792,0.71364499,0.39062500,-2.51417096,-1.46520884,-2.39646157,0.00724792,0.72165585,0.38948059,0.00000000,0.00000000,0.03417969,-0.01464844,0.02929688,-0.01464844,0.38414001,1.34988892,1.34239197,-0.02441406
12.65623856,4355,-2.50539716,-1.49763377,-2.37967690,0.00724792,0.71440793,0.39062500,3.77781739,-1.44727977,-2.37923143,0.00724792,0.71364499,0.39062500,-2.51378949,-1.46520884,-2.39646157,0.00762939,0.72165585,0.38948059,0.00488281,0.00000000,0.02441406,0.01464844,0.04394531,-0.01464844,0.38452148,1.35031512,1.34239197,0.02441406
12.67014790,4360,-2.50539716,-1.49763377,-2.37967690,0.00724792,0.71440793,0.39062500,3.77783679,-1.44727977,-2.37927446,0.00724792,0.71364499,0.39062500,-2.51340802,-1.46482737,-2.39569863,0.00724792,0.72203732,0.38948059,0.01464844,-0.00488281,0.02929688,-0.01464844,0.02929688,-0.02929688,0.38490295,1.35100288,1.34277344,0.02441406
12.68550658,4365,-2.50539716,-1.49763377,-2.37967690,0.00724792,0.71440793,0.39062500,3.77780409,-1.44727977,-2.37928856,0.00724792,0.71364499,0.39062500,-2.51340802,-1.46482737,-2.39531716,0.00724792,0.72203732,0.38948059,0.00000000,0.00976562,0.02441406,0.00000000,0.02929688,-0.01464844,0.38528442,1.35188180,1.34315491,0.00000000
12.69867420,4370,-2.50539716,-1.49763377,-2.37967690,0.00724792,0.71440793,0.39062500,3.77779337,-1.44727977,-2.37929318,0.00724792,0.71364499,0.39062500,-2.51340802,-1.46444590,-2.39531716,0.00762939,0.72203732,0.38948059,0.00488281,0.02441406,0.02929688,0.00000000,0.01464844,-0.01464844,0.38719177,1.35347474,1.34391785,0.00000000
12.71179128,4375,-2.50539716,-1.49763377,-2.37967690,0.00724792,0.71402646,0.39062500,3.77778986,-1.44727977,-2.37929469,0.00724792,0.71350766,0.39062500,-2.51340802,-1.46406443,-2.39455422,0.00762939,0.72203732,0.38948059,0.00000000,0.01464844,0.02929688,-0.01464844,0.02929688,0.00000000,0.39329529,1.36101527,1.34468079,0.00000000
12.72337008,4380,-2.50539716,-1.49763377,-2.37967690,0.00686646,0.71402646,0.39062500,3.77778871,-1.44727977,-2.37929519,0.00699146,0.71334352,0.39062500,-2.51340802,-1.46368296,-2.39455422,0.00762939,0.72165585,0.38948059,0.00000000,0.02441406,0.02441406,0.00000000,-0.00000000,-0.01464844,0.39787292,1.37036115,1.34468079,0.02441406
12.73973274,4385,-2.50539716,-1.49801524,-2.37967690,0.00686646,0.71364499,0.39062500,3.77778833,-1.44735606,-2.37929535,0.00690742,0.71315240,0.39062500,-2.51302655,-1.46292002,-2.39417275,0.00762939,0.72165585,0.38948059,0.00000000,0.02929688,0.01953125,-0.01464844,-0.00000000,-0.01464844,0.40817261,1.38479348,1.34544373,0.00000000
12.75583434,4390,-2.50539716,-1.49801524,-2.37967690,0.00686646,0.71250058,0.39062500,3.77778821,-1.44756123,-2.37929540,0.00687988,0.71242193,0.39062500,-2.51264508,-1.46215708,-2.39379128,0.00762939,0.72089291,0.38948059,0.01953125,0.05371094,0.03417969,-0.01464844,-0.02929688,-0.01464844,0.41885376,1.40261912,1.34620667,0.02441406
12.77015495,4395,-2.50539716,-1.49801524,-2.37967690,0.00686646,0.71097470,0.39062500,3.77778817,-1.44762847,-2.37929542,0.00687085,0.71112544,0.39062500,-2.51226361,-1.46177561,-2.39340981,0.00762939,0.72012997,0.38948059,0.02929688,0.02441406,0.02441406,-0.02929688,-0.04394531,0.00000000,0.43334961,1.42261912,1.34735107,0.07324219
12.78473282,4400,-2.50539716,-1.49801524,-2.37967690,0.00648499,0.70944882,0.39062500,3.77778816,-1.44765050,-2.37929543,0.00664268,0.70988615,0.39062500,-2.51226361,-1.46139415,-2.39302834,0.00724792,0.71898556,0.38948059,0.00000000,0.01953125,0.03417969,-0.02929688,-0.05859375,-0.02929688,0.44631958,1.44261912,1.35002136,0.17089844
12.79981494,4405,-2.50539716,-1.49801524,-2.38005837,0.00610352,0.70716000,0.39062500,3.77778815,-1.44765772,-2.37952065,0.00631144,0.70797250,0.39062500,-2.51226361,-1.46101268,-2.39264687,0.00724792,0.71784115,0.38948059,0.00000000,0.02929688,0.03417969,-0.02929688,-0.05859375,-0.01464844,0.46539307,1.46261912,1.35154724,0.09765625
12.81424069,4410,-2.50539716,-1.49801524,-2.38043984,0.00572205,0.70563412,0.39024353,3.77778815,-1.44766008,-2.37981186,0.00598549,0.70625705,0.39039978,-2.51226361,-1.46024974,-2.39226540,0.00724792,0.71669674,0.38948059,-0.00488281,0.01953125,0.02441406,-0.01464844,-0.04394531,0.00000000,0.48522949,1.48261912,1.35536194,0.31738281
12.82811809,4415,-2.50539716,-1.49801524,-2.38043984,0.00534058,0.70410824,0.39024353,3.77778815,-1.44766086,-2.37997759,0.00567104,0.70452013,0.39029473,-2.51188214,-1.46024974,-2.39226540,0.00724792,0.71593381,0.38948059,0.00488281,0.01953125,0.03417969,-0.01464844,-0.08789062,-0.01464844,0.50582886,1.50261912,1.35765076,0.19531250
12.84184599,4420,-2.50539716,-1.49801524,-2.38082131,0.00495911,0.70334530,0.38986206,3.77778815,-1.44766111,-2.38016923,0.00537257,0.70328764,0.39003509,-2.51188214,-1.45948680,-2.39150246,0.00724792,0.71250058,0.38948059,0.00488281,0.04394531,0.04882812,0.00000000,-0.21972656,-0.01464844,0.52757263,1.52261912,1.36299133,0.24414062
12.85942841,4425,-2.50539716,-1.49801524,-2.38082131,0.00457764,0.70105649,0.38604736,3.77778815,-1.44766119,-2.38035116,0.00490843,0.70162670,0.38834381,-2.51150067,-1.45872386,-2.39073952,0.00724792,0.70906735,0.38948059,0.00488281,0.04882812,0.02929688,0.00000000,-0.11718750,-0.01464844,0.55770874,1.54261912,1.37023926,0.46386719
12.87523365,4430,-2.50539716,-1.49839671,-2.38082131,0.00495911,0.69953061,0.38146973,3.77778815,-1.44784738,-2.38041078,0.00487219,0.69998625,0.38478668,-2.51150067,-1.45796092,-2.39035805,0.00724792,0.70754147,0.38948059,0.00000000,0.04394531,0.02441406,-0.01464844,-0.10253906,-0.01464844,0.58326721,1.56261912,1.37367249,0.19531250
12.88941932,4435,-2.50539716,-1.49877818,-2.38082131,0.00534058,0.69800473,0.37727356,3.77778815,-1.44811603,-2.38043032,0.00506795,0.69854197,0.38083653,-2.51150067,-1.45719798,-2.38997658,0.00724792,0.70563412,0.38948059,0.00000000,0.02929688,0.02441406,-0.02929688,-0.14648438,-0.04394531,0.61378479,1.58261912,1.37939453,0.53710938
12.90242338,4440,-2.50539716,-1.49954112,-2.38082131,0.00534058,0.69686032,0.37422180,3.77778815,-1.44858565,-2.38043672,0.00525124,0.69714891,0.37696207,-2.51150067,-1.45681651,-2.38959511,0.00724792,0.70181943,0.38948059,0.00000000,0.01953125,0.03417969,-0.01464844,-0.20507812,-0.01464844,0.63629150,1.60261912,1.38511658,0.17089844
12.91538668,4445,-2.50539716,-1.49992259,-2.38082131,0.00610352,0.69647885,0.37307739,3.77778815,-1.44917618,-2.38043882,0.00567385,0.69636565,0.37450071,-2.51150067,-1.45681651,-2.38921364,0.00686646,0.69991208,0.38871765,-0.00488281,0.00488281,0.02929688,-0.02929688,-0.13183594,-0.07324219,0.65383911,1.62261912,1.38893127,0.39062500
12.93015122,4450,-2.50539716,-1.49992259,-2.38082131,0.00686646,0.69647885,0.37231445,3.77778815,-1.44944000,-2.38043950,0.00640535,0.69592882,0.37306210,-2.51150067,-1.45681651,-2.38921364,0.00686646,0.69876767,0.38833618,0.00000000,0.00000000,0.01464844,0.00000000,-0.07324219,-0.05859375,0.68855286,1.64261912,1.39694214,0.58593750
12.94415760,4455,-2.50539716,-1.49992259,-2.38082131,0.00686646,0.69647885,0.37231445,3.77778815,-1.44952645,-2.38043973,0.00671536,0.69578568,0.37255944,-2.51150067,-1.45681651,-2.38921364,0.00686646,0.69800473,0.38795471,0.00000000,-0.00488281,0.01464844,0.00000000,-0.04394531,-0.02929688,0.70648193,1.66261912,1.40190125,0.36621094
12.95659781,4460,-2.50539716,-1.50030406,-2.38120278,0.00648499,0.69647885,0.37231445,3.77778815,-1.44974093,-2.38069627,0.00656047,0.69573877,0.37239473,-2.51150067,-1.45681651,-2.38883217,0.00724792,0.69686032,0.38681030,-0.00488281,-0.00488281,0.00976562,0.00000000,-0.05859375,-0.08789062,0.73127747,1.68261912,1.40647888,0.51269531
12.97262073,4465,-2.50539716,-1.50068553,-2.38158425,0.00648499,0.69647885,0.37193298,3.77778815,-1.45013800,-2.38096649,0.00650972,0.69572340,0.37215460,-2.51111920,-1.45681651,-2.38883217,0.00724792,0.69609738,0.38528442,0.00000000,0.00000000,0.00976562,-0.01464844,-0.02929688,-0.10253906,0.76560974,1.70261912,1.41944885,0.65917969
12.98576903,4470,-2.50539716,-1.50182994,-2.38158425,0.00648499,0.69647885,0.37193298,3.77778815,-1.45073820,-2.38112535,0.00649309,0.69571836,0.37200560,-2.51111920,-1.45681651,-2.38883217,0.00686646,0.69609738,0.38452148,0.00488281,-0.00488281,0.00976562,-0.01464844,0.01464844,-0.04394531,0.79345703,1.72261912,1.43051147,0.80566406
12.99955273,4475,-2.50539716,-1.50259288,-2.38158425,0.00648499,0.69609738,0.37193298,3.77778815,-1.45164557,-2.38117741,0.00648764,0.69564042,0.37195678,-2.51111920,-1.45643504,-2.38883217,0.00724792,0.69609738,0.38452148,0.01464844,0.00000000,0.00976562,0.00000000,0.02929688,-0.05859375,0.81977844,1.74261912,1.44195557,0.87890625
13.01545668,4480,-2.50539716,-1.50373728,-2.38158425,0.00686646,0.69609738,0.37193298,3.77778815,-1.45271231,-2.38119446,0.00667201,0.69543470,0.37194078,-2.51035626,-1.45643504,-2.38883217,0.00686646,0.69609738,0.38375854,0.02929688,0.00000000,0.01464844,-0.01464844,-0.00000000,-0.02929688,0.85029602,1.76261912,1.45263672,0.61035156
13.02917457,4485,-2.50539716,-1.50526316,-2.38158425,0.00686646,0.69609738,0.37193298,3.77778815,-1.45387631,-2.38120005,0.00680274,0.69536729,0.37193554,-2.51035626,-1.45643504,-2.38845070,0.00686646,0.69647885,0.38299561,0.00488281,0.00488281,0.01953125,-0.02929688,0.01464844,-0.08789062,0.88462830,1.78261912,1.46293640,0.80566406
13.04395556,4490,-2.50539716,-1.50564463,-2.38158425,0.00686646,0.69609738,0.37193298,3.77778815,-1.45479593,-2.38120188,0.00684558,0.69534521,0.37193382,-2.51035626,-1.45643504,-2.38806923,0.00724792,0.69647885,0.38108826,0.00488281,0.00488281,0.02441406,0.00000000,0.01464844,-0.14648438,0.91362000,1.80261912,1.47743225,1.00097656
13.05778122,4495,-2.50539716,-1.50717051,-2.38158425,0.00686646,0.69609738,0.37193298,3.77778815,-1.45572374,-2.38120248,0.00685961,0.69533797,0.37193326,-2.50997479,-1.45643504,-2.38806923,0.00686646,0.69609738,0.38070679,0.01953125,-0.00488281,0.01464844,-0.01464844,0.02929688,-0.04394531,0.94451904,1.82261912,1.48849487,0.73242188
13.07561398,4500,-2.50539716,-1.50831492,-2.38158425,0.00686646,0.69609738,0.37193298,3.77778815,-1.45692852,-2.38120268,0.00686421,0.69533560,0.37193307,-2.50959332,-1.45643504,-2.38806923,0.00724792,0.69647885,0.37956238,-0.00488281,-0.00488281,0.00488281,-0.01464844,0.02929688,-0.10253906,0.97007751,1.84261912,1.49955750,0.75683594
13.08923578,4505,-2.50539716,-1.50984080,-2.38158425,0.00724792,0.69609738,0.37193298,3.77778815,-1.45861725,-2.38120275,0.00712219,0.69533482,0.37193301,-2.50959332,-1.45605357,-2.38768776,0.00686646,0.69647885,0.37689209,-0.00488281,-0.00488281,0.00976562,-0.02929688,0.01464844,-0.21972656,0.99601746,1.86261912,1.51329041,0.97656250
13.10342836,4510,-2.50539716,-1.51174815,-2.38158425,0.00724792,0.69647885,0.37231445,3.77778815,-1.46030257,-2.38120277,0.00720672,0.69541086,0.37211915,-2.50959332,-1.45605357,-2.38768776,0.00686646,0.69609738,0.37689209,-0.00488281,0.00000000,0.00976562,0.00000000,-0.01464844,0.02929688,1.02844238,1.88261912,1.52664185,0.73242188
13.11769080,4515,-2.50539716,-1.51212962,-2.38158425,0.00686646,0.69686032,0.37231445,3.77778815,-1.46117379,-2.38120277,0.00709710,0.69569224,0.37225046,-2.50959332,-1.45605357,-2.38768776,0.00686646,0.69609738,0.37651062,0.00000000,-0.00488281,0.01464844,-0.01464844,0.01464844,-0.01464844,1.03492737,1.90261912,1.53427124,0.56152344
13.13581395,4520,-2.50539716,-1.51403697,-2.38196572,0.00572205,0.69686032,0.37193298,3.77778815,-1.46229191,-2.38127907,0.00647194,0.69596462,0.37221719,-2.50959332,-1.45605357,-2.38730629,0.00686646,0.69609738,0.37651062,0.00000000,-0.00976562,0.01464844,0.00000000,0.02929688,0.00000000,1.03378296,1.92261912,1.55105591,0.97656250
13.15332699,4525,-2.50539716,-1.51747019,-2.38196572,0.00190735,0.69686032,0.37155151,3.77778815,-1.46469455,-2.38148425,0.00421411,0.69605388,0.37188878,-2.50959332,-1.45605357,-2.38730629,0.00686646,0.69609738,0.37651062,-0.00488281,-0.00488281,0.01953125,-0.01464844,0.01464844,-0.01464844,1.03340149,1.94261912,1.56593323,0.53710938
13.16855145,4530,-2.50539716,-1.51937754,-2.38196572,-0.00152588,0.69686032,0.37155151,3.77778815,-1.46725297,-2.38155148,0.00074758,0.69608312,0.37166203,-2.50959332,-1.45643504,-2.38692482,0.00686646,0.69609738,0.37612915,-0.00488281,-0.00488281,0.00976562,-0.01464844,0.02929688,-0.02929688,1.03378296,1.96261912,1.57546997,0.75683594
13.18179417,4535,-2.50539716,-1.52090342,-2.38234719,-0.00457764,0.69686032,0.37155151,3.77778815,-1.46915625,-2.38164980,-0.00205777,0.69609271,0.37158773,-2.50959332,-1.45643504,-2.38692482,0.00686646,0.69647885,0.37612915,0.00000000,-0.00488281,0.01464844,-0.01464844,0.01464844,-0.04394531,1.03378296,1.98261912,1.58691406,0.95214844
13.19367361,4540,-2.50539716,-1.52242930,-2.38234719,-0.00724792,0.69686032,0.37193298,3.77778815,-1.47071790,-2.38186220,-0.00499594,0.69609585,0.37163967,-2.50959332,-1.45605357,-2.38692482,0.00686646,0.69609738,0.37574768,-0.00488281,-0.00488281,0.00976562,-0.02929688,0.01464844,-0.04394531,1.03378296,2.00261912,1.59950256,0.78125000
13.20819092,4545,-2.50539716,-1.52395518,-2.38234719,-0.00991821,0.69686032,0.37193298,3.77778815,-1.47228676,-2.38193180,-0.00779503,0.69609688,0.37183687,-2.50959332,-1.45643504,-2.38692482,0.00648499,0.69609738,0.37498474,-0.00488281,-0.00488281,0.01464844,-0.04394531,0.01464844,-0.07324219,1.03416443,2.02261912,1.60560608,0.48828125
13.22285628,4550,-2.50539716,-1.52662547,-2.38234719,-0.01258850,0.69686032,0.37193298,3.77778815,-1.47438324,-2.38195460,-0.01048409,0.69609721,0.37190149,-2.50959332,-1.45643504,-2.38692482,0.00534058,0.69609738,0.37422180,-0.00488281,-0.00976562,0.00488281,-0.08789062,0.01464844,-0.05859375,1.03416443,2.04261912,1.62086487,0.90332031
13.23601532,4555,-2.50539716,-1.52815135,-2.38234719,-0.01449585,0.69686032,0.37193298,3.77778815,-1.47645791,-2.38196207,-0.01278040,0.69609733,0.37192266,-2.50959332,-1.45643504,-2.38692482,0.00419617,0.69609738,0.37384033,-0.00488281,-0.00976562,0.00488281,-0.10253906,0.01464844,-0.02929688,1.03378296,2.06261912,1.63345337,0.92773438
13.24946713,4560,-2.50539716,-1.52929576,-2.38234719,-0.01678467,0.69686032,0.37193298,3.77778815,-1.47793839,-2.38196452,-0.01509364,0.69609736,0.37192960,-2.50959332,-1.45643504,-2.38692482,0.00343323,0.69609738,0.37422180,-0.00488281,-0.01464844,0.00488281,-0.07324219,0.01464844,-0.02929688,1.03378296,2.08261912,1.64108276,0.58593750
13.26304078,4565,-2.50539716,-1.53044017,-2.38234719,-0.01831055,0.69686032,0.37193298,3.77778815,-1.47910064,-2.38196533,-0.01689462,0.69609737,0.37193188,-2.50921185,-1.45681651,-2.38654335,0.00267029,0.69609738,0.37384033,0.00000000,-0.01464844,0.00976562,-0.08789062,0.01464844,-0.01464844,1.03416443,2.10261912,1.65214539,0.73242188
13.27608228,4570,-2.50539716,-1.53196604,-2.38234719,-0.01945496,0.69686032,0.37193298,3.77778815,-1.48045854,-2.38196559,-0.01851442,0.69609738,0.37193262,-2.50921185,-1.45681651,-2.38654335,0.00076294,0.69609738,0.37384033,0.00000000,-0.01953125,0.01953125,-0.17578125,0.02929688,-0.01464844,1.03416443,2.12261912,1.66473389,0.92773438
13.29163384,4575,-2.50539716,-1.53349192,-2.38234719,-0.01983643,0.69686032,0.37193298,3.77778815,-1.48185906,-2.38196567,-0.01940323,0.69609738,0.37193286,-2.50921185,-1.45719798,-2.38654335,-0.00114441,0.69609738,0.37384033,0.00488281,-0.02929688,0.01953125,-0.14648438,0.02929688,-0.01464844,1.03416443,2.14261912,1.67694092,0.75683594
13.30725384,4580,-2.50539716,-1.53349192,-2.38234719,-0.02021790,0.69686032,0.37193298,3.77778815,-1.48271886,-2.38196570,-0.01977077,0.69609738,0.37193294,-2.50883038,-1.45796092,-2.38616188,-0.00305176,0.69609738,0.37345886,0.00488281,-0.04394531,0.02441406,-0.14648438,-0.00000000,-0.01464844,1.03378296,2.16261912,1.68609619,0.61035156
13.32151294,4585,-2.50539716,-1.53349192,-2.38234719,-0.02059937,0.69686032,0.37193298,3.77778815,-1.48300060,-2.38196571,-0.02014768,0.69609738,0.37193297,-2.50883038,-1.45834239,-2.38578041,-0.00381470,0.69609738,0.37345886,0.00488281,-0.05859375,0.01464844,-0.05859375,0.01464844,-0.01464844,1.03416443,2.18261912,1.69982910,0.90332031
13.33718538,4590,-2.50539716,-1.53349192,-2.38234719,-0.02136230,0.69686032,0.37193298,3.77778815,-1.48309292,-2.38196572,-0.02081390,0.69609738,0.37193298,-2.50883038,-1.45872386,-2.38578041,-0.00419617,0.69609738,0.37345886,-0.00976562,-0.02929688,0.00976562,-0.04394531,0.02929688,-0.01464844,1.03416443,2.20261912,1.71318054,0.83007812
13.35286999,4595,-2.50539716,-1.53349192,-2.38234719,-0.02212524,0.69686032,0.37193298,3.77778815,-1.48312318,-2.38196572,-0.02144506,0.69609738,0.37193298,-2.50883038,-1.45948680,-2.38578041,-0.00495911,0.69609738,0.37345886,-0.00488281,-0.05371094,0.00488281,-0.07324219,0.01464844,-0.01464844,1.03416443,2.22261912,1.72157288,0.61035156
13.36730599,4600,-2.50539716,-1.53349192,-2.38234719,-0.02326965,0.69686032,0.37193298,3.77778815,-1.48313309,-2.38196572,-0.02242128,0.69609738,0.37193298,-2.50883038,-1.46024974,-2.38578041,-0.00724792,0.69609738,0.37345886,0.00488281,-0.04394531,0.00976562,-0.17578125,0.01464844,-0.01464844,1.03416443,2.24261912,1.73645020,0.87890625
13.38323069,4605,-2.50539716,-1.53349192,-2.38234719,-0.02326965,0.69686032,0.37193298,3.77778815,-1.48313634,-2.38196572,-0.02299166,0.69609738,0.37193298,-2.50844891,-1.46063121,-2.38539894,-0.00915527,0.69609738,0.37307739,0.00488281,-0.02929688,0.01953125,-0.17578125,-0.00000000,-0.02929688,1.03416443,2.26261912,1.74942017,0.83007812
13.39669108,4610,-2.50539716,-1.53349192,-2.38234719,-0.02326965,0.69686032,0.37193298,3.77778815,-1.48313740,-2.38196572,-0.02317856,0.69609738,0.37193298,-2.50844891,-1.46139415,-2.38539894,-0.01144409,0.69609738,0.37307739,0.00000000,-0.04394531,0.00976562,-0.11718750,0.02929688,-0.02929688,1.03416443,2.28261912,1.75933838,0.58593750
13.41392016,4615,-2.50539716,-1.53349192,-2.38234719,-0.02326965,0.69686032,0.37193298,3.77778815,-1.48313775,-2.38196572,-0.02323980,0.69609738,0.37193298,-2.50844891,-1.46177561,-2.38539894,-0.01182556,0.69609738,0.37307739,0.00000000,-0.02929688,0.00976562,-0.02929688,0.01464844,-0.01464844,1.03416443,2.30261912,1.77383423,0.95214844
13.42690301,4620,-2.50539716,-1.53349192,-2.38234719,-0.02326965,0.69686032,0.37193298,3.77778815,-1.48313786,-2.38196572,-0.02325987,0.69609738,0.37193298,-2.50844891,-1.46215708,-2.38539894,-0.01182556,0.69609738,0.37307739,0.00000000,-0.02929688,0.00976562,-0.02929688,-0.00000000,0.00000000,1.03416443,2.32261912,1.78451538,0.92773438
13.44398999,4625,-2.50539716,-1.53349192,-2.38234719,-0.02326965,0.69686032,0.37193298,3.77778815,-1.48313790,-2.38196572,-0.02326645,0.69609738,0.37193298,-2.50844891,-1.46253855,-2.38501747,-0.01220703,0.69609738,0.37269592,-0.00488281,-0.02929688,0.00976562,-0.02929688,0.02929688,-0.02929688,1.03416443,2.34261912,1.79519653,0.58593750
13.45868921,4630,-2.50539716,-1.53349192,-2.38234719,-0.02326965,0.69686032,0.37193298,3.77778815,-1.48313791,-2.38196572,-0.02326860,0.69609738,0.37193298,-2.50844891,-1.46253855,-2.38501747,-0.01335144,0.69609738,0.37269592,-0.00488281,-0.01953125,0.00976562,-0.08789062,0.02929688,-0.01464844,1.03416443,2.36261912,1.80816650,0.90332031
13.47260070,4635,-2.50539716,-1.53349192,-2.38234719,-0.02326965,0.69686032,0.37193298,3.77778815,-1.48313792,-2.38196572,-0.02326931,0.69609738,0.37193298,-2.50844891,-1.46292002,-2.38501747,-0.01449585,0.69609738,0.37269592,0.00000000,-0.03417969,0.00488281,-0.11718750,0.01464844,-0.02929688,1.03454590,2.38261912,1.82113647,0.90332031
13.48582029,4640,-2.50539716,-1.53349192,-2.38234719,-0.02326965,0.69686032,0.37193298,3.77778815,-1.48313792,-2.38196572,-0.02326954,0.69609738,0.37193298,-2.50844891,-1.46330149,-2.38501747,-0.01564026,0.69609738,0.37231445,0.00000000,-0.04394531,0.00488281,-0.08789062,0.01464844,-0.02929688,1.03416443,2.40261912,1.82914734,0.53710938
13.49981236,4645,-2.50539716,-1.53349192,-2.38234719,-0.02326965,0.69686032,0.37193298,3.77778815,-1.48313792,-2.38196572,-0.02326962,0.69609738,0.37193298,-2.50844891,-1.46368296,-2.38501747,-0.01640320,0.69609738,0.37231445,0.00000000,-0.03417969,0.00976562,-0.07324219,0.01464844,-0.04394531,1.03454590,2.42261912,1.83944702,0.85449219
13.51457930,4650,-2.50539716,-1.53349192,-2.38234719,-0.02326965,0.69686032,0.37193298,3.77778815,-1.48313792,-2.38196572,-0.02326964,0.69609738,0.37193298,-2.50806744,-1.46444590,-2.38501747,-0.01792908,0.69609738,0.37193298,0.00488281,-0.02441406,0.00976562,-0.08789062,0.01464844,-0.04394531,1.03454590,2.44261912,1.85661316,0.90332031
13.52801251,4655,-2.50539716,-1.53349192,-2.38234719,-0.02326965,0.69686032,0.37193298,3.77778815,-1.48313792,-2.38196572,-0.02326965,0.69609738,0.37193298,-2.50806744,-1.46482737,-2.38501747,-0.01831055,0.69647885,0.37155151,0.00976562,-0.04882812,0.00976562,-0.07324219,0.02929688,-0.05859375,1.03454590,2.46261912,1.86309814,0.56152344
13.54368854,4660,-2.50539716,-1.53349192,-2.38234719,-0.02326965,0.69686032,0.37193298,3.77778815,-1.48313792,-2.38196572,-0.02326965,0.69609738,0.37193298,-2.50768598,-1.46559031,-2.38501747,-0.01869202,0.69609738,0.36964417,-0.00488281,-0.03417969,0.00976562,-0.01464844,0.01464844,-0.17578125,1.03416443,2.48261912,1.87568665,0.75683594
13.55987406,4665,-2.50539716,-1.53349192,-2.38234719,-0.02326965,0.69686032,0.37193298,3.77778815,-1.48313792,-2.38196572,-0.02326965,0.69609738,0.37193298,-2.50768598,-1.46597178,-2.38501747,-0.01869202,0.69647885,0.36964417,-0.00488281,-0.02929688,0.00976562,-0.01464844,0.01464844,0.00000000,1.03454590,2.50261912,1.88941956,0.92773438
13.57510138,4670,-2.50539716,-1.53349192,-2.38234719,-0.02326965,0.69686032,0.37193298,3.77778815,-1.48313792,-2.38196572,-0.02326965,0.69609738,0.37193298,-2.50768598,-1.46597178,-2.38463600,-0.01869202,0.69609738,0.36964417,0.00000000,-0.01953125,0.00976562,0.00000000,-0.00000000,-0.01464844,1.03454590,2.52261912,1.90277100,0.61035156
13.59099460,4675,-2.50539716,-1.53349192,-2.38234719,-0.02326965,0.69686032,0.37193298,3.77778815,-1.48313792,-2.38196572,-0.02326965,0.69609738,0.37193298,-2.50768598,-1.46635325,-2.38463600,-0.01869202,0.69609738,0.36964417,-0.00488281,-0.01464844,0.00976562,-0.02929688,0.01464844,0.00000000,1.03454590,2.54261912,1.91001892,0.78125000
13.60563469,4680,-2.50539716,-1.53349192,-2.38234719,-0.02326965,0.69686032,0.37193298,3.77778815,-1.48313792,-2.38196572,-0.02326965,0.69609738,0.37193298,-2.50768598,-1.46635325,-2.38463600,-0.01907349,0.69609738,0.36964417,-0.00488281,-0.01953125,0.00976562,-0.04394531,-0.00000000,-0.01464844,1.03454590,2.56261912,1.92832947,0.90332031
13.61788201,4685,-2.50539716,-1.53349192,-2.38234719,-0.02326965,0.69647885,0.37193298,3.77778815,-1.48313792,-2.38196572,-0.02326965,0.69602109,0.37193298,-2.50768598,-1.46673472,-2.38463600,-0.01945496,0.69609738,0.36964417,-0.00488281,-0.01953125,0.00976562,-0.01464844,0.02929688,-0.01464844,1.03454590,2.58261912,1.93786621,0.58593750
13.63312650,4690,-2.50539716,-1.53349192,-2.38234719,-0.02326965,0.69647885,0.37193298,3.77778815,-1.48313792,-2.38196572,-0.02326965,0.69581591,0.37193298,-2.50768598,-1.46711619,-2.38425454,-0.01945496,0.69609738,0.36964417,-0.00488281,-0.02929688,0.01953125,-0.01464844,0.01464844,-0.01464844,1.03454590,2.60261912,1.94740295,0.75683594
13.64740872,4695,-2.50539716,-1.53349192,-2.38234719,-0.02326965,0.69647885,0.37193298,3.77778815,-1.48313792,-2.38196572,-0.02326965,0.69574868,0.37193298,-2.50768598,-1.46711619,-2.38425454,-0.01945496,0.69609738,0.36964417,0.00000000,-0.02929688,0.00976562,-0.01464844,0.01464844,-0.01464844,1.03454590,2.62261912,1.95808411,0.83007812
13.66222000,4700,-2.50539716,-1.53349192,-2.38234719,-0.02326965,0.69647885,0.37193298,3.77778815,-1.48313792,-2.38196572,-0.02326965,0.69572665,0.37193298,-2.50768598,-1.46787913,-2.38425454,-0.01983643,0.69647885,0.36964417,0.00000000,-0.04394531,0.00488281,-0.02929688,0.02929688,-0.01464844,1.03454590,2.64045616,1.97448730,0.85449219
13.67971897,4705,-2.50539716,-1.53349192,-2.38234719,-0.02288818,0.69647885,0.37193298,3.77778815,-1.48313792,-2.38196572,-0.02313232,0.69571943,0.37193298,-2.50768598,-1.46826060,-2.38425454,-0.01983643,0.69647885,0.36964417,-0.00488281,-0.02441406,0.00488281,-0.04394531,-0.00000000,-0.02929688,1.03454590,2.64743281,1.98402405,0.58593750
13.69639492,4710,-2.50539716,-1.53349192,-2.38234719,-0.02288818,0.69647885,0.37193298,3.77778815,-1.48313792,-2.38196572,-0.02296818,0.69571706,0.37193298,-2.50768598,-1.46864207,-2.38425454,-0.02021790,0.69647885,0.37002563,0.00000000,-0.01953125,0.00488281,-0.04394531,-0.00000000,0.00000000,1.03454590,2.64971891,2.00042725,1.02539062
13.71090555,4715,-2.50539716,-1.53349192,-2.38234719,-0.02288818,0.69647885,0.37193298,3.77778815,-1.48313792,-2.38196572,-0.02291440,0.69571629,0.37193298,-2.50768598,-1.46864207,-2.38425454,-0.02059937,0.69647885,0.37002563,-0.00488281,-0.01464844,0.00488281,-0.04394531,0.01464844,-0.01464844,1.03454590,2.65046802,2.01339722,0.73242188
13.72505450,4720,-2.50539716,-1.53349192,-2.38234719,-0.02250671,0.69647885,0.37193298,3.77778815,-1.48313792,-2.38196572,-0.02275944,0.69571603,0.37193298,-2.50768598,-1.46902354,-2.38425454,-0.02098083,0.69609738,0.37002563,-0.00488281,-0.01464844,0.00488281,-0.05859375,-0.01464844,0.00000000,1.03454590,2.65071349,2.01950073,0.58593750
13.73920083,4725,-2.50539716,-1.53349192,-2.38234719,-0.02250671,0.69647885,0.37193298,3.77778815,-1.48313792,-2.38196572,-0.02258953,0.69571595,0.37193298,-2.50768598,-1.46902354,-2.38425454,-0.02136230,0.69609738,0.37002563,-0.00976562,-0.01953125,0.00976562,-0.02929688,0.01464844,0.01464844,1.03454590,2.65079393,2.03475952,0.95214844
13.75425172,4730,-2.50539716,-1.53349192,-2.38234719,-0.02212524,0.69647885,0.37193298,3.77778815,-1.48313792,-2.38196572,-0.02230863,0.69571592,0.37193298,-2.50768598,-1.46940501,-2.38387307,-0.02174377,0.69609738,0.37002563,0.00000000,-0.01953125,0.01464844,-0.02929688,0.01464844,-0.02929688,1.03454590,2.65082028,2.04925537,0.80566406
13.76979446,4735,-2.50539716,-1.53349192,-2.38234719,-0.02174377,0.69647885,0.37193298,3.77778815,-1.48313792,-2.38196572,-0.02204801,0.69571591,0.37193298,-2.50768598,-1.46978648,-2.38387307,-0.02174377,0.69609738,0.37002563,-0.00488281,-0.04882812,0.02441406,-0.01464844,0.01464844,0.00000000,1.03454590,2.65076642,2.05764771,0.63476562
13.78375626,4740,-2.50539716,-1.53349192,-2.38234719,-0.02174377,0.69647885,0.37193298,3.77778815,-1.48313792,-2.38196572,-0.02184347,0.69571591,0.37193298,-2.50768598,-1.47016795,-2.38349160,-0.02174377,0.69609738,0.37002563,-0.00488281,-0.02929688,0.01953125,-0.02929688,0.02929688,-0.01464844,1.03454590,2.65081127,2.06871033,0.85449219
13.79754734,4745,-2.50539716,-1.53349192,-2.38234719,-0.02174377,0.69647885,0.37193298,3.77778815,-1.48313792,-2.38196572,-0.02177644,0.69571591,0.37193298,-2.50768598,-1.47054942,-2.38349160,-0.02174377,0.69609738,0.37002563,0.00000000,-0.03906250,0.00488281,-0.01464844,0.02929688,0.00000000,1.03416443,2.65067338,2.08206177,0.90332031
13.81410336,4750,-2.50539716,-1.53349192,-2.38234719,-0.02174377,0.69647885,0.37193298,3.77778815,-1.48313792,-2.38196572,-0.02175448,0.69571591,0.37193298,-2.50768598,-1.47093089,-2.38349160,-0.02174377,0.69647885,0.37002563,-0.00488281,-0.03906250,0.00976562,-0.01464844,0.01464844,-0.01464844,1.03454590,2.65078078,2.09121704,0.56152344
13.82627153,4755,-2.50539716,-1.53349192,-2.38234719,-0.02174377,0.69647885,0.37193298,3.77778815,-1.48313792,-2.38196572,-0.02174728,0.69571591,0.37193298,-2.50768598,-1.47131236,-2.38349160,-0.02174377,0.69609738,0.37002563,-0.00488281,-0.02929688,0.00488281,-0.01464844,-0.00000000,-0.01464844,1.03454590,2.65081598,2.10113525,0.73242188
13.84004116,4760,-2.50539716,-1.53349192,-2.38234719,-0.02174377,0.69647885,0.37193298,3.77778815,-1.48313792,-2.38196572,-0.02174492,0.69571591,0.37193298,-2.50768598,-1.47169383,-2.38349160,-0.02174377,0.69647885,0.37002563,0.00000000,-0.03417969,0.00488281,-0.01464844,0.01464844,0.00000000,1.03454590,2.65082751,2.11639404,0.92773438
13.85375285,4765,-2.50539716,-1.53349192,-2.38234719,-0.02174377,0.69647885,0.37193298,3.77778815,-1.48313792,-2.38196572,-0.02174415,0.69571591,0.37193298,-2.50730451,-1.47169383,-2.38349160,-0.02174377,0.69609738,0.37002563,0.00000000,-0.01464844,0.00488281,0.00000000,0.02929688,-0.01464844,1.03454590,2.65083129,2.12631226,0.70800781
13.86955667,4770,-2.50539716,-1.53349192,-2.38234719,-0.02136230,0.69647885,0.37193298,3.77778815,-1.48313792,-2.38196572,-0.02151868,0.69571591,0.37193298,-2.50730451,-1.47207530,-2.38349160,-0.02174377,0.69609738,0.37002563,-0.00488281,-0.00976562,0.00488281,-0.01464844,0.02929688,-0.02929688,1.03454590,2.65083253,2.13661194,0.78125000
13.88414359,4775,-2.50539716,-1.53349192,-2.38234719,-0.02059937,0.69647885,0.37193298,3.77778815,-1.48313792,-2.38196572,-0.02097092,0.69571591,0.37193298,-2.50730451,-1.47207530,-2.38349160,-0.02174377,0.69609738,0.37002563,0.00000000,-0.00976562,0.00488281,-0.01464844,0.01464844,-0.01464844,1.03454590,2.65083293,2.15072632,0.92773438
13.89746237,4780,-2.50539716,-1.53349192,-2.38234719,-0.01983643,0.69647885,0.37193298,3.77778815,-1.48313792,-2.38196572,-0.02038835,0.69571591,0.37193298,-2.50730451,-1.47207530,-2.38349160,-0.02174377,0.69647885,0.37002563,0.00000000,-0.00976562,0.00488281,0.00000000,-0.00000000,-0.01464844,1.03454590,2.65083307,2.16140747,0.80566406
13.91289115,4785,-2.50539716,-1.53349192,-2.38234719,-0.01983643,0.69647885,0.37193298,3.77778815,-1.48313792,-2.38196572,-0.02001728,0.69571591,0.37193298,-2.50730451,-1.47207530,-2.38349160,-0.02174377,0.69647885,0.37040710,-0.00488281,-0.00976562,0.00488281,-0.01464844,0.02929688,-0.01464844,1.03454590,2.65083311,2.17094421,0.65917969
13.92770696,4790,-2.50539716,-1.53349192,-2.38234719,-0.01983643,0.69647885,0.37193298,3.77778815,-1.48313792,-2.38196572,-0.01989569,0.69571591,0.37193298,-2.50730451,-1.47245677,-2.38349160,-0.02174377,0.69647885,0.37040710,-0.00488281,-0.01464844,0.00488281,0.00000000,0.01464844,-0.01464844,1.03454590,2.65083312,2.18429565,0.87890625
13.94099331,4795,-2.50539716,-1.53349192,-2.38234719,-0.01945496,0.69647885,0.37193298,3.77778815,-1.48313792,-2.38196572,-0.01963063,0.69571591,0.37193298,-2.50730451,-1.47245677,-2.38349160,-0.02174377,0.69647885,0.37040710,-0.00488281,-0.02441406,0.00488281,-0.01464844,0.01464844,0.00000000,1.03454590,2.65083313,2.19650269,0.87890625
13.95793104,4800,-2.50539716,-1.53349192,-2.38234719,-0.01907349,0.69647885,0.37193298,3.77778815,-1.48313792,-2.38196572,-0.01943623,0.69571591,0.37193298,-2.50730451,-1.47283824,-2.38349160,-0.02174377,0.69609738,0.37040710,-0.00488281,-0.02929688,0.00488281,-0.01464844,0.02929688,-0.02929688,1.03454590,2.65083313,2.20489502,0.61035156
13.97087622,4805,-2.50539716,-1.53349192,-2.38234719,-0.01907349,0.69647885,0.37193298,3.77778815,-1.48313792,-2.38196572,-0.01919235,0.69571591,0.37193298,-2.50730451,-1.47321971,-2.38349160,-0.02174377,0.69609738,0.37040710,0.00000000,-0.03906250,0.00488281,0.00000000,-0.00000000,-0.01464844,1.03492737,2.65110779,2.21748352,0.80566406
13.98438478,4810,-2.50539716,-1.53349192,-2.38234719,-0.01907349,0.69647885,0.37193298,3.77778815,-1.48313792,-2.38196572,-0.01911244,0.69571591,0.37193298,-2.50730451,-1.47360118,-2.38349160,-0.02174377,0.69609738,0.37040710,0.00000000,-0.01953125,0.00488281,0.00000000,0.01464844,-0.01464844,1.03454590,2.65108329,2.23312378,0.92773438
13.99879289,4815,-2.50539716,-1.53349192,-2.38234719,-0.01869202,0.69647885,0.37193298,3.77778815,-1.48313792,-2.38196572,-0.01882978,0.69571591,0.37193298,-2.50730451,-1.47398265,-2.38349160,-0.02174377,0.69647885,0.37040710,0.00000000,-0.01464844,0.00488281,0.00000000,0.02929688,-0.01464844,1.03492737,2.65134992,2.24113464,0.51269531
14.01451063,4820,-2.50539716,-1.53349192,-2.38234719,-0.01831055,0.69647885,0.37193298,3.77778815,-1.48313792,-2.38196572,-0.01855100,0.69571591,0.37193298,-2.50692304,-1.47398265,-2.38349160,-0.02174377,0.69609738,0.37040710,-0.00488281,-0.00976562,0.00488281,-0.01464844,0.01464844,0.00000000,1.03492737,2.65143728,2.25296021,0.85449219
14.02618146,4825,-2.50539716,-1.53349192,-2.38234719,-0.01792908,0.69647885,0.37193298,3.77778815,-1.48313792,-2.38196572,-0.01820318,0.69571591,0.37193298,-2.50692304,-1.47398265,-2.38349160,-0.02174377,0.69609738,0.37078857,-0.00488281,-0.00976562,0.00976562,0.00000000,0.01464844,-0.01464844,1.03492737,2.65154404,2.26440430,1.00097656
14.03848171,4830,-2.50539716,-1.53349192,-2.38234719,-0.01678467,0.69647885,0.37193298,3.77778815,-1.48313792,-2.38196572,-0.01754880,0.69571591,0.37193298,-2.50692304,-1.47398265,-2.38311013,-0.02174377,0.69609738,0.37040710,0.00000000,-0.00976562,0.00488281,0.00000000,0.01464844,0.00000000,1.03492737,2.65157902,2.27432251,0.68359375
14.05416536,4835,-2.50539716,-1.53349192,-2.38234719,-0.01564026,0.69647885,0.37193298,3.77778815,-1.48313792,-2.38196572,-0.01641604,0.69571591,0.37193298,-2.50692304,-1.47436412,-2.38311013,-0.02174377,0.69609738,0.37040710,-0.00488281,-0.00976562,0.01464844,-0.02929688,0.01464844,-0.02929688,1.03492737,2.65159048,2.28576660,0.85449219
14.06979799,4840,-2.50539716,-1.53349192,-2.38234719,-0.01564026,0.69647885,0.37193298,3.77778815,-1.48313792,-2.38196572,-0.01589447,0.69571591,0.37193298,-2.50692304,-1.47436412,-2.38311013,-0.02174377,0.69609738,0.37078857,0.00000000,-0.00976562,0.00488281,-0.01464844,0.01464844,0.00000000,1.03492737,2.65159424,2.29911804,0.97656250
14.08362961,4845,-2.50539716,-1.53349192,-2.38234719,-0.01525879,0.69647885,0.37193298,3.77778815,-1.48313792,-2.38196572,-0.01564726,0.69571591,0.37193298,-2.50692304,-1.47436412,-2.38311013,-0.02136230,0.69609738,0.37078857,0.00000000,-0.02441406,0.00976562,0.00000000,0.01464844,-0.01464844,1.03492737,2.65159547,2.31094360,0.65917969
14.09708023,4850,-2.50539716,-1.53349192,-2.38234719,-0.01525879,0.69647885,0.37193298,3.77778815,-1.48313792,-2.38196572,-0.01538608,0.69571591,0.37193298,-2.50692304,-1.47474559,-2.38311013,-0.02136230,0.69609738,0.37078857,-0.00488281,-0.02441406,0.00488281,0.00000000,0.02929688,0.00000000,1.03530884,2.65196819,2.31971741,0.65917969
14.10933280,4855,-2.50539716,-1.53349192,-2.38234719,-0.01487732,0.69647885,0.37193298,3.77778815,-1.48313792,-2.38196572,-0.01511434,0.69571591,0.37193298,-2.50692304,-1.47512706,-2.38311013,-0.02136230,0.69609738,0.37078857,0.00488281,-0.02929688,0.00976562,0.00000000,0.01464844,-0.01464844,1.03530884,2.65187059,2.33001709,0.85449219
14.12254167,4860,-2.50539716,-1.53349192,-2.38234719,-0.01487732,0.69647885,0.37193298,3.77778815,-1.48313792,-2.38196572,-0.01495499,0.69571591,0.37193298,-2.50692304,-1.47550852,-2.38311013,-0.02098083,0.69609738,0.37078857,-0.00488281,-0.02929688,0.00488281,0.00000000,0.01464844,-0.01464844,1.03530884,2.65183861,2.34336853,0.92773438
14.13759303,4865,-2.50539716,-1.53349192,-2.38234719,-0.01373291,0.69647885,0.37193298,3.77778815,-1.48313792,-2.38196572,-0.01443268,0.69571591,0.37193298,-2.50692304,-1.47550852,-2.38311013,-0.02059937,0.69647885,0.37078857,-0.00488281,-0.01953125,0.00976562,0.01464844,0.01464844,-0.01464844,1.03530884,2.65198829,2.35328674,0.58593750
14.15424824,4870,-2.50539716,-1.53349192,-2.38234719,-0.01182556,0.69647885,0.37155151,3.77778815,-1.48313792,-2.38196572,-0.01293181,0.69571591,0.37167651,-2.50692304,-1.47550852,-2.38311013,-0.02059937,0.69609738,0.37078857,-0.00488281,-0.00976562,0.00488281,-0.01464844,0.01464844,0.00000000,1.03530884,2.65217503,2.36473083,0.85449219
14.16842532,4875,-2.50539716,-1.53387339,-2.38234719,-0.01029968,0.69647885,0.37117004,3.77778815,-1.48336314,-2.38196572,-0.01138288,0.69571591,0.37136725,-2.50692304,-1.47550852,-2.38311013,-0.02021790,0.69609738,0.37078857,0.00000000,-0.00976562,0.00488281,0.01464844,0.01464844,-0.01464844,1.03530884,2.65222060,2.37960815,0.87890625
14.18336582,4880,-2.50539716,-1.53387339,-2.38234719,-0.00877380,0.69647885,0.37002563,3.77778815,-1.48346819,-2.38196572,-0.00984945,0.69571591,0.37065471,-2.50692304,-1.47588999,-2.38311013,-0.01945496,0.69647885,0.37117004,-0.00488281,-0.00976562,0.00976562,0.04394531,0.01464844,0.00000000,1.03530884,2.65231365,2.38876343,0.48828125
14.20220304,4885,-2.50539716,-1.53387339,-2.38234719,-0.00610352,0.69647885,0.36544800,3.77778815,-1.48350261,-2.38196572,-0.00780217,0.69571591,0.36784603,-2.50692304,-1.47588999,-2.38311013,-0.01869202,0.69609738,0.37078857,-0.00488281,-0.00488281,0.00976562,0.01464844,0.01464844,-0.02929688,1.03530884,2.65234415,2.40402222,0.78125000
14.21902466,4890,-2.50539716,-1.53387339,-2.38234719,-0.00381470,0.69647885,0.36392212,3.77778815,-1.48351389,-2.38196572,-0.00539085,0.69571591,0.36532705,-2.50692304,-1.47588999,-2.38311013,-0.01869202,0.69609738,0.37117004,-0.00488281,-0.01464844,0.00488281,0.00000000,0.02929688,-0.01464844,1.03530884,2.65235414,2.42080688,0.87890625
14.23604798,4895,-2.50539716,-1.53387339,-2.38234719,-0.00305176,0.69647885,0.36392212,3.77778815,-1.48351759,-2.38196572,-0.00388854,0.69571591,0.36438249,-2.50692304,-1.47588999,-2.38311013,-0.01831055,0.69609738,0.37078857,-0.00488281,-0.01464844,0.00976562,0.01464844,-0.00000000,-0.04394531,1.03530884,2.65245507,2.42996216,0.58593750
14.25317478,4900,-2.50539716,-1.53463633,-2.38272866,-0.00076294,0.69647885,0.36392212,3.77778815,-1.48378125,-2.38204201,-0.00225833,0.69571591,0.36407297,-2.50692304,-1.47627146,-2.38272866,-0.01754761,0.69609738,0.37040710,-0.00488281,-0.02929688,0.00976562,0.02929688,0.01464844,-0.02929688,1.03530884,2.65251256,2.44560242,0.92773438
14.26585817,4905,-2.50539716,-1.53578074,-2.38272866,0.00038147,0.69647885,0.36392212,3.77778815,-1.48473715,-2.38224719,-0.00069497,0.69571591,0.36397155,-2.50692304,-1.47665293,-2.38272866,-0.01678467,0.69609738,0.37040710,0.00000000,-0.01953125,0.01464844,0.05859375,-0.00000000,-0.01464844,1.03569031,2.65265957,2.45780945,0.92773438
14.27905130,4910,-2.50539716,-1.53692515,-2.38272866,0.00076294,0.69647885,0.36392212,3.77778815,-1.48560056,-2.38231442,0.00016607,0.69571591,0.36393832,-2.50692304,-1.47703440,-2.38272866,-0.01487732,0.69609738,0.37040710,-0.00488281,-0.02929688,0.01464844,0.13183594,0.02929688,-0.01464844,1.03530884,2.65275535,2.46582031,0.51269531
14.29372215,4915,-2.50539716,-1.53883250,-2.38272866,0.00114441,0.69647885,0.36392212,3.77778815,-1.48708575,-2.38233645,0.00079258,0.69571591,0.36392743,-2.50692304,-1.47741587,-2.38272866,-0.01335144,0.69647885,0.37040710,-0.00488281,-0.02929688,0.00976562,0.05859375,0.01464844,-0.01464844,1.03530884,2.65284923,2.47688293,0.80566406
14.30734992,4920,-2.50539716,-1.54073985,-2.38272866,0.00305176,0.69647885,0.36392212,3.77778815,-1.48890359,-2.38234367,0.00186176,0.69571591,0.36392386,-2.50692304,-1.47741587,-2.38272866,-0.01220703,0.69609738,0.37002563,-0.00488281,-0.01464844,0.01464844,0.07324219,0.01464844,-0.04394531,1.03569031,2.65283239,2.49023438,1.00097656
14.32215405,4925,-2.50539716,-1.54341014,-2.38272866,0.00419617,0.69647885,0.36392212,3.77778815,-1.49116320,-2.38234603,0.00332967,0.69571591,0.36392269,-2.50692304,-1.47779734,-2.38272866,-0.01068115,0.69647885,0.37002563,-0.00488281,-0.01953125,0.00976562,0.04394531,0.02929688,-0.01464844,1.03569031,2.65302707,2.50053406,0.51269531
14.33487916,4930,-2.50539716,-1.54569895,-2.38272866,0.00457764,0.69647885,0.36392212,3.77778815,-1.49360358,-2.38234681,0.00404956,0.69571591,0.36392231,-2.50692304,-1.47779734,-2.38234719,-0.01068115,0.69609738,0.37002563,0.00000000,-0.01464844,0.00976562,0.01464844,-0.00000000,-0.04394531,1.03530884,2.65275370,2.50816345,0.68359375
14.34994173,4935,-2.50539716,-1.54913218,-2.38272866,0.00572205,0.69647885,0.36392212,3.77778815,-1.49638237,-2.38234706,0.00484344,0.69571591,0.36392218,-2.50654157,-1.47779734,-2.38234719,-0.01029968,0.69609738,0.36964417,-0.00488281,-0.01953125,0.00488281,0.01464844,-0.00000000,-0.01464844,1.03530884,2.65258600,2.52037048,0.85449219
14.36410451,4940,-2.50539716,-1.55294688,-2.38272866,0.00724792,0.69647885,0.36392212,3.77778815,-1.49988741,-2.38234715,0.00623932,0.69571591,0.36392214,-2.50654157,-1.47817881,-2.38234719,-0.00991821,0.69609738,0.36964417,-0.00488281,-0.02441406,0.00976562,0.01464844,0.01464844,-0.02929688,1.03530884,2.65243339,2.53295898,0.75683594
14.37930584,4945,-2.50539716,-1.55714305,-2.38272866,0.00724792,0.69686032,0.36392212,3.77778815,-1.50359441,-2.38234717,0.00691743,0.69585324,0.36392213,-2.50654157,-1.47856028,-2.38234719,-0.00801086,0.69609738,0.36964417,0.00000000,-0.02441406,0.00976562,0.10253906,0.01464844,-0.01464844,1.03530884,2.65248104,2.54211426,0.68359375
14.39435077,4950,-2.50539716,-1.56210215,-2.38272866,0.00724792,0.69724179,0.36392212,3.77778815,-1.50801871,-2.38234718,0.00713963,0.69615471,0.36392212,-2.50654157,-1.47932322,-2.38234719,-0.00648499,0.69609738,0.36926270,-0.00976562,-0.04394531,0.00488281,0.08789062,0.01464844,-0.01464844,1.03530884,2.65239900,2.55470276,0.83007812
14.41181517,4955,-2.50539716,-1.56744273,-2.38272866,0.00724792,0.69876767,0.36392212,3.77778815,-1.51295358,-2.38234718,0.00721244,0.69699763,0.36392212,-2.50654157,-1.47970469,-2.38234719,-0.00457764,0.69609738,0.36926270,-0.00488281,-0.03417969,0.00488281,0.11718750,0.02929688,-0.04394531,1.03530884,2.65237211,2.56919861,0.85449219
14.42633224,4960,-2.50539716,-1.57240184,-2.38272866,0.00686646,0.70067502,0.36354065,3.77778815,-1.51765523,-2.38234719,0.00701108,0.69842485,0.36369690,-2.50654157,-1.48084910,-2.38234719,-0.00267029,0.69609738,0.36888123,-0.00488281,-0.05371094,-0.00000000,0.04394531,0.01464844,-0.02929688,1.03530884,2.65236330,2.57987976,0.58593750
14.44120860,4965,-2.50539716,-1.57736094,-2.38272866,0.00686646,0.70258236,0.36163330,3.77778815,-1.52272236,-2.38234719,0.00691384,0.70025738,0.36285931,-2.50654157,-1.48123057,-2.38234719,-0.00267029,0.69609738,0.36849976,0.00000000,-0.05371094,0.00488281,0.00000000,-0.00000000,-0.04394531,1.03530884,2.65248249,2.58827209,0.61035156
14.45581865,4970,-2.50539716,-1.58346446,-2.38272866,0.00724792,0.70525265,0.35552979,3.77778815,-1.52829388,-2.38234719,0.00695828,0.70263167,0.35938318,-2.50654157,-1.48237498,-2.38234719,-0.00190735,0.69647885,0.36773682,-0.00488281,-0.07812500,0.00976562,0.01464844,0.01464844,-0.07324219,1.03530884,2.65252154,2.59819031,0.56152344
14.46874118,4975,-2.50539716,-1.58880503,-2.38272866,0.00724792,0.70677853,0.35095215,3.77778815,-1.53387127,-2.38234719,0.00715301,0.70450587,0.35481590,-2.50654157,-1.48313792,-2.38234719,-0.00152588,0.69647885,0.36659241,-0.00488281,-0.07324219,0.00488281,0.01464844,0.01464844,-0.10253906,1.03530884,2.65269449,2.60429382,0.46386719
14.48308945,4980,-2.50539716,-1.59376414,-2.38272866,0.00724792,0.70830441,0.34637451,3.77778815,-1.53926003,-2.38234719,0.00721682,0.70618495,0.35004586,-2.50654157,-1.48390086,-2.38234719,-0.00152588,0.69647885,0.36621094,0.00000000,-0.06835938,0.00976562,0.01464844,0.04394531,-0.01464844,1.03569031,2.65291938,2.60848999,0.19531250
14.49613237,4985,-2.50539716,-1.60024913,-2.38272866,0.00724792,0.71097470,0.34103394,3.77778815,-1.54443707,-2.38234719,0.00723773,0.70805534,0.34572183,-2.50654157,-1.48504527,-2.38234719,-0.00038147,0.69686032,0.36582947,-0.00488281,-0.08300781,0.00976562,0.04394531,0.04394531,-0.02929688,1.03569031,2.65293350,2.61077881,0.04882812
14.51205373,4990,-2.50539716,-1.60635264,-2.38272866,0.00724792,0.71326352,0.33760071,3.77778815,-1.55086639,-2.38234719,0.00724459,0.71068215,0.34084436,-2.50654157,-1.48580821,-2.38234719,0.00000000,0.69724179,0.36506653,-0.00488281,-0.06835938,0.00488281,0.01464844,0.04394531,-0.07324219,1.03569031,2.65288442,2.61306763,0.19531250
14.52709627,4995,-2.50539716,-1.61321910,-2.38272866,0.00724792,0.71555234,0.33683777,3.77778815,-1.55757252,-2.38234719,0.00724683,0.71297234,0.33822096,-2.50654157,-1.48695262,-2.38234719,0.00038147,0.69838620,0.36315918,-0.00488281,-0.07812500,0.00976562,0.01464844,0.08789062,-0.16113281,1.03569031,2.65304411,2.61955261,0.36621094
14.54190683,5000,-2.50539716,-1.62046702,-2.38272866,0.00724792,0.71669674,0.33569336,3.77778815,-1.56422884,-2.38234719,0.00724757,0.71466408,0.33691320,-2.50654157,-1.48885997,-2.38234719,0.00038147,0.69953061,0.36048889,0.00000000,-0.12695312,0.00488281,-0.01464844,0.08789062,-0.14648438,1.03569031,2.65309644,2.62222290,0.04882812
14.55617046,5005,-2.50539716,-1.62618907,-2.38272866,0.00724792,0.71860409,0.33340454,3.77778815,-1.57113155,-2.38234719,0.00724781,0.71646025,0.33496442,-2.50616010,-1.49000437,-2.38234719,0.00076294,0.70029355,0.35896301,0.00000000,-0.12207031,0.00488281,0.01464844,0.07324219,-0.16113281,1.03569031,2.65311359,2.62451172,0.21972656
14.56974387,5010,-2.50539716,-1.63381846,-2.38272866,0.00724792,0.72051144,0.33035278,3.77778815,-1.57809753,-2.38234719,0.00724789,0.71841905,0.33231754,-2.50616010,-1.49153025,-2.38234719,0.00114441,0.70067502,0.35820007,0.00488281,-0.10253906,0.00488281,0.01464844,0.08789062,-0.05859375,1.03569031,2.65329499,2.62908936,0.21972656
14.58452630,5015,-2.50539716,-1.64182933,-2.38349160,0.00724792,0.72318173,0.32997131,3.77778815,-1.58532313,-2.38267067,0.00724791,0.72046900,0.33074012,-2.50616010,-1.49381907,-2.38234719,0.00152588,0.70258236,0.35705566,-0.00488281,-0.13671875,0.00488281,0.04394531,0.10253906,-0.10253906,1.03569031,2.65333881,2.63366699,0.14648438
14.59771585,5020,-2.50539716,-1.64945872,-2.38463600,0.00724792,0.72623349,0.32997131,3.77778815,-1.59293838,-2.38340497,0.00724792,0.72306894,0.33022324,-2.50616010,-1.49534495,-2.38234719,0.00228882,0.70296383,0.35438538,-0.00488281,-0.12695312,0.00488281,0.02929688,0.07324219,-0.21972656,1.03607178,2.65344325,2.63710022,0.29296875
14.61359191,5025,-2.50539716,-1.65785105,-2.38692482,0.00762939,0.73119259,0.33035278,3.77778815,-1.60035098,-2.38475374,0.00732422,0.72660510,0.33024002,-2.50616010,-1.49763377,-2.38234719,0.00381470,0.70410824,0.35095215,0.00000000,-0.13671875,-0.00000000,0.10253906,0.08789062,-0.27832031,1.03569031,2.65334930,2.63710022,-0.02441406
14.62779808,5030,-2.50539716,-1.66471751,-2.38845070,0.00801086,0.73577023,0.33035278,3.77778815,-1.60823672,-2.38664297,0.00766672,0.73126578,0.33031583,-2.50616010,-1.49954112,-2.38234719,0.00419617,0.70677853,0.34904480,-0.00488281,-0.14648438,-0.00000000,0.00000000,0.17578125,-0.08789062,1.03607178,2.65347111,2.63748169,-0.02441406
14.64176893,5035,-2.50539716,-1.67349131,-2.39150246,0.00953674,0.74301816,0.33035278,3.77778815,-1.61625127,-2.38889240,0.00849331,0.73701260,0.33034068,-2.50616010,-1.50144847,-2.38234719,0.00457764,0.70868588,0.34866333,-0.00488281,-0.14648438,-0.00000000,0.00000000,0.20507812,-0.05859375,1.03607178,2.65360867,2.63786316,0.02441406
14.65651560,5040,-2.50539716,-1.68035777,-2.39417275,0.01144409,0.74950314,0.33035278,3.77778815,-1.62378494,-2.39148631,0.00996693,0.74321615,0.33034882,-2.50616010,-1.50373728,-2.38234719,0.00457764,0.71135617,0.34675598,0.00000000,-0.14648438,0.00488281,0.01464844,0.17578125,-0.13183594,1.03569031,2.65364179,2.63900757,0.09765625
14.67185402,5045,-2.50539716,-1.68989451,-2.39798745,0.01373291,0.75903988,0.33035278,3.77778815,-1.63234306,-2.39468906,0.01191782,0.75143850,0.33035148,-2.50616010,-1.50602610,-2.38234719,0.00457764,0.71517087,0.34561157,0.00000000,-0.16113281,0.00488281,-0.01464844,0.29296875,-0.10253906,1.03607178,2.65370757,2.64244080,0.24414062
14.68502474,5050,-2.50539716,-1.69676097,-2.40180214,0.01564026,0.76666928,0.33035278,3.77778815,-1.64027653,-2.39834425,0.01405086,0.75943212,0.33035236,-2.50616010,-1.50755198,-2.38234719,0.00495911,0.71898556,0.34370422,-0.00488281,-0.17089844,0.00488281,-0.01464844,0.36621094,-0.21972656,1.03569031,2.65367420,2.64244080,0.02441406
14.70040941,5055,-2.50539716,-1.70439036,-2.40561684,0.01678467,0.77696896,0.33035278,3.77778815,-1.64800849,-2.40211889,0.01558954,0.76867049,0.33035264,-2.50616010,-1.51060374,-2.38234719,0.00534058,0.72165585,0.34103394,-0.00976562,-0.18066406,0.00976562,0.00000000,0.21972656,-0.11718750,1.03607178,2.65369378,2.64282227,0.00000000
14.71243811,5060,-2.50539716,-1.71240123,-2.41019448,0.01869202,0.78803158,0.33035278,3.77778815,-1.65573021,-2.40631426,0.01736680,0.77884969,0.33035274,-2.50616010,-1.51327403,-2.38234719,0.00572205,0.72394467,0.34065247,-0.00488281,-0.19531250,0.00488281,0.00000000,0.14648438,-0.05859375,1.03607178,2.65382227,2.64358521,0.02441406
14.72689295,5065,-2.50539716,-1.72041209,-2.41591652,0.02021790,0.79985714,0.33035278,3.77778815,-1.66324106,-2.41098184,0.01891402,0.78927640,0.33035277,-2.50616010,-1.51594432,-2.38234719,0.00648499,0.72699643,0.34027100,-0.00488281,-0.19042969,0.00488281,0.02929688,0.21972656,-0.02929688,1.03607178,2.65386437,2.64701843,0.19531250
14.74158478,5070,-2.50539716,-1.72727854,-2.42049416,0.02136230,0.81053830,0.33073425,3.77778815,-1.67103888,-2.41611972,0.02029052,0.80086685,0.33060925,-2.50616010,-1.51861460,-2.38272866,0.00724792,0.73004818,0.33988953,0.00000000,-0.20019531,-0.01464844,0.04394531,0.21972656,-0.02929688,1.03607178,2.65387816,2.64701843,-0.02441406
14.75530076,5075,-2.50539716,-1.73452647,-2.42545327,0.02288818,0.82045651,0.33073425,3.77778815,-1.67832784,-2.42103730,0.02178649,0.81143654,0.33069329,-2.50616010,-1.52166636,-2.38311013,0.00801086,0.73424435,0.33950806,-0.00488281,-0.21972656,-0.03906250,0.04394531,0.35156250,-0.04394531,1.03607178,2.65388268,2.64739990,0.02441406
14.77039599,5080,-2.50539716,-1.74253733,-2.43155678,0.02326965,0.83342648,0.33073425,3.77778815,-1.68625986,-2.42669997,0.02271334,0.82354089,0.33072083,-2.50616010,-1.52471812,-2.38387307,0.00877380,0.73958493,0.33950806,-0.00488281,-0.21972656,-0.03906250,0.01464844,0.42480469,-0.02929688,1.03607178,2.65405995,2.64739990,-0.04882812
14.78696275,5085,-2.50539716,-1.75207408,-2.43918618,0.02479553,0.84754086,0.33073425,3.77778815,-1.69455153,-2.43305649,0.02365133,0.83604007,0.33072985,-2.50616010,-1.52853282,-2.38501747,0.00877380,0.74835873,0.33912659,-0.00488281,-0.23925781,-0.05371094,0.01464844,0.46875000,-0.04394531,1.03645325,2.65431457,2.64739990,-0.04882812
14.80165005,5090,-2.50539716,-1.75932200,-2.44490822,0.02632141,0.85860348,0.33073425,3.77778815,-1.70225817,-2.43924425,0.02504560,0.84775898,0.33073281,-2.50616010,-1.53196604,-2.38539894,0.00991821,0.75560666,0.33798218,-0.00976562,-0.23925781,-0.02929688,0.05859375,0.46875000,-0.07324219,1.03645325,2.65436284,2.64778137,-0.02441406
14.81693888,5095,-2.50577863,-1.76809581,-2.45253762,0.02670288,0.87042904,0.33111572,3.77771186,-1.71049430,-2.44600184,0.02608951,0.85983279,0.33081007,-2.50577863,-1.53616221,-2.38654335,0.01220703,0.76399899,0.33645630,-0.00488281,-0.24414062,-0.05371094,0.11718750,0.60058594,-0.13183594,1.03645325,2.65419409,2.64778137,0.00000000
14.83056641,5100,-2.50577863,-1.77381785,-2.45787819,0.02670288,0.87843991,0.33111572,3.77750668,-1.71791125,-2.45254648,0.02650189,0.86994600,0.33101557,-2.50577863,-1.53845103,-2.38730629,0.01335144,0.77010251,0.33569336,-0.00488281,-0.22949219,-0.08300781,0.10253906,0.60058594,-0.04394531,1.03645325,2.65449915,2.64816284,0.00000000
14.84666729,5105,-2.50577863,-1.78335459,-2.46627053,0.02670288,0.89140988,0.33111572,3.77743945,-1.72604586,-2.45968688,0.02663702,0.88125330,0.33108290,-2.50577863,-1.54264720,-2.38921364,0.01525879,0.78002072,0.33569336,-0.00488281,-0.21484375,-0.10742188,0.07324219,0.55664062,-0.02929688,1.03645325,2.65459911,2.64816284,0.00000000
14.86005187,5110,-2.50616010,-1.79022105,-2.47351845,0.02670288,0.89980221,0.33111572,3.77734112,-1.73364232,-2.46693376,0.02668130,0.89101439,0.33110497,-2.50577863,-1.54608042,-2.39035805,0.01564026,0.78459836,0.33569336,-0.00488281,-0.25878906,-0.08300781,0.01464844,0.42480469,-0.01464844,1.03607178,2.65430349,2.64854431,0.00000000
14.87582970,5115,-2.50654157,-1.79823191,-2.48152932,0.02670288,0.91124631,0.33111572,3.77690351,-1.74128839,-2.47462640,0.02669581,0.90146949,0.33111220,-2.50577863,-1.54989512,-2.39150246,0.01602173,0.79375363,0.33531189,-0.00488281,-0.25390625,-0.07324219,0.00000000,0.48339844,-0.02929688,1.03607178,2.65426034,2.64892578,0.02441406
14.89152575,5120,-2.50654157,-1.80547984,-2.49030312,0.02632141,0.92078305,0.33149719,3.77672886,-1.74866873,-2.48255619,0.02662427,0.91140775,0.33119086,-2.50577863,-1.55294688,-2.39340981,0.01602173,0.80138302,0.33531189,-0.00488281,-0.24902344,-0.13183594,0.00000000,0.52734375,-0.02929688,1.03645325,2.65442320,2.64930725,0.00000000
14.90440512,5125,-2.50654157,-1.81005748,-2.49564370,0.02632141,0.92726803,0.33149719,3.77667163,-1.75538058,-2.49025105,0.02642065,0.92044081,0.33139681,-2.50577863,-1.55676158,-2.39493569,0.01678467,0.80901242,0.33493042,-0.00488281,-0.28808594,-0.12207031,0.02929688,0.54199219,-0.02929688,1.03645325,2.65449610,2.65083313,0.07324219
14.91738868,5130,-2.50654157,-1.81730540,-2.50479897,0.02593994,0.93794919,0.33187866,3.77665288,-1.76196553,-2.49818022,0.02609746,0.92988318,0.33172077,-2.50577863,-1.56057627,-2.39684304,0.01754761,0.81740475,0.33454895,-0.00488281,-0.26367188,-0.11230469,0.05859375,0.55664062,-0.02929688,1.03645325,2.65451998,2.65197754,0.00000000
14.92940688,5135,-2.50730451,-1.82264598,-2.51242836,0.02593994,0.94557858,0.33226013,3.77643311,-1.76752930,-2.50543324,0.02599156,0.93785275,0.33196425,-2.50577863,-1.56362803,-2.39798745,0.01831055,0.82388974,0.33454895,-0.00488281,-0.29296875,-0.12207031,0.05859375,0.67382812,-0.01464844,1.03645325,2.65443015,2.65197754,-0.04882812
14.94386959,5140,-2.50844891,-1.82836802,-2.52120217,0.02593994,0.95473385,0.33378601,3.77554286,-1.77332448,-2.51369309,0.02595685,0.94652379,0.33275839,-2.50577863,-1.56782420,-2.40027626,0.01945496,0.83380795,0.33416748,-0.00488281,-0.28320312,-0.15136719,0.04394531,0.65917969,-0.05859375,1.03607178,2.65428329,2.65235901,0.00000000
14.95998287,5145,-2.50844891,-1.83447154,-2.53073891,0.02593994,0.96503354,0.33454895,3.77500066,-1.77936456,-2.52287880,0.02594548,0.95628687,0.33386066,-2.50577863,-1.57202037,-2.40256508,0.01983643,0.84410763,0.33378601,-0.00488281,-0.27832031,-0.14160156,0.02929688,0.77636719,-0.04394531,1.03645325,2.65438775,2.65235901,-0.02441406
14.97457957,5150,-2.50844891,-1.83981211,-2.54065712,0.02555847,0.97342587,0.33531189,3.77482299,-1.78478688,-2.53196128,0.02580443,0.96511372,0.33458586,-2.50577863,-1.57621653,-2.40447243,0.02059937,0.85249997,0.33340454,-0.00976562,-0.27343750,-0.15625000,0.02929688,0.58593750,-0.02929688,1.03607178,2.65434752,2.65274048,-0.04882812
14.98881841,5155,-2.50844891,-1.84438975,-2.54943093,0.02479553,0.98181820,0.33721924,3.77476477,-1.78998408,-2.54139580,0.02530630,0.97384765,0.33571424,-2.50577863,-1.58041270,-2.40714272,0.02174377,0.86089230,0.33340454,0.00000000,-0.28320312,-0.16601562,0.05859375,0.57128906,-0.02929688,1.03607178,2.65433433,2.65235901,-0.02441406
15.00088429,5160,-2.50844891,-1.84820445,-2.55858620,0.02365112,0.98982907,0.34217834,3.77474569,-1.79465121,-2.55102295,0.02452406,0.98265600,0.33910804,-2.50577863,-1.58346446,-2.40905007,0.02250671,0.86775876,0.33340454,-0.00488281,-0.28808594,-0.16601562,0.04394531,0.70312500,-0.02929688,1.03645325,2.65418475,2.65274048,-0.04882812
15.01522517,5165,-2.50959332,-1.85201915,-2.56812294,0.02098083,0.99745846,0.34675598,3.77440069,-1.79844299,-2.55988327,0.02270536,0.99035726,0.34296572,-2.50616010,-1.58727915,-2.41210183,0.02288818,0.87729550,0.33340454,-0.00488281,-0.27343750,-0.19531250,0.00000000,0.61523438,-0.01464844,1.03607178,2.65398315,2.65235901,0.00000000
15.02893615,5170,-2.51226361,-1.85545237,-2.57804116,0.01907349,1.00508786,0.35324097,3.77273503,-1.80214263,-2.56950463,0.02057657,0.99785005,0.34845552,-2.50616010,-1.59147532,-2.41439064,0.02288818,0.88492489,0.33340454,-0.00976562,-0.29785156,-0.20019531,-0.01464844,0.58593750,-0.01464844,1.03607178,2.65403916,2.65274048,0.00000000
15.04482532,5175,-2.51493390,-1.85774119,-2.58681496,0.01869202,1.01119137,0.35896301,3.77004287,-1.80534639,-2.57968898,0.01930955,1.00548058,0.35467617,-2.50616010,-1.59605296,-2.41782387,0.02288818,0.89255429,0.33378601,-0.00488281,-0.32714844,-0.20019531,-0.01464844,0.58593750,0.00000000,1.03607178,2.65401356,2.65274048,-0.02441406
15.05811691,5180,-2.51989301,-1.86003001,-2.59864052,0.01792908,1.01882077,0.36697388,3.76645208,-1.80795649,-2.59000458,0.01859285,1.01262694,0.36139631,-2.50616010,-1.60063060,-2.42087563,0.02288818,0.90170956,0.33416748,-0.00488281,-0.29785156,-0.22460938,-0.02929688,0.68847656,0.02929688,1.03607178,2.65398955,2.65274048,-0.04882812
15.07204795,5185,-2.52447064,-1.86079295,-2.60855873,0.01831055,1.02454281,0.37422180,3.76216315,-1.80959425,-2.60017703,0.01828391,1.01891288,0.36852500,-2.50616010,-1.60406382,-2.42392739,0.02288818,0.90933896,0.33531189,-0.00976562,-0.28808594,-0.23925781,-0.02929688,0.64453125,0.07324219,1.03607178,2.65398168,2.65274048,-0.02441406
15.08993483,5190,-2.53210004,-1.86079295,-2.62191017,0.01831055,1.03179074,0.38337708,3.75596917,-1.81016215,-2.61250387,0.01830182,1.02580408,0.37715488,-2.50616010,-1.60902293,-2.42774208,0.02288818,0.91925717,0.33683777,-0.01464844,-0.29296875,-0.22949219,-0.02929688,0.62988281,0.07324219,1.03607178,2.65391661,2.65274048,-0.02441406
15.10492873,5195,-2.54049237,-1.86079295,-2.63449868,0.01869202,1.03942013,0.39253235,3.74851644,-1.81034825,-2.62484794,0.01844502,1.03302068,0.38587920,-2.50654157,-1.61398204,-2.43193825,0.02288818,0.92993832,0.34065247,-0.04882812,-0.27343750,-0.23925781,-0.01464844,0.58593750,0.27832031,1.03607178,2.65389528,2.65274048,-0.02441406
15.11965990,5200,-2.55002911,-1.86041148,-2.64632424,0.01945496,1.04590512,0.40168762,3.73989500,-1.81018400,-2.63705532,0.01900488,1.04007694,0.39486445,-2.50730451,-1.61779673,-2.43537148,0.02288818,0.93718625,0.34332275,-0.05371094,-0.26367188,-0.22949219,0.00000000,0.57128906,0.16113281,1.03607178,2.65406407,2.65312195,-0.02441406
15.13387036,5205,-2.56032880,-1.85850413,-2.65853127,0.02021790,1.05124569,0.41046143,3.73059837,-1.80927850,-2.64879713,0.01967002,1.04591917,0.40361428,-2.50768598,-1.62122996,-2.43956765,0.02288818,0.94405270,0.34637451,-0.02441406,-0.25878906,-0.25878906,-0.01464844,0.52734375,0.23437500,1.03607178,2.65402173,2.65312195,-0.02441406
15.14567137,5210,-2.56910260,-1.85697825,-2.66730507,0.02098083,1.05467892,0.41618347,3.72150628,-1.80791685,-2.65904251,0.02033988,1.05059100,0.41097691,-2.50806744,-1.62466319,-2.44261940,0.02250671,0.95091916,0.35133362,-0.03906250,-0.25390625,-0.25390625,0.00000000,0.55664062,0.36621094,1.03607178,2.65392973,2.65312195,-0.02441406
15.15962625,5215,-2.58054669,-1.85507090,-2.67798622,0.02174377,1.05887509,0.42266846,3.71139637,-1.80611751,-2.66922882,0.02107232,1.05480240,0.41767917,-2.50921185,-1.62771495,-2.44643410,0.02250671,0.95816708,0.35514832,-0.08789062,-0.23925781,-0.30761719,-0.01464844,0.57128906,0.30761719,1.03645325,2.65413029,2.65312195,0.00000000
15.17458677,5220,-2.59199078,-1.85278208,-2.68790444,0.02250671,1.06230832,0.42686462,3.70000323,-1.80402570,-2.67960891,0.02191755,1.05870449,0.42295532,-2.51035626,-1.63114817,-2.45101174,0.02250671,0.96579648,0.36125183,-0.07324219,-0.24414062,-0.29785156,-0.02929688,0.48339844,0.42480469,1.03607178,2.65396530,2.65312195,0.00000000
15.18844461,5225,-2.60686810,-1.85049327,-2.69973000,0.02403259,1.06612301,0.42991638,3.68715628,-1.80177459,-2.69044470,0.02300897,1.06253562,0.42720325,-2.51150067,-1.63458140,-2.45520790,0.02250671,0.97380734,0.36468506,-0.10742188,-0.24414062,-0.28320312,-0.01464844,0.60058594,0.16113281,1.03607178,2.65411143,2.65312195,-0.02441406
15.20430350,5230,-2.62021954,-1.84744151,-2.71041115,0.02670288,1.06955624,0.42953491,3.67370306,-1.79928401,-2.70128200,0.02490213,1.06608214,0.42889001,-2.51302655,-1.63801463,-2.45902260,0.02288818,0.98067380,0.36888123,-0.09765625,-0.22949219,-0.31738281,-0.01464844,0.48339844,0.29296875,1.03607178,2.65395912,2.65312195,0.00000000
15.21859002,5235,-2.63433392,-1.84400828,-2.72032936,0.02899170,1.07260800,0.42953491,3.65927798,-1.79604981,-2.71221817,0.02724147,1.06947620,0.42932359,-2.51493390,-1.64106639,-2.46474465,0.02288818,0.98754025,0.37345886,-0.13183594,-0.22460938,-0.33691406,0.00000000,0.48339844,0.26367188,1.03607178,2.65398734,2.65312195,0.00000000
15.23614168,5240,-2.65150006,-1.83981211,-2.73177346,0.03128052,1.07565976,0.42953491,3.64333279,-1.79215958,-2.72330442,0.02963620,1.07257909,0.42946567,-2.51760419,-1.64488108,-2.47008522,0.02288818,0.99364377,0.37956238,-0.14648438,-0.21484375,-0.30761719,0.00000000,0.33691406,0.29296875,1.03607178,2.65371826,2.65312195,0.00000000
15.25123930,5245,-2.66561444,-1.83637889,-2.74092873,0.03318787,1.07680417,0.42915344,3.62872103,-1.78874750,-2.73322183,0.03159339,1.07472658,0.42925575,-2.51989301,-1.64793284,-2.47542580,0.02288818,0.99974728,0.38337708,-0.17578125,-0.20507812,-0.30761719,-0.02929688,0.42480469,0.30761719,1.03569031,2.65345797,2.65350342,-0.02441406
15.26778984,5250,-2.68773969,-1.83065684,-2.75389870,0.03318787,1.07794858,0.42915344,3.61015888,-1.78406120,-2.74476088,0.03266539,1.07630954,0.42918697,-2.52256329,-1.65022166,-2.48000344,0.02288818,1.00585080,0.38833618,-0.17578125,-0.18066406,-0.37597656,0.00000000,0.49804688,0.26367188,1.03530884,2.65279724,2.65350342,-0.02441406
15.28364444,5255,-2.70261701,-1.82607920,-2.76267250,0.03318787,1.07833005,0.42915344,3.59259804,-1.77918770,-2.75520398,0.03301666,1.07715503,0.42916443,-2.52561505,-1.65327342,-2.48610695,0.02288818,1.01271725,0.38986206,-0.20996094,-0.18066406,-0.37109375,-0.01464844,0.41015625,0.05859375,1.03492737,2.65222795,2.65312195,-0.02441406
15.29739785,5260,-2.71940167,-1.82112010,-2.77220925,0.03318787,1.07833005,0.42915344,3.57683589,-1.77465654,-2.76435998,0.03313177,1.07743208,0.42915704,-2.52942975,-1.65632518,-2.49221047,0.02288818,1.01691342,0.39405823,-0.21484375,-0.16601562,-0.35156250,-0.02929688,0.27832031,0.23437500,1.03378296,2.65064321,2.65312195,0.00000000
15.31141210,5265,-2.73466046,-1.81654246,-2.78098305,0.03318787,1.07833005,0.42877197,3.56189751,-1.77021474,-2.77289721,0.03316948,1.07752286,0.42907833,-2.53248151,-1.65861399,-2.49678810,0.02326965,1.02301693,0.39596558,-0.24414062,-0.17089844,-0.33691406,0.00000000,0.38085938,0.11718750,1.03378296,2.64974502,2.65350342,0.00000000
15.32591224,5270,-2.74839337,-1.81158335,-2.78861245,0.03318787,1.07833005,0.42877197,3.54561139,-1.76488267,-2.78216734,0.03318184,1.07755261,0.42887236,-2.53591473,-1.66090281,-2.50212868,0.02326965,1.02873898,0.39787292,-0.25390625,-0.16601562,-0.35156250,0.01464844,0.39550781,0.10253906,1.03340149,2.64917604,2.65350342,-0.02441406
15.34115863,5275,-2.76670392,-1.80509837,-2.79891213,0.03318787,1.07833005,0.42877197,3.52957016,-1.75940437,-2.79109158,0.03318589,1.07756235,0.42880487,-2.53972943,-1.66281016,-2.50746926,0.02365112,1.03293515,0.40092468,-0.27343750,-0.15136719,-0.37597656,0.01464844,0.36621094,0.23437500,1.03340149,2.64911167,2.65350342,-0.02441406
15.35547376,5280,-2.78234418,-1.79899485,-2.80768593,0.03318787,1.07794858,0.42839050,3.51326775,-1.75346227,-2.80019495,0.03318722,1.07734033,0.42855753,-2.54392560,-1.66471751,-2.51319130,0.02441406,1.03560544,0.40359497,-0.27832031,-0.14648438,-0.40039062,0.02929688,0.14648438,0.13183594,1.03340149,2.64873022,2.65312195,-0.07324219
15.36862946,5285,-2.79607709,-1.79327281,-2.81569680,0.03318787,1.07794858,0.42800903,3.49852734,-1.74766177,-2.80856478,0.03318765,1.07723633,0.42830791,-2.54774030,-1.66624339,-2.51700600,0.02441406,1.03751278,0.40435791,-0.31738281,-0.14160156,-0.35156250,0.02929688,0.16113281,0.04394531,1.03340149,2.64878101,2.65312195,-0.02441406
15.38390017,5290,-2.81324323,-1.78602488,-2.82561501,0.03318787,1.07718564,0.42800903,3.48231281,-1.74089058,-2.81793900,0.03318780,1.07686948,0.42810697,-2.55155499,-1.66776927,-2.52234658,0.02517700,1.03980160,0.40512085,-0.30761719,-0.12207031,-0.36621094,0.02929688,0.23437500,0.07324219,1.03340149,2.64862187,2.65312195,-0.02441406
15.39807105,5295,-2.83002789,-1.77839549,-2.83553322,0.03318787,1.07604123,0.42724609,3.46627111,-1.73383830,-2.82741431,0.03318784,1.07608143,0.42770836,-2.55727704,-1.66967662,-2.52883156,0.02593994,1.04247189,0.40931702,-0.33203125,-0.10742188,-0.36621094,0.05859375,0.11718750,0.24902344,1.03340149,2.64864785,2.65312195,-0.02441406
15.41043282,5300,-2.84490521,-1.77114756,-2.84468849,0.03318787,1.07527829,0.42686462,3.45149272,-1.72701777,-2.83636000,0.03318786,1.07523995,0.42732128,-2.56223615,-1.67082102,-2.53455361,0.02670288,1.04514218,0.41275024,-0.35644531,-0.07324219,-0.38085938,0.01464844,0.19042969,0.21972656,1.03340149,2.64857824,2.65312195,-0.02441406
15.42545247,5305,-2.85901959,-1.76466258,-2.85346230,0.03318787,1.07489682,0.42533875,3.43659679,-1.72005955,-2.84544208,0.03318786,1.07452756,0.42635020,-2.56643231,-1.67196543,-2.53989418,0.02708435,1.04666806,0.41236877,-0.36132812,-0.08300781,-0.42480469,0.02929688,0.17578125,-0.02929688,1.03340149,2.64863355,2.65312195,-0.04882812
15.44111156,5310,-2.87656720,-1.75588877,-2.86490639,0.03318787,1.07489682,0.42381287,3.42035949,-1.71235431,-2.85559168,0.03318787,1.07426288,0.42497487,-2.57329877,-1.67310984,-2.54714211,0.02746582,1.05162716,0.41275024,-0.37597656,-0.07324219,-0.40527344,0.00000000,0.23437500,0.00000000,1.03340149,2.64857355,2.65274048,-0.04882812
15.45304966,5315,-2.88877423,-1.74940379,-2.87291725,0.03318787,1.07489682,0.42076111,3.40492166,-1.70458470,-2.86558754,0.03318787,1.07417615,0.42286355,-2.57635053,-1.67349131,-2.55057534,0.02746582,1.05277157,0.41313171,-0.39550781,-0.06835938,-0.39550781,0.00000000,0.13183594,0.01464844,1.03340149,2.64867596,2.65274048,-0.04882812
15.46966839,5320,-2.90861066,-1.73834117,-2.88626870,0.03318787,1.07489682,0.41580200,3.38846261,-1.69573834,-2.87652986,0.03318787,1.07414773,0.41889230,-2.58436139,-1.67463572,-2.55896767,0.02822876,1.05429745,0.41465759,-0.40039062,-0.06347656,-0.42968750,0.01464844,0.11718750,0.08789062,1.03340149,2.64858745,2.65274048,-0.02441406
15.48383522,5325,-2.92234357,-1.73109324,-2.89542397,0.03318787,1.07489682,0.41198730,3.37272555,-1.68716147,-2.88711690,0.03318787,1.07413842,0.41510443,-2.59046491,-1.67501719,-2.56507119,0.02861023,1.05773068,0.41503906,-0.41992188,-0.03906250,-0.43457031,0.02929688,0.21972656,0.00000000,1.03340149,2.64855845,2.65274048,-0.02441406
15.49971771,5330,-2.93722089,-1.72231944,-2.90610512,0.03280640,1.07489682,0.40664673,3.35842150,-1.67910112,-2.89702063,0.03311157,1.07413537,0.41056268,-2.59694989,-1.67539866,-2.57193764,0.02975464,1.06040097,0.41503906,-0.43457031,-0.01953125,-0.46386719,0.04394531,0.11718750,-0.02929688,1.03340149,2.64854894,2.65235901,-0.07324219
15.51399350,5335,-2.95095380,-1.71354563,-2.91640480,0.03280640,1.07489682,0.40016174,3.34363962,-1.67028864,-2.90765297,0.03290640,1.07413437,0.40494297,-2.60305341,-1.67539866,-2.57804116,0.03051758,1.06154538,0.41503906,-0.44921875,-0.01464844,-0.45410156,0.02929688,0.14648438,-0.01464844,1.03340149,2.64854583,2.65235901,-0.04882812
15.53033400,5340,-2.96697553,-1.70400889,-2.92861183,0.03280640,1.07527829,0.39253235,3.32803588,-1.66076071,-2.91931227,0.03283916,1.07432020,0.39809027,-2.61030133,-1.67539866,-2.58490761,0.03051758,1.06307126,0.41503906,-0.43945312,-0.00976562,-0.44433594,-0.01464844,0.07324219,-0.02929688,1.03340149,2.64874500,2.65235901,-0.02441406
15.54536104,5345,-2.98147138,-1.69485362,-2.94005593,0.03280640,1.07604123,0.38375854,3.31280883,-1.65142864,-2.93099143,0.03281713,1.07489403,0.39009441,-2.61754926,-1.67539866,-2.59177407,0.03051758,1.06307126,0.41465759,-0.45410156,-0.00488281,-0.45410156,-0.01464844,0.01464844,-0.04394531,1.03340149,2.64861007,2.65274048,-0.04882812
15.55867863,5350,-2.99405988,-1.68722422,-2.94959267,0.03280640,1.07718564,0.37460327,3.29945925,-1.64328623,-2.94135569,0.03280991,1.07568350,0.38159445,-2.62365277,-1.67539866,-2.59787758,0.03051758,1.06345273,0.41389465,-0.46875000,-0.00488281,-0.46386719,0.00000000,0.02929688,-0.05859375,1.03340149,2.64856586,2.65235901,-0.02441406
15.57251883,5355,-3.00855573,-1.67806895,-2.96103676,0.03280640,1.07985592,0.36201477,3.28620083,-1.63497115,-2.95162759,0.03280755,1.07739471,0.37155271,-2.63013776,-1.67539866,-2.60398110,0.03089905,1.06345273,0.41275024,-0.47851562,0.00976562,-0.44433594,0.00000000,-0.00000000,-0.13183594,1.03340149,2.64855137,2.65235901,-0.04882812
15.58606839,5360,-3.01885541,-1.67158396,-2.96904763,0.03280640,1.08214474,0.35133362,3.27410887,-1.62742408,-2.96113179,0.03280677,1.07937512,0.36072952,-2.63662274,-1.67501719,-2.61008461,0.03089905,1.06345273,0.41046143,-0.48339844,0.02929688,-0.46386719,0.00000000,0.01464844,-0.14648438,1.03340149,2.64854663,2.65197754,-0.04882812
15.60179806,5365,-3.03106244,-1.66395457,-2.97896584,0.03280640,1.08634091,0.33493042,3.26165292,-1.61951356,-2.97101101,0.03280652,1.08274415,0.34645019,-2.64463361,-1.67425425,-2.61771401,0.03128052,1.06421567,0.40779114,-0.50292969,0.05371094,-0.48828125,0.00000000,0.08789062,-0.26367188,1.03340149,2.64854507,2.65197754,-0.02441406
15.61724114,5370,-3.04403241,-1.65556224,-2.98964699,0.03280640,1.09244443,0.31318665,3.24948127,-1.61175029,-2.98090937,0.03280644,1.08740915,0.32919811,-2.65264447,-1.67349131,-2.62534340,0.03128052,1.06612301,0.40168762,-0.51757812,0.03906250,-0.50781250,-0.01464844,0.14648438,-0.46875000,1.03340149,2.64854456,2.65197754,-0.02441406
15.63230324,5375,-3.05547650,-1.64755137,-2.99956520,0.03280640,1.09969235,0.29182434,3.23762299,-1.60393482,-2.99093583,0.03280641,1.09343619,0.31016186,-2.66027387,-1.67196543,-2.63259133,0.03128052,1.06764889,0.39634705,-0.52734375,0.08300781,-0.47363281,-0.01464844,0.11718750,-0.42480469,1.03340149,2.64854439,2.65197754,-0.02441406
15.64690065,5380,-3.06692059,-1.63992198,-3.01024636,0.03280640,1.10770321,0.26741028,3.22567209,-1.59595148,-3.00149620,0.03280640,1.10072033,0.29016186,-2.66828473,-1.67043956,-2.63945778,0.03128052,1.06917477,0.38948059,-0.51269531,0.10253906,-0.45898438,-0.01464844,0.10253906,-0.36621094,1.03340149,2.64854434,2.65197754,0.00000000
15.66194820,5385,-3.07722028,-1.63305552,-3.02016457,0.03318787,1.11800290,0.24452209,3.21471268,-1.58863311,-3.01150081,0.03303162,1.10935659,0.27016186,-2.67629559,-1.66891368,-2.64670571,0.03089905,1.07146359,0.38299561,-0.52734375,0.09277344,-0.45410156,-0.02929688,0.14648438,-0.48339844,1.03340149,2.64854432,2.65159607,0.00000000
15.67697358,5390,-3.08561261,-1.62733348,-3.02817543,0.03318787,1.12677670,0.22544861,3.20506803,-1.58214335,-3.02060737,0.03313667,1.11859656,0.25016186,-2.68316205,-1.66738780,-2.65319069,0.03089905,1.07451535,0.37460327,-0.52734375,0.09277344,-0.46875000,-0.01464844,0.26367188,-0.64453125,1.03340149,2.64854431,2.65159607,-0.04882812
15.69089341,5395,-3.09476788,-1.62161143,-3.03694924,0.03318787,1.13783932,0.20561218,3.19539840,-1.57579816,-3.02993210,0.03317109,1.12916544,0.23016186,-2.69155438,-1.66548045,-2.66082009,0.03089905,1.07909298,0.36354065,-0.53710938,0.12695312,-0.47363281,-0.02929688,0.32226562,-0.70312500,1.03340149,2.64854431,2.65197754,0.00000000
15.70577192,5400,-3.10239728,-1.61665232,-3.04457863,0.03318787,1.14813901,0.18959045,3.18721618,-1.57054160,-3.03788216,0.03318237,1.13925793,0.21016186,-2.69765790,-1.66395457,-2.66577919,0.03128052,1.08176327,0.35629272,-0.53222656,0.12695312,-0.47851562,-0.02929688,0.27832031,-0.62988281,1.03340149,2.64854431,2.65159607,0.00000000
15.71756148,5405,-3.11078961,-1.61207469,-3.05220803,0.03318787,1.15920163,0.17471313,3.17879846,-1.56546561,-3.04574212,0.03318606,1.15013596,0.19027211,-2.70528729,-1.66242869,-2.67379006,0.03128052,1.08862973,0.34866333,-0.54199219,0.12207031,-0.48339844,0.00000000,0.48339844,-0.76171875,1.03340149,2.64854431,2.65159607,0.00000000
15.73197317,5410,-3.11841901,-1.60825999,-3.05945595,0.03318787,1.17064572,0.16174316,3.17070567,-1.56097932,-3.05339567,0.03318728,1.16146683,0.17321848,-2.71253522,-1.66052134,-2.68065651,0.03128052,1.09053708,0.33378601,-0.54199219,0.11718750,-0.46386719,0.01464844,0.21972656,-0.92285156,1.03340149,2.64854431,2.65159607,-0.02441406
15.74460793,5415,-3.12642987,-1.60406382,-3.06632241,0.03356934,1.18285275,0.15029907,3.16269188,-1.55677450,-3.06067630,0.03337383,1.17324516,0.15959690,-2.71902020,-1.65899546,-2.68676003,0.03128052,1.09587765,0.32577515,-0.53710938,0.12207031,-0.48339844,-0.01464844,0.30761719,-0.64453125,1.03340149,2.64854431,2.65159607,-0.02441406
15.75839996,5420,-3.13405927,-1.60024913,-3.07357033,0.03356934,1.19467831,0.13999939,3.15507715,-1.55290229,-3.06765320,0.03350527,1.18466413,0.14845919,-2.72664960,-1.65746958,-2.69324501,0.03166199,1.10045529,0.31318665,-0.55664062,0.12695312,-0.49316406,0.01464844,0.36621094,-0.93750000,1.03340149,2.64844666,2.65159607,-0.02441406
15.77281976,5425,-3.14130719,-1.59719737,-3.08081826,0.03356934,1.20917416,0.13122559,3.14825298,-1.54963832,-3.07413702,0.03354834,1.19671962,0.13917299,-2.73427899,-1.65556224,-2.70087441,0.03166199,1.10617734,0.30250549,-0.54687500,0.13671875,-0.49804688,-0.02929688,0.39550781,-0.67382812,1.03340149,2.64851231,2.65159607,-0.02441406
15.78544641,5430,3.13615607,-1.59529002,-3.08615883,0.03356934,1.22061825,0.12664795,3.14129137,-1.54687775,-3.08079167,0.03356246,1.20968095,0.13150508,-2.74152692,-1.65365489,-2.70774086,0.03166199,1.11266232,0.29220581,-0.53710938,0.13183594,-0.48828125,-0.01464844,0.60058594,-0.86425781,1.03302002,2.64838124,2.65159607,-0.02441406
15.80000734,5435,3.13043402,-1.59338267,-3.09226235,0.03395081,1.23396969,0.12321472,3.13527203,-1.54462001,-3.08678672,0.03375324,1.22261647,0.12670133,-2.74953778,-1.65136607,-2.71460732,0.03166199,1.11876584,0.27923584,-0.53710938,0.14160156,-0.48339844,-0.02929688,0.42480469,-0.83496094,1.03302002,2.64821622,2.65121460,-0.04882812
15.81175137,5440,3.12623786,-1.59261973,-3.09607704,0.03395081,1.24388791,0.12092590,3.12970013,-1.54315632,-3.09234468,0.03388607,1.23518013,0.12306058,-2.75564130,-1.64945872,-2.72071083,0.03166199,1.12410641,0.27122498,-0.53222656,0.13183594,-0.47851562,-0.02929688,0.42480469,-0.73242188,1.03302002,2.64792386,2.65121460,-0.04882812
15.82815504,5445,3.11937140,-1.59147532,-3.10218056,0.03395081,1.25952817,0.11940002,3.12406061,-1.54211871,-3.09751552,0.03392959,1.24811450,0.12070108,-2.76288922,-1.64755137,-2.72719582,0.03166199,1.13249875,0.25901794,-0.54199219,0.14160156,-0.48828125,0.00000000,0.68847656,-0.95214844,1.03187561,2.64655487,2.65159607,0.00000000
15.84133482,5450,3.11555670,-1.59109385,-3.10599526,0.03395081,1.27097226,0.12016296,3.11916846,-1.54122292,-3.10213495,0.03394385,1.26049370,0.12018890,-2.77090009,-1.64526255,-2.73482521,0.03166199,1.14279843,0.24948120,-0.53222656,0.14648438,-0.51269531,-0.01464844,0.62988281,-0.58593750,1.03225708,2.64658894,2.65121460,-0.02441406
15.85802317,5455,3.11059760,-1.59109385,-3.11095436,0.03395081,1.28928280,0.12054443,3.11440952,-1.54089814,-3.10680453,0.03394853,1.27532697,0.12024776,-2.77929242,-1.64297373,-2.74283608,0.03166199,1.15119076,0.23727417,-0.53222656,0.13671875,-0.49804688,0.01464844,0.58593750,-0.79101562,1.03263855,2.64663942,2.65121460,-0.04882812
15.87191224,5460,3.10678290,-1.59109385,-3.11515053,0.03356934,1.30492306,0.12054443,3.11007447,-1.54079172,-3.11124762,0.03372484,1.29094792,0.12044722,-2.78577741,-1.64144786,-2.74855812,0.03204346,1.16034604,0.23155212,-0.52734375,0.13183594,-0.48339844,-0.01464844,0.71777344,-0.73242188,1.03263855,2.64671846,2.65121460,-0.04882812
15.88354015,5465,3.10525702,-1.59147532,-3.11820229,0.03356934,1.31560422,0.12054443,3.10723648,-1.54089417,-3.11492619,0.03362029,1.30455975,0.12051258,-2.79340680,-1.63954051,-2.75580605,0.03204346,1.17026425,0.22277832,-0.51269531,0.13671875,-0.49316406,-0.01464844,0.61523438,-0.46875000,1.03263855,2.64692014,2.65083313,0.00000000
15.89768052,5470,3.10296820,-1.59147532,-3.12201699,0.03318787,1.33124447,0.12054443,3.10476771,-1.54104689,-3.11873534,0.03344870,1.31934100,0.12053400,-2.80065473,-1.63763316,-2.76267250,0.03242493,1.17903805,0.21400452,-0.51757812,0.13183594,-0.47363281,0.00000000,0.67382812,-0.64453125,1.03263855,2.64692372,2.65045166,-0.04882812
15.91399693,5475,3.10067939,-1.59147532,-3.12697609,0.03318787,1.35222531,0.12054443,3.10246876,-1.54109693,-3.12293043,0.03327334,1.33643244,0.12054101,-2.80904706,-1.63534434,-2.77068337,0.03280640,1.19238949,0.20446777,-0.50781250,0.11718750,-0.46875000,-0.01464844,0.82031250,-0.51269531,1.03225708,2.64671274,2.64892578,-0.19531250
15.92772436,5480,3.09991645,-1.59147532,-3.13117226,0.03318787,1.36748410,0.12054443,3.10090318,-1.54111333,-3.12728054,0.03321587,1.35352955,0.12054331,-2.81591351,-1.63381846,-2.77564247,0.03280640,1.20078183,0.19950867,-0.51757812,0.12695312,-0.48828125,0.00000000,0.64453125,-0.35156250,1.03263855,2.64677764,2.64701843,-0.07324219
15.94320846,5485,3.10029792,-1.59147532,-3.13536843,0.03166199,1.38465024,0.12054443,3.10049625,-1.54111870,-3.13179668,0.03267214,1.37094260,0.12054407,-2.82392438,-1.63152964,-2.78441628,0.03280640,1.21337033,0.19302368,-0.50781250,0.12695312,-0.44921875,-0.02929688,0.82031250,-0.52734375,1.03263855,2.64686140,2.64701843,-0.04882812
15.95761347,5490,3.10029792,-1.59147532,-3.13956459,0.02784729,1.39876462,0.12054443,3.10036291,-1.54112046,-3.13577299,0.03026912,1.38606269,0.12054431,-2.82964642,-1.63000376,-2.79013832,0.03280640,1.22061825,0.18692017,-0.49804688,0.11230469,-0.47363281,-0.01464844,0.79101562,-0.48339844,1.03263855,2.64696698,2.64663696,-0.02441406
15.97319198,5495,3.10029792,-1.59147532,3.13942455,0.02479553,1.41440487,0.12054443,3.10031921,-1.54112104,-3.13982631,0.02739918,1.40085428,0.12054439,-2.83842023,-1.62771495,-2.79853066,0.03242493,1.23816586,0.18005371,-0.47851562,0.10253906,-0.43945312,-0.01464844,0.92285156,-0.35156250,1.03263855,2.64700157,2.64663696,-0.02441406
15.99099422,5500,3.10029792,-1.59147532,3.13446544,0.02059937,1.43042660,0.12054443,3.10030489,-1.54112123,-3.14429379,0.02408290,1.41573952,0.12054442,-2.84681256,-1.62542613,-2.80654152,0.03280640,1.25266171,0.17509460,-0.46386719,0.11230469,-0.45898438,0.01464844,0.79101562,-0.33691406,1.03263855,2.64701291,2.64701843,0.00000000
16.00491428,5505,3.10029792,-1.59147532,3.13103221,0.01754761,1.44072629,0.12054443,3.10030020,-1.54112129,-3.14840967,0.02042054,1.42954180,0.12054443,-2.85291608,-1.62390025,-2.81188210,0.03242493,1.26372433,0.17242432,-0.44921875,0.09765625,-0.42968750,-0.05859375,0.89355469,-0.24902344,1.03263855,2.64701662,2.64663696,-0.02441406
16.02063727,5510,3.10029792,-1.59147532,3.12721752,0.01564026,1.45064450,0.12054443,3.10029867,-1.54112131,-3.15249395,0.01760754,1.44140461,0.12054443,-2.85901959,-1.62237437,-2.81874855,0.03204346,1.27554989,0.16822815,-0.43945312,0.09765625,-0.43945312,-0.02929688,0.79101562,-0.38085938,1.03263855,2.64685768,2.64663696,-0.02441406
16.03479385,5515,3.10029792,-1.59147532,3.12378429,0.01335144,1.45941830,0.12054443,3.10029816,-1.54112131,-3.15618935,0.01516844,1.45128877,0.12054443,-2.86626752,-1.62046702,-2.82637795,0.03166199,1.28623105,0.16250610,-0.43457031,0.09277344,-0.44433594,-0.02929688,0.77636719,-0.29296875,1.03263855,2.64696576,2.64663696,-0.02441406
16.04907155,5520,3.10029792,-1.59147532,3.12073253,0.01144409,1.46704770,0.12054443,3.10029800,-1.54112132,-3.15970250,0.01306537,1.46010867,0.12054443,-2.87198956,-1.61932261,-2.83171852,0.03089905,1.29805661,0.15869141,-0.42480469,0.10742188,-0.43457031,-0.08789062,0.73242188,-0.29296875,1.03263855,2.64700117,2.64663696,-0.04882812
16.06361508,5525,3.10029792,-1.59147532,3.11729930,0.00991821,1.47353268,0.12054443,3.10029794,-1.54112132,-3.16305205,0.01113111,1.46778649,0.12054443,-2.87771161,-1.61779673,-2.83858498,0.03051758,1.30835629,0.15525818,-0.42480469,0.10253906,-0.43945312,-0.05859375,0.73242188,-0.21972656,1.03263855,2.64689071,2.64663696,-0.04882812
16.07657123,5530,3.10029792,-1.59147532,3.11577342,0.00877380,1.47658444,0.12016296,3.10029792,-1.54112132,-3.16550608,0.00969664,1.47278624,0.12031921,-2.88076337,-1.61741526,-2.84049233,0.03013611,1.31407834,0.15525818,-0.41015625,0.09765625,-0.45410156,-0.07324219,0.83496094,-0.05859375,1.03263855,2.64697658,2.64663696,0.00000000
16.08906651,5535,3.10029792,-1.59147532,3.11424754,0.00610352,1.48078061,0.11978149,3.10029792,-1.54112132,-3.16736735,0.00763296,1.47710657,0.12002801,-2.88877423,-1.61550791,-2.85002907,0.02937317,1.32933713,0.15220642,-0.41992188,0.09277344,-0.43945312,-0.05859375,0.76171875,-0.27832031,1.03263855,2.64676644,2.64663696,-0.02441406
16.10574341,5540,3.10029792,-1.59147532,3.11195873,0.00343323,1.48421383,0.11863708,3.10029792,-1.54112132,-3.16913228,0.00550178,1.48057804,0.11948446,-2.89487775,-1.61398204,-2.85651406,0.02784729,1.34154416,0.14915466,-0.40527344,0.10253906,-0.39550781,-0.16113281,0.84960938,-0.16113281,1.03225708,2.64668561,2.64663696,-0.04882812
16.11999798,5545,3.10029792,-1.59147532,3.11043285,0.00190735,1.48650265,0.11291504,3.10029792,-1.54112132,-3.17104020,0.00341574,1.48347949,0.11681624,-2.90098126,-1.61245616,-2.86261757,0.02517700,1.35375119,0.14801025,-0.40039062,0.09277344,-0.39550781,-0.14648438,0.74707031,-0.07324219,1.03263855,2.64690937,2.64663696,-0.02441406
16.13324165,5550,3.10029792,-1.59147532,3.10966991,0.00038147,1.48802853,0.10757446,3.10029792,-1.54112132,-3.17226768,0.00179859,1.48578229,0.11162039,-2.90517743,-1.61131175,-2.86795815,0.02365112,1.36176205,0.14724731,-0.37597656,0.08300781,-0.41015625,-0.16113281,0.65917969,-0.08789062,1.03263855,2.64690457,2.64663696,0.00000000
16.14543867,5555,3.10067939,-1.59147532,3.10928844,-0.00228882,1.48802853,0.09613037,3.10043525,-1.54112132,-3.17310655,-0.00051733,1.48677954,0.10324618,-2.91051801,-1.61016734,-2.87368019,0.02250671,1.37282467,0.14343262,-0.37109375,0.10253906,-0.41015625,-0.07324219,0.82031250,-0.27832031,1.03263855,2.64676140,2.64663696,-0.04882812
16.16045594,5560,3.10067939,-1.59147532,3.10928844,-0.00457764,1.48802853,0.08010864,3.10059939,-1.54112132,-3.17338143,-0.00270565,1.48710632,0.09135930,-2.91547711,-1.60902293,-2.87902077,0.02098083,1.38045407,0.13999939,-0.38085938,0.08789062,-0.41992188,-0.10253906,0.52734375,-0.35156250,1.03263855,2.64693421,2.64663696,-0.02441406
16.17369604,5565,3.10029792,-1.59147532,3.10928844,-0.00610352,1.48802853,0.06523132,3.10043576,-1.54112132,-3.17347150,-0.00470836,1.48721340,0.07649167,-2.92081769,-1.60749705,-2.88512429,0.01907349,1.38770199,0.13618469,-0.38085938,0.07324219,-0.41503906,-0.14648438,0.52734375,-0.21972656,1.03225708,2.64663805,2.64663696,-0.02441406
16.19049406,5570,3.10067939,-1.59147532,3.10928844,-0.00915527,1.48802853,0.04310608,3.10056831,-1.54112132,-3.17350101,-0.00719567,1.48724849,0.05731426,-2.92577680,-1.60597117,-2.89084633,0.01716614,1.39609433,0.13084412,-0.34667969,0.08789062,-0.38574219,-0.14648438,0.49804688,-0.39550781,1.03263855,2.64653344,2.64663696,-0.02441406
16.20307040,5575,3.10067939,-1.59147532,3.10928844,-0.01144409,1.48841000,0.02250671,3.10064299,-1.54112132,-3.17351069,-0.00947091,1.48733628,0.03923788,-2.93111737,-1.60482676,-2.89618691,0.01449585,1.40181637,0.12664795,-0.34179688,0.09277344,-0.37109375,-0.17578125,0.42480469,-0.32226562,1.03263855,2.64685951,2.64701843,0.02441406
16.21892810,5580,3.10067939,-1.59147532,3.10928844,-0.01449585,1.48841000,0.00076294,3.10066746,-1.54112132,-3.17351385,-0.01234684,1.48754523,0.01923788,-2.93607648,-1.60368235,-2.90152748,0.01296997,1.40830136,0.12092590,-0.34667969,0.07812500,-0.33691406,-0.17578125,0.43945312,-0.39550781,1.03263855,2.64684429,2.64663696,-0.04882812
16.23282027,5585,3.10067939,-1.59147532,3.10966991,-0.01754761,1.48841000,-0.02021790,3.10067548,-1.54112132,-3.17325842,-0.01528434,1.48761369,-0.00076212,-2.94027265,-1.60253794,-2.90686806,0.01106262,1.41287900,0.11405945,-0.34179688,0.06835938,-0.35156250,-0.13183594,0.35156250,-0.58593750,1.03263855,2.64689887,2.64663696,-0.02441406
16.24872541,5590,3.10067939,-1.59147532,3.10966991,-0.01983643,1.48841000,-0.04615784,3.10067810,-1.54112132,-3.17317472,-0.01794392,1.48763613,-0.02076212,-2.94599469,-1.60101206,-2.91259011,0.00839233,1.42012692,0.10261536,-0.32714844,0.09277344,-0.36132812,-0.20507812,0.42480469,-0.65917969,1.03263855,2.64697925,2.64663696,-0.02441406
16.26159430,5595,3.10067939,-1.59147532,3.10966991,-0.01983643,1.48841000,-0.06027222,3.10067897,-1.54112132,-3.17314730,-0.01936521,1.48764348,-0.04076212,-2.94980939,-1.60024913,-2.91716774,0.00686646,1.42623044,0.09574890,-0.31250000,0.04882812,-0.36132812,-0.11718750,0.49804688,-0.57128906,1.03263855,2.64700559,2.64663696,-0.04882812
16.27611351,5600,3.10067939,-1.59147532,3.10966991,-0.01983643,1.48841000,-0.07095337,3.10067925,-1.54112132,-3.17313831,-0.01968202,1.48764589,-0.05895668,-2.95514996,-1.59872325,-2.92288979,0.00495911,1.43233395,0.08468628,-0.32226562,0.08300781,-0.33203125,-0.16113281,0.39550781,-0.80566406,1.03263855,2.64695173,2.64663696,-0.02441406
16.29135847,5605,3.10067939,-1.59147532,3.10966991,-0.01869202,1.48955441,-0.08163452,3.10067934,-1.54112132,-3.17313536,-0.01916681,1.48804646,-0.07243196,-2.95896466,-1.59796031,-2.92708596,0.00343323,1.43576718,0.07324219,-0.30761719,0.06835938,-0.30761719,-0.16113281,0.21972656,-0.82031250,1.03263855,2.64699657,2.64663696,-0.04882812
16.30575490,5610,3.10144233,-1.59147532,3.10966991,-0.01869202,1.49184323,-0.08277893,3.10104192,-1.54112132,-3.17313440,-0.01884760,1.48965403,-0.07932594,-2.96354230,-1.59681590,-2.93204506,0.00228882,1.43881894,0.06332397,-0.28808594,0.07324219,-0.33203125,-0.10253906,0.24902344,-0.68847656,1.03263855,2.64701127,2.64701843,0.02441406
16.31943917,5615,3.10182379,-1.59261973,3.10966991,-0.01945496,1.49222470,-0.08239746,3.10156759,-1.54159141,-3.17313408,-0.01913680,1.49086940,-0.08157116,-2.96811994,-1.59567149,-2.93662270,0.00000000,1.44263363,0.05302429,-0.32226562,0.07812500,-0.33691406,-0.16113281,0.23437500,-0.87890625,1.03263855,2.64707859,2.64663696,-0.02441406
16.33369875,5620,3.10296820,-1.59452708,3.10966991,-0.01945496,1.49184323,-0.08125305,3.10235886,-1.54292624,-3.17313398,-0.01935070,1.49104244,-0.08178795,-2.97117169,-1.59452708,-2.94043740,-0.00152588,1.44568539,0.04272461,-0.28320312,0.08300781,-0.30761719,-0.16113281,0.24902344,-0.73242188,1.03263855,2.64703814,2.64625549,-0.09765625
16.34801173,5625,3.10334967,-1.59529002,3.10966991,-0.01945496,1.49146176,-0.08049011,3.10299375,-1.54412706,-3.17313395,-0.01942079,1.49093056,-0.08121471,-2.97613080,-1.59300120,-2.94539650,-0.00343323,1.45026303,0.03204346,-0.26855469,0.09277344,-0.32226562,-0.13183594,0.29296875,-0.71777344,1.03263855,2.64714696,2.64625549,-0.07324219
16.36467695,5630,3.10334967,-1.59529002,3.10966991,-0.01907349,1.49069882,-0.08049011,3.10323305,-1.54467094,-3.17313393,-0.01918729,1.49038096,-0.08072755,-2.98032697,-1.59223826,-2.95035561,-0.00419617,1.45369626,0.02174377,-0.29296875,0.07812500,-0.31738281,-0.05859375,0.21972656,-0.70312500,1.03263855,2.64706055,2.64663696,-0.02441406
16.37637639,5635,3.10334967,-1.59567149,3.10966991,-0.01907349,1.49031735,-0.08049011,3.10331146,-1.54498648,-3.17313393,-0.01911078,1.48994439,-0.08056791,-2.98376019,-1.59109385,-2.95417031,-0.00457764,1.45674801,0.01564026,-0.26367188,0.05371094,-0.27832031,-0.05859375,0.21972656,-0.39550781,1.03225708,2.64687965,2.64663696,0.00000000
16.39251399,5640,3.10334967,-1.59605296,3.10966991,-0.01945496,1.49031735,-0.08049011,3.10333715,-1.54543424,-3.17313393,-0.01931093,1.48968220,-0.08051561,-2.98795636,-1.59033091,-2.95912941,-0.00534058,1.46018124,0.00724792,-0.26855469,0.06835938,-0.26367188,-0.07324219,0.20507812,-0.64453125,1.03263855,2.64697295,2.64663696,-0.04882812
16.40735507,5645,3.10296820,-1.59605296,3.10966991,-0.01945496,1.49031735,-0.08049011,3.10312035,-1.54561221,-3.17313393,-0.01940776,1.48959628,-0.08049847,-2.99177106,-1.58956797,-2.96332558,-0.00686646,1.46132565,-0.00114441,-0.27343750,0.04882812,-0.30761719,-0.13183594,0.13183594,-0.57128906,1.03263855,2.64688146,2.64701843,0.02441406
16.42326951,5650,3.10296820,-1.59605296,3.10966991,-0.01945496,1.49031735,-0.08049011,3.10301806,-1.54567053,-3.17313393,-0.01943949,1.48956813,-0.08049285,-2.99558576,-1.58880503,-2.96714028,-0.00839233,1.46285153,-0.00686646,-0.24902344,0.03906250,-0.29296875,-0.11718750,0.07324219,-0.36621094,1.03263855,2.64697355,2.64663696,-0.02441406
16.43846107,5655,3.10296820,-1.59605296,3.10966991,-0.01945496,1.49031735,-0.08049011,3.10298454,-1.54568964,-3.17313393,-0.01944989,1.48955891,-0.08049101,-2.99863751,-1.58804209,-2.97133644,-0.00991821,1.46323300,-0.01068115,-0.25878906,0.05859375,-0.27832031,-0.13183594,0.05859375,-0.29296875,1.03263855,2.64700373,2.64663696,-0.07324219
16.45384645,5660,3.10296820,-1.59605296,3.10966991,-0.02098083,1.49031735,-0.08049011,3.10297356,-1.54569590,-3.17313393,-0.02001726,1.48955588,-0.08049041,-3.00359662,-1.58727915,-2.97667702,-0.01144409,1.46590329,-0.01869202,-0.24414062,0.03417969,-0.26855469,-0.07324219,0.16113281,-0.49804688,1.03263855,2.64701361,2.64663696,0.00000000
16.46694422,5665,3.10296820,-1.59605296,3.10966991,-0.02250671,1.49031735,-0.08049011,3.10296996,-1.54569795,-3.17313393,-0.02135113,1.48955489,-0.08049021,-3.00664838,-1.58613475,-2.98011025,-0.01182556,1.46857358,-0.02403259,-0.24902344,0.06347656,-0.25390625,-0.04394531,0.23437500,-0.46875000,1.03263855,2.64701685,2.64663696,-0.04882812
16.48153377,5670,3.10296820,-1.59605296,3.10966991,-0.02441406,1.49031735,-0.08049011,3.10296878,-1.54569863,-3.17313393,-0.02304858,1.48955457,-0.08049014,-3.00970014,-1.58537181,-2.98392495,-0.01182556,1.47200680,-0.02784729,-0.23925781,0.04882812,-0.25878906,-0.04394531,0.24902344,-0.38085938,1.03263855,2.64701792,2.64663696,-0.02441406
16.49830651,5675,3.10296820,-1.59605296,3.10966991,-0.02555847,1.49031735,-0.08049011,3.10296839,-1.54569885,-3.17313393,-0.02446650,1.48955446,-0.08049012,-3.01351483,-1.58460887,-2.98697670,-0.01220703,1.47467709,-0.03128052,-0.22949219,0.04882812,-0.21972656,-0.02929688,0.20507812,-0.23437500,1.03263855,2.64701826,2.64663696,-0.02441406
16.51180482,5680,3.10296820,-1.59605296,3.10966991,-0.02746582,1.49031735,-0.08049011,3.10296827,-1.54569892,-3.17313393,-0.02605087,1.48955443,-0.08049012,-3.01656659,-1.58384593,-2.99002846,-0.01258850,1.47772885,-0.03471375,-0.22949219,0.05371094,-0.23925781,-0.04394531,0.21972656,-0.24902344,1.03263855,2.64701838,2.64663696,-0.02441406
16.52565908,5685,3.10296820,-1.59605296,3.10966991,-0.02937317,1.49069882,-0.08049011,3.10296822,-1.54569894,-3.17313393,-0.02791489,1.48963071,-0.08049011,-3.01961835,-1.58308299,-2.99346169,-0.01411438,1.47925473,-0.03700256,-0.21972656,0.03906250,-0.24414062,-0.13183594,0.07324219,-0.16113281,1.03263855,2.64692076,2.64663696,-0.02441406
16.53919363,5690,3.10296820,-1.59605296,3.10966991,-0.03089905,1.49069882,-0.08049011,3.10296821,-1.54569895,-3.17313393,-0.02952032,1.48983588,-0.08049011,-3.02267011,-1.58232005,-2.99689492,-0.01564026,1.47925473,-0.04081726,-0.21484375,0.04394531,-0.23925781,-0.11718750,0.02929688,-0.32226562,1.03263855,2.64698643,2.64663696,-0.04882812
16.55435300,5695,3.10296820,-1.59605296,3.10966991,-0.03280640,1.49108029,-0.08049011,3.10296821,-1.54569895,-3.17313393,-0.03135999,1.49004044,-0.08049011,-3.02610333,-1.58193858,-3.00109108,-0.01716614,1.47925473,-0.04615784,-0.21972656,0.05371094,-0.23925781,-0.13183594,-0.00000000,-0.33691406,1.03263855,2.64700794,2.64663696,-0.02441406
16.56953073,5700,3.10296820,-1.59605296,3.10966991,-0.03471375,1.49108029,-0.08049011,3.10296820,-1.54569895,-3.17313393,-0.03327494,1.49022661,-0.08049011,-3.02877362,-1.58117564,-3.00376137,-0.01869202,1.47887326,-0.04806519,-0.20507812,0.05371094,-0.22949219,-0.11718750,0.01464844,-0.13183594,1.03263855,2.64701500,2.64663696,-0.04882812
16.58269620,5705,3.10296820,-1.59605296,3.10966991,-0.03662109,1.49108029,-0.08049011,3.10296820,-1.54569895,-3.17313393,-0.03526486,1.49028762,-0.08049011,-3.03182538,-1.58041270,-3.00719460,-0.01945496,1.47925473,-0.05187988,-0.21972656,0.04394531,-0.23437500,-0.04394531,0.02929688,-0.30761719,1.03263855,2.64689524,2.64663696,-0.02441406
16.59587574,5710,3.10296820,-1.59605296,3.10966991,-0.03776550,1.49108029,-0.08049011,3.10296820,-1.54569895,-3.17313393,-0.03679570,1.49030761,-0.08049011,-3.03449567,-1.57964976,-3.01062783,-0.01983643,1.47925473,-0.05416870,-0.20019531,0.02441406,-0.21972656,-0.04394531,0.04394531,-0.13183594,1.03263855,2.64697806,2.64663696,0.00000000
16.61156058,5715,3.10296820,-1.59605296,3.10966991,-0.03852844,1.49108029,-0.08049011,3.10296820,-1.54569895,-3.17313393,-0.03789035,1.49031416,-0.08049011,-3.03678449,-1.57888682,-3.01291664,-0.02059937,1.47963620,-0.05378723,-0.19042969,0.04882812,-0.19531250,-0.05859375,0.02929688,-0.02929688,1.03225708,2.64685262,2.64663696,-0.02441406
16.62576747,5720,3.10296820,-1.59605296,3.10966991,-0.03852844,1.49108029,-0.08049011,3.10296820,-1.54569895,-3.17313393,-0.03831935,1.49031630,-0.08049011,-3.04021771,-1.57812388,-3.01673134,-0.02136230,1.48116208,-0.05569458,-0.20019531,0.04882812,-0.20996094,-0.11718750,0.11718750,-0.16113281,1.03263855,2.64682347,2.64663696,-0.02441406
16.64165735,5725,3.10296820,-1.59605296,3.10966991,-0.03852844,1.49108029,-0.08049011,3.10296820,-1.54569895,-3.17313393,-0.03845993,1.49031701,-0.08049011,-3.04326947,-1.57774241,-3.02016457,-0.02365112,1.48230649,-0.05874634,-0.19531250,0.03417969,-0.21972656,-0.11718750,0.05859375,-0.20507812,1.03263855,2.64695455,2.64663696,-0.02441406
16.65622902,5730,3.10296820,-1.59605296,3.10966991,-0.03852844,1.49108029,-0.08049011,3.10296820,-1.54569895,-3.17313393,-0.03850599,1.49031724,-0.08049011,-3.04555829,-1.57697947,-3.02283486,-0.02479553,1.48306943,-0.06027222,-0.19042969,0.04394531,-0.20996094,-0.13183594,0.05859375,-0.14648438,1.03263855,2.64707562,2.64663696,-0.04882812
16.66882038,5735,3.10296820,-1.59605296,3.10966991,-0.03852844,1.49108029,-0.08049011,3.10296820,-1.54569895,-3.17313393,-0.03852109,1.49031731,-0.08049011,-3.04822858,-1.57621653,-3.02588662,-0.02670288,1.48345089,-0.06141663,-0.17578125,0.03906250,-0.20019531,-0.14648438,0.04394531,-0.04394531,1.03263855,2.64703717,2.64663696,-0.02441406
16.68253350,5740,3.10296820,-1.59605296,3.10966991,-0.03929138,1.49108029,-0.08049011,3.10296820,-1.54569895,-3.17313393,-0.03891983,1.49031734,-0.08049011,-3.05051740,-1.57621653,-3.02855690,-0.02784729,1.48345089,-0.06179810,-0.19042969,0.01953125,-0.21484375,-0.08789062,0.02929688,-0.05859375,1.03225708,2.64687199,2.64663696,-0.02441406
16.69966388,5745,3.10296820,-1.59605296,3.10966991,-0.03967285,1.49108029,-0.08049011,3.10296820,-1.54569895,-3.17313393,-0.03935579,1.49031735,-0.08049011,-3.05356915,-1.57545359,-3.03199013,-0.02861023,1.48459530,-0.06294250,-0.16601562,0.03906250,-0.18554688,-0.07324219,0.05859375,-0.10253906,1.03263855,2.64697044,2.64663696,0.00000000
16.71413541,5750,3.10296820,-1.59605296,3.10966991,-0.03967285,1.49108029,-0.08049011,3.10296820,-1.54569895,-3.17313393,-0.03956896,1.49031735,-0.08049011,-3.05623944,-1.57507212,-3.03466042,-0.02937317,1.48535824,-0.06561279,-0.18066406,0.02929688,-0.18554688,-0.07324219,0.07324219,-0.17578125,1.03263855,2.64700271,2.64663696,0.00000000
16.72865343,5755,3.10296820,-1.59605296,3.10966991,-0.03929138,1.49108029,-0.08049011,3.10296820,-1.54569895,-3.17313393,-0.03950148,1.49031735,-0.08049011,-3.05852826,-1.57430918,-3.03733071,-0.02975464,1.48612118,-0.06713867,-0.17089844,0.03417969,-0.17089844,-0.02929688,0.05859375,-0.16113281,1.03263855,2.64701328,2.64663696,-0.07324219
16.74417973,5760,3.10296820,-1.59605296,3.10966991,-0.03929138,1.49108029,-0.08049011,3.10296820,-1.54569895,-3.17313393,-0.03936023,1.49031735,-0.08049011,-3.06081708,-1.57392771,-3.04000099,-0.03013611,1.48612118,-0.06980896,-0.15136719,0.02929688,-0.17089844,-0.02929688,-0.00000000,-0.10253906,1.03263855,2.64701674,2.64663696,-0.04882812
16.75843382,5765,3.10296820,-1.59605296,3.10966991,-0.03967285,1.49108029,-0.08049011,3.10296820,-1.54569895,-3.17313393,-0.03939023,1.49031735,-0.08049011,-3.06310590,-1.57316477,-3.04228981,-0.03051758,1.48612118,-0.06980896,-0.16113281,0.04394531,-0.17578125,-0.04394531,0.01464844,-0.02929688,1.03263855,2.64701788,2.64663696,-0.04882812
16.77228618,5770,3.10296820,-1.59605296,3.10966991,-0.03967285,1.49108029,-0.08049011,3.10296820,-1.54569895,-3.17313393,-0.03958024,1.49031735,-0.08049011,-3.06539472,-1.57240184,-3.04457863,-0.03089905,1.48612118,-0.07019043,-0.16113281,0.03906250,-0.16601562,-0.04394531,0.01464844,-0.02929688,1.03263855,2.64701825,2.64663696,-0.04882812
16.78711152,5775,3.10296820,-1.59605296,3.10966991,-0.03967285,1.49108029,-0.08049011,3.10296820,-1.54569895,-3.17313393,-0.03964251,1.49031735,-0.08049011,-3.06768353,-1.57202037,-3.04763039,-0.03128052,1.48612118,-0.07133484,-0.14648438,0.03417969,-0.16601562,-0.05859375,-0.00000000,-0.10253906,1.03263855,2.64695587,2.64663696,-0.02441406
16.80201054,5780,3.10296820,-1.59605296,3.10966991,-0.03929138,1.49108029,-0.08049011,3.10296820,-1.54569895,-3.17313393,-0.03952558,1.49031735,-0.08049011,-3.06997235,-1.57125743,-3.04991921,-0.03204346,1.48650265,-0.07247925,-0.15625000,0.02929688,-0.15625000,-0.07324219,0.01464844,-0.08789062,1.03263855,2.64699793,2.64663696,-0.02441406
16.81642914,5785,3.10296820,-1.59605296,3.10966991,-0.03929138,1.49222470,-0.08049011,3.10296820,-1.54569895,-3.17313393,-0.03936812,1.49071713,-0.08049011,-3.07226117,-1.57087596,-3.05182656,-0.03395081,1.48650265,-0.07247925,-0.14160156,0.03906250,-0.14648438,-0.10253906,-0.00000000,-0.02929688,1.03263855,2.64701172,2.64663696,-0.02441406
16.83122015,5790,3.10296820,-1.59605296,3.10966991,-0.03776550,1.49451352,-0.08049011,3.10296820,-1.54569895,-3.17313393,-0.03877942,1.49216625,-0.08049011,-3.07416852,-1.57049449,-3.05487831,-0.03509521,1.48688412,-0.07286072,-0.14648438,0.01953125,-0.17578125,-0.10253906,0.02929688,-0.05859375,1.03263855,2.64701623,2.64663696,-0.04882812
16.84612846,5795,3.10296820,-1.59605296,3.10966991,-0.03204346,1.49642087,-0.08049011,3.10296820,-1.54569895,-3.17313393,-0.03558517,1.49418321,-0.08049011,-3.07645734,-1.57011302,-3.05716713,-0.03623962,1.48764706,-0.07400513,-0.15136719,0.03417969,-0.15136719,-0.10253906,0.04394531,-0.07324219,1.03263855,2.64701771,2.64663696,-0.04882812
16.85856915,5800,3.10296820,-1.59605296,3.10966991,-0.02822876,1.49642087,-0.08049011,3.10296820,-1.54569895,-3.17313393,-0.03165249,1.49517469,-0.08049011,-3.07836469,-1.56973155,-3.05907448,-0.03700256,1.48764706,-0.07591248,-0.14160156,0.01464844,-0.17089844,-0.04394531,0.02929688,-0.23437500,1.03263855,2.64692054,2.64625549,-0.07324219
16.87276077,5805,3.10296820,-1.59605296,3.10966991,-0.02708435,1.49603940,-0.08049011,3.10296820,-1.54569895,-3.17313393,-0.02876288,1.49527436,-0.08049011,-3.07989057,-1.56973155,-3.06098183,-0.03700256,1.48802853,-0.07705688,-0.14648438,0.01464844,-0.16113281,-0.02929688,0.05859375,-0.08789062,1.03263855,2.64686428,2.64663696,0.00000000
16.88567591,5810,3.10296820,-1.59605296,3.10966991,-0.02746582,1.49527646,-0.08049011,3.10296820,-1.54569895,-3.17313393,-0.02777170,1.49497426,-0.08049011,-3.08217938,-1.56896861,-3.06327065,-0.03700256,1.48879147,-0.07705688,-0.14648438,0.01953125,-0.13671875,0.00000000,0.05859375,-0.01464844,1.03263855,2.64696792,2.64663696,-0.04882812
16.89822221,5815,3.10296820,-1.59605296,3.10966991,-0.02784729,1.49451352,-0.08049011,3.10296820,-1.54569895,-3.17313393,-0.02782252,1.49427069,-0.08049011,-3.08370526,-1.56896861,-3.06517800,-0.03700256,1.48917294,-0.07705688,-0.15136719,0.01464844,-0.14160156,0.00000000,0.04394531,-0.01464844,1.03263855,2.64700188,2.64663696,-0.02441406
16.90931630,5820,3.10296820,-1.59605296,3.10966991,-0.02784729,1.49451352,-0.08049011,3.10296820,-1.54569895,-3.17313393,-0.02783917,1.49392101,-0.08049011,-3.08523114,-1.56858714,-3.06708535,-0.03662109,1.48955441,-0.07705688,-0.13183594,0.01464844,-0.12695312,-0.02929688,0.04394531,-0.01464844,1.03263855,2.64701301,2.64663696,-0.04882812
16.92453957,5825,3.10296820,-1.59605296,3.10966991,-0.02784729,1.49413205,-0.08049011,3.10296820,-1.54569895,-3.17313393,-0.02784463,1.49366910,-0.08049011,-3.08675702,-1.56858714,-3.06861122,-0.03662109,1.48993588,-0.07705688,-0.12207031,0.01464844,-0.13183594,-0.01464844,0.05859375,-0.01464844,1.03263855,2.64701666,2.64663696,-0.02441406
16.93805623,5830,3.10296820,-1.59605296,3.10966991,-0.02784729,1.49375058,-0.08049011,3.10296820,-1.54569895,-3.17313393,-0.02784642,1.49328125,-0.08049011,-3.08866437,-1.56782420,-3.07090004,-0.03662109,1.49031735,-0.07705688,-0.14160156,0.02441406,-0.12695312,0.00000000,0.04394531,-0.01464844,1.03263855,2.64683328,2.64663696,-0.02441406
16.95396829,5835,3.10296820,-1.59605296,3.10966991,-0.02784729,1.49336911,-0.08049011,3.10296820,-1.54569895,-3.17313393,-0.02784700,1.49285863,-0.08049011,-3.09057172,-1.56744273,-3.07280739,-0.03623962,1.49069882,-0.07705688,-0.14160156,0.02929688,-0.12207031,0.01464844,0.05859375,-0.02929688,1.03263855,2.64695776,2.64663696,-0.04882812
16.96723509,5840,3.10296820,-1.59605296,3.10966991,-0.02784729,1.49336911,-0.08049011,3.10296820,-1.54569895,-3.17313393,-0.02784720,1.49268889,-0.08049011,-3.09209760,-1.56706126,-3.07471474,-0.03623962,1.49108029,-0.07743835,-0.11718750,0.03906250,-0.13183594,0.01464844,0.05859375,-0.02929688,1.03263855,2.64699855,2.64663696,-0.02441406
16.98069382,5845,3.10296820,-1.59605296,3.10966991,-0.02784729,1.49336911,-0.08049011,3.10296820,-1.54569895,-3.17313393,-0.02784726,1.49263328,-0.08049011,-3.09400494,-1.56667979,-3.07662209,-0.03585815,1.49184323,-0.07781982,-0.11718750,0.01464844,-0.12695312,0.00000000,0.04394531,-0.04394531,1.03263855,2.64701192,2.64663696,-0.02441406
16.99379563,5850,3.10296820,-1.59605296,3.10966991,-0.02784729,1.49298764,-0.08049011,3.10296820,-1.54569895,-3.17313393,-0.02784728,1.49247772,-0.08049011,-3.09553082,-1.56629832,-3.07814797,-0.03509521,1.49260617,-0.07820129,-0.12207031,0.02929688,-0.10742188,0.05859375,0.05859375,-0.05859375,1.03263855,2.64693817,2.64663696,-0.04882812
17.00767636,5855,3.10296820,-1.59605296,3.10966991,-0.02784729,1.49260617,-0.08049011,3.10296820,-1.54569895,-3.17313393,-0.02784729,1.49217028,-0.08049011,-3.09705670,-1.56591685,-3.08005532,-0.03433228,1.49298764,-0.07858276,-0.12695312,0.02441406,-0.10253906,0.05859375,0.07324219,-0.04394531,1.03263855,2.64699213,2.64663696,0.00000000
17.02361298,5860,3.10296820,-1.59605296,3.10966991,-0.02784729,1.49146176,-0.08049011,3.10296820,-1.54569895,-3.17313393,-0.02784729,1.49143148,-0.08049011,-3.09820111,-1.56553538,-3.08158120,-0.03356934,1.49336911,-0.07896423,-0.10742188,0.02441406,-0.12695312,0.02929688,0.04394531,-0.02929688,1.03263855,2.64700981,2.64663696,-0.02441406
17.03602481,5865,3.10296820,-1.59605296,3.10966991,-0.02784729,1.49069882,-0.08049011,3.10296820,-1.54569895,-3.17313393,-0.02784729,1.49063738,-0.08049011,-3.10010846,-1.56515391,-3.08348854,-0.03280640,1.49375058,-0.07896423,-0.10742188,0.00488281,-0.11718750,0.04394531,0.02929688,-0.01464844,1.03263855,2.64701561,2.64663696,0.00000000
17.05063057,5870,3.10296820,-1.59605296,3.10966991,-0.02784729,1.49069882,-0.08049011,3.10296820,-1.54569895,-3.17313393,-0.02784729,1.49016575,-0.08049011,-3.10163434,-1.56477244,-3.08539589,-0.03166199,1.49336911,-0.07896423,-0.12207031,0.00488281,-0.11718750,0.07324219,-0.00000000,-0.01464844,1.03263855,2.64701751,2.64663696,-0.04882812
17.06505108,5875,3.10296820,-1.59605296,3.10966991,-0.02784729,1.49069882,-0.08049011,3.10296820,-1.54569895,-3.17313393,-0.02784729,1.49001120,-0.08049011,-3.10316022,-1.56439097,-3.08692177,-0.03013611,1.49336911,-0.07896423,-0.12207031,0.02441406,-0.12695312,0.07324219,-0.00000000,-0.01464844,1.03263855,2.64694000,2.64663696,-0.02441406
17.07908487,5880,3.10296820,-1.59605296,3.10966991,-0.02784729,1.49069882,-0.08049011,3.10296820,-1.54569895,-3.17313393,-0.02784729,1.48996056,-0.08049011,-3.10468610,-1.56439097,-3.08882912,-0.02937317,1.49336911,-0.07896423,-0.08789062,0.00976562,-0.12207031,0.02929688,-0.00000000,-0.02929688,1.03263855,2.64699273,2.64663696,-0.02441406
17.09393811,5885,3.10296820,-1.59605296,3.10966991,-0.02784729,1.49069882,-0.08049011,3.10296820,-1.54569895,-3.17313393,-0.02784729,1.48994397,-0.08049011,-3.10583051,-1.56400950,-3.08997353,-0.02937317,1.49336911,-0.07896423,-0.09765625,0.00976562,-0.09765625,0.00000000,-0.00000000,0.00000000,1.03263855,2.64701001,2.64663696,0.00000000
17.10522771,5890,3.10296820,-1.59605296,3.10966991,-0.02784729,1.49069882,-0.08049011,3.10296820,-1.54569895,-3.17313393,-0.02784729,1.48993853,-0.08049011,-3.10697492,-1.56400950,-3.09111794,-0.02937317,1.49336911,-0.07934570,-0.10253906,0.02441406,-0.08300781,-0.02929688,0.02929688,-0.02929688,1.03263855,2.64701567,2.64663696,0.02441406
17.12003469,5895,3.10296820,-1.59605296,3.10966991,-0.02784729,1.49069882,-0.08049011,3.10296820,-1.54569895,-3.17313393,-0.02784729,1.48993675,-0.08049011,-3.10888226,-1.56324656,-3.09302529,-0.02975464,1.49336911,-0.07934570,-0.08789062,0.02441406,-0.10253906,-0.04394531,0.05859375,-0.01464844,1.03263855,2.64695503,2.64663696,-0.02441406
17.13269687,5900,3.10296820,-1.59605296,3.10966991,-0.02784729,1.49069882,-0.08049011,3.10296820,-1.54569895,-3.17313393,-0.02784729,1.48993616,-0.08049011,-3.11040814,-1.56324656,-3.09455117,-0.02975464,1.49336911,-0.07934570,-0.10253906,0.01464844,-0.09765625,-0.01464844,0.01464844,-0.02929688,1.03263855,2.64699766,2.64663696,-0.04882812
17.14673233,5905,3.10296820,-1.59605296,3.10966991,-0.02784729,1.49069882,-0.08049011,3.10296820,-1.54569895,-3.17313393,-0.02784729,1.48993597,-0.08049011,-3.11155255,-1.56286509,-3.09607704,-0.02937317,1.49336911,-0.07934570,-0.10742188,0.02929688,-0.10253906,-0.01464844,-0.01464844,0.00000000,1.03263855,2.64693350,2.64663696,-0.02441406
17.16144705,5910,3.10296820,-1.59605296,3.10966991,-0.02784729,1.49069882,-0.08049011,3.10296820,-1.54569895,-3.17313393,-0.02784729,1.48993591,-0.08049011,-3.11269696,-1.56248362,-3.09722145,-0.02937317,1.49260617,-0.07934570,-0.08789062,0.01953125,-0.10253906,-0.01464844,-0.02929688,0.00000000,1.03263855,2.64699060,2.64663696,-0.02441406
17.17621398,5915,3.10296820,-1.59605296,3.10966991,-0.02746582,1.49069882,-0.08049011,3.10296820,-1.54569895,-3.17313393,-0.02762207,1.48993589,-0.08049011,-3.11422284,-1.56210215,-3.09874733,-0.02975464,1.49298764,-0.07934570,-0.10742188,0.02441406,-0.08789062,-0.01464844,0.02929688,-0.02929688,1.03263855,2.64694681,2.64663696,-0.02441406
17.19022679,5920,3.10296820,-1.59605296,3.10966991,-0.02746582,1.49069882,-0.08049011,3.10296820,-1.54569895,-3.17313393,-0.02751702,1.48993588,-0.08049011,-3.11536725,-1.56133921,-3.10065468,-0.02937317,1.49298764,-0.07934570,-0.07812500,0.01953125,-0.10742188,0.00000000,0.04394531,-0.01464844,1.03225708,2.64672031,2.64663696,-0.04882812
17.20544958,5925,3.10296820,-1.59605296,3.10966991,-0.02746582,1.49069882,-0.08049011,3.10296820,-1.54569895,-3.17313393,-0.02748260,1.48993588,-0.08049011,-3.11651166,-1.56133921,-3.10179909,-0.02937317,1.49298764,-0.07934570,-0.10253906,0.01464844,-0.08789062,0.00000000,-0.00000000,0.00000000,1.03263855,2.64672055,2.64663696,-0.02441406
17.22186518,5930,3.10296820,-1.59605296,3.10966991,-0.02746582,1.49069882,-0.08049011,3.10296820,-1.54569895,-3.17313393,-0.02747132,1.48993588,-0.08049011,-3.11803754,-1.56133921,-3.10332497,-0.02937317,1.49260617,-0.07934570,-0.09277344,0.00976562,-0.08300781,-0.01464844,-0.00000000,-0.01464844,1.03263855,2.64692082,2.64625549,-0.04882812
17.23499298,5935,3.10296820,-1.59605296,3.10966991,-0.02746582,1.49069882,-0.08049011,3.10296820,-1.54569895,-3.17313393,-0.02746762,1.48993588,-0.08049011,-3.11918195,-1.56095774,-3.10446938,-0.02937317,1.49260617,-0.07972717,-0.07812500,0.01953125,-0.08300781,0.00000000,0.02929688,-0.01464844,1.03225708,2.64683386,2.64663696,-0.02441406
17.25134087,5940,3.10296820,-1.59605296,3.10966991,-0.02746582,1.49069882,-0.08049011,3.10296820,-1.54569895,-3.17313393,-0.02746641,1.48993588,-0.08049011,-3.12070783,-1.56019480,-3.10599526,-0.02937317,1.49298764,-0.07972717,-0.10742188,0.02929688,-0.07812500,-0.01464844,0.04394531,-0.02929688,1.03263855,2.64695795,2.64663696,-0.04882812
17.26650023,5945,3.10296820,-1.59605296,3.10966991,-0.02746582,1.49069882,-0.08049011,3.10296820,-1.54569895,-3.17313393,-0.02746601,1.48993588,-0.08049011,-3.12185223,-1.55981333,-3.10790261,-0.02937317,1.49298764,-0.07972717,-0.08300781,0.02929688,-0.06347656,-0.01464844,0.01464844,-0.01464844,1.03263855,2.64693611,2.64663696,-0.02441406
17.27923346,5950,3.10296820,-1.59605296,3.10966991,-0.02746582,1.49069882,-0.08049011,3.10296820,-1.54569895,-3.17313393,-0.02746588,1.48993588,-0.08049011,-3.12299664,-1.55943186,-3.10866555,-0.02937317,1.49260617,-0.07972717,-0.09765625,0.01953125,-0.09277344,0.00000000,-0.00000000,-0.01464844,1.03263855,2.64689380,2.64663696,-0.04882812
17.29347324,5955,3.10296820,-1.59605296,3.10966991,-0.02746582,1.49069882,-0.08049011,3.10296820,-1.54569895,-3.17313393,-0.02746584,1.48993588,-0.08049011,-3.12375958,-1.55943186,-3.10980995,-0.02937317,1.49260617,-0.07972717,-0.07324219,0.00976562,-0.06347656,-0.01464844,-0.00000000,-0.02929688,1.03263855,2.64697759,2.64663696,0.00000000
17.30838180,5960,3.10296820,-1.59605296,3.10966991,-0.02746582,1.49069882,-0.08049011,3.10296820,-1.54569895,-3.17313393,-0.02746583,1.48993588,-0.08049011,-3.12528546,-1.55905040,-3.11133583,-0.02937317,1.49260617,-0.07972717,-0.07324219,0.01953125,-0.07324219,-0.01464844,0.01464844,-0.02929688,1.03263855,2.64690739,2.64663696,0.00000000
17.32271552,5965,3.10296820,-1.59605296,3.10966991,-0.02746582,1.49069882,-0.08049011,3.10296820,-1.54569895,-3.17313393,-0.02746582,1.48993588,-0.08049011,-3.12604840,-1.55866893,-3.11248024,-0.02937317,1.49260617,-0.07972717,-0.07812500,0.00976562,-0.09765625,-0.02929688,0.01464844,0.00000000,1.03263855,2.64698205,2.64663696,-0.02441406
17.33661723,5970,3.10296820,-1.59605296,3.10966991,-0.02746582,1.49069882,-0.08049011,3.10296820,-1.54569895,-3.17313393,-0.02746582,1.48993588,-0.08049011,-3.12719281,-1.55828746,-3.11362465,-0.02937317,1.49260617,-0.07972717,-0.09765625,0.00976562,-0.07324219,-0.01464844,0.02929688,-0.01464844,1.03263855,2.64700651,2.64663696,-0.02441406
17.34999633,5975,3.10296820,-1.59605296,3.10966991,-0.02784729,1.49108029,-0.08049011,3.10296820,-1.54569895,-3.17313393,-0.02772229,1.49007321,-0.08049011,-3.12795575,-1.55828746,-3.11476906,-0.02937317,1.49222470,-0.08010864,-0.07324219,0.00976562,-0.08300781,-0.02929688,0.01464844,-0.01464844,1.03263855,2.64701453,2.64663696,-0.04882812
17.36458015,5980,3.10296820,-1.59605296,3.10966991,-0.02784729,1.49108029,-0.08049011,3.10296820,-1.54569895,-3.17313393,-0.02780633,1.49023735,-0.08049011,-3.12948163,-1.55790599,-3.11591347,-0.02899170,1.49222470,-0.08010864,-0.08300781,-0.00976562,-0.07324219,0.00000000,-0.01464844,-0.02929688,1.03225708,2.64686456,2.64663696,-0.02441406
17.37848902,5985,3.10296820,-1.59605296,3.10966991,-0.02784729,1.49108029,-0.08049011,3.10296820,-1.54569895,-3.17313393,-0.02783387,1.49029114,-0.08049011,-3.13024457,-1.55790599,-3.11667641,-0.02899170,1.49222470,-0.08010864,-0.05859375,0.00000000,-0.06835938,0.00000000,0.01464844,0.00000000,1.03263855,2.64696801,2.64663696,0.02441406
17.39380026,5990,3.10296820,-1.59605296,3.10966991,-0.02784729,1.49108029,-0.08049011,3.10296820,-1.54569895,-3.17313393,-0.02784289,1.49030876,-0.08049011,-3.13100751,-1.55790599,-3.11820229,-0.02899170,1.49222470,-0.08010864,-0.08300781,0.00000000,-0.08300781,-0.01464844,-0.00000000,-0.01464844,1.03263855,2.64700191,2.64663696,-0.02441406
17.40915799,5995,3.10296820,-1.59605296,3.10966991,-0.02822876,1.49108029,-0.08049011,3.10296820,-1.54569895,-3.17313393,-0.02792214,1.49031454,-0.08049011,-3.13215192,-1.55752452,-3.11896523,-0.02899170,1.49222470,-0.08010864,-0.06835938,0.00488281,-0.06835938,0.00000000,0.01464844,-0.01464844,1.03263855,2.64701302,2.64663696,-0.04882812
17.42527676,6000,3.10296820,-1.59605296,3.10966991,-0.02861023,1.49108029,-0.08049011,3.10296820,-1.54569895,-3.17313393,-0.02831444,1.49031643,-0.08049011,-3.13253339,-1.55752452,-3.12010964,-0.02899170,1.49222470,-0.08010864,-0.06835938,-0.00488281,-0.07812500,-0.01464844,0.02929688,-0.01464844,1.03263855,2.64701666,2.64663696,-0.02441406
17.43807364,6005,3.10296820,-1.59605296,3.10966991,-0.02975464,1.49108029,-0.08049011,3.10296820,-1.54569895,-3.17313393,-0.02903223,1.49031705,-0.08049011,-3.13405927,-1.55752452,-3.12125405,-0.02899170,1.49222470,-0.08010864,-0.06835938,0.00000000,-0.07324219,-0.01464844,0.01464844,-0.01464844,1.03263855,2.64701785,2.64663696,-0.04882812
17.45182085,6010,3.10296820,-1.59605296,3.10966991,-0.03089905,1.49108029,-0.08049011,3.10296820,-1.54569895,-3.17313393,-0.03006663,1.49031725,-0.08049011,-3.13482221,-1.55714305,-3.12239846,-0.02899170,1.49222470,-0.08010864,-0.06347656,0.00976562,-0.06835938,-0.01464844,0.01464844,-0.01464844,1.03263855,2.64689617,2.64663696,0.00000000
17.46681595,6015,3.10296820,-1.59605296,3.10966991,-0.03128052,1.49108029,-0.08049011,3.10296820,-1.54569895,-3.17313393,-0.03088275,1.49031732,-0.08049011,-3.13596661,-1.55714305,-3.12277993,-0.02861023,1.49222470,-0.08010864,-0.07324219,0.01464844,-0.06347656,0.00000000,0.02929688,-0.01464844,1.03263855,2.64697837,2.64663696,-0.04882812
17.48090601,6020,3.10296820,-1.59605296,3.10966991,-0.03128052,1.49108029,-0.08049011,3.10296820,-1.54569895,-3.17313393,-0.03115018,1.49031734,-0.08049011,-3.13672955,-1.55676158,-3.12392433,-0.02861023,1.49222470,-0.08010864,-0.06347656,0.00976562,-0.07324219,-0.01464844,0.01464844,-0.01464844,1.03263855,2.64700530,2.64663696,-0.04882812
17.49304891,6025,3.10296820,-1.59605296,3.10966991,-0.03128052,1.49108029,-0.08049011,3.10296820,-1.54569895,-3.17313393,-0.03123781,1.49031735,-0.08049011,-3.13749249,-1.55676158,-3.12468727,-0.02899170,1.49222470,-0.08010864,-0.06835938,0.01464844,-0.05859375,0.00000000,0.01464844,0.00000000,1.03263855,2.64701413,2.64663696,0.00000000
17.50911832,6030,3.10296820,-1.59605296,3.10966991,-0.03128052,1.49108029,-0.08049011,3.10296820,-1.54569895,-3.17313393,-0.03126652,1.49031735,-0.08049011,-3.13825543,-1.55638011,-3.12545021,-0.02899170,1.49184323,-0.08049011,-0.06347656,0.00976562,-0.05859375,-0.01464844,0.01464844,-0.02929688,1.03225708,2.64686444,2.64663696,-0.04882812
17.52320790,6035,3.10296820,-1.59605296,3.10966991,-0.03128052,1.49108029,-0.08049011,3.10296820,-1.54569895,-3.17313393,-0.03127593,1.49031735,-0.08049011,-3.13901837,-1.55638011,-3.12621315,-0.02899170,1.49184323,-0.08049011,-0.04882812,0.00488281,-0.04882812,-0.01464844,-0.00000000,-0.02929688,1.03263855,2.64696797,2.64663696,-0.02441406
17.53541660,6040,3.10296820,-1.59605296,3.10966991,-0.03128052,1.49108029,-0.08049011,3.10296820,-1.54569895,-3.17313393,-0.03127901,1.49031735,-0.08049011,-3.13978131,-1.55599864,-3.12735756,-0.02899170,1.49146176,-0.08049011,-0.06347656,0.00488281,-0.06835938,-0.01464844,-0.02929688,-0.01464844,1.03263855,2.64700190,2.64663696,-0.02441406
17.54984117,6045,3.10296820,-1.59605296,3.10966991,-0.03128052,1.49108029,-0.08049011,3.10296820,-1.54569895,-3.17313393,-0.03128003,1.49031735,-0.08049011,-3.14054425,-1.55599864,-3.12812050,-0.02899170,1.48993588,-0.08049011,-0.05859375,0.00488281,-0.03906250,0.00000000,-0.02929688,-0.02929688,1.03263855,2.64701301,2.64663696,-0.04882812
17.56341505,6050,3.10296820,-1.59605296,3.10966991,-0.03128052,1.49108029,-0.08049011,3.10296820,-1.54569895,-3.17313393,-0.03128036,1.49031735,-0.08049011,-3.14130719,-1.55599864,-3.12926491,-0.02899170,1.48879147,-0.08049011,-0.04394531,0.00000000,-0.05371094,-0.01464844,-0.04394531,-0.02929688,1.03263855,2.64701666,2.64663696,0.02441406
17.57621574,6055,3.10296820,-1.59605296,3.10966991,-0.03128052,1.49108029,-0.08049011,3.10296820,-1.54569895,-3.17313393,-0.03128046,1.49031735,-0.08049011,3.14111518,-1.55561717,-3.13002785,-0.02899170,1.48841000,-0.08049011,-0.08300781,0.00976562,-0.04394531,0.00000000,-0.00000000,-0.02929688,1.03263855,2.64701785,2.64663696,-0.02441406
17.59058332,6060,3.10296820,-1.59605296,3.10966991,-0.03128052,1.49108029,-0.08049011,3.10296820,-1.54569895,-3.17313393,-0.03128050,1.49031735,-0.08049011,3.14035224,-1.55561717,-3.13079079,-0.02899170,1.48841000,-0.08049011,-0.05371094,0.00488281,-0.08300781,-0.01464844,0.01464844,-0.01464844,1.03263855,2.64701824,2.64663696,-0.04882812
17.60489464,6065,3.10296820,-1.59605296,3.10966991,-0.03128052,1.49108029,-0.08049011,3.10296820,-1.54569895,-3.17313393,-0.03128051,1.49031735,-0.08049011,3.13997077,-1.55523570,-3.13155373,-0.02937317,1.48841000,-0.08049011,-0.03906250,0.00976562,-0.03906250,-0.02929688,0.01464844,-0.01464844,1.03263855,2.64711603,2.64663696,-0.02441406
17.61820698,6070,3.10296820,-1.59605296,3.10966991,-0.03128052,1.49108029,-0.08049011,3.10296820,-1.54569895,-3.17313393,-0.03128052,1.49031735,-0.08049011,3.13920783,-1.55523570,-3.13269814,-0.02937317,1.48841000,-0.08049011,-0.06347656,0.01953125,-0.06347656,-0.01464844,0.01464844,-0.01464844,1.03263855,2.64705041,2.64663696,-0.02441406
17.63312745,6075,3.10296820,-1.59605296,3.10966991,-0.03128052,1.49108029,-0.08049011,3.10296820,-1.54569895,-3.17313393,-0.03128052,1.49031735,-0.08049011,3.13806342,-1.55485423,-3.13346108,-0.02937317,1.48879147,-0.08049011,-0.05371094,0.00976562,-0.05371094,-0.02929688,0.04394531,-0.01464844,1.03263855,2.64702891,2.64663696,-0.02441406
17.64858985,6080,3.10296820,-1.59605296,3.10966991,-0.03051758,1.49108029,-0.08049011,3.10296820,-1.54569895,-3.17313393,-0.03095703,1.49031735,-0.08049011,3.13768195,-1.55447276,-3.13422402,-0.02937317,1.48879147,-0.08087158,-0.04394531,0.01464844,-0.04882812,-0.04394531,-0.00000000,-0.01464844,1.03263855,2.64702187,2.64663696,-0.02441406
17.66417146,6085,3.10296820,-1.59605296,3.10966991,-0.03051758,1.49108029,-0.08049011,3.10296820,-1.54569895,-3.17313393,-0.03066158,1.49031735,-0.08049011,3.13691901,-1.55447276,-3.13498696,-0.02937317,1.48879147,-0.08087158,-0.06347656,0.00976562,-0.03417969,0.00000000,0.01464844,-0.01464844,1.03263855,2.64701956,2.64625549,-0.04882812
17.67840528,6090,3.10296820,-1.59605296,3.10966991,-0.03051758,1.49108029,-0.08049011,3.10296820,-1.54569895,-3.17313393,-0.03056476,1.49031735,-0.08049011,3.13615607,-1.55409129,-3.13536843,-0.02937317,1.48879147,-0.08087158,-0.04394531,0.00488281,-0.02929688,-0.01464844,0.02929688,-0.02929688,1.03263855,2.64701880,2.64663696,-0.04882812
17.69185138,6095,3.10296820,-1.59605296,3.10966991,-0.03051758,1.49108029,-0.08049011,3.10296820,-1.54569895,-3.17313393,-0.03053304,1.49031735,-0.08049011,3.13539313,-1.55409129,-3.13574990,-0.02975464,1.48879147,-0.08087158,-0.04394531,0.00000000,-0.03906250,-0.04394531,-0.00000000,-0.01464844,1.03225708,2.64694409,2.64663696,0.00000000
17.70306540,6100,3.10296820,-1.59605296,3.10966991,-0.03051758,1.49108029,-0.08049011,3.10296820,-1.54569895,-3.17313393,-0.03052264,1.49031735,-0.08049011,3.13501166,-1.55409129,-3.13651284,-0.02937317,1.48879147,-0.08087158,-0.05859375,0.00488281,-0.03906250,-0.01464844,0.01464844,-0.01464844,1.03263855,2.64699407,2.64663696,-0.02441406
17.71986318,6105,3.10296820,-1.59605296,3.10966991,-0.03051758,1.49108029,-0.08049011,3.10296820,-1.54569895,-3.17313393,-0.03051924,1.49031735,-0.08049011,3.13424872,-1.55370982,-3.13727578,-0.02937317,1.48879147,-0.08087158,-0.03906250,0.00488281,-0.03417969,-0.02929688,0.02929688,-0.01464844,1.03263855,2.64701045,2.64663696,-0.04882812
17.73203230,6110,3.10296820,-1.59605296,3.10966991,-0.03013611,1.49108029,-0.08049011,3.10296820,-1.54569895,-3.17313393,-0.03026165,1.49031735,-0.08049011,3.13386725,-1.55370982,-3.13803871,-0.02937317,1.48879147,-0.08087158,-0.03417969,0.00000000,-0.04394531,-0.01464844,-0.00000000,-0.02929688,1.03263855,2.64701582,2.64663696,-0.02441406
17.74567175,6115,3.10296820,-1.59605296,3.10966991,-0.03013611,1.49108029,-0.08049011,3.10296820,-1.54569895,-3.17313393,-0.03017725,1.49031735,-0.08049011,3.13348578,-1.55370982,-3.13842018,-0.02975464,1.48879147,-0.08087158,-0.04394531,-0.00488281,-0.04394531,-0.01464844,0.02929688,-0.01464844,1.03263855,2.64701758,2.64663696,-0.07324219
17.76063728,6120,3.10296820,-1.59605296,3.10966991,-0.03013611,1.49108029,-0.08049011,3.10296820,-1.54569895,-3.17313393,-0.03014959,1.49031735,-0.08049011,3.13272284,-1.55370982,-3.13918312,-0.02937317,1.48879147,-0.08087158,-0.04882812,-0.00488281,-0.03906250,-0.01464844,0.02929688,-0.01464844,1.03263855,2.64701815,2.64663696,-0.02441406
17.77585840,6125,3.10296820,-1.59605296,3.10966991,-0.03013611,1.49108029,-0.08049011,3.10296820,-1.54569895,-3.17313393,-0.03014053,1.49031735,-0.08049011,3.13195990,-1.55370982,-3.14032753,-0.02937317,1.48879147,-0.08087158,-0.05371094,-0.00488281,-0.04882812,-0.01464844,0.01464844,-0.02929688,1.03263855,2.64701834,2.64663696,-0.02441406
17.78830266,6130,3.10296820,-1.59605296,3.10966991,-0.03051758,1.49108029,-0.08049011,3.10296820,-1.54569895,-3.17313393,-0.03032371,1.49031735,-0.08049011,3.13157843,-1.55370982,-3.14070900,-0.02975464,1.48879147,-0.08087158,-0.02929688,-0.00488281,-0.04882812,-0.01464844,-0.00000000,-0.02929688,1.03263855,2.64701840,2.64663696,0.00000000
17.80309105,6135,3.10296820,-1.59605296,3.10966991,-0.03051758,1.49108029,-0.08049011,3.10296820,-1.54569895,-3.17313393,-0.03045405,1.49031735,-0.08049011,3.13119696,-1.55370982,-3.14109047,-0.02975464,1.48917294,-0.08087158,-0.05371094,0.00488281,-0.02929688,0.00000000,0.01464844,-0.01464844,1.03263855,2.64714049,2.64663696,-0.04882812
17.81939149,6140,3.10296820,-1.59605296,3.10966991,-0.03051758,1.49108029,-0.08049011,3.10296820,-1.54569895,-3.17313393,-0.03049676,1.49031735,-0.08049011,3.13043402,-1.55332835,3.14133190,-0.02937317,1.48917294,-0.08087158,-0.05371094,0.00976562,-0.03906250,0.00000000,0.02929688,-0.01464844,1.03263855,2.64705843,2.64663696,-0.02441406
17.83363700,6145,3.10296820,-1.59605296,3.10966991,-0.03051758,1.49108029,-0.08049011,3.10296820,-1.54569895,-3.17313393,-0.03051076,1.49031735,-0.08049011,3.12967108,-1.55294688,3.14056896,-0.02975464,1.48917294,-0.08087158,-0.03417969,0.01953125,-0.05371094,-0.01464844,0.04394531,-0.01464844,1.03263855,2.64695341,2.64663696,-0.04882812
17.84913015,6150,3.10296820,-1.59605296,3.10966991,-0.03051758,1.49108029,-0.08049011,3.10296820,-1.54569895,-3.17313393,-0.03051534,1.49031735,-0.08049011,3.12928962,-1.55256541,3.14018749,-0.02975464,1.48917294,-0.08087158,-0.04394531,0.01953125,-0.02441406,-0.01464844,-0.00000000,-0.01464844,1.03263855,2.64699713,2.64663696,-0.02441406
17.86404562,6155,3.10296820,-1.59605296,3.10966991,-0.03051758,1.49108029,-0.08049011,3.10296820,-1.54569895,-3.17313393,-0.03051685,1.49031735,-0.08049011,3.12890815,-1.55218394,3.13942455,-0.02975464,1.48917294,-0.08087158,-0.03417969,0.00976562,-0.03906250,0.00000000,0.02929688,-0.01464844,1.03263855,2.64701145,2.64663696,-0.02441406
17.87746382,6160,3.10296820,-1.59605296,3.10966991,-0.03051758,1.49108029,-0.08049011,3.10296820,-1.54569895,-3.17313393,-0.03051734,1.49031735,-0.08049011,3.12814521,-1.55218394,3.13904308,-0.02975464,1.48917294,-0.08087158,-0.06835938,0.00488281,-0.02929688,0.00000000,0.02929688,-0.01464844,1.03263855,2.64701614,2.64663696,-0.02441406
17.89299488,6165,3.10296820,-1.59605296,3.10966991,-0.03051758,1.49108029,-0.08049011,3.10296820,-1.54569895,-3.17313393,-0.03051750,1.49031735,-0.08049011,3.12738227,-1.55180247,3.13828014,-0.02975464,1.48917294,-0.08087158,-0.03906250,0.00488281,-0.01953125,-0.02929688,0.02929688,-0.01464844,1.03263855,2.64701768,2.64663696,0.00000000
17.90634322,6170,3.10296820,-1.59605296,3.10966991,-0.03051758,1.49108029,-0.08049011,3.10296820,-1.54569895,-3.17313393,-0.03051755,1.49031735,-0.08049011,3.12700080,-1.55180247,3.13828014,-0.02975464,1.48917294,-0.08087158,-0.01953125,0.00000000,-0.02929688,-0.02929688,-0.00000000,-0.02929688,1.03263855,2.64701819,2.64663696,-0.02441406
17.91930580,6175,3.10296820,-1.59605296,3.10966991,-0.03051758,1.49108029,-0.08049011,3.10296820,-1.54569895,-3.17313393,-0.03051757,1.49031735,-0.08049011,3.12700080,-1.55180247,3.13751720,-0.02975464,1.48917294,-0.08087158,-0.02929688,-0.00488281,-0.03417969,-0.01464844,-0.00000000,-0.01464844,1.03263855,2.64701835,2.64663696,-0.02441406
17.93229818,6180,3.10296820,-1.59605296,3.10966991,-0.03051758,1.49108029,-0.08049011,3.10296820,-1.54569895,-3.17313393,-0.03051758,1.49031735,-0.08049011,3.12623786,-1.55180247,3.13675426,-0.02975464,1.48917294,-0.08087158,-0.05371094,-0.00976562,-0.05859375,-0.01464844,0.01464844,-0.01464844,1.03263855,2.64701841,2.64663696,-0.02441406
17.94704032,6185,3.10296820,-1.59605296,3.10966991,-0.03051758,1.49108029,-0.08049011,3.10296820,-1.54569895,-3.17313393,-0.03051758,1.49031735,-0.08049011,3.12585639,-1.55180247,3.13599132,-0.02975464,1.48955441,-0.08087158,-0.03906250,-0.00488281,-0.03906250,-0.02929688,-0.00000000,-0.01464844,1.03263855,2.64701842,2.64663696,0.02441406
17.96261120,6190,3.10296820,-1.59605296,3.10966991,-0.03051758,1.49108029,-0.08049011,3.10296820,-1.54569895,-3.17313393,-0.03051758,1.49031735,-0.08049011,3.12547492,-1.55180247,3.13560985,-0.02975464,1.48955441,-0.08087158,-0.03417969,0.00000000,-0.01953125,0.00000000,0.01464844,-0.01464844,1.03263855,2.64701843,2.64663696,0.00000000
17.97751307,6195,3.10296820,-1.59605296,3.10966991,-0.03051758,1.49108029,-0.08049011,3.10296820,-1.54569895,-3.17313393,-0.03051758,1.49031735,-0.08049011,3.12509345,-1.55180247,3.13484691,-0.02975464,1.48993588,-0.08087158,-0.01953125,0.00000000,-0.03906250,-0.01464844,0.02929688,-0.02929688,1.03263855,2.64683386,2.64663696,-0.04882812
17.99109077,6200,3.10296820,-1.59605296,3.10966991,-0.03051758,1.49108029,-0.08049011,3.10296820,-1.54569895,-3.17313393,-0.03051758,1.49031735,-0.08049011,3.12471198,-1.55142100,3.13484691,-0.02975464,1.48993588,-0.08087158,-0.02929688,0.00976562,-0.01464844,-0.02929688,0.04394531,-0.01464844,1.03263855,2.64695795,2.64701843,0.00000000
18.00427437,6205,3.10296820,-1.59605296,3.10966991,-0.03051758,1.49108029,-0.08049011,3.10296820,-1.54569895,-3.17313393,-0.03051758,1.49031735,-0.08049011,3.12433051,-1.55142100,3.13446544,-0.02975464,1.48993588,-0.08087158,-0.03417969,0.00976562,-0.01464844,-0.01464844,-0.00000000,-0.01464844,1.03263855,2.64699861,2.64663696,-0.04882812
18.01709366,6210,3.10296820,-1.59605296,3.10966991,-0.03051758,1.49108029,-0.08049011,3.10296820,-1.54569895,-3.17313393,-0.03051758,1.49031735,-0.08049011,3.12356757,-1.55103953,3.13408397,-0.03013611,1.48993588,-0.08087158,-0.05371094,0.00976562,-0.01953125,-0.02929688,0.04394531,-0.02929688,1.03263855,2.64694944,2.64663696,-0.04882812
18.03341627,6215,3.10296820,-1.59605296,3.10966991,-0.03051758,1.49108029,-0.08049011,3.10296820,-1.54569895,-3.17313393,-0.03051758,1.49031735,-0.08049011,3.12318610,-1.55103953,3.13370250,-0.03013611,1.49031735,-0.08087158,-0.01953125,0.01464844,-0.02929688,-0.02929688,0.07324219,-0.01464844,1.03263855,2.64699582,2.64663696,-0.02441406
18.05033326,6220,3.10296820,-1.59605296,3.10966991,-0.03089905,1.49108029,-0.08049011,3.10296820,-1.54569895,-3.17313393,-0.03065491,1.49031735,-0.08049011,3.12280463,-1.55065806,3.13293956,-0.03013611,1.49031735,-0.08087158,-0.02929688,0.01464844,-0.03417969,-0.01464844,0.01464844,-0.02929688,1.03263855,2.64701102,2.64663696,0.00000000
18.06320262,6225,3.10296820,-1.59605296,3.10966991,-0.03089905,1.49108029,-0.08049011,3.10296820,-1.54569895,-3.17313393,-0.03081905,1.49031735,-0.08049011,3.12242316,-1.55027659,3.13255809,-0.03013611,1.49031735,-0.08087158,-0.03417969,0.00000000,-0.01953125,-0.01464844,-0.00000000,-0.01464844,1.03263855,2.64693788,2.64663696,-0.04882812
18.07662606,6230,3.10296820,-1.59605296,3.10966991,-0.03089905,1.49108029,-0.08049011,3.10296820,-1.54569895,-3.17313393,-0.03087283,1.49031735,-0.08049011,3.12204169,-1.55027659,3.13217662,-0.03013611,1.49031735,-0.08087158,-0.02929688,-0.00488281,-0.01953125,-0.02929688,0.01464844,-0.01464844,1.03263855,2.64699204,2.64663696,0.00000000
18.09121299,6235,3.10296820,-1.59605296,3.10966991,-0.03089905,1.49108029,-0.08049011,3.10296820,-1.54569895,-3.17313393,-0.03089046,1.49031735,-0.08049011,3.12166022,-1.55027659,3.13179515,-0.03013611,1.49031735,-0.08087158,-0.04882812,-0.00488281,-0.02441406,-0.01464844,-0.00000000,0.00000000,1.03263855,2.64700978,2.64663696,0.02441406
18.10475159,6240,3.10296820,-1.59605296,3.10966991,-0.03089905,1.49108029,-0.08049011,3.10296820,-1.54569895,-3.17313393,-0.03089623,1.49031735,-0.08049011,3.12127875,-1.55027659,3.13103221,-0.03013611,1.49031735,-0.08087158,-0.02441406,-0.00488281,-0.04882812,-0.01464844,0.01464844,-0.02929688,1.03263855,2.64707810,2.64663696,-0.02441406
18.11858463,6245,3.10296820,-1.59605296,3.10966991,-0.03089905,1.49108029,-0.08049011,3.10296820,-1.54569895,-3.17313393,-0.03089813,1.49031735,-0.08049011,3.12089728,-1.55027659,3.13065074,-0.03013611,1.49031735,-0.08087158,-0.03906250,-0.00488281,-0.02441406,-0.01464844,0.01464844,-0.01464844,1.03263855,2.64703798,2.64663696,-0.02441406
18.13514209,6250,3.10296820,-1.59605296,3.10966991,-0.03089905,1.49108029,-0.08049011,3.10296820,-1.54569895,-3.17313393,-0.03089875,1.49031735,-0.08049011,3.12051581,-1.55027659,3.13026927,-0.03013611,1.49031735,-0.08087158,-0.01953125,-0.00488281,-0.02441406,-0.01464844,0.02929688,-0.01464844,1.03263855,2.64702484,2.64663696,-0.02441406
18.14979482,6255,3.10296820,-1.59605296,3.10966991,-0.03089905,1.49108029,-0.08049011,3.10296820,-1.54569895,-3.17313393,-0.03089895,1.49031735,-0.08049011,3.12051581,-1.55027659,3.12988780,-0.03013611,1.49069882,-0.08087158,-0.02441406,-0.00488281,-0.02441406,-0.02929688,0.05859375,0.00000000,1.03263855,2.64695803,2.64663696,-0.04882812
18.16342354,6260,3.10296820,-1.59605296,3.10966991,-0.03089905,1.49108029,-0.08049011,3.10296820,-1.54569895,-3.17313393,-0.03089902,1.49031735,-0.08049011,3.12013434,-1.55027659,3.12950633,-0.03051758,1.49146176,-0.08087158,-0.03417969,-0.00488281,-0.02441406,-0.01464844,0.05859375,-0.01464844,1.03263855,2.64707677,2.64663696,-0.04882812
18.17830729,6265,3.10296820,-1.59605296,3.10966991,-0.03089905,1.49108029,-0.08049011,3.10296820,-1.54569895,-3.17313393,-0.03089904,1.49031735,-0.08049011,3.11937140,-1.55027659,3.12912486,-0.03013611,1.49260617,-0.08087158,-0.02441406,0.00000000,-0.01953125,-0.01464844,0.07324219,-0.01464844,1.03263855,2.64703755,2.64663696,-0.04882812
18.19449878,6270,3.10296820,-1.59605296,3.10966991,-0.03089905,1.49108029,-0.08049011,3.10296820,-1.54569895,-3.17313393,-0.03089904,1.49031735,-0.08049011,3.11937140,-1.55027659,3.12912486,-0.03051758,1.49298764,-0.08087158,-0.02441406,0.00000000,-0.00488281,-0.01464844,0.02929688,-0.01464844,1.03225708,2.64687211,2.64663696,0.00000000
18.21084547,6275,3.10296820,-1.59605296,3.10966991,-0.03089905,1.49108029,-0.08049011,3.10296820,-1.54569895,-3.17313393,-0.03089905,1.49031735,-0.08049011,3.11898993,-1.55027659,3.12912486,-0.03013611,1.49298764,-0.08087158,-0.02929688,0.00000000,-0.00488281,-0.01464844,0.02929688,0.00000000,1.03263855,2.64690799,2.64663696,0.00000000
18.22560644,6280,3.10296820,-1.59605296,3.10966991,-0.03089905,1.49108029,-0.08049011,3.10296820,-1.54569895,-3.17313393,-0.03089905,1.49031735,-0.08049011,3.11860846,-1.54989512,3.12874339,-0.03051758,1.49298764,-0.08087158,-0.01953125,0.00000000,-0.01464844,-0.01464844,-0.00000000,0.00000000,1.03263855,2.64698224,2.64663696,-0.02441406
18.24000168,6285,3.10296820,-1.59605296,3.10966991,-0.03089905,1.49108029,-0.08049011,3.10296820,-1.54569895,-3.17313393,-0.03089905,1.49031735,-0.08049011,3.11822699,-1.54989512,3.12836192,-0.03051758,1.49298764,-0.08087158,-0.02441406,0.00488281,-0.02441406,-0.02929688,0.01464844,-0.01464844,1.03263855,2.64700657,2.64663696,-0.02441406
18.25282383,6290,3.10296820,-1.59605296,3.10966991,-0.03089905,1.49108029,-0.08049011,3.10296820,-1.54569895,-3.17313393,-0.03089905,1.49031735,-0.08049011,3.11784552,-1.54989512,3.12798045,-0.03051758,1.49298764,-0.08087158,-0.03417969,0.00488281,-0.02441406,-0.01464844,0.01464844,0.00000000,1.03263855,2.64701455,2.64663696,0.00000000
18.26729608,6295,3.10296820,-1.59605296,3.10966991,-0.03128052,1.49108029,-0.08049011,3.10296820,-1.54569895,-3.17313393,-0.03115552,1.49031735,-0.08049011,3.11784552,-1.54989512,3.12721752,-0.03051758,1.49298764,-0.08087158,-0.01953125,0.00000000,-0.03417969,-0.02929688,0.01464844,-0.01464844,1.03263855,2.64695466,2.64663696,0.00000000
18.28224564,6300,3.10296820,-1.59605296,3.10966991,-0.03128052,1.49108029,-0.08049011,3.10296820,-1.54569895,-3.17313393,-0.03123956,1.49031735,-0.08049011,3.11746405,-1.54989512,3.12721752,-0.03051758,1.49298764,-0.08087158,-0.03417969,-0.00488281,-0.01464844,-0.01464844,-0.00000000,-0.01464844,1.03263855,2.64699754,2.64663696,-0.02441406
