frame_idx,camera_time_s,system_time_s,perf_counter_s,color_realsense_timestamp_ms,color_frame_number,color_video
0,0.00853634,1783952894.53444028,862607.03776360,1783952894455.1389,7002,teach_record_20260713_222814_color.mp4
1,0.04281640,1783952894.56872034,862607.07187290,1783952894488.5017,7003,teach_record_20260713_222814_color.mp4
2,0.07898808,1783952894.60489202,862607.10868440,1783952894521.8645,7004,teach_record_20260713_222814_color.mp4
3,0.10822749,1783952894.63413143,862607.13725880,1783952894555.2273,7005,teach_record_20260713_222814_color.mp4
4,0.14241743,1783952894.66832137,862607.17158080,1783952894588.5901,7006,teach_record_20260713_222814_color.mp4
5,0.17484927,1783952894.70075321,862607.20502260,1783952894621.9529,7007,teach_record_20260713_222814_color.mp4
6,0.20920467,1783952894.73510861,862607.23816480,1783952894655.3157,7008,teach_record_20260713_222814_color.mp4
7,0.24209332,1783952894.76799726,862607.27113140,1783952894688.6782,7009,teach_record_20260713_222814_color.mp4
8,0.27398086,1783952894.79988480,862607.30423030,1783952894722.0410,7010,teach_record_20260713_222814_color.mp4
9,0.30894876,1783952894.83485270,862607.33802850,1783952894755.4038,7011,teach_record_20260713_222814_color.mp4
10,0.34209418,1783952894.86799812,862607.37166780,1783952894788.7666,7012,teach_record_20260713_222814_color.mp4
11,0.37479448,1783952894.90069842,862607.40408620,1783952894822.1294,7013,teach_record_20260713_222814_color.mp4
12,0.40909028,1783952894.93499422,862607.43800300,1783952894855.4919,7014,teach_record_20260713_222814_color.mp4
13,0.44216514,1783952894.96806908,862607.47120590,1783952894888.8547,7015,teach_record_20260713_222814_color.mp4
14,0.47543979,1783952895.00134373,862607.50517060,1783952894922.2173,7016,teach_record_20260713_222814_color.mp4
15,0.50981855,1783952895.03572249,862607.53902160,1783952894955.5801,7017,teach_record_20260713_222814_color.mp4
16,0.54147553,1783952895.06737947,862607.57146900,1783952894988.9429,7018,teach_record_20260713_222814_color.mp4
17,0.57549834,1783952895.10140228,862607.60444070,1783952895022.3064,7019,teach_record_20260713_222814_color.mp4
18,0.60859656,1783952895.13450050,862607.63772160,1783952895055.6689,7020,teach_record_20260713_222814_color.mp4
19,0.64320207,1783952895.16910601,862607.67233860,1783952895089.0315,7021,teach_record_20260713_222814_color.mp4
20,0.67639923,1783952895.20230317,862607.70572620,1783952895122.3940,7022,teach_record_20260713_222814_color.mp4
21,0.70900416,1783952895.23490810,862607.73815860,1783952895155.7568,7023,teach_record_20260713_222814_color.mp4
22,0.74441981,1783952895.27032375,862607.77331600,1783952895189.1194,7024,teach_record_20260713_222814_color.mp4
23,0.77817988,1783952895.30408382,862607.80699720,1783952895222.4819,7025,teach_record_20260713_222814_color.mp4
24,0.80931640,1783952895.33522034,862607.83857820,1783952895255.8445,7026,teach_record_20260713_222814_color.mp4
25,0.84302664,1783952895.36893058,862607.87274210,1783952895289.2070,7027,teach_record_20260713_222814_color.mp4
26,0.87591290,1783952895.40181684,862607.90509820,1783952895322.5696,7028,teach_record_20260713_222814_color.mp4
27,0.90930581,1783952895.43520975,862607.93840800,1783952895355.9321,7029,teach_record_20260713_222814_color.mp4
28,0.94214940,1783952895.46805334,862607.97147380,1783952895389.2944,7030,teach_record_20260713_222814_color.mp4
29,0.97618151,1783952895.50208545,862608.00511030,1783952895422.6570,7031,teach_record_20260713_222814_color.mp4
30,1.00986671,1783952895.53577065,862608.03888890,1783952895456.0195,7032,teach_record_20260713_222814_color.mp4
31,1.04258609,1783952895.56849003,862608.07206370,1783952895489.3821,7033,teach_record_20260713_222814_color.mp4
32,1.07641506,1783952895.60231900,862608.10559850,1783952895522.7446,7034,teach_record_20260713_222814_color.mp4
33,1.10924172,1783952895.63514566,862608.13838010,1783952895556.1072,7035,teach_record_20260713_222814_color.mp4
34,1.14256144,1783952895.66846538,862608.17180700,1783952895589.4695,7036,teach_record_20260713_222814_color.mp4
35,1.17644954,1783952895.70235348,862608.20528750,1783952895622.8320,7037,teach_record_20260713_222814_color.mp4
36,1.20840240,1783952895.73430634,862608.23809340,1783952895656.1946,7038,teach_record_20260713_222814_color.mp4
37,1.24241447,1783952895.76831841,862608.27168960,1783952895689.5571,7039,teach_record_20260713_222814_color.mp4
38,1.27714539,1783952895.80304933,862608.30628910,1783952895722.9194,7040,teach_record_20260713_222814_color.mp4
39,1.31095695,1783952895.83686090,862608.33988200,1783952895756.2820,7041,teach_record_20260713_222814_color.mp4
40,1.34293532,1783952895.86883926,862608.37173280,1783952895789.6443,7042,teach_record_20260713_222814_color.mp4
41,1.37603593,1783952895.90193987,862608.40478520,1783952895823.0068,7043,teach_record_20260713_222814_color.mp4
42,1.40994477,1783952895.93584871,862608.43994790,1783952895856.3694,7044,teach_record_20260713_222814_color.mp4
43,1.44457984,1783952895.97048378,862608.47337450,1783952895889.7317,7045,teach_record_20260713_222814_color.mp4
44,1.47667217,1783952896.00257611,862608.50538400,1783952895923.0942,7046,teach_record_20260713_222814_color.mp4
45,1.50951433,1783952896.03541827,862608.53837210,1783952895956.4565,7047,teach_record_20260713_222814_color.mp4
46,1.54395437,1783952896.06985831,862608.57304880,1783952895989.8188,7048,teach_record_20260713_222814_color.mp4
47,1.57821941,1783952896.10412335,862608.60720810,1783952896023.1814,7049,teach_record_20260713_222814_color.mp4
48,1.60996175,1783952896.13586569,862608.63946750,1783952896056.5449,7050,teach_record_20260713_222814_color.mp4
49,1.64481354,1783952896.17071748,862608.67354520,1783952896089.9089,7051,teach_record_20260713_222814_color.mp4
50,1.67681146,1783952896.20271540,862608.70607740,1783952896123.2732,7052,teach_record_20260713_222814_color.mp4
51,1.70985794,1783952896.23576188,862608.73878700,1783952896156.6372,7053,teach_record_20260713_222814_color.mp4
52,1.74292731,1783952896.26883125,862608.77240430,1783952896190.0012,7054,teach_record_20260713_222814_color.mp4
53,1.77630901,1783952896.30221295,862608.80540070,1783952896223.3655,7055,teach_record_20260713_222814_color.mp4
54,1.81060219,1783952896.33650613,862608.83951650,1783952896256.7295,7056,teach_record_20260713_222814_color.mp4
55,1.84424782,1783952896.37015176,862608.87304940,1783952896290.0935,7057,teach_record_20260713_222814_color.mp4
56,1.87756991,1783952896.40347385,862608.90657850,1783952896323.4575,7058,teach_record_20260713_222814_color.mp4
57,1.90905976,1783952896.43496370,862608.93924530,1783952896356.8218,7059,teach_record_20260713_222814_color.mp4
58,1.94314218,1783952896.46904612,862608.97212040,1783952896390.1858,7060,teach_record_20260713_222814_color.mp4
59,1.97659612,1783952896.50250006,862609.00520280,1783952896423.5498,7061,teach_record_20260713_222814_color.mp4
60,2.01040387,1783952896.53630781,862609.03964220,1783952896456.9141,7062,teach_record_20260713_222814_color.mp4
61,2.04385614,1783952896.56976008,862609.07264980,1783952896490.2781,7063,teach_record_20260713_222814_color.mp4
62,2.07535481,1783952896.60125875,862609.10539570,1783952896523.6421,7064,teach_record_20260713_222814_color.mp4
63,2.10968518,1783952896.63558912,862609.13871380,1783952896557.0061,7065,teach_record_20260713_222814_color.mp4
64,2.14328027,1783952896.66918421,862609.17270560,1783952896590.3704,7066,teach_record_20260713_222814_color.mp4
65,2.17666602,1783952896.70256996,862609.20535810,1783952896623.7344,7067,teach_record_20260713_222814_color.mp4
66,2.20933509,1783952896.73523903,862609.23874580,1783952896657.0984,7068,teach_record_20260713_222814_color.mp4
67,2.24278259,1783952896.76868653,862609.27235770,1783952896690.4626,7069,teach_record_20260713_222814_color.mp4
68,2.27846718,1783952896.80437112,862609.30711760,1783952896723.8267,7070,teach_record_20260713_222814_color.mp4
69,2.31093168,1783952896.83683562,862609.33980430,1783952896757.1907,7071,teach_record_20260713_222814_color.mp4
70,2.34390593,1783952896.86980987,862609.37387620,1783952896790.5547,7072,teach_record_20260713_222814_color.mp4
71,2.37747240,1783952896.90337634,862609.40649370,1783952896823.9189,7073,teach_record_20260713_222814_color.mp4
72,2.41039181,1783952896.93629575,862609.43994770,1783952896857.2830,7074,teach_record_20260713_222814_color.mp4
73,2.44504833,1783952896.97095227,862609.47396890,1783952896890.6470,7075,teach_record_20260713_222814_color.mp4
74,2.47756314,1783952897.00346708,862609.50631570,1783952896924.0110,7076,teach_record_20260713_222814_color.mp4
75,2.51000309,1783952897.03590703,862609.53932070,1783952896957.3752,7077,teach_record_20260713_222814_color.mp4
76,2.54447293,1783952897.07037687,862609.57319050,1783952896990.7393,7078,teach_record_20260713_222814_color.mp4
77,2.57689309,1783952897.10279703,862609.60623180,1783952897024.1033,7079,teach_record_20260713_222814_color.mp4
78,2.60990095,1783952897.13580489,862609.63902830,1783952897057.4673,7080,teach_record_20260713_222814_color.mp4
79,2.64328170,1783952897.16918564,862609.67253650,1783952897090.8308,7081,teach_record_20260713_222814_color.mp4
80,2.67734027,1783952897.20324421,862609.70642730,1783952897124.1953,7082,teach_record_20260713_222814_color.mp4
81,2.71113443,1783952897.23703837,862609.74022490,1783952897157.5601,7083,teach_record_20260713_222814_color.mp4
82,2.74421263,1783952897.27011657,862609.77386120,1783952897190.9246,7084,teach_record_20260713_222814_color.mp4
83,2.77725720,1783952897.30316114,862609.80640210,1783952897224.2893,7085,teach_record_20260713_222814_color.mp4
84,2.81171060,1783952897.33761454,862609.84047290,1783952897257.6538,7086,teach_record_20260713_222814_color.mp4
85,2.84523153,1783952897.37113547,862609.87372350,1783952897291.0186,7087,teach_record_20260713_222814_color.mp4
86,2.87922239,1783952897.40512633,862609.90849970,1783952897324.3831,7088,teach_record_20260713_222814_color.mp4
87,2.91062617,1783952897.43653011,862609.93949830,1783952897357.7478,7089,teach_record_20260713_222814_color.mp4
88,2.94502997,1783952897.47093391,862609.97387490,1783952897391.1123,7090,teach_record_20260713_222814_color.mp4
89,2.97844315,1783952897.50434709,862610.00710700,1783952897424.4771,7091,teach_record_20260713_222814_color.mp4
90,3.01073837,1783952897.53664231,862610.03953800,1783952897457.8418,7092,teach_record_20260713_222814_color.mp4
91,3.04537010,1783952897.57127404,862610.07402640,1783952897491.2063,7093,teach_record_20260713_222814_color.mp4
92,3.07760978,1783952897.60351372,862610.10640520,1783952897524.5710,7094,teach_record_20260713_222814_color.mp4
93,3.11259913,1783952897.63850307,862610.14148500,1783952897557.9355,7095,teach_record_20260713_222814_color.mp4
94,3.14391184,1783952897.66981578,862610.17382670,1783952897591.3003,7096,teach_record_20260713_222814_color.mp4
95,3.17894149,1783952897.70484543,862610.20763010,1783952897624.6650,7097,teach_record_20260713_222814_color.mp4
96,3.21115041,1783952897.73705435,862610.23981850,1783952897658.0295,7098,teach_record_20260713_222814_color.mp4
97,3.24460077,1783952897.77050471,862610.27302330,1783952897691.3943,7099,teach_record_20260713_222814_color.mp4
98,3.27738214,1783952897.80328608,862610.30721160,1783952897724.7590,7100,teach_record_20260713_222814_color.mp4
99,3.31048298,1783952897.83638692,862610.33980140,1783952897758.1235,7101,teach_record_20260713_222814_color.mp4
100,3.34476733,1783952897.87067127,862610.37383180,1783952897791.4883,7102,teach_record_20260713_222814_color.mp4
101,3.37887931,1783952897.90478325,862610.40845490,1783952897824.8530,7103,teach_record_20260713_222814_color.mp4
102,3.41196537,1783952897.93786931,862610.44074380,1783952897858.2178,7104,teach_record_20260713_222814_color.mp4
103,3.44607019,1783952897.97197413,862610.47443960,1783952897891.5823,7105,teach_record_20260713_222814_color.mp4
104,3.48006129,1783952898.00596523,862610.50871520,1783952897924.9470,7106,teach_record_20260713_222814_color.mp4
105,3.51211214,1783952898.03801608,862610.54058740,1783952897958.3118,7107,teach_record_20260713_222814_color.mp4
106,3.54454827,1783952898.07045221,862610.57397550,1783952897991.6765,7108,teach_record_20260713_222814_color.mp4
107,3.57926273,1783952898.10516667,862610.60794710,1783952898025.0413,7109,teach_record_20260713_222814_color.mp4
108,3.61362529,1783952898.13952923,862610.64235350,1783952898058.4060,7110,teach_record_20260713_222814_color.mp4
109,3.64431381,1783952898.17021775,862610.67395690,1783952898091.7705,7111,teach_record_20260713_222814_color.mp4
110,3.67815948,1783952898.20406342,862610.70731090,1783952898125.1340,7112,teach_record_20260713_222814_color.mp4
111,3.71196389,1783952898.23786783,862610.74049550,1783952898158.4968,7113,teach_record_20260713_222814_color.mp4
112,3.74598694,1783952898.27189088,862610.77461850,1783952898191.8596,7114,teach_record_20260713_222814_color.mp4
113,3.77849817,1783952898.30440211,862610.80753040,1783952898225.2224,7115,teach_record_20260713_222814_color.mp4
114,3.81175637,1783952898.33766031,862610.84036860,1783952898258.5852,7116,teach_record_20260713_222814_color.mp4
115,3.84544110,1783952898.37134504,862610.87399780,1783952898291.9480,7117,teach_record_20260713_222814_color.mp4
116,3.87817240,1783952898.40407634,862610.90679050,1783952898325.3105,7118,teach_record_20260713_222814_color.mp4
117,3.91199994,1783952898.43790388,862610.94111160,1783952898358.6733,7119,teach_record_20260713_222814_color.mp4
118,3.94563222,1783952898.47153616,862610.97524920,1783952898392.0361,7120,teach_record_20260713_222814_color.mp4
119,3.97944236,1783952898.50534630,862611.00932240,1783952898425.3987,7121,teach_record_20260713_222814_color.mp4
120,4.01296616,1783952898.53887010,862611.04162140,1783952898458.7615,7122,teach_record_20260713_222814_color.mp4
121,4.04578543,1783952898.57168937,862611.07429060,1783952898492.1243,7123,teach_record_20260713_222814_color.mp4
122,4.07956481,1783952898.60546875,862611.10779810,1783952898525.4868,7124,teach_record_20260713_222814_color.mp4
123,4.11144543,1783952898.63734937,862611.14042180,1783952898558.8494,7125,teach_record_20260713_222814_color.mp4
124,4.14492941,1783952898.67083335,862611.17373210,1783952898592.2122,7126,teach_record_20260713_222814_color.mp4
125,4.17884207,1783952898.70474601,862611.20744620,1783952898625.5747,7127,teach_record_20260713_222814_color.mp4
126,4.21218586,1783952898.73808980,862611.24060840,1783952898658.9375,7128,teach_record_20260713_222814_color.mp4
127,4.24529314,1783952898.77119708,862611.27438680,1783952898692.3000,7129,teach_record_20260713_222814_color.mp4
128,4.27864909,1783952898.80455303,862611.30728300,1783952898725.6626,7130,teach_record_20260713_222814_color.mp4
129,4.31194687,1783952898.83785081,862611.34043270,1783952898759.0251,7131,teach_record_20260713_222814_color.mp4
130,4.34520388,1783952898.87110782,862611.37488930,1783952898792.3877,7132,teach_record_20260713_222814_color.mp4
131,4.37890434,1783952898.90480828,862611.40745460,1783952898825.7502,7133,teach_record_20260713_222814_color.mp4
132,4.41136074,1783952898.93726468,862611.44043890,1783952898859.1130,7134,teach_record_20260713_222814_color.mp4
133,4.44593143,1783952898.97183537,862611.47415700,1783952898892.4756,7135,teach_record_20260713_222814_color.mp4
134,4.47923851,1783952899.00514245,862611.50809260,1783952898925.8381,7136,teach_record_20260713_222814_color.mp4
135,4.51237583,1783952899.03827977,862611.54057480,1783952898959.2007,7137,teach_record_20260713_222814_color.mp4
136,4.54563546,1783952899.07153940,862611.57471390,1783952898992.5630,7138,teach_record_20260713_222814_color.mp4
137,4.57994747,1783952899.10585141,862611.60838320,1783952899025.9255,7139,teach_record_20260713_222814_color.mp4
138,4.61163616,1783952899.13754010,862611.64077420,1783952899059.2881,7140,teach_record_20260713_222814_color.mp4
139,4.64602256,1783952899.17192650,862611.67470990,1783952899092.6506,7141,teach_record_20260713_222814_color.mp4
140,4.67856264,1783952899.20446658,862611.70814490,1783952899126.0132,7142,teach_record_20260713_222814_color.mp4
141,4.71516204,1783952899.24106598,862611.74350630,1783952899159.3765,7143,teach_record_20260713_222814_color.mp4
142,4.74544191,1783952899.27134585,862611.77441840,1783952899192.7400,7144,teach_record_20260713_222814_color.mp4
143,4.77888107,1783952899.30478501,862611.80794420,1783952899226.1047,7145,teach_record_20260713_222814_color.mp4
144,4.81274390,1783952899.33864784,862611.84107280,1783952899259.4695,7146,teach_record_20260713_222814_color.mp4
145,4.84553337,1783952899.37143731,862611.87444960,1783952899292.8345,7147,teach_record_20260713_222814_color.mp4
146,4.87926507,1783952899.40516901,862611.90754330,1783952899326.1992,7148,teach_record_20260713_222814_color.mp4
147,4.91548252,1783952899.44138646,862611.94384950,1783952899359.5640,7149,teach_record_20260713_222814_color.mp4
148,4.94715571,1783952899.47305965,862611.97606470,1783952899392.9290,7150,teach_record_20260713_222814_color.mp4
149,4.97991037,1783952899.50581431,862612.00800390,1783952899426.2937,7151,teach_record_20260713_222814_color.mp4
150,5.01317859,1783952899.53908253,862612.04127650,1783952899459.6584,7152,teach_record_20260713_222814_color.mp4
151,5.04642749,1783952899.57233143,862612.07453880,1783952899493.0234,7153,teach_record_20260713_222814_color.mp4
152,5.07953429,1783952899.60543823,862612.10790750,1783952899526.3882,7154,teach_record_20260713_222814_color.mp4
153,5.11339283,1783952899.63929677,862612.14148310,1783952899559.7529,7155,teach_record_20260713_222814_color.mp4
154,5.14777184,1783952899.67367578,862612.17588780,1783952899593.1179,7156,teach_record_20260713_222814_color.mp4
155,5.17871284,1783952899.70461679,862612.20825930,1783952899626.4827,7157,teach_record_20260713_222814_color.mp4
156,5.21215820,1783952899.73806214,862612.24119180,1783952899659.8477,7158,teach_record_20260713_222814_color.mp4
157,5.24649191,1783952899.77239585,862612.27532240,1783952899693.2124,7159,teach_record_20260713_222814_color.mp4
158,5.28060389,1783952899.80650783,862612.30864600,1783952899726.5774,7160,teach_record_20260713_222814_color.mp4
159,5.31264949,1783952899.83855343,862612.34117150,1783952899759.9421,7161,teach_record_20260713_222814_color.mp4
160,5.34683943,1783952899.87274337,862612.37502990,1783952899793.3071,7162,teach_record_20260713_222814_color.mp4
161,5.38044095,1783952899.90634489,862612.40899010,1783952899826.6719,7163,teach_record_20260713_222814_color.mp4
162,5.41314840,1783952899.93905234,862612.44164840,1783952899860.0369,7164,teach_record_20260713_222814_color.mp4
163,5.44678211,1783952899.97268605,862612.47511460,1783952899893.4016,7165,teach_record_20260713_222814_color.mp4
164,5.48086572,1783952900.00676966,862612.50915260,1783952899926.7666,7166,teach_record_20260713_222814_color.mp4
165,5.51315737,1783952900.03906131,862612.54145340,1783952899960.1313,7167,teach_record_20260713_222814_color.mp4
166,5.54657769,1783952900.07248163,862612.57489040,1783952899993.4963,7168,teach_record_20260713_222814_color.mp4
167,5.58157301,1783952900.10747695,862612.61006560,1783952900026.8613,7169,teach_record_20260713_222814_color.mp4
168,5.61406183,1783952900.13996577,862612.64297500,1783952900060.2261,7170,teach_record_20260713_222814_color.mp4
169,5.64670753,1783952900.17261147,862612.67475620,1783952900093.5911,7171,teach_record_20260713_222814_color.mp4
170,5.68015099,1783952900.20605493,862612.70853930,1783952900126.9561,7172,teach_record_20260713_222814_color.mp4
171,5.71305132,1783952900.23895526,862612.74158780,1783952900160.3208,7173,teach_record_20260713_222814_color.mp4
172,5.74634051,1783952900.27224445,862612.77481390,1783952900193.6858,7174,teach_record_20260713_222814_color.mp4
173,5.78011775,1783952900.30602169,862612.80881450,1783952900227.0493,7175,teach_record_20260713_222814_color.mp4
174,5.81564307,1783952900.34154701,862612.84433920,1783952900260.4131,7176,teach_record_20260713_222814_color.mp4
175,5.84664869,1783952900.37255263,862612.87553420,1783952900293.7771,7177,teach_record_20260713_222814_color.mp4
176,5.88064432,1783952900.40654826,862612.90900210,1783952900327.1411,7178,teach_record_20260713_222814_color.mp4
177,5.91356778,1783952900.43947172,862612.94243230,1783952900360.5051,7179,teach_record_20260713_222814_color.mp4
178,5.94740033,1783952900.47330427,862612.97547690,1783952900393.8691,7180,teach_record_20260713_222814_color.mp4
179,5.98074293,1783952900.50664687,862613.00949360,1783952900427.2332,7181,teach_record_20260713_222814_color.mp4
180,6.01246619,1783952900.53837013,862613.04166970,1783952900460.5972,7182,teach_record_20260713_222814_color.mp4
181,6.04788303,1783952900.57378697,862613.07617470,1783952900493.9612,7183,teach_record_20260713_222814_color.mp4
182,6.08150506,1783952900.60740900,862613.10962820,1783952900527.3252,7184,teach_record_20260713_222814_color.mp4
183,6.11355376,1783952900.63945770,862613.14225910,1783952900560.6892,7185,teach_record_20260713_222814_color.mp4
184,6.14881182,1783952900.67471576,862613.17683840,1783952900594.0532,7186,teach_record_20260713_222814_color.mp4
185,6.18112278,1783952900.70702672,862613.20929680,1783952900627.4172,7187,teach_record_20260713_222814_color.mp4
186,6.21582317,1783952900.74172711,862613.24419520,1783952900660.7812,7188,teach_record_20260713_222814_color.mp4
187,6.24828887,1783952900.77419281,862613.27637440,1783952900694.1453,7189,teach_record_20260713_222814_color.mp4
188,6.28274870,1783952900.80865264,862613.31062690,1783952900727.5093,7190,teach_record_20260713_222814_color.mp4
189,6.31427693,1783952900.84018087,862613.34260940,1783952900760.8735,7191,teach_record_20260713_222814_color.mp4
190,6.34740114,1783952900.87330508,862613.37547300,1783952900794.2375,7192,teach_record_20260713_222814_color.mp4
191,6.38138747,1783952900.90729141,862613.40950960,1783952900827.6016,7193,teach_record_20260713_222814_color.mp4
192,6.41452312,1783952900.94042706,862613.44271030,1783952900860.9656,7194,teach_record_20260713_222814_color.mp4
193,6.44825983,1783952900.97416377,862613.47642200,1783952900894.3298,7195,teach_record_20260713_222814_color.mp4
194,6.48095798,1783952901.00686193,862613.50916460,1783952900927.6938,7196,teach_record_20260713_222814_color.mp4
195,6.51430964,1783952901.04021358,862613.54244230,1783952900961.0579,7197,teach_record_20260713_222814_color.mp4
196,6.54764748,1783952901.07355142,862613.57566870,1783952900994.4221,7198,teach_record_20260713_222814_color.mp4
197,6.58103681,1783952901.10694075,862613.60885780,1783952901027.7861,7199,teach_record_20260713_222814_color.mp4
198,6.61367536,1783952901.13957930,862613.64210100,1783952901061.1501,7200,teach_record_20260713_222814_color.mp4
199,6.64763427,1783952901.17353821,862613.67579640,1783952901094.5144,7201,teach_record_20260713_222814_color.mp4
200,6.68326402,1783952901.20916796,862613.71114520,1783952901127.8784,7202,teach_record_20260713_222814_color.mp4
201,6.71446300,1783952901.24036694,862613.74227290,1783952901161.2427,7203,teach_record_20260713_222814_color.mp4
202,6.74750280,1783952901.27340674,862613.77558830,1783952901194.6067,7204,teach_record_20260713_222814_color.mp4
203,6.78084517,1783952901.30674911,862613.80904380,1783952901227.9709,7205,teach_record_20260713_222814_color.mp4
204,6.81438398,1783952901.34028792,862613.84276880,1783952901261.3345,7206,teach_record_20260713_222814_color.mp4
205,6.84866524,1783952901.37456918,862613.87736530,1783952901294.7007,7207,teach_record_20260713_222814_color.mp4
206,6.88183355,1783952901.40773749,862613.90958870,1783952901328.0669,7208,teach_record_20260713_222814_color.mp4
207,6.91496515,1783952901.44086909,862613.94293110,1783952901361.4333,7209,teach_record_20260713_222814_color.mp4
208,6.94768167,1783952901.47358561,862613.97610410,1783952901394.7998,7210,teach_record_20260713_222814_color.mp4
209,6.98211765,1783952901.50802159,862614.00991870,1783952901428.1660,7211,teach_record_20260713_222814_color.mp4
210,7.01366305,1783952901.53956699,862614.04239200,1783952901461.5325,7212,teach_record_20260713_222814_color.mp4
211,7.04737997,1783952901.57328391,862614.07602330,1783952901494.8992,7213,teach_record_20260713_222814_color.mp4
212,7.08124709,1783952901.60715103,862614.10947550,1783952901528.2656,7214,teach_record_20260713_222814_color.mp4
213,7.11493111,1783952901.64083505,862614.14371450,1783952901561.6321,7215,teach_record_20260713_222814_color.mp4
214,7.14844561,1783952901.67434955,862614.17665040,1783952901594.9988,7216,teach_record_20260713_222814_color.mp4
215,7.18230605,1783952901.70820999,862614.21035830,1783952901628.3652,7217,teach_record_20260713_222814_color.mp4
216,7.21388841,1783952901.73979235,862614.24248590,1783952901661.7319,7218,teach_record_20260713_222814_color.mp4
217,7.24819613,1783952901.77410007,862614.27640190,1783952901695.0986,7219,teach_record_20260713_222814_color.mp4
218,7.28149056,1783952901.80739450,862614.30917600,1783952901728.4653,7220,teach_record_20260713_222814_color.mp4
219,7.31543493,1783952901.84133887,862614.34312400,1783952901761.8323,7221,teach_record_20260713_222814_color.mp4
220,7.34803939,1783952901.87394333,862614.37640740,1783952901795.1990,7222,teach_record_20260713_222814_color.mp4
221,7.38217258,1783952901.90807652,862614.41021760,1783952901828.5659,7223,teach_record_20260713_222814_color.mp4
222,7.41510391,1783952901.94100785,862614.44355010,1783952901861.9326,7224,teach_record_20260713_222814_color.mp4
223,7.44902182,1783952901.97492576,862614.47675860,1783952901895.2996,7225,teach_record_20260713_222814_color.mp4
224,7.48103762,1783952902.00694156,862614.51019230,1783952901928.6665,7226,teach_record_20260713_222814_color.mp4
225,7.51523352,1783952902.04113746,862614.54298390,1783952901962.0334,7227,teach_record_20260713_222814_color.mp4
226,7.54732537,1783952902.07322931,862614.57612090,1783952901995.4006,7228,teach_record_20260713_222814_color.mp4
227,7.58399892,1783952902.10990286,862614.61204190,1783952902028.7676,7229,teach_record_20260713_222814_color.mp4
228,7.61522865,1783952902.14113259,862614.64323050,1783952902062.1348,7230,teach_record_20260713_222814_color.mp4
229,7.64983511,1783952902.17573905,862614.67788010,1783952902095.5020,7231,teach_record_20260713_222814_color.mp4
230,7.68305635,1783952902.20896029,862614.71071860,1783952902128.8689,7232,teach_record_20260713_222814_color.mp4
231,7.71549582,1783952902.24139977,862614.74350090,1783952902162.2361,7233,teach_record_20260713_222814_color.mp4
232,7.74976778,1783952902.27567172,862614.77762500,1783952902195.6035,7234,teach_record_20260713_222814_color.mp4
233,7.78195691,1783952902.30786085,862614.80971350,1783952902228.9707,7235,teach_record_20260713_222814_color.mp4
234,7.81565142,1783952902.34155536,862614.84344980,1783952902262.3379,7236,teach_record_20260713_222814_color.mp4
235,7.85064960,1783952902.37655354,862614.87880870,1783952902295.7019,7237,teach_record_20260713_222814_color.mp4
236,7.88201714,1783952902.40792108,862614.90981370,1783952902329.0654,7238,teach_record_20260713_222814_color.mp4
237,7.91623545,1783952902.44213939,862614.94403040,1783952902362.4287,7239,teach_record_20260713_222814_color.mp4
238,7.95040202,1783952902.47630596,862614.97847090,1783952902395.7920,7240,teach_record_20260713_222814_color.mp4
239,7.98316956,1783952902.50907350,862615.01076740,1783952902429.1553,7241,teach_record_20260713_222814_color.mp4
240,8.01670289,1783952902.54260683,862615.04430490,1783952902462.5186,7242,teach_record_20260713_222814_color.mp4
241,8.05009532,1783952902.57599926,862615.07780150,1783952902495.8818,7243,teach_record_20260713_222814_color.mp4
242,8.08293271,1783952902.60883665,862615.11074600,1783952902529.2451,7244,teach_record_20260713_222814_color.mp4
243,8.11645389,1783952902.64235783,862615.14414150,1783952902562.6084,7245,teach_record_20260713_222814_color.mp4
244,8.14890575,1783952902.67480969,862615.17645380,1783952902595.9714,7246,teach_record_20260713_222814_color.mp4
245,8.18236899,1783952902.70827293,862615.21021340,1783952902629.3347,7247,teach_record_20260713_222814_color.mp4
246,8.21510530,1783952902.74100924,862615.24352870,1783952902662.6980,7248,teach_record_20260713_222814_color.mp4
247,8.24908209,1783952902.77498603,862615.27758440,1783952902696.0613,7249,teach_record_20260713_222814_color.mp4
248,8.28371716,1783952902.80962110,862615.31140210,1783952902729.4246,7250,teach_record_20260713_222814_color.mp4
249,8.31565642,1783952902.84156036,862615.34320570,1783952902762.7878,7251,teach_record_20260713_222814_color.mp4
250,8.34975004,1783952902.87565398,862615.37732370,1783952902796.1511,7252,teach_record_20260713_222814_color.mp4
251,8.38252020,1783952902.90842414,862615.41039310,1783952902829.5144,7253,teach_record_20260713_222814_color.mp4
252,8.41622591,1783952902.94212985,862615.44377930,1783952902862.8774,7254,teach_record_20260713_222814_color.mp4
253,8.45020366,1783952902.97610760,862615.47812280,1783952902896.2407,7255,teach_record_20260713_222814_color.mp4
254,8.48215914,1783952903.00806308,862615.51005060,1783952902929.6040,7256,teach_record_20260713_222814_color.mp4
255,8.51566792,1783952903.04157186,862615.54378570,1783952902962.9673,7257,teach_record_20260713_222814_color.mp4
256,8.54943180,1783952903.07533574,862615.57728220,1783952902996.3303,7258,teach_record_20260713_222814_color.mp4
257,8.58386946,1783952903.10977340,862615.61161840,1783952903029.6936,7259,teach_record_20260713_222814_color.mp4
258,8.61588979,1783952903.14179373,862615.64462540,1783952903063.0569,7260,teach_record_20260713_222814_color.mp4
259,8.64945960,1783952903.17536354,862615.67699300,1783952903096.4199,7261,teach_record_20260713_222814_color.mp4
260,8.68390846,1783952903.20981240,862615.71167850,1783952903129.7832,7262,teach_record_20260713_222814_color.mp4
261,8.71605515,1783952903.24195910,862615.74435120,1783952903163.1465,7263,teach_record_20260713_222814_color.mp4
262,8.74931121,1783952903.27521515,862615.77738370,1783952903196.5095,7264,teach_record_20260713_222814_color.mp4
263,8.78281379,1783952903.30871773,862615.81035600,1783952903229.8728,7265,teach_record_20260713_222814_color.mp4
264,8.81630588,1783952903.34220982,862615.84383230,1783952903263.2361,7266,teach_record_20260713_222814_color.mp4
265,8.85007262,1783952903.37597656,862615.87786080,1783952903296.5991,7267,teach_record_20260713_222814_color.mp4
266,8.88214254,1783952903.40804648,862615.91045460,1783952903329.9631,7268,teach_record_20260713_222814_color.mp4
267,8.91625166,1783952903.44215560,862615.94377870,1783952903363.3257,7269,teach_record_20260713_222814_color.mp4
268,8.94916177,1783952903.47506571,862615.97751560,1783952903396.6882,7270,teach_record_20260713_222814_color.mp4
269,8.98329449,1783952903.50919843,862616.01084810,1783952903430.0508,7271,teach_record_20260713_222814_color.mp4
270,9.01614451,1783952903.54204845,862616.04443350,1783952903463.4133,7272,teach_record_20260713_222814_color.mp4
271,9.04906130,1783952903.57496524,862616.07742700,1783952903496.7759,7273,teach_record_20260713_222814_color.mp4
272,9.08302546,1783952903.60892940,862616.11127690,1783952903530.1384,7274,teach_record_20260713_222814_color.mp4
273,9.11615348,1783952903.64205742,862616.14392160,1783952903563.5010,7275,teach_record_20260713_222814_color.mp4
274,9.15081382,1783952903.67671776,862616.17883990,1783952903596.8633,7276,teach_record_20260713_222814_color.mp4
275,9.18266702,1783952903.70857096,862616.21095780,1783952903630.2258,7277,teach_record_20260713_222814_color.mp4
276,9.21705699,1783952903.74296093,862616.24444540,1783952903663.5884,7278,teach_record_20260713_222814_color.mp4
277,9.24909806,1783952903.77500200,862616.27722630,1783952903696.9509,7279,teach_record_20260713_222814_color.mp4
278,9.28398705,1783952903.80989099,862616.31166340,1783952903730.3132,7280,teach_record_20260713_222814_color.mp4
279,9.31712651,1783952903.84303045,862616.34462200,1783952903763.6758,7281,teach_record_20260713_222814_color.mp4
280,9.35010791,1783952903.87601185,862616.37808180,1783952903797.0383,7282,teach_record_20260713_222814_color.mp4
281,9.38349485,1783952903.90939879,862616.41167050,1783952903830.4006,7283,teach_record_20260713_222814_color.mp4
282,9.41647935,1783952903.94238329,862616.44405090,1783952903863.7632,7284,teach_record_20260713_222814_color.mp4
283,9.45076609,1783952903.97667003,862616.47835100,1783952903897.1257,7285,teach_record_20260713_222814_color.mp4
284,9.48424244,1783952904.01014638,862616.51168360,1783952903930.4880,7286,teach_record_20260713_222814_color.mp4
285,9.51650476,1783952904.04240870,862616.54480250,1783952903963.8506,7287,teach_record_20260713_222814_color.mp4
286,9.55078149,1783952904.07668543,862616.57866520,1783952903997.2129,7288,teach_record_20260713_222814_color.mp4
287,9.58381653,1783952904.10972047,862616.61121350,1783952904030.5754,7289,teach_record_20260713_222814_color.mp4
288,9.61899877,1783952904.14490271,862616.64654010,1783952904063.9377,7290,teach_record_20260713_222814_color.mp4
289,9.65047407,1783952904.17637801,862616.67837080,1783952904097.3003,7291,teach_record_20260713_222814_color.mp4
290,9.68357420,1783952904.20947814,862616.71116980,1783952904130.6626,7292,teach_record_20260713_222814_color.mp4
291,9.71655679,1783952904.24246073,862616.74478670,1783952904164.0251,7293,teach_record_20260713_222814_color.mp4
292,9.75100017,1783952904.27690411,862616.77893760,1783952904197.3875,7294,teach_record_20260713_222814_color.mp4
293,9.78358221,1783952904.30948615,862616.81157750,1783952904230.7498,7295,teach_record_20260713_222814_color.mp4
294,9.81787825,1783952904.34378219,862616.84551450,1783952904264.1123,7296,teach_record_20260713_222814_color.mp4
295,9.84966660,1783952904.37557054,862616.87782580,1783952904297.4746,7297,teach_record_20260713_222814_color.mp4
296,9.88613272,1783952904.41203666,862616.91350590,1783952904330.8372,7298,teach_record_20260713_222814_color.mp4
297,9.91900969,1783952904.44491363,862616.94656090,1783952904364.2009,7299,teach_record_20260713_222814_color.mp4
298,9.95156002,1783952904.47746396,862616.97889890,1783952904397.5647,7300,teach_record_20260713_222814_color.mp4
299,9.98431087,1783952904.51021481,862617.01183410,1783952904430.9285,7301,teach_record_20260713_222814_color.mp4
300,10.01741195,1783952904.54331589,862617.04501680,1783952904464.2920,7302,teach_record_20260713_222814_color.mp4
301,10.04999495,1783952904.57589889,862617.07798530,1783952904497.6558,7303,teach_record_20260713_222814_color.mp4
302,10.08550644,1783952904.61141038,862617.11295150,1783952904531.0195,7304,teach_record_20260713_222814_color.mp4
303,10.11558604,1783952904.64148998,862617.14459450,1783952904564.3831,7305,teach_record_20260713_222814_color.mp4
304,10.15227675,1783952904.67818069,862617.18010250,1783952904597.7468,7306,teach_record_20260713_222814_color.mp4
305,10.18393731,1783952904.70984125,862617.21131090,1783952904631.1106,7307,teach_record_20260713_222814_color.mp4
306,10.21799636,1783952904.74390030,862617.24526570,1783952904664.4741,7308,teach_record_20260713_222814_color.mp4
307,10.25119233,1783952904.77709627,862617.27838210,1783952904697.8379,7309,teach_record_20260713_222814_color.mp4
308,10.28564978,1783952904.81155372,862617.31289190,1783952904731.2017,7310,teach_record_20260713_222814_color.mp4
309,10.31843877,1783952904.84434271,862617.34574230,1783952904764.5652,7311,teach_record_20260713_222814_color.mp4
310,10.35141563,1783952904.87731957,862617.37877190,1783952904797.9290,7312,teach_record_20260713_222814_color.mp4
311,10.38648629,1783952904.91239023,862617.41365790,1783952904831.2927,7313,teach_record_20260713_222814_color.mp4
312,10.41791129,1783952904.94381523,862617.44554150,1783952904864.6562,7314,teach_record_20260713_222814_color.mp4
313,10.45145917,1783952904.97736311,862617.47870100,1783952904898.0200,7315,teach_record_20260713_222814_color.mp4
314,10.48403215,1783952905.00993609,862617.51188740,1783952904931.3835,7316,teach_record_20260713_222814_color.mp4
315,10.51929307,1783952905.04519701,862617.54675120,1783952904964.7473,7317,teach_record_20260713_222814_color.mp4
316,10.55129337,1783952905.07719731,862617.57978990,1783952904998.1108,7318,teach_record_20260713_222814_color.mp4
317,10.58667088,1783952905.11257482,862617.61452090,1783952905031.4746,7319,teach_record_20260713_222814_color.mp4
318,10.61827588,1783952905.14417982,862617.64555020,1783952905064.8381,7320,teach_record_20260713_222814_color.mp4
319,10.65129852,1783952905.17720246,862617.67841010,1783952905098.2019,7321,teach_record_20260713_222814_color.mp4
320,10.68659425,1783952905.21249819,862617.71398830,1783952905131.5654,7322,teach_record_20260713_222814_color.mp4
321,10.71966600,1783952905.24556994,862617.74691260,1783952905164.9292,7323,teach_record_20260713_222814_color.mp4
322,10.75231075,1783952905.27821469,862617.77982020,1783952905198.2927,7324,teach_record_20260713_222814_color.mp4
323,10.78433323,1783952905.31023717,862617.81228260,1783952905231.6565,7325,teach_record_20260713_222814_color.mp4
324,10.81995153,1783952905.34585547,862617.84821530,1783952905265.0200,7326,teach_record_20260713_222814_color.mp4
325,10.85194325,1783952905.37784719,862617.87930140,1783952905298.3838,7327,teach_record_20260713_222814_color.mp4
326,10.88471127,1783952905.41061521,862617.91254630,1783952905331.7473,7328,teach_record_20260713_222814_color.mp4
327,10.91819477,1783952905.44409871,862617.94544020,1783952905365.1111,7329,teach_record_20260713_222814_color.mp4
328,10.95219898,1783952905.47810292,862617.97932720,1783952905398.4749,7330,teach_record_20260713_222814_color.mp4
329,10.98710370,1783952905.51300764,862618.01415710,1783952905431.8364,7331,teach_record_20260713_222814_color.mp4
330,11.01931715,1783952905.54522109,862618.04659400,1783952905465.1978,7332,teach_record_20260713_222814_color.mp4
331,11.05145884,1783952905.57736278,862618.07941230,1783952905498.5593,7333,teach_record_20260713_222814_color.mp4
332,11.08532906,1783952905.61123300,862618.11265550,1783952905531.9209,7334,teach_record_20260713_222814_color.mp4
333,11.11915946,1783952905.64506340,862618.14631770,1783952905565.2822,7335,teach_record_20260713_222814_color.mp4
334,11.15086651,1783952905.67677045,862618.17879650,1783952905598.6438,7336,teach_record_20260713_222814_color.mp4
335,11.18542099,1783952905.71132493,862618.21250540,1783952905632.0051,7337,teach_record_20260713_222814_color.mp4
336,11.21825624,1783952905.74416018,862618.24590710,1783952905665.3665,7338,teach_record_20260713_222814_color.mp4
337,11.25087857,1783952905.77678251,862618.27875730,1783952905698.7278,7339,teach_record_20260713_222814_color.mp4
338,11.28571796,1783952905.81162190,862618.31289080,1783952905732.0891,7340,teach_record_20260713_222814_color.mp4
339,11.31813598,1783952905.84403992,862618.34576960,1783952905765.4507,7341,teach_record_20260713_222814_color.mp4
340,11.35250974,1783952905.87841368,862618.37956900,1783952905798.8120,7342,teach_record_20260713_222814_color.mp4
341,11.38563442,1783952905.91153836,862618.41266680,1783952905832.1731,7343,teach_record_20260713_222814_color.mp4
342,11.42034340,1783952905.94624734,862618.44825060,1783952905865.5344,7344,teach_record_20260713_222814_color.mp4
343,11.45184660,1783952905.97775054,862618.47950910,1783952905898.8958,7345,teach_record_20260713_222814_color.mp4
344,11.48547459,1783952906.01137853,862618.51254340,1783952905932.2571,7346,teach_record_20260713_222814_color.mp4
345,11.51857948,1783952906.04448342,862618.54631940,1783952905965.6184,7347,teach_record_20260713_222814_color.mp4
346,11.55236125,1783952906.07826519,862618.57962780,1783952905998.9795,7348,teach_record_20260713_222814_color.mp4
347,11.58629918,1783952906.11220312,862618.61357190,1783952906032.3408,7349,teach_record_20260713_222814_color.mp4
348,11.61855626,1783952906.14446020,862618.64557060,1783952906065.7019,7350,teach_record_20260713_222814_color.mp4
349,11.65210032,1783952906.17800426,862618.67952270,1783952906099.0632,7351,teach_record_20260713_222814_color.mp4
350,11.68560863,1783952906.21151257,862618.71263490,1783952906132.4243,7352,teach_record_20260713_222814_color.mp4
351,11.71947622,1783952906.24538016,862618.74639970,1783952906165.7854,7353,teach_record_20260713_222814_color.mp4
352,11.75168157,1783952906.27758551,862618.77946110,1783952906199.1465,7354,teach_record_20260713_222814_color.mp4
353,11.78520370,1783952906.31110764,862618.81254960,1783952906232.5076,7355,teach_record_20260713_222814_color.mp4
354,11.82113171,1783952906.34703565,862618.84850200,1783952906265.8687,7356,teach_record_20260713_222814_color.mp4
355,11.85238767,1783952906.37829161,862618.87936620,1783952906299.2297,7357,teach_record_20260713_222814_color.mp4
356,11.88582492,1783952906.41172886,862618.91292420,1783952906332.5908,7358,teach_record_20260713_222814_color.mp4
357,11.91931081,1783952906.44521475,862618.94648820,1783952906365.9519,7359,teach_record_20260713_222814_color.mp4
358,11.95221877,1783952906.47812271,862618.97979630,1783952906399.3130,7360,teach_record_20260713_222814_color.mp4
359,11.98673248,1783952906.51263642,862619.01377450,1783952906432.6768,7361,teach_record_20260713_222814_color.mp4
360,12.01952505,1783952906.54542899,862619.04679390,1783952906466.0396,7362,teach_record_20260713_222814_color.mp4
361,12.05235171,1783952906.57825565,862619.08008970,1783952906499.4026,7363,teach_record_20260713_222814_color.mp4
362,12.08622336,1783952906.61212730,862619.11319540,1783952906532.7654,7364,teach_record_20260713_222814_color.mp4
363,12.11813569,1783952906.64403963,862619.14611500,1783952906566.1282,7365,teach_record_20260713_222814_color.mp4
364,12.15188265,1783952906.67778659,862619.18001540,1783952906599.4912,7366,teach_record_20260713_222814_color.mp4
365,12.18652153,1783952906.71242547,862619.21383900,1783952906632.8540,7367,teach_record_20260713_222814_color.mp4
366,12.22025919,1783952906.74616313,862619.24806940,1783952906666.2168,7368,teach_record_20260713_222814_color.mp4
367,12.25235343,1783952906.77825737,862619.27955420,1783952906699.5798,7369,teach_record_20260713_222814_color.mp4
368,12.28574586,1783952906.81164980,862619.31304250,1783952906732.9426,7370,teach_record_20260713_222814_color.mp4
369,12.31791377,1783952906.84381771,862619.34609700,1783952906766.3054,7371,teach_record_20260713_222814_color.mp4
370,12.35248590,1783952906.87838984,862619.38001460,1783952906799.6682,7372,teach_record_20260713_222814_color.mp4
371,12.38687825,1783952906.91278219,862619.41409450,1783952906833.0310,7373,teach_record_20260713_222814_color.mp4
372,12.42046499,1783952906.94636893,862619.44726450,1783952906866.3938,7374,teach_record_20260713_222814_color.mp4
373,12.45178342,1783952906.97768736,862619.47974470,1783952906899.7566,7375,teach_record_20260713_222814_color.mp4
374,12.48669147,1783952907.01259542,862619.51352290,1783952906933.1194,7376,teach_record_20260713_222814_color.mp4
375,12.51961398,1783952907.04551792,862619.54706820,1783952906966.4822,7377,teach_record_20260713_222814_color.mp4
376,12.55335879,1783952907.07926273,862619.58022670,1783952906999.8450,7378,teach_record_20260713_222814_color.mp4
377,12.58590913,1783952907.11181307,862619.61338660,1783952907033.2078,7379,teach_record_20260713_222814_color.mp4
378,12.61955643,1783952907.14546037,862619.64673620,1783952907066.5706,7380,teach_record_20260713_222814_color.mp4
379,12.65284348,1783952907.17874742,862619.67976320,1783952907099.9333,7381,teach_record_20260713_222814_color.mp4
380,12.68616748,1783952907.21207142,862619.71338150,1783952907133.2961,7382,teach_record_20260713_222814_color.mp4
381,12.72048950,1783952907.24639344,862619.74748830,1783952907166.6589,7383,teach_record_20260713_222814_color.mp4
382,12.75437713,1783952907.28028107,862619.78125750,1783952907200.0217,7384,teach_record_20260713_222814_color.mp4
383,12.78510594,1783952907.31100988,862619.81318430,1783952907233.3843,7385,teach_record_20260713_222814_color.mp4
384,12.82019496,1783952907.34609890,862619.84841240,1783952907266.7471,7386,teach_record_20260713_222814_color.mp4
385,12.85226369,1783952907.37816763,862619.88033730,1783952907300.1099,7387,teach_record_20260713_222814_color.mp4
386,12.88641119,1783952907.41231513,862619.91335700,1783952907333.4724,7388,teach_record_20260713_222814_color.mp4
387,12.92067862,1783952907.44658256,862619.94783960,1783952907366.8352,7389,teach_record_20260713_222814_color.mp4
388,12.95408106,1783952907.47998500,862619.98107540,1783952907400.1978,7390,teach_record_20260713_222814_color.mp4
389,12.98690248,1783952907.51280642,862620.01446670,1783952907433.5605,7391,teach_record_20260713_222814_color.mp4
390,13.01986527,1783952907.54576921,862620.04672280,1783952907466.9241,7392,teach_record_20260713_222814_color.mp4
391,13.05363417,1783952907.57953811,862620.08073810,1783952907500.2910,7393,teach_record_20260713_222814_color.mp4
392,13.08664465,1783952907.61254859,862620.11434150,1783952907533.6580,7394,teach_record_20260713_222814_color.mp4
393,13.12009501,1783952907.64599895,862620.14708400,1783952907567.0251,7395,teach_record_20260713_222814_color.mp4
394,13.15499353,1783952907.68089747,862620.18188460,1783952907600.3921,7396,teach_record_20260713_222814_color.mp4
395,13.18742418,1783952907.71332812,862620.21444220,1783952907633.7590,7397,teach_record_20260713_222814_color.mp4
396,13.22015285,1783952907.74605680,862620.24776310,1783952907667.1262,7398,teach_record_20260713_222814_color.mp4
397,13.25371075,1783952907.77961469,862620.28091430,1783952907700.4932,7399,teach_record_20260713_222814_color.mp4
398,13.28758454,1783952907.81348848,862620.31426320,1783952907733.8604,7400,teach_record_20260713_222814_color.mp4
399,13.32017899,1783952907.84608293,862620.34723940,1783952907767.2275,7401,teach_record_20260713_222814_color.mp4
400,13.35349035,1783952907.87939429,862620.38033190,1783952907800.5945,7402,teach_record_20260713_222814_color.mp4
401,13.38662982,1783952907.91253376,862620.41368550,1783952907833.9617,7403,teach_record_20260713_222814_color.mp4
402,13.42013478,1783952907.94603872,862620.44821490,1783952907867.3289,7404,teach_record_20260713_222814_color.mp4
403,13.45377755,1783952907.97968149,862620.48144280,1783952907900.6960,7405,teach_record_20260713_222814_color.mp4
404,13.48739529,1783952908.01329923,862620.51492420,1783952907934.0632,7406,teach_record_20260713_222814_color.mp4
405,13.52048707,1783952908.04639101,862620.54707260,1783952907967.4304,7407,teach_record_20260713_222814_color.mp4
406,13.55394888,1783952908.07985282,862620.58061250,1783952908000.7979,7408,teach_record_20260713_222814_color.mp4
407,13.58751035,1783952908.11341429,862620.61484220,1783952908034.1650,7409,teach_record_20260713_222814_color.mp4
408,13.62019610,1783952908.14610004,862620.64774950,1783952908067.5322,7410,teach_record_20260713_222814_color.mp4
409,13.65353489,1783952908.17943883,862620.68108980,1783952908100.8997,7411,teach_record_20260713_222814_color.mp4
410,13.68867159,1783952908.21457553,862620.71532940,1783952908134.2668,7412,teach_record_20260713_222814_color.mp4
411,13.72094989,1783952908.24685383,862620.74767580,1783952908167.6343,7413,teach_record_20260713_222814_color.mp4
412,13.75419784,1783952908.28010178,862620.78200270,1783952908201.0015,7414,teach_record_20260713_222814_color.mp4
413,13.78692389,1783952908.31282783,862620.81444270,1783952908234.3689,7415,teach_record_20260713_222814_color.mp4
414,13.82073522,1783952908.34663916,862620.84830280,1783952908267.7363,7416,teach_record_20260713_222814_color.mp4
415,13.85538626,1783952908.38129020,862620.88202350,1783952908301.1038,7417,teach_record_20260713_222814_color.mp4
416,13.88760114,1783952908.41350508,862620.91489860,1783952908334.4712,7418,teach_record_20260713_222814_color.mp4
417,13.92145562,1783952908.44735956,862620.94818320,1783952908367.8386,7419,teach_record_20260713_222814_color.mp4
418,13.95404625,1783952908.47995019,862620.98140740,1783952908401.2061,7420,teach_record_20260713_222814_color.mp4
419,13.98773146,1783952908.51363540,862621.01469460,1783952908434.5735,7421,teach_record_20260713_222814_color.mp4
420,14.02096272,1783952908.54686666,862621.04777190,1783952908467.9409,7422,teach_record_20260713_222814_color.mp4
421,14.05492568,1783952908.58082962,862621.08149570,1783952908501.3047,7423,teach_record_20260713_222814_color.mp4
422,14.08820724,1783952908.61411119,862621.11545130,1783952908534.6650,7424,teach_record_20260713_222814_color.mp4
423,14.12135911,1783952908.64726305,862621.14806780,1783952908568.0254,7425,teach_record_20260713_222814_color.mp4
424,14.15444469,1783952908.68034863,862621.18108010,1783952908601.3857,7426,teach_record_20260713_222814_color.mp4
425,14.18686867,1783952908.71277261,862621.21426460,1783952908634.7458,7427,teach_record_20260713_222814_color.mp4
426,14.22113156,1783952908.74703550,862621.24767270,1783952908668.1062,7428,teach_record_20260713_222814_color.mp4
427,14.25460029,1783952908.78050423,862621.28133640,1783952908701.4663,7429,teach_record_20260713_222814_color.mp4
428,14.28765583,1783952908.81355977,862621.31459030,1783952908734.8264,7430,teach_record_20260713_222814_color.mp4
429,14.32114697,1783952908.84705091,862621.34763230,1783952908768.1865,7431,teach_record_20260713_222814_color.mp4
430,14.35501432,1783952908.88091826,862621.38228750,1783952908801.5466,7432,teach_record_20260713_222814_color.mp4
431,14.38748240,1783952908.91338634,862621.41490590,1783952908834.9067,7433,teach_record_20260713_222814_color.mp4
432,14.42181993,1783952908.94772387,862621.44825480,1783952908868.2668,7434,teach_record_20260713_222814_color.mp4
433,14.45518899,1783952908.98109293,862621.48186160,1783952908901.6270,7435,teach_record_20260713_222814_color.mp4
434,14.48883843,1783952909.01474237,862621.51620020,1783952908934.9868,7436,teach_record_20260713_222814_color.mp4
435,14.52220273,1783952909.04810667,862621.54877480,1783952908968.3469,7437,teach_record_20260713_222814_color.mp4
436,14.55451608,1783952909.08042002,862621.58182520,1783952909001.7068,7438,teach_record_20260713_222814_color.mp4
437,14.58805966,1783952909.11396360,862621.61520860,1783952909035.0667,7439,teach_record_20260713_222814_color.mp4
438,14.62045360,1783952909.14635754,862621.64803920,1783952909068.4265,7440,teach_record_20260713_222814_color.mp4
439,14.65727735,1783952909.18318129,862621.68376600,1783952909101.7864,7441,teach_record_20260713_222814_color.mp4
440,14.68814826,1783952909.21405220,862621.71497200,1783952909135.1462,7442,teach_record_20260713_222814_color.mp4
441,14.72350001,1783952909.24940395,862621.75021730,1783952909168.5061,7443,teach_record_20260713_222814_color.mp4
442,14.75497270,1783952909.28087664,862621.78182010,1783952909201.8660,7444,teach_record_20260713_222814_color.mp4
443,14.78987145,1783952909.31577539,862621.81663360,1783952909235.2256,7445,teach_record_20260713_222814_color.mp4
444,14.82053900,1783952909.34644294,862621.84839270,1783952909268.5854,7446,teach_record_20260713_222814_color.mp4
445,14.85447407,1783952909.38037801,862621.88228750,1783952909301.9451,7447,teach_record_20260713_222814_color.mp4
446,14.88797021,1783952909.41387415,862621.91524040,1783952909335.3047,7448,teach_record_20260713_222814_color.mp4
447,14.92106819,1783952909.44697213,862621.94831470,1783952909368.6643,7449,teach_record_20260713_222814_color.mp4
448,14.95530891,1783952909.48121285,862621.98259760,1783952909402.0239,7450,teach_record_20260713_222814_color.mp4
449,14.98790312,1783952909.51380706,862622.01515100,1783952909435.3835,7451,teach_record_20260713_222814_color.mp4
450,15.02212238,1783952909.54802632,862622.04869550,1783952909468.7432,7452,teach_record_20260713_222814_color.mp4
451,15.05555010,1783952909.58145404,862622.08199420,1783952909502.1028,7453,teach_record_20260713_222814_color.mp4
452,15.08828855,1783952909.61419249,862622.11549580,1783952909535.4661,7454,teach_record_20260713_222814_color.mp4
453,15.12128854,1783952909.64719248,862622.14910780,1783952909568.8296,7455,teach_record_20260713_222814_color.mp4
454,15.15537333,1783952909.68127728,862622.18244360,1783952909602.1931,7456,teach_record_20260713_222814_color.mp4
455,15.18869019,1783952909.71459413,862622.21526150,1783952909635.5564,7457,teach_record_20260713_222814_color.mp4
456,15.22151256,1783952909.74741650,862622.24847840,1783952909668.9199,7458,teach_record_20260713_222814_color.mp4
457,15.25473356,1783952909.78063750,862622.28178300,1783952909702.2834,7459,teach_record_20260713_222814_color.mp4
458,15.28950286,1783952909.81540680,862622.31622600,1783952909735.6470,7460,teach_record_20260713_222814_color.mp4
459,15.32056832,1783952909.84647226,862622.34845170,1783952909769.0105,7461,teach_record_20260713_222814_color.mp4
460,15.35593390,1783952909.88183784,862622.38234080,1783952909802.3738,7462,teach_record_20260713_222814_color.mp4
461,15.38781166,1783952909.91371560,862622.41509620,1783952909835.7373,7463,teach_record_20260713_222814_color.mp4
462,15.42072296,1783952909.94662690,862622.44861250,1783952909869.1008,7464,teach_record_20260713_222814_color.mp4
463,15.45608640,1783952909.98199034,862622.48280910,1783952909902.4644,7465,teach_record_20260713_222814_color.mp4
464,15.48775554,1783952910.01365948,862622.51549790,1783952909935.8279,7466,teach_record_20260713_222814_color.mp4
465,15.52418232,1783952910.05008626,862622.55046750,1783952909969.1914,7467,teach_record_20260713_222814_color.mp4
466,15.55636382,1783952910.08226776,862622.58325970,1783952910002.5547,7468,teach_record_20260713_222814_color.mp4
467,15.58955002,1783952910.11545396,862622.61592030,1783952910035.9182,7469,teach_record_20260713_222814_color.mp4
468,15.62324023,1783952910.14914417,862622.64989470,1783952910069.2817,7470,teach_record_20260713_222814_color.mp4
469,15.65797210,1783952910.18387604,862622.68508330,1783952910102.6453,7471,teach_record_20260713_222814_color.mp4
470,15.68912864,1783952910.21503258,862622.71543770,1783952910136.0088,7472,teach_record_20260713_222814_color.mp4
471,15.72283053,1783952910.24873447,862622.74913670,1783952910169.3723,7473,teach_record_20260713_222814_color.mp4
472,15.75747633,1783952910.28338027,862622.78400530,1783952910202.7358,7474,teach_record_20260713_222814_color.mp4
473,15.79018927,1783952910.31609321,862622.81637910,1783952910236.0994,7475,teach_record_20260713_222814_color.mp4
474,15.82291102,1783952910.34881496,862622.84913130,1783952910269.4629,7476,teach_record_20260713_222814_color.mp4
475,15.85691094,1783952910.38281488,862622.88328190,1783952910302.8264,7477,teach_record_20260713_222814_color.mp4
476,15.88898301,1783952910.41488695,862622.91563180,1783952910336.1899,7478,teach_record_20260713_222814_color.mp4
477,15.92263055,1783952910.44853449,862622.94894350,1783952910369.5535,7479,teach_record_20260713_222814_color.mp4
478,15.95733452,1783952910.48323846,862622.98353650,1783952910402.9170,7480,teach_record_20260713_222814_color.mp4
479,15.99025512,1783952910.51615906,862623.01708720,1783952910436.2808,7481,teach_record_20260713_222814_color.mp4
480,16.02294254,1783952910.54884648,862623.04951420,1783952910469.6443,7482,teach_record_20260713_222814_color.mp4
481,16.05614781,1783952910.58205175,862623.08273810,1783952910503.0078,7483,teach_record_20260713_222814_color.mp4
482,16.08946204,1783952910.61536598,862623.11608750,1783952910536.3713,7484,teach_record_20260713_222814_color.mp4
483,16.12405872,1783952910.64996266,862623.15044330,1783952910569.7349,7485,teach_record_20260713_222814_color.mp4
484,16.15643334,1783952910.68233728,862623.18316510,1783952910603.0981,7486,teach_record_20260713_222814_color.mp4
485,16.18938112,1783952910.71528506,862623.21607800,1783952910636.4612,7487,teach_record_20260713_222814_color.mp4
486,16.22305250,1783952910.74895644,862623.24950790,1783952910669.8242,7488,teach_record_20260713_222814_color.mp4
487,16.25636554,1783952910.78226948,862623.28298980,1783952910703.1873,7489,teach_record_20260713_222814_color.mp4
488,16.29112744,1783952910.81703138,862623.31728140,1783952910736.5503,7490,teach_record_20260713_222814_color.mp4
489,16.32194495,1783952910.84784889,862623.34922680,1783952910769.9133,7491,teach_record_20260713_222814_color.mp4
490,16.35668778,1783952910.88259172,862623.38320880,1783952910803.2764,7492,teach_record_20260713_222814_color.mp4
491,16.39079881,1783952910.91670275,862623.41726080,1783952910836.6394,7493,teach_record_20260713_222814_color.mp4
492,16.42284107,1783952910.94874501,862623.44939470,1783952910870.0024,7494,teach_record_20260713_222814_color.mp4
493,16.45696759,1783952910.98287153,862623.48351360,1783952910903.3655,7495,teach_record_20260713_222814_color.mp4
494,16.49068928,1783952911.01659322,862623.51678810,1783952910936.7285,7496,teach_record_20260713_222814_color.mp4
495,16.52282572,1783952911.04872966,862623.54939580,1783952910970.0916,7497,teach_record_20260713_222814_color.mp4
496,16.55696678,1783952911.08287072,862623.58350880,1783952911003.4546,7498,teach_record_20260713_222814_color.mp4
497,16.59028387,1783952911.11618781,862623.61678090,1783952911036.8176,7499,teach_record_20260713_222814_color.mp4
498,16.62362385,1783952911.14952779,862623.64986390,1783952911070.1804,7500,teach_record_20260713_222814_color.mp4
499,16.65696120,1783952911.18286514,862623.68443440,1783952911103.5435,7501,teach_record_20260713_222814_color.mp4
500,16.69114757,1783952911.21705151,862623.71759450,1783952911136.9065,7502,teach_record_20260713_222814_color.mp4
501,16.72320151,1783952911.24910545,862623.75016640,1783952911170.2695,7503,teach_record_20260713_222814_color.mp4
502,16.75787044,1783952911.28377438,862623.78390510,1783952911203.6323,7504,teach_record_20260713_222814_color.mp4
503,16.79309916,1783952911.31900311,862623.81915890,1783952911236.9954,7505,teach_record_20260713_222814_color.mp4
504,16.82376075,1783952911.34966469,862623.84984980,1783952911270.3584,7506,teach_record_20260713_222814_color.mp4
505,16.85613060,1783952911.38203454,862623.88301000,1783952911303.7214,7507,teach_record_20260713_222814_color.mp4
506,16.89039254,1783952911.41629648,862623.91656210,1783952911337.0842,7508,teach_record_20260713_222814_color.mp4
507,16.92438602,1783952911.45028996,862623.95045740,1783952911370.4473,7509,teach_record_20260713_222814_color.mp4
508,16.95700049,1783952911.48290443,862623.98333180,1783952911403.8103,7510,teach_record_20260713_222814_color.mp4
509,16.99021029,1783952911.51611423,862624.01658910,1783952911437.1731,7511,teach_record_20260713_222814_color.mp4
510,17.02465701,1783952911.55056095,862624.05101190,1783952911470.5361,7512,teach_record_20260713_222814_color.mp4
511,17.05782485,1783952911.58372879,862624.08384130,1783952911503.8989,7513,teach_record_20260713_222814_color.mp4
512,17.09021950,1783952911.61612344,862624.11647900,1783952911537.2620,7514,teach_record_20260713_222814_color.mp4
513,17.12472534,1783952911.65062928,862624.15102600,1783952911570.6250,7515,teach_record_20260713_222814_color.mp4
514,17.15928197,1783952911.68518591,862624.18538450,1783952911603.9878,7516,teach_record_20260713_222814_color.mp4
515,17.19101763,1783952911.71692157,862624.21697720,1783952911637.3513,7517,teach_record_20260713_222814_color.mp4
516,17.22436261,1783952911.75026655,862624.25063930,1783952911670.7134,7518,teach_record_20260713_222814_color.mp4
517,17.25774336,1783952911.78364730,862624.28493420,1783952911704.0757,7519,teach_record_20260713_222814_color.mp4
518,17.29075193,1783952911.81665587,862624.31681550,1783952911737.4377,7520,teach_record_20260713_222814_color.mp4
519,17.32461929,1783952911.85052323,862624.35082510,1783952911770.8000,7521,teach_record_20260713_222814_color.mp4
520,17.35776067,1783952911.88366461,862624.38400910,1783952911804.1621,7522,teach_record_20260713_222814_color.mp4
521,17.39110398,1783952911.91700792,862624.41790880,1783952911837.5242,7523,teach_record_20260713_222814_color.mp4
522,17.42461133,1783952911.95051527,862624.45060100,1783952911870.8862,7524,teach_record_20260713_222814_color.mp4
523,17.45724010,1783952911.98314404,862624.48344630,1783952911904.2485,7525,teach_record_20260713_222814_color.mp4
524,17.49241495,1783952912.01831889,862624.51862530,1783952911937.6106,7526,teach_record_20260713_222814_color.mp4
525,17.52444410,1783952912.05034804,862624.55068930,1783952911970.9727,7527,teach_record_20260713_222814_color.mp4
526,17.55662274,1783952912.08252668,862624.58411670,1783952912004.3347,7528,teach_record_20260713_222814_color.mp4
527,17.59054708,1783952912.11645103,862624.61747830,1783952912037.6968,7529,teach_record_20260713_222814_color.mp4
528,17.62410164,1783952912.15000558,862624.65126480,1783952912071.0588,7530,teach_record_20260713_222814_color.mp4
529,17.65735435,1783952912.18325830,862624.68466780,1783952912104.4209,7531,teach_record_20260713_222814_color.mp4
530,17.69143605,1783952912.21733999,862624.71911280,1783952912137.7830,7532,teach_record_20260713_222814_color.mp4
531,17.72617269,1783952912.25207663,862624.75227340,1783952912171.1448,7533,teach_record_20260713_222814_color.mp4
532,17.75753736,1783952912.28344131,862624.78359370,1783952912204.5068,7534,teach_record_20260713_222814_color.mp4
533,17.79127502,1783952912.31717896,862624.81728910,1783952912237.8689,7535,teach_record_20260713_222814_color.mp4
534,17.82497072,1783952912.35087466,862624.85105620,1783952912271.2307,7536,teach_record_20260713_222814_color.mp4
535,17.85655570,1783952912.38245964,862624.88376860,1783952912304.5928,7537,teach_record_20260713_222814_color.mp4
536,17.89199972,1783952912.41790366,862624.91835470,1783952912337.9546,7538,teach_record_20260713_222814_color.mp4
537,17.92468262,1783952912.45058656,862624.95057580,1783952912371.3167,7539,teach_record_20260713_222814_color.mp4
538,17.95842147,1783952912.48432541,862624.98464590,1783952912404.6785,7540,teach_record_20260713_222814_color.mp4
539,17.99120474,1783952912.51710868,862625.01751290,1783952912438.0405,7541,teach_record_20260713_222814_color.mp4
540,18.02418184,1783952912.55008578,862625.05043320,1783952912471.4023,7542,teach_record_20260713_222814_color.mp4
541,18.05846000,1783952912.58436394,862625.08451160,1783952912504.7642,7543,teach_record_20260713_222814_color.mp4
542,18.09125352,1783952912.61715746,862625.11742680,1783952912538.1260,7544,teach_record_20260713_222814_color.mp4
543,18.12527037,1783952912.65117431,862625.15111720,1783952912571.4878,7545,teach_record_20260713_222814_color.mp4
544,18.15936327,1783952912.68526721,862625.18514940,1783952912604.8496,7546,teach_record_20260713_222814_color.mp4
545,18.19063473,1783952912.71653867,862625.21736350,1783952912638.2117,7547,teach_record_20260713_222814_color.mp4
546,18.22530818,1783952912.75121212,862625.25110190,1783952912671.5747,7548,teach_record_20260713_222814_color.mp4
547,18.25836706,1783952912.78427100,862625.28436100,1783952912704.9368,7549,teach_record_20260713_222814_color.mp4
548,18.29113293,1783952912.81703687,862625.31814980,1783952912738.2988,7550,teach_record_20260713_222814_color.mp4
549,18.32395077,1783952912.84985471,862625.35106940,1783952912771.6609,7551,teach_record_20260713_222814_color.mp4
550,18.35790515,1783952912.88380909,862625.38394860,1783952912805.0229,7552,teach_record_20260713_222814_color.mp4
551,18.39174056,1783952912.91764450,862625.41759390,1783952912838.3850,7553,teach_record_20260713_222814_color.mp4
552,18.42604184,1783952912.95194578,862625.45203150,1783952912871.7468,7554,teach_record_20260713_222814_color.mp4
553,18.45918560,1783952912.98508954,862625.48494170,1783952912905.1089,7555,teach_record_20260713_222814_color.mp4
554,18.49085450,1783952913.01675844,862625.51740590,1783952912938.4709,7556,teach_record_20260713_222814_color.mp4
555,18.52554965,1783952913.05145359,862625.55150190,1783952912971.8330,7557,teach_record_20260713_222814_color.mp4
556,18.56105614,1783952913.08696008,862625.58719050,1783952913005.1948,7558,teach_record_20260713_222814_color.mp4
557,18.59191394,1783952913.11781788,862625.61794810,1783952913038.5569,7559,teach_record_20260713_222814_color.mp4
558,18.62454009,1783952913.15044403,862625.65102930,1783952913071.9187,7560,teach_record_20260713_222814_color.mp4
559,18.65832329,1783952913.18422723,862625.68425470,1783952913105.2808,7561,teach_record_20260713_222814_color.mp4
560,18.69244123,1783952913.21834517,862625.71904420,1783952913138.6428,7562,teach_record_20260713_222814_color.mp4
561,18.72374654,1783952913.24965048,862625.75086060,1783952913172.0046,7563,teach_record_20260713_222814_color.mp4
562,18.75873613,1783952913.28464007,862625.78457970,1783952913205.3667,7564,teach_record_20260713_222814_color.mp4
563,18.79205585,1783952913.31795979,862625.81844140,1783952913238.7285,7565,teach_record_20260713_222814_color.mp4
564,18.82429767,1783952913.35020161,862625.85102580,1783952913272.0906,7566,teach_record_20260713_222814_color.mp4
565,18.85844707,1783952913.38435102,862625.88451680,1783952913305.4524,7567,teach_record_20260713_222814_color.mp4
566,18.89233208,1783952913.41823602,862625.91820340,1783952913338.8142,7568,teach_record_20260713_222814_color.mp4
567,18.92587161,1783952913.45177555,862625.95237110,1783952913372.1763,7569,teach_record_20260713_222814_color.mp4
568,18.95935106,1783952913.48525500,862625.98590030,1783952913405.5381,7570,teach_record_20260713_222814_color.mp4
569,18.99207973,1783952913.51798368,862626.01791310,1783952913438.8999,7571,teach_record_20260713_222814_color.mp4
570,19.02620816,1783952913.55211210,862626.05205240,1783952913472.2620,7572,teach_record_20260713_222814_color.mp4
571,19.05878997,1783952913.58469391,862626.08511110,1783952913505.6238,7573,teach_record_20260713_222814_color.mp4
572,19.09249353,1783952913.61839747,862626.11841640,1783952913538.9856,7574,teach_record_20260713_222814_color.mp4
573,19.12629676,1783952913.65220070,862626.15215680,1783952913572.3474,7575,teach_record_20260713_222814_color.mp4
574,19.15812373,1783952913.68402767,862626.18451500,1783952913605.7092,7576,teach_record_20260713_222814_color.mp4
575,19.19164300,1783952913.71754694,862626.21825520,1783952913639.0710,7577,teach_record_20260713_222814_color.mp4
576,19.22649956,1783952913.75240350,862626.25237710,1783952913672.4331,7578,teach_record_20260713_222814_color.mp4
577,19.25963569,1783952913.78553963,862626.28531340,1783952913705.7961,7579,teach_record_20260713_222814_color.mp4
578,19.29100490,1783952913.81690884,862626.31798580,1783952913739.1594,7580,teach_record_20260713_222814_color.mp4
579,19.32594252,1783952913.85184646,862626.35192230,1783952913772.5227,7581,teach_record_20260713_222814_color.mp4
580,19.36013818,1783952913.88604212,862626.38633560,1783952913805.8857,7582,teach_record_20260713_222814_color.mp4
581,19.39237428,1783952913.91827822,862626.41873540,1783952913839.2490,7583,teach_record_20260713_222814_color.mp4
582,19.42580581,1783952913.95170975,862626.45236840,1783952913872.6123,7584,teach_record_20260713_222814_color.mp4
583,19.45912910,1783952913.98503304,862626.48631730,1783952913905.9756,7585,teach_record_20260713_222814_color.mp4
584,19.49308586,1783952914.01898980,862626.51887630,1783952913939.3389,7586,teach_record_20260713_222814_color.mp4
585,19.52583599,1783952914.05173993,862626.55199290,1783952913972.7021,7587,teach_record_20260713_222814_color.mp4
586,19.55960894,1783952914.08551288,862626.58524150,1783952914006.0654,7588,teach_record_20260713_222814_color.mp4
587,19.59154558,1783952914.11744952,862626.61867950,1783952914039.4287,7589,teach_record_20260713_222814_color.mp4
588,19.62469482,1783952914.15059876,862626.65164160,1783952914072.7920,7590,teach_record_20260713_222814_color.mp4
589,19.65925217,1783952914.18515611,862626.68521000,1783952914106.1553,7591,teach_record_20260713_222814_color.mp4
590,19.69617653,1783952914.22208047,862626.72172300,1783952914139.5186,7592,teach_record_20260713_222814_color.mp4
591,19.72704315,1783952914.25294709,862626.75291060,1783952914172.8818,7593,teach_record_20260713_222814_color.mp4
592,19.75935006,1783952914.28525400,862626.78495450,1783952914206.2451,7594,teach_record_20260713_222814_color.mp4
593,19.79316139,1783952914.31906533,862626.81913380,1783952914239.6084,7595,teach_record_20260713_222814_color.mp4
594,19.82633638,1783952914.35224032,862626.85191340,1783952914272.9717,7596,teach_record_20260713_222814_color.mp4
595,19.86029363,1783952914.38619757,862626.88657190,1783952914306.3350,7597,teach_record_20260713_222814_color.mp4
596,19.89298940,1783952914.41889334,862626.91875460,1783952914339.6982,7598,teach_record_20260713_222814_color.mp4
597,19.92621422,1783952914.45211816,862626.95242810,1783952914373.0615,7599,teach_record_20260713_222814_color.mp4
598,19.95916271,1783952914.48506665,862626.98533480,1783952914406.4248,7600,teach_record_20260713_222814_color.mp4
599,19.99308920,1783952914.51899314,862627.01890430,1783952914439.7881,7601,teach_record_20260713_222814_color.mp4
600,20.02692389,1783952914.55282784,862627.05261580,1783952914473.1514,7602,teach_record_20260713_222814_color.mp4
601,20.05971384,1783952914.58561778,862627.08598650,1783952914506.5149,7603,teach_record_20260713_222814_color.mp4
602,20.09100580,1783952914.61690974,862627.11852940,1783952914539.8782,7604,teach_record_20260713_222814_color.mp4
603,20.12668204,1783952914.65258598,862627.15226160,1783952914573.2415,7605,teach_record_20260713_222814_color.mp4
604,20.16076303,1783952914.68666697,862627.18668010,1783952914606.6047,7606,teach_record_20260713_222814_color.mp4
605,20.19372725,1783952914.71963120,862627.21955120,1783952914639.9680,7607,teach_record_20260713_222814_color.mp4
606,20.22637081,1783952914.75227475,862627.25224070,1783952914673.3313,7608,teach_record_20260713_222814_color.mp4
607,20.26025558,1783952914.78615952,862627.28593040,1783952914706.6946,7609,teach_record_20260713_222814_color.mp4
608,20.29331517,1783952914.81921911,862627.31900070,1783952914740.0579,7610,teach_record_20260713_222814_color.mp4
609,20.32664227,1783952914.85254622,862627.35206230,1783952914773.4207,7611,teach_record_20260713_222814_color.mp4
610,20.36189508,1783952914.88779902,862627.38745600,1783952914806.7834,7612,teach_record_20260713_222814_color.mp4
611,20.39319706,1783952914.91910100,862627.41949710,1783952914840.1460,7613,teach_record_20260713_222814_color.mp4
612,20.42764568,1783952914.95354962,862627.45338010,1783952914873.5088,7614,teach_record_20260713_222814_color.mp4
613,20.46004677,1783952914.98595071,862627.48586070,1783952914906.8716,7615,teach_record_20260713_222814_color.mp4
614,20.49262738,1783952915.01853132,862627.51913340,1783952914940.2344,7616,teach_record_20260713_222814_color.mp4
615,20.52677631,1783952915.05268025,862627.55239660,1783952914973.5969,7617,teach_record_20260713_222814_color.mp4
616,20.56049085,1783952915.08639479,862627.58588460,1783952915006.9597,7618,teach_record_20260713_222814_color.mp4
617,20.59449029,1783952915.12039423,862627.62005830,1783952915040.3225,7619,teach_record_20260713_222814_color.mp4
618,20.62703633,1783952915.15294027,862627.65310790,1783952915073.6853,7620,teach_record_20260713_222814_color.mp4
619,20.66034937,1783952915.18625331,862627.68654760,1783952915107.0479,7621,teach_record_20260713_222814_color.mp4
620,20.69334173,1783952915.21924567,862627.71901680,1783952915140.4106,7622,teach_record_20260713_222814_color.mp4
621,20.72672105,1783952915.25262499,862627.75237810,1783952915173.7732,7623,teach_record_20260713_222814_color.mp4
622,20.76006317,1783952915.28596711,862627.78563050,1783952915207.1360,7624,teach_record_20260713_222814_color.mp4
623,20.79413724,1783952915.32004118,862627.81961210,1783952915240.4988,7625,teach_record_20260713_222814_color.mp4
624,20.82791781,1783952915.35382175,862627.85336930,1783952915273.8613,7626,teach_record_20260713_222814_color.mp4
625,20.86061239,1783952915.38651633,862627.88617990,1783952915307.2241,7627,teach_record_20260713_222814_color.mp4
626,20.89434481,1783952915.42024875,862627.92001350,1783952915340.5867,7628,teach_record_20260713_222814_color.mp4
627,20.92786551,1783952915.45376945,862627.95338180,1783952915373.9495,7629,teach_record_20260713_222814_color.mp4
628,20.96128702,1783952915.48719096,862627.98684520,1783952915407.3120,7630,teach_record_20260713_222814_color.mp4
629,20.99471927,1783952915.52062321,862628.02011440,1783952915440.6748,7631,teach_record_20260713_222814_color.mp4
630,21.02910733,1783952915.55501127,862628.05459840,1783952915474.0374,7632,teach_record_20260713_222814_color.mp4
631,21.06017303,1783952915.58607697,862628.08594530,1783952915507.4001,7633,teach_record_20260713_222814_color.mp4
632,21.09446239,1783952915.62036633,862628.11982350,1783952915540.7627,7634,teach_record_20260713_222814_color.mp4
633,21.12786531,1783952915.65376925,862628.15356770,1783952915574.1255,7635,teach_record_20260713_222814_color.mp4
634,21.16125965,1783952915.68716359,862628.18683290,1783952915607.4880,7636,teach_record_20260713_222814_color.mp4
635,21.19375062,1783952915.71965456,862628.21933100,1783952915640.8506,7637,teach_record_20260713_222814_color.mp4
636,21.22834659,1783952915.75425053,862628.25372830,1783952915674.2134,7638,teach_record_20260713_222814_color.mp4
637,21.26291466,1783952915.78881860,862628.28854120,1783952915707.5759,7639,teach_record_20260713_222814_color.mp4
638,21.29434609,1783952915.82025003,862628.31994610,1783952915740.9385,7640,teach_record_20260713_222814_color.mp4
639,21.32789803,1783952915.85380197,862628.35360720,1783952915774.3015,7641,teach_record_20260713_222814_color.mp4
640,21.36089063,1783952915.88679457,862628.38614320,1783952915807.6660,7642,teach_record_20260713_222814_color.mp4
641,21.39419627,1783952915.92010021,862628.41955760,1783952915841.0305,7643,teach_record_20260713_222814_color.mp4
642,21.42836499,1783952915.95426893,862628.45368280,1783952915874.3950,7644,teach_record_20260713_222814_color.mp4
643,21.46091127,1783952915.98681521,862628.48661850,1783952915907.7595,7645,teach_record_20260713_222814_color.mp4
644,21.49345493,1783952916.01935887,862628.52000210,1783952915941.1240,7646,teach_record_20260713_222814_color.mp4
645,21.52877450,1783952916.05467844,862628.55421840,1783952915974.4888,7647,teach_record_20260713_222814_color.mp4
646,21.56212854,1783952916.08803248,862628.58746630,1783952916007.8533,7648,teach_record_20260713_222814_color.mp4
647,21.59490776,1783952916.12081170,862628.62023000,1783952916041.2178,7649,teach_record_20260713_222814_color.mp4
648,21.62781715,1783952916.15372109,862628.65302960,1783952916074.5823,7650,teach_record_20260713_222814_color.mp4
649,21.66146755,1783952916.18737149,862628.68681510,1783952916107.9470,7651,teach_record_20260713_222814_color.mp4
650,21.69491315,1783952916.22081709,862628.72056080,1783952916141.3115,7652,teach_record_20260713_222814_color.mp4
651,21.72864819,1783952916.25455213,862628.75413320,1783952916174.6763,7653,teach_record_20260713_222814_color.mp4
652,21.76182365,1783952916.28772759,862628.78727960,1783952916208.0408,7654,teach_record_20260713_222814_color.mp4
653,21.79436946,1783952916.32027340,862628.81983440,1783952916241.4055,7655,teach_record_20260713_222814_color.mp4
654,21.82772064,1783952916.35362458,862628.85378140,1783952916274.7703,7656,teach_record_20260713_222814_color.mp4
655,21.86228514,1783952916.38818908,862628.88765620,1783952916308.1348,7657,teach_record_20260713_222814_color.mp4
656,21.89500833,1783952916.42091227,862628.92099760,1783952916341.4995,7658,teach_record_20260713_222814_color.mp4
657,21.92858696,1783952916.45449090,862628.95400660,1783952916374.8643,7659,teach_record_20260713_222814_color.mp4
658,21.96195173,1783952916.48785567,862628.98736420,1783952916408.2290,7660,teach_record_20260713_222814_color.mp4
659,21.99447131,1783952916.52037525,862629.02049980,1783952916441.5938,7661,teach_record_20260713_222814_color.mp4
660,22.02815557,1783952916.55405951,862629.05366640,1783952916474.9585,7662,teach_record_20260713_222814_color.mp4
661,22.06199884,1783952916.58790278,862629.08721850,1783952916508.3232,7663,teach_record_20260713_222814_color.mp4
662,22.09660482,1783952916.62250876,862629.12217280,1783952916541.6880,7664,teach_record_20260713_222814_color.mp4
663,22.12783003,1783952916.65373397,862629.15367040,1783952916575.0527,7665,teach_record_20260713_222814_color.mp4
664,22.16087151,1783952916.68677545,862629.18663810,1783952916608.4177,7666,teach_record_20260713_222814_color.mp4
665,22.19536972,1783952916.72127366,862629.22073580,1783952916641.7825,7667,teach_record_20260713_222814_color.mp4
666,22.22843981,1783952916.75434375,862629.25389110,1783952916675.1472,7668,teach_record_20260713_222814_color.mp4
667,22.26184011,1783952916.78774405,862629.28745980,1783952916708.5122,7669,teach_record_20260713_222814_color.mp4
668,22.29497695,1783952916.82088089,862629.32024400,1783952916741.8770,7670,teach_record_20260713_222814_color.mp4
669,22.32834053,1783952916.85424447,862629.35377800,1783952916775.2417,7671,teach_record_20260713_222814_color.mp4
670,22.36104155,1783952916.88694549,862629.38687700,1783952916808.6050,7672,teach_record_20260713_222814_color.mp4
671,22.39550185,1783952916.92140579,862629.42103020,1783952916841.9690,7673,teach_record_20260713_222814_color.mp4
672,22.42957115,1783952916.95547509,862629.45488840,1783952916875.3330,7674,teach_record_20260713_222814_color.mp4
673,22.46182561,1783952916.98772955,862629.48699770,1783952916908.6968,7675,teach_record_20260713_222814_color.mp4
674,22.49608541,1783952917.02198935,862629.52147370,1783952916942.0608,7676,teach_record_20260713_222814_color.mp4
675,22.52903080,1783952917.05493474,862629.55434990,1783952916975.4248,7677,teach_record_20260713_222814_color.mp4
676,22.56240106,1783952917.08830500,862629.58776030,1783952917008.7886,7678,teach_record_20260713_222814_color.mp4
677,22.59706545,1783952917.12296939,862629.62210580,1783952917042.1526,7679,teach_record_20260713_222814_color.mp4
678,22.63140345,1783952917.15730739,862629.65662970,1783952917075.5166,7680,teach_record_20260713_222814_color.mp4
679,22.66147184,1783952917.18737578,862629.68719400,1783952917108.8806,7681,teach_record_20260713_222814_color.mp4
680,22.69716072,1783952917.22306466,862629.72255920,1783952917142.2444,7682,teach_record_20260713_222814_color.mp4
681,22.72968459,1783952917.25558853,862629.75508950,1783952917175.6084,7683,teach_record_20260713_222814_color.mp4
682,22.76195645,1783952917.28786039,862629.78780060,1783952917208.9724,7684,teach_record_20260713_222814_color.mp4
683,22.79628778,1783952917.32219172,862629.82185670,1783952917242.3364,7685,teach_record_20260713_222814_color.mp4
684,22.83032107,1783952917.35622501,862629.85560370,1783952917275.7004,7686,teach_record_20260713_222814_color.mp4
685,22.86199498,1783952917.38789892,862629.88788030,1783952917309.0642,7687,teach_record_20260713_222814_color.mp4
686,22.89567924,1783952917.42158318,862629.92148590,1783952917342.4282,7688,teach_record_20260713_222814_color.mp4
687,22.92909813,1783952917.45500207,862629.95464300,1783952917375.7922,7689,teach_record_20260713_222814_color.mp4
688,22.96447659,1783952917.49038053,862629.98945160,1783952917409.1562,7690,teach_record_20260713_222814_color.mp4
689,22.99542642,1783952917.52133036,862630.02121280,1783952917442.5203,7691,teach_record_20260713_222814_color.mp4
690,23.02903223,1783952917.55493617,862630.05436880,1783952917475.8843,7692,teach_record_20260713_222814_color.mp4
691,23.06258726,1783952917.58849120,862630.08772690,1783952917509.2483,7693,teach_record_20260713_222814_color.mp4
692,23.09622240,1783952917.62212634,862630.12124600,1783952917542.6123,7694,teach_record_20260713_222814_color.mp4
693,23.12860489,1783952917.65450883,862630.15479480,1783952917575.9763,7695,teach_record_20260713_222814_color.mp4
694,23.16267610,1783952917.68858004,862630.18767760,1783952917609.3403,7696,teach_record_20260713_222814_color.mp4
695,23.19798851,1783952917.72389245,862630.22363750,1783952917642.7043,7697,teach_record_20260713_222814_color.mp4
696,23.22954655,1783952917.75545049,862630.25530750,1783952917676.0684,7698,teach_record_20260713_222814_color.mp4
697,23.26467228,1783952917.79057622,862630.28974270,1783952917709.4324,7699,teach_record_20260713_222814_color.mp4
698,23.29567790,1783952917.82158184,862630.32097180,1783952917742.7964,7700,teach_record_20260713_222814_color.mp4
699,23.32992077,1783952917.85582471,862630.35568120,1783952917776.1604,7701,teach_record_20260713_222814_color.mp4
700,23.36271524,1783952917.88861918,862630.38782340,1783952917809.5244,7702,teach_record_20260713_222814_color.mp4
701,23.39630270,1783952917.92220664,862630.42145410,1783952917842.8877,7703,teach_record_20260713_222814_color.mp4
702,23.43110609,1783952917.95701003,862630.45636700,1783952917876.2507,7704,teach_record_20260713_222814_color.mp4
703,23.46300721,1783952917.98891115,862630.48803090,1783952917909.6138,7705,teach_record_20260713_222814_color.mp4
704,23.49634671,1783952918.02225065,862630.52128710,1783952917942.9768,7706,teach_record_20260713_222814_color.mp4
705,23.52899766,1783952918.05490160,862630.55534210,1783952917976.3398,7707,teach_record_20260713_222814_color.mp4
706,23.56352568,1783952918.08942962,862630.58853450,1783952918009.7029,7708,teach_record_20260713_222814_color.mp4
707,23.59577584,1783952918.12167978,862630.62127500,1783952918043.0659,7709,teach_record_20260713_222814_color.mp4
708,23.63051391,1783952918.15641785,862630.65548650,1783952918076.4290,7710,teach_record_20260713_222814_color.mp4
709,23.66348624,1783952918.18939018,862630.68856380,1783952918109.7917,7711,teach_record_20260713_222814_color.mp4
710,23.69637728,1783952918.22228122,862630.72130120,1783952918143.1548,7712,teach_record_20260713_222814_color.mp4
711,23.72973895,1783952918.25564289,862630.75459070,1783952918176.5178,7713,teach_record_20260713_222814_color.mp4
712,23.76303053,1783952918.28893447,862630.78844130,1783952918209.8809,7714,teach_record_20260713_222814_color.mp4
713,23.79585552,1783952918.32175946,862630.82123390,1783952918243.2439,7715,teach_record_20260713_222814_color.mp4
714,23.83056998,1783952918.35647392,862630.85547780,1783952918276.6069,7716,teach_record_20260713_222814_color.mp4
715,23.86459184,1783952918.39049578,862630.88970850,1783952918309.9697,7717,teach_record_20260713_222814_color.mp4
716,23.89669371,1783952918.42259765,862630.92157890,1783952918343.3328,7718,teach_record_20260713_222814_color.mp4
717,23.92971158,1783952918.45561552,862630.95528010,1783952918376.6958,7719,teach_record_20260713_222814_color.mp4
718,23.96391058,1783952918.48981452,862630.98869060,1783952918410.0588,7720,teach_record_20260713_222814_color.mp4
719,23.99747825,1783952918.52338219,862631.02263900,1783952918443.4219,7721,teach_record_20260713_222814_color.mp4
720,24.03028893,1783952918.55619287,862631.05597650,1783952918476.7847,7722,teach_record_20260713_222814_color.mp4
721,24.06322169,1783952918.58912563,862631.08839980,1783952918510.1477,7723,teach_record_20260713_222814_color.mp4
722,24.09662247,1783952918.62252641,862631.12184910,1783952918543.5107,7724,teach_record_20260713_222814_color.mp4
723,24.13021040,1783952918.65611434,862631.15497700,1783952918576.8738,7725,teach_record_20260713_222814_color.mp4
724,24.16389918,1783952918.68980312,862631.18868980,1783952918610.2366,7726,teach_record_20260713_222814_color.mp4
725,24.19745326,1783952918.72335720,862631.22279770,1783952918643.5996,7727,teach_record_20260713_222814_color.mp4
726,24.22995496,1783952918.75585890,862631.25560490,1783952918676.9626,7728,teach_record_20260713_222814_color.mp4
727,24.26237559,1783952918.78827953,862631.28854820,1783952918710.3257,7729,teach_record_20260713_222814_color.mp4
728,24.29597068,1783952918.82187462,862631.32180190,1783952918743.6885,7730,teach_record_20260713_222814_color.mp4
729,24.33025599,1783952918.85615993,862631.35536660,1783952918777.0515,7731,teach_record_20260713_222814_color.mp4
730,24.36282730,1783952918.88873124,862631.38829350,1783952918810.4146,7732,teach_record_20260713_222814_color.mp4
731,24.39662027,1783952918.92252421,862631.42166970,1783952918843.7773,7733,teach_record_20260713_222814_color.mp4
732,24.43057060,1783952918.95647454,862631.45537200,1783952918877.1406,7734,teach_record_20260713_222814_color.mp4
733,24.46387196,1783952918.98977590,862631.48886250,1783952918910.5059,7735,teach_record_20260713_222814_color.mp4
734,24.49673104,1783952919.02263498,862631.52227430,1783952918943.8711,7736,teach_record_20260713_222814_color.mp4
735,24.52968264,1783952919.05558658,862631.55536350,1783952918977.2366,7737,teach_record_20260713_222814_color.mp4
736,24.56459856,1783952919.09050250,862631.58943600,1783952919010.6018,7738,teach_record_20260713_222814_color.mp4
737,24.59719229,1783952919.12309623,862631.62211930,1783952919043.9670,7739,teach_record_20260713_222814_color.mp4
738,24.63036823,1783952919.15627217,862631.65550960,1783952919077.3323,7740,teach_record_20260713_222814_color.mp4
739,24.66425180,1783952919.19015574,862631.68938170,1783952919110.6975,7741,teach_record_20260713_222814_color.mp4
740,24.69871855,1783952919.22462249,862631.72360880,1783952919144.0630,7742,teach_record_20260713_222814_color.mp4
741,24.73087096,1783952919.25677490,862631.75590540,1783952919177.4282,7743,teach_record_20260713_222814_color.mp4
742,24.76438141,1783952919.29028535,862631.78926890,1783952919210.7935,7744,teach_record_20260713_222814_color.mp4
743,24.79689384,1783952919.32279778,862631.82228440,1783952919244.1589,7745,teach_record_20260713_222814_color.mp4
744,24.83137321,1783952919.35727715,862631.85691860,1783952919277.5242,7746,teach_record_20260713_222814_color.mp4
745,24.86491251,1783952919.39081645,862631.89040500,1783952919310.8896,7747,teach_record_20260713_222814_color.mp4
746,24.89766645,1783952919.42357039,862631.92249860,1783952919344.2551,7748,teach_record_20260713_222814_color.mp4
747,24.93491817,1783952919.46082211,862631.95971630,1783952919377.6204,7749,teach_record_20260713_222814_color.mp4
748,24.96363139,1783952919.48953533,862631.98871190,1783952919410.9858,7750,teach_record_20260713_222814_color.mp4
749,24.99668407,1783952919.52258801,862632.02217520,1783952919444.3513,7751,teach_record_20260713_222814_color.mp4
750,25.03133035,1783952919.55723429,862632.05717200,1783952919477.7168,7752,teach_record_20260713_222814_color.mp4
751,25.06430125,1783952919.59020519,862632.08917740,1783952919511.0823,7753,teach_record_20260713_222814_color.mp4
752,25.09803247,1783952919.62393641,862632.12306160,1783952919544.4478,7754,teach_record_20260713_222814_color.mp4
753,25.13128543,1783952919.65718937,862632.15624600,1783952919577.8130,7755,teach_record_20260713_222814_color.mp4
754,25.16457987,1783952919.69048381,862632.18944560,1783952919611.1787,7756,teach_record_20260713_222814_color.mp4
755,25.19797087,1783952919.72387481,862632.22265650,1783952919644.5442,7757,teach_record_20260713_222814_color.mp4
756,25.23178101,1783952919.75768495,862632.25743470,1783952919677.9097,7758,teach_record_20260713_222814_color.mp4
757,25.26360536,1783952919.78950930,862632.28891100,1783952919711.2751,7759,teach_record_20260713_222814_color.mp4
758,25.29818201,1783952919.82408595,862632.32368290,1783952919744.6406,7760,teach_record_20260713_222814_color.mp4
759,25.33080506,1783952919.85670900,862632.35633280,1783952919778.0061,7761,teach_record_20260713_222814_color.mp4
760,25.36509991,1783952919.89100385,862632.39031060,1783952919811.3718,7762,teach_record_20260713_222814_color.mp4
761,25.39807701,1783952919.92398095,862632.42266640,1783952919844.7373,7763,teach_record_20260713_222814_color.mp4
762,25.43084860,1783952919.95675254,862632.45619130,1783952919878.1028,7764,teach_record_20260713_222814_color.mp4
763,25.46426296,1783952919.99016690,862632.49009690,1783952919911.4663,7765,teach_record_20260713_222814_color.mp4
764,25.49944162,1783952920.02534556,862632.52418380,1783952919944.8293,7766,teach_record_20260713_222814_color.mp4
765,25.53154755,1783952920.05745149,862632.55628310,1783952919978.1926,7767,teach_record_20260713_222814_color.mp4
766,25.56675172,1783952920.09265566,862632.59150080,1783952920011.5557,7768,teach_record_20260713_222814_color.mp4
767,25.59871888,1783952920.12462282,862632.62375920,1783952920044.9189,7769,teach_record_20260713_222814_color.mp4
768,25.63263249,1783952920.15853643,862632.65746870,1783952920078.2820,7770,teach_record_20260713_222814_color.mp4
769,25.66565394,1783952920.19155788,862632.69057340,1783952920111.6450,7771,teach_record_20260713_222814_color.mp4
770,25.69903708,1783952920.22494102,862632.72450570,1783952920145.0081,7772,teach_record_20260713_222814_color.mp4
771,25.73212314,1783952920.25802708,862632.75732260,1783952920178.3713,7773,teach_record_20260713_222814_color.mp4
772,25.76578689,1783952920.29169083,862632.79039140,1783952920211.7344,7774,teach_record_20260713_222814_color.mp4
773,25.79821491,1783952920.32411885,862632.82305880,1783952920245.0974,7775,teach_record_20260713_222814_color.mp4
774,25.83365679,1783952920.35956073,862632.85834180,1783952920278.4604,7776,teach_record_20260713_222814_color.mp4
775,25.86562490,1783952920.39152884,862632.89050910,1783952920311.8235,7777,teach_record_20260713_222814_color.mp4
776,25.89889884,1783952920.42480278,862632.92476240,1783952920345.1865,7778,teach_record_20260713_222814_color.mp4
777,25.93196774,1783952920.45787168,862632.95678180,1783952920378.5496,7779,teach_record_20260713_222814_color.mp4
778,25.96463919,1783952920.49054313,862632.98952930,1783952920411.9126,7780,teach_record_20260713_222814_color.mp4
779,25.99845815,1783952920.52436209,862633.02344770,1783952920445.2759,7781,teach_record_20260713_222814_color.mp4
780,26.03233600,1783952920.55823994,862633.05744550,1783952920478.6389,7782,teach_record_20260713_222814_color.mp4
781,26.06525207,1783952920.59115601,862633.09003250,1783952920512.0020,7783,teach_record_20260713_222814_color.mp4
782,26.09883332,1783952920.62473726,862633.12342740,1783952920545.3650,7784,teach_record_20260713_222814_color.mp4
783,26.13225150,1783952920.65815544,862633.15685320,1783952920578.7278,7785,teach_record_20260713_222814_color.mp4
784,26.16504908,1783952920.69095302,862633.19025130,1783952920612.0908,7786,teach_record_20260713_222814_color.mp4
785,26.19880581,1783952920.72470975,862633.22343660,1783952920645.4539,7787,teach_record_20260713_222814_color.mp4
786,26.23182225,1783952920.75772619,862633.25634770,1783952920678.8169,7788,teach_record_20260713_222814_color.mp4
787,26.26507306,1783952920.79097700,862633.28993700,1783952920712.1799,7789,teach_record_20260713_222814_color.mp4
788,26.30091715,1783952920.82682109,862633.32605010,1783952920745.5430,7790,teach_record_20260713_222814_color.mp4
789,26.33370805,1783952920.85961199,862633.35885410,1783952920778.9060,7791,teach_record_20260713_222814_color.mp4
790,26.36560607,1783952920.89151001,862633.39069260,1783952920812.2688,7792,teach_record_20260713_222814_color.mp4
791,26.39839506,1783952920.92429900,862633.42319930,1783952920845.6318,7793,teach_record_20260713_222814_color.mp4
792,26.43539929,1783952920.96130323,862633.46017200,1783952920878.9949,7794,teach_record_20260713_222814_color.mp4
793,26.46754074,1783952920.99344468,862633.49211630,1783952920912.3579,7795,teach_record_20260713_222814_color.mp4
794,26.49873734,1783952921.02464128,862633.52358690,1783952920945.7212,7796,teach_record_20260713_222814_color.mp4
795,26.53174829,1783952921.05765224,862633.55730270,1783952920979.0854,7797,teach_record_20260713_222814_color.mp4
796,26.56577969,1783952921.09168363,862633.59035900,1783952921012.4497,7798,teach_record_20260713_222814_color.mp4
797,26.59908867,1783952921.12499261,862633.62359840,1783952921045.8140,7799,teach_record_20260713_222814_color.mp4
798,26.63343763,1783952921.15934157,862633.65794430,1783952921079.1782,7800,teach_record_20260713_222814_color.mp4
799,26.66855955,1783952921.19446349,862633.69286730,1783952921112.5422,7801,teach_record_20260713_222814_color.mp4
800,26.69884849,1783952921.22475243,862633.72417840,1783952921145.9065,7802,teach_record_20260713_222814_color.mp4
801,26.73251343,1783952921.25841737,862633.75752280,1783952921179.2708,7803,teach_record_20260713_222814_color.mp4
802,26.76679730,1783952921.29270124,862633.79140470,1783952921212.6350,7804,teach_record_20260713_222814_color.mp4
803,26.79825163,1783952921.32415557,862633.82340530,1783952921245.9993,7805,teach_record_20260713_222814_color.mp4
804,26.83155656,1783952921.35746050,862633.85691760,1783952921279.3635,7806,teach_record_20260713_222814_color.mp4
805,26.86543202,1783952921.39133596,862633.89050320,1783952921312.7280,7807,teach_record_20260713_222814_color.mp4
806,26.90001583,1783952921.42591977,862633.92440410,1783952921346.0923,7808,teach_record_20260713_222814_color.mp4
807,26.93153095,1783952921.45743489,862633.95684250,1783952921379.4565,7809,teach_record_20260713_222814_color.mp4
808,26.96601963,1783952921.49192357,862633.99091280,1783952921412.8208,7810,teach_record_20260713_222814_color.mp4
809,26.99846768,1783952921.52437162,862634.02368890,1783952921446.1851,7811,teach_record_20260713_222814_color.mp4
810,27.03298664,1783952921.55889058,862634.05729590,1783952921479.5493,7812,teach_record_20260713_222814_color.mp4
811,27.06653357,1783952921.59243751,862634.09087910,1783952921512.9138,7813,teach_record_20260713_222814_color.mp4
812,27.09929776,1783952921.62520170,862634.12400740,1783952921546.2781,7814,teach_record_20260713_222814_color.mp4
813,27.13324261,1783952921.65914655,862634.15755650,1783952921579.6423,7815,teach_record_20260713_222814_color.mp4
814,27.16643357,1783952921.69233751,862634.19155760,1783952921613.0068,7816,teach_record_20260713_222814_color.mp4
815,27.20009971,1783952921.72600365,862634.22433000,1783952921646.3711,7817,teach_record_20260713_222814_color.mp4
816,27.23309255,1783952921.75899649,862634.25767150,1783952921679.7354,7818,teach_record_20260713_222814_color.mp4
817,27.26634836,1783952921.79225230,862634.29135570,1783952921713.0999,7819,teach_record_20260713_222814_color.mp4
818,27.29887915,1783952921.82478309,862634.32388780,1783952921746.4641,7820,teach_record_20260713_222814_color.mp4
819,27.33296013,1783952921.85886407,862634.35748560,1783952921779.8286,7821,teach_record_20260713_222814_color.mp4
820,27.36727333,1783952921.89317727,862634.39250150,1783952921813.1929,7822,teach_record_20260713_222814_color.mp4
821,27.39987707,1783952921.92578101,862634.42443630,1783952921846.5574,7823,teach_record_20260713_222814_color.mp4
822,27.43393445,1783952921.95983839,862634.45815520,1783952921879.9219,7824,teach_record_20260713_222814_color.mp4
823,27.46740007,1783952921.99330401,862634.49215180,1783952921913.2861,7825,teach_record_20260713_222814_color.mp4
824,27.49916935,1783952922.02507329,862634.52428320,1783952921946.6506,7826,teach_record_20260713_222814_color.mp4
825,27.53331804,1783952922.05922198,862634.55753270,1783952921980.0142,7827,teach_record_20260713_222814_color.mp4
826,27.56681967,1783952922.09272361,862634.59134850,1783952922013.3770,7828,teach_record_20260713_222814_color.mp4
827,27.60034227,1783952922.12624621,862634.62514810,1783952922046.7400,7829,teach_record_20260713_222814_color.mp4
828,27.63363624,1783952922.15954018,862634.65796960,1783952922080.1030,7830,teach_record_20260713_222814_color.mp4
829,27.66717219,1783952922.19307613,862634.69139530,1783952922113.4658,7831,teach_record_20260713_222814_color.mp4
830,27.69969511,1783952922.22559905,862634.72423000,1783952922146.8289,7832,teach_record_20260713_222814_color.mp4
831,27.73365927,1783952922.25956321,862634.75780100,1783952922180.1917,7833,teach_record_20260713_222814_color.mp4
832,27.76661015,1783952922.29251409,862634.79107170,1783952922213.5547,7834,teach_record_20260713_222814_color.mp4
833,27.80118036,1783952922.32708430,862634.82531130,1783952922246.9175,7835,teach_record_20260713_222814_color.mp4
834,27.83270431,1783952922.35860825,862634.85818910,1783952922280.2803,7836,teach_record_20260713_222814_color.mp4
835,27.86698771,1783952922.39289165,862634.89125160,1783952922313.6433,7837,teach_record_20260713_222814_color.mp4
836,27.89990807,1783952922.42581201,862634.92531230,1783952922347.0061,7838,teach_record_20260713_222814_color.mp4
837,27.93394542,1783952922.45984936,862634.95851570,1783952922380.3689,7839,teach_record_20260713_222814_color.mp4
838,27.96743822,1783952922.49334216,862634.99170770,1783952922413.7319,7840,teach_record_20260713_222814_color.mp4
839,27.99995422,1783952922.52585816,862635.02497990,1783952922447.0947,7841,teach_record_20260713_222814_color.mp4
840,28.03255033,1783952922.55845428,862635.05769430,1783952922480.4575,7842,teach_record_20260713_222814_color.mp4
841,28.06682801,1783952922.59273195,862635.09176920,1783952922513.8203,7843,teach_record_20260713_222814_color.mp4
842,28.10061884,1783952922.62652278,862635.12474770,1783952922547.1831,7844,teach_record_20260713_222814_color.mp4
843,28.13458180,1783952922.66048574,862635.15864420,1783952922580.5459,7845,teach_record_20260713_222814_color.mp4
844,28.16794276,1783952922.69384670,862635.19209470,1783952922613.9087,7846,teach_record_20260713_222814_color.mp4
845,28.20076060,1783952922.72666454,862635.22479960,1783952922647.2717,7847,teach_record_20260713_222814_color.mp4
846,28.23408484,1783952922.75998878,862635.25824610,1783952922680.6345,7848,teach_record_20260713_222814_color.mp4
847,28.26828933,1783952922.79419327,862635.29289550,1783952922713.9971,7849,teach_record_20260713_222814_color.mp4
848,28.30079126,1783952922.82669520,862635.32479890,1783952922747.3599,7850,teach_record_20260713_222814_color.mp4
849,28.33512139,1783952922.86102533,862635.35929310,1783952922780.7227,7851,teach_record_20260713_222814_color.mp4
850,28.36803150,1783952922.89393544,862635.39235120,1783952922814.0854,7852,teach_record_20260713_222814_color.mp4
851,28.40123081,1783952922.92713475,862635.42550270,1783952922847.4482,7853,teach_record_20260713_222814_color.mp4
852,28.43419433,1783952922.96009827,862635.45858300,1783952922880.8110,7854,teach_record_20260713_222814_color.mp4
853,28.46683812,1783952922.99274206,862635.49171180,1783952922914.1738,7855,teach_record_20260713_222814_color.mp4
854,28.50233293,1783952923.02823687,862635.52666580,1783952922947.5364,7856,teach_record_20260713_222814_color.mp4
855,28.53311181,1783952923.05901575,862635.55846800,1783952922980.8992,7857,teach_record_20260713_222814_color.mp4
856,28.56626844,1783952923.09217238,862635.59168080,1783952923014.2627,7858,teach_record_20260713_222814_color.mp4
857,28.60054517,1783952923.12644911,862635.62485640,1783952923047.6284,7859,teach_record_20260713_222814_color.mp4
858,28.63351870,1783952923.15942264,862635.65815220,1783952923080.9941,7860,teach_record_20260713_222814_color.mp4
859,28.66728759,1783952923.19319153,862635.69160720,1783952923114.3599,7861,teach_record_20260713_222814_color.mp4
860,28.70338106,1783952923.22928500,862635.72733170,1783952923147.7258,7862,teach_record_20260713_222814_color.mp4
861,28.73585725,1783952923.26176119,862635.76025830,1783952923181.0916,7863,teach_record_20260713_222814_color.mp4
862,28.76745415,1783952923.29335809,862635.79178520,1783952923214.4573,7864,teach_record_20260713_222814_color.mp4
863,28.80101013,1783952923.32691407,862635.82496440,1783952923247.8232,7865,teach_record_20260713_222814_color.mp4
864,28.83457685,1783952923.36048079,862635.85861800,1783952923281.1892,7866,teach_record_20260713_222814_color.mp4
865,28.86683011,1783952923.39273405,862635.89156770,1783952923314.5549,7867,teach_record_20260713_222814_color.mp4
866,28.89875484,1783952923.42465878,862635.92497920,1783952923347.9209,7868,teach_record_20260713_222814_color.mp4
867,28.93411350,1783952923.46001744,862635.95849700,1783952923381.2869,7869,teach_record_20260713_222814_color.mp4
868,28.96964669,1783952923.49555063,862635.99425890,1783952923414.6528,7870,teach_record_20260713_222814_color.mp4
869,29.00262523,1783952923.52852917,862636.02651980,1783952923448.0186,7871,teach_record_20260713_222814_color.mp4
870,29.03459382,1783952923.56049776,862636.05890200,1783952923481.3845,7872,teach_record_20260713_222814_color.mp4
871,29.06917620,1783952923.59508014,862636.09308140,1783952923514.7505,7873,teach_record_20260713_222814_color.mp4
872,29.10129762,1783952923.62720156,862636.12564500,1783952923548.1165,7874,teach_record_20260713_222814_color.mp4
873,29.13311386,1783952923.65901780,862636.15847400,1783952923581.4827,7875,teach_record_20260713_222814_color.mp4
874,29.16905808,1783952923.69496202,862636.19315780,1783952923614.8486,7876,teach_record_20260713_222814_color.mp4
875,29.20209861,1783952923.72800255,862636.22666630,1783952923648.2146,7877,teach_record_20260713_222814_color.mp4
876,29.23457432,1783952923.76047826,862636.25992380,1783952923681.5806,7878,teach_record_20260713_222814_color.mp4
877,29.26851368,1783952923.79441762,862636.29275340,1783952923714.9468,7879,teach_record_20260713_222814_color.mp4
878,29.30207562,1783952923.82797956,862636.32620770,1783952923748.3127,7880,teach_record_20260713_222814_color.mp4
879,29.33632135,1783952923.86222529,862636.36036010,1783952923781.6787,7881,teach_record_20260713_222814_color.mp4
880,29.36783004,1783952923.89373398,862636.39213060,1783952923815.0449,7882,teach_record_20260713_222814_color.mp4
881,29.40140796,1783952923.92731190,862636.42535400,1783952923848.4111,7883,teach_record_20260713_222814_color.mp4
882,29.43531084,1783952923.96121478,862636.45929850,1783952923881.7771,7884,teach_record_20260713_222814_color.mp4
883,29.46883249,1783952923.99473643,862636.49297000,1783952923915.1433,7885,teach_record_20260713_222814_color.mp4
884,29.50161958,1783952924.02752352,862636.52546390,1783952923948.5095,7886,teach_record_20260713_222814_color.mp4
885,29.53475571,1783952924.06065965,862636.55985090,1783952923981.8757,7887,teach_record_20260713_222814_color.mp4
886,29.56864738,1783952924.09455132,862636.59282480,1783952924015.2417,7888,teach_record_20260713_222814_color.mp4
887,29.60180497,1783952924.12770891,862636.62588630,1783952924048.6052,7889,teach_record_20260713_222814_color.mp4
888,29.63486671,1783952924.16077065,862636.66008330,1783952924081.9719,7890,teach_record_20260713_222814_color.mp4
889,29.66764116,1783952924.19354510,862636.69232440,1783952924115.3384,7891,teach_record_20260713_222814_color.mp4
890,29.70060420,1783952924.22650814,862636.72578110,1783952924148.7051,7892,teach_record_20260713_222814_color.mp4
891,29.73457479,1783952924.26047873,862636.75963650,1783952924182.0718,7893,teach_record_20260713_222814_color.mp4
892,29.76834798,1783952924.29425192,862636.79232800,1783952924215.4382,7894,teach_record_20260713_222814_color.mp4
893,29.80166435,1783952924.32756829,862636.82588540,1783952924248.8049,7895,teach_record_20260713_222814_color.mp4
894,29.83580852,1783952924.36171246,862636.86031740,1783952924282.1719,7896,teach_record_20260713_222814_color.mp4
895,29.86902738,1783952924.39493132,862636.89305370,1783952924315.5386,7897,teach_record_20260713_222814_color.mp4
896,29.90539026,1783952924.43129420,862636.92946330,1783952924348.9053,7898,teach_record_20260713_222814_color.mp4
897,29.93542743,1783952924.46133137,862636.95917720,1783952924382.2722,7899,teach_record_20260713_222814_color.mp4
898,29.96909475,1783952924.49499869,862636.99368710,1783952924415.6392,7900,teach_record_20260713_222814_color.mp4
899,30.00288200,1783952924.52878594,862637.02690170,1783952924449.0059,7901,teach_record_20260713_222814_color.mp4
900,30.03643131,1783952924.56233525,862637.06030340,1783952924482.3728,7902,teach_record_20260713_222814_color.mp4
901,30.06906867,1783952924.59497261,862637.09280930,1783952924515.7397,7903,teach_record_20260713_222814_color.mp4
902,30.10183668,1783952924.62774062,862637.12686930,1783952924549.1069,7904,teach_record_20260713_222814_color.mp4
903,30.13724279,1783952924.66314673,862637.16118780,1783952924582.4739,7905,teach_record_20260713_222814_color.mp4
904,30.16984272,1783952924.69574666,862637.19389950,1783952924615.8411,7906,teach_record_20260713_222814_color.mp4
905,30.20242667,1783952924.72833061,862637.22657580,1783952924649.2080,7907,teach_record_20260713_222814_color.mp4
906,30.23611736,1783952924.76202130,862637.26058900,1783952924682.5752,7908,teach_record_20260713_222814_color.mp4
907,30.26977944,1783952924.79568338,862637.29383060,1783952924715.9424,7909,teach_record_20260713_222814_color.mp4
908,30.30152297,1783952924.82742691,862637.32612680,1783952924749.3096,7910,teach_record_20260713_222814_color.mp4
909,30.33831930,1783952924.86422324,862637.36201010,1783952924782.6768,7911,teach_record_20260713_222814_color.mp4
910,30.36903358,1783952924.89493752,862637.39269640,1783952924816.0442,7912,teach_record_20260713_222814_color.mp4
911,30.40267515,1783952924.92857909,862637.42674020,1783952924849.4114,7913,teach_record_20260713_222814_color.mp4
912,30.43651438,1783952924.96241832,862637.46052400,1783952924882.7788,7914,teach_record_20260713_222814_color.mp4
913,30.46953249,1783952924.99543643,862637.49406720,1783952924916.1460,7915,teach_record_20260713_222814_color.mp4
914,30.50284362,1783952925.02874756,862637.52800430,1783952924949.5134,7916,teach_record_20260713_222814_color.mp4
915,30.53612399,1783952925.06202793,862637.56001190,1783952924982.8809,7917,teach_record_20260713_222814_color.mp4
916,30.57017803,1783952925.09608197,862637.59470810,1783952925016.2483,7918,teach_record_20260713_222814_color.mp4
917,30.60290384,1783952925.12880778,862637.62695850,1783952925049.6157,7919,teach_record_20260713_222814_color.mp4
918,30.63734889,1783952925.16325283,862637.66110230,1783952925082.9800,7920,teach_record_20260713_222814_color.mp4
919,30.66988873,1783952925.19579268,862637.69360860,1783952925116.3533,7921,teach_record_20260713_222814_color.mp4
920,30.70224190,1783952925.22814584,862637.72726510,1783952925149.7268,7922,teach_record_20260713_222814_color.mp4
921,30.73612332,1783952925.26202726,862637.76017050,1783952925183.1003,7923,teach_record_20260713_222814_color.mp4
922,30.76959252,1783952925.29549646,862637.79324230,1783952925216.4739,7924,teach_record_20260713_222814_color.mp4
923,30.80340624,1783952925.32931018,862637.82713190,1783952925249.8474,7925,teach_record_20260713_222814_color.mp4
924,30.83943367,1783952925.36533761,862637.86369290,1783952925283.2212,7926,teach_record_20260713_222814_color.mp4
925,30.86926293,1783952925.39516687,862637.89400510,1783952925316.5950,7927,teach_record_20260713_222814_color.mp4
926,30.90284920,1783952925.42875314,862637.92732410,1783952925349.9688,7928,teach_record_20260713_222814_color.mp4
927,30.93597913,1783952925.46188307,862637.96000840,1783952925383.3425,7929,teach_record_20260713_222814_color.mp4
928,30.97024870,1783952925.49615264,862637.99413960,1783952925416.7163,7930,teach_record_20260713_222814_color.mp4
929,31.00383806,1783952925.52974200,862638.02764680,1783952925450.0903,7931,teach_record_20260713_222814_color.mp4
930,31.03518867,1783952925.56109262,862638.05999230,1783952925483.4644,7932,teach_record_20260713_222814_color.mp4
931,31.06936502,1783952925.59526896,862638.09332370,1783952925516.8384,7933,teach_record_20260713_222814_color.mp4
932,31.10341239,1783952925.62931633,862638.12696620,1783952925550.2126,7934,teach_record_20260713_222814_color.mp4
933,31.13648438,1783952925.66238832,862638.16043840,1783952925583.5867,7935,teach_record_20260713_222814_color.mp4
934,31.17038584,1783952925.69628978,862638.19437030,1783952925616.9609,7936,teach_record_20260713_222814_color.mp4
935,31.20237589,1783952925.72827983,862638.22731740,1783952925650.3352,7937,teach_record_20260713_222814_color.mp4
936,31.23729563,1783952925.76319957,862638.26145450,1783952925683.7097,7938,teach_record_20260713_222814_color.mp4
937,31.27119350,1783952925.79709744,862638.29518510,1783952925717.0840,7939,teach_record_20260713_222814_color.mp4
938,31.30298257,1783952925.82888651,862638.32681380,1783952925750.4585,7940,teach_record_20260713_222814_color.mp4
939,31.33568048,1783952925.86158442,862638.36030200,1783952925783.8330,7941,teach_record_20260713_222814_color.mp4
940,31.37036610,1783952925.89627004,862638.39485940,1783952925817.2078,7942,teach_record_20260713_222814_color.mp4
941,31.40392828,1783952925.92983222,862638.42771470,1783952925850.5823,7943,teach_record_20260713_222814_color.mp4
942,31.43714333,1783952925.96304727,862638.46068400,1783952925883.9570,7944,teach_record_20260713_222814_color.mp4
943,31.47017980,1783952925.99608374,862638.49381260,1783952925917.3318,7945,teach_record_20260713_222814_color.mp4
944,31.50360990,1783952926.02951384,862638.52753600,1783952925950.7065,7946,teach_record_20260713_222814_color.mp4
945,31.53696251,1783952926.06286645,862638.56075100,1783952925984.0813,7947,teach_record_20260713_222814_color.mp4
946,31.57020664,1783952926.09611058,862638.59381230,1783952926017.4563,7948,teach_record_20260713_222814_color.mp4
947,31.60382771,1783952926.12973166,862638.62725940,1783952926050.8313,7949,teach_record_20260713_222814_color.mp4
948,31.63743353,1783952926.16333747,862638.66090480,1783952926084.2061,7950,teach_record_20260713_222814_color.mp4
949,31.67032027,1783952926.19622421,862638.69447120,1783952926117.5710,7951,teach_record_20260713_222814_color.mp4
950,31.70288348,1783952926.22878742,862638.72707680,1783952926150.9338,7952,teach_record_20260713_222814_color.mp4
951,31.73738432,1783952926.26328826,862638.76126680,1783952926184.2969,7953,teach_record_20260713_222814_color.mp4
952,31.77129340,1783952926.29719734,862638.79506830,1783952926217.6597,7954,teach_record_20260713_222814_color.mp4
953,31.80520034,1783952926.33110428,862638.82874240,1783952926251.0225,7955,teach_record_20260713_222814_color.mp4
954,31.83707595,1783952926.36297989,862638.86091530,1783952926284.3853,7956,teach_record_20260713_222814_color.mp4
955,31.87319016,1783952926.39909410,862638.89781700,1783952926317.7480,7957,teach_record_20260713_222814_color.mp4
956,31.90326953,1783952926.42917347,862638.92757230,1783952926351.1108,7958,teach_record_20260713_222814_color.mp4
957,31.93741894,1783952926.46332288,862638.96107530,1783952926384.4739,7959,teach_record_20260713_222814_color.mp4
958,31.97073603,1783952926.49663997,862638.99451440,1783952926417.8367,7960,teach_record_20260713_222814_color.mp4
959,32.00385284,1783952926.52975678,862639.02774990,1783952926451.1995,7961,teach_record_20260713_222814_color.mp4
960,32.03711438,1783952926.56301832,862639.06115150,1783952926484.5623,7962,teach_record_20260713_222814_color.mp4
961,32.07106996,1783952926.59697390,862639.09461130,1783952926517.9250,7963,teach_record_20260713_222814_color.mp4
962,32.10480380,1783952926.63070774,862639.12869210,1783952926551.2876,7964,teach_record_20260713_222814_color.mp4
963,32.13747740,1783952926.66338134,862639.16082010,1783952926584.6504,7965,teach_record_20260713_222814_color.mp4
964,32.17219400,1783952926.69809794,862639.19570940,1783952926618.0132,7966,teach_record_20260713_222814_color.mp4
965,32.20467043,1783952926.73057437,862639.22805850,1783952926651.3760,7967,teach_record_20260713_222814_color.mp4
966,32.23722887,1783952926.76313281,862639.26090970,1783952926684.7388,7968,teach_record_20260713_222814_color.mp4
967,32.27025867,1783952926.79616261,862639.29420680,1783952926718.1016,7969,teach_record_20260713_222814_color.mp4
968,32.30503488,1783952926.83093882,862639.32838560,1783952926751.4641,7970,teach_record_20260713_222814_color.mp4
969,32.33673191,1783952926.86263585,862639.36078830,1783952926784.8269,7971,teach_record_20260713_222814_color.mp4
970,32.37056184,1783952926.89646578,862639.39471800,1783952926818.1897,7972,teach_record_20260713_222814_color.mp4
971,32.40389490,1783952926.92979884,862639.42802960,1783952926851.5525,7973,teach_record_20260713_222814_color.mp4
972,32.43953633,1783952926.96544027,862639.46284750,1783952926884.9150,7974,teach_record_20260713_222814_color.mp4
973,32.47007108,1783952926.99597502,862639.49428490,1783952926918.2778,7975,teach_record_20260713_222814_color.mp4
974,32.50528097,1783952927.03118491,862639.52924530,1783952926951.6404,7976,teach_record_20260713_222814_color.mp4
975,32.53838515,1783952927.06428909,862639.56168600,1783952926985.0032,7977,teach_record_20260713_222814_color.mp4
976,32.57080054,1783952927.09670448,862639.59474860,1783952927018.3657,7978,teach_record_20260713_222814_color.mp4
977,32.60533667,1783952927.13124061,862639.62899280,1783952927051.7285,7979,teach_record_20260713_222814_color.mp4
978,32.63935804,1783952927.16526198,862639.66288290,1783952927085.0911,7980,teach_record_20260713_222814_color.mp4
979,32.67154884,1783952927.19745278,862639.69509400,1783952927118.4539,7981,teach_record_20260713_222814_color.mp4
980,32.70479369,1783952927.23069763,862639.72809570,1783952927151.8186,7982,teach_record_20260713_222814_color.mp4
981,32.73839760,1783952927.26430154,862639.76193580,1783952927185.1814,7983,teach_record_20260713_222814_color.mp4
982,32.77226090,1783952927.29816484,862639.79568250,1783952927218.5439,7984,teach_record_20260713_222814_color.mp4
