time_s,loop_count,master_q1,master_q2,master_q3,master_q4,master_q5,master_q6,slave_target_q1,slave_target_q2,slave_target_q3,slave_target_q4,slave_target_q5,slave_target_q6,slave_actual_q1,slave_actual_q2,slave_actual_q3,slave_actual_q4,slave_actual_q5,slave_actual_q6,slave_actual_v1,slave_actual_v2,slave_actual_v3,slave_actual_v4,slave_actual_v5,slave_actual_v6,master_tool,slave_tool_target,slave_tool_actual,slave_tool_actual_vel
0.02568173,5,3.09991645,-1.69256480,-3.09683998,0.03509521,1.48421383,-0.00152588,3.09979145,-1.64483580,-3.09771498,0.01951387,1.48965329,-0.00110205,3.09953498,-1.65022166,-3.09951027,-0.00038147,1.50023556,-0.00038147,-0.00488281,-0.00488281,0.00488281,0.00000000,0.01464844,-0.01464844,1.00021362,2.58001123,2.57949829,-0.04882812
0.03884935,10,3.09991645,-1.69256480,-3.09683998,0.04234314,1.48306943,-0.00190735,3.09987549,-1.64307096,-3.09712670,0.03346205,1.48547731,-0.00152433,3.09953498,-1.65022166,-3.09951027,0.00000000,1.50023556,-0.00038147,-0.00488281,-0.00488281,0.00488281,0.01464844,0.01464844,0.00000000,1.00021362,2.58025744,2.57949829,-0.02441406
0.05306506,15,3.09991645,-1.69256480,-3.09683998,0.04768372,1.48154355,-0.00343323,3.09990302,-1.64249265,-3.09693394,0.04194837,1.48311430,-0.00240684,3.09953498,-1.65022166,-3.09951027,0.00038147,1.49985409,-0.00038147,-0.00488281,-0.00488281,0.00488281,0.04394531,-0.01464844,-0.01464844,0.99983215,2.58002927,2.57949829,0.00000000
0.06640267,20,3.09991645,-1.69256480,-3.09683998,0.05264282,1.48039914,-0.00762939,3.09991205,-1.64230315,-3.09687077,0.04804715,1.48153933,-0.00493613,3.09953498,-1.65022166,-3.09951027,0.00152588,1.49909115,-0.00038147,-0.00488281,-0.00976562,0.00488281,0.07324219,-0.04394531,-0.01464844,0.99983215,2.57967228,2.57987976,0.00000000
0.07775283,25,3.09991645,-1.69256480,-3.09683998,0.05607605,1.47963620,-0.01220703,3.09991501,-1.64224106,-3.09685007,0.05277473,1.48041021,-0.00869218,3.09953498,-1.65022166,-3.09951027,0.00343323,1.49794674,-0.00038147,-0.00976562,-0.00488281,0.00976562,0.16113281,-0.11718750,-0.01464844,0.99983215,2.57955530,2.57949829,-0.04882812
0.09323001,30,3.09991645,-1.69256480,-3.09683998,0.06065369,1.47734738,-0.02326965,3.09991597,-1.64222071,-3.09684329,0.05700990,1.47898089,-0.01570775,3.09953498,-1.65022166,-3.09951027,0.00724792,1.49565793,-0.00038147,-0.00976562,-0.00488281,0.00488281,0.26367188,-0.10253906,-0.01464844,0.99983215,2.57951697,2.57949829,-0.02441406
0.10603118,35,3.09991645,-1.69256480,-3.09683998,0.06332397,1.47620297,-0.03395081,3.09991629,-1.64221405,-3.09684107,0.06057236,1.47724605,-0.02527175,3.09953498,-1.65022166,-3.09951027,0.01068115,1.49451352,-0.00076294,-0.00488281,-0.00488281,0.00488281,0.23437500,-0.08789062,-0.02929688,0.99983215,2.57960207,2.57987976,-0.02441406
0.12021780,40,3.09991645,-1.69256480,-3.09683998,0.06561279,1.47582150,-0.04844666,3.09991640,-1.64221186,-3.09684034,0.06352120,1.47640744,-0.03735221,3.09953498,-1.65022166,-3.09951027,0.01525879,1.49298764,-0.00114441,-0.00976562,-0.00488281,0.00488281,0.30761719,-0.10253906,-0.02929688,0.99983215,2.57953230,2.57949829,0.00000000
0.13407230,45,3.10029792,-1.69256480,-3.09683998,0.06675720,1.47544003,-0.05950928,3.10014165,-1.64221114,-3.09684010,0.06536626,1.47587617,-0.04946125,3.09953498,-1.65022166,-3.09951027,0.01907349,1.49146176,-0.00190735,0.00000000,-0.00488281,0.00488281,0.23437500,-0.05859375,-0.08789062,0.99983215,2.57950943,2.57949829,-0.02441406
0.14845276,50,3.10106086,-1.69256480,-3.09683998,0.06866455,1.47429562,-0.07019043,3.10054822,-1.64221091,-3.09684002,0.06718289,1.47509527,-0.06125092,3.09953498,-1.65022166,-3.09951027,0.02326965,1.49031735,-0.00534058,-0.00976562,-0.00488281,0.00488281,0.29296875,-0.10253906,-0.32226562,0.99716187,2.57731176,2.57949829,-0.02441406
0.16176558,55,3.10106086,-1.69256480,-3.09683998,0.06942749,1.47391415,-0.07858276,3.10089288,-1.64221083,-3.09684000,0.06854159,1.47433243,-0.07122964,3.09953498,-1.65022166,-3.09951027,0.02555847,1.48802853,-0.00953674,-0.00488281,-0.00488281,0.00488281,0.24902344,-0.14648438,-0.27832031,0.98762512,2.56675251,2.57949829,-0.02441406
0.17577052,60,3.10182379,-1.69256480,-3.09683998,0.07171631,1.47353268,-0.08850098,3.10139961,-1.64221081,-3.09683999,0.07023607,1.47379474,-0.08113691,3.09953498,-1.65022166,-3.09951027,0.02975464,1.48650265,-0.01182556,-0.00488281,-0.00488281,0.00488281,0.24902344,-0.08789062,-0.20507812,0.96855164,2.54675251,2.57949829,-0.04882812
0.18984532,65,3.10182379,-1.69256480,-3.09683998,0.07247925,1.47353268,-0.09346008,3.10168480,-1.64221080,-3.09683999,0.07153278,1.47361855,-0.08853091,3.09953498,-1.65022166,-3.09951027,0.03242493,1.48535824,-0.01831055,-0.00488281,0.00000000,-0.00000000,0.17578125,-0.04394531,-0.55664062,0.95214844,2.52675251,2.57911682,-0.04882812
0.20389867,70,3.10182379,-1.69256480,-3.09683998,0.07286072,1.47353268,-0.09918213,3.10177825,-1.64221080,-3.09683998,0.07230644,1.47356082,-0.09436186,3.09953498,-1.65022166,-3.09951027,0.03509521,1.48497677,-0.02441406,-0.00488281,0.00000000,-0.00000000,0.14648438,-0.01464844,-0.51269531,0.92887878,2.50675251,2.57873535,-0.02441406
0.21613479,75,3.10220526,-1.69256480,-3.09683998,0.07286072,1.47353268,-0.10185242,3.10188516,-1.64221080,-3.09683998,0.07267909,1.47354190,-0.09853951,3.09953498,-1.65022166,-3.09951027,0.03700256,1.48497677,-0.02937317,-0.00488281,0.00000000,0.00488281,0.13183594,0.01464844,-0.30761719,0.91400146,2.48675251,2.57759094,-0.12207031
0.23188114,80,3.10220526,-1.69256480,-3.09645851,0.07286072,1.47353268,-0.10337830,3.10210037,-1.64221080,-3.09665383,0.07280120,1.47353570,-0.10169116,3.09953498,-1.64984019,-3.09951027,0.03967285,1.48535824,-0.03318787,-0.00488281,0.00488281,0.00488281,0.13183594,-0.00000000,-0.27832031,0.89645386,2.46675251,2.57492065,-0.26855469
0.24688554,85,3.10258673,-1.69256480,-3.09607704,0.07247925,1.47353268,-0.10337830,3.10239611,-1.64221080,-3.09629729,0.07258475,1.47353367,-0.10282546,3.09953498,-1.64984019,-3.09951027,0.04272461,1.48459530,-0.03814697,-0.00976562,0.00976562,0.00976562,0.14648438,-0.02929688,-0.29296875,0.88195801,2.44675251,2.56385803,-0.78125000
0.26119089,90,3.10334967,-1.69256480,-3.09569558,0.07247925,1.47353268,-0.10337830,3.10291807,-1.64221080,-3.09596306,0.07251382,1.47353301,-0.10319714,3.09953498,-1.64945872,-3.09951027,0.04463196,1.48383236,-0.04425049,-0.00488281,0.01464844,0.00488281,0.16113281,-0.05859375,-0.51269531,0.86860657,2.42675251,2.55317688,-0.73242188
0.27517509,95,3.10373114,-1.69256480,-3.09569558,0.07247925,1.47353268,-0.10375977,3.10339440,-1.64221080,-3.09578322,0.07249058,1.47353279,-0.10350509,3.09953498,-1.64945872,-3.09951027,0.04615784,1.48306943,-0.04882812,0.00000000,0.00976562,0.00488281,0.11718750,-0.07324219,-0.42480469,0.86326599,2.40675251,2.54402161,-0.87890625
0.29109073,100,3.10449408,-1.69256480,-3.09569558,0.07247925,1.47353268,-0.10337830,3.10398335,-1.64221080,-3.09572430,0.07248296,1.47353272,-0.10360002,3.09991645,-1.64907725,-3.09951027,0.04920959,1.48154355,-0.05455017,0.00000000,0.00976562,0.00488281,0.19042969,-0.05859375,-0.29296875,0.86059570,2.38675251,2.53028870,-0.78125000
0.30659342,105,3.10563849,-1.69256480,-3.09569558,0.07209778,1.47353268,-0.10337830,3.10479682,-1.64221080,-3.09570499,0.07234314,1.47353269,-0.10345095,3.09991645,-1.64869578,-3.09951027,0.05111694,1.48116208,-0.05645752,0.00000000,0.01464844,-0.00000000,0.07324219,-0.02929688,-0.17578125,0.86135864,2.36675251,2.51693726,-0.80566406
0.31876850,110,3.10640143,-1.69256480,-3.09569558,0.07133484,1.47353268,-0.10337830,3.10575649,-1.64221080,-3.09569866,0.07173555,1.47353269,-0.10340210,3.09991645,-1.64869578,-3.09951027,0.05264282,1.48039914,-0.06027222,0.00488281,0.00976562,0.00488281,0.10253906,-0.01464844,-0.32226562,0.86288452,2.34675251,2.50740051,-0.80566406
0.33359718,115,3.10754584,-1.69256480,-3.09569558,0.07095337,1.47391415,-0.10299683,3.10670902,-1.64221080,-3.09569659,0.07124092,1.47360898,-0.10324877,3.10029792,-1.64831431,-3.09951027,0.05340576,1.48039914,-0.06217957,0.01464844,0.00488281,0.00976562,0.04394531,0.01464844,-0.11718750,0.87356567,2.33133877,2.49710083,-0.83007812
0.34843469,120,3.10830878,-1.69256480,-3.09569558,0.07095337,1.47391415,-0.10299683,3.10753408,-1.64221080,-3.09569591,0.07104760,1.47381415,-0.10307938,3.10029792,-1.64831431,-3.09951027,0.05416870,1.48001767,-0.06561279,0.00488281,0.00000000,0.00488281,0.04394531,-0.00000000,-0.26367188,0.88500977,2.33858934,2.48336792,-0.90332031
0.36227417,125,3.10869025,-1.69256480,-3.09569558,0.07133484,1.47429562,-0.10299683,3.10824108,-1.64221080,-3.09569568,0.07117040,1.47406754,-0.10302388,3.10029792,-1.64831431,-3.09951027,0.05531311,1.48001767,-0.07057190,0.00000000,0.00488281,0.00976562,0.07324219,-0.00000000,-0.38085938,0.89950562,2.35713997,2.47535706,-0.68359375
0.37909961,130,3.10983466,-1.69256480,-3.09569558,0.07171631,1.47467709,-0.10261536,3.10903074,-1.64221080,-3.09569561,0.07146711,1.47440704,-0.10278047,3.10067939,-1.64831431,-3.09951027,0.05760193,1.47963620,-0.07286072,0.00000000,0.00000000,0.00488281,0.16113281,-0.01464844,-0.13183594,0.91972351,2.37713997,2.45971680,-0.95214844
0.39185119,135,3.11097907,-1.69256480,-3.09493264,0.07171631,1.47544003,-0.10261536,3.11009796,-1.64221080,-3.09530179,0.07163465,1.47498240,-0.10266946,3.10067939,-1.64831431,-3.09951027,0.05874634,1.47925473,-0.07438660,0.00000000,-0.00488281,0.00976562,0.08789062,-0.01464844,-0.17578125,0.94604492,2.39713997,2.44903564,-0.80566406
0.40512156,140,3.11212348,-1.69256480,-3.09378823,0.07171631,1.47505856,-0.10261536,3.11127812,-1.64221080,-3.09452247,0.07168955,1.47515275,-0.10263309,3.10067939,-1.64831431,-3.09951027,0.06027222,1.47887326,-0.07896423,0.00976562,-0.00488281,0.00488281,0.11718750,-0.01464844,-0.27832031,0.96817017,2.41713997,2.44636536,-0.26855469
0.42075610,145,3.11403083,-1.69256480,-3.09226235,0.07171631,1.47505856,-0.10261536,3.11278897,-1.64221080,-3.09340382,0.07170754,1.47517731,-0.10262117,3.10106086,-1.64793284,-3.09951027,0.06103516,1.47887326,-0.07972717,0.02929688,0.00000000,0.00488281,0.01464844,0.02929688,-0.01464844,0.99678040,2.43713997,2.44216919,-0.19531250
0.43602586,150,3.11517524,-1.69256480,-3.09073647,0.07171631,1.47505856,-0.10261536,3.11421166,-1.64221080,-3.09189225,0.07171344,1.47509747,-0.10261726,3.10144233,-1.64793284,-3.09912880,0.06103516,1.47887326,-0.08049011,0.00000000,0.00488281,0.01464844,-0.01464844,0.01464844,-0.08789062,1.02386475,2.45713997,2.43797302,-0.29296875
0.45065308,155,3.11670111,-1.69256480,-3.08844765,0.07209778,1.47505856,-0.10261536,3.11560363,-1.64221080,-3.09011837,0.07194059,1.47507131,-0.10261598,3.10144233,-1.64793284,-3.09912880,0.06103516,1.47887326,-0.08201599,0.00488281,0.00488281,0.00976562,0.00000000,0.01464844,-0.14648438,1.03645325,2.47713997,2.43797302,-0.04882812
0.46413755,160,3.11784552,-1.69256480,-3.08692177,0.07209778,1.47467709,-0.10223389,3.11696051,-1.64221080,-3.08818994,0.07204627,1.47483752,-0.10239034,3.10144233,-1.64755137,-3.09874733,0.06141663,1.47849179,-0.08430481,0.00488281,0.00488281,0.02441406,0.01464844,-0.01464844,-0.20507812,1.03683472,2.49713997,2.43835449,0.02441406
0.47657967,165,3.12013434,-1.69256480,-3.08463295,0.07171631,1.47391415,-0.10223389,3.11854454,-1.64221080,-3.08626042,0.07200461,1.47433586,-0.10228515,3.10182379,-1.64755137,-3.09874733,0.06217957,1.47811032,-0.08544922,0.01464844,0.00976562,0.02441406,0.04394531,-0.00000000,-0.07324219,1.03683472,2.51713997,2.43873596,0.00000000
0.48895049,170,3.12127875,-1.69256480,-3.08310707,0.07209778,1.47315121,-0.10223389,3.12010107,-1.64221080,-3.08454124,0.07203600,1.47375082,-0.10225069,3.10220526,-1.64755137,-3.09836586,0.06294250,1.47811032,-0.08621216,0.01464844,0.00976562,0.01953125,0.04394531,-0.00000000,-0.10253906,1.03683472,2.53713997,2.43988037,0.02441406
0.50224018,175,3.12280463,-1.69256480,-3.08119973,0.07209778,1.47276974,-0.10261536,3.12172927,-1.64221080,-3.08264672,0.07207753,1.47316154,-0.10246461,3.10220526,-1.64716990,-3.09836586,0.06370544,1.47811032,-0.08735657,0.00976562,0.00488281,0.02929688,0.02929688,-0.00000000,-0.05859375,1.03645325,2.55713997,2.44216919,0.19531250
0.51902032,180,3.12509345,-1.69256480,-3.07891091,0.07209778,1.47124386,-0.10261536,3.12333971,-1.64221080,-3.08068633,0.07209114,1.47227313,-0.10251713,3.10258673,-1.64716990,-3.09760292,0.06523132,1.47772885,-0.08773804,0.01464844,0.00000000,0.01953125,0.05859375,-0.00000000,-0.05859375,1.03683472,2.57713997,2.45780945,0.61035156
0.53190875,185,3.12661933,-1.69256480,-3.07738503,0.07171631,1.47009945,-0.10223389,3.12508275,-1.64221080,-3.07892871,0.07201931,1.47109346,-0.10237553,3.10296820,-1.64716990,-3.09760292,0.06561279,1.47772885,-0.08850098,0.03417969,0.00000000,0.01464844,0.02929688,0.01464844,-0.08789062,1.03683472,2.59713997,2.46505737,0.61035156
0.54477310,190,3.12776374,-1.69256480,-3.07547768,0.07209778,1.46895505,-0.10223389,3.12667380,-1.64221080,-3.07707043,0.07207207,1.46986719,-0.10228030,3.10334967,-1.64716990,-3.09760292,0.06561279,1.47734738,-0.08926392,0.03417969,0.00000000,0.01953125,0.00000000,-0.00000000,-0.08789062,1.03683472,2.61713997,2.47230530,0.83007812
0.55908775,195,3.12928962,-1.69256480,-3.07395180,0.07209778,1.46819211,-0.10223389,3.12804086,-1.64221080,-3.07536531,0.07190918,1.46899148,-0.10224910,3.10411261,-1.64678843,-3.09722145,0.06599426,1.47734738,-0.09117126,0.02929688,-0.00488281,0.02929688,0.01464844,-0.01464844,-0.10253906,1.03683472,2.63713997,2.48985291,0.83007812
0.57192421,200,3.13005255,-1.69256480,-3.07204445,0.07209778,1.46666623,-0.10261536,3.12918194,-1.64221080,-3.07356476,0.07188705,1.46782905,-0.10231516,3.10449408,-1.64678843,-3.09683998,0.06675720,1.47658444,-0.09193420,0.01464844,-0.00488281,0.03417969,0.04394531,-0.02929688,-0.05859375,1.03683472,2.64814144,2.49633789,0.48828125
0.58521223,205,3.13119696,-1.69256480,-3.06975563,0.07209778,1.46590329,-0.10261536,3.13034723,-1.64221080,-3.07145352,0.07202873,1.46660463,-0.10239785,3.10487555,-1.64678843,-3.09607704,0.06790161,1.47620297,-0.09307861,0.03417969,-0.00488281,0.04882812,0.07324219,-0.01464844,-0.10253906,1.03645325,2.65129597,2.50816345,0.90332031
0.60066032,210,3.13272284,-1.69256480,-3.06632241,0.07209778,1.46323300,-0.10261536,3.13157477,-1.64221080,-3.06891539,0.07195601,1.46498918,-0.10248305,3.10563849,-1.64678843,-3.09569558,0.06828308,1.47544003,-0.09536743,0.04394531,0.00000000,0.02929688,0.01464844,-0.02929688,-0.17578125,1.03645325,2.65242730,2.52113342,0.80566406
0.61383057,215,3.13463019,-1.69256480,-3.06327065,0.07209778,1.46018124,-0.10261536,3.13322811,-1.64221080,-3.06582051,0.07197125,1.46245690,-0.10257200,3.10601996,-1.64678843,-3.09531411,0.06828308,1.47505856,-0.09536743,0.02441406,0.00976562,0.03906250,-0.01464844,-0.01464844,-0.01464844,1.03645325,2.65263786,2.53219604,0.65917969
0.62812400,220,3.13615607,-1.69256480,-3.06060036,0.07209778,1.45827389,-0.10261536,3.13486607,-1.64221080,-3.06301109,0.07205632,1.46001421,-0.10254011,3.10640143,-1.64640696,-3.09493264,0.06828308,1.47391415,-0.09536743,0.01464844,0.00488281,0.03417969,-0.01464844,-0.08789062,0.00000000,1.03645325,2.65270685,2.54364014,0.80566406
0.64274645,225,3.13730048,-1.69256480,-3.05793007,0.07209778,1.45674801,-0.10261536,3.13613314,-1.64221080,-3.06021660,0.07208419,1.45821916,-0.10259070,3.10716437,-1.64640696,-3.09416970,0.06828308,1.47238827,-0.09574890,0.03906250,0.00488281,0.05859375,-0.01464844,-0.10253906,-0.02929688,1.03645325,2.65272946,2.55470276,0.70800781
0.65721059,230,3.13882636,-1.69256480,-3.05525978,0.07209778,1.45407773,-0.10223389,3.13772314,-1.64221080,-3.05728491,0.07209333,1.45578684,-0.10239964,3.10754584,-1.64640696,-3.09340676,0.06828308,1.47009945,-0.09613037,0.03906250,0.00000000,0.03906250,-0.01464844,-0.10253906,-0.04394531,1.03645325,2.65273687,2.56652832,0.68359375
0.67203021,235,3.14073371,-1.69256480,-3.05258950,0.07209778,1.45102597,-0.10223389,3.13934633,-1.64221080,-3.05464811,0.07209632,1.45331746,-0.10228820,3.10792731,-1.64602549,-3.09302529,0.06866455,1.46895505,-0.09689331,0.02441406,0.00488281,0.05371094,0.00000000,-0.07324219,-0.05859375,1.03645325,2.65273930,2.57453918,0.68359375
0.68475771,240,-3.14054425,-1.69256480,-3.04991921,0.07209778,1.44644833,-0.10147095,3.14124845,-1.64221080,-3.05175198,0.07209730,1.44933446,-0.10195017,3.10830878,-1.64602549,-3.09264382,0.06866455,1.46781064,-0.09765625,0.01953125,0.00488281,0.05371094,0.00000000,-0.08789062,-0.07324219,1.03645325,2.65283775,2.58178711,0.53710938
0.69773602,245,-3.13825543,-1.69256480,-3.04686745,0.07209778,1.44454098,-0.10108948,3.14319132,-1.64221080,-3.04921166,0.07209762,1.44653407,-0.10155169,3.10907172,-1.64602549,-3.09188088,0.06866455,1.46628476,-0.09803772,0.03906250,-0.00488281,0.05371094,-0.02929688,-0.08789062,-0.01464844,1.03683472,2.65292494,2.58827209,0.36621094
0.71089888,250,-3.13596661,-1.69256480,-3.04496010,0.07209778,1.44263363,-0.10108948,3.14534773,-1.64221080,-3.04676341,0.07209773,1.44432189,-0.10124093,3.10945319,-1.64602549,-3.09073647,0.06866455,1.46552182,-0.09803772,0.04394531,0.00000000,0.06835938,0.00000000,-0.02929688,-0.04394531,1.03645325,2.65286342,2.59437561,0.43945312
0.72724891,255,-3.13329633,-1.69256480,-3.04267128,0.07209778,1.44072629,-0.10108948,3.14776174,-1.64221080,-3.04442235,0.07209776,1.44239326,-0.10113911,3.11059760,-1.64602549,-3.08997353,0.06866455,1.46399594,-0.09803772,0.04882812,0.00488281,0.05859375,0.00000000,-0.13183594,-0.01464844,1.03645325,2.65290284,2.60200500,0.26855469
0.74000263,260,-3.13062604,-1.69256480,-3.04114540,0.07209778,1.43996335,-0.10070801,3.15037491,-1.64221080,-3.04250093,0.07209777,1.44090997,-0.10099038,3.11097907,-1.64602549,-3.08882912,0.06904602,1.46208859,-0.09841919,0.03906250,-0.00488281,0.08789062,0.00000000,-0.16113281,-0.02929688,1.03645325,2.65279368,2.60467529,0.31738281
0.75512600,265,-3.12719281,-1.69256480,-3.03923806,0.07209778,1.43996335,-0.10070801,3.15352038,-1.64221080,-3.04063780,0.07209778,1.44027354,-0.10080054,3.11174201,-1.64564402,-3.08806618,0.06904602,1.45941830,-0.09841919,0.05859375,0.00000000,0.04394531,0.00000000,-0.14648438,-0.02929688,1.03645325,2.65275791,2.61001587,0.29296875
0.76766372,270,-3.12375958,-1.69256480,-3.03771218,0.07209778,1.43958188,-0.10032654,3.15647894,-1.64221080,-3.03913276,0.07209778,1.43998870,-0.10055217,3.11250495,-1.64564402,-3.08730324,0.06904602,1.45827389,-0.09841919,0.05371094,0.00488281,0.05859375,0.00000000,-0.05859375,-0.02929688,1.03683472,2.65297690,2.61192322,0.17089844
0.78128099,275,-3.12147077,-1.69256480,-3.03656777,0.07171631,1.43805600,-0.09956360,3.15952775,-1.64221080,-3.03762897,0.07188037,1.43901010,-0.10003792,3.11326789,-1.64564402,-3.08654030,0.06942749,1.45751095,-0.09880066,0.05371094,0.00000000,0.06347656,0.01464844,-0.04394531,-0.02929688,1.03645325,2.65281795,2.61573792,0.24414062
0.79477572,280,-3.11803754,-1.69256480,-3.03427895,0.07171631,1.43576718,-0.09880066,3.16263335,-1.64221080,-3.03579905,0.07177007,1.43736205,-0.09927640,3.11403083,-1.64564402,-3.08577736,0.06980896,1.45636654,-0.09880066,0.05371094,-0.00488281,0.08300781,0.01464844,-0.08789062,-0.01464844,1.03645325,2.65276586,2.61726379,0.04882812
0.80827284,285,-3.11498578,-1.69256480,-3.03237160,0.07133484,1.43347836,-0.09841919,3.16589074,-1.64221080,-3.03395662,0.07165763,1.43524413,-0.09888026,3.11517524,-1.64564402,-3.08425148,0.06980896,1.45522214,-0.09918213,0.04882812,-0.00488281,0.08789062,-0.01464844,-0.04394531,-0.02929688,1.03645325,2.65274880,2.61840820,0.04882812
0.82198334,290,-3.11193402,-1.69256480,-3.03046425,0.07133484,1.43157101,-0.09803772,3.16893126,-1.64221080,-3.03207055,0.07133075,1.43305636,-0.09838411,3.11593817,-1.64564402,-3.08387001,0.06980896,1.45445920,-0.09918213,0.04882812,-0.00488281,0.07324219,0.01464844,-0.04394531,-0.02929688,1.03645325,2.65274320,2.61993408,0.09765625
0.83519173,295,-3.10850079,-1.69256480,-3.02855690,0.07095337,1.42928219,-0.09765625,3.17211667,-1.64221080,-3.03010913,0.07110828,1.43095104,-0.09796507,3.11670111,-1.64526255,-3.08272560,0.06980896,1.45293332,-0.09918213,0.06835938,0.00000000,0.07812500,0.00000000,-0.10253906,-0.01464844,1.03645325,2.65274137,2.62145996,0.04882812
0.85108924,300,-3.10506757,-1.69256480,-3.02626808,0.07057190,1.42661191,-0.09613037,3.17544965,-1.64221080,-3.02789781,0.07077891,1.42857721,-0.09706213,3.11784552,-1.64526255,-3.08158120,0.06980896,1.45140744,-0.09918213,0.05859375,-0.00488281,0.07812500,-0.01464844,-0.07324219,-0.01464844,1.03645325,2.65280327,2.62222290,0.02441406
0.86506414,305,-3.10201581,-1.69256480,-3.02397927,0.07019043,1.42356015,-0.09346008,3.17879278,-1.64221080,-3.02573449,0.07050240,1.42582572,-0.09537966,3.11898993,-1.64526255,-3.08081826,0.06980896,1.45102597,-0.09918213,0.07812500,0.00000000,0.06347656,-0.02929688,-0.04394531,-0.01464844,1.03683472,2.65303571,2.62260437,0.00000000
0.87899685,310,-3.09858258,-1.69256480,-3.02092751,0.06942749,1.41936398,-0.08888245,3.18193623,-1.64221080,-3.02329514,0.06993011,1.42254338,-0.09225364,3.12013434,-1.64526255,-3.07967385,0.06980896,1.44988156,-0.09918213,0.07324219,-0.00488281,0.08789062,-0.01464844,-0.02929688,0.00000000,1.03683472,2.65328766,2.62336731,0.02441406
0.89293003,315,-3.09591229,-1.69256480,-3.01902016,0.06904602,1.41554928,-0.08583069,3.18508285,-1.64221080,-3.02074325,0.06936697,1.41850322,-0.08856622,3.12127875,-1.64526255,-3.07891091,0.07019043,1.44873715,-0.09880066,0.08789062,-0.00976562,0.08789062,0.01464844,-0.10253906,0.00000000,1.03645325,2.65309556,2.62413025,0.02441406
0.90711308,320,-3.09171613,-1.69256480,-3.01444252,0.06752014,1.41059018,-0.07781982,3.18855278,-1.64221080,-3.01736994,0.06833674,1.41400685,-0.08280849,3.12242316,-1.64526255,-3.07738503,0.07019043,1.44568539,-0.09880066,0.07812500,-0.00488281,0.09765625,-0.01464844,-0.19042969,0.00000000,1.03683472,2.65336977,2.62565613,0.07324219
0.92052746,325,-3.08866437,-1.69256480,-3.01062783,0.06675720,1.40753842,-0.07209778,3.19192174,-1.64221080,-3.01373112,0.06752527,1.41030155,-0.07692436,3.12356757,-1.64526255,-3.07624062,0.07019043,1.44263363,-0.09880066,0.09277344,-0.00488281,0.07324219,-0.01464844,-0.23437500,0.01464844,1.03721619,2.65361221,2.62718201,0.04882812
0.93425250,330,-3.08599408,-1.69256480,-3.00719460,0.06599426,1.40524960,-0.06828308,3.19489177,-1.64221080,-3.01009869,0.06668540,1.40740747,-0.07194717,3.12471198,-1.64526255,-3.07547768,0.07019043,1.43920041,-0.09841919,0.08300781,-0.00488281,0.08300781,-0.02929688,-0.24902344,0.01464844,1.03683472,2.65380176,2.62756348,0.04882812
0.94836712,335,-3.08256085,-1.69256480,-3.00299843,0.06484985,1.40296078,-0.06217957,3.19819470,-1.64221080,-3.00602671,0.06578189,1.40505703,-0.06645150,3.12623786,-1.64526255,-3.07433327,0.06980896,1.43500424,-0.09765625,0.08789062,0.00000000,0.07812500,-0.02929688,-0.26367188,0.01464844,1.03683472,2.65376134,2.62832642,0.02441406
0.96262121,340,-3.07912763,-1.69256480,-2.99765786,0.06370544,1.39762021,-0.05493164,3.20158523,-1.64221080,-3.00117213,0.06448742,1.40086033,-0.05981829,3.12700080,-1.64526255,-3.07318886,0.06980896,1.43271542,-0.09689331,0.08300781,0.00000000,0.10742188,-0.01464844,-0.20507812,0.07324219,1.03721619,2.65410087,2.62870789,0.00000000
0.97589731,345,-3.07569440,-1.69256480,-2.99308022,0.06332397,1.39151669,-0.04882812,3.20488093,-1.64221080,-2.99665707,0.06373646,1.39583427,-0.05359735,3.12890815,-1.64526255,-3.07166298,0.06942749,1.43080807,-0.09384155,0.07812500,0.00000000,0.10742188,-0.02929688,-0.07324219,0.14648438,1.03721619,2.65421213,2.62985229,0.02441406
0.99116254,350,-3.07226117,-1.69256480,-2.98697670,0.06217957,1.38541318,-0.04425049,3.20813433,-1.64221080,-2.99169759,0.06287918,1.39007747,-0.04831229,3.13043402,-1.64488108,-3.07013710,0.06942749,1.42890072,-0.09193420,0.10253906,0.00000000,0.11718750,-0.04394531,-0.07324219,0.13183594,1.03721619,2.65424859,2.63137817,0.07324219
1.00465202,355,-3.06959088,-1.69256480,-2.98278054,0.06141663,1.38388730,-0.04081726,3.21122274,-1.64221080,-2.98664681,0.06210730,1.38627751,-0.04411601,3.13195990,-1.64488108,-3.06822975,0.06904602,1.42775631,-0.08697510,0.11230469,-0.00488281,0.11718750,-0.02929688,-0.05859375,0.39550781,1.03721619,2.65426053,2.63252258,0.07324219
1.02008653,360,-3.06653912,-1.69256480,-2.97667702,0.06103516,1.37816525,-0.03662109,3.21416883,-1.64221080,-2.98121736,0.06141773,1.38204808,-0.03983972,3.13348578,-1.64488108,-3.06670388,0.06904602,1.42584897,-0.08277893,0.08300781,-0.00488281,0.10742188,-0.02929688,-0.11718750,0.13183594,1.03721619,2.65426445,2.63328552,0.02441406
1.03412080,365,-3.06348737,-1.69256480,-2.97171791,0.06065369,1.37244320,-0.03433228,3.21729583,-1.64221080,-2.97583118,0.06102319,1.37675362,-0.03660815,3.13501166,-1.64488108,-3.06517800,0.06866455,1.42317868,-0.08201599,0.09765625,0.00000000,0.09765625,-0.02929688,-0.19042969,0.08789062,1.03721619,2.65436339,2.63366699,0.02441406
1.04778409,370,-3.06158002,-1.69256480,-2.96599587,0.05950928,1.36557675,-0.03204346,3.21979229,-1.64221080,-2.97057027,0.06025584,1.37080999,-0.03401041,3.13615607,-1.64488108,-3.06365212,0.06866455,1.42012692,-0.07820129,0.11718750,0.00000000,0.13183594,-0.01464844,-0.26367188,0.30761719,1.03721619,2.65439581,2.63442993,0.02441406
1.06311703,375,-3.05852826,-1.69256480,-2.96027382,0.05950928,1.35832882,-0.02937317,3.22231931,-1.64221080,-2.96493292,0.05975391,1.36394648,-0.03145618,3.13806342,-1.64488108,-3.06136330,0.06866455,1.41440487,-0.07514954,0.10742188,-0.00488281,0.13183594,-0.02929688,-0.33691406,0.13183594,1.03721619,2.65466913,2.63519287,0.02441406
1.07738042,380,-3.05662091,-1.69256480,-2.95340737,0.05912781,1.35222531,-0.02861023,3.22468020,-1.64221080,-2.95888035,0.05936422,1.35740204,-0.02957404,3.13997077,-1.64488108,-3.05983742,0.06828308,1.40868283,-0.07209778,0.10742188,0.00000000,0.11718750,-0.02929688,-0.26367188,0.26367188,1.03721619,2.65459853,2.63557434,0.07324219
1.09333658,385,-3.05547650,-1.69256480,-2.94768532,0.05912781,1.34612179,-0.02861023,3.22649569,-1.64221080,-2.95262812,0.05920528,1.35132152,-0.02886502,3.14149665,-1.64488108,-3.05793007,0.06828308,1.40486813,-0.06752014,0.10742188,0.00000000,0.13671875,-0.01464844,-0.24902344,0.26367188,1.03721619,2.65445333,2.63786316,0.07324219
1.10716391,390,-3.05433209,-1.69256480,-2.94158181,0.05950928,1.33887387,-0.02861023,3.22786000,-1.64221080,-2.94641338,0.05940966,1.34444637,-0.02869372,-3.14016278,-1.64449961,-3.05602272,0.06828308,1.40105343,-0.06637573,0.11230469,-0.00488281,0.16113281,0.00000000,-0.26367188,0.08789062,1.03759766,2.65476244,2.63824463,0.02441406
1.12190557,395,-3.05280621,-1.69256480,-2.93509682,0.05989075,1.33238888,-0.02861023,3.22916203,-1.64221080,-2.94066099,0.05973311,1.33801566,-0.02863759,-3.13901837,-1.64449961,-3.05411537,0.06790161,1.39838315,-0.06217957,0.10253906,0.00000000,0.16113281,-0.04394531,-0.21972656,0.32226562,1.03759766,2.65487935,2.63862610,0.04882812
1.13478160,400,-3.05204328,-1.69256480,-2.92861183,0.05989075,1.32552243,-0.02861023,3.23034284,-1.64221080,-2.93398393,0.05983909,1.33122021,-0.02861919,-3.13672955,-1.64449961,-3.05144509,0.06752014,1.39571286,-0.05760193,0.09765625,0.00488281,0.14648438,-0.04394531,-0.17578125,0.17578125,1.03759766,2.65485809,2.63900757,0.00000000
1.14973569,405,-3.05089887,-1.69256480,-2.92250832,0.05989075,1.31789303,-0.02861023,3.23139907,-1.64221080,-2.92776132,0.05987382,1.32422444,-0.02861317,-3.13520368,-1.64449961,-3.04915627,0.06752014,1.39189816,-0.05722046,0.10742188,-0.00488281,0.18554688,-0.02929688,-0.29296875,0.02929688,1.03721619,2.65469854,2.63938904,0.00000000
1.16619349,410,-3.05089887,-1.69256480,-2.91564186,0.06027222,1.30911923,-0.02861023,3.23199567,-1.64221080,-2.92089198,0.06011042,1.31566998,-0.02861119,-3.13329633,-1.64449961,-3.04610451,0.06675720,1.38426877,-0.05531311,0.11230469,-0.00488281,0.17089844,-0.07324219,-0.39550781,0.11718750,1.03721619,2.65460817,2.63938904,0.00000000
1.17935634,415,-3.05089887,-1.69256480,-2.90839394,0.06141663,1.30148984,-0.02861023,3.23219116,-1.64221080,-2.91432084,0.06068929,1.30790689,-0.02861054,-3.13177045,-1.64449961,-3.04419716,0.06599426,1.37892819,-0.05264282,0.10742188,0.00000000,0.15136719,-0.08789062,-0.41015625,0.21972656,1.03759766,2.65465302,2.63977051,0.02441406
1.19114995,420,-3.05089887,-1.69256480,-2.90229042,0.06332397,1.29691220,-0.02899170,3.23225522,-1.64221080,-2.90767347,0.06194062,1.30156719,-0.02874766,-3.13024457,-1.64449961,-3.04190834,0.06484985,1.37244320,-0.05187988,0.09765625,0.00488281,0.16113281,-0.10253906,-0.42480469,0.02929688,1.03721619,2.65449072,2.64015198,0.00000000
1.20644450,425,-3.05089887,-1.69256480,-2.89580544,0.06523132,1.29042721,-0.02899170,3.23227621,-1.64221080,-2.90100832,0.06379121,1.29524260,-0.02891173,-3.12910016,-1.64411814,-3.04038246,0.06408691,1.36862851,-0.05149841,0.09765625,0.00488281,0.16601562,-0.07324219,-0.32226562,0.04394531,1.03759766,2.65469266,2.64015198,0.02441406
1.22171831,430,-3.05089887,-1.69256480,-2.88893898,0.06713867,1.28241635,-0.02899170,3.23228309,-1.64221080,-2.89420490,0.06570193,1.28804162,-0.02896550,-3.12757428,-1.64411814,-3.03656777,0.06370544,1.36290646,-0.04882812,0.09765625,0.00000000,0.20019531,-0.02929688,-0.29296875,0.04394531,1.03759766,2.65485649,2.64091492,0.02441406
1.23519707,435,-3.05089887,-1.69256480,-2.88169106,0.07019043,1.27631283,-0.02937317,3.23231659,-1.64221080,-2.88729355,0.06810733,1.28146862,-0.02905941,-3.12604840,-1.64411814,-3.03389748,0.06370544,1.35756589,-0.04806519,0.09277344,-0.00488281,0.20507812,0.00000000,-0.38085938,0.05859375,1.03721619,2.65458180,2.64129639,0.02441406
1.24972582,440,-3.05089887,-1.69256480,-2.87444313,0.07209778,1.26944638,-0.02937317,3.23229632,-1.64221080,-2.88018325,0.07052066,1.27506405,-0.02927036,-3.12452252,-1.64411814,-3.03160866,0.06370544,1.35298825,-0.04692078,0.10253906,-0.00488281,0.21972656,-0.01464844,-0.33691406,0.11718750,1.03721619,2.65449179,2.64167786,0.00000000
1.26609254,445,-3.05089887,-1.69256480,-2.86643227,0.07324219,1.26067257,-0.02937317,3.23228968,-1.64221080,-2.87278097,0.07220001,1.26731122,-0.02933948,-3.12337811,-1.64411814,-3.02817543,0.06370544,1.34726620,-0.04386902,0.09277344,0.00488281,0.19042969,-0.01464844,-0.38085938,0.14648438,1.03759766,2.65463344,2.64205933,0.00000000
1.27947593,450,-3.05051740,-1.69256480,-2.85918434,0.07438660,1.25304318,-0.02937317,3.23236380,-1.64221080,-2.86533451,0.07338836,1.25939578,-0.02936213,-3.12185223,-1.64411814,-3.02550515,0.06408691,1.34116269,-0.04234314,0.08300781,0.00000000,0.19042969,0.00000000,-0.39550781,0.08789062,1.03721619,2.65457121,2.64282227,0.00000000
1.29267669,455,-3.05051740,-1.69256480,-2.85269936,0.07553101,1.24846554,-0.02937317,3.23256826,-1.64221080,-2.85806914,0.07463945,1.25287578,-0.02936955,-3.12070783,-1.64373667,-3.02283486,0.06408691,1.33582211,-0.04196167,0.10742188,0.00000000,0.22460938,-0.01464844,-0.42480469,0.00000000,1.03721619,2.65458598,2.64358521,0.02441406
1.30627441,460,-3.05051740,-1.69256480,-2.84545143,0.07667542,1.24045468,-0.02937317,3.23263526,-1.64221080,-2.85111384,0.07575778,1.24628166,-0.02937198,-3.11918195,-1.64373667,-3.01978310,0.06446838,1.32857419,-0.04158020,0.09277344,-0.00488281,0.22949219,0.02929688,-0.48339844,0.00000000,1.03759766,2.65482153,2.64358521,0.00000000
1.32007694,465,-3.05051740,-1.69256480,-2.83896645,0.07705688,1.23282528,-0.02937317,3.23265721,-1.64221080,-2.84373987,0.07656088,1.23812920,-0.02937278,-3.11803754,-1.64373667,-3.01673134,0.06484985,1.32285214,-0.04119873,0.08300781,-0.00488281,0.23925781,0.01464844,-0.42480469,0.01464844,1.03759766,2.65496122,2.64358521,0.00000000
1.33286572,470,-3.05051740,-1.69256480,-2.83133705,0.07896423,1.22481442,-0.02937317,3.23266440,-1.64221080,-2.83668490,0.07782465,1.23042985,-0.02937304,-3.11689313,-1.64373667,-3.01329811,0.06484985,1.31751156,-0.04043579,0.08300781,-0.00976562,0.21484375,0.00000000,-0.32226562,0.02929688,1.03759766,2.65500699,2.64396667,0.00000000
1.35060477,475,-3.05051740,-1.69256480,-2.82294472,0.08010864,1.21565915,-0.02937317,3.23266676,-1.64221080,-2.82875960,0.07920983,1.22214228,-0.02937313,-3.11536725,-1.64373667,-3.00986489,0.06561279,1.31178952,-0.03929138,0.07812500,0.00488281,0.24902344,0.01464844,-0.42480469,0.08789062,1.03759766,2.65502199,2.64434814,0.00000000
1.36556888,480,-3.05051740,-1.69256480,-2.81417092,0.08163452,1.20497799,-0.02937317,3.23266753,-1.64221080,-2.82058757,0.08050943,1.21249057,-0.02937316,-3.11384137,-1.64373667,-3.00528725,0.06713867,1.30263424,-0.03509521,0.09277344,-0.00488281,0.26855469,0.10253906,-0.54199219,0.23437500,1.03759766,2.65502690,2.64434814,0.00000000
1.38062668,485,-3.05051740,-1.69256480,-2.80654152,0.08316040,1.19734860,-0.02937317,3.23266779,-1.64221080,-2.81289901,0.08192210,1.20399489,-0.02937316,-3.11269696,-1.64373667,-3.00185402,0.06790161,1.29691220,-0.03395081,0.06347656,-0.00488281,0.25878906,0.05859375,-0.49804688,0.01464844,1.03759766,2.65502851,2.64472961,0.00000000
1.39515233,490,-3.05051740,-1.69256480,-2.79891213,0.08392334,1.18895627,-0.02937317,3.23266787,-1.64221080,-2.80504076,0.08319726,1.19564096,-0.02937317,-3.11117108,-1.64373667,-2.99803933,0.06866455,1.28890133,-0.03395081,0.07324219,0.00488281,0.23925781,-0.01464844,-0.43945312,0.01464844,1.03759766,2.65502904,2.64511108,0.02441406
1.41108298,495,-3.05051740,-1.69256480,-2.79090126,0.08506775,1.17751217,-0.02937317,3.23266790,-1.64221080,-2.79733528,0.08415551,1.18611424,-0.02937317,-3.11002667,-1.64373667,-2.99422463,0.06904602,1.28127194,-0.03395081,0.08789062,-0.00488281,0.25390625,0.01464844,-0.51269531,0.01464844,1.03721619,2.65487662,2.64511108,0.00000000
1.42659378,500,-3.05051740,-1.69256480,-2.78289040,0.08697510,1.16759396,-0.02937317,3.23266791,-1.64221080,-2.78947819,0.08550918,1.17598056,-0.02937317,-3.10888226,-1.64373667,-2.99040993,0.06980896,1.27326108,-0.03395081,0.06835938,-0.00488281,0.29785156,-0.01464844,-0.48339844,-0.02929688,1.03759766,2.65497927,2.64511108,-0.02441406
1.44323182,505,-3.05051740,-1.69256480,-2.77526100,0.08850098,1.15882016,-0.02937317,3.23266791,-1.64221080,-2.78116432,0.08729992,1.16605753,-0.02937317,-3.10735639,-1.64373667,-2.98583229,0.07095337,1.26563168,-0.03395081,0.08789062,-0.00488281,0.26855469,0.05859375,-0.39550781,-0.01464844,1.03759766,2.65501290,2.64549255,-0.04882812
1.45735717,510,-3.05051740,-1.69256480,-2.76839455,0.08964539,1.14966488,-0.02937317,3.23266791,-1.64221080,-2.77405795,0.08859509,1.15700860,-0.02937317,-3.10659345,-1.64373667,-2.98163613,0.07247925,1.25876523,-0.03395081,0.05371094,-0.00488281,0.25878906,0.11718750,-0.49804688,0.00000000,1.03759766,2.65502393,2.64587402,-0.02441406
1.47070599,515,-3.05051740,-1.69256480,-2.76152809,0.09078979,1.14203549,-0.02937317,3.23266791,-1.64221080,-2.76734579,0.08982014,1.14887303,-0.02937317,-3.10583051,-1.64373667,-2.97934731,0.07400513,1.25380612,-0.03395081,0.08300781,-0.00488281,0.28808594,0.11718750,-0.48339844,-0.02929688,1.03759766,2.65502754,2.64587402,0.00000000
1.48638773,520,-3.05051740,-1.69256480,-2.75466164,0.09117126,1.13326169,-0.02937317,3.23266791,-1.64221080,-2.76100695,0.09054835,1.14119606,-0.02937317,-3.10430463,-1.64373667,-2.97324379,0.07629395,1.24236203,-0.03395081,0.06835938,0.00000000,0.28808594,0.07324219,-0.57128906,-0.01464844,1.03759766,2.65502872,2.64625549,-0.02441406
1.50057244,525,-3.05051740,-1.69256480,-2.75122841,0.09117126,1.12906552,-0.02937317,3.23266791,-1.64221080,-2.75488577,0.09096715,1.13356389,-0.02937317,-3.10316022,-1.64373667,-2.96942910,0.07705688,1.23549557,-0.03356934,0.07812500,0.00000000,0.29296875,0.02929688,-0.55664062,0.01464844,1.03759766,2.65502911,2.64663696,0.00000000
1.51635265,530,-3.05051740,-1.69256480,-2.74092873,0.09117126,1.11838437,-0.02937317,3.23266791,-1.64221080,-2.74687717,0.09110438,1.12488232,-0.02937317,-3.10201581,-1.64373667,-2.96446999,0.07781982,1.22634030,-0.03356934,0.05859375,-0.00488281,0.31250000,0.01464844,-0.57128906,0.00000000,1.03759766,2.65502923,2.64778137,0.02441406
1.52929759,535,-3.05051740,-1.69256480,-2.73520668,0.09117126,1.11456967,-0.02937317,3.23266791,-1.64221080,-2.74004063,0.09114935,1.11861103,-0.02937317,-3.10125287,-1.64373667,-2.96065529,0.07858276,1.21871090,-0.03318787,0.07812500,-0.00488281,0.28808594,0.04394531,-0.55664062,0.00000000,1.03759766,2.65502928,2.65045166,0.04882812
1.54434633,540,-3.05051740,-1.69256480,-2.72910317,0.09117126,1.10732174,-0.02937317,3.23266791,-1.64221080,-2.73367837,0.09105422,1.11228176,-0.02937317,-3.10010846,-1.64373667,-2.95684059,0.07934570,1.21298886,-0.03318787,0.05859375,-0.00488281,0.31250000,0.07324219,-0.41015625,0.00000000,1.03759766,2.65502929,2.65045166,-0.02441406
1.55864000,545,-3.05051740,-1.69256480,-2.72299965,0.09117126,1.09892941,-0.02937317,3.23266791,-1.64221080,-2.72763264,0.09104063,1.10461184,-0.02937317,-3.09896405,-1.64373667,-2.95226296,0.08049011,1.20459652,-0.03318787,0.07812500,-0.00488281,0.29785156,0.04394531,-0.49804688,-0.01464844,1.03759766,2.65490722,2.65045166,-0.02441406
1.57306862,550,-3.05051740,-1.69256480,-2.71804055,0.09078979,1.09397030,-0.02937317,3.23266791,-1.64221080,-2.72176767,0.09087199,1.09808037,-0.02937317,-3.09820111,-1.64373667,-2.94844826,0.08125305,1.19658566,-0.03280640,0.05859375,-0.00488281,0.29785156,0.05859375,-0.62988281,0.00000000,1.03759766,2.65498930,2.65083313,0.00000000
1.58731008,555,-3.05051740,-1.69256480,-2.71155556,0.09078979,1.08672238,-0.02937317,3.23266791,-1.64221080,-2.71615333,0.09081673,1.09190706,-0.02937317,-3.09743817,-1.64373667,-2.94387062,0.08239746,1.18971921,-0.03242493,0.04882812,-0.00488281,0.31738281,0.07324219,-0.49804688,0.01464844,1.03759766,2.65501619,2.65083313,-0.02441406
1.60339022,560,-3.05051740,-1.69256480,-2.70545204,0.09078979,1.07871152,-0.02937317,3.23266791,-1.64221080,-2.71027114,0.09079862,1.08456863,-0.02937317,-3.09629376,-1.64335520,-2.93967446,0.08354187,1.18247128,-0.03204346,0.03906250,-0.00488281,0.29785156,0.01464844,-0.45410156,0.02929688,1.03759766,2.65502500,2.65083313,-0.04882812
1.61815953,565,-3.05051740,-1.69256480,-2.70049294,0.09002686,1.07337094,-0.02937317,3.23266791,-1.64221080,-2.70475419,0.09053024,1.07816764,-0.02937317,-3.09553082,-1.64335520,-2.93433388,0.08392334,1.17369748,-0.03128052,0.06347656,-0.00488281,0.31738281,0.02929688,-0.60058594,0.02929688,1.03721619,2.65487530,2.65083313,-0.02441406
1.63300300,570,-3.05051740,-1.69256480,-2.69515236,0.08964539,1.06879330,-0.02937317,3.23266791,-1.64221080,-2.69961119,0.09005447,1.07295688,-0.02937317,-3.09476788,-1.64373667,-2.92899330,0.08430481,1.16492367,-0.03128052,0.05371094,-0.00976562,0.31250000,-0.01464844,-0.51269531,0.01464844,1.03759766,2.65497884,2.65083313,-0.04882812
1.64548373,575,-3.05051740,-1.69256480,-2.69133766,0.08964539,1.06612301,-0.02937317,3.23266791,-1.64221080,-2.69475821,0.08977944,1.06888236,-0.02937317,-3.09400494,-1.64373667,-2.92556008,0.08430481,1.16072751,-0.03128052,0.05371094,-0.00488281,0.29296875,-0.04394531,-0.35156250,-0.01464844,1.03759766,2.65501276,2.65083313,0.00000000
1.66062832,580,-3.05051740,-1.69256480,-2.68637856,0.08850098,1.06154538,-0.02937317,3.23266791,-1.64221080,-2.69008436,0.08921922,1.06490952,-0.02937317,-3.09286054,-1.64335520,-2.92098244,0.08430481,1.15347958,-0.03128052,0.06835938,-0.00488281,0.30273438,0.01464844,-0.51269531,-0.01464844,1.03759766,2.65483931,2.65121460,-0.02441406
1.67789865,585,-3.05051740,-1.69256480,-2.68256386,0.08697510,1.05582333,-0.02937317,3.23266791,-1.64221080,-2.68579039,0.08811133,1.06003409,-0.02937317,-3.09209760,-1.64335520,-2.91754921,0.08506775,1.14623166,-0.03128052,0.06835938,-0.00488281,0.36621094,0.04394531,-0.61523438,-0.01464844,1.03759766,2.65486939,2.65121460,0.00000000
1.69224334,590,-3.05051740,-1.69256480,-2.67684182,0.08468628,1.04895688,-0.02937317,3.23266791,-1.64221080,-2.68108512,0.08641944,1.05396801,-0.02927307,-3.09133466,-1.64335520,-2.91068276,0.08583069,1.13783932,-0.03089905,0.04394531,-0.00488281,0.30761719,0.04394531,-0.33691406,0.00000000,1.03759766,2.65485483,2.65121460,0.00000000
1.70610428,595,-3.05051740,-1.69256480,-2.67340859,0.08239746,1.04552365,-0.02899170,3.23266791,-1.64221080,-2.67670821,0.08431792,1.04915349,-0.02915421,-3.09057172,-1.64335520,-2.90801247,0.08583069,1.13440610,-0.03089905,0.04882812,-0.00488281,0.29296875,-0.01464844,-0.30761719,-0.01464844,1.03759766,2.65461177,2.65121460,-0.02441406
1.71935201,600,-3.05051740,-1.69256480,-2.66959389,0.07934570,1.04247189,-0.02899170,3.23266791,-1.64221080,-2.67278790,0.08176748,1.04543182,-0.02904495,-3.08980878,-1.64335520,-2.90381630,0.08621216,1.12868405,-0.03089905,0.04882812,-0.00488281,0.32226562,0.00000000,-0.46875000,-0.01464844,1.03759766,2.65481436,2.65121460,0.00000000
1.73512340,605,-3.05051740,-1.69256480,-2.66616066,0.07629395,1.03903866,-0.02899170,3.23266791,-1.64221080,-2.66933472,0.07890978,1.04198709,-0.02900915,-3.08904584,-1.64335520,-2.89809426,0.08621216,1.12029172,-0.03089905,0.03906250,-0.00488281,0.34667969,0.00000000,-0.48339844,0.01464844,1.03759766,2.65495887,2.65159607,-0.02441406
1.74889207,610,-3.05051740,-1.69256480,-2.66349037,0.07362366,1.03713131,-0.02861023,3.23266791,-1.64221080,-2.66594891,0.07575034,1.03911552,-0.02877220,-3.08828290,-1.64335520,-2.89427956,0.08583069,1.11456967,-0.03051758,0.06835938,-0.00488281,0.29785156,-0.01464844,-0.36621094,0.00000000,1.03759766,2.65500622,2.65121460,-0.02441406
1.76129842,615,-3.05051740,-1.69256480,-2.66082009,0.07057190,1.03522397,-0.02861023,3.23266791,-1.64221080,-2.66301095,0.07284934,1.03693909,-0.02866330,-3.08751996,-1.64335520,-2.88970192,0.08544922,1.10961056,-0.03089905,0.04882812,-0.00488281,0.29296875,-0.02929688,-0.38085938,-0.01464844,1.03759766,2.65488111,2.65159607,-0.02441406
1.77809381,620,-3.05051740,-1.69256480,-2.65776833,0.06904602,1.03179074,-0.02861023,3.23266791,-1.64221080,-2.66006875,0.07065411,1.03424045,-0.02862762,-3.08675702,-1.64335520,-2.88474282,0.08583069,1.10312558,-0.03051758,0.03906250,-0.00488281,0.33203125,-0.01464844,-0.38085938,0.00000000,1.03721619,2.65482815,2.65159607,-0.02441406
1.79211354,625,-3.05089887,-1.69256480,-2.65471657,0.06752014,1.02988339,-0.02861023,3.23244269,-1.64221080,-2.65718424,0.06894796,1.03180427,-0.02861593,-3.08599408,-1.64335520,-2.88016518,0.08544922,1.09778500,-0.03051758,0.04882812,-0.00488281,0.31738281,-0.04394531,-0.33691406,-0.01464844,1.03759766,2.65490089,2.65159607,-0.04882812
1.80772018,630,-3.05089887,-1.69256480,-2.65242775,0.06561279,1.02797604,-0.02861023,3.23233764,-1.64221080,-2.65445755,0.06717685,1.02970167,-0.02861210,-3.08523114,-1.64335520,-2.87673195,0.08392334,1.09358883,-0.03051758,0.02929688,-0.00488281,0.28808594,-0.13183594,-0.30761719,-0.01464844,1.03759766,2.65486515,2.65159607,-0.04882812
1.82310152,635,-3.05166181,-1.69256480,-2.64937599,0.06179810,1.02606869,-0.02822876,3.23186059,-1.64221080,-2.65171006,0.06429986,1.02744860,-0.02847351,-3.08446820,-1.64335520,-2.87100991,0.08277893,1.08710385,-0.03051758,0.04394531,0.00000000,0.30273438,-0.04394531,-0.36621094,-0.02929688,1.03759766,2.65483488,2.65159607,-0.02441406
1.84084058,640,-3.05166181,-1.69256480,-2.64746865,0.05989075,1.02492428,-0.02784729,3.23163396,-1.64221080,-2.64921004,0.06168709,1.02596239,-0.02812280,-3.08370526,-1.64335520,-2.86643227,0.08277893,1.08214474,-0.03051758,0.04882812,0.00000000,0.30761719,0.00000000,-0.26367188,0.00000000,1.03759766,2.65496559,2.65197754,0.00000000
1.85408258,645,-3.05242474,-1.69256480,-2.64479836,0.05493164,1.02339840,-0.02632141,3.23111707,-1.64221080,-2.64669368,0.05802710,1.02438896,-0.02716218,-3.08332379,-1.64335520,-2.86261757,0.08201599,1.07871152,-0.03013611,0.01953125,-0.00488281,0.27343750,-0.07324219,-0.23437500,-0.01464844,1.03759766,2.65500842,2.65159607,-0.02441406
1.86937046,650,-3.05280621,-1.69256480,-2.64250954,0.05111694,1.02301693,-0.02593994,3.23080109,-1.64221080,-2.64435179,0.05412199,1.02358566,-0.02637169,-3.08256085,-1.64335520,-2.85765847,0.08010864,1.07413388,-0.03013611,0.03906250,-0.00488281,0.31250000,-0.16113281,-0.26367188,0.00000000,1.03759766,2.65502246,2.65197754,0.00000000
1.88570762,655,-3.05242474,-1.69256480,-2.63983925,0.04577637,1.02187253,-0.02555847,3.23077384,-1.64221080,-2.64193023,0.04970588,1.02271562,-0.02582495,-3.08179791,-1.64335520,-2.85308083,0.07705688,1.06917477,-0.03013611,0.05371094,-0.00488281,0.30273438,-0.23437500,-0.32226562,-0.01464844,1.03759766,2.65502706,2.65159607,-0.04882812
1.90116405,660,-3.05242474,-1.69256480,-2.63716896,0.04196167,1.02072812,-0.02517700,3.23076491,-1.64221080,-2.63921937,0.04513992,1.02156884,-0.02538932,-3.08103497,-1.64335520,-2.84850319,0.07438660,1.06459714,-0.02975464,0.03906250,-0.00976562,0.27832031,-0.20507812,-0.23437500,0.00000000,1.03759766,2.65502856,2.65197754,0.00000000
1.91573000,665,-3.05280621,-1.69256480,-2.63373574,0.03814697,1.01920224,-0.02479553,3.23050552,-1.64221080,-2.63623281,0.04135004,1.02034735,-0.02499010,-3.08065350,-1.64335520,-2.84545143,0.07133484,1.06230832,-0.02975464,0.01464844,0.00000000,0.27343750,-0.20507812,-0.20507812,0.00000000,1.03759766,2.65502906,2.65197754,-0.04882812
1.93330598,670,-3.05280621,-1.69256480,-2.63068398,0.03318787,1.01767636,-0.02403259,3.23042052,-1.64221080,-2.63325515,0.03695522,1.01895247,-0.02459684,-3.07989057,-1.64297373,-2.83972939,0.06828308,1.05811215,-0.02899170,0.04882812,0.00000000,0.30273438,-0.21972656,-0.17578125,0.02929688,1.03759766,2.65502922,2.65235901,0.02441406
1.94706750,675,-3.05356915,-1.69256480,-2.62801369,0.02861023,1.01576901,-0.02250671,3.23003012,-1.64221080,-2.63028248,0.03229686,1.01717398,-0.02341231,-3.07950910,-1.64297373,-2.83553322,0.06637573,1.05582333,-0.02784729,0.03417969,0.00000000,0.29296875,-0.16113281,-0.11718750,0.05859375,1.03759766,2.65502927,2.65197754,-0.04882812
1.96299314,680,-3.05471356,-1.69256480,-2.62534340,0.02479553,1.01348019,-0.02136230,3.22928171,-1.64221080,-2.62752092,0.02795328,1.01513051,-0.02222350,-3.07912763,-1.64297373,-2.83133705,0.06370544,1.05391598,-0.02670288,0.01953125,0.00000000,0.27343750,-0.20507812,-0.11718750,0.04394531,1.03759766,2.65502929,2.65235901,0.00000000
1.97707915,685,-3.05509503,-1.69256480,-2.62305458,0.02250671,1.01195431,-0.02098083,3.22855100,-1.64221080,-2.62505034,0.02482367,1.01334714,-0.02145835,-3.07874616,-1.64297373,-2.82752236,0.06179810,1.05162716,-0.02708435,0.02441406,0.00000000,0.28320312,-0.21972656,-0.14648438,-0.01464844,1.03759766,2.65502929,2.65235901,-0.04882812
1.99148059,690,-3.05700238,-1.69256480,-2.62000283,0.01869202,1.01119137,-0.01983643,3.22735977,-1.64221080,-2.62235699,0.02165192,1.01219709,-0.02066721,-3.07836469,-1.64297373,-2.82408913,0.05950928,1.04857541,-0.02708435,0.03417969,0.00488281,0.27343750,-0.17578125,-0.26367188,-0.01464844,1.03759766,2.65502930,2.65235901,-0.04882812
2.00518084,695,-3.05890973,-1.69256480,-2.61771401,0.01716614,1.00852109,-0.01907349,3.22579695,-1.64221080,-2.61981648,0.01891778,1.01042583,-0.01980714,-3.07798322,-1.64297373,-2.82027443,0.05683899,1.04399777,-0.02670288,0.01464844,0.00000000,0.30273438,-0.21972656,-0.30761719,-0.01464844,1.03759766,2.65502930,2.65235901,0.02441406
2.01976585,700,-3.06005414,-1.69256480,-2.61542519,0.01716614,1.00470639,-0.01907349,3.22432549,-1.64221080,-2.61745446,0.01774011,1.00763278,-0.01931389,-3.07722028,-1.64259227,-2.81607827,0.05455017,1.03980160,-0.02670288,0.04394531,-0.00488281,0.26855469,-0.20507812,-0.23437500,0.01464844,1.03759766,2.65510742,2.65235901,-0.02441406
2.03544092,705,-3.06310590,-1.69256480,-2.61275490,0.01525879,1.00279904,-0.01907349,3.22208307,-1.64221080,-2.61490716,0.01647275,1.00484487,-0.01915226,-3.07683881,-1.64259227,-2.81226357,0.05073547,1.03789425,-0.02632141,0.01464844,0.00488281,0.24414062,-0.23437500,-0.11718750,-0.01464844,1.03759766,2.65505490,2.65235901,-0.02441406
2.04992986,710,-3.06615765,-1.69256480,-2.61046608,0.01449585,1.00127316,-0.01945496,3.21932337,-1.64221080,-2.61249018,0.01521395,1.00271307,-0.01927569,-3.07683881,-1.64259227,-2.80844887,0.04844666,1.03598691,-0.02593994,0.00976562,0.00000000,0.27343750,-0.13183594,-0.13183594,0.00000000,1.03759766,2.65503769,2.65235901,-0.04882812
2.06470990,715,-3.06844647,-1.69256480,-2.60817726,0.01449585,0.99898434,-0.01945496,3.21684901,-1.64221080,-2.61007929,0.01473116,1.00069494,-0.01939621,-3.07645734,-1.64259227,-2.80425270,0.04615784,1.03331662,-0.02555847,0.01464844,-0.00488281,0.26855469,-0.19042969,-0.16113281,0.01464844,1.03759766,2.65503205,2.65274048,0.00000000
2.07881665,720,-3.07111676,-1.69256480,-2.60588845,0.01373291,0.99669552,-0.01945496,3.21423755,-1.64221080,-2.60776268,0.01413033,0.99842842,-0.01943571,-3.07607587,-1.64259227,-2.80043801,0.04310608,1.03217221,-0.02517700,0.00976562,-0.00488281,0.26855469,-0.21972656,-0.02929688,0.02929688,1.03759766,2.65503020,2.65235901,0.00000000
2.09405613,725,-3.07378705,-1.69256480,-2.60245522,0.01296997,0.99440671,-0.01983643,3.21150353,-1.64221080,-2.60501321,0.01346934,0.99635393,-0.01970512,-3.07607587,-1.64259227,-2.79662331,0.04081726,1.03140927,-0.02479553,0.00000000,0.00000000,0.24414062,-0.11718750,-0.05859375,0.01464844,1.03759766,2.65502959,2.65274048,-0.02441406
2.11143851,730,-3.07683881,-1.69256480,-2.59978493,0.01220703,0.99249936,-0.01983643,3.20882883,-1.64221080,-2.60221054,0.01287115,0.99416330,-0.01979340,-3.07607587,-1.64259227,-2.79204567,0.03852844,1.02873898,-0.02441406,-0.00488281,0.00000000,0.27832031,-0.16113281,-0.19042969,0.02929688,1.03759766,2.65502939,2.65274048,-0.02441406
2.12465262,735,-3.07874616,-1.69256480,-2.59711464,0.01106262,0.99135495,-0.02021790,3.20627844,-1.64221080,-2.59948466,0.01186667,0.99246464,-0.01995966,-3.07607587,-1.64259227,-2.78899391,0.03623962,1.02416134,-0.02403259,0.00000000,-0.00488281,0.28320312,-0.16113281,-0.26367188,0.01464844,1.03759766,2.65515140,2.65274048,0.00000000
2.13951206,740,-3.08065350,-1.69256480,-2.59482582,0.01068115,0.98944760,-0.02098083,3.20430931,-1.64221080,-2.59697255,0.01132011,0.99087617,-0.02039573,-3.07607587,-1.64259227,-2.78517922,0.03395081,1.02149106,-0.02365112,0.00000000,-0.00488281,0.23437500,-0.21972656,-0.20507812,0.00000000,1.03759766,2.65506931,2.65312195,0.00000000
2.15166235,745,-3.08179791,-1.69256480,-2.59291848,0.01029968,0.98906613,-0.02250671,3.20266565,-1.64221080,-2.59463803,0.01070437,0.98972955,-0.02131401,-3.07607587,-1.64259227,-2.78212746,0.03280640,1.01920224,-0.02365112,-0.00976562,-0.00488281,0.23925781,-0.08789062,-0.16113281,0.00000000,1.03759766,2.65504241,2.65274048,0.00000000
2.16792083,750,-3.08408673,-1.69256480,-2.58948525,0.00991821,0.98754025,-0.02517700,3.20070737,-1.64221080,-2.59186414,0.01017582,0.98853938,-0.02343999,-3.07607587,-1.64259227,-2.77754982,0.03051758,1.01462460,-0.02326965,-0.00488281,-0.00488281,0.25878906,-0.13183594,-0.23437500,-0.01464844,1.03759766,2.65503359,2.65312195,0.02441406
2.18405128,755,-3.08599408,-1.69256480,-2.58643349,0.00991821,0.98715878,-0.02708435,3.19880531,-1.64221080,-2.58894445,0.01000263,0.98764243,-0.02540921,-3.07607587,-1.64259227,-2.77449807,0.02937317,1.01233578,-0.02326965,-0.00976562,-0.00488281,0.25878906,-0.08789062,-0.16113281,-0.01464844,1.03759766,2.65515277,2.65274048,-0.04882812
2.19885659,760,-3.08675702,-1.69256480,-2.58376320,0.00991821,0.98677731,-0.02784729,3.19735758,-1.64221080,-2.58594195,0.00994587,0.98706079,-0.02701713,-3.07607587,-1.64259227,-2.77030190,0.02861023,1.01080990,-0.02326965,-0.00488281,-0.00488281,0.25878906,-0.07324219,-0.05859375,-0.01464844,1.03759766,2.65506976,2.65312195,0.02441406
2.21212745,765,-3.08751996,-1.69256480,-2.58185585,0.00953674,0.98639584,-0.02822876,3.19629017,-1.64221080,-2.58352486,0.00974112,0.98668404,-0.02776142,-3.07607587,-1.64259227,-2.76725014,0.02670288,1.01004696,-0.02365112,-0.00488281,-0.00488281,0.25878906,-0.16113281,-0.04394531,-0.02929688,1.03759766,2.65504256,2.65312195,0.00000000
2.22713780,770,-3.08828290,-1.69256480,-2.57918557,0.00915527,0.98563290,-0.02822876,3.19547629,-1.64221080,-2.58118852,0.00946638,0.98622783,-0.02807562,-3.07607587,-1.64259227,-2.76305397,0.02479553,1.00890256,-0.02365112,-0.00976562,-0.00488281,0.25390625,-0.11718750,-0.02929688,-0.01464844,1.03759766,2.65503364,2.65312195,-0.02441406
2.24046707,775,-3.08866437,-1.69256480,-2.57727822,0.00915527,0.98525143,-0.02822876,3.19490430,-1.64221080,-2.57899949,0.00925722,0.98564169,-0.02813952,-3.07607587,-1.64259227,-2.75962075,0.02365112,1.00813962,-0.02365112,-0.00976562,-0.00488281,0.25390625,-0.11718750,-0.05859375,-0.02929688,1.03759766,2.65503072,2.65312195,-0.04882812
2.25570345,780,-3.08942731,-1.69256480,-2.57460793,0.00915527,0.98372555,-0.02822876,3.19428401,-1.64221080,-2.57651033,0.00918868,0.98468400,-0.02819952,-3.07645734,-1.64259227,-2.75580605,0.02250671,1.00623227,-0.02365112,-0.01464844,-0.00488281,0.25390625,-0.05859375,-0.10253906,-0.01464844,1.03797913,2.65526048,2.65312195,-0.04882812
2.27007723,785,-3.08942731,-1.69256480,-2.57231911,0.00915527,0.98181820,-0.02784729,3.19393036,-1.64221080,-2.57417345,0.00916622,0.98327729,-0.02814288,-3.07645734,-1.64259227,-2.75237282,0.02250671,1.00508786,-0.02365112,-0.01464844,-0.00488281,0.23437500,-0.04394531,-0.07324219,-0.02929688,1.03759766,2.65522712,2.65312195,-0.02441406
2.28408432,790,-3.08942731,-1.69256480,-2.57003029,0.00915527,0.98067380,-0.02784729,3.19381448,-1.64221080,-2.57185911,0.00915886,0.98180865,-0.02794415,-3.07683881,-1.64259227,-2.75008400,0.02212524,1.00432492,-0.02403259,-0.01953125,-0.00488281,0.24902344,-0.04394531,-0.05859375,-0.02929688,1.03797913,2.65524671,2.65350342,-0.04882812
2.29731441,795,-3.08942731,-1.69256480,-2.56774147,0.00915527,0.97800351,-0.02784729,3.19377651,-1.64221080,-2.56960100,0.00915645,0.97976063,-0.02787903,-3.07722028,-1.64259227,-2.74626931,0.02136230,1.00203610,-0.02403259,-0.03906250,-0.00488281,0.22949219,-0.07324219,-0.14648438,-0.02929688,1.03759766,2.65510054,2.65350342,-0.02441406
2.31185675,800,-3.08942731,-1.69256480,-2.56545266,0.00915527,0.97533322,-0.02784729,3.19376406,-1.64221080,-2.56736179,0.00920449,0.97733380,-0.02785769,-3.07722028,-1.64259227,-2.74283608,0.01983643,1.00051022,-0.02403259,-0.00488281,-0.00488281,0.24902344,-0.13183594,-0.13183594,-0.01464844,1.03759766,2.65533487,2.65350342,-0.04882812
2.32562661,805,-3.08942731,-1.69256480,-2.56316384,0.00915527,0.97228146,-0.02784729,3.19375999,-1.64221080,-2.56515173,0.00932033,0.97477832,-0.02785070,-3.07722028,-1.64259227,-2.73902138,0.01792908,0.99745846,-0.02403259,-0.00976562,-0.00976562,0.22949219,-0.14648438,-0.17578125,-0.01464844,1.03797913,2.65540408,2.65350342,-0.02441406
2.34118724,810,-3.08942731,-1.69256480,-2.56049355,0.00915527,0.96884823,-0.02784729,3.19375865,-1.64221080,-2.56263224,0.00924061,0.97153213,-0.02777809,-3.07722028,-1.64259227,-2.73596962,0.01640320,0.99516964,-0.02403259,-0.01464844,-0.00488281,0.24414062,-0.13183594,-0.13183594,-0.01464844,1.03797913,2.65550489,2.65350342,0.00000000
2.35596919,815,-3.08942731,-1.69256480,-2.55744179,0.00915527,0.96655942,-0.02784729,3.19375821,-1.64221080,-2.55987404,0.00918324,0.96862100,-0.02782462,-3.07760175,-1.64259227,-2.73329933,0.01487732,0.99326230,-0.02441406,-0.01464844,-0.00488281,0.21972656,-0.05859375,-0.11718750,-0.02929688,1.03759766,2.65544783,2.65350342,0.00000000
2.37178993,820,-3.08980878,-1.69256480,-2.55400856,0.00915527,0.96312619,-0.02784729,3.19350160,-1.64221080,-2.55655215,0.00916444,0.96571872,-0.02783986,-3.07798322,-1.64259227,-2.72872170,0.01487732,0.99059201,-0.02441406,-0.03417969,0.00000000,0.24902344,-0.01464844,-0.16113281,-0.02929688,1.03759766,2.65544867,2.65350342,-0.04882812
2.38668394,825,-3.09019025,-1.69256480,-2.55019387,0.00915527,0.95816708,-0.02784729,3.19316104,-1.64221080,-2.55322803,0.00915828,0.96169385,-0.02784486,-3.07836469,-1.64259227,-2.72566994,0.01487732,0.98792172,-0.02441406,-0.03417969,-0.00488281,0.22460938,-0.02929688,-0.17578125,-0.02929688,1.03797913,2.65567966,2.65388489,0.00000000
2.40127110,830,-3.09019025,-1.69256480,-2.54676064,0.00915527,0.95397091,-0.02784729,3.19304945,-1.64221080,-2.54943065,0.00915626,0.95724180,-0.02779766,-3.07836469,-1.64259227,-2.72185524,0.01487732,0.98677731,-0.02479553,-0.00976562,-0.00488281,0.23925781,-0.02929688,-0.05859375,-0.02929688,1.03797913,2.65575535,2.65388489,0.00000000
2.41662121,835,-3.09057172,-1.69256480,-2.54256447,0.00877380,0.94710446,-0.02784729,3.19287555,-1.64221080,-2.54564739,0.00893038,0.95173046,-0.02783103,-3.07874616,-1.64259227,-2.71842202,0.01487732,0.98563290,-0.02479553,-0.02441406,-0.00976562,0.21972656,-0.01464844,-0.07324219,-0.02929688,1.03797913,2.65571765,2.65388489,-0.02441406
2.43157554,840,-3.09095319,-1.69256480,-2.53836830,0.00877380,0.94214535,-0.02784729,3.19256210,-1.64221080,-2.54155527,0.00885636,0.94620710,-0.02779313,-3.07912763,-1.64259227,-2.71498879,0.01449585,0.98334408,-0.02517700,-0.02929688,-0.00488281,0.24414062,-0.02929688,-0.14648438,-0.02929688,1.03797913,2.65576780,2.65388489,-0.02441406
2.44707322,845,-3.09171613,-1.69256480,-2.53379067,0.00877380,0.93756772,-0.02784729,3.19194645,-1.64221080,-2.53720265,0.00880086,0.94150756,-0.02782954,-3.07912763,-1.64259227,-2.71117409,0.01449585,0.98067380,-0.02517700,-0.00488281,-0.00488281,0.24902344,-0.02929688,-0.16113281,-0.04394531,1.03797913,2.65578423,2.65426636,0.00000000
2.46321082,850,-3.09209760,-1.69256480,-2.52806862,0.00877380,0.93070126,-0.02784729,3.19140035,-1.64221080,-2.53206264,0.00878267,0.93554256,-0.02784148,-3.07912763,-1.64259227,-2.70774086,0.01373291,0.97838498,-0.02555847,-0.01464844,-0.00488281,0.24414062,-0.04394531,-0.14648438,-0.04394531,1.03759766,2.65563702,2.65426636,0.00000000
2.48038983,855,-3.09247907,-1.69256480,-2.52272805,0.00801086,0.92269040,-0.02784729,3.19111386,-1.64221080,-2.52689911,0.00856309,0.92876312,-0.02784538,-3.07950910,-1.64259227,-2.70316323,0.01296997,0.97457028,-0.02555847,-0.01464844,-0.00488281,0.25390625,-0.04394531,-0.21972656,0.00000000,1.03797913,2.65574138,2.65426636,-0.02441406
2.49632263,860,-3.09247907,-1.69256480,-2.51738747,0.00762939,0.91506100,-0.02746582,3.19083981,-1.64221080,-2.52152622,0.00800566,0.92086537,-0.02759020,-3.07989057,-1.64259227,-2.69973000,0.01220703,0.96999264,-0.02593994,-0.02441406,-0.00488281,0.23437500,-0.05859375,-0.26367188,-0.02929688,1.03797913,2.65577557,2.65426636,0.00000000
2.51133084,865,-3.09324201,-1.69256480,-2.51204689,0.00762939,0.90972043,-0.02746582,3.19041725,-1.64221080,-2.51621655,0.00775269,0.91448470,-0.02750658,-3.08027203,-1.64259227,-2.69629677,0.01182556,0.96579648,-0.02593994,-0.03417969,-0.00488281,0.23437500,-0.05859375,-0.27832031,-0.01464844,1.03759766,2.65563419,2.65426636,0.00000000
2.52637148,870,-3.09400494,-1.69256480,-2.50670632,0.00762939,0.90514279,-0.02784729,3.18973605,-1.64221080,-2.51067712,0.00760876,0.90877670,-0.02758672,-3.08027203,-1.64259227,-2.69248207,0.01106262,0.96045590,-0.02632141,-0.01953125,-0.00488281,0.23925781,-0.02929688,-0.38085938,-0.02929688,1.03797913,2.65574045,2.65426636,-0.02441406
2.54255271,875,-3.09476788,-1.69256480,-2.50060280,0.00724792,0.89675046,-0.02784729,3.18903897,-1.64221080,-2.50526480,0.00750728,0.90251104,-0.02765204,-3.08065350,-1.64259227,-2.68866738,0.01106262,0.95549679,-0.02632141,-0.03906250,-0.00488281,0.25390625,0.01464844,-0.24902344,-0.02929688,1.03797913,2.65577527,2.65464783,-0.02441406
2.55636811,880,-3.09591229,-1.69256480,-2.49602516,0.00724792,0.89064694,-0.02784729,3.18818225,-1.64221080,-2.50017292,0.00737197,0.89575625,-0.02778331,-3.08141644,-1.64259227,-2.68561562,0.01106262,0.95282651,-0.02632141,-0.03417969,-0.00488281,0.24902344,-0.01464844,-0.16113281,-0.01464844,1.03797913,2.65578668,2.65426636,-0.02441406
2.57123923,885,-3.09667523,-1.69256480,-2.49144753,0.00762939,0.88797665,-0.02784729,3.18715957,-1.64221080,-2.49507034,0.00747473,0.89087939,-0.02779508,-3.08141644,-1.64259227,-2.68141945,0.01068115,0.94977475,-0.02632141,-0.01464844,-0.00488281,0.25390625,-0.02929688,-0.19042969,-0.02929688,1.03797913,2.65572791,2.65464783,0.00000000
2.58675075,890,-3.09781964,-1.69256480,-2.48610695,0.00762939,0.88225461,-0.02784729,3.18610388,-1.64221080,-2.49008070,0.00748643,0.88641671,-0.02783018,-3.08141644,-1.64259227,-2.67722329,0.01029968,0.94596005,-0.02632141,-0.02441406,-0.00488281,0.27343750,-0.04394531,-0.26367188,0.00000000,1.03797913,2.65561100,2.65464783,0.00000000
2.60022640,895,-3.09858258,-1.69256480,-2.48229225,0.00762939,0.87843991,-0.02784729,3.18516494,-1.64221080,-2.48569740,0.00758255,0.88190677,-0.02784168,-3.08179791,-1.64259227,-2.67379006,0.00991821,0.94100094,-0.02632141,-0.02929688,-0.00488281,0.25878906,-0.04394531,-0.36621094,-0.01464844,1.03797913,2.65573285,2.65464783,-0.02441406
2.61462617,900,-3.09896405,-1.69256480,-2.47733315,0.00724792,0.87157345,-0.02784729,3.18460079,-1.64221080,-2.48109494,0.00738882,0.87667139,-0.02784545,-3.08217938,-1.64259227,-2.66959389,0.00953674,0.93527890,-0.02632141,-0.01464844,-0.00488281,0.26855469,-0.05859375,-0.33691406,-0.02929688,1.03759766,2.65552253,2.65426636,-0.04882812
2.63116574,905,-3.09972699,-1.69256480,-2.47275551,0.00686646,0.86546994,-0.02746582,3.18390300,-1.64221080,-2.47649355,0.00710794,0.87045879,-0.02766053,-3.08256085,-1.64259227,-2.66654213,0.00801086,0.92993832,-0.02670288,-0.03417969,-0.00488281,0.21972656,-0.07324219,-0.33691406,0.00000000,1.03797913,2.65562573,2.65464783,-0.02441406
2.64376187,910,-3.10048993,-1.69256480,-2.46855934,0.00686646,0.86165524,-0.02746582,3.18321023,-1.64221080,-2.47200004,0.00694558,0.86531050,-0.02767855,-3.08332379,-1.64259227,-2.66349037,0.00762939,0.92650509,-0.02670288,-0.04394531,-0.00488281,0.25878906,-0.02929688,-0.24902344,-0.01464844,1.03797913,2.65567518,2.65464783,-0.02441406
2.66066909,915,-3.10087140,-1.69256480,-2.46360024,0.00648499,0.85669613,-0.02784729,3.18267793,-1.64221080,-2.46748501,0.00675505,0.86073129,-0.02779200,-3.08332379,-1.64259227,-2.65967568,0.00762939,0.92116452,-0.02670288,-0.02929688,-0.00488281,0.25390625,0.00000000,-0.27832031,-0.02929688,1.03797913,2.65575388,2.65464783,-0.07324219
2.67679691,920,-3.10163434,-1.69256480,-2.45902260,0.00534058,0.85326291,-0.02784729,3.18217074,-1.64221080,-2.46294791,0.00608581,0.85649286,-0.02773689,-3.08370526,-1.64259227,-2.65509804,0.00762939,0.91696835,-0.02670288,-0.02441406,-0.00976562,0.27343750,-0.01464844,-0.27832031,-0.01464844,1.03797913,2.65568201,2.65464783,-0.02441406
2.69101882,925,-3.10277875,-1.69256480,-2.45482643,0.00457764,0.84830380,-0.02746582,3.18131521,-1.64221080,-2.45858875,0.00532232,0.85247987,-0.02769576,-3.08408673,-1.64259227,-2.65090187,0.00762939,0.91200924,-0.02670288,-0.01464844,-0.00976562,0.26367188,-0.02929688,-0.29296875,0.00000000,1.03797913,2.65567799,2.65464783,-0.02441406
2.70576048,930,-3.10354169,-1.69256480,-2.45139321,0.00457764,0.84296322,-0.02784729,3.18040279,-1.64221080,-2.45441608,0.00482166,0.84720859,-0.02779764,-3.08408673,-1.64259227,-2.64823159,0.00762939,0.90743161,-0.02670288,-0.02441406,-0.00488281,0.25878906,-0.01464844,-0.35156250,-0.01464844,1.03797913,2.65569230,2.65464783,-0.04882812
2.72013259,935,-3.10468610,-1.69256480,-2.44681557,0.00419617,0.83685971,-0.02784729,3.17942229,-1.64221080,-2.45015669,0.00458130,0.84150230,-0.02783102,-3.08484967,-1.64259227,-2.64365395,0.00762939,0.90247250,-0.02670288,-0.04882812,-0.00488281,0.26367188,-0.01464844,-0.30761719,-0.01464844,1.03797913,2.65575949,2.65464783,-0.02441406
2.73471427,940,-3.10544904,-1.69256480,-2.44223793,0.00343323,0.83228207,-0.02784729,3.17839031,-1.64221080,-2.44568285,0.00399888,0.83619251,-0.02784196,-3.08523114,-1.64259227,-2.63983925,0.00762939,0.89789486,-0.02670288,-0.01953125,-0.00488281,0.25390625,-0.01464844,-0.27832031,-0.01464844,1.03797913,2.65568385,2.65464783,-0.02441406
2.74806213,945,-3.10659345,-1.69256480,-2.43804177,0.00267029,0.82770443,-0.02784729,3.17743166,-1.64221080,-2.44159784,0.00325603,0.83153805,-0.02784554,-3.08561261,-1.64259227,-2.63678749,0.00762939,0.89446164,-0.02670288,-0.03417969,-0.00488281,0.26855469,-0.02929688,-0.24902344,0.00000000,1.03797913,2.65569422,2.65464783,-0.02441406
2.76302743,950,-3.10735639,-1.69256480,-2.43460854,0.00152588,0.82198239,-0.02784729,3.17647325,-1.64221080,-2.43763024,0.00239213,0.82644367,-0.02784672,-3.08561261,-1.64259227,-2.63373574,0.00724792,0.89064694,-0.02708435,-0.02441406,-0.00488281,0.25390625,-0.01464844,-0.26367188,-0.01464844,1.03797913,2.65563805,2.65464783,-0.04882812
2.77659416,955,-3.10888226,-1.69256480,-2.43003090,0.00038147,0.81473446,-0.02784729,3.17529591,-1.64221080,-2.43324273,0.00122978,0.81960552,-0.02784710,-3.08599408,-1.64259227,-2.62839516,0.00724792,0.88606930,-0.02708435,-0.02441406,0.00000000,0.24902344,-0.04394531,-0.32226562,-0.01464844,1.03797913,2.65566359,2.65464783,-0.04882812
2.79213572,960,-3.11078961,-1.69256480,-2.42507180,-0.00076294,0.80901242,-0.02784729,3.17374692,-1.64221080,-2.42874974,-0.00000840,0.81351530,-0.02784723,-3.08637555,-1.64259227,-2.62458046,0.00686646,0.87996579,-0.02708435,-0.03906250,-0.00488281,0.28320312,-0.02929688,-0.38085938,0.00000000,1.03797913,2.65568758,2.65464783,-0.04882812
2.80811310,965,-3.11193402,-1.69256480,-2.42049416,-0.00114441,0.80367184,-0.02822876,3.17235079,-1.64221080,-2.42427357,-0.00072333,0.80829286,-0.02798460,-3.08713849,-1.64259227,-2.62076577,0.00686646,0.87348080,-0.02708435,-0.02929688,-0.00488281,0.25390625,-0.02929688,-0.27832031,-0.01464844,1.03797913,2.65563587,2.65464783,0.00000000
2.82301021,970,-3.11307843,-1.69256480,-2.41629799,-0.00190735,0.79833127,-0.02822876,3.17108044,-1.64221080,-2.41983770,-0.00128109,0.80276003,-0.02814875,-3.08751996,-1.64259227,-2.61695107,0.00648499,0.86890317,-0.02708435,-0.05859375,-0.00488281,0.26855469,-0.02929688,-0.29296875,-0.01464844,1.03797913,2.65574100,2.65502930,-0.02441406
2.83740807,975,-3.11460431,-1.69256480,-2.41210183,-0.00381470,0.79108334,-0.02784729,3.16973058,-1.64221080,-2.41546972,-0.00258361,0.79634266,-0.02806521,-3.08790143,-1.64259227,-2.61275490,0.00572205,0.86394406,-0.02708435,-0.02929688,-0.00488281,0.29785156,-0.04394531,-0.33691406,0.00000000,1.03797913,2.65577545,2.65464783,-0.02441406
2.85296130,980,-3.11651166,-1.69256480,-2.40828713,-0.00534058,0.78536130,-0.02822876,3.16819536,-1.64221080,-2.41154013,-0.00410661,0.79018135,-0.02817517,-3.08866437,-1.64259227,-2.60855873,0.00457764,0.85822201,-0.02708435,-0.03906250,-0.00488281,0.27832031,-0.07324219,-0.38085938,-0.01464844,1.03797913,2.65570861,2.65502930,-0.04882812
2.86690354,985,-3.11803754,-1.69256480,-2.40447243,-0.00534058,0.78154660,-0.02822876,3.16654728,-1.64221080,-2.40773125,-0.00493623,0.78528765,-0.02821120,-3.08904584,-1.64259227,-2.60474404,0.00381470,0.85326291,-0.02708435,-0.03417969,-0.00976562,0.26855469,-0.07324219,-0.29296875,-0.02929688,1.03797913,2.65568671,2.65464783,-0.04882812
2.88125396,990,-3.11956342,-1.69256480,-2.40103920,-0.00610352,0.77735043,-0.02899170,3.16490128,-1.64221080,-2.40398498,-0.00547053,0.78088441,-0.02848546,-3.08980878,-1.64259227,-2.60092934,0.00343323,0.84830380,-0.02746582,-0.05859375,-0.00488281,0.24414062,-0.04394531,-0.29296875,-0.01464844,1.03797913,2.65575766,2.65464783,-0.04882812
2.89617372,995,-3.12108930,-1.69256480,-2.39798745,-0.00724792,0.77506161,-0.02937317,3.16334581,-1.64221080,-2.40051619,-0.00647606,0.77737050,-0.02896314,-3.09019025,-1.64259227,-2.59787758,0.00343323,0.84487057,-0.02746582,-0.04394531,-0.00976562,0.27832031,-0.02929688,-0.32226562,-0.01464844,1.03797913,2.65570278,2.65464783,-0.02441406
2.91092634,1000,-3.12299664,-1.69256480,-2.39455422,-0.00801086,0.77162839,-0.03051758,3.16169439,-1.64221080,-2.39716848,-0.00747669,0.77417061,-0.02970890,-3.09057172,-1.64259227,-2.59329995,0.00305176,0.83724118,-0.02746582,-0.02441406,-0.00488281,0.29296875,-0.04394531,-0.39550781,0.00000000,1.03797913,2.65576292,2.65464783,0.00000000
2.92709756,1005,-3.12452252,-1.69256480,-2.39112099,-0.00801086,0.76895810,-0.03128052,3.15996917,-1.64221080,-2.39381650,-0.00783583,0.77116857,-0.03055411,-3.09133466,-1.64259227,-2.58910378,0.00190735,0.83190060,-0.02746582,-0.05859375,-0.00488281,0.26855469,-0.08789062,-0.33691406,-0.01464844,1.03797913,2.65578263,2.65502930,-0.04882812
2.94188619,1010,-3.12566693,-1.69256480,-2.38845070,-0.00801086,0.76705075,-0.03166199,3.15857194,-1.64221080,-2.39079002,-0.00795351,0.76880096,-0.03111878,-3.09209760,-1.64259227,-2.58490761,-0.00038147,0.82770443,-0.02784729,-0.04394531,0.00000000,0.25878906,-0.13183594,-0.21972656,-0.02929688,1.03797913,2.65572659,2.65464783,-0.04882812
2.95865345,1015,-3.12681134,-1.69256480,-2.38501747,-0.00877380,0.76590634,-0.03166199,3.15737594,-1.64221080,-2.38773275,-0.00832483,0.76700524,-0.03148399,-3.09247907,-1.64259227,-2.58071144,-0.00114441,0.82350827,-0.02822876,-0.03417969,-0.00488281,0.25878906,-0.04394531,-0.26367188,-0.01464844,1.03797913,2.65570822,2.65502930,0.00000000
2.97158885,1020,-3.12795575,-1.69256480,-2.38349160,-0.00915527,0.76552487,-0.03204346,3.15626345,-1.64221080,-2.38522118,-0.00870298,0.76608027,-0.03174099,-3.09324201,-1.64259227,-2.57765969,-0.00152588,0.82007504,-0.02861023,-0.04882812,-0.00488281,0.27343750,-0.04394531,-0.29296875,-0.02929688,1.03797913,2.65568658,2.65502930,0.00000000
2.98480749,1025,-3.12910016,-1.69256480,-2.38120278,-0.00915527,0.76552487,-0.03242493,3.15498839,-1.64221080,-2.38281054,-0.00900707,0.76570686,-0.03213050,-3.09400494,-1.64259227,-2.57384499,-0.00152588,0.81473446,-0.02899170,-0.05859375,-0.00488281,0.26367188,-0.02929688,-0.27832031,-0.07324219,1.03797913,2.65563555,2.65502930,-0.02441406
3.00057101,1030,-3.13062604,-1.69256480,-2.37815102,-0.00915527,0.76552487,-0.03356934,3.15368581,-1.64221080,-2.38031701,-0.00910671,0.76570365,-0.03284737,-3.09476788,-1.64259227,-2.57003029,-0.00190735,0.81091977,-0.03013611,-0.04882812,0.00000000,0.25878906,-0.05859375,-0.26367188,-0.10253906,1.03797913,2.65574089,2.65502930,0.00000000
3.01350927,1035,-3.13100751,-1.69256480,-2.37662514,-0.00915527,0.76552487,-0.03471375,3.15270319,-1.64221080,-2.37813567,-0.00913936,0.76561470,-0.03383264,-3.09514935,-1.64259227,-2.56697853,-0.00267029,0.80710507,-0.03089905,-0.04394531,-0.00488281,0.24902344,-0.08789062,-0.26367188,-0.01464844,1.03797913,2.65577541,2.65502930,0.00000000
3.02753901,1040,-3.13100751,-1.69256480,-2.37433632,-0.00915527,0.76590634,-0.03585815,3.15234996,-1.64221080,-2.37601342,-0.00915006,0.76569163,-0.03498301,-3.09591229,-1.64259227,-2.56430825,-0.00381470,0.80405331,-0.03089905,-0.05859375,-0.00488281,0.28320312,-0.08789062,-0.26367188,-0.01464844,1.03797913,2.65578672,2.65502930,-0.04882812
3.04328895,1045,-3.13100751,-1.69256480,-2.37166603,-0.00953674,0.76552487,-0.03776550,3.15223421,-1.64221080,-2.37365406,-0.00933972,0.76557952,-0.03639182,-3.09705670,-1.64259227,-2.56011208,-0.00343323,0.80023861,-0.03089905,-0.05859375,-0.00488281,0.25390625,-0.01464844,-0.19042969,-0.01464844,1.03797913,2.65579043,2.65502930,-0.02441406
3.05738997,1050,-3.13100751,-1.69256480,-2.36975869,-0.00991821,0.76552487,-0.03852844,3.15219628,-1.64221080,-2.37143600,-0.00965834,0.76554278,-0.03775800,-3.09743817,-1.64259227,-2.55629738,-0.00381470,0.79794980,-0.03089905,-0.03417969,-0.00488281,0.23925781,-0.02929688,-0.14648438,-0.01464844,1.03797913,2.65579164,2.65502930,0.00000000
3.07272434,1055,-3.13100751,-1.69256480,-2.36708840,-0.01029968,0.76552487,-0.03852844,3.15218386,-1.64221080,-2.36916439,-0.00997039,0.76559177,-0.03827598,-3.09820111,-1.64259227,-2.55210121,-0.00419617,0.79680539,-0.03128052,-0.06835938,-0.00488281,0.25878906,-0.02929688,-0.05859375,-0.02929688,1.03797913,2.65572954,2.65502930,-0.02441406
3.08792257,1060,-3.13100751,-1.69256480,-2.36556252,-0.01144409,0.76552487,-0.03814697,3.15217978,-1.64221080,-2.36704356,-0.01077174,0.76554679,-0.03822050,-3.09858258,-1.64259227,-2.54904946,-0.00419617,0.79566098,-0.03166199,-0.04882812,-0.00488281,0.23925781,-0.02929688,-0.07324219,-0.02929688,1.03797913,2.65569357,2.65464783,-0.04882812
3.10041642,1065,-3.13100751,-1.69256480,-2.36365517,-0.01220703,0.76552487,-0.03814697,3.15217845,-1.64221080,-2.36498618,-0.01161757,0.76553205,-0.03817107,-3.09934552,-1.64259227,-2.54561623,-0.00457764,0.79451657,-0.03166199,-0.03417969,-0.00488281,0.25878906,-0.05859375,-0.08789062,-0.02929688,1.03797913,2.65575990,2.65502930,-0.04882812
3.11324430,1070,-3.13100751,-1.69256480,-2.36174782,-0.01220703,0.76552487,-0.03814697,3.15217801,-1.64221080,-2.36309071,-0.01201388,0.76552722,-0.03815487,-3.09972699,-1.64259227,-2.54218300,-0.00457764,0.79108334,-0.03204346,-0.04882812,0.00488281,0.24902344,-0.02929688,-0.21972656,-0.04394531,1.03797913,2.65578164,2.65502930,-0.02441406
3.12990499,1075,-3.13100751,-1.69256480,-2.35945900,-0.01296997,0.76552487,-0.03814697,3.15217787,-1.64221080,-2.36108898,-0.01253754,0.76552564,-0.03814956,-3.10048993,-1.64259227,-2.53760537,-0.00495911,0.78765011,-0.03280640,-0.05859375,-0.00976562,0.24902344,-0.02929688,-0.19042969,-0.05859375,1.03797913,2.65578876,2.65502930,-0.02441406
3.14516783,1080,-3.13100751,-1.69256480,-2.35793312,-0.01411438,0.76552487,-0.03814697,3.15217782,-1.64221080,-2.35936811,-0.01335940,0.76552512,-0.03814782,-3.10125287,-1.64259227,-2.53493508,-0.00572205,0.78574277,-0.03356934,-0.04394531,0.00000000,0.22460938,-0.07324219,-0.13183594,-0.07324219,1.03797913,2.65579110,2.65502930,-0.04882812
3.15809870,1085,-3.13100751,-1.69256480,-2.35640724,-0.01564026,0.76552487,-0.03814697,3.15217781,-1.64221080,-2.35765920,-0.01456230,0.76552495,-0.03814725,-3.10163434,-1.64259227,-2.53150185,-0.00724792,0.78421689,-0.03395081,-0.04882812,-0.00488281,0.23925781,-0.13183594,-0.11718750,-0.02929688,1.03797913,2.65579186,2.65502930,0.00000000
3.17090678,1090,-3.13100751,-1.69256480,-2.35526284,-0.01602173,0.76552487,-0.03814697,3.15217780,-1.64221080,-2.35626878,-0.01551225,0.76552490,-0.03814706,-3.10201581,-1.64259227,-2.52845009,-0.00877380,0.78154660,-0.03433228,-0.02929688,-0.00488281,0.23925781,-0.07324219,-0.19042969,-0.02929688,1.03797913,2.65571399,2.65502930,0.00000000
3.18622589,1095,-3.13100751,-1.69256480,-2.35373696,-0.01678467,0.76552487,-0.03814697,3.15217780,-1.64221080,-2.35499725,-0.01618755,0.76552488,-0.03814700,-3.10277875,-1.64259227,-2.52501686,-0.00991821,0.78002072,-0.03433228,-0.06347656,-0.00976562,0.25878906,-0.10253906,-0.13183594,-0.01464844,1.03797913,2.65546874,2.65502930,0.00000000
3.20110703,1100,-3.13100751,-1.69256480,-2.35182961,-0.01831055,0.76552487,-0.03776550,3.15214655,-1.64221080,-2.35331729,-0.01716518,0.76552487,-0.03789051,-3.10354169,-1.64259227,-2.52158364,-0.01068115,0.77887631,-0.03433228,-0.04882812,-0.00488281,0.22949219,-0.08789062,-0.01464844,-0.02929688,1.03797913,2.65568623,2.65502930,-0.04882812
3.21538353,1105,-3.13100751,-1.69256480,-2.35068520,-0.02021790,0.76552487,-0.03776550,3.15216756,-1.64221080,-2.35172932,-0.01885576,0.76552487,-0.03780647,-3.10392316,-1.64259227,-2.51853188,-0.01144409,0.77887631,-0.03433228,-0.02441406,-0.00488281,0.22949219,-0.02929688,-0.00000000,0.00000000,1.03797913,2.65575750,2.65502930,0.00000000
3.22967720,1110,-3.13100751,-1.69256480,-2.34915932,-0.02212524,0.76552487,-0.03738403,3.15217444,-1.64221080,-2.35028320,-0.02065302,0.76552487,-0.03770263,-3.10430463,-1.64259227,-2.51509865,-0.01144409,0.77811337,-0.03471375,-0.04882812,-0.00488281,0.24414062,-0.01464844,-0.02929688,-0.01464844,1.03797913,2.65568320,2.65502930,-0.02441406
3.24522519,1115,-3.13100751,-1.69256480,-2.34687050,-0.02441406,0.76552487,-0.03738403,3.15217670,-1.64221080,-2.34850879,-0.02266163,0.76552487,-0.03748843,-3.10506757,-1.64259227,-2.51128395,-0.01144409,0.77735043,-0.03471375,-0.03906250,-0.00488281,0.22949219,-0.02929688,-0.01464844,-0.04394531,1.03797913,2.65575651,2.65502930,-0.04882812
3.26013541,1120,-3.13100751,-1.69256480,-2.34534462,-0.02670288,0.76552487,-0.03738403,3.15217744,-1.64221080,-2.34678234,-0.02467845,0.76552487,-0.03741824,-3.10583051,-1.64259227,-2.50785073,-0.01220703,0.77735043,-0.03471375,-0.02929688,-0.00488281,0.23437500,-0.04394531,0.02929688,-0.02929688,1.03797913,2.65568287,2.65502930,-0.04882812
3.27540684,1125,-3.13138898,-1.69256480,-2.34420021,-0.02784729,0.76552487,-0.03700256,3.15204035,-1.64221080,-2.34532806,-0.02658822,0.76552487,-0.03725791,-3.10583051,-1.64259227,-2.50518044,-0.01258850,0.77696896,-0.03509521,-0.02929688,-0.00488281,0.21972656,-0.05859375,-0.02929688,-0.02929688,1.03797913,2.65575640,2.65502930,0.02441406
3.28703594,1130,-3.13138898,-1.69256480,-2.34343727,-0.02861023,0.76590634,-0.03700256,3.15200764,-1.64221080,-2.34426827,-0.02779727,0.76575009,-0.03708624,-3.10621198,-1.64259227,-2.50251015,-0.01335144,0.77620602,-0.03509521,-0.04882812,0.00000000,0.20507812,-0.10253906,-0.01464844,0.00000000,1.03797913,2.65562034,2.65502930,-0.02441406
3.30131865,1135,-3.13138898,-1.69256480,-2.34267433,-0.02975464,0.76628781,-0.03623962,3.15186557,-1.64221080,-2.34344712,-0.02886276,0.76604130,-0.03663618,-3.10697492,-1.64259227,-2.49945839,-0.01487732,0.77506161,-0.03509521,-0.03906250,-0.00488281,0.21972656,-0.10253906,-0.10253906,-0.01464844,1.03797913,2.65573591,2.65502930,-0.02441406
3.31429243,1140,-3.13138898,-1.69256480,-2.34191140,-0.03128052,0.76628781,-0.03395081,3.15181902,-1.64221080,-2.34266511,-0.03020653,0.76620703,-0.03541180,-3.10773786,-1.64259227,-2.49678810,-0.01640320,0.77277279,-0.03509521,-0.04394531,-0.00976562,0.21484375,-0.13183594,-0.14648438,-0.04394531,1.03797913,2.65577378,2.65502930,0.00000000
3.33011723,1145,-3.13138898,-1.69256480,-2.34114846,-0.03395081,0.76628781,-0.02975464,3.15180376,-1.64221080,-2.34183489,-0.03216480,0.76626134,-0.03242723,-3.10811932,-1.64259227,-2.49335488,-0.01792908,0.77162839,-0.03547668,-0.03417969,-0.00488281,0.22460938,-0.14648438,-0.04394531,-0.02929688,1.03797913,2.65578619,2.65502930,-0.02441406
3.34302545,1150,-3.13138898,-1.69256480,-2.34000405,-0.03509521,0.76628781,-0.02708435,3.15179877,-1.64221080,-2.34079343,-0.03403341,0.76627914,-0.02930630,-3.10811932,-1.64259227,-2.49106606,-0.01907349,0.77162839,-0.03547668,-0.02929688,-0.00488281,0.20019531,-0.08789062,-0.00000000,-0.02929688,1.03797913,2.65557053,2.65502930,-0.02441406
3.35640144,1155,-3.13138898,-1.69256480,-2.33924111,-0.03547668,0.76628781,-0.02593994,3.15179713,-1.64221080,-2.33986891,-0.03500375,0.76628497,-0.02711334,-3.10850079,-1.64259227,-2.48801430,-0.01945496,0.77162839,-0.03509521,-0.03417969,-0.00976562,0.20019531,-0.04394531,0.02929688,-0.01464844,1.03797913,2.65565709,2.65502930,-0.02441406
3.37110567,1160,-3.13138898,-1.69256480,-2.33847817,-0.03547668,0.76666928,-0.02593994,3.15179659,-1.64221080,-2.33911406,-0.03532171,0.76651210,-0.02632444,-3.10926373,-1.64259227,-2.48496254,-0.01983643,0.77162839,-0.03509521,-0.05371094,-0.00488281,0.20507812,-0.05859375,-0.00000000,0.01464844,1.03797913,2.65568545,2.65541077,0.00000000
3.38656402,1165,-3.13138898,-1.69256480,-2.33847817,-0.03547668,0.76781369,-0.02593994,3.15179641,-1.64221080,-2.33868654,-0.03542590,0.76713669,-0.02606593,-3.10964520,-1.64259227,-2.48191079,-0.02098083,0.77162839,-0.03471375,-0.03906250,-0.00488281,0.20019531,-0.08789062,0.01464844,0.00000000,1.03759766,2.65560466,2.65502930,0.00000000
3.40036798,1170,-3.13177045,-1.69256480,-2.33809670,-0.03547668,0.76972104,-0.02555847,3.15165903,-1.64221080,-2.33828998,-0.03546004,0.76853436,-0.02584390,-3.11040814,-1.64259227,-2.47924050,-0.02250671,0.77124692,-0.03471375,-0.03906250,-0.00488281,0.20996094,-0.16113281,-0.01464844,-0.01464844,1.03797913,2.65573077,2.65502930,-0.02441406
3.41553712,1175,-3.13253339,-1.69256480,-2.33809670,-0.03509521,0.77200985,-0.02555847,3.15123242,-1.64221080,-2.33816003,-0.03539494,0.77039981,-0.02565200,-3.11040814,-1.64259227,-2.47733315,-0.02326965,0.77086545,-0.03471375,-0.01953125,-0.00488281,0.18554688,-0.10253906,-0.00000000,0.00000000,1.03797913,2.65577210,2.65502930,-0.02441406
3.43179560,1180,-3.13291486,-1.69256480,-2.33809670,-0.03509521,0.77582455,-0.02479553,3.15061692,-1.64221080,-2.33811745,-0.03519343,0.77333311,-0.02519532,-3.11117108,-1.64259227,-2.47351845,-0.02517700,0.77086545,-0.03471375,-0.05371094,0.00000000,0.19531250,-0.08789062,0.02929688,-0.01464844,1.03797913,2.65570751,2.65541077,-0.02441406
3.44754934,1185,-3.13329633,-1.69256480,-2.33809670,-0.03509521,0.77925778,-0.02365112,3.15012751,-1.64221080,-2.33810350,-0.03512740,0.77672605,-0.02448769,-3.11155255,-1.64259227,-2.47046669,-0.02632141,0.77086545,-0.03433228,-0.02929688,-0.00976562,0.17089844,-0.13183594,0.02929688,0.00000000,1.03797913,2.65576447,2.65502930,-0.02441406
3.46184087,1190,-3.13329633,-1.69256480,-2.33809670,-0.03509521,0.78269101,-0.02250671,3.14996714,-1.64221080,-2.33809893,-0.03510576,0.77985604,-0.02340633,-3.11193402,-1.64259227,-2.46855934,-0.02746582,0.77124692,-0.03433228,-0.04394531,-0.00488281,0.17578125,-0.05859375,0.02929688,0.00000000,1.03797913,2.65578314,2.65541077,-0.02441406
3.47669339,1195,-3.13329633,-1.69256480,-2.33809670,-0.03509521,0.78574277,-0.02250671,3.14991459,-1.64221080,-2.33809743,-0.03509867,0.78299007,-0.02280150,-3.11231549,-1.64259227,-2.46550759,-0.02784729,0.77086545,-0.03433228,-0.01464844,-0.00488281,0.18554688,-0.02929688,-0.00000000,-0.01464844,1.03797913,2.65560469,2.65502930,0.02441406
3.49128747,1200,-3.13329633,-1.69256480,-2.33809670,-0.03509521,0.78803158,-0.02250671,3.14989737,-1.64221080,-2.33809694,-0.03509635,0.78589862,-0.02260331,-3.11269696,-1.64259227,-2.46283730,-0.02784729,0.77162839,-0.03395081,-0.03906250,-0.00488281,0.17578125,-0.02929688,0.07324219,0.00000000,1.03797913,2.65573078,2.65502930,-0.02441406
3.50512695,1205,-3.13329633,-1.69256480,-2.33809670,-0.03509521,0.79032040,-0.02250671,3.14989173,-1.64221080,-2.33809678,-0.03509559,0.78836073,-0.02253837,-3.11307843,-1.64259227,-2.46016701,-0.02822876,0.77200985,-0.03356934,-0.03417969,-0.00488281,0.18066406,-0.04394531,0.04394531,0.01464844,1.03797913,2.65569397,2.65502930,0.00000000
3.52061915,1210,-3.13329633,-1.69256480,-2.33771523,-0.03509521,0.79222775,-0.02250671,3.14988988,-1.64221080,-2.33802043,-0.03509534,0.79044986,-0.02251709,-3.11345990,-1.64259227,-2.45787819,-0.02899170,0.77239132,-0.03280640,-0.02441406,-0.00488281,0.16601562,-0.05859375,0.05859375,0.04394531,1.03797913,2.65576004,2.65541077,-0.02441406
3.53613663,1215,-3.13329633,-1.69256480,-2.33733376,-0.03509521,0.79413510,-0.02250671,3.14988928,-1.64221080,-2.33767791,-0.03509525,0.79261453,-0.02251011,-3.11422284,-1.64259227,-2.45558937,-0.02975464,0.77391720,-0.03166199,-0.03906250,-0.00488281,0.16113281,-0.04394531,0.10253906,0.04394531,1.03797913,2.65578169,2.65541077,-0.02441406
3.54870510,1220,-3.13329633,-1.69256480,-2.33695229,-0.03509521,0.79489804,-0.02250671,3.14988908,-1.64221080,-2.33730920,-0.03509523,0.79399939,-0.02250783,-3.11422284,-1.64259227,-2.45444496,-0.02975464,0.77506161,-0.03089905,-0.02929688,-0.00488281,0.16113281,-0.02929688,0.10253906,0.08789062,1.03797913,2.65562862,2.65502930,-0.04882812
3.56292105,1225,-3.13329633,-1.69256480,-2.33618935,-0.03509521,0.79642392,-0.02250671,3.14988901,-1.64221080,-2.33676773,-0.03509522,0.79540874,-0.02250708,-3.11460431,-1.64259227,-2.45139321,-0.03013611,0.77620602,-0.03051758,-0.03417969,-0.00488281,0.16113281,-0.02929688,0.10253906,-0.01464844,1.03797913,2.65573862,2.65502930,-0.04882812
3.57523918,1230,-3.13329633,-1.69256480,-2.33542641,-0.03509521,0.79756833,-0.02250671,3.14988899,-1.64221080,-2.33611642,-0.03509522,0.79656136,-0.02250683,-3.11498578,-1.64259227,-2.44986733,-0.03013611,0.77735043,-0.03051758,-0.01953125,-0.00488281,0.15625000,-0.02929688,0.10253906,0.00000000,1.03797913,2.65577467,2.65541077,-0.02441406
3.58868241,1235,-3.13329633,-1.69256480,-2.33466347,-0.03509521,0.79756833,-0.02250671,3.14988898,-1.64221080,-2.33528996,-0.03509522,0.79723836,-0.02250675,-3.11536725,-1.64259227,-2.44719704,-0.03051758,0.77849484,-0.03013611,-0.02441406,0.00000000,0.17089844,-0.02929688,0.08789062,0.00000000,1.03797913,2.65572398,2.65541077,-0.02441406
3.60649228,1240,-3.13329633,-1.69256480,-2.33313759,-0.03509521,0.79756833,-0.02288818,3.14988898,-1.64221080,-2.33421251,-0.03509521,0.79746020,-0.02258302,-3.11613019,-1.64259227,-2.44452675,-0.03089905,0.77925778,-0.02975464,-0.03906250,-0.00976562,0.16113281,-0.01464844,0.08789062,-0.01464844,1.03797913,2.65576987,2.65541077,-0.02441406
3.62174654,1245,-3.13329633,-1.69256480,-2.33199318,-0.03471375,0.79718686,-0.02288818,3.14988898,-1.64221080,-2.33296309,-0.03501892,0.79727643,-0.02264707,-3.11613019,-1.64259227,-2.44223793,-0.03089905,0.78078366,-0.02937317,-0.02929688,-0.00488281,0.14160156,-0.02929688,0.08789062,0.02929688,1.03759766,2.65551025,2.65541077,-0.02441406
3.63581300,1250,-3.13329633,-1.69256480,-2.33084877,-0.03471375,0.79680539,-0.02250671,3.14988898,-1.64221080,-2.33182333,-0.03481375,0.79699099,-0.02267185,-3.11689313,-1.64259227,-2.44033058,-0.03128052,0.78116513,-0.02822876,-0.03906250,-0.00488281,0.15136719,-0.05859375,0.04394531,0.07324219,1.03797913,2.65569983,2.65541077,0.00000000
3.64874816,1255,-3.13329633,-1.69256480,-2.32932289,-0.03433228,0.79680539,-0.02250671,3.14988898,-1.64221080,-2.33051187,-0.03460918,0.79686620,-0.02264872,-3.11689313,-1.64259227,-2.43842324,-0.03128052,0.78154660,-0.02670288,-0.01464844,-0.00976562,0.13183594,-0.02929688,0.04394531,0.10253906,1.03797913,2.65576196,2.65541077,-0.04882812
3.66211605,1260,-3.13329633,-1.69256480,-2.32817849,-0.03395081,0.79680539,-0.02250671,3.14988898,-1.64221080,-2.32927365,-0.03428568,0.79682532,-0.02255324,-3.11689313,-1.64259227,-2.43651589,-0.03204346,0.78230954,-0.02670288,-0.01464844,0.00000000,0.13183594,-0.04394531,0.08789062,-0.02929688,1.03797913,2.65578231,2.65541077,-0.02441406
3.67601085,1265,-3.13329633,-1.69256480,-2.32665261,-0.03395081,0.79642392,-0.02288818,3.14988898,-1.64221080,-2.32788110,-0.03406054,0.79673562,-0.02259826,-3.11727460,-1.64259227,-2.43460854,-0.03280640,0.78307248,-0.02670288,-0.02929688,-0.00488281,0.14648438,-0.08789062,0.02929688,-0.02929688,1.03797913,2.65578899,2.65541077,-0.02441406
3.68980432,1270,-3.13291486,-1.69256480,-2.32512673,-0.03318787,0.79642392,-0.02288818,3.15005756,-1.64221080,-2.32631102,-0.03359296,0.79652606,-0.02268332,-3.11765607,-1.64259227,-2.43270119,-0.03356934,0.78307248,-0.02670288,-0.02929688,-0.00488281,0.14160156,-0.05859375,0.01464844,-0.01464844,1.03797913,2.65579117,2.65541077,0.00000000
3.70453048,1275,-3.13291486,-1.69256480,-2.32398232,-0.03242493,0.79642392,-0.02250671,3.15020069,-1.64221080,-2.32502713,-0.03305816,0.79645739,-0.02261341,-3.11803754,-1.64259227,-2.43041237,-0.03395081,0.78383542,-0.02670288,-0.02441406,-0.00976562,0.15136719,-0.02929688,0.08789062,-0.01464844,1.03797913,2.65579189,2.65502930,-0.04882812
3.72114682,1280,-3.13291486,-1.69256480,-2.32321938,-0.03166199,0.79642392,-0.02288818,3.15024759,-1.64221080,-2.32391330,-0.03236997,0.79652717,-0.02266680,-3.11841901,-1.64259227,-2.42812355,-0.03433228,0.78612423,-0.02670288,-0.03417969,-0.00488281,0.15625000,-0.01464844,0.14648438,-0.01464844,1.03797913,2.65569447,2.65502930,-0.02441406
3.73909712,1285,-3.13291486,-1.69256480,-2.32245644,-0.02937317,0.79680539,-0.02288818,3.15026296,-1.64221080,-2.32318431,-0.03085760,0.79668297,-0.02269650,-3.11880048,-1.64259227,-2.42545327,-0.03433228,0.78955746,-0.02632141,-0.00976562,-0.00488281,0.14648438,-0.02929688,0.21972656,0.00000000,1.03797913,2.65576020,2.65541077,-0.02441406
3.75703478,1290,-3.13291486,-1.69256480,-2.32169350,-0.02746582,0.79642392,-0.02288818,3.15026800,-1.64221080,-2.32225232,-0.02903915,0.79662794,-0.02282537,-3.11880048,-1.64259227,-2.42354592,-0.03433228,0.79260922,-0.02632141,-0.01464844,0.00000000,0.13671875,-0.01464844,0.21972656,-0.01464844,1.03797913,2.65578174,2.65502930,-0.02441406
3.77300286,1295,-3.13291486,-1.69256480,-2.32131203,-0.02555847,0.79642392,-0.02288818,3.15026965,-1.64221080,-2.32165139,-0.02728008,0.79649077,-0.02286760,-3.11918195,-1.64259227,-2.42125710,-0.03433228,0.79489804,-0.02632141,-0.02441406,-0.00488281,0.14160156,0.00000000,0.14648438,-0.01464844,1.03797913,2.65569114,2.65541077,0.00000000
3.78536963,1300,-3.13291486,-1.69256480,-2.32131203,-0.02403259,0.79680539,-0.02288818,3.15027019,-1.64221080,-2.32142323,-0.02541753,0.79663198,-0.02288144,-3.11956342,-1.64259227,-2.41934975,-0.03395081,0.79527951,-0.02593994,-0.02441406,-0.00488281,0.13183594,0.00000000,0.04394531,0.00000000,1.03797913,2.65575911,2.65541077,-0.02441406
3.80116582,1305,-3.13291486,-1.69256480,-2.32131203,-0.02250671,0.79718686,-0.02326965,3.15027036,-1.64221080,-2.32134847,-0.02368123,0.79688589,-0.02296227,-3.11994489,-1.64259227,-2.41744240,-0.03395081,0.79527951,-0.02593994,-0.02441406,0.00000000,0.13183594,-0.01464844,0.01464844,0.00000000,1.03797913,2.65571888,2.65541077,-0.04882812
3.81365609,1310,-3.13291486,-1.69256480,-2.32131203,-0.02021790,0.79718686,-0.02326965,3.15027042,-1.64221080,-2.32132397,-0.02175364,0.79693931,-0.02313768,-3.11994489,-1.64259227,-2.41553505,-0.03395081,0.79489804,-0.02593994,-0.01953125,-0.00488281,0.13183594,-0.01464844,-0.02929688,-0.01464844,1.03797913,2.65570570,2.65541077,-0.04882812
3.82604456,1315,-3.13291486,-1.69256480,-2.32131203,-0.01754761,0.79680539,-0.02326965,3.15027044,-1.64221080,-2.32131594,-0.01958697,0.79684927,-0.02322641,-3.12070783,-1.64259227,-2.41400917,-0.03395081,0.79451657,-0.02555847,-0.04394531,-0.00488281,0.12695312,-0.01464844,-0.00000000,-0.01464844,1.03797913,2.65576388,2.65541077,0.00000000
3.84202647,1320,-3.13291486,-1.69256480,-2.32131203,-0.01449585,0.79718686,-0.02365112,3.15027045,-1.64221080,-2.32131331,-0.01678569,0.79707624,-0.02344164,-3.12070783,-1.64259227,-2.41248329,-0.03318787,0.79451657,-0.02555847,-0.01464844,-0.00488281,0.10253906,0.04394531,0.01464844,0.01464844,1.03797913,2.65578294,2.65541077,-0.02441406
3.85567188,1325,-3.13291486,-1.69256480,-2.32131203,-0.01182556,0.79718686,-0.02365112,3.15027045,-1.64221080,-2.32131245,-0.01411203,0.79715061,-0.02358248,-3.12070783,-1.64259227,-2.41057595,-0.03242493,0.79527951,-0.02555847,-0.01953125,0.00000000,0.11230469,0.04394531,0.05859375,-0.01464844,1.03797913,2.65566712,2.65502930,-0.02441406
3.86922407,1330,-3.13291486,-1.69256480,-2.32131203,-0.00915527,0.79756833,-0.02403259,3.15027045,-1.64221080,-2.32131217,-0.01132101,0.79739239,-0.02370492,-3.12108930,-1.64259227,-2.40866860,-0.03051758,0.79527951,-0.02555847,-0.02441406,-0.00488281,0.12695312,0.16113281,0.02929688,-0.02929688,1.03797913,2.65575124,2.65541077,0.00000000
3.88333035,1335,-3.13291486,-1.69256480,-2.32131203,-0.00610352,0.79833127,-0.02441406,3.15027045,-1.64221080,-2.32131208,-0.00851289,0.79790447,-0.02406255,-3.12147077,-1.64259227,-2.40714272,-0.02899170,0.79527951,-0.02517700,-0.02441406,-0.00488281,0.11718750,0.04394531,0.02929688,0.00000000,1.03797913,2.65577880,2.65541077,-0.02441406
3.89730096,1340,-3.13291486,-1.69256480,-2.32093056,-0.00419617,0.79909421,-0.02441406,3.15027045,-1.64221080,-2.32114786,-0.00601155,0.79855396,-0.02429888,-3.12147077,-1.64259227,-2.40523537,-0.02822876,0.79566098,-0.02517700,-0.01464844,-0.00488281,0.11230469,0.07324219,0.04394531,-0.01464844,1.03759766,2.65563525,2.65541077,-0.04882812
3.91117787,1345,-3.13291486,-1.69256480,-2.32093056,-0.00228882,0.80100155,-0.02479553,3.15027045,-1.64221080,-2.32100177,-0.00369814,0.79993000,-0.02463279,-3.12185223,-1.64259227,-2.40409096,-0.02708435,0.79604245,-0.02517700,-0.01953125,-0.00488281,0.11718750,0.05859375,0.04394531,-0.01464844,1.03797913,2.65567829,2.65541077,-0.02441406
3.92683101,1350,-3.13291486,-1.69256480,-2.32093056,0.00114441,0.80443478,-0.02517700,3.15027045,-1.64221080,-2.32095389,-0.00139308,0.80207828,-0.02487953,-3.12185223,-1.64259227,-2.40180214,-0.02555847,0.79604245,-0.02517700,-0.02929688,-0.00976562,0.14160156,0.05859375,0.01464844,0.00000000,1.03797913,2.65575490,2.65541077,-0.04882812
3.94364381,1355,-3.13291486,-1.69256480,-2.32093056,0.00457764,0.80672360,-0.02670288,3.15027045,-1.64221080,-2.32093821,0.00166070,0.80472047,-0.02577484,-3.12223370,-1.64259227,-2.39989479,-0.02365112,0.79604245,-0.02517700,-0.00976562,0.00000000,0.11718750,0.16113281,0.02929688,-0.01464844,1.03797913,2.65560422,2.65541077,-0.02441406
3.95899558,1360,-3.13253339,-1.69256480,-2.32093056,0.00915527,0.80901242,-0.02784729,3.15045661,-1.64221080,-2.32093307,0.00557836,0.80720515,-0.02697874,-3.12261517,-1.64259227,-2.39875038,-0.02059937,0.79680539,-0.02479553,-0.01953125,-0.00488281,0.10742188,0.13183594,0.08789062,-0.01464844,1.03797913,2.65573063,2.65541077,0.00000000
3.97249651,1365,-3.13253339,-1.69256480,-2.32093056,0.01296997,0.81091977,-0.02899170,3.15058792,-1.64221080,-2.32093138,0.00982914,0.80926262,-0.02806256,-3.12299664,-1.64259227,-2.39722451,-0.01869202,0.79718686,-0.02517700,-0.03417969,-0.00488281,0.10742188,0.13183594,0.02929688,-0.01464844,1.03797913,2.65577205,2.65541077,-0.02441406
3.98940516,1370,-3.13253339,-1.69256480,-2.32093056,0.01907349,0.81320859,-0.03166199,3.15063095,-1.64221080,-2.32093083,0.01482018,0.81144438,-0.02987999,-3.12299664,-1.64259227,-2.39531716,-0.01754761,0.79718686,-0.02517700,-0.01953125,-0.00488281,0.12207031,0.05859375,0.01464844,-0.02929688,1.03797913,2.65570750,2.65541077,-0.02441406
4.00378156,1375,-3.13215192,-1.69256480,-2.32093056,0.02288818,0.81397152,-0.03318787,3.15087027,-1.64221080,-2.32093065,0.01951301,0.81307312,-0.03177337,-3.12337811,-1.64259227,-2.39379128,-0.01564026,0.79756833,-0.02517700,-0.00976562,-0.00976562,0.08789062,0.11718750,0.04394531,-0.02929688,1.03797913,2.65568634,2.65541077,-0.02441406
4.01881671,1380,-3.13138898,-1.69256480,-2.32093056,0.02708435,0.81511593,-0.03471375,3.15128145,-1.64221080,-2.32093059,0.02353892,0.81419606,-0.03328833,-3.12337811,-1.64259227,-2.39264687,-0.01335144,0.79871274,-0.02517700,-0.01464844,-0.00488281,0.09277344,0.16113281,0.10253906,-0.02929688,1.03797913,2.65575754,2.65541077,-0.02441406
4.03150988,1385,-3.13024457,-1.69256480,-2.32093056,0.03051758,0.81549740,-0.03662109,3.15218560,-1.64221080,-2.32093057,0.02741929,0.81495184,-0.03501827,-3.12337811,-1.64259227,-2.39150246,-0.01068115,0.79947568,-0.02555847,-0.01464844,-0.00488281,0.10253906,0.19042969,0.10253906,-0.04394531,1.03797913,2.65571837,2.65541077,-0.02441406
4.04717040,1390,-3.12948163,-1.69256480,-2.32093056,0.03433228,0.81587887,-0.03929138,3.15301678,-1.64221080,-2.32093056,0.03131703,0.81550479,-0.03731842,-3.12337811,-1.64259227,-2.38997658,-0.00724792,0.79985714,-0.02555847,-0.00488281,-0.00488281,0.09277344,0.21972656,0.02929688,-0.04394531,1.03759766,2.65561544,2.65541077,-0.02441406
4.06219172,1395,-3.12871869,-1.69256480,-2.32093056,0.03929138,0.81587887,-0.04196167,3.15378011,-1.64221080,-2.32093056,0.03580872,0.81575629,-0.03987132,-3.12375958,-1.64259227,-2.38845070,-0.00457764,0.80023861,-0.02593994,-0.00976562,-0.00488281,0.08789062,0.23437500,0.04394531,-0.01464844,1.03797913,2.65573430,2.65541077,0.00000000
4.07790732,1400,-3.12833722,-1.69256480,-2.32093056,0.04577637,0.81587887,-0.04615784,3.15437899,-1.64221080,-2.32093056,0.04130558,0.81583871,-0.04316721,-3.12375958,-1.64259227,-2.38730629,-0.00038147,0.80138302,-0.02632141,-0.02441406,0.00000000,0.09765625,0.17578125,0.10253906,-0.02929688,1.03797913,2.65577325,2.65502930,-0.04882812
4.09369469,1405,-3.12795575,-1.69256480,-2.32093056,0.05073547,0.81587887,-0.05226135,3.15495084,-1.64221080,-2.32093056,0.04663425,0.81586571,-0.04798841,-3.12414105,-1.64259227,-2.38578041,0.00228882,0.80290890,-0.02670288,-0.02441406,0.00000000,0.09765625,0.17578125,0.11718750,-0.02929688,1.03797913,2.65578602,2.65541077,-0.02441406
4.11097908,1410,-3.12795575,-1.69256480,-2.32093056,0.05569458,0.81587887,-0.05645752,3.15513823,-1.64221080,-2.32093056,0.05158556,0.81587456,-0.05284154,-3.12414105,-1.64259227,-2.38425454,0.00648499,0.80405331,-0.02708435,-0.00976562,-0.00488281,0.08789062,0.21972656,0.04394531,-0.05859375,1.03797913,2.65579020,2.65541077,0.00000000
4.12422729,1415,-3.12795575,-1.69256480,-2.32093056,0.05950928,0.81587887,-0.05912781,3.15519963,-1.64221080,-2.32093056,0.05622094,0.81587746,-0.05656548,-3.12414105,-1.64259227,-2.38311013,0.00915527,0.80443478,-0.02861023,-0.00488281,-0.00488281,0.10742188,0.14648438,0.04394531,-0.13183594,1.03797913,2.65579157,2.65541077,-0.02441406
4.13802457,1420,-3.12795575,-1.69256480,-2.32093056,0.06446838,0.81587887,-0.06217957,3.15521975,-1.64221080,-2.32093056,0.06071361,0.81587841,-0.05961826,-3.12414105,-1.64259227,-2.38158425,0.01220703,0.80519772,-0.03204346,-0.00488281,-0.00488281,0.10253906,0.24902344,0.05859375,-0.26367188,1.03797913,2.65566995,2.65541077,-0.04882812
4.15409279,1425,-3.12795575,-1.69256480,-2.32093056,0.06790161,0.81587887,-0.06523132,3.15522634,-1.64221080,-2.32093056,0.06490562,0.81587872,-0.06287055,-3.12452252,-1.64259227,-2.38082131,0.01640320,0.80557919,-0.03318787,-0.00976562,-0.00488281,0.07812500,0.24902344,0.05859375,-0.13183594,1.03797913,2.65575216,2.65541077,-0.04882812
4.16798639,1430,-3.12795575,-1.69256480,-2.32093056,0.07209778,0.81587887,-0.06828308,3.15522850,-1.64221080,-2.32093056,0.06887826,0.81587882,-0.06584056,-3.12452252,-1.64259227,-2.37929543,0.01983643,0.80634213,-0.03509521,-0.00976562,-0.00976562,0.07324219,0.21972656,0.02929688,-0.11718750,1.03797913,2.65577911,2.65541077,0.00000000
4.18323064,1435,-3.12795575,-1.69256480,-2.32093056,0.07324219,0.81626034,-0.06942749,3.15522921,-1.64221080,-2.32093056,0.07153048,0.81613533,-0.06810173,-3.12452252,-1.64259227,-2.37815102,0.02365112,0.80634213,-0.03623962,-0.00976562,-0.00488281,0.09277344,0.27832031,0.01464844,-0.13183594,1.03797913,2.65578793,2.65541077,0.00000000
4.19714904,1440,-3.12757428,-1.69256480,-2.32093056,0.07400513,0.81664181,-0.06942749,3.15530574,-1.64221080,-2.32093056,0.07298281,0.81640554,-0.06899307,-3.12452252,-1.64259227,-2.37738808,0.02708435,0.80634213,-0.03929138,-0.00976562,-0.00488281,0.06347656,0.23437500,0.01464844,-0.26367188,1.03797913,2.65579083,2.65541077,-0.02441406
4.21008873,1445,-3.12757428,-1.69256480,-2.32093056,0.07476807,0.81664181,-0.06904602,3.15551099,-1.64221080,-2.32093056,0.07399362,0.81656439,-0.06920884,-3.12452252,-1.64259227,-2.37624367,0.03089905,0.80672360,-0.04272461,-0.01464844,-0.00976562,0.08789062,0.27832031,0.02929688,-0.29296875,1.03797913,2.65569412,2.65541077,-0.02441406
4.22442484,1450,-3.12719281,-1.69256480,-2.32093056,0.07553101,0.81664181,-0.06942749,3.15580347,-1.64221080,-2.32093056,0.07499599,0.81661644,-0.06935584,-3.12490399,-1.64259227,-2.37509926,0.03433228,0.80748654,-0.04539490,-0.00488281,-0.00488281,0.08300781,0.20507812,0.07324219,-0.14648438,1.03797913,2.65576008,2.65541077,-0.02441406
4.23661876,1455,-3.12681134,-1.69256480,-2.32093056,0.07553101,0.81664181,-0.06942749,3.15611671,-1.64221080,-2.32093056,0.07535569,0.81658467,-0.06940401,-3.12490399,-1.64259227,-2.37433632,0.03585815,0.80824948,-0.04615784,-0.00976562,0.00000000,0.07324219,0.13183594,0.05859375,-0.07324219,1.03797913,2.65578170,2.65541077,0.00000000
4.24879360,1460,-3.12604840,-1.69256480,-2.32093056,0.07553101,0.81626034,-0.06942749,3.15673230,-1.64221080,-2.32093056,0.07547356,0.81642765,-0.06932751,-3.12490399,-1.64259227,-2.37319191,0.03890991,0.80863095,-0.04730225,-0.00488281,-0.00488281,0.06835938,0.21972656,0.04394531,-0.11718750,1.03797913,2.65569113,2.65541077,-0.04882812
4.26513982,1465,-3.12528546,-1.69256480,-2.32093056,0.07514954,0.81626034,-0.06942749,3.15744695,-1.64221080,-2.32093056,0.07532602,0.81631517,-0.06931465,-3.12490399,-1.64259227,-2.37204750,0.04234314,0.80939389,-0.05149841,-0.01464844,-0.00488281,0.08789062,0.20507812,0.05859375,-0.29296875,1.03797913,2.65575911,2.65541077,-0.02441406
4.28111625,1470,-3.12414105,-1.69256480,-2.32093056,0.07514954,0.81587887,-0.06904602,3.15827036,-1.64221080,-2.32093056,0.07520737,0.81602184,-0.06913405,-3.12490399,-1.64259227,-2.37090309,0.04463196,0.81091977,-0.05302429,-0.00488281,-0.00488281,0.07812500,0.14648438,0.13183594,-0.07324219,1.03797913,2.65578138,2.65541077,-0.02441406
4.29468203,1475,-3.12375958,-1.69256480,-2.32093056,0.07514954,0.81549740,-0.06942749,3.15897682,-1.64221080,-2.32093056,0.07516849,0.81566925,-0.06919999,-3.12490399,-1.64259227,-2.37014016,0.04653931,0.81244565,-0.05302429,-0.00488281,-0.00976562,0.06347656,0.13183594,0.11718750,-0.02929688,1.03797913,2.65578868,2.65502930,-0.04882812
4.30835414,1480,-3.12337811,-1.69256480,-2.32093056,0.07514954,0.81549740,-0.06904602,3.15950385,-1.64221080,-2.32093056,0.07515575,0.81555371,-0.06917655,-3.12490399,-1.64259227,-2.36937722,0.04920959,0.81320859,-0.05378723,-0.00488281,0.00000000,0.08789062,0.16113281,0.08789062,-0.05859375,1.03797913,2.65579107,2.65541077,-0.02441406
4.32298398,1485,-3.12299664,-1.69256480,-2.32093056,0.07514954,0.81549740,-0.06904602,3.15993301,-1.64221080,-2.32093056,0.07515157,0.81546703,-0.06908879,-3.12490399,-1.64259227,-2.36823281,0.05111694,0.81397152,-0.05416870,-0.00488281,-0.00488281,0.07324219,0.07324219,0.08789062,-0.04394531,1.03797913,2.65579185,2.65541077,-0.02441406
4.33820248,1490,-3.12261517,-1.69256480,-2.32093056,0.07514954,0.81511593,-0.06942749,3.16029105,-1.64221080,-2.32093056,0.07515020,0.81537209,-0.06920664,-3.12490399,-1.64259227,-2.36708840,0.05340576,0.81511593,-0.05607605,-0.00976562,-0.00488281,0.06835938,0.10253906,0.08789062,-0.13183594,1.03797913,2.65579211,2.65541077,-0.04882812
4.35259151,1495,-3.12261517,-1.69256480,-2.32093056,0.07514954,0.81397152,-0.06942749,3.16047868,-1.64221080,-2.32093056,0.07511069,0.81476103,-0.06920620,-3.12490399,-1.64259227,-2.36632546,0.05416870,0.81587887,-0.05760193,-0.00488281,-0.00488281,0.05859375,0.05859375,0.04394531,-0.16113281,1.03797913,2.65579220,2.65541077,-0.02441406
4.36642694,1500,-3.12261517,-1.69256480,-2.32093056,0.07514954,0.81320859,-0.06904602,3.16054017,-1.64221080,-2.32093056,0.07513681,0.81381885,-0.06912976,-3.12490399,-1.64259227,-2.36518105,0.05493164,0.81587887,-0.05798340,0.00000000,-0.00488281,0.07324219,0.05859375,0.01464844,-0.02929688,1.03797913,2.65567015,2.65502930,-0.02441406
4.38135600,1505,-3.12261517,-1.69256480,-2.32093056,0.07476807,0.81206418,-0.06904602,3.16056031,-1.64221080,-2.32093056,0.07497679,0.81277977,-0.06911252,-3.12490399,-1.64259227,-2.36441811,0.05760193,0.81511593,-0.05912781,-0.00976562,0.00000000,0.05371094,0.16113281,0.01464844,-0.07324219,1.03797913,2.65575223,2.65541077,-0.02441406
4.39622068,1510,-3.12261517,-1.69256480,-2.32093056,0.07476807,0.81091977,-0.06904602,3.16056692,-1.64221080,-2.32093056,0.07483646,0.81167964,-0.06906781,-3.12490399,-1.64259227,-2.36365517,0.05950928,0.81549740,-0.06027222,-0.00488281,-0.00976562,0.06835938,0.11718750,0.02929688,-0.11718750,1.03797913,2.65571663,2.65541077,-0.04882812
4.41287947,1515,-3.12261517,-1.69256480,-2.32093056,0.07438660,0.80977536,-0.06904602,3.16056908,-1.64221080,-2.32093056,0.07471418,0.81058881,-0.06905316,-3.12490399,-1.64259227,-2.36251076,0.06103516,0.81511593,-0.06065369,-0.00488281,0.00000000,0.06835938,0.02929688,-0.00000000,-0.02929688,1.03797913,2.65576746,2.65541077,-0.02441406
4.42571163,1520,-3.12261517,-1.69256480,-2.32093056,0.07438660,0.80863095,-0.06904602,3.16056979,-1.64221080,-2.32093056,0.07449394,0.80946195,-0.06904836,-3.12490399,-1.64259227,-2.36212929,0.06141663,0.81511593,-0.06103516,-0.00488281,-0.00488281,0.06835938,0.00000000,-0.00000000,-0.02929688,1.03759766,2.65541180,2.65541077,-0.02441406
4.44021749,1525,-3.12261517,-1.69256480,-2.32093056,0.07438660,0.80748654,-0.06904602,3.16057002,-1.64221080,-2.32093056,0.07442177,0.80845464,-0.06904679,-3.12490399,-1.64259227,-2.36098488,0.06141663,0.81511593,-0.06141663,-0.00488281,0.00000000,0.07324219,0.00000000,-0.00000000,-0.02929688,1.03759766,2.65533042,2.65541077,0.00000000
4.45343256,1530,-3.12261517,-1.69256480,-2.32093056,0.07438660,0.80634213,-0.06904602,3.16057010,-1.64221080,-2.32093056,0.07439812,0.80731610,-0.06904627,-3.12490399,-1.64259227,-2.36060341,0.06179810,0.81511593,-0.06141663,-0.00488281,-0.00488281,0.04394531,0.02929688,0.02929688,-0.01464844,1.03797913,2.65550028,2.65541077,-0.02441406
4.46744061,1535,-3.12261517,-1.69256480,-2.32093056,0.07438660,0.80519772,-0.06904602,3.16057012,-1.64221080,-2.32093056,0.07439037,0.80617361,-0.06904610,-3.12490399,-1.64259227,-2.35984047,0.06256104,0.81549740,-0.06179810,-0.00488281,-0.00488281,0.05859375,0.07324219,0.02929688,-0.04394531,1.03759766,2.65524613,2.65541077,-0.02441406
4.48271060,1540,-3.12261517,-1.69256480,-2.32093056,0.07438660,0.80367184,-0.06904602,3.16057013,-1.64221080,-2.32093056,0.07438783,0.80477336,-0.06904605,-3.12490399,-1.64259227,-2.35907753,0.06446838,0.81511593,-0.06217957,-0.00488281,0.00000000,0.06347656,0.10253906,-0.01464844,-0.04394531,1.03759766,2.65530054,2.65541077,-0.02441406
4.50089788,1545,-3.12261517,-1.69256480,-2.32093056,0.07438660,0.80252743,-0.06904602,3.16057013,-1.64221080,-2.32093056,0.07438700,0.80359394,-0.06904603,-3.12490399,-1.64259227,-2.35831459,0.06599426,0.81435299,-0.06294250,-0.00488281,0.00000000,0.04882812,0.04394531,-0.00000000,-0.07324219,1.03759766,2.65524025,2.65541077,-0.02441406
4.51670504,1550,-3.12261517,-1.69256480,-2.32093056,0.07438660,0.80062008,-0.06904602,3.16057013,-1.64221080,-2.32093056,0.07438673,0.80209554,-0.06904602,-3.12490399,-1.64259227,-2.35755165,0.06675720,0.81320859,-0.06408691,-0.00488281,0.00000000,0.06347656,0.05859375,-0.05859375,-0.10253906,1.03759766,2.65527420,2.65541077,-0.02441406
4.53274512,1555,-3.12261517,-1.69256480,-2.32093056,0.07438660,0.79909421,-0.06904602,3.16057013,-1.64221080,-2.32093056,0.07438664,0.80044731,-0.06904602,-3.12490399,-1.64259227,-2.35678871,0.06752014,0.81206418,-0.06484985,0.00000000,-0.00488281,0.05371094,0.05859375,-0.07324219,-0.05859375,1.03759766,2.65517205,2.65541077,-0.02441406
4.54582548,1560,-3.12261517,-1.69256480,-2.32093056,0.07438660,0.79718686,-0.06904602,3.16057013,-1.64221080,-2.32093056,0.07438661,0.79864391,-0.06904602,-3.12490399,-1.64259227,-2.35564431,0.06790161,0.81130124,-0.06523132,0.00000000,-0.00488281,0.06347656,0.01464844,-0.02929688,-0.02929688,1.03759766,2.65507607,2.65541077,-0.02441406
4.56084013,1565,-3.12261517,-1.69256480,-2.32093056,0.07476807,0.79489804,-0.06904602,3.16057013,-1.64221080,-2.32093056,0.07452393,0.79655762,-0.06904602,-3.12490399,-1.64259227,-2.35526284,0.06828308,0.81053830,-0.06561279,-0.00488281,-0.00488281,0.03417969,0.01464844,-0.04394531,-0.05859375,1.03759766,2.65514228,2.65541077,-0.04882812
4.57376862,1570,-3.12261517,-1.69256480,-2.32093056,0.07438660,0.79260922,-0.06904602,3.16057013,-1.64221080,-2.32093056,0.07448043,0.79452315,-0.06904602,-3.12490399,-1.64259227,-2.35488137,0.06828308,0.81015683,-0.06599426,-0.00488281,-0.00488281,0.03906250,0.01464844,-0.02929688,-0.05859375,1.03759766,2.65506632,2.65541077,-0.02441406
4.58970380,1575,-3.12261517,-1.69256480,-2.32093056,0.07476807,0.78917599,-0.06904602,3.16057013,-1.64221080,-2.32093056,0.07467381,0.79193059,-0.06904602,-3.12490399,-1.64259227,-2.35411843,0.06866455,0.80824948,-0.06675720,-0.00488281,-0.00488281,0.05371094,-0.01464844,-0.14648438,-0.08789062,1.03759766,2.65504143,2.65541077,-0.02441406
4.60263228,1580,-3.12261517,-1.69256480,-2.32093056,0.07476807,0.78765011,-0.06904602,3.16057013,-1.64221080,-2.32093056,0.07473718,0.78941456,-0.06904602,-3.12490399,-1.64259227,-2.35335549,0.06866455,0.80481625,-0.06904602,-0.00488281,-0.00976562,0.06347656,-0.01464844,-0.19042969,-0.05859375,1.03759766,2.65503327,2.65541077,0.00000000
4.61754012,1585,-3.12261517,-1.69256480,-2.32093056,0.07476807,0.78612423,-0.06904602,3.16057013,-1.64221080,-2.32093056,0.07475795,0.78748415,-0.06904602,-3.12490399,-1.64259227,-2.35297402,0.06904602,0.80367184,-0.06866455,-0.00488281,-0.00488281,0.04394531,0.01464844,-0.04394531,-0.01464844,1.03759766,2.65503060,2.65541077,-0.02441406
4.63289213,1590,-3.12261517,-1.69256480,-2.32093056,0.07476807,0.78459836,-0.06904602,3.16057013,-1.64221080,-2.32093056,0.07476475,0.78582571,-0.06910706,-3.12490399,-1.64259227,-2.35221108,0.06904602,0.80290890,-0.06866455,-0.00488281,-0.00488281,0.04394531,-0.01464844,-0.04394531,0.00000000,1.03759766,2.65502972,2.65541077,-0.02441406
4.64778447,1595,-3.12261517,-1.69256480,-2.32093056,0.07476807,0.78345395,-0.06904602,3.16057013,-1.64221080,-2.32093056,0.07476698,0.78451286,-0.06912706,-3.12490399,-1.64259227,-2.35144814,0.06942749,0.80214596,-0.06866455,-0.00488281,-0.00488281,0.05371094,0.01464844,-0.01464844,0.00000000,1.03759766,2.65502944,2.65541077,-0.02441406
4.66075873,1600,-3.12261517,-1.69256480,-2.32093056,0.07476807,0.78230954,-0.06904602,3.16057013,-1.64221080,-2.32093056,0.07476771,0.78336209,-0.06919171,-3.12490399,-1.64259227,-2.35068520,0.06980896,0.80176449,-0.06866455,0.00000000,-0.00488281,0.06347656,0.00000000,-0.02929688,-0.01464844,1.03759766,2.65502934,2.65541077,0.00000000
4.67733979,1605,-3.12261517,-1.69256480,-2.32093056,0.07476807,0.78116513,-0.06942749,3.16057013,-1.64221080,-2.32093056,0.07476795,0.78216677,-0.06930140,-3.12490399,-1.64259227,-2.34992226,0.07019043,0.80176449,-0.06866455,-0.00488281,-0.00488281,0.05859375,0.01464844,0.01464844,-0.01464844,1.03759766,2.65502931,2.65541077,-0.04882812
4.69210601,1610,-3.12261517,-1.69256480,-2.32093056,0.07476807,0.78040219,-0.06942749,3.16057013,-1.64221080,-2.32093056,0.07476803,0.78113080,-0.06938617,-3.12490399,-1.64259227,-2.34915932,0.07057190,0.80100155,-0.06866455,-0.00488281,0.00000000,0.03906250,0.01464844,-0.04394531,-0.01464844,1.03759766,2.65496680,2.65541077,-0.04882812
4.70542884,1615,-3.12261517,-1.69256480,-2.32093056,0.07476807,0.77925778,-0.06942749,3.16057013,-1.64221080,-2.32093056,0.07476805,0.78006098,-0.06941395,-3.12490399,-1.64259227,-2.34877785,0.07095337,0.79985714,-0.06866455,-0.00488281,-0.00976562,0.04882812,0.02929688,-0.05859375,-0.02929688,1.03759766,2.65500882,2.65541077,-0.02441406
4.71968794,1620,-3.12261517,-1.69256480,-2.32093056,0.07476807,0.77811337,-0.06942749,3.16057013,-1.64221080,-2.32093056,0.07476806,0.77894102,-0.06942305,-3.12490399,-1.64259227,-2.34839638,0.07171631,0.79794980,-0.06866455,-0.00488281,-0.00488281,0.03417969,0.02929688,-0.10253906,-0.01464844,1.03759766,2.65502259,2.65541077,0.02441406
4.73459554,1625,-3.12261517,-1.69256480,-2.32093056,0.07476807,0.77696896,-0.06942749,3.16057013,-1.64221080,-2.32093056,0.07476807,0.77782659,-0.06942604,-3.12490399,-1.64259227,-2.34801491,0.07209778,0.79604245,-0.06866455,-0.00488281,-0.00976562,0.03906250,0.02929688,-0.10253906,0.00000000,1.03759766,2.65502710,2.65541077,-0.02441406
4.74820304,1630,-3.12261517,-1.69256480,-2.32093056,0.07476807,0.77658749,-0.06980896,3.16057013,-1.64221080,-2.32093056,0.07476807,0.77702477,-0.06961317,-3.12490399,-1.64259227,-2.34763344,0.07247925,0.79527951,-0.06866455,-0.00488281,-0.00488281,0.02441406,0.00000000,-0.05859375,-0.01464844,1.03759766,2.65502858,2.65541077,-0.02441406
4.76209688,1635,-3.12261517,-1.69256480,-2.32093056,0.07476807,0.77544308,-0.07019043,3.16057013,-1.64221080,-2.32093056,0.07476807,0.77621186,-0.06988213,-3.12490399,-1.64259227,-2.34725197,0.07247925,0.79413510,-0.06866455,-0.00488281,0.00000000,0.02929688,0.00000000,-0.07324219,-0.01464844,1.03759766,2.65502906,2.65541077,0.00000000
4.77624178,1640,-3.12261517,-1.69256480,-2.32093056,0.07476807,0.77391720,-0.07133484,3.16057013,-1.64221080,-2.32093056,0.07476807,0.77506072,-0.07046721,-3.12490399,-1.64259227,-2.34687050,0.07247925,0.79299069,-0.06866455,-0.00488281,-0.00488281,0.04882812,0.01464844,-0.08789062,0.00000000,1.03759766,2.65502922,2.65541077,-0.02441406
4.79126716,1645,-3.12261517,-1.69256480,-2.32093056,0.07476807,0.77315426,-0.07286072,3.16057013,-1.64221080,-2.32093056,0.07476807,0.77399040,-0.07167554,-3.12452252,-1.64259227,-2.34572609,0.07286072,0.79108334,-0.06866455,0.00000000,-0.00488281,0.07324219,0.01464844,-0.11718750,-0.01464844,1.03759766,2.65496677,2.65541077,0.00000000
4.80604434,1650,-3.12261517,-1.69256480,-2.32093056,0.07476807,0.77277279,-0.07362366,3.16057013,-1.64221080,-2.32093056,0.07476807,0.77324209,-0.07288373,-3.12452252,-1.64259227,-2.34534462,0.07324219,0.78917599,-0.06904602,-0.00488281,-0.00488281,0.05859375,0.01464844,-0.08789062,-0.01464844,1.03759766,2.65500881,2.65541077,0.00000000
4.81990838,1655,-3.12261517,-1.69256480,-2.32093056,0.07476807,0.77162839,-0.07476807,3.16057013,-1.64221080,-2.32093056,0.07476807,0.77230755,-0.07393918,-3.12452252,-1.64259227,-2.34496315,0.07324219,0.78841305,-0.06904602,-0.00488281,-0.00488281,0.03906250,-0.01464844,-0.05859375,-0.01464844,1.03759766,2.65502258,2.65541077,-0.02441406
4.83346653,1660,-3.12261517,-1.69256480,-2.32093056,0.07476807,0.77048398,-0.07553101,3.16057013,-1.64221080,-2.32093056,0.07476807,0.77118309,-0.07490783,-3.12452252,-1.64259227,-2.34420021,0.07324219,0.78765011,-0.06904602,0.00000000,-0.00488281,0.03906250,0.00000000,-0.04394531,-0.02929688,1.03759766,2.65502710,2.65541077,-0.02441406
4.84624910,1665,-3.12261517,-1.69256480,-2.32093056,0.07476807,0.76972104,-0.07591248,3.16057013,-1.64221080,-2.32093056,0.07476807,0.77023137,-0.07558327,-3.12452252,-1.64259227,-2.34381874,0.07324219,0.78650570,-0.06942749,-0.00488281,-0.00488281,0.02929688,0.00000000,-0.08789062,-0.04394531,1.03759766,2.65490651,2.65541077,0.02441406
4.86263704,1670,-3.12261517,-1.69256480,-2.32093056,0.07476807,0.76972104,-0.07591248,3.16057013,-1.64221080,-2.32093056,0.07476807,0.76988826,-0.07580460,-3.12452252,-1.64259227,-2.34343727,0.07400513,0.78459836,-0.06942749,0.00488281,-0.00488281,0.03417969,0.01464844,-0.07324219,-0.04394531,1.03759766,2.65498906,2.65541077,0.02441406
4.87780285,1675,-3.12261517,-1.69218333,-2.32093056,0.07476807,0.76972104,-0.07591248,3.16057013,-1.64207347,-2.32093056,0.07476807,0.76977583,-0.07587713,-3.12452252,-1.64259227,-2.34305580,0.07438660,0.78307248,-0.07019043,0.00000000,-0.00488281,0.03417969,0.01464844,-0.10253906,-0.05859375,1.03759766,2.65501611,2.65541077,-0.04882812
4.89212942,1680,-3.12261517,-1.69256480,-2.32093056,0.07514954,0.76972104,-0.07591248,3.16057013,-1.64210476,-2.32093056,0.07484436,0.76973899,-0.07590089,-3.12452252,-1.64259227,-2.34267433,0.07514954,0.78078366,-0.07095337,0.00000000,0.00000000,0.04394531,0.04394531,-0.19042969,-0.07324219,1.03797913,2.65517756,2.65541077,-0.02441406
4.90878630,1685,-3.12261517,-1.69256480,-2.32093056,0.07514954,0.76972104,-0.07591248,3.16057013,-1.64213699,-2.32093056,0.07504954,0.76972692,-0.07590868,-3.12452252,-1.64259227,-2.34191140,0.07553101,0.77811337,-0.07171631,0.00000000,-0.00488281,0.02441406,-0.01464844,-0.13183594,-0.04394531,1.03759766,2.65507788,2.65541077,-0.02441406
4.92186236,1690,-3.12261517,-1.69218333,-2.32093056,0.07514954,0.76972104,-0.07591248,3.16057013,-1.64196139,-2.32093056,0.07517780,0.76972296,-0.07591123,-3.12452252,-1.64259227,-2.34191140,0.07553101,0.77811337,-0.07171631,-0.00488281,-0.00488281,0.02441406,-0.01464844,-0.00000000,-0.01464844,1.03759766,2.65504522,2.65502930,-0.02441406
4.93560886,1695,-3.12261517,-1.69218333,-2.32093056,0.07553101,0.76972104,-0.07591248,3.16057013,-1.64187260,-2.32093056,0.07538402,0.76972167,-0.07591207,-3.12414105,-1.64259227,-2.34152993,0.07553101,0.77773190,-0.07209778,0.00000000,-0.00488281,0.01953125,0.01464844,-0.00000000,-0.04394531,1.03759766,2.65503451,2.65541077,-0.02441406
4.94836521,1700,-3.12261517,-1.69218333,-2.32093056,0.07553101,0.76972104,-0.07591248,3.16057013,-1.64184351,-2.32093056,0.07548284,0.76972124,-0.07591234,-3.12414105,-1.64259227,-2.34114846,0.07553101,0.77773190,-0.07209778,-0.00488281,-0.00488281,0.03417969,0.00000000,0.01464844,-0.02929688,1.03759766,2.65503101,2.65541077,-0.04882812
4.96140504,1705,-3.12261517,-1.69218333,-2.32093056,0.07591248,0.76972104,-0.07591248,3.16057013,-1.64183397,-2.32093056,0.07570138,0.76972110,-0.07591243,-3.12414105,-1.64259227,-2.34076699,0.07553101,0.77773190,-0.07247925,-0.00488281,-0.00488281,0.03417969,-0.01464844,0.01464844,-0.02929688,1.03759766,2.65502986,2.65541077,0.00000000
4.97508478,1710,-3.12223370,-1.69218333,-2.32054909,0.07629395,0.76972104,-0.07629395,3.16064643,-1.64183085,-2.32074440,0.07602946,0.76972106,-0.07604979,-3.12414105,-1.64259227,-2.34038552,0.07553101,0.77773190,-0.07247925,-0.00488281,-0.00488281,0.03906250,0.00000000,-0.01464844,-0.02929688,1.03759766,2.65502948,2.65502930,-0.02441406
4.99164152,1715,-3.12223370,-1.69180186,-2.32054909,0.07743835,0.76972104,-0.07629395,3.16085160,-1.64160460,-2.32061309,0.07678724,0.76967222,-0.07621394,-3.12414105,-1.64259227,-2.34000405,0.07553101,0.77773190,-0.07286072,-0.00488281,0.00000000,0.02929688,-0.01464844,-0.00000000,-0.04394531,1.03759766,2.65502936,2.65541077,-0.02441406
5.00711799,1720,-3.12261517,-1.69142039,-2.32054909,0.07896423,0.76933957,-0.07667542,3.16084254,-1.64127400,-2.32057006,0.07796914,0.76947982,-0.07649295,-3.12414105,-1.64259227,-2.33924111,0.07553101,0.77735043,-0.07324219,-0.00488281,-0.00488281,0.04394531,-0.01464844,0.01464844,-0.04394531,1.03759766,2.65502932,2.65541077,0.00000000
5.02202773,1725,-3.12223370,-1.69065745,-2.32054909,0.07972717,0.76933957,-0.07667542,3.16091587,-1.64083290,-2.32055596,0.07903196,0.76938552,-0.07661562,-3.12414105,-1.64259227,-2.33885964,0.07553101,0.77696896,-0.07400513,-0.00488281,0.00000000,0.02929688,-0.01464844,-0.01464844,-0.07324219,1.03759766,2.65502930,2.65541077,-0.02441406
5.03537774,1730,-3.12223370,-1.69027598,-2.32054909,0.07972717,0.76895810,-0.07667542,3.16093989,-1.64033961,-2.32055134,0.07949937,0.76921730,-0.07665582,-3.12414105,-1.64259227,-2.33847817,0.07553101,0.77658749,-0.07553101,-0.00488281,0.00000000,0.02929688,-0.02929688,-0.01464844,-0.16113281,1.03759766,2.65502930,2.65541077,0.00000000
5.05171537,1735,-3.12223370,-1.68951304,-2.32054909,0.08010864,0.76819516,-0.07667542,3.16094777,-1.63979638,-2.32054983,0.07990899,0.76878058,-0.07666900,-3.12414105,-1.64259227,-2.33847817,0.07553101,0.77620602,-0.07629395,-0.00488281,-0.00488281,0.01953125,0.00000000,-0.01464844,0.01464844,1.03759766,2.65502930,2.65541077,-0.02441406
5.06709814,1740,-3.12223370,-1.68875010,-2.32054909,0.08049011,0.76666928,-0.07667542,3.16095035,-1.63892525,-2.32054933,0.08029969,0.76764285,-0.07671237,-3.12414105,-1.64259227,-2.33809670,0.07553101,0.77544308,-0.07629395,-0.00488281,-0.00488281,0.01953125,-0.01464844,-0.04394531,-0.01464844,1.03759766,2.65502930,2.65541077,0.00000000
5.08238983,1745,-3.12223370,-1.68836863,-2.32016762,0.08049011,0.76514340,-0.07667542,3.16095119,-1.63843216,-2.32047288,0.08042772,0.76615187,-0.07668753,-3.12414105,-1.64259227,-2.33771523,0.07553101,0.77391720,-0.07629395,-0.00488281,-0.00488281,0.04394531,-0.01464844,-0.10253906,-0.01464844,1.03759766,2.65502930,2.65502930,-0.04882812
5.09502673,1750,-3.12223370,-1.68760569,-2.31978615,0.08049011,0.76399899,-0.07667542,3.16095147,-1.63778890,-2.32013032,0.08046967,0.76500376,-0.07667938,-3.12414105,-1.64259227,-2.33733376,0.07591248,0.77239132,-0.07667542,0.00000000,-0.00488281,0.03906250,-0.01464844,-0.10253906,-0.01464844,1.03759766,2.65502930,2.65541077,-0.02441406
5.10995722,1755,-3.12261517,-1.68607981,-2.31940468,0.08010864,0.76209164,-0.07667542,3.16075612,-1.63665233,-2.31971277,0.08034608,0.76326659,-0.07672554,-3.12414105,-1.64259227,-2.33657082,0.07591248,0.77200985,-0.07629395,0.00000000,-0.00488281,0.04882812,0.00000000,-0.02929688,-0.01464844,1.03759766,2.65502930,2.65541077,-0.02441406
5.12277913,1760,-3.12261517,-1.68569834,-2.31902321,0.08010864,0.76171017,-0.07705688,3.16063108,-1.63584326,-2.31931948,0.08018645,0.76222018,-0.07694831,-3.12414105,-1.64259227,-2.33657082,0.07591248,0.77162839,-0.07629395,0.00000000,-0.00488281,0.02441406,0.01464844,0.01464844,-0.02929688,1.03721619,2.65475464,2.65541077,-0.02441406
5.13833308,1765,-3.12261517,-1.68417247,-2.31826027,0.08010864,0.76132870,-0.07820129,3.16059010,-1.63476368,-2.31878753,0.08013414,0.76180100,-0.07749140,-3.12414105,-1.64259227,-2.33618935,0.07629395,0.77200985,-0.07629395,-0.00976562,0.00000000,0.01953125,0.00000000,0.02929688,-0.01464844,1.03759766,2.65486117,2.65541077,-0.04882812
5.15239596,1770,-3.12261517,-1.68226512,-2.31826027,0.08010864,0.76132870,-0.07934570,3.16057668,-1.63324672,-2.31843304,0.07999786,0.76152253,-0.07845635,-3.12414105,-1.64259227,-2.33618935,0.07629395,0.77162839,-0.07667542,-0.00488281,-0.00488281,0.02929688,0.01464844,-0.01464844,0.00000000,1.03759766,2.65497421,2.65541077,-0.02441406
5.16626024,1775,-3.12261517,-1.68112071,-2.31787880,0.07972717,0.76132870,-0.08010864,3.16057228,-1.63184889,-2.31806042,0.07990376,0.76148011,-0.07944808,-3.12414105,-1.64259227,-2.33542641,0.07629395,0.77086545,-0.07667542,-0.00488281,-0.00488281,0.03417969,0.01464844,-0.05859375,-0.02929688,1.03759766,2.65501124,2.65502930,-0.04882812
5.18024230,1780,-3.12261517,-1.67921336,-2.31787880,0.08010864,0.76132870,-0.08010864,3.16057084,-1.63034971,-2.31793831,0.07995362,0.76137831,-0.07989219,-3.12414105,-1.64259227,-2.33504494,0.07667542,0.77048398,-0.07667542,-0.00488281,0.00000000,0.02929688,0.00000000,-0.01464844,0.00000000,1.03759766,2.65502338,2.65502930,-0.04882812
5.19600224,1785,-3.12261517,-1.67692454,-2.31787880,0.08010864,0.76171017,-0.08010864,3.16057036,-1.62837237,-2.31789830,0.08002659,0.76157018,-0.08003771,-3.12414105,-1.64221080,-2.33466347,0.07667542,0.77010251,-0.07667542,-0.00488281,0.01464844,0.02441406,-0.01464844,-0.00000000,-0.02929688,1.03759766,2.65502736,2.65541077,0.00000000
5.21122551,1790,-3.12261517,-1.67539866,-2.31787880,0.08010864,0.76171017,-0.08010864,3.16057021,-1.62639485,-2.31788519,0.08008176,0.76166430,-0.08008540,-3.12375958,-1.64182933,-2.33466347,0.07705688,0.77010251,-0.07667542,0.00000000,0.01464844,0.01953125,-0.01464844,-0.00000000,-0.02929688,1.03759766,2.65502866,2.65502930,-0.04882812
5.22459126,1795,-3.12261517,-1.67387278,-2.31787880,0.08010864,0.76132870,-0.08049011,3.16057016,-1.62479178,-2.31788090,0.08009983,0.76155781,-0.08028718,-3.12375958,-1.64182933,-2.33428200,0.07705688,0.77010251,-0.07667542,-0.00488281,0.01464844,0.01953125,-0.01464844,0.01464844,-0.01464844,1.03759766,2.65502909,2.65502930,-0.04882812
5.23976135,1800,-3.12261517,-1.67120249,-2.31787880,0.08049011,0.76132870,-0.08049011,3.16057014,-1.62257276,-2.31787949,0.08036223,0.76140378,-0.08042362,-3.12375958,-1.64144786,-2.33390053,0.07705688,0.76972104,-0.07705688,-0.00488281,0.01953125,0.03417969,-0.01464844,-0.01464844,-0.04394531,1.03759766,2.65496673,2.65541077,-0.02441406
5.25521922,1805,-3.12223370,-1.66929515,-2.31787880,0.08125305,0.76094723,-0.08049011,3.16075629,-1.62049297,-2.31787903,0.08074972,0.76117691,-0.08046832,-3.12375958,-1.64106639,-2.33351906,0.07743835,0.76895810,-0.07705688,0.00000000,0.02441406,0.02929688,0.01464844,-0.02929688,-0.04394531,1.03759766,2.65500879,2.65502930,-0.02441406
5.27040601,1810,-3.12223370,-1.66815074,-2.31787880,0.08239746,0.76018429,-0.08087158,3.16084854,-1.61901080,-2.31787888,0.08148790,0.76076004,-0.08055927,-3.12375958,-1.64068492,-2.33313759,0.07781982,0.76819516,-0.07743835,0.00000000,0.01953125,0.02929688,0.02929688,-0.02929688,-0.02929688,1.03759766,2.65502258,2.65541077,-0.04882812
5.28471851,1815,-3.12223370,-1.66586192,-2.31787880,0.08430481,0.75865841,-0.08201599,3.16091783,-1.61699558,-2.31787883,0.08316106,0.75949747,-0.08134920,-3.12375958,-1.63992198,-2.33275612,0.07781982,0.76743222,-0.07781982,0.00000000,0.03417969,0.03906250,0.01464844,-0.05859375,-0.04394531,1.03759766,2.65502710,2.65541077,-0.02441406
5.29940939,1820,-3.12223370,-1.66433604,-2.31787880,0.08659363,0.75789547,-0.08392334,3.16094054,-1.61525125,-2.31787881,0.08500693,0.75860059,-0.08279811,-3.12375958,-1.63954051,-2.33275612,0.07858276,0.76628781,-0.07858276,0.00488281,0.01953125,0.01953125,0.01464844,-0.05859375,-0.05859375,1.03759766,2.65510670,2.65502930,-0.04882812
5.31264591,1825,-3.12223370,-1.66357310,-2.31787880,0.08888245,0.75675107,-0.08506775,3.16094798,-1.61403538,-2.31787881,0.08721945,0.75750751,-0.08417364,-3.12337811,-1.63915904,-2.33237465,0.07896423,0.76514340,-0.07896423,0.01464844,0.04394531,0.01464844,0.01464844,-0.02929688,-0.04394531,1.03759766,2.65505466,2.65541077,-0.02441406
5.32681966,1830,-3.12223370,-1.66204722,-2.31787880,0.09078979,0.75484372,-0.08659363,3.16091916,-1.61264234,-2.31787880,0.08934594,0.75607840,-0.08555797,-3.12337811,-1.63839610,-2.33237465,0.07934570,0.76438046,-0.07896423,0.00000000,0.02441406,0.01953125,0.02929688,-0.02929688,-0.02929688,1.03759766,2.65503761,2.65502930,-0.02441406
5.34119797,1835,-3.12223370,-1.66052134,-2.31787880,0.09155273,0.75369931,-0.08773804,3.16094097,-1.61124788,-2.31787880,0.09071047,0.75466834,-0.08687328,-3.12337811,-1.63801463,-2.33199318,0.07972717,0.76323605,-0.07896423,-0.00488281,0.02441406,0.02441406,0.04394531,-0.08789062,-0.02929688,1.03759766,2.65503202,2.65541077,0.00000000
5.35435700,1840,-3.12223370,-1.65975840,-2.31787880,0.09269714,0.75179196,-0.08850098,3.16091687,-1.61015886,-2.31787880,0.09179566,0.75313537,-0.08778744,-3.12337811,-1.63763316,-2.33161171,0.08049011,0.76209164,-0.07934570,-0.00488281,0.03417969,0.03417969,0.02929688,-0.04394531,-0.02929688,1.03759766,2.65503019,2.65502930,-0.04882812
5.36814332,1845,-3.12223370,-1.65861399,-2.31787880,0.09384155,0.75064755,-0.08850098,3.16094022,-1.60907166,-2.31787880,0.09292067,0.75168346,-0.08826716,-3.12337811,-1.63687022,-2.33123024,0.08125305,0.76171017,-0.07972717,0.00000000,0.03417969,0.03417969,0.05859375,-0.01464844,-0.02929688,1.03759766,2.65502959,2.65541077,0.00000000
5.38350224,1850,-3.12223370,-1.65785105,-2.31787880,0.09498596,0.74797726,-0.09002686,3.16091662,-1.60808333,-2.31787880,0.09402747,0.74984308,-0.08904936,-3.12337811,-1.63648875,-2.33084877,0.08277893,0.76171017,-0.08010864,-0.00488281,0.04882812,0.02441406,0.10253906,-0.00000000,-0.04394531,1.03759766,2.65502939,2.65502930,-0.07324219
5.39732766,1855,-3.12223370,-1.65670665,-2.31787880,0.09613037,0.74530697,-0.09117126,3.16086983,-1.60707014,-2.31787880,0.09525965,0.74734463,-0.09029432,-3.12337811,-1.63610728,-2.33084877,0.08392334,0.76171017,-0.08010864,-0.00488281,0.01953125,0.01953125,0.05859375,0.01464844,-0.02929688,1.03759766,2.65502933,2.65541077,0.00000000
5.41250443,1860,-3.12223370,-1.65594371,-2.31787880,0.09765625,0.74225522,-0.09155273,3.16092481,-1.60632530,-2.31787880,0.09658919,0.74457428,-0.09114038,-3.12337811,-1.63534434,-2.33046730,0.08468628,0.76132870,-0.08087158,0.00000000,0.03417969,0.02441406,0.01464844,-0.00000000,-0.05859375,1.03759766,2.65502931,2.65502930,-0.04882812
5.42344785,1865,-3.12261517,-1.65556224,-2.31787880,0.09765625,0.74111081,-0.09155273,3.16075666,-1.60564459,-2.31787880,0.09730660,0.74246642,-0.09141761,-3.12337811,-1.63496287,-2.33008583,0.08506775,0.76018429,-0.08239746,-0.00488281,0.01953125,0.02929688,0.01464844,-0.10253906,-0.13183594,1.03759766,2.65502930,2.65541077,0.00000000
5.43880677,1870,-3.12223370,-1.65441783,-2.31787880,0.09765625,0.73920346,-0.09155273,3.16081741,-1.60477126,-2.31787880,0.09754168,0.74049337,-0.09150846,-3.12337811,-1.63458140,-2.32970436,0.08583069,0.75751401,-0.08392334,-0.00488281,0.04394531,0.02441406,0.04394531,-0.16113281,-0.10253906,1.03759766,2.65502930,2.65541077,-0.02441406
5.45557880,1875,-3.12223370,-1.65327342,-2.31787880,0.09765625,0.73691464,-0.09155273,3.16087638,-1.60380797,-2.31787880,0.09761871,0.73865861,-0.09153823,-3.12337811,-1.63381846,-2.32970436,0.08697510,0.75522519,-0.08392334,-0.00488281,0.02441406,0.01464844,0.04394531,-0.14648438,-0.02929688,1.03759766,2.65502930,2.65502930,-0.07324219
5.47205400,1880,-3.12223370,-1.65289195,-2.31787880,0.09765625,0.73577023,-0.09155273,3.16082686,-1.60302442,-2.31787880,0.09764395,0.73681826,-0.09154798,-3.12337811,-1.63305552,-2.32932289,0.08735657,0.75179196,-0.08430481,-0.00488281,0.03417969,0.01464844,0.02929688,-0.16113281,-0.04394531,1.03759766,2.65502930,2.65541077,0.00000000
5.48461866,1885,-3.12261517,-1.65212901,-2.31787880,0.09765625,0.73538876,-0.09155273,3.16065426,-1.60225472,-2.31787880,0.09765222,0.73592749,-0.09158243,-3.12337811,-1.63229258,-2.32932289,0.08773804,0.75064755,-0.08506775,-0.00976562,0.05371094,0.01464844,0.01464844,-0.07324219,-0.07324219,1.03759766,2.65496680,2.65502930,-0.02441406
5.50013614,1890,-3.12261517,-1.65098460,-2.31787880,0.09727478,0.73538876,-0.09193420,3.16065873,-1.60137422,-2.31787880,0.09757864,0.73556529,-0.09178768,-3.12337811,-1.63191111,-2.32894142,0.08811951,0.74988461,-0.08583069,0.00000000,0.04394531,0.00976562,0.01464844,-0.01464844,-0.08789062,1.03759766,2.65500882,2.65502930,-0.02441406
5.51505136,1895,-3.12261517,-1.65060313,-2.31787880,0.09765625,0.73538876,-0.09193420,3.16064799,-1.60073694,-2.31787880,0.09756978,0.73544661,-0.09188619,-3.12337811,-1.63114817,-2.32894142,0.08888245,0.74988461,-0.08659363,-0.00976562,0.03906250,0.01464844,0.04394531,0.01464844,-0.05859375,1.03759766,2.65502259,2.65541077,-0.02441406
5.53153348,1900,-3.12261517,-1.64945872,-2.31787880,0.09765625,0.73538876,-0.09193420,3.16065668,-1.59986027,-2.31787880,0.09762792,0.73540772,-0.09187941,-3.12337811,-1.63038523,-2.32894142,0.09002686,0.74988461,-0.08659363,-0.00488281,0.02929688,0.01953125,0.07324219,-0.00000000,-0.04394531,1.03759766,2.65502710,2.65541077,0.00000000
5.54477310,1905,-3.12261517,-1.64945872,-2.31787880,0.09765625,0.73538876,-0.09155273,3.16059849,-1.59935229,-2.31787880,0.09760790,0.73539497,-0.09169884,-3.12337811,-1.63000376,-2.32855995,0.09078979,0.74950314,-0.08697510,-0.00488281,0.03417969,0.03417969,0.02929688,-0.01464844,-0.02929688,1.03759766,2.65502858,2.65502930,-0.04882812
5.55828881,1910,-3.12261517,-1.64869578,-2.31787880,0.09765625,0.73538876,-0.09155273,3.16057943,-1.59888433,-2.31787880,0.09764041,0.73539080,-0.09166165,-3.12337811,-1.62962229,-2.32817849,0.09117126,0.74874020,-0.08697510,-0.00488281,0.02929688,0.02441406,0.01464844,-0.05859375,-0.02929688,1.03759766,2.65502906,2.65541077,0.00000000
5.57262087,1915,-3.12261517,-1.64755137,-2.31787880,0.09765625,0.73538876,-0.09155273,3.16057318,-1.59793960,-2.31787880,0.09765106,0.73538943,-0.09164946,-3.12337811,-1.62885936,-2.32779702,0.09155273,0.74759579,-0.08735657,-0.00488281,0.03417969,0.01953125,0.01464844,-0.07324219,-0.01464844,1.03759766,2.65502922,2.65541077,-0.02441406
5.58725333,1920,-3.12261517,-1.64716990,-2.31787880,0.09765625,0.73538876,-0.09155273,3.16057113,-1.59721536,-2.31787880,0.09765455,0.73538898,-0.09164546,-3.12337811,-1.62847789,-2.32779702,0.09193420,0.74645138,-0.08735657,-0.00488281,0.01953125,0.00488281,0.00000000,-0.07324219,-0.02929688,1.03759766,2.65502927,2.65541077,-0.02441406
5.60186148,1925,-3.12261517,-1.64640696,-2.31787880,0.09765625,0.73538876,-0.09193420,3.16057046,-1.59668434,-2.31787880,0.09765569,0.73538883,-0.09170824,-3.12337811,-1.62809642,-2.32779702,0.09231567,0.74492550,-0.08773804,-0.00976562,0.04394531,0.00976562,0.02929688,-0.08789062,-0.02929688,1.03759766,2.65502929,2.65541077,-0.02441406
5.61494684,1930,-3.12261517,-1.64526255,-2.31787880,0.09765625,0.73462582,-0.09193420,3.16060149,-1.59577218,-2.31787880,0.09765607,0.73499499,-0.09182110,-3.12337811,-1.62733348,-2.32779702,0.09307861,0.74454403,-0.08773804,0.00000000,0.04394531,0.01464844,0.04394531,-0.04394531,-0.04394531,1.03759766,2.65502929,2.65541077,0.00000000
5.62818146,1935,-3.12261517,-1.64488108,-2.31787880,0.09765625,0.73386288,-0.09193420,3.16061947,-1.59505421,-2.31787880,0.09765619,0.73444528,-0.09179704,-3.12337811,-1.62657054,-2.32741555,0.09384155,0.74416256,-0.08773804,0.00000000,0.03417969,0.01464844,0.05859375,-0.00000000,-0.02929688,1.03759766,2.65502930,2.65502930,-0.04882812
5.64197493,1940,-3.12261517,-1.64449961,-2.31787880,0.09765625,0.73309994,-0.09193420,3.16058630,-1.59451365,-2.31787880,0.09765623,0.73379127,-0.09188926,-3.12337811,-1.62618907,-2.32703408,0.09422302,0.74416256,-0.08811951,-0.00976562,0.04882812,0.02441406,0.01464844,0.01464844,-0.04394531,1.03759766,2.65502930,2.65502930,-0.02441406
5.65541887,1945,-3.12261517,-1.64335520,-2.31787880,0.09727478,0.73195553,-0.09193420,3.16057543,-1.59364719,-2.31787880,0.09757995,0.73285638,-0.09191948,-3.12337811,-1.62542613,-2.32703408,0.09422302,0.74416256,-0.08850098,-0.00976562,0.04882812,0.01953125,0.00000000,0.01464844,-0.04394531,1.03759766,2.65502930,2.65541077,-0.02441406
5.66971421,1950,-3.12261517,-1.64297373,-2.31787880,0.09727478,0.73119259,-0.09193420,3.16057187,-1.59302672,-2.31787880,0.09755495,0.73198827,-0.09192938,-3.12337811,-1.62466319,-2.32703408,0.09422302,0.74378110,-0.08888245,-0.00488281,0.03417969,0.01953125,0.02929688,-0.00000000,-0.05859375,1.03759766,2.65502930,2.65541077,0.00000000
5.68514681,1955,-3.12261517,-1.64221080,-2.31787880,0.09727478,0.72928525,-0.09193420,3.16057070,-1.59245158,-2.31787880,0.09743690,0.73075203,-0.09188379,-3.12337811,-1.62390025,-2.32665261,0.09422302,0.74301816,-0.08926392,-0.00488281,0.03906250,0.02929688,-0.01464844,-0.04394531,-0.02929688,1.03759766,2.65502930,2.65541077,-0.04882812
5.69781160,1960,-3.12261517,-1.64182933,-2.31787880,0.09727478,0.72852231,-0.09155273,3.16057032,-1.59186553,-2.31787880,0.09735915,0.72935450,-0.09178036,-3.12337811,-1.62351878,-2.32627114,0.09460449,0.74187375,-0.08964539,0.00000000,0.03417969,0.02441406,0.00000000,-0.05859375,-0.04394531,1.03759766,2.65502930,2.65502930,-0.02441406
5.71210241,1965,-3.12261517,-1.64182933,-2.31787880,0.09765625,0.72699643,-0.09155273,3.16057019,-1.59160319,-2.31787880,0.09740997,0.72801961,-0.09180750,-3.12337811,-1.62313731,-2.32627114,0.09460449,0.74111081,-0.09002686,-0.00976562,0.02441406,0.01464844,-0.02929688,-0.07324219,-0.05859375,1.03759766,2.65502930,2.65541077,-0.02441406
5.72603846,1970,-3.12261517,-1.64106639,-2.31787880,0.09727478,0.72547055,-0.09155273,3.16057015,-1.59118446,-2.31787880,0.09731908,0.72658756,-0.09167528,-3.12337811,-1.62275584,-2.32588967,0.09460449,0.73996640,-0.09040833,0.00488281,0.01953125,0.01464844,-0.01464844,-0.05859375,-0.02929688,1.03759766,2.65502930,2.65502930,-0.02441406
5.73947787,1975,-3.12261517,-1.64106639,-2.31787880,0.09727478,0.72432614,-0.09193420,3.16057014,-1.59086707,-2.31787880,0.09728930,0.72543679,-0.09166918,-3.12337811,-1.62199290,-2.32588967,0.09460449,0.73882199,-0.09040833,-0.00488281,0.03906250,0.00976562,-0.01464844,-0.07324219,-0.01464844,1.03759766,2.65502930,2.65502930,-0.02441406
5.75393796,1980,-3.12261517,-1.64106639,-2.31787880,0.09727478,0.72280026,-0.09155273,3.16057013,-1.59076307,-2.31787880,0.09727954,0.72406508,-0.09171003,-3.12337811,-1.62161143,-2.32588967,0.09498596,0.73653317,-0.09078979,-0.00488281,0.03906250,0.01953125,0.00000000,-0.13183594,-0.01464844,1.03759766,2.65502930,2.65502930,-0.04882812
5.76832771,1985,-3.12261517,-1.64068492,-2.31787880,0.09689331,0.72165585,-0.09193420,3.16057013,-1.59050377,-2.31787880,0.09709018,0.72266601,-0.09174161,-3.12337811,-1.62122996,-2.32550820,0.09498596,0.73538876,-0.09078979,0.00000000,0.03906250,0.01953125,-0.01464844,-0.08789062,-0.01464844,1.03759766,2.65515137,2.65541077,0.00000000
5.78257751,1990,-3.12261517,-1.64030345,-2.31787880,0.09689331,0.72051144,-0.09155273,3.16057013,-1.59013109,-2.31782997,0.09695782,0.72136784,-0.09170691,-3.12337811,-1.62008555,-2.32550820,0.09498596,0.73424435,-0.09078979,-0.00488281,0.05371094,0.00976562,-0.01464844,-0.04394531,-0.02929688,1.03759766,2.65506930,2.65502930,-0.04882812
5.79578638,1995,-3.12261517,-1.64030345,-2.31787880,0.09651184,0.71898556,-0.09193420,3.16057013,-1.59000896,-2.31786280,0.09678933,0.72000447,-0.09179869,-3.12337811,-1.61970408,-2.32512673,0.09498596,0.73386288,-0.09078979,-0.00488281,0.04394531,0.00976562,0.00000000,-0.04394531,-0.01464844,1.03759766,2.65504240,2.65502930,-0.02441406
5.81124878,2000,-3.12261517,-1.63992198,-2.31749733,0.09651184,0.71745968,-0.09193420,3.16057013,-1.58978279,-2.31779727,0.09660277,0.71866319,-0.09188980,-3.12337811,-1.61932261,-2.32512673,0.09536743,0.73271847,-0.09117126,-0.00976562,0.01953125,0.01464844,-0.01464844,-0.04394531,-0.02929688,1.03759766,2.65503359,2.65541077,0.00000000
5.82508159,2005,-3.12261517,-1.63915904,-2.31749733,0.09613037,0.71631527,-0.09193420,3.16057013,-1.58927582,-2.31766593,0.09640431,0.71727409,-0.09185862,-3.12337811,-1.61855967,-2.32512673,0.09536743,0.73195553,-0.09117126,-0.00488281,0.03417969,0.01464844,-0.01464844,-0.04394531,-0.02929688,1.03759766,2.65503070,2.65541077,-0.02441406
5.83952737,2010,-3.12261517,-1.63839610,-2.31749733,0.09613037,0.71478940,-0.09193420,3.16057013,-1.58858699,-2.31755258,0.09629045,0.71597321,-0.09172926,-3.12337811,-1.61817820,-2.32474526,0.09536743,0.73119259,-0.09117126,-0.00488281,0.01953125,0.01953125,-0.01464844,-0.05859375,-0.02929688,1.03759766,2.65502976,2.65541077,0.00000000
5.85314345,2015,-3.12261517,-1.63801463,-2.31749733,0.09574890,0.71364499,-0.09155273,3.16057013,-1.58803449,-2.31751544,0.09599667,0.71468964,-0.09172044,-3.12337811,-1.61779673,-2.32474526,0.09536743,0.72928525,-0.09117126,-0.00976562,0.02441406,0.01953125,-0.01464844,-0.14648438,-0.01464844,1.03759766,2.65502945,2.65541077,-0.04882812
5.86757231,2020,-3.12261517,-1.63725169,-2.31749733,0.09498596,0.71211911,-0.09193420,3.16057013,-1.58745965,-2.31750326,0.09546754,0.71331347,-0.09168398,-3.12337811,-1.61741526,-2.32436379,0.09536743,0.72661496,-0.09117126,-0.00488281,0.01953125,0.02441406,-0.01464844,-0.16113281,-0.02929688,1.03759766,2.65502935,2.65541077,-0.02441406
5.88028526,2025,-3.12261517,-1.63610728,-2.31749733,0.09422302,0.71059323,-0.09155273,3.16057013,-1.58646281,-2.31749928,0.09488131,0.71181516,-0.09159574,-3.12337811,-1.61703379,-2.32436379,0.09536743,0.72508908,-0.09117126,-0.00488281,0.03417969,0.00976562,-0.01464844,-0.07324219,-0.01464844,1.03759766,2.65502931,2.65541077,-0.04882812
5.89568019,2030,-3.12261517,-1.63534434,-2.31749733,0.09346008,0.70983029,-0.09155273,3.16057013,-1.58572332,-2.31749797,0.09413722,0.71063108,-0.09156683,-3.12337811,-1.61627085,-2.32436379,0.09536743,0.72470761,-0.09117126,-0.00488281,0.05371094,0.00976562,-0.01464844,-0.02929688,-0.01464844,1.03759766,2.65502930,2.65502930,-0.04882812
5.91004372,2035,-3.12261517,-1.63381846,-2.31749733,0.09307861,0.70906735,-0.09155273,3.16057013,-1.58457427,-2.31749754,0.09349581,0.70969889,-0.09155735,-3.12337811,-1.61550791,-2.32436379,0.09536743,0.72432614,-0.09155273,-0.00976562,0.02929688,0.00976562,-0.02929688,-0.00000000,0.00000000,1.03759766,2.65502930,2.65541077,0.00000000
5.92284322,2040,-3.12261517,-1.63267405,-2.31749733,0.09231567,0.70830441,-0.09155273,3.16057013,-1.58330920,-2.31749740,0.09288256,0.70888050,-0.09155425,-3.12337811,-1.61512644,-2.32398232,0.09536743,0.72394467,-0.09155273,-0.00488281,0.03906250,0.02441406,-0.02929688,-0.00000000,-0.02929688,1.03759766,2.65502930,2.65541077,-0.02441406
5.93491101,2045,-3.12261517,-1.63191111,-2.31749733,0.09117126,0.70792294,-0.09155273,3.16057013,-1.58228162,-2.31749736,0.09192147,0.70830702,-0.09155323,-3.12337811,-1.61436351,-2.32360085,0.09536743,0.72356320,-0.09155273,-0.00976562,0.03906250,0.02929688,-0.01464844,-0.01464844,-0.01464844,1.03759766,2.65502930,2.65502930,-0.02441406
5.94999266,2050,-3.12261517,-1.63076670,-2.31749733,0.09040833,0.70716000,-0.09155273,3.16057013,-1.58130685,-2.31749734,0.09102329,0.70774728,-0.09155290,-3.12337811,-1.61360057,-2.32321938,0.09536743,0.72280026,-0.09155273,0.00000000,0.02929688,0.00976562,-0.02929688,-0.01464844,-0.01464844,1.03759766,2.65502930,2.65502930,-0.02441406
5.96303916,2055,-3.12261517,-1.62924082,-2.31749733,0.09040833,0.70639706,-0.09155273,3.16057013,-1.58004944,-2.31749734,0.09060984,0.70705093,-0.09155279,-3.12337811,-1.61321910,-2.32321938,0.09498596,0.72241879,-0.09155273,-0.00488281,0.02929688,0.00488281,-0.02929688,-0.05859375,-0.01464844,1.03759766,2.65502930,2.65502930,-0.02441406
5.97638845,2060,-3.12261517,-1.62809642,-2.31749733,0.09002686,0.70601559,-0.09155273,3.16057013,-1.57874887,-2.31749733,0.09039806,0.70642516,-0.09155275,-3.12337811,-1.61283763,-2.32321938,0.09498596,0.72127438,-0.09155273,-0.00488281,0.04882812,0.00488281,-0.01464844,-0.08789062,-0.01464844,1.03759766,2.65502930,2.65541077,0.00000000
5.99107170,2065,-3.12261517,-1.62657054,-2.31749733,0.08964539,0.70487118,-0.09155273,3.16057013,-1.57741596,-2.31749733,0.09001116,0.70567971,-0.09155274,-3.12337811,-1.61207469,-2.32321938,0.09498596,0.71898556,-0.09155273,0.00000000,0.04394531,0.00976562,-0.01464844,-0.10253906,0.00000000,1.03759766,2.65502930,2.65502930,-0.04882812
6.00771594,2070,-3.12261517,-1.62542613,-2.31749733,0.08926392,0.70372677,-0.09155273,3.16057013,-1.57598078,-2.31749733,0.08957909,0.70461720,-0.09155274,-3.12337811,-1.61131175,-2.32321938,0.09498596,0.71822262,-0.09155273,-0.00976562,0.03417969,0.00488281,0.00000000,-0.04394531,-0.02929688,1.03797913,2.65524438,2.65502930,-0.02441406
6.02107453,2075,-3.12261517,-1.62428172,-2.31749733,0.08888245,0.70181943,-0.09155273,3.16057013,-1.57489978,-2.31749733,0.08922986,0.70324694,-0.09155273,-3.12337811,-1.61054881,-2.32321938,0.09498596,0.71745968,-0.09155273,-0.00488281,0.03906250,0.00488281,0.00000000,-0.00000000,-0.01464844,1.03759766,2.65509978,2.65541077,-0.04882812
6.03468657,2080,-3.12261517,-1.62313731,-2.31749733,0.08850098,0.70067502,-0.09155273,3.16057013,-1.57372732,-2.31749733,0.08881013,0.70166818,-0.09155273,-3.12337811,-1.60978587,-2.32321938,0.09460449,0.71745968,-0.09155273,-0.00488281,0.05371094,0.00976562,0.00000000,-0.00000000,-0.02929688,1.03759766,2.65523696,2.65502930,-0.02441406
6.05007410,2085,-3.12299664,-1.62199290,-2.31749733,0.08697510,0.69914914,-0.09155273,3.16043280,-1.57262255,-2.31749733,0.08797728,0.70016403,-0.09155273,-3.12337811,-1.60940440,-2.32283791,0.09460449,0.71745968,-0.09155273,-0.00488281,0.03906250,0.01953125,-0.02929688,0.01464844,-0.01464844,1.03797913,2.65541009,2.65502930,0.00000000
6.06546903,2090,-3.12299664,-1.62122996,-2.31749733,0.08544922,0.69876767,-0.09117126,3.16026866,-1.57151859,-2.31749733,0.08664724,0.69925648,-0.09132751,-3.12337811,-1.60825999,-2.32283791,0.09460449,0.71669674,-0.09155273,-0.00488281,0.05371094,0.02929688,-0.01464844,-0.04394531,-0.01464844,1.03759766,2.65535427,2.65502930,-0.04882812
6.07985973,2095,-3.12375958,-1.62046702,-2.31749733,0.08277893,0.69762326,-0.09117126,3.15982108,-1.57069274,-2.31749733,0.08458849,0.69836986,-0.09122246,-3.12337811,-1.60787852,-2.32245644,0.09422302,0.71478940,-0.09155273,-0.00488281,0.03417969,0.01953125,-0.02929688,-0.10253906,0.00000000,1.03797913,2.65564872,2.65502930,-0.04882812
6.09434366,2100,-3.12414105,-1.61970408,-2.31749733,0.08125305,0.69686032,-0.09117126,3.15933005,-1.56990918,-2.31749733,0.08262775,0.69765428,-0.09118804,-3.12337811,-1.60711558,-2.32245644,0.09422302,0.71288205,-0.09155273,0.00000000,0.04394531,0.01953125,-0.04394531,-0.14648438,0.00000000,1.03759766,2.65545200,2.65502930,-0.04882812
6.10862994,2105,-3.12452252,-1.61932261,-2.31749733,0.07896423,0.69609738,-0.09117126,3.15906161,-1.56930806,-2.31749733,0.08074575,0.69675794,-0.09117676,-3.12337811,-1.60635264,-2.32245644,0.09384155,0.71135617,-0.09155273,-0.00488281,0.04882812,0.00976562,-0.01464844,-0.13183594,0.00000000,1.03797913,2.65554012,2.65502930,-0.04882812
6.12422395,2110,-3.12452252,-1.61932261,-2.31749733,0.07667542,0.69533444,-0.09117126,3.15879347,-1.56907984,-2.31749733,0.07852920,0.69587120,-0.09117307,-3.12337811,-1.60558970,-2.32245644,0.09346008,0.70944882,-0.09155273,-0.00488281,0.03417969,0.00488281,-0.02929688,-0.08789062,0.00000000,1.03797913,2.65561197,2.65502930,-0.04882812
6.13936305,2115,-3.12452252,-1.61894114,-2.31749733,0.07324219,0.69495297,-0.09078979,3.15870561,-1.56886773,-2.31749733,0.07561770,0.69525386,-0.09094664,-3.12337811,-1.60482676,-2.32245644,0.09307861,0.70716000,-0.09155273,-0.00488281,0.03417969,0.00488281,-0.04394531,-0.08789062,0.00000000,1.03759766,2.65551808,2.65502930,0.00000000
6.15422893,2120,-3.12490399,-1.61894114,-2.31749733,0.07019043,0.69495297,-0.09040833,3.15845160,-1.56872791,-2.31749733,0.07232235,0.69505156,-0.09061597,-3.12337811,-1.60444529,-2.32207497,0.09193420,0.70601559,-0.09193420,-0.00488281,0.02929688,0.00976562,-0.11718750,-0.05859375,-0.02929688,1.03797913,2.65560474,2.65541077,0.00000000
6.16870809,2125,-3.12528546,-1.61932261,-2.31749733,0.06904602,0.69495297,-0.09040833,3.15826082,-1.56870956,-2.31749733,0.07030906,0.69504631,-0.09047637,-3.12337811,-1.60368235,-2.32207497,0.09002686,0.70525265,-0.09193420,-0.00488281,0.05371094,0.00976562,-0.14648438,-0.02929688,-0.02929688,1.03797913,2.65565267,2.65541077,-0.02441406
6.18130612,2130,-3.12642987,-1.61932261,-2.31749733,0.06752014,0.69533444,-0.09040833,3.15757929,-1.56870355,-2.31749733,0.06876458,0.69505985,-0.09043062,-3.12337811,-1.60330088,-2.32207497,0.08850098,0.70487118,-0.09155273,-0.00488281,0.04394531,0.01464844,-0.17578125,-0.05859375,-0.01464844,1.03797913,2.65574650,2.65502930,-0.02441406
6.19514751,2135,-3.12757428,-1.61932261,-2.31749733,0.06637573,0.69533444,-0.09040833,3.15650647,-1.56870158,-2.31749733,0.06736994,0.69521321,-0.09041563,-3.12337811,-1.60253794,-2.32169350,0.08621216,0.70296383,-0.09193420,-0.00488281,0.02441406,0.02441406,-0.13183594,-0.11718750,-0.02929688,1.03797913,2.65571475,2.65541077,-0.02441406
6.20840955,2140,-3.12910016,-1.61932261,-2.31749733,0.06637573,0.69533444,-0.09040833,3.15527945,-1.56884204,-2.31749733,0.06670151,0.69529472,-0.09041072,-3.12337811,-1.60215647,-2.32169350,0.08544922,0.70181943,-0.09155273,-0.00488281,0.02929688,0.01464844,-0.05859375,-0.08789062,-0.01464844,1.03797913,2.65568872,2.65541077,0.00000000
6.22364902,2145,-3.13138898,-1.61894114,-2.31749733,0.06637573,0.69533444,-0.09040833,3.15350115,-1.56878981,-2.31749733,0.06648248,0.69526039,-0.09047014,-3.12337811,-1.60139353,-2.32169350,0.08468628,0.70143796,-0.09155273,-0.00976562,0.03417969,0.00488281,-0.05859375,-0.01464844,0.01464844,1.03797913,2.65563625,2.65502930,0.00000000
6.23903012,2150,-3.13291486,-1.61894114,-2.31749733,0.06599426,0.69533444,-0.09040833,3.15168114,-1.56869261,-2.31749733,0.06627338,0.69531017,-0.09046764,-3.12337811,-1.60063060,-2.32169350,0.08354187,0.70105649,-0.09155273,-0.00488281,0.03417969,0.00488281,-0.10253906,-0.02929688,0.00000000,1.03759766,2.65538834,2.65541077,-0.04882812
6.25353551,2155,-3.13482221,-1.61894114,-2.31749733,0.06599426,0.69533444,-0.09040833,3.14996110,-1.56870959,-2.31749733,0.06615604,0.69528743,-0.09057669,-3.12337811,-1.60024913,-2.32169350,0.08277893,0.70029355,-0.09155273,-0.00976562,0.02929688,0.00488281,-0.04394531,-0.04394531,-0.01464844,1.03759766,2.65544480,2.65502930,-0.04882812
6.26687098,2160,-3.13672955,-1.61894114,-2.31711586,0.06561279,0.69533444,-0.09078979,3.14800526,-1.56876838,-2.31727211,0.06597098,0.69531903,-0.09071996,-3.12337811,-1.59948619,-2.32169350,0.08163452,0.69991208,-0.09155273,0.00000000,0.04394531,0.00976562,-0.10253906,-0.00000000,0.00000000,1.03797913,2.65549382,2.65502930,-0.04882812
6.28207111,2165,-3.13863690,-1.61932261,-2.31673439,0.06561279,0.69571591,-0.09078979,3.14598193,-1.56872282,-2.31694184,0.06573016,0.69555461,-0.09076691,-3.12337811,-1.59910472,-2.32131203,0.07972717,0.70029355,-0.09155273,-0.01464844,0.04882812,0.00488281,-0.16113281,0.02929688,-0.01464844,1.03797913,2.65563195,2.65541077,0.00000000
6.29671526,2170,-3.14016278,-1.61932261,-2.31558998,0.06484985,0.69533444,-0.09078979,3.14424275,-1.56873914,-2.31628345,0.06525745,0.69540659,-0.09078230,-3.12375958,-1.59834178,-2.32131203,0.07743835,0.69991208,-0.09155273,-0.01464844,0.03417969,0.00976562,-0.13183594,-0.02929688,-0.02929688,1.03797913,2.65566159,2.65541077,-0.02441406
6.31089354,2175,3.14149665,-1.61894114,-2.31444558,0.06332397,0.69533444,-0.09078979,3.14265626,-1.56870726,-2.31536861,0.06421730,0.69535808,-0.09078734,-3.12375958,-1.59757884,-2.32131203,0.07591248,0.69953061,-0.09155273,-0.02929688,0.03906250,0.00976562,-0.11718750,-0.00000000,-0.01464844,1.03797913,2.65565177,2.65541077,-0.02441406
6.32554007,2180,3.13958930,-1.61894114,-2.31291970,0.06332397,0.69533444,-0.09117126,3.14099516,-1.56862650,-2.31412304,0.06350684,0.69534219,-0.09097515,-3.12414105,-1.59681590,-2.32131203,0.07553101,0.69953061,-0.09155273,-0.02441406,0.03906250,0.00976562,-0.01464844,-0.00000000,-0.02929688,1.03797913,2.65574621,2.65541077,0.00000000
6.33960104,2185,3.13844489,-1.61894114,-2.31139382,0.06294250,0.69266415,-0.09155273,3.13956230,-1.56867035,-2.31256987,0.06321971,0.69419306,-0.09133222,-3.12452252,-1.59643443,-2.32131203,0.07553101,0.69953061,-0.09155273,-0.01953125,0.02441406,0.00976562,0.00000000,0.02929688,-0.01464844,1.03759766,2.65534234,2.65502930,0.02441406
6.35349441,2190,3.13806342,-1.61894114,-2.30986794,0.06256104,0.68961239,-0.09155273,3.13862488,-1.56867544,-2.31102284,0.06289601,0.69181358,-0.09148048,-3.12490399,-1.59605296,-2.32093056,0.07553101,0.69953061,-0.09155273,-0.02929688,0.02441406,0.01953125,-0.02929688,0.01464844,-0.01464844,1.03797913,2.65548466,2.65502930,-0.04882812
6.36830544,2195,3.13730048,-1.61894114,-2.30796059,0.06141663,0.68694211,-0.09155273,3.13785360,-1.56868639,-2.30921598,0.06212209,0.68901105,-0.09152906,-3.12528546,-1.59567149,-2.32093056,0.07476807,0.69914914,-0.09155273,-0.02929688,0.00976562,0.02441406,-0.04394531,-0.00000000,0.00000000,1.03797913,2.65545317,2.65502930,-0.02441406
6.38262630,2200,3.13730048,-1.61894114,-2.30567177,0.05912781,0.68274594,-0.09155273,3.13733280,-1.56871976,-2.30726527,0.06050985,0.68563190,-0.09154498,-3.12566693,-1.59529002,-2.32054909,0.07362366,0.69876767,-0.09155273,-0.01953125,0.03417969,0.02441406,-0.10253906,-0.02929688,0.00000000,1.03797913,2.65552097,2.65502930,-0.04882812
6.39691734,2205,3.13730048,-1.61932261,-2.30414589,0.05760193,0.67969418,-0.09155273,3.13731107,-1.56884800,-2.30548885,0.05892443,0.68223018,-0.09155019,-3.12566693,-1.59490855,-2.32016762,0.07209778,0.69838620,-0.09155273,-0.03906250,0.02441406,0.02929688,-0.16113281,-0.00000000,-0.02929688,1.03797913,2.65570335,2.65502930,-0.02441406
6.40899658,2210,3.13730048,-1.61932261,-2.30223854,0.05569458,0.67702389,-0.09155273,3.13730395,-1.56889003,-2.30376552,0.05721485,0.67944229,-0.09155190,-3.12604840,-1.59452708,-2.31978615,0.07057190,0.69762326,-0.09155273,-0.01953125,0.03906250,0.03417969,-0.11718750,-0.04394531,-0.01464844,1.03797913,2.65576311,2.65502930,-0.02441406
6.42510533,2215,3.13730048,-1.61932261,-2.29994973,0.05416870,0.67282773,-0.09155273,3.13730162,-1.56882372,-2.30161024,0.05553649,0.67579402,-0.09155246,-3.12681134,-1.59338267,-2.31940468,0.06828308,0.69609738,-0.09155273,-0.04394531,0.04394531,0.02929688,-0.13183594,-0.08789062,-0.01464844,1.03797913,2.65572019,2.65502930,-0.02441406
6.44180989,2220,3.13730048,-1.61894114,-2.29804238,0.05378723,0.66901303,-0.09155273,3.13730085,-1.56866466,-2.29964216,0.05443074,0.67197867,-0.09155264,-3.12719281,-1.59300120,-2.31902321,0.06752014,0.69495297,-0.09155273,-0.04882812,0.03417969,0.02929688,-0.05859375,-0.04394531,-0.01464844,1.03797913,2.65576863,2.65541077,0.00000000
6.45420527,2225,3.13730048,-1.61894114,-2.29651650,0.05378723,0.66634274,-0.09155273,3.13730060,-1.56866137,-2.29782245,0.05399810,0.66863923,-0.09155271,-3.12757428,-1.59223826,-2.31864174,0.06713867,0.69342709,-0.09155273,-0.03417969,0.04882812,0.02929688,-0.01464844,-0.11718750,-0.01464844,1.03797913,2.65559993,2.65541077,-0.02441406
6.47203517,2230,3.13730048,-1.61894114,-2.29460915,0.05378723,0.66252804,-0.09155273,3.13730052,-1.56861146,-2.29591404,0.05385633,0.66533231,-0.09155272,-3.12795575,-1.59185679,-2.31787880,0.06675720,0.69113827,-0.09155273,-0.01953125,0.01953125,0.04394531,-0.05859375,-0.07324219,-0.01464844,1.03759766,2.65557663,2.65541077,0.00000000
6.48779988,2235,3.13730048,-1.61932261,-2.29308327,0.05378723,0.66062069,-0.09155273,3.13730049,-1.56885158,-2.29433166,0.05380987,0.66251665,-0.09155273,-3.12833722,-1.59147532,-2.31749733,0.06599426,0.68999386,-0.09155273,-0.02929688,0.01464844,0.02441406,-0.07324219,-0.07324219,-0.01464844,1.03797913,2.65558096,2.65541077,-0.02441406
6.50143623,2240,3.13730048,-1.61894114,-2.29232033,0.05378723,0.65909482,-0.09117126,3.13730048,-1.56876168,-2.29312979,0.05379465,0.66058571,-0.09136658,-3.12910016,-1.59147532,-2.31711586,0.06446838,0.68923092,-0.09155273,-0.05859375,0.00976562,0.03417969,-0.16113281,-0.07324219,-0.01464844,1.03759766,2.65557042,2.65502930,-0.02441406
6.51423907,2245,3.13730048,-1.61894114,-2.29155739,0.05378723,0.65833188,-0.09117126,3.13730048,-1.56864433,-2.29222303,0.05378966,0.65925987,-0.09128409,-3.12948163,-1.59109385,-2.31673439,0.06332397,0.68770505,-0.09155273,-0.02441406,0.01464844,0.03906250,-0.10253906,-0.13183594,-0.01464844,1.03797913,2.65562189,2.65502930,-0.02441406
6.52829623,2250,3.13730048,-1.61932261,-2.29155739,0.05378723,0.65795041,-0.09117126,3.13730048,-1.56868217,-2.29177551,0.05378803,0.65855967,-0.09120824,-3.12948163,-1.59109385,-2.31635292,0.06217957,0.68503476,-0.09155273,-0.03906250,0.01464844,0.05859375,-0.13183594,-0.20507812,-0.01464844,1.03759766,2.65538364,2.65502930,-0.02441406
6.54370952,2255,3.13730048,-1.61894114,-2.29155739,0.05378723,0.65871335,-0.09117126,3.13730048,-1.56879846,-2.29162886,0.05378749,0.65854385,-0.09118338,-3.12986310,-1.59033091,-2.31558998,0.06027222,0.68122006,-0.09155273,-0.01464844,0.03417969,0.01953125,-0.07324219,-0.16113281,-0.01464844,1.03797913,2.65565835,2.65502930,-0.02441406
6.55712223,2260,3.13730048,-1.61894114,-2.29155739,0.05378723,0.65947629,-0.09117126,3.13730048,-1.56878773,-2.29158081,0.05378732,0.65905160,-0.09117523,-3.12986310,-1.58956797,-2.31558998,0.06027222,0.67931271,-0.09155273,-0.01953125,0.03906250,0.01953125,-0.02929688,-0.13183594,-0.01464844,1.03797913,2.65567024,2.65502930,-0.02441406
6.57257915,2265,3.13730048,-1.61932261,-2.29155739,0.05416870,0.66023922,-0.09078979,3.13730048,-1.56879020,-2.29156507,0.05386355,0.65963864,-0.09103524,-3.13024457,-1.58918650,-2.31520851,0.06027222,0.67587948,-0.09155273,-0.02441406,0.01953125,0.04882812,0.00000000,-0.21972656,-0.02929688,1.03797913,2.65557648,2.65502930,-0.02441406
6.58594775,2270,3.13730048,-1.61894114,-2.29155739,0.05378723,0.66100216,-0.09117126,3.13730048,-1.56873375,-2.29155991,0.05384349,0.66025605,-0.09097777,-3.13062604,-1.58918650,-2.31444558,0.06027222,0.67282773,-0.09155273,-0.02441406,0.01464844,0.05371094,-0.01464844,-0.23437500,-0.01464844,1.03759766,2.65528672,2.65541077,-0.02441406
6.60044837,2275,3.13730048,-1.61894114,-2.29155739,0.05416870,0.66214657,-0.09078979,3.13730048,-1.56869622,-2.29155822,0.05400110,0.66119652,-0.09085139,-3.13100751,-1.58842356,-2.31406411,0.06027222,0.67206479,-0.09155273,-0.02441406,0.02441406,0.02929688,-0.02929688,-0.02929688,-0.01464844,1.03759766,2.65511365,2.65502930,-0.02441406
6.61491704,2280,3.13730048,-1.61932261,-2.29155739,0.05416870,0.66290951,-0.09078979,3.13730048,-1.56873043,-2.29155766,0.05398243,0.66219781,-0.09080998,-3.13138898,-1.58842356,-2.31406411,0.05989075,0.67206479,-0.09155273,-0.02441406,0.01464844,0.01464844,-0.04394531,-0.01464844,0.00000000,1.03797913,2.65535015,2.65502930,-0.02441406
6.62764907,2285,3.13730048,-1.61932261,-2.29155739,0.05416870,0.66367245,-0.09078979,3.13730048,-1.56878070,-2.29155748,0.05407642,0.66297782,-0.09079641,-3.13138898,-1.58804209,-2.31368264,0.05950928,0.67244626,-0.09155273,-0.02929688,0.02441406,0.03417969,-0.02929688,0.04394531,-0.01464844,1.03797913,2.65528702,2.65502930,-0.02441406
6.64394498,2290,3.13730048,-1.61894114,-2.29155739,0.05416870,0.66557980,-0.09078979,3.13730048,-1.56871160,-2.29155742,0.05413846,0.66428724,-0.09079196,-3.13177045,-1.58766062,-2.31291970,0.05950928,0.67206479,-0.09155273,-0.01953125,0.01953125,0.04882812,-0.02929688,-0.00000000,-0.01464844,1.03797913,2.65536399,2.65541077,-0.02441406
6.65889502,2295,3.13730048,-1.61894114,-2.29155739,0.05416870,0.66748715,-0.09040833,3.13730048,-1.56875927,-2.29155740,0.05415879,0.66617884,-0.09060435,-3.13177045,-1.58727915,-2.31215676,0.05912781,0.67168332,-0.09155273,-0.02441406,0.00976562,0.04882812,-0.04394531,-0.00000000,-0.01464844,1.03797913,2.65529156,2.65502930,-0.02441406
6.67402482,2300,3.13730048,-1.61894114,-2.29155739,0.05416870,0.67053891,-0.09040833,3.13730048,-1.56867479,-2.29155739,0.05416545,0.66833969,-0.09047256,-3.13215192,-1.58651622,-2.31177529,0.05798340,0.67244626,-0.09155273,-0.01953125,0.02929688,0.03417969,-0.07324219,0.04394531,-0.01464844,1.03759766,2.65511523,2.65502930,-0.02441406
6.68927860,2305,3.13730048,-1.61932261,-2.29155739,0.05416870,0.67320920,-0.09040833,3.13730048,-1.56880202,-2.29155739,0.05416764,0.67103104,-0.09042937,-3.13253339,-1.58613475,-2.31139382,0.05722046,0.67206479,-0.09155273,-0.02929688,0.02441406,0.03417969,-0.07324219,-0.01464844,-0.01464844,1.03797913,2.65557040,2.65502930,-0.02441406
6.70609927,2310,3.13730048,-1.61894114,-2.29155739,0.05416870,0.67702389,-0.09040833,3.13730048,-1.56879866,-2.29155739,0.05416835,0.67419883,-0.09041522,-3.13291486,-1.58575328,-2.31063088,0.05683899,0.67168332,-0.09155273,-0.02441406,0.01953125,0.03417969,-0.01464844,-0.01464844,-0.01464844,1.03759766,2.65520660,2.65541077,-0.04882812
6.71997070,2315,3.13730048,-1.61894114,-2.29155739,0.05416870,0.68007565,-0.09040833,3.13730048,-1.56874874,-2.29155739,0.05416859,0.67749857,-0.09041059,-3.13329633,-1.58575328,-2.31063088,0.05683899,0.67130185,-0.09155273,-0.03906250,0.00976562,0.02929688,-0.01464844,0.01464844,-0.01464844,1.03759766,2.65514990,2.65541077,-0.02441406
6.73324561,2320,3.13730048,-1.61932261,-2.29155739,0.05416870,0.68274594,-0.09002686,3.13730048,-1.56880867,-2.29155739,0.05416866,0.68052404,-0.09033277,-3.13367780,-1.58537181,-2.31024941,0.05683899,0.67130185,-0.09155273,-0.01953125,0.00488281,0.01953125,-0.01464844,0.02929688,-0.01464844,1.03797913,2.65522140,2.65502930,0.00000000
6.74743462,2325,3.13730048,-1.61932261,-2.29155739,0.05416870,0.68465329,-0.09002686,3.13730048,-1.56882831,-2.29155739,0.05416869,0.68304826,-0.09012710,-3.13367780,-1.58499034,-2.30986794,0.05683899,0.67168332,-0.09155273,-0.01464844,0.01953125,0.01953125,-0.02929688,0.02929688,-0.02929688,1.03759766,2.65509225,2.65502930,0.00000000
6.76232243,2330,3.13730048,-1.61894114,-2.29155739,0.05416870,0.68694211,-0.09002686,3.13730048,-1.56870523,-2.29155739,0.05416870,0.68526529,-0.09005970,-3.13405927,-1.58460887,-2.30986794,0.05645752,0.67206479,-0.09155273,-0.01464844,0.00976562,0.03417969,-0.04394531,0.02929688,-0.01464844,1.03797913,2.65526501,2.65502930,-0.04882812
6.77549720,2335,3.13730048,-1.61932261,-2.29117592,0.05416870,0.68846798,-0.08964539,3.13730048,-1.56884324,-2.29142006,0.05416870,0.68719782,-0.08978115,-3.13405927,-1.58460887,-2.30948647,0.05645752,0.67206479,-0.09155273,-0.01953125,0.00976562,0.02929688,0.00000000,-0.00000000,-0.01464844,1.03759766,2.65516904,2.65541077,-0.02441406
6.79103756,2340,3.13730048,-1.61894114,-2.29117592,0.05416870,0.68999386,-0.08888245,3.13730048,-1.56870231,-2.29143610,0.05416870,0.68882717,-0.08935711,-3.13444074,-1.58422740,-2.30872353,0.05645752,0.67244626,-0.09155273,-0.01953125,0.02441406,0.03417969,-0.01464844,0.05859375,-0.01464844,1.03759766,2.65507509,2.65502930,-0.04882812
6.80291152,2345,3.13730048,-1.61894114,-2.29117592,0.05416870,0.69113827,-0.08850098,3.13730048,-1.56867371,-2.29126118,0.05416870,0.69012120,-0.08885183,-3.13444074,-1.58384593,-2.30872353,0.05645752,0.67282773,-0.09155273,-0.01464844,0.02441406,0.02929688,-0.02929688,0.05859375,-0.01464844,1.03797913,2.65531896,2.65541077,-0.04882812
6.81708074,2350,3.13730048,-1.61894114,-2.29117592,0.05416870,0.69228268,-0.08621216,3.13730048,-1.56866433,-2.29120386,0.05416870,0.69139423,-0.08744675,-3.13482221,-1.58346446,-2.30834206,0.05607605,0.67359067,-0.09155273,-0.01953125,0.01464844,0.02441406,-0.01464844,0.07324219,-0.01464844,1.03759766,2.65524628,2.65502930,-0.02441406
6.83220291,2355,3.13730048,-1.61894114,-2.29117592,0.05416870,0.69266415,-0.08506775,3.13730048,-1.56870032,-2.29124611,0.05416870,0.69217771,-0.08614662,-3.13520368,-1.58308299,-2.30796059,0.05607605,0.67435360,-0.09155273,-0.02441406,0.02441406,0.01953125,-0.02929688,0.07324219,-0.01464844,1.03759766,2.65536309,2.65502930,0.00000000
6.84618330,2360,3.13730048,-1.61932261,-2.29117592,0.05416870,0.69266415,-0.08468628,3.13730048,-1.56877083,-2.29123798,0.05416870,0.69250476,-0.08528394,-3.13558515,-1.58308299,-2.30796059,0.05607605,0.67511654,-0.09117126,-0.03417969,0.01464844,0.02441406,0.00000000,0.05859375,-0.01464844,1.03797913,2.65529126,2.65502930,-0.02441406
6.85943127,2365,3.13730048,-1.61894114,-2.29117592,0.05416870,0.69304562,-0.08430481,3.13730048,-1.56873522,-2.29119626,0.05416870,0.69282933,-0.08469596,-3.13558515,-1.58270152,-2.30757912,0.05607605,0.67549801,-0.09117126,-0.01953125,0.00488281,0.02929688,-0.01464844,0.04394531,0.00000000,1.03759766,2.65511514,2.65502930,-0.04882812
6.87440801,2370,3.13730048,-1.61932261,-2.29117592,0.05416870,0.69304562,-0.08392334,3.13730048,-1.56880424,-2.29118259,0.05416870,0.69282582,-0.08417651,-3.13596661,-1.58270152,-2.30719765,0.05569458,0.67587948,-0.09117126,-0.01953125,0.00000000,0.02929688,-0.02929688,0.07324219,-0.02929688,1.03759766,2.65505743,2.65541077,-0.04882812
6.88967848,2375,3.13730048,-1.61894114,-2.29117592,0.05416870,0.69304562,-0.08354187,3.13730048,-1.56870711,-2.29117811,0.05416870,0.69297360,-0.08382014,-3.13596661,-1.58232005,-2.30681618,0.05531311,0.67702389,-0.09078979,-0.01953125,0.01464844,0.03417969,-0.04394531,0.07324219,-0.01464844,1.03759766,2.65513617,2.65541077,0.00000000
6.90428972,2380,3.13730048,-1.61932261,-2.29117592,0.05416870,0.69266415,-0.08354187,3.13730048,-1.56873399,-2.29117664,0.05416870,0.69289690,-0.08363305,-3.13634808,-1.58193858,-2.30643471,0.05455017,0.67854977,-0.09078979,-0.00488281,0.01464844,0.01953125,-0.05859375,0.13183594,0.00000000,1.03759766,2.65506432,2.65502930,-0.04882812
6.91971779,2385,3.13730048,-1.61932261,-2.29117592,0.05416870,0.69304562,-0.08354187,3.13730048,-1.56886048,-2.29117616,0.05416870,0.69299689,-0.08357175,-3.13634808,-1.58193858,-2.30643471,0.05340576,0.68160153,-0.09040833,-0.01464844,0.00488281,0.01953125,-0.07324219,0.20507812,0.01464844,1.03797913,2.65519336,2.65502930,-0.02441406
6.93443060,2390,3.13730048,-1.61894114,-2.29117592,0.05416870,0.69342709,-0.08354187,3.13730048,-1.56878657,-2.29117600,0.05416870,0.69325487,-0.08355166,-3.13634808,-1.58155711,-2.30605324,0.05302429,0.68465329,-0.09040833,-0.00976562,0.00976562,0.02929688,-0.02929688,0.20507812,-0.01464844,1.03759766,2.65518071,2.65541077,-0.04882812
6.94901729,2395,3.13730048,-1.61932261,-2.29117592,0.05416870,0.69457150,-0.08354187,3.13730048,-1.56884792,-2.29117595,0.05416870,0.69388958,-0.08354508,-3.13672955,-1.58155711,-2.30567177,0.05264282,0.68617917,-0.09002686,-0.00976562,0.00488281,0.03417969,0.00000000,0.11718750,-0.01464844,1.03759766,2.65507891,2.65502930,-0.04882812
6.96248865,2400,3.13730048,-1.61932261,-2.29117592,0.05416870,0.69571591,-0.08354187,3.13730048,-1.56874889,-2.29117593,0.05416870,0.69486697,-0.08354292,-3.13672955,-1.58155711,-2.30529030,0.05264282,0.68694211,-0.09002686,-0.01464844,0.00488281,0.04394531,0.00000000,0.10253906,-0.01464844,1.03759766,2.65504556,2.65502930,0.00000000
6.97624111,2405,3.13730048,-1.61894114,-2.29117592,0.05416870,0.69724179,-0.08316040,3.13730048,-1.56882032,-2.29117592,0.05416870,0.69609398,-0.08335606,-3.13711102,-1.58117564,-2.30452736,0.05264282,0.68884945,-0.08964539,-0.02441406,0.00976562,0.01953125,0.00000000,0.11718750,0.02929688,1.03759766,2.65503462,2.65502930,-0.02441406
6.99121690,2410,3.13730048,-1.61894114,-2.29117592,0.05416870,0.69876767,-0.08316040,3.13730048,-1.56870261,-2.29117592,0.05416870,0.69767085,-0.08322451,-3.13711102,-1.58079417,-2.30452736,0.05264282,0.69113827,-0.08735657,-0.02441406,0.01464844,0.01464844,0.00000000,0.16113281,0.17578125,1.03759766,2.65503104,2.65541077,0.00000000
7.00535727,2415,3.13730048,-1.61894114,-2.29117592,0.05416870,0.70067502,-0.08316040,3.13730048,-1.56868601,-2.29117592,0.05416870,0.69917987,-0.08318141,-3.13749249,-1.58041270,-2.30452736,0.05264282,0.69190121,-0.08697510,-0.01464844,0.01953125,0.01953125,-0.01464844,0.05859375,-0.02929688,1.03759766,2.65502987,2.65541077,-0.02441406
7.01724195,2420,3.13730048,-1.61894114,-2.29117592,0.05416870,0.70181943,-0.08316040,3.13730048,-1.56869961,-2.29117592,0.05416870,0.70062393,-0.08316728,-3.13749249,-1.58041270,-2.30414589,0.05264282,0.69151974,-0.08697510,-0.01464844,0.01953125,0.04394531,-0.01464844,-0.00000000,0.00000000,1.03759766,2.65502948,2.65541077,-0.02441406
7.03351355,2425,3.13730048,-1.61932261,-2.29117592,0.05455017,0.70334530,-0.08277893,3.13730048,-1.56879257,-2.29117592,0.05439392,0.70218403,-0.08293744,-3.13787396,-1.58003123,-2.30376442,0.05264282,0.69151974,-0.08697510,-0.01464844,0.00488281,0.02441406,-0.01464844,0.02929688,-0.01464844,1.03759766,2.65502936,2.65502930,-0.02441406
7.04849792,2430,3.13730048,-1.61894114,-2.29117592,0.05493164,0.70487118,-0.08277893,3.13730048,-1.56873453,-2.29117592,0.05457526,0.70380120,-0.08289190,-3.13787396,-1.58003123,-2.30338295,0.05302429,0.69228268,-0.08697510,-0.02441406,0.00488281,0.02929688,0.00000000,0.04394531,-0.01464844,1.03759766,2.65502932,2.65502930,-0.04882812
7.06313443,2435,3.13730048,-1.61932261,-2.29117592,0.05493164,0.70677853,-0.08316040,3.13730048,-1.56876056,-2.29117592,0.05481486,0.70540204,-0.08307242,-3.13825543,-1.57964976,-2.30300148,0.05264282,0.69266415,-0.08659363,-0.00976562,0.00488281,0.01953125,-0.01464844,0.05859375,0.00000000,1.03759766,2.65502930,2.65541077,0.00000000
7.07699919,2440,3.13730048,-1.61932261,-2.29117592,0.05531311,0.70792294,-0.08316040,3.13730048,-1.56886918,-2.29117592,0.05506977,0.70694650,-0.08308274,-3.13825543,-1.57964976,-2.30300148,0.05264282,0.69304562,-0.08659363,-0.00976562,0.00488281,0.01953125,-0.01464844,0.02929688,0.01464844,1.03759766,2.65502930,2.65502930,-0.02441406
7.09223676,2445,3.13730048,-1.61932261,-2.29117592,0.05569458,0.70868588,-0.08277893,3.13730048,-1.56886572,-2.29117592,0.05541953,0.70804561,-0.08298835,-3.13825543,-1.57926829,-2.30262001,0.05302429,0.69342709,-0.08697510,-0.01464844,0.01464844,0.01464844,0.00000000,0.02929688,-0.01464844,1.03759766,2.65493164,2.65502930,-0.04882812
7.10689616,2450,3.13730048,-1.61894114,-2.29117592,0.05607605,0.70944882,-0.08277893,3.13730048,-1.56882735,-2.29117592,0.05582967,0.70883862,-0.08302773,-3.13825543,-1.57926829,-2.30262001,0.05302429,0.69380856,-0.08659363,-0.00976562,0.00976562,0.01464844,0.00000000,0.02929688,-0.01464844,1.03721619,2.65454686,2.65502930,-0.02441406
7.12054515,2455,3.13730048,-1.61932261,-2.29117592,0.05645752,0.70983029,-0.08316040,3.13730048,-1.56884224,-2.29117592,0.05618147,0.70943503,-0.08311693,-3.13863690,-1.57888682,-2.30262001,0.05302429,0.69342709,-0.08659363,-0.00976562,0.01464844,0.01464844,-0.02929688,0.01464844,-0.01464844,1.03721619,2.65435827,2.65502930,-0.02441406
7.13504577,2460,3.13730048,-1.61894114,-2.29117592,0.05645752,0.71021176,-0.08316040,3.13730048,-1.56873177,-2.29117592,0.05636706,0.70988693,-0.08314615,-3.13863690,-1.57850535,-2.30223854,0.05302429,0.69380856,-0.08659363,-0.01953125,0.00976562,0.02929688,-0.01464844,0.02929688,0.00000000,1.03721619,2.65429648,2.65502930,-0.02441406
7.14961338,2465,3.13730048,-1.61932261,-2.29117592,0.05722046,0.71021176,-0.08316040,3.13730048,-1.56880311,-2.29117592,0.05682168,0.71010532,-0.08309470,-3.13901837,-1.57850535,-2.30185707,0.05302429,0.69457150,-0.08659363,-0.01464844,0.00488281,0.02441406,0.00000000,0.07324219,-0.02929688,1.03721619,2.65427623,2.65541077,-0.04882812
7.16289449,2470,3.13730048,-1.61894114,-2.29117592,0.05836487,0.71021176,-0.08316040,3.13730048,-1.56883808,-2.29117592,0.05752863,0.71017688,-0.08313887,-3.13901837,-1.57812388,-2.30147560,0.05302429,0.69571591,-0.08659363,-0.01464844,0.00000000,0.01953125,0.00000000,0.08789062,-0.02929688,1.03721619,2.65420709,2.65502930,-0.02441406
7.17623210,2475,3.13730048,-1.61894114,-2.29117592,0.05912781,0.71021176,-0.08316040,3.13730048,-1.56870062,-2.29117592,0.05850223,0.71020033,-0.08315335,-3.13901837,-1.57812388,-2.30147560,0.05302429,0.69686032,-0.08659363,-0.00976562,-0.00488281,0.02441406,-0.01464844,0.11718750,-0.01464844,1.03721619,2.65410631,2.65502930,-0.02441406
7.19019246,2480,3.13730048,-1.61894114,-2.29117592,0.06294250,0.70983029,-0.08316040,3.13730048,-1.56872442,-2.29117592,0.06077511,0.70995154,-0.08315809,-3.13939984,-1.57812388,-2.30109413,0.05302429,0.69914914,-0.08659363,-0.01464844,0.00000000,0.02441406,-0.02929688,0.16113281,-0.01464844,1.03683472,2.65370097,2.65502930,-0.02441406
7.20391083,2485,3.13730048,-1.61894114,-2.29117592,0.06523132,0.70983029,-0.08316040,3.13730048,-1.56873222,-2.29117592,0.06340930,0.70987002,-0.08315964,-3.13939984,-1.57812388,-2.30109413,0.05302429,0.69991208,-0.08621216,-0.01464844,-0.00488281,0.01953125,0.00000000,0.08789062,0.00000000,1.03645325,2.65325541,2.65502930,-0.02441406
7.21949649,2490,3.13730048,-1.61932261,-2.29117592,0.06713867,0.70944882,-0.08316040,3.13730048,-1.56879886,-2.29117592,0.06534778,0.70976702,-0.08316015,-3.13978131,-1.57812388,-2.30071266,0.05340576,0.70067502,-0.08621216,-0.01953125,0.00000000,0.01464844,-0.01464844,0.07324219,-0.02929688,1.03645325,2.65326956,2.65502930,-0.02441406
7.23363471,2495,3.13730048,-1.61932261,-2.29117592,0.07019043,0.70983029,-0.08354187,3.13730048,-1.56882070,-2.29117592,0.06802254,0.70969969,-0.08333671,-3.14016278,-1.57774241,-2.30071266,0.05378723,0.70105649,-0.08621216,-0.03417969,0.00488281,0.01464844,0.01464844,0.02929688,-0.01464844,1.03645325,2.65291385,2.65502930,-0.02441406
7.24887300,2500,3.13730048,-1.61932261,-2.29117592,0.07286072,0.70983029,-0.08316040,3.13730048,-1.56884006,-2.29117592,0.07080415,0.70971718,-0.08326700,-3.14016278,-1.57736094,-2.30071266,0.05455017,0.70067502,-0.08583069,-0.00488281,0.01953125,0.00976562,0.05859375,-0.00000000,0.00000000,1.03645325,2.65279729,2.65502930,-0.04882812
7.26239276,2505,3.13730048,-1.61932261,-2.29117592,0.07476807,0.70983029,-0.08316040,3.13730048,-1.56888742,-2.29117592,0.07300726,0.70979323,-0.08319533,-3.14016278,-1.57697947,-2.30033120,0.05645752,0.70067502,-0.08583069,-0.01464844,0.01464844,0.01953125,0.11718750,0.01464844,0.00000000,1.03645325,2.65275909,2.65502930,-0.02441406
7.27709198,2510,3.13730048,-1.61932261,-2.29117592,0.07629395,0.70983029,-0.08316040,3.13730048,-1.56889318,-2.29117592,0.07485515,0.70981814,-0.08317185,-3.14016278,-1.57659800,-2.29994973,0.05798340,0.70105649,-0.08544922,-0.00976562,0.01953125,0.01953125,0.07324219,0.01464844,0.00000000,1.03645325,2.65274658,2.65502930,0.00000000
7.29065371,2515,3.13730048,-1.61894114,-2.29117592,0.07781982,0.70944882,-0.08316040,3.13730048,-1.56868742,-2.29117592,0.07656662,0.70971877,-0.08316415,-3.14016278,-1.57659800,-2.29994973,0.05912781,0.70143796,-0.08544922,-0.00488281,0.00976562,0.01464844,0.11718750,0.07324219,-0.01464844,1.03645325,2.65274248,2.65502930,0.00000000
7.30543804,2520,3.13730048,-1.61894114,-2.29117592,0.08010864,0.70983029,-0.08316040,3.13730048,-1.56868103,-2.29117592,0.07860815,0.70974492,-0.08316163,-3.14054425,-1.57621653,-2.29956826,0.06065369,0.70258236,-0.08544922,-0.01464844,0.00000000,0.01953125,0.05859375,0.07324219,0.00000000,1.03607178,2.65258855,2.65502930,-0.04882812
7.31989956,2525,3.13730048,-1.61894114,-2.29117592,0.08239746,0.70944882,-0.08316040,3.13730048,-1.56868822,-2.29117592,0.08066701,0.70972602,-0.08316080,-3.14054425,-1.57621653,-2.29956826,0.06103516,0.70334530,-0.08544922,-0.01464844,0.00000000,0.02441406,0.00000000,0.07324219,0.00000000,1.03645325,2.65269069,2.65502930,-0.02441406
7.33508706,2530,3.13730048,-1.61894114,-2.29117592,0.08430481,0.70944882,-0.08316040,3.13730048,-1.56865151,-2.29117592,0.08276072,0.70971983,-0.08316053,-3.14054425,-1.57621653,-2.29918679,0.06141663,0.70372677,-0.08506775,-0.00976562,-0.00488281,0.01953125,0.02929688,0.05859375,-0.01464844,1.03645325,2.65260209,2.65502930,-0.04882812
7.35091925,2535,3.13730048,-1.61932261,-2.29117592,0.08659363,0.70983029,-0.08316040,3.13730048,-1.56880367,-2.29117592,0.08481764,0.70979409,-0.08316044,-3.14092572,-1.57621653,-2.29918679,0.06332397,0.70487118,-0.08506775,-0.01464844,-0.00488281,0.00976562,0.10253906,0.05859375,-0.01464844,1.03645325,2.65269513,2.65502930,0.00000000
7.36556411,2540,3.13730048,-1.61894114,-2.29117592,0.08888245,0.70944882,-0.08316040,3.13730048,-1.56883827,-2.29117592,0.08704024,0.70974213,-0.08316041,-3.14092572,-1.57621653,-2.29918679,0.06561279,0.70563412,-0.08468628,-0.01464844,0.00000000,0.00488281,0.11718750,0.08789062,0.02929688,1.03607178,2.65229081,2.65502930,0.00000000
7.38028264,2545,3.13730048,-1.61894114,-2.29117592,0.09117126,0.70983029,-0.08316040,3.13730048,-1.56874951,-2.29117592,0.08938548,0.70980140,-0.08316041,-3.14092572,-1.57621653,-2.29918679,0.06790161,0.70639706,-0.08430481,-0.00976562,-0.00488281,0.00488281,0.14648438,0.04394531,0.01464844,1.03645325,2.65223278,2.65502930,-0.02441406
7.39477229,2550,3.13730048,-1.61894114,-2.29117592,0.09117126,0.70983029,-0.08316040,3.13730048,-1.56875021,-2.29117592,0.09058610,0.70982082,-0.08316040,-3.14092572,-1.57621653,-2.29880532,0.06904602,0.70677853,-0.08354187,-0.00488281,0.00000000,0.00976562,0.04394531,0.07324219,0.02929688,1.03607178,2.65206118,2.65502930,-0.02441406
7.40924406,2555,3.13730048,-1.61932261,-2.29117592,0.09117126,0.70983029,-0.08316040,3.13730048,-1.56881696,-2.29117592,0.09097952,0.70982719,-0.08316040,-3.14092572,-1.57621653,-2.29880532,0.06980896,0.70716000,-0.08354187,-0.00488281,0.00000000,0.01464844,0.02929688,0.04394531,-0.01464844,1.03607178,2.65200495,2.65502930,-0.02441406
7.42281175,2560,3.13730048,-1.61894114,-2.29117592,0.09117126,0.70983029,-0.08316040,3.13730048,-1.56869370,-2.29117592,0.09116947,0.70982927,-0.08316040,-3.14092572,-1.57621653,-2.29842385,0.07057190,0.70754147,-0.08354187,-0.00976562,0.00000000,0.02929688,0.05859375,0.04394531,-0.01464844,1.03607178,2.65198652,2.65464783,-0.04882812
7.43681431,2565,3.13730048,-1.61894114,-2.29117592,0.09117126,0.70983029,-0.08316040,3.13730048,-1.56867088,-2.29117592,0.09135085,0.70982996,-0.08316040,-3.14130719,-1.57583506,-2.29804238,0.07286072,0.70792294,-0.08354187,-0.00488281,0.00000000,0.02441406,0.13183594,0.02929688,-0.01464844,1.03607178,2.65198048,2.65502930,-0.02441406
7.44877934,2570,3.13730048,-1.61894114,-2.29117592,0.09117126,0.70983029,-0.08316040,3.13730048,-1.56873372,-2.29117592,0.09141029,0.70983018,-0.08316040,-3.14130719,-1.57583506,-2.29804238,0.07514954,0.70830441,-0.08354187,-0.01464844,0.00488281,0.01953125,0.19042969,0.05859375,0.00000000,1.03607178,2.65197850,2.65502930,-0.02441406
7.46318436,2575,3.13730048,-1.61932261,-2.29117592,0.09117126,0.70983029,-0.08316040,3.13730048,-1.56871146,-2.29117592,0.09124959,0.70997918,-0.08316040,3.14149665,-1.57545359,-2.29766091,0.07667542,0.70906735,-0.08354187,-0.01953125,0.00976562,0.01953125,0.11718750,0.07324219,-0.01464844,1.03607178,2.65191536,2.65502930,-0.02441406
7.47668505,2580,3.13730048,-1.61932261,-2.29117592,0.09117126,0.70983029,-0.08316040,3.13730048,-1.56877448,-2.29117592,0.09119693,0.70987908,-0.08316040,3.14111518,-1.57545359,-2.29766091,0.07743835,0.70944882,-0.08354187,-0.03417969,0.00000000,0.01953125,0.02929688,0.01464844,-0.01464844,1.03569031,2.65150672,2.65502930,0.00000000
7.49057579,2585,3.13730048,-1.61894114,-2.29117592,0.09117126,0.71021176,-0.08316040,3.13730048,-1.56882870,-2.29117592,0.09117967,0.71007150,-0.08316040,3.14111518,-1.57545359,-2.29727944,0.07781982,0.70944882,-0.08354187,-0.00976562,0.00000000,0.00976562,0.02929688,0.04394531,-0.01464844,1.03530884,2.65115773,2.65502930,-0.04882812
7.50394917,2590,3.13730048,-1.61894114,-2.29117592,0.09117126,0.70983029,-0.08316040,3.13730048,-1.56876639,-2.29117592,0.09111299,0.70990933,-0.08316040,3.14111518,-1.57507212,-2.29727944,0.07858276,0.70983029,-0.08354187,-0.00976562,0.00000000,0.00976562,0.05859375,0.04394531,-0.02929688,1.03530884,2.65078068,2.65464783,-0.02441406
7.51747680,2595,3.13730048,-1.61932261,-2.29117592,0.09078979,0.70983029,-0.08316040,3.13730048,-1.56879248,-2.29117592,0.09107587,0.70985619,-0.08316040,3.14111518,-1.57507212,-2.29727944,0.07934570,0.71059323,-0.08354187,-0.01464844,0.00000000,0.00488281,0.01464844,0.05859375,-0.02929688,1.03530884,2.65055947,2.65464783,-0.04882812
7.53242683,2600,3.13730048,-1.61894114,-2.29117592,0.09078979,0.70983029,-0.08316040,3.13730048,-1.56880335,-2.29117592,0.09088354,0.70983878,-0.08316040,3.14111518,-1.57507212,-2.29727944,0.08010864,0.71059323,-0.08354187,-0.00976562,0.00000000,0.00976562,0.02929688,0.01464844,-0.01464844,1.03492737,2.65011467,2.65464783,0.00000000
7.54654860,2605,3.13730048,-1.61894114,-2.29117592,0.09078979,0.70983029,-0.08316040,3.13730048,-1.56870682,-2.29117592,0.09085176,0.70983307,-0.08316040,3.14111518,-1.57507212,-2.29727944,0.08049011,0.71059323,-0.08354187,-0.00976562,0.00488281,0.00976562,0.02929688,0.01464844,-0.02929688,1.03492737,2.64982830,2.65464783,0.00000000
7.55901194,2610,3.13730048,-1.61932261,-2.29117592,0.09078979,0.70983029,-0.08316040,3.13730048,-1.56870265,-2.29117592,0.09081010,0.70983120,-0.08316040,3.14111518,-1.57469065,-2.29727944,0.08125305,0.71059323,-0.08354187,-0.00488281,0.00488281,0.00488281,0.05859375,0.01464844,-0.01464844,1.03492737,2.64973446,2.65464783,0.00000000
7.57346249,2615,3.13730048,-1.61894114,-2.29117592,0.09078979,0.70983029,-0.08316040,3.13730048,-1.56869530,-2.29117592,0.09079645,0.70983059,-0.08316040,3.14073371,-1.57469065,-2.29727944,0.08277893,0.71021176,-0.08354187,-0.00976562,0.00000000,0.00488281,0.10253906,-0.01464844,-0.01464844,1.03454590,2.64945346,2.65464783,-0.02441406
7.58631039,2620,3.13730048,-1.61932261,-2.29117592,0.09078979,0.70983029,-0.08316040,3.13730048,-1.56880874,-2.29117592,0.09079198,0.70983039,-0.08316040,3.14073371,-1.57469065,-2.29689797,0.08392334,0.71021176,-0.08354187,-0.01464844,0.00488281,0.01464844,0.05859375,-0.00000000,-0.01464844,1.03454590,2.64923932,2.65464783,-0.02441406
7.60288429,2625,3.13730048,-1.61894114,-2.29117592,0.09078979,0.70983029,-0.08316040,3.13730048,-1.56873006,-2.29117592,0.09079051,0.70983032,-0.08316040,3.14073371,-1.57430918,-2.29689797,0.08430481,0.71059323,-0.08354187,-0.01953125,-0.00488281,0.01953125,0.00000000,0.01464844,-0.02929688,1.03378296,2.64814327,2.65426636,0.00000000
7.61643529,2630,3.13730048,-1.61932261,-2.29117592,0.09078979,0.70944882,-0.08316040,3.13730048,-1.56885919,-2.29117592,0.09079003,0.70975401,-0.08316040,3.14073371,-1.57430918,-2.29651650,0.08468628,0.71021176,-0.08354187,-0.00488281,0.00000000,0.02441406,0.00000000,0.01464844,-0.02929688,1.03340149,2.64733074,2.65426636,-0.04882812
7.62926960,2635,3.13730048,-1.61894114,-2.29117592,0.09078979,0.70906735,-0.08316040,3.13730048,-1.56872511,-2.29117592,0.09086018,0.70941149,-0.08316040,3.14073371,-1.57430918,-2.29651650,0.08506775,0.71059323,-0.08354187,-0.00976562,-0.00488281,0.01953125,0.00000000,0.01464844,-0.02929688,1.03302002,2.64671171,2.65464783,0.00000000
7.64542580,2640,3.13730048,-1.61932261,-2.29117592,0.09078979,0.70868588,-0.08316040,3.13730048,-1.56879653,-2.29117592,0.09081286,0.70895490,-0.08316040,3.14035224,-1.57430918,-2.29613503,0.08544922,0.71059323,-0.08354187,-0.00976562,-0.00488281,0.01464844,0.02929688,0.02929688,-0.01464844,1.03302002,2.64614852,2.65426636,-0.02441406
7.66045141,2645,3.13730048,-1.61894114,-2.29117592,0.09117126,0.70792294,-0.08316040,3.13730048,-1.56877489,-2.29117592,0.09102257,0.70838023,-0.08316040,3.14035224,-1.57430918,-2.29613503,0.08583069,0.71059323,-0.08354187,-0.00976562,0.00000000,0.00976562,0.02929688,0.01464844,0.00000000,1.03302002,2.64596397,2.65426636,-0.02441406
7.67361736,2650,3.13730048,-1.61932261,-2.29117592,0.09117126,0.70754147,-0.08316040,3.13730048,-1.56881724,-2.29117592,0.09112254,0.70793546,-0.08316040,3.14035224,-1.57430918,-2.29613503,0.08621216,0.71059323,-0.08354187,-0.00488281,0.00488281,0.00976562,0.00000000,0.01464844,-0.01464844,1.03263855,2.64557513,2.65426636,-0.02441406
7.69113207,2655,3.13730048,-1.61894114,-2.29117592,0.09117126,0.70754147,-0.08316040,3.13730048,-1.56873285,-2.29117592,0.09115530,0.70767057,-0.08316040,3.14035224,-1.57392771,-2.29613503,0.08659363,0.71021176,-0.08354187,-0.00976562,0.00488281,0.01464844,0.00000000,0.01464844,-0.02929688,1.03263855,2.64526314,2.65426636,-0.02441406
7.70445943,2660,3.13730048,-1.61932261,-2.29117592,0.09117126,0.70716000,-0.08316040,3.13730048,-1.56886011,-2.29117592,0.09116603,0.70750748,-0.08316040,3.14035224,-1.57392771,-2.29613503,0.08659363,0.71021176,-0.08354187,-0.00488281,0.00488281,0.00976562,0.00000000,0.02929688,-0.01464844,1.03225708,2.64471047,2.65388489,-0.04882812
7.71988988,2665,3.13730048,-1.61932261,-2.29117592,0.09117126,0.70754147,-0.08316040,3.13730048,-1.56883296,-2.29117592,0.09116955,0.70748151,-0.08316040,3.14035224,-1.57354624,-2.29575356,0.08659363,0.71021176,-0.08354187,-0.00488281,0.00000000,0.01464844,-0.01464844,-0.00000000,-0.01464844,1.03225708,2.64446687,2.65388489,-0.02441406
7.73384809,2670,3.13730048,-1.61932261,-2.29117592,0.09117126,0.70754147,-0.08316040,3.13730048,-1.56884408,-2.29117592,0.09117070,0.70746079,-0.08316040,3.14035224,-1.57354624,-2.29575356,0.08697510,0.71021176,-0.08354187,-0.00488281,-0.00488281,0.01953125,-0.01464844,0.01464844,0.00000000,1.03187561,2.64423446,2.65388489,0.00000000
7.74686670,2675,3.13730048,-1.61894114,-2.29117592,0.09117126,0.70754147,-0.08316040,3.13730048,-1.56878120,-2.29117592,0.09113202,0.70751503,-0.08316040,3.14035224,-1.57354624,-2.29537209,0.08735657,0.71021176,-0.08354187,-0.00488281,0.00000000,0.01464844,0.01464844,-0.00000000,-0.01464844,1.03149414,2.64352330,2.65388489,-0.04882812
7.75835562,2680,3.13730048,-1.61894114,-2.29117592,0.09078979,0.70754147,-0.08316040,3.13730048,-1.56869956,-2.29117592,0.09104305,0.70753281,-0.08316040,3.14035224,-1.57354624,-2.29537209,0.08735657,0.71021176,-0.08354187,-0.00488281,0.00488281,0.01464844,0.00000000,0.01464844,0.00000000,1.03073120,2.64232688,2.65350342,-0.02441406
7.77114201,2685,3.13730048,-1.61932261,-2.29117592,0.09078979,0.70754147,-0.08316040,3.13730048,-1.56880037,-2.29117592,0.09087278,0.70753863,-0.08316040,3.14035224,-1.57354624,-2.29537209,0.08735657,0.71021176,-0.08354187,-0.00976562,0.00000000,0.00488281,-0.01464844,0.01464844,-0.02929688,1.02653503,2.63799368,2.65350342,-0.02441406
7.78471828,2690,3.13730048,-1.61932261,-2.29117592,0.09078979,0.70754147,-0.08316040,3.13730048,-1.56873330,-2.29117592,0.09081699,0.70754054,-0.08316040,3.14035224,-1.57316477,-2.29537209,0.08735657,0.71021176,-0.08354187,-0.00976562,0.00000000,0.00488281,-0.01464844,0.02929688,0.00000000,1.02462769,2.63290654,2.65350342,-0.02441406
7.79939413,2695,3.13730048,-1.61894114,-2.29117592,0.09040833,0.70754147,-0.08316040,3.13730048,-1.56863503,-2.29117592,0.09072241,0.70754117,-0.08316040,3.13997077,-1.57316477,-2.29537209,0.08735657,0.71021176,-0.08354187,-0.00488281,-0.00488281,0.00488281,-0.01464844,0.01464844,-0.01464844,1.02157593,2.62670540,2.65312195,-0.04882812
7.81538892,2700,3.13730048,-1.61894114,-2.29117592,0.09078979,0.70716000,-0.08316040,3.13730048,-1.56869072,-2.29117592,0.09076771,0.70732396,-0.08316040,3.13997077,-1.57316477,-2.29537209,0.08773804,0.70983029,-0.08354187,-0.00488281,0.00000000,0.00976562,0.00000000,0.01464844,-0.01464844,1.02157593,2.62420467,2.65274048,-0.04882812
7.83166075,2705,3.13730048,-1.61932261,-2.29117592,0.09040833,0.70677853,-0.08316040,3.13730048,-1.56878966,-2.29117592,0.09061838,0.70698851,-0.08316040,3.13997077,-1.57316477,-2.29537209,0.08773804,0.70983029,-0.08354187,-0.00976562,0.00488281,0.00976562,-0.01464844,-0.00000000,-0.01464844,1.02157593,2.62338523,2.65235901,-0.04882812
7.84612298,2710,3.13730048,-1.61932261,-2.29117592,0.09040833,0.70639706,-0.08316040,3.13730048,-1.56884894,-2.29117592,0.09047715,0.70677104,-0.08323071,3.13997077,-1.57278331,-2.29537209,0.08811951,0.70983029,-0.08354187,-0.00976562,0.00000000,0.00488281,-0.01464844,0.02929688,-0.02929688,1.02157593,2.62311671,2.65159607,-0.07324219
7.86014485,2715,3.13730048,-1.61932261,-2.29117592,0.09040833,0.70677853,-0.08354187,3.13730048,-1.56884150,-2.29117592,0.09043088,0.70668819,-0.08329880,3.13997077,-1.57278331,-2.29537209,0.08811951,0.71021176,-0.08354187,-0.00488281,0.00488281,0.01464844,-0.01464844,0.01464844,-0.02929688,1.02119446,2.62269157,2.65121460,-0.07324219
7.87392807,2720,3.13730048,-1.61894114,-2.29117592,0.09040833,0.70677853,-0.08354187,3.13730048,-1.56885066,-2.29117592,0.09041572,0.70671768,-0.08342316,3.13997077,-1.57278331,-2.29499062,0.08850098,0.70983029,-0.08354187,-0.00976562,0.00000000,0.00976562,-0.01464844,-0.00000000,-0.01464844,1.02119446,2.62237647,2.65045166,-0.09765625
7.88768816,2725,3.13730048,-1.61894114,-2.29117592,0.09040833,0.70677853,-0.08316040,3.13730048,-1.56876578,-2.29117592,0.09044200,0.70675859,-0.08324650,3.13997077,-1.57278331,-2.29499062,0.08850098,0.70983029,-0.08354187,-0.00976562,0.00000000,0.00976562,0.00000000,0.02929688,-0.02929688,1.02005005,2.62133304,2.65007019,-0.04882812
7.90209484,2730,3.13730048,-1.61894114,-2.29117592,0.09078979,0.70677853,-0.08316040,3.13730048,-1.56867692,-2.29117592,0.09060552,0.70677200,-0.08318861,3.13997077,-1.57278331,-2.29499062,0.08850098,0.70983029,-0.08354187,-0.00976562,-0.00488281,0.01464844,0.00000000,-0.00000000,0.00000000,1.01661682,2.61784244,2.64968872,-0.04882812
7.91684151,2735,3.13730048,-1.61932261,-2.29117592,0.09040833,0.70677853,-0.08316040,3.13730048,-1.56882420,-2.29117592,0.09047294,0.70677639,-0.08316965,3.13958930,-1.57278331,-2.29499062,0.08850098,0.70983029,-0.08354187,-0.01953125,-0.00488281,0.01953125,0.00000000,-0.00000000,-0.02929688,1.00898743,2.60693790,2.64930725,-0.04882812
7.93022537,2740,3.13730048,-1.61894114,-2.29117592,0.09040833,0.70677853,-0.08316040,3.13730048,-1.56871365,-2.29117592,0.09051739,0.70677783,-0.08320249,3.13920783,-1.57278331,-2.29460915,0.08888245,0.70944882,-0.08354187,-0.01464844,-0.00488281,0.01464844,0.00000000,0.01464844,-0.01464844,1.00021362,2.59308858,2.64816284,-0.09765625
7.94414949,2745,3.13730048,-1.61894114,-2.29117592,0.09040833,0.70639706,-0.08316040,3.13730048,-1.56865984,-2.29117592,0.09044406,0.70655308,-0.08317419,3.13920783,-1.57278331,-2.29460915,0.08926392,0.70944882,-0.08354187,-0.00976562,0.00000000,0.01464844,-0.01464844,-0.01464844,0.00000000,0.98991394,2.57554872,2.64587402,-0.19531250
7.95943952,2750,3.13730048,-1.61894114,-2.29117592,0.09040833,0.70639706,-0.08316040,3.13730048,-1.56879114,-2.29117592,0.09045910,0.70644819,-0.08316492,3.13920783,-1.57240184,-2.29460915,0.08926392,0.70944882,-0.08354187,-0.00488281,0.00000000,0.00976562,0.00000000,0.01464844,-0.01464844,0.97961426,2.55576100,2.64396667,-0.12207031
7.97559190,2755,3.13730048,-1.61932261,-2.29117592,0.09040833,0.70563412,-0.08354187,3.13730048,-1.56884942,-2.29117592,0.09042496,0.70608105,-0.08323818,3.13920783,-1.57240184,-2.29422768,0.08964539,0.70944882,-0.08354187,-0.00488281,0.00000000,0.00488281,-0.01464844,0.01464844,-0.02929688,0.96740723,2.53576100,2.64129639,-0.24414062
7.99143195,2760,3.13730048,-1.61932261,-2.29117592,0.09040833,0.70487118,-0.08354187,3.13730048,-1.56879820,-2.29117592,0.09041378,0.70541802,-0.08331101,3.13920783,-1.57240184,-2.29422768,0.08964539,0.70944882,-0.08354187,-0.00976562,0.00000000,0.00976562,0.00000000,0.01464844,-0.01464844,0.95901489,2.51576100,2.63748169,-0.24414062
8.00439477,2765,3.13730048,-1.61932261,-2.29117592,0.09040833,0.70372677,-0.08354187,3.13730048,-1.56881267,-2.29117592,0.09041011,0.70453145,-0.08332511,3.13920783,-1.57240184,-2.29422768,0.08964539,0.70906735,-0.08354187,-0.00976562,0.00000000,0.00976562,0.00000000,-0.01464844,-0.01464844,0.95100403,2.49716333,2.63404846,-0.34179688
8.01900673,2770,3.13730048,-1.61894114,-2.29117592,0.09040833,0.70296383,-0.08354187,3.13730048,-1.56878018,-2.29117592,0.09040891,0.70359665,-0.08338295,3.13920783,-1.57240184,-2.29422768,0.08964539,0.70906735,-0.08354187,-0.00488281,0.00000000,0.00976562,-0.01464844,-0.00000000,-0.01464844,0.94375610,2.47968112,2.63175964,-0.12207031
8.03315854,2775,3.13730048,-1.61932261,-2.29117592,0.09040833,0.70220089,-0.08354187,3.13730048,-1.56883655,-2.29117592,0.09040852,0.70286968,-0.08330962,3.13920783,-1.57240184,-2.29422768,0.09002686,0.70830441,-0.08354187,-0.00488281,0.00000000,0.01464844,-0.01464844,-0.01464844,-0.01464844,0.93727112,2.46602067,2.62680054,-0.51269531
8.04646015,2780,3.13730048,-1.61894114,-2.29117592,0.09040833,0.70181943,-0.08354187,3.13730048,-1.56871769,-2.29117592,0.09040839,0.70223389,-0.08333442,3.13920783,-1.57240184,-2.29384621,0.09002686,0.70754147,-0.08354187,-0.00976562,0.00000000,0.01464844,0.00000000,-0.05859375,0.00000000,0.92964172,2.45080125,2.61840820,-0.65917969
8.06215215,2785,3.13730048,-1.61932261,-2.29117592,0.09040833,0.70105649,-0.08354187,3.13730048,-1.56881608,-2.29117592,0.09040835,0.70156144,-0.08341286,3.13920783,-1.57240184,-2.29384621,0.09040833,0.70639706,-0.08354187,-0.00488281,0.00488281,0.01464844,-0.01464844,-0.07324219,-0.02929688,0.92163086,2.43497308,2.60658264,-0.75683594
8.07542920,2790,3.13730048,-1.61932261,-2.29117592,0.09040833,0.70029355,-0.08354187,3.13730048,-1.56885759,-2.29117592,0.09040833,0.70095950,-0.08345077,3.13920783,-1.57202037,-2.29384621,0.09040833,0.70487118,-0.08354187,-0.00976562,0.00000000,0.01464844,-0.01464844,-0.10253906,0.00000000,0.91285706,2.41830629,2.59742737,-0.73242188
8.08862758,2795,3.13730048,-1.61894114,-2.29117592,0.09040833,0.69991208,-0.08354187,3.13730048,-1.56876805,-2.29117592,0.09040833,0.70037444,-0.08346319,3.13920783,-1.57202037,-2.29346474,0.09002686,0.70296383,-0.08354187,-0.00976562,0.00488281,0.01464844,-0.02929688,-0.10253906,-0.01464844,0.90522766,2.40111932,2.58674622,-0.80566406
8.10371137,2800,3.13730048,-1.61894114,-2.29117592,0.09040833,0.69991208,-0.08354187,3.13730048,-1.56877777,-2.29117592,0.09040833,0.70006358,-0.08351609,3.13882636,-1.57202037,-2.29346474,0.09002686,0.70181943,-0.08354187,-0.01464844,0.00488281,0.00488281,-0.01464844,-0.02929688,0.00000000,0.89645386,2.38624946,2.57606506,-0.85449219
8.11809468,2805,3.13730048,-1.61894114,-2.29117592,0.09040833,0.69991208,-0.08354187,3.13730048,-1.56875947,-2.29117592,0.09040833,0.69996172,-0.08353342,3.13882636,-1.57163890,-2.29346474,0.09002686,0.70143796,-0.08354187,-0.01464844,0.00000000,0.00488281,0.00000000,-0.02929688,-0.01464844,0.89149475,2.37264131,2.56195068,-0.85449219
8.13335466,2810,3.13730048,-1.61932261,-2.29117592,0.09040833,0.69991208,-0.08354187,3.13730048,-1.56885125,-2.29117592,0.09040833,0.69992834,-0.08353910,3.13844489,-1.57163890,-2.29346474,0.09040833,0.70067502,-0.08354187,-0.01464844,-0.00488281,-0.00000000,-0.02929688,-0.01464844,-0.02929688,0.88500977,2.35987628,2.55012512,-0.78125000
8.14492440,2815,3.13730048,-1.61932261,-2.29117592,0.09002686,0.69991208,-0.08354187,3.13730048,-1.56889109,-2.29117592,0.09027100,0.69991741,-0.08354096,3.13844489,-1.57163890,-2.29346474,0.09040833,0.70105649,-0.08354187,-0.01464844,-0.00488281,0.00976562,-0.01464844,0.01464844,-0.01464844,0.88119507,2.34928963,2.54440308,-0.85449219
8.16020155,2820,3.13730048,-1.61932261,-2.29117592,0.09002686,0.69991208,-0.08354187,3.13730048,-1.56876303,-2.29117592,0.09010686,0.69991382,-0.08354157,3.13844489,-1.57163890,-2.29346474,0.09040833,0.70105649,-0.08354187,-0.00488281,-0.00488281,0.00488281,0.00000000,0.02929688,-0.01464844,0.87356567,2.33672294,2.52876282,-0.87890625
8.17294502,2825,3.13730048,-1.61932261,-2.29117592,0.09002686,0.69991208,-0.08354187,3.13730048,-1.56886218,-2.29117592,0.09005307,0.69991265,-0.08354177,3.13844489,-1.57163890,-2.29346474,0.09040833,0.70143796,-0.08354187,-0.00488281,-0.00488281,0.00976562,-0.01464844,0.02929688,-0.01464844,0.86860657,2.32440172,2.51846313,-0.90332031
8.18537092,2830,3.13730048,-1.61894114,-2.29117592,0.09002686,0.69991208,-0.08354187,3.13730048,-1.56876516,-2.29117592,0.09003545,0.69991226,-0.08354184,3.13844489,-1.57163890,-2.29346474,0.09002686,0.70105649,-0.08354187,-0.00488281,0.00000000,0.00976562,-0.02929688,0.01464844,-0.01464844,0.86441040,2.31625517,2.50892639,-0.75683594
8.20236015,2835,3.13730048,-1.61932261,-2.29117592,0.09002686,0.69991208,-0.08354187,3.13730048,-1.56881405,-2.29117592,0.09002967,0.69991214,-0.08354186,3.13844489,-1.57163890,-2.29346474,0.09040833,0.70105649,-0.08354187,-0.00488281,-0.00488281,0.00488281,0.00000000,0.01464844,-0.02929688,0.85754395,2.30477370,2.49595642,-0.87890625
8.21778893,2840,3.13730048,-1.61932261,-2.29117592,0.09002686,0.69991208,-0.08354187,3.13730048,-1.56885693,-2.29117592,0.09002778,0.69991210,-0.08354187,3.13844489,-1.57163890,-2.29346474,0.09002686,0.70105649,-0.08354187,-0.00488281,-0.00488281,-0.00000000,-0.01464844,0.01464844,-0.01464844,0.84877014,2.29082517,2.48298645,-0.97656250
8.23069572,2845,3.13730048,-1.61932261,-2.29117592,0.09002686,0.69991208,-0.08354187,3.13730048,-1.56884412,-2.29117592,0.09002716,0.69991208,-0.08354187,3.13844489,-1.57163890,-2.29346474,0.09040833,0.70105649,-0.08354187,-0.00488281,0.00000000,0.00488281,-0.01464844,0.01464844,-0.01464844,0.84381104,2.27769861,2.47497559,-0.68359375
8.24795103,2850,3.13730048,-1.61932261,-2.29117592,0.09002686,0.69991208,-0.08354187,3.13730048,-1.56874764,-2.29117592,0.08988584,0.69991208,-0.08354187,3.13844489,-1.57163890,-2.29346474,0.09040833,0.70105649,-0.08354187,-0.00488281,-0.00488281,0.00976562,-0.02929688,0.01464844,-0.01464844,0.83465576,2.26257796,2.45704651,-1.00097656
8.26095438,2855,3.13730048,-1.61932261,-2.29117592,0.09002686,0.69991208,-0.08354187,3.13730048,-1.56881612,-2.29117592,0.08998065,0.69991208,-0.08354187,3.13844489,-1.57163890,-2.29346474,0.09040833,0.70105649,-0.08354187,-0.00488281,-0.00488281,0.00488281,0.01464844,0.01464844,-0.01464844,0.83122253,2.24967279,2.44750977,-0.85449219
8.27528262,2860,3.13730048,-1.61932261,-2.29117592,0.08964539,0.69991208,-0.08354187,3.13730048,-1.56884833,-2.29117592,0.08987439,0.69991208,-0.08363416,3.13844489,-1.57163890,-2.29346474,0.09002686,0.70105649,-0.08354187,-0.00488281,0.00000000,0.00976562,-0.02929688,0.01464844,-0.04394531,0.82511902,2.23959050,2.44026184,-0.61035156
8.29034376,2865,3.13730048,-1.61932261,-2.29117592,0.08964539,0.69991208,-0.08392334,3.13730048,-1.56886816,-2.29117592,0.08972042,0.69991208,-0.08364840,3.13844489,-1.57163890,-2.29308327,0.09002686,0.70105649,-0.08354187,-0.00488281,0.00488281,0.00976562,-0.01464844,0.01464844,-0.01464844,0.81634521,2.22518054,2.42385864,-1.02539062
8.30253220,2870,3.13730048,-1.61932261,-2.29117592,0.08964539,0.69991208,-0.08354187,3.13730048,-1.56883560,-2.29117592,0.08966997,0.69991208,-0.08365686,3.13844489,-1.57163890,-2.29308327,0.09002686,0.70105649,-0.08354187,-0.00488281,-0.00488281,0.00976562,-0.01464844,0.01464844,-0.02929688,0.80986023,2.21099848,2.41699219,-0.95214844
8.31608319,2875,3.13730048,-1.61894114,-2.29117592,0.08964539,0.69991208,-0.08392334,3.13730048,-1.56881748,-2.29117592,0.08965344,0.69991208,-0.08379696,3.13844489,-1.57163890,-2.29308327,0.09002686,0.70105649,-0.08354187,0.00000000,-0.00488281,0.01464844,0.00000000,-0.00000000,-0.01464844,0.80223083,2.19636595,2.40516663,-0.61035156
8.33093238,2880,3.13730048,-1.61894114,-2.29117592,0.08926392,0.69991208,-0.08392334,3.13730048,-1.56881154,-2.29117592,0.08957173,0.69991208,-0.08388193,3.13844489,-1.57163890,-2.29308327,0.09040833,0.70105649,-0.08354187,-0.00976562,-0.00488281,0.00976562,-0.01464844,0.02929688,-0.02929688,0.79460144,2.18106237,2.39295959,-0.97656250
8.34415054,2885,3.13730048,-1.61932261,-2.29117592,0.08926392,0.69991208,-0.08392334,3.13730048,-1.56888589,-2.29117592,0.08942582,0.69991208,-0.08390977,3.13844489,-1.57125743,-2.29308327,0.09040833,0.70105649,-0.08354187,-0.00488281,0.00000000,0.01464844,0.00000000,0.01464844,-0.02929688,0.79231262,2.17142221,2.38151550,-0.85449219
8.35755610,2890,3.13730048,-1.61932261,-2.29117592,0.08926392,0.69991208,-0.08392334,3.13730048,-1.56886142,-2.29117592,0.08931697,0.69991208,-0.08387983,3.13844489,-1.57125743,-2.29270180,0.09002686,0.70105649,-0.08354187,-0.00488281,-0.00488281,0.01464844,-0.01464844,-0.00000000,-0.01464844,0.78544617,2.16065346,2.37045288,-0.68359375
8.37282157,2895,3.13730048,-1.61894114,-2.29117592,0.08926392,0.69991208,-0.08392334,3.13730048,-1.56879616,-2.29117592,0.08928130,0.69991208,-0.08384805,3.13844489,-1.57125743,-2.29270180,0.09002686,0.70105649,-0.08354187,-0.00976562,0.00000000,0.00976562,0.00000000,0.01464844,-0.01464844,0.78315735,2.15176586,2.35748291,-0.92773438
8.38599801,2900,3.13730048,-1.61894114,-2.29117592,0.08926392,0.69991208,-0.08392334,3.13730048,-1.56883581,-2.29117592,0.08926961,0.69991208,-0.08383763,3.13844489,-1.57125743,-2.29270180,0.09002686,0.70105649,-0.08354187,-0.00488281,-0.00488281,0.00976562,0.00000000,0.01464844,-0.01464844,0.77896118,2.14431085,2.34756470,-0.78125000
8.40002823,2905,3.13730048,-1.61894114,-2.29117592,0.08926392,0.69991208,-0.08354187,3.13730048,-1.56873893,-2.29117592,0.08926578,0.69991208,-0.08363879,3.13844489,-1.57125743,-2.29270180,0.09002686,0.70105649,-0.08354187,-0.00976562,0.00000000,0.00488281,-0.01464844,0.01464844,-0.01464844,0.77362061,2.13463704,2.33650208,-0.85449219
8.41273594,2910,3.13730048,-1.61932261,-2.29117592,0.08926392,0.69991208,-0.08392334,3.13730048,-1.56882304,-2.29117592,0.08926453,0.69991208,-0.08375978,3.13844489,-1.57125743,-2.29270180,0.09002686,0.70105649,-0.08354187,0.00000000,0.00000000,0.00488281,-0.01464844,0.01464844,0.00000000,0.77171326,2.12772762,2.32696533,-0.83007812
8.42607784,2915,3.13730048,-1.61932261,-2.29117592,0.08926392,0.69991208,-0.08354187,3.13730048,-1.56882081,-2.29117592,0.08926412,0.69997311,-0.08366210,3.13844489,-1.57125743,-2.29270180,0.09002686,0.70105649,-0.08354187,-0.00976562,0.00000000,0.00488281,-0.02929688,0.01464844,-0.01464844,0.76713562,2.11987761,2.31666565,-0.78125000
8.44187164,2920,3.13730048,-1.61932261,-2.29117592,0.08888245,0.69991208,-0.08354187,3.13730048,-1.56884010,-2.29117592,0.08918769,0.69993208,-0.08362033,3.13844489,-1.57125743,-2.29270180,0.09002686,0.70105649,-0.08354187,-0.00976562,-0.00488281,0.00976562,-0.01464844,0.01464844,-0.01464844,0.76141357,2.11034657,2.30293274,-0.92773438
8.45521903,2925,3.13730048,-1.61894114,-2.29117592,0.08888245,0.69991208,-0.08354187,3.13730048,-1.56881114,-2.29117592,0.08902153,0.69991863,-0.08360664,3.13844489,-1.57125743,-2.29270180,0.09002686,0.70105649,-0.08354187,-0.00488281,0.00000000,0.00488281,-0.01464844,0.01464844,-0.01464844,0.75721741,2.10052544,2.29225159,-0.70800781
8.46923184,2930,3.13730048,-1.61894114,-2.29117592,0.08888245,0.70029355,-0.08354187,3.13730048,-1.56870937,-2.29117592,0.08902031,0.69999052,-0.08362413,3.13844489,-1.57125743,-2.29270180,0.09002686,0.70105649,-0.08392334,-0.00488281,-0.00488281,0.00488281,-0.01464844,0.01464844,-0.01464844,0.75645447,2.09543372,2.28195190,-0.75683594
8.48394656,2935,3.13730048,-1.61932261,-2.29117592,0.08888245,0.70029355,-0.08354187,3.13730048,-1.56884460,-2.29117592,0.08892762,0.70019425,-0.08356883,3.13844489,-1.57087596,-2.29270180,0.09002686,0.70105649,-0.08354187,-0.00488281,0.00000000,0.00488281,-0.01464844,-0.00000000,-0.01464844,0.75263977,2.09121497,2.26821899,-1.00097656
8.49712586,2940,3.13730048,-1.61932261,-2.29117592,0.08888245,0.70029355,-0.08354187,3.13730048,-1.56881811,-2.29117592,0.08889725,0.70026101,-0.08355070,3.13844489,-1.57087596,-2.29270180,0.09002686,0.70105649,-0.08354187,-0.00488281,0.00000000,0.00488281,-0.01464844,0.02929688,-0.01464844,0.74577332,2.08056646,2.25982666,-0.68359375
8.51112390,2945,3.13730048,-1.61894114,-2.29117592,0.08888245,0.70029355,-0.08354187,3.13730048,-1.56880394,-2.29117592,0.08888730,0.70028288,-0.08354476,3.13844489,-1.57087596,-2.29232033,0.09002686,0.70105649,-0.08354187,-0.00488281,0.00000000,0.00488281,-0.01464844,0.01464844,0.00000000,0.74005127,2.06928541,2.24876404,-0.85449219
8.52350807,2950,3.13730048,-1.61932261,-2.29117592,0.08888245,0.70029355,-0.08354187,3.13730048,-1.56879551,-2.29117592,0.08888404,0.70029005,-0.08354282,3.13844489,-1.57087596,-2.29232033,0.09002686,0.70105649,-0.08392334,-0.00976562,-0.00488281,0.00488281,-0.02929688,0.02929688,-0.02929688,0.73471069,2.05776608,2.23999023,-0.95214844
8.53618455,2955,3.13730048,-1.61932261,-2.29117592,0.08888245,0.70029355,-0.08354187,3.13730048,-1.56891189,-2.29117592,0.08888297,0.70029240,-0.08358124,3.13844489,-1.57087596,-2.29232033,0.09002686,0.70105649,-0.08392334,-0.00488281,0.00000000,-0.00000000,-0.01464844,-0.00000000,-0.01464844,0.72860718,2.04640256,2.22663879,-0.85449219
8.54970908,2960,3.13730048,-1.61894114,-2.29117592,0.08888245,0.70029355,-0.08354187,3.13730048,-1.56880342,-2.29117592,0.08882158,0.70029317,-0.08355477,3.13844489,-1.57087596,-2.29232033,0.09002686,0.70067502,-0.08354187,-0.00976562,-0.00488281,0.00488281,-0.01464844,-0.00000000,0.00000000,0.72059631,2.03273340,2.22053528,-0.61035156
8.56413174,2965,3.13730048,-1.61932261,-2.29117592,0.08888245,0.70029355,-0.08354187,3.13730048,-1.56881438,-2.29117592,0.08878242,0.70029342,-0.08354610,3.13806342,-1.57087596,-2.29232033,0.09002686,0.70105649,-0.08392334,-0.00488281,-0.00488281,0.00488281,-0.01464844,0.01464844,0.00000000,0.71830750,2.02241103,2.20565796,-0.97656250
8.57961440,2970,3.13730048,-1.61894114,-2.29117592,0.08850098,0.70029355,-0.08392334,3.13730048,-1.56879295,-2.29117592,0.08873431,0.70025444,-0.08361955,3.13806342,-1.57087596,-2.29232033,0.09002686,0.70105649,-0.08392334,0.00000000,-0.00488281,0.00488281,0.00000000,0.01464844,-0.01464844,0.71258545,2.01249857,2.19192505,-0.85449219
8.59538484,2975,3.13730048,-1.61894114,-2.29117592,0.08888245,0.70029355,-0.08354187,3.13730048,-1.56865458,-2.29117592,0.08872404,0.70028073,-0.08356732,3.13806342,-1.57087596,-2.29232033,0.09002686,0.70105649,-0.08354187,-0.00488281,-0.00488281,0.00976562,-0.02929688,0.01464844,0.00000000,0.70686340,2.00095578,2.18353271,-0.58593750
8.61137462,2980,3.13730048,-1.61932261,-2.29117592,0.08888245,0.70029355,-0.08354187,3.13730048,-1.56875584,-2.29117592,0.08878171,0.70028935,-0.08355021,3.13806342,-1.57087596,-2.29232033,0.08964539,0.70105649,-0.08392334,-0.00488281,-0.00488281,0.00976562,0.00000000,-0.00000000,-0.01464844,0.70037842,1.98980991,2.16674805,-1.02539062
8.62535048,2985,3.13730048,-1.61894114,-2.29117592,0.08888245,0.70029355,-0.08354187,3.13730048,-1.56867367,-2.29117592,0.08884944,0.70029217,-0.08354460,3.13806342,-1.57087596,-2.29232033,0.08964539,0.70105649,-0.08392334,-0.00488281,-0.00976562,0.01464844,-0.02929688,0.01464844,-0.02929688,0.69465637,1.97758951,2.15492249,-0.78125000
8.64069414,2990,3.13730048,-1.61932261,-2.29117592,0.08888245,0.70029355,-0.08354187,3.13730048,-1.56877186,-2.29117592,0.08887163,0.70029310,-0.08360380,3.13806342,-1.57087596,-2.29193886,0.08964539,0.70105649,-0.08392334,-0.00488281,-0.00488281,0.00976562,-0.02929688,0.01464844,-0.01464844,0.68664551,1.96392962,2.14614868,-0.65917969
8.65516210,2995,3.13730048,-1.61932261,-2.29117592,0.08888245,0.69991208,-0.08392334,3.13730048,-1.56877279,-2.29117592,0.08887890,0.70021710,-0.08363846,3.13806342,-1.57087596,-2.29193886,0.08964539,0.70067502,-0.08354187,-0.00488281,-0.00488281,0.00976562,-0.01464844,0.01464844,-0.01464844,0.68168640,1.95144646,2.13279724,-0.95214844
8.67046762,3000,3.13730048,-1.61894114,-2.29117592,0.08888245,0.70029355,-0.08392334,3.13730048,-1.56875784,-2.29117592,0.08888128,0.70026850,-0.08372013,3.13806342,-1.57087596,-2.29193886,0.08964539,0.70105649,-0.08392334,-0.00488281,0.00000000,0.00488281,-0.01464844,0.01464844,-0.02929688,0.67672729,1.94225906,2.12173462,-0.78125000
8.68546581,3005,3.13730048,-1.61932261,-2.29117592,0.08888245,0.70029355,-0.08354187,3.13730048,-1.56882923,-2.29117592,0.08888207,0.70028534,-0.08371942,3.13806342,-1.57087596,-2.29193886,0.08964539,0.70067502,-0.08392334,-0.00488281,-0.00488281,0.00976562,-0.01464844,-0.00000000,-0.01464844,0.67062378,1.92997021,2.10876465,-0.78125000
8.70193744,3010,3.13730048,-1.61894114,-2.29117592,0.08888245,0.70029355,-0.08354187,3.13730048,-1.56866647,-2.29117592,0.08888232,0.70029086,-0.08368794,3.13806342,-1.57087596,-2.29193886,0.08964539,0.70105649,-0.08392334,-0.00976562,-0.00488281,0.00488281,-0.02929688,0.01464844,-0.01464844,0.66146851,1.91604789,2.09541321,-0.87890625
8.71685386,3015,3.13730048,-1.61932261,-2.29117592,0.08888245,0.70029355,-0.08392334,3.13730048,-1.56878171,-2.29117592,0.08888241,0.70029266,-0.08384620,3.13806342,-1.57087596,-2.29193886,0.08926392,0.70105649,-0.08392334,-0.00976562,-0.00976562,0.00488281,-0.02929688,0.01464844,-0.01464844,0.65422058,1.90077513,2.08396912,-0.78125000
8.72917581,3020,3.13730048,-1.61932261,-2.29117592,0.08850098,0.70029355,-0.08392334,3.13730048,-1.56890737,-2.29117592,0.08874510,0.70029326,-0.08382775,3.13806342,-1.57087596,-2.29193886,0.08926392,0.70105649,-0.08392334,-0.00976562,-0.00488281,0.00488281,-0.01464844,0.01464844,-0.01464844,0.64811707,1.88636431,2.07290649,-0.85449219
8.74453044,3025,3.13730048,-1.61932261,-2.29117592,0.08888245,0.70029355,-0.08392334,3.13730048,-1.56883868,-2.29117592,0.08873734,0.70023242,-0.08385295,3.13806342,-1.57087596,-2.29193886,0.08926392,0.70105649,-0.08392334,-0.00976562,-0.00488281,0.00488281,-0.04394531,0.01464844,0.00000000,0.64392090,1.87434749,2.06298828,-0.73242188
8.75910664,3030,3.13730048,-1.61932261,-2.29117592,0.08888245,0.70029355,-0.08392334,3.13730048,-1.56885572,-2.29117592,0.08883490,0.70018123,-0.08390028,3.13806342,-1.57087596,-2.29193886,0.08926392,0.70067502,-0.08392334,-0.00488281,-0.00488281,0.00488281,0.00000000,0.01464844,-0.02929688,0.64392090,1.86986197,2.05078125,-0.83007812
8.77516747,3035,3.13730048,-1.61894114,-2.29117592,0.08888245,0.70029355,-0.08392334,3.13730048,-1.56880649,-2.29117592,0.08886687,0.70025674,-0.08391578,3.13768195,-1.57087596,-2.29193886,0.08926392,0.70105649,-0.08392334,-0.00976562,-0.00488281,0.00488281,-0.01464844,-0.00000000,-0.01464844,0.64353943,1.86823956,2.03704834,-0.90332031
8.78793502,3040,3.13730048,-1.61932261,-2.29117592,0.08888245,0.70029355,-0.08392334,3.13730048,-1.56885445,-2.29117592,0.08887734,0.70028149,-0.08385983,3.13768195,-1.57087596,-2.29193886,0.08926392,0.70067502,-0.08392334,-0.00976562,-0.00488281,0.00976562,-0.02929688,0.02929688,-0.01464844,0.64086914,1.86551775,2.02941895,-0.61035156
8.80388594,3045,3.13730048,-1.61932261,-2.29117592,0.08888245,0.70029355,-0.08392334,3.13730048,-1.56875103,-2.29117592,0.08888077,0.70028959,-0.08386347,3.13768195,-1.57087596,-2.29193886,0.08926392,0.70105649,-0.08392334,-0.00976562,-0.00488281,-0.00000000,-0.01464844,0.01464844,-0.01464844,0.63476562,1.85780360,2.01416016,-0.92773438
8.81604505,3050,3.13730048,-1.61894114,-2.29117592,0.08888245,0.70029355,-0.08392334,3.13730048,-1.56875998,-2.29117592,0.08888190,0.70029225,-0.08390372,3.13768195,-1.57087596,-2.29193886,0.08888245,0.70067502,-0.08392334,-0.00976562,-0.00488281,0.00488281,-0.02929688,0.01464844,-0.01464844,0.63018799,1.84839985,2.00576782,-1.02539062
8.83094430,3055,3.13730048,-1.61894114,-2.29117592,0.08888245,0.70029355,-0.08392334,3.13730048,-1.56875364,-2.29117592,0.08888227,0.70029312,-0.08391691,3.13768195,-1.57087596,-2.29193886,0.08888245,0.70067502,-0.08392334,-0.00488281,-0.00976562,0.00488281,-0.01464844,0.01464844,-0.02929688,0.62255859,1.83548054,1.99546814,-0.58593750
8.84636974,3060,3.13730048,-1.61932261,-2.29117592,0.08888245,0.70029355,-0.08392334,3.13730048,-1.56889817,-2.29117592,0.08888239,0.70022309,-0.08392123,3.13768195,-1.57087596,-2.29155739,0.08888245,0.70067502,-0.08392334,-0.00488281,0.00000000,0.00488281,-0.01464844,0.01464844,0.00000000,0.61569214,1.82201325,1.97982788,-1.00097656
8.85842180,3065,3.13730048,-1.61932261,-2.29117592,0.08888245,0.70029355,-0.08392334,3.13730048,-1.56885324,-2.29117592,0.08877256,0.70022163,-0.08392265,3.13768195,-1.57087596,-2.29155739,0.08888245,0.70067502,-0.08392334,-0.00488281,-0.00488281,0.00488281,-0.01464844,0.01464844,-0.01464844,0.60997009,1.80872749,1.96914673,-0.92773438
8.87325954,3070,3.13730048,-1.61932261,-2.29117592,0.08888245,0.70029355,-0.08430481,3.13730048,-1.56886977,-2.29117592,0.08884644,0.70026998,-0.08399941,3.13768195,-1.57087596,-2.29155739,0.08888245,0.70067502,-0.08392334,-0.00976562,-0.00488281,0.00488281,-0.01464844,0.01464844,-0.02929688,0.60691833,1.79887010,1.96037292,-0.61035156
8.88769770,3075,3.13730048,-1.61932261,-2.29117592,0.08888245,0.70029355,-0.08392334,3.13730048,-1.56884394,-2.29117592,0.08887065,0.70028582,-0.08401858,3.13768195,-1.57087596,-2.29155739,0.08888245,0.70067502,-0.08392334,-0.00488281,-0.00488281,0.00488281,-0.01464844,-0.00000000,-0.01464844,0.60615540,1.79448916,1.95083618,-0.95214844
8.90147734,3080,3.13730048,-1.61894114,-2.29117592,0.08888245,0.70029355,-0.08392334,3.13730048,-1.56878115,-2.29117592,0.08887858,0.70025195,-0.08398580,3.13768195,-1.57049449,-2.29155739,0.08888245,0.70067502,-0.08392334,-0.00488281,-0.00488281,0.00976562,0.00000000,0.01464844,-0.01464844,0.60119629,1.78843032,1.93634033,-0.83007812
8.91755843,3085,3.13730048,-1.61932261,-2.29117592,0.08888245,0.70029355,-0.08392334,3.13730048,-1.56872701,-2.29117592,0.08882014,0.70017005,-0.08409273,3.13768195,-1.57049449,-2.29155739,0.08850098,0.70067502,-0.08392334,-0.00488281,0.00000000,0.00488281,-0.01464844,0.01464844,-0.02929688,0.59623718,1.77896620,1.92451477,-0.73242188
8.93109727,3090,3.13730048,-1.61932261,-2.29117592,0.08888245,0.70029355,-0.08430481,3.13730048,-1.56879715,-2.29117592,0.08886203,0.70025308,-0.08417428,3.13768195,-1.57049449,-2.29155739,0.08888245,0.70067502,-0.08392334,-0.00976562,0.00000000,0.00488281,-0.02929688,-0.00000000,-0.01464844,0.59432983,1.77282471,1.91192627,-0.97656250
8.94505000,3095,3.13730048,-1.61894114,-2.29117592,0.08888245,0.70029355,-0.08430481,3.13730048,-1.56883613,-2.29117592,0.08887576,0.70028029,-0.08426204,3.13768195,-1.57049449,-2.29155739,0.08850098,0.70067502,-0.08392334,-0.00976562,-0.00488281,0.00488281,-0.01464844,0.01464844,-0.02929688,0.58937073,1.76528859,1.90162659,-0.78125000
8.95832062,3100,3.13730048,-1.61932261,-2.29117592,0.08888245,0.70029355,-0.08430481,3.13730048,-1.56878409,-2.29117592,0.08888025,0.70022817,-0.08429079,3.13768195,-1.57049449,-2.29155739,0.08850098,0.70067502,-0.08392334,-0.00488281,-0.00488281,0.00488281,-0.01464844,0.01464844,-0.01464844,0.58441162,1.75550250,1.89094543,-0.85449219
8.97277546,3105,3.13730048,-1.61894114,-2.29117592,0.08888245,0.70029355,-0.08430481,3.13730048,-1.56870050,-2.29117592,0.08888173,0.70021109,-0.08430022,3.13768195,-1.57049449,-2.29155739,0.08850098,0.70067502,-0.08392334,-0.00488281,-0.00488281,0.00488281,-0.02929688,0.01464844,-0.01464844,0.57868958,1.74602553,1.87988281,-0.85449219
8.98719645,3110,3.13730048,-1.61932261,-2.29117592,0.08888245,0.69991208,-0.08468628,3.13730048,-1.56876161,-2.29117592,0.08888221,0.70010234,-0.08437960,3.13768195,-1.57049449,-2.29155739,0.08850098,0.70067502,-0.08392334,-0.00976562,-0.00488281,-0.00000000,-0.02929688,0.01464844,-0.02929688,0.57334900,1.73566475,1.86996460,-0.75683594
9.00051451,3115,3.13730048,-1.61894114,-2.29117592,0.08888245,0.69991208,-0.08506775,3.13730048,-1.56867556,-2.29117592,0.08888237,0.69997442,-0.08477194,3.13730048,-1.57049449,-2.29155739,0.08850098,0.70067502,-0.08392334,-0.00488281,-0.00488281,0.00488281,-0.01464844,0.01464844,-0.01464844,0.56877136,1.72480000,1.85699463,-0.90332031
9.01287293,3120,3.13730048,-1.61932261,-2.29117592,0.08888245,0.69991208,-0.08621216,3.13730048,-1.56873147,-2.29117592,0.08888242,0.69993251,-0.08552880,3.13730048,-1.57049449,-2.29155739,0.08850098,0.70067502,-0.08392334,-0.00976562,0.00000000,0.00488281,-0.02929688,0.01464844,-0.01464844,0.56610107,1.71786313,1.84669495,-0.78125000
9.02693582,3125,3.13730048,-1.61894114,-2.29117592,0.08888245,0.69991208,-0.08773804,3.13730048,-1.56868326,-2.29117592,0.08888244,0.69991877,-0.08673238,3.13730048,-1.57049449,-2.29155739,0.08850098,0.70067502,-0.08392334,0.00000000,-0.00488281,0.00488281,0.00000000,0.01464844,-0.02929688,0.56037903,1.70872018,1.83639526,-0.80566406
9.04056406,3130,3.13730048,-1.61932261,-2.29117592,0.08888245,0.69991208,-0.08926392,3.13730048,-1.56873399,-2.29117592,0.08888244,0.69991427,-0.08810381,3.13730048,-1.57049449,-2.29155739,0.08850098,0.70067502,-0.08392334,-0.00488281,0.00000000,0.00488281,0.00000000,0.01464844,-0.01464844,0.55694580,1.69950327,1.82647705,-0.85449219
9.05553508,3135,3.13730048,-1.61932261,-2.29117592,0.08888245,0.69991208,-0.09193420,3.13730048,-1.56879944,-2.29117592,0.08888245,0.69991280,-0.09015904,3.13730048,-1.57011302,-2.29155739,0.08850098,0.70067502,-0.08392334,-0.00488281,0.00000000,0.00488281,-0.01464844,0.01464844,-0.01464844,0.55122375,1.68970695,1.81350708,-0.95214844
9.07034874,3140,3.13730048,-1.61932261,-2.29117592,0.08888245,0.69991208,-0.09346008,3.13730048,-1.56876425,-2.29117592,0.08888245,0.69991231,-0.09204783,3.13730048,-1.57011302,-2.29155739,0.08850098,0.70067502,-0.08430481,-0.00488281,0.00488281,0.00976562,-0.02929688,0.01464844,-0.01464844,0.54626465,1.67914899,1.80358887,-0.73242188
9.08394933,3145,3.13730048,-1.61894114,-2.29117592,0.08888245,0.69991208,-0.09498596,3.13730048,-1.56879410,-2.29117592,0.08888245,0.69991215,-0.09369263,3.13730048,-1.57011302,-2.29155739,0.08850098,0.70067502,-0.08430481,-0.00488281,0.00976562,0.00488281,-0.01464844,-0.00000000,-0.02929688,0.54168701,1.66961221,1.78985596,-0.92773438
9.09839773,3150,3.13730048,-1.61894114,-2.29117592,0.08888245,0.69991208,-0.09536743,3.13730048,-1.56874285,-2.29117592,0.08888245,0.69991210,-0.09474832,3.13730048,-1.57011302,-2.29155739,0.08850098,0.70067502,-0.08506775,-0.00488281,0.00000000,0.00976562,-0.01464844,0.01464844,-0.04394531,0.53710938,1.66166396,1.77764893,-0.97656250
9.11541581,3155,3.13730048,-1.61932261,-2.29117592,0.08888245,0.69991208,-0.09536743,3.13730048,-1.56882432,-2.29117592,0.08888245,0.69991208,-0.09516456,3.13730048,-1.57011302,-2.29155739,0.08850098,0.70067502,-0.08621216,-0.00488281,0.00000000,0.00488281,-0.01464844,0.01464844,-0.10253906,0.53443909,1.65465445,1.76734924,-0.63476562
9.12902069,3160,3.13730048,-1.61932261,-2.29117592,0.08888245,0.69991208,-0.09536743,3.13730048,-1.56874115,-2.29117592,0.08888245,0.69991208,-0.09530096,3.13730048,-1.56973155,-2.29155739,0.08850098,0.70067502,-0.08659363,-0.00488281,0.00000000,0.00976562,-0.02929688,0.01464844,-0.02929688,0.53253174,1.64828213,1.75476074,-1.02539062
9.14390945,3165,3.13730048,-1.61932261,-2.29117592,0.08888245,0.69991208,-0.09498596,3.13730048,-1.56877493,-2.29117592,0.08888245,0.69991208,-0.09520832,3.13730048,-1.56973155,-2.29155739,0.08850098,0.70067502,-0.08697510,-0.00976562,-0.00976562,0.00488281,-0.01464844,-0.00000000,-0.02929688,0.53253174,1.64600655,1.74140930,-0.75683594
9.15762663,3170,3.13730048,-1.61894114,-2.29117592,0.08888245,0.69991208,-0.09536743,3.13730048,-1.56869750,-2.29117592,0.08888245,0.69991208,-0.09526647,3.13730048,-1.56973155,-2.29155739,0.08850098,0.70067502,-0.08697510,-0.00976562,-0.00488281,0.00488281,0.00000000,0.02929688,-0.02929688,0.53253174,1.64526089,1.73416138,-0.48828125
9.17141747,3175,3.13730048,-1.61894114,-2.29117592,0.08888245,0.69991208,-0.09536743,3.13730048,-1.56876442,-2.29117592,0.08888245,0.69991208,-0.09520300,3.13730048,-1.56973155,-2.29155739,0.08850098,0.70067502,-0.08735657,-0.00976562,-0.00488281,0.00488281,-0.02929688,-0.00000000,-0.02929688,0.53253174,1.64479682,1.72348022,-0.85449219
9.18754101,3180,3.13730048,-1.61932261,-2.29117592,0.08926392,0.69991208,-0.09498596,3.13730048,-1.56872152,-2.29117592,0.08906860,0.69991208,-0.09519819,3.13730048,-1.56973155,-2.29155739,0.08850098,0.70067502,-0.08773804,-0.00488281,-0.00488281,0.00976562,-0.01464844,0.01464844,-0.04394531,0.53176880,1.64419896,1.71279907,-0.68359375
9.20127892,3185,3.13730048,-1.61894114,-2.29117592,0.08926392,0.70029355,-0.09498596,3.13730048,-1.56867024,-2.29117592,0.08919992,0.70008847,-0.09508676,3.13730048,-1.56973155,-2.29155739,0.08850098,0.70067502,-0.08811951,-0.00488281,0.00000000,0.00488281,-0.02929688,0.01464844,-0.02929688,0.53138733,1.64336804,1.70516968,-0.53710938
9.21418238,3190,3.13730048,-1.61932261,-2.29117592,0.08926392,0.69991208,-0.09498596,3.13730048,-1.56887084,-2.29117592,0.08924294,0.70006216,-0.09512885,3.13730048,-1.56973155,-2.29155739,0.08850098,0.70067502,-0.08850098,-0.00488281,0.00000000,-0.00000000,-0.01464844,0.02929688,-0.04394531,0.53100586,1.64264532,1.70021057,-0.46386719
9.22710919,3195,3.13730048,-1.61894114,-2.29117592,0.08888245,0.69991208,-0.09498596,3.13730048,-1.56868010,-2.29117592,0.08918075,0.70011018,-0.09503278,3.13730048,-1.56973155,-2.29155739,0.08850098,0.70067502,-0.08926392,-0.00488281,-0.00488281,0.00488281,-0.01464844,0.01464844,-0.07324219,0.52795410,1.64004718,1.69487000,-0.46386719
9.24318480,3200,3.13730048,-1.61894114,-2.29117592,0.08926392,0.69991208,-0.09498596,3.13730048,-1.56866643,-2.29117592,0.08918784,0.69997699,-0.09509359,3.13730048,-1.56973155,-2.29155739,0.08850098,0.70067502,-0.09040833,-0.00488281,-0.00488281,0.00488281,-0.01464844,0.01464844,-0.08789062,0.52185059,1.63220753,1.68685913,-0.61035156
9.25780678,3205,3.13730048,-1.61932261,-2.29117592,0.08926392,0.70029355,-0.09498596,3.13730048,-1.56880855,-2.29117592,0.08915110,0.70005847,-0.09513109,3.13730048,-1.56973155,-2.29155739,0.08850098,0.70067502,-0.09078979,0.00000000,-0.00488281,0.00976562,-0.01464844,0.02929688,-0.02929688,0.51994324,1.62453586,1.68113708,-0.31738281
9.27163696,3210,3.13730048,-1.61932261,-2.29117592,0.08888245,0.69991208,-0.09498596,3.13730048,-1.56884585,-2.29117592,0.08900954,0.69999130,-0.09515266,3.13730048,-1.56973155,-2.29155739,0.08850098,0.70029355,-0.09117126,-0.00488281,-0.00488281,0.00488281,-0.02929688,0.01464844,-0.05859375,0.51536560,1.61687161,1.67579651,-0.34179688
9.28516746,3215,3.13730048,-1.61932261,-2.29117592,0.08888245,0.70029355,-0.09498596,3.13730048,-1.56881852,-2.29117592,0.08896315,0.70014568,-0.09507965,3.13730048,-1.56973155,-2.29155739,0.08850098,0.70029355,-0.09117126,-0.00488281,-0.00488281,0.00488281,-0.02929688,0.01464844,-0.04394531,0.50849915,1.60618783,1.67083740,-0.34179688
9.29760599,3220,3.13730048,-1.61932261,-2.29117592,0.08888245,0.69991208,-0.09498596,3.13730048,-1.56891943,-2.29117592,0.08899678,0.70005894,-0.09501666,3.13730048,-1.56973155,-2.29155739,0.08850098,0.70067502,-0.09155273,-0.00488281,-0.00488281,0.00976562,-0.01464844,0.01464844,-0.04394531,0.50430298,1.59556026,1.66625977,-0.51269531
9.31229210,3225,3.13730048,-1.61894114,-2.29117592,0.08888245,0.69991208,-0.09498596,3.13730048,-1.56876634,-2.29117592,0.08903905,0.70003051,-0.09499602,3.13730048,-1.56973155,-2.29155739,0.08850098,0.70067502,-0.09193420,-0.00976562,-0.00488281,0.00488281,-0.01464844,0.01464844,-0.04394531,0.49781799,1.58387835,1.65710449,-0.41503906
9.32601118,3230,3.13730048,-1.61894114,-2.29117592,0.08888245,0.70029355,-0.09498596,3.13730048,-1.56882603,-2.29117592,0.08893376,0.70007601,-0.09498926,3.13730048,-1.56973155,-2.29155739,0.08850098,0.70067502,-0.09231567,0.00000000,-0.00488281,0.00976562,-0.01464844,0.02929688,-0.04394531,0.49362183,1.57341493,1.65443420,-0.43945312
9.33895040,3235,3.13730048,-1.61932261,-2.29117592,0.08888245,0.69991208,-0.09498596,3.13730048,-1.56879054,-2.29117592,0.08893832,0.69996579,-0.09498704,3.13730048,-1.56973155,-2.29155739,0.08850098,0.70067502,-0.09384155,-0.00488281,-0.00488281,0.00488281,-0.01464844,0.01464844,-0.13183594,0.48828125,1.56507172,1.64375305,-0.43945312
9.35701084,3240,3.13730048,-1.61932261,-2.29117592,0.08888245,0.70029355,-0.09498596,3.13730048,-1.56873008,-2.29117592,0.08893201,0.70003722,-0.09498632,3.13730048,-1.56973155,-2.29155739,0.08850098,0.70067502,-0.09460449,-0.00488281,-0.00488281,0.00488281,-0.01464844,0.01464844,0.01464844,0.48294067,1.55387639,1.63269043,-0.68359375
9.37045312,3245,3.13730048,-1.61894114,-2.29117592,0.08888245,0.70029355,-0.09498596,3.13730048,-1.56878290,-2.29117592,0.08892994,0.70007821,-0.09498608,3.13730048,-1.56973155,-2.29155739,0.08850098,0.70029355,-0.09498596,-0.00488281,-0.00488281,0.00488281,0.00000000,0.01464844,0.00000000,0.47950745,1.54583462,1.62391663,-0.73242188
9.38422728,3250,3.13730048,-1.61894114,-2.29117592,0.08888245,0.69991208,-0.09498596,3.13730048,-1.56877043,-2.29117592,0.08889801,0.70001534,-0.09498600,3.13730048,-1.56973155,-2.29155739,0.08850098,0.70067502,-0.09498596,-0.00488281,0.00000000,0.00976562,-0.01464844,0.01464844,-0.02929688,0.47607422,1.53802737,1.61743164,-0.39062500
9.39896417,3255,3.13730048,-1.61932261,-2.29117592,0.08926392,0.69991208,-0.09498596,3.13730048,-1.56885484,-2.29117592,0.08900290,0.70000695,-0.09498597,3.13730048,-1.56973155,-2.29155739,0.08850098,0.70067502,-0.09498596,-0.00488281,0.00000000,0.00488281,-0.02929688,0.01464844,-0.01464844,0.47073364,1.52908969,1.60827637,-0.65917969
9.41381097,3260,3.13730048,-1.61894114,-2.29117592,0.08888245,0.69991208,-0.09498596,3.13730048,-1.56871392,-2.29117592,0.08896098,0.70000420,-0.09498597,3.13730048,-1.56973155,-2.29155739,0.08850098,0.70067502,-0.09498596,-0.00488281,0.00000000,0.00488281,-0.01464844,0.01464844,-0.01464844,0.46463013,1.51829772,1.60064697,-0.68359375
9.42814207,3265,3.13730048,-1.61932261,-2.29117592,0.08888245,0.69991208,-0.09498596,3.13730048,-1.56879726,-2.29117592,0.08893943,0.70000330,-0.09498596,3.13730048,-1.56935008,-2.29155739,0.08850098,0.70029355,-0.09498596,-0.00488281,0.00000000,0.00488281,-0.01464844,-0.00000000,-0.02929688,0.45852661,1.50616667,1.59111023,-0.80566406
9.44246817,3270,3.13730048,-1.61932261,-2.29117592,0.08888245,0.70029355,-0.09498596,3.13730048,-1.56882018,-2.29117592,0.08896215,0.70011836,-0.09498596,3.13730048,-1.56935008,-2.29155739,0.08850098,0.70029355,-0.09460449,-0.00488281,0.00000000,0.00488281,-0.01464844,-0.00000000,0.00000000,0.45509338,1.49627336,1.58309937,-0.43945312
9.45612884,3275,3.13730048,-1.61932261,-2.29117592,0.08888245,0.70029355,-0.09498596,3.13730048,-1.56881011,-2.29117592,0.08890856,0.70008722,-0.09498596,3.13730048,-1.56935008,-2.29117592,0.08850098,0.70029355,-0.09498596,-0.00488281,-0.00488281,0.00488281,-0.02929688,0.01464844,-0.01464844,0.45127869,1.48798806,1.57508850,-0.70800781
9.47025156,3280,3.13730048,-1.61932261,-2.29117592,0.08926392,0.70029355,-0.09498596,3.13730048,-1.56879753,-2.29117592,0.08914747,0.70014586,-0.09498596,3.13730048,-1.56935008,-2.29117592,0.08850098,0.70029355,-0.09498596,-0.00488281,0.00000000,0.00488281,-0.01464844,0.01464844,-0.02929688,0.44975281,1.48297529,1.56745911,-0.73242188
9.48371601,3285,3.13768195,-1.61932261,-2.29117592,0.08926392,0.70029355,-0.09498596,3.13737677,-1.56877144,-2.29120717,0.08922576,0.70024515,-0.09498596,3.13730048,-1.56935008,-2.29117592,0.08850098,0.70067502,-0.09498596,-0.00488281,0.00000000,0.00976562,-0.01464844,0.01464844,-0.01464844,0.44746399,1.47785955,1.55448914,-0.80566406
9.49678493,3290,3.13730048,-1.61894114,-2.29117592,0.08926392,0.70029355,-0.09498596,3.13732548,-1.56882770,-2.29118616,0.08925141,0.70027769,-0.09498596,3.13730048,-1.56935008,-2.29117592,0.08850098,0.70029355,-0.09498596,-0.00976562,-0.00488281,0.00976562,0.00000000,0.01464844,-0.01464844,0.44708252,1.47550232,1.54953003,-0.26855469
9.51213121,3295,3.13730048,-1.61932261,-2.29117592,0.08926392,0.70029355,-0.09498596,3.13737898,-1.56886140,-2.29117928,0.08925982,0.70028835,-0.09498596,3.13730048,-1.56935008,-2.29117592,0.08850098,0.70029355,-0.09498596,-0.00488281,0.00000000,0.00976562,-0.01464844,-0.00000000,0.00000000,0.44670105,1.47421697,1.54304504,-0.48828125
9.52666974,3300,3.13730048,-1.61894114,-2.29117592,0.08926392,0.70029355,-0.09498596,3.13747513,-1.56878687,-2.29117702,0.08926257,0.70029184,-0.09498596,3.13730048,-1.56935008,-2.29117592,0.08850098,0.70029355,-0.09498596,-0.00976562,0.00488281,0.00488281,-0.01464844,-0.00000000,-0.02929688,0.44670105,1.47355750,1.53427124,-0.56152344
9.54119515,3305,3.13730048,-1.61932261,-2.29117592,0.08964539,0.70029355,-0.09498596,3.13744999,-1.56884802,-2.29117628,0.08951995,0.70029299,-0.09498596,3.13730048,-1.56935008,-2.29117592,0.08850098,0.70029355,-0.09498596,-0.00976562,0.00000000,0.00488281,-0.01464844,0.01464844,-0.01464844,0.44670105,1.47334141,1.52587891,-0.61035156
9.55592823,3310,3.13768195,-1.61932261,-2.29117592,0.08964539,0.70029355,-0.09498596,3.13750584,-1.56892909,-2.29117604,0.08960428,0.70029336,-0.09498596,3.13730048,-1.56935008,-2.29117592,0.08773804,0.70029355,-0.09498596,-0.00976562,-0.00488281,0.00976562,-0.04394531,0.01464844,-0.02929688,0.44670105,1.47327060,1.51939392,-0.29296875
9.56887245,3315,3.13768195,-1.61932261,-2.29117592,0.08964539,0.70029355,-0.09498596,3.13756321,-1.56891660,-2.29117596,0.08963192,0.70029349,-0.09498596,3.13730048,-1.56935008,-2.29117592,0.08773804,0.70029355,-0.09498596,-0.00488281,-0.00488281,0.00976562,-0.01464844,0.02929688,-0.01464844,0.44670105,1.47324739,1.51672363,-0.29296875
9.58498168,3320,3.13768195,-1.61932261,-2.29117592,0.08964539,0.70029355,-0.09498596,3.13764304,-1.56891250,-2.29117593,0.08964097,0.70029353,-0.09498596,3.13730048,-1.56896861,-2.29117592,0.08773804,0.70029355,-0.09498596,-0.00488281,-0.00488281,0.00976562,-0.02929688,0.01464844,-0.01464844,0.44670105,1.47323979,1.51481628,-0.09765625
9.59921193,3325,3.13768195,-1.61894114,-2.29117592,0.08964539,0.70029355,-0.09498596,3.13766920,-1.56884268,-2.29117593,0.08964394,0.70029354,-0.09498596,3.13730048,-1.56896861,-2.29079445,0.08773804,0.70029355,-0.09498596,-0.00976562,-0.00488281,0.00488281,-0.01464844,0.01464844,-0.02929688,0.44670105,1.47323730,1.51329041,-0.14648438
9.61207080,3330,3.13768195,-1.61932261,-2.29117592,0.08964539,0.70029355,-0.09498596,3.13767777,-1.56886631,-2.29121499,0.08964491,0.70029354,-0.09498596,3.13730048,-1.56896861,-2.29079445,0.08773804,0.70029355,-0.09498596,-0.00488281,-0.00488281,0.00976562,0.00000000,0.01464844,0.00000000,0.44670105,1.47329898,1.51023865,-0.26855469
9.62473583,3335,3.13768195,-1.61932261,-2.29155739,0.08964539,0.70029355,-0.09498596,3.13768058,-1.56893509,-2.29126502,0.08964523,0.70029355,-0.09498596,3.13730048,-1.56896861,-2.29079445,0.08773804,0.70029355,-0.09498596,-0.00488281,0.00000000,0.00488281,-0.02929688,0.01464844,-0.02929688,0.44670105,1.47337876,1.50909424,-0.14648438
9.63766289,3340,3.13768195,-1.61932261,-2.29117592,0.08964539,0.70029355,-0.09498596,3.13768150,-1.56895762,-2.29128519,0.08964533,0.70029355,-0.09498596,3.13730048,-1.56896861,-2.29079445,0.08773804,0.70029355,-0.09498596,0.00000000,-0.00488281,0.00488281,-0.01464844,-0.00000000,-0.01464844,0.44670105,1.47328284,1.50527954,-0.39062500
9.65237045,3345,3.13768195,-1.61894114,-2.29155739,0.08964539,0.70029355,-0.09498596,3.13768180,-1.56882768,-2.29134906,0.08964537,0.70029355,-0.09498596,3.13730048,-1.56896861,-2.29079445,0.08773804,0.70029355,-0.09498596,-0.00488281,-0.00976562,0.00488281,-0.01464844,-0.00000000,-0.01464844,0.44708252,1.47358856,1.50032043,-0.29296875
9.66721511,3350,3.13768195,-1.61932261,-2.29155739,0.08964539,0.70029355,-0.09498596,3.13768190,-1.56892243,-2.29145787,0.08964538,0.70029355,-0.09498596,3.13730048,-1.56896861,-2.29079445,0.08773804,0.70029355,-0.09498596,0.00000000,-0.00488281,0.00488281,-0.01464844,0.02929688,-0.01464844,0.44708252,1.47386452,1.49307251,-0.63476562
9.67980123,3355,3.13768195,-1.61932261,-2.29155739,0.08964539,0.70029355,-0.09498596,3.13768193,-1.56895348,-2.29152478,0.08964538,0.70029355,-0.09498596,3.13730048,-1.56896861,-2.29079445,0.08773804,0.70029355,-0.09498596,-0.00488281,0.00000000,0.00488281,0.00000000,0.01464844,-0.01464844,0.44708252,1.47395495,1.48925781,-0.29296875
9.69655704,3360,3.13768195,-1.61932261,-2.29155739,0.08964539,0.70029355,-0.09498596,3.13768194,-1.56896365,-2.29154671,0.08964539,0.70029355,-0.09498596,3.13730048,-1.56896861,-2.29079445,0.08773804,0.70029355,-0.09498596,0.00000000,-0.00488281,0.00488281,-0.02929688,0.01464844,-0.02929688,0.44708252,1.47398458,1.48887634,-0.09765625
9.70977402,3365,3.13768195,-1.61932261,-2.29155739,0.08964539,0.70029355,-0.09498596,3.13768195,-1.56896698,-2.29155389,0.08964539,0.70029355,-0.09498596,3.13730048,-1.56896861,-2.29079445,0.08773804,0.70029355,-0.09498596,-0.00488281,-0.00976562,0.00976562,-0.02929688,-0.00000000,-0.01464844,0.44746399,1.47420938,1.48849487,-0.09765625
9.72283554,3370,3.13768195,-1.61932261,-2.29155739,0.08964539,0.70029355,-0.09498596,3.13768195,-1.56896808,-2.29155624,0.08964539,0.70029355,-0.09498596,3.13730048,-1.56896861,-2.29079445,0.08773804,0.70029355,-0.09498596,-0.00488281,-0.00488281,0.00488281,-0.02929688,-0.00000000,-0.01464844,0.44746399,1.47450277,1.48658752,-0.21972656
9.73753262,3375,3.13806342,-1.61932261,-2.29155739,0.08964539,0.70029355,-0.09498596,3.13790717,-1.56896843,-2.29155702,0.08964539,0.70029355,-0.09498596,3.13730048,-1.56896861,-2.29079445,0.08773804,0.70029355,-0.09498596,-0.00488281,-0.00976562,0.00488281,-0.01464844,0.01464844,-0.01464844,0.44746399,1.47467703,1.48315430,-0.12207031
9.75229788,3380,3.13844489,-1.61932261,-2.29155739,0.08964539,0.70029355,-0.09498596,3.13823744,-1.56896855,-2.29155727,0.08964539,0.70029355,-0.09498596,3.13730048,-1.56896861,-2.29079445,0.08773804,0.70029355,-0.09498596,0.00000000,-0.00488281,0.00488281,-0.01464844,-0.00000000,-0.01464844,0.44746399,1.47473413,1.48315430,-0.02441406
9.76691580,3385,3.13920783,-1.61932261,-2.29155739,0.08964539,0.70029355,-0.09498596,3.13881954,-1.56896859,-2.29155735,0.08964539,0.70029355,-0.09498596,3.13730048,-1.56896861,-2.29079445,0.08811951,0.70029355,-0.09498596,-0.00488281,-0.00488281,0.00488281,0.00000000,0.01464844,-0.01464844,0.44746399,1.47475284,1.48277283,-0.04882812
9.78092957,3390,3.13958930,-1.61932261,-2.29155739,0.08964539,0.70029355,-0.09498596,3.13933706,-1.56896860,-2.29155738,0.08964539,0.70029355,-0.09498596,3.13730048,-1.56896861,-2.29079445,0.08811951,0.70029355,-0.09498596,0.00000000,-0.00976562,0.00488281,0.00000000,0.01464844,-0.01464844,0.44746399,1.47475897,1.48124695,-0.19531250
9.79355288,3395,3.13997077,-1.61932261,-2.29155739,0.08964539,0.70029355,-0.09498596,3.13973187,-1.56896861,-2.29155739,0.08964539,0.70029355,-0.09498596,3.13730048,-1.56896861,-2.29079445,0.08811951,0.70029355,-0.09498596,-0.00488281,-0.00488281,0.00488281,0.00000000,0.01464844,-0.04394531,0.44746399,1.47476098,1.47972107,-0.09765625
9.80929661,3400,3.14035224,-1.61932261,-2.29155739,0.08964539,0.70029355,-0.09498596,3.14007864,-1.56896861,-2.29155739,0.08964539,0.70029355,-0.09498596,3.13730048,-1.56896861,-2.29079445,0.08811951,0.70029355,-0.09498596,-0.00488281,-0.00488281,0.00488281,0.00000000,0.01464844,-0.01464844,0.44746399,1.47485930,1.47972107,-0.02441406
9.82328868,3405,3.14035224,-1.61932261,-2.29193886,0.09002686,0.69991208,-0.09498596,3.14026259,-1.56896861,-2.29163368,0.08972168,0.70021725,-0.09498596,3.13730048,-1.56896861,-2.29079445,0.08811951,0.70029355,-0.09498596,-0.00488281,-0.00488281,-0.00000000,0.00000000,0.01464844,-0.01464844,0.44746399,1.47479386,1.47972107,-0.02441406
9.83698416,3410,3.14035224,-1.61970408,-2.29193886,0.09002686,0.70029355,-0.09498596,3.14032286,-1.56910594,-2.29183886,0.08989561,0.70026855,-0.09498596,3.13730048,-1.56896861,-2.29079445,0.08811951,0.70029355,-0.09498596,-0.00488281,-0.00488281,0.00488281,-0.01464844,-0.00000000,-0.02929688,0.44784546,1.47514473,1.47933960,-0.02441406
9.85245299,3415,3.14073371,-1.61970408,-2.29193886,0.09002686,0.70029355,-0.09498596,3.14059908,-1.56927008,-2.29190609,0.08998385,0.70028535,-0.09498596,3.13730048,-1.56896861,-2.29079445,0.08811951,0.70029355,-0.09498596,-0.00488281,-0.00488281,0.00488281,-0.01464844,-0.00000000,-0.01464844,0.44784546,1.47540033,1.47933960,-0.02441406
9.86676812,3420,3.14111518,-1.61970408,-2.29232033,0.09002686,0.70029355,-0.09498596,3.14082692,-1.56932386,-2.29200442,0.09001276,0.70029086,-0.09498596,3.13730048,-1.56896861,-2.29079445,0.08811951,0.70029355,-0.09498596,-0.00488281,-0.00488281,0.00488281,0.00000000,0.01464844,0.00000000,0.44784546,1.47548408,1.47933960,-0.02441406
9.88057733,3425,3.14111518,-1.61970408,-2.29270180,0.09002686,0.70029355,-0.09498596,3.14102072,-1.56934149,-2.29235414,0.09002224,0.70029267,-0.09498596,3.13730048,-1.56896861,-2.29079445,0.08811951,0.70029355,-0.09498596,-0.00488281,-0.00488281,0.00488281,-0.01464844,0.01464844,-0.01464844,0.44784546,1.47560918,1.47895813,-0.04882812
9.89747095,3430,3.14111518,-1.62008555,-2.29346474,0.09002686,0.70105649,-0.09498596,3.14108423,-1.56953342,-2.29303051,0.09002534,0.70062602,-0.09502502,3.13730048,-1.56896861,-2.29079445,0.08811951,0.70029355,-0.09498596,-0.00488281,-0.00488281,0.00488281,-0.01464844,-0.00000000,-0.01464844,0.44784546,1.47581521,1.47895813,-0.02441406
9.91367078,3435,3.14111518,-1.62008555,-2.29422768,0.09002686,0.70143796,-0.09498596,3.14110503,-1.56966663,-2.29376508,0.09002636,0.70105276,-0.09503782,3.13730048,-1.56896861,-2.29079445,0.08850098,0.70029355,-0.09498596,-0.00488281,-0.00488281,0.00488281,-0.02929688,0.02929688,-0.01464844,0.44822693,1.47613297,1.47895813,-0.02441406
9.92850184,3440,3.14149665,-1.62008555,-2.29575356,0.09002686,0.70181943,-0.09498596,3.14118815,-1.56971027,-2.29491252,0.09002669,0.70138803,-0.09505178,3.13730048,-1.56896861,-2.29079445,0.08850098,0.70029355,-0.09498596,-0.00488281,-0.00488281,0.00488281,-0.01464844,-0.00000000,0.00000000,0.44822693,1.47623709,1.47895813,-0.02441406
9.94408631,3445,3.14149665,-1.62008555,-2.29613503,0.09002686,0.70258236,-0.09536743,3.14139556,-1.56972458,-2.29561530,0.09002680,0.70201083,-0.09508382,3.13730048,-1.56896861,-2.29079445,0.08850098,0.70029355,-0.09498596,0.00000000,-0.00488281,0.00488281,0.00000000,0.02929688,-0.01464844,0.44822693,1.47627121,1.47857666,-0.04882812
9.96099281,3450,3.14149665,-1.62046702,-2.29727944,0.09002686,0.70258236,-0.09536743,3.14146352,-1.56991542,-2.29643482,0.09002684,0.70221491,-0.09513339,3.13730048,-1.56896861,-2.29079445,0.08850098,0.70067502,-0.09498596,0.00000000,-0.00488281,0.00976562,-0.01464844,0.01464844,-0.01464844,0.44860840,1.47665471,1.47857666,-0.02441406
9.97274923,3455,-3.14130719,-1.62046702,-2.29804238,0.09002686,0.70334530,-0.09498596,3.14167195,-1.57004827,-2.29733544,0.09015820,0.70278544,-0.09514413,3.13730048,-1.56896861,-2.29079445,0.08850098,0.70029355,-0.09498596,-0.00488281,-0.00488281,0.00488281,-0.01464844,0.02929688,-0.01464844,0.44860840,1.47656064,1.47819519,-0.04882812
9.98648286,3460,-3.14130719,-1.62084849,-2.29880532,0.09002686,0.70410824,-0.09498596,3.14181056,-1.57031702,-2.29813421,0.09010114,0.70349461,-0.09514765,3.13730048,-1.56896861,-2.29079445,0.08888245,0.70067502,-0.09498596,0.00000000,-0.00488281,0.00488281,-0.01464844,0.02929688,-0.01464844,0.44860840,1.47662748,1.47819519,-0.04882812
10.00067210,3465,-3.14130719,-1.62084849,-2.29994973,0.09002686,0.70487118,-0.09498596,3.14185598,-1.57043633,-2.29925326,0.09005120,0.70420868,-0.09521912,3.13730048,-1.56896861,-2.29079445,0.08888245,0.70067502,-0.09498596,-0.00488281,-0.00488281,0.00488281,-0.01464844,0.01464844,-0.01464844,0.44822693,1.47661886,1.47819519,0.00000000
10.01383400,3470,-3.14130719,-1.62084849,-2.30071266,0.09002686,0.70677853,-0.09536743,3.14187086,-1.57047543,-2.30002302,0.09003483,0.70547453,-0.09522655,3.13730048,-1.56896861,-2.29079445,0.08888245,0.70067502,-0.09498596,-0.00488281,0.00000000,0.00488281,0.00000000,0.02929688,-0.01464844,0.44822693,1.47675666,1.47819519,0.00000000
10.02666235,3475,-3.14130719,-1.62122996,-2.30185707,0.09002686,0.70792294,-0.09536743,3.14187574,-1.57071346,-2.30106664,0.09002947,0.70679008,-0.09527244,3.13730048,-1.56896861,-2.29079445,0.08888245,0.70067502,-0.09498596,-0.00488281,-0.00488281,-0.00000000,-0.01464844,0.01464844,-0.01464844,0.44860840,1.47671612,1.47781372,0.00000000
10.04346991,3480,-3.14130719,-1.62161143,-2.30262001,0.09002686,0.70906735,-0.09536743,3.14187734,-1.57104793,-2.30189958,0.09007654,0.70807065,-0.09530505,3.13730048,-1.56896861,-2.29117592,0.08888245,0.70067502,-0.09536743,0.00000000,-0.00976562,-0.00000000,-0.01464844,0.02929688,0.00000000,0.44822693,1.47669088,1.47781372,-0.04882812
10.05868173,3485,-3.14130719,-1.62199290,-2.30300148,0.09002686,0.70944882,-0.09536743,3.14187786,-1.57132611,-2.30252127,0.09012321,0.70891714,-0.09534699,3.13730048,-1.56896861,-2.29117592,0.08926392,0.70067502,-0.09536743,0.00000000,-0.00488281,-0.00000000,0.00000000,0.04394531,-0.02929688,0.44860840,1.47671312,1.47743225,-0.04882812
10.07370019,3490,-3.14130719,-1.62199290,-2.30300148,0.09002686,0.70983029,-0.09536743,3.14187803,-1.57153640,-2.30284413,0.09009749,0.70949982,-0.09536073,3.13768195,-1.56896861,-2.29117592,0.08926392,0.70143796,-0.09536743,0.00000000,-0.00488281,-0.00976562,0.01464844,0.02929688,-0.01464844,0.44860840,1.47670186,1.47743225,-0.02441406
10.08565712,3495,-3.14130719,-1.62237437,-2.30338295,0.09002686,0.70983029,-0.09536743,3.14187809,-1.57179147,-2.30320639,0.09005000,0.70972200,-0.09536524,3.13768195,-1.56896861,-2.29155739,0.08964539,0.70143796,-0.09536743,0.00488281,-0.00488281,-0.00976562,0.01464844,0.04394531,0.00000000,0.44860840,1.47693645,1.47743225,-0.02441406
10.10376549,3500,-3.14130719,-1.62313731,-2.30338295,0.09002686,0.70983029,-0.09536743,3.14187811,-1.57233916,-2.30332510,0.09003444,0.70979481,-0.09536671,3.13768195,-1.56896861,-2.29155739,0.09002686,0.70220089,-0.09536743,0.00000000,-0.00976562,-0.00000000,0.00000000,0.02929688,-0.01464844,0.44860840,1.47701332,1.47705078,-0.07324219
10.11559057,3505,-3.14130719,-1.62351878,-2.30338295,0.09002686,0.70983029,-0.09536743,3.14187811,-1.57286299,-2.30336399,0.09002934,0.70981866,-0.09536720,3.13768195,-1.56896861,-2.29155739,0.09002686,0.70220089,-0.09536743,0.00000000,-0.00488281,-0.00000000,-0.01464844,0.05859375,-0.01464844,0.44860840,1.47703850,1.47552490,-0.21972656
10.12822986,3510,-3.14130719,-1.62390025,-2.30338295,0.09002686,0.70983029,-0.09574890,3.14187812,-1.57320321,-2.30337674,0.09002767,0.70982648,-0.09555351,3.13768195,-1.56896861,-2.29193886,0.09002686,0.70258236,-0.09536743,0.00000000,-0.00488281,-0.00488281,-0.02929688,0.04394531,-0.01464844,0.44860840,1.47704676,1.47285461,-0.14648438
10.14151049,3515,-3.14130719,-1.62390025,-2.30338295,0.09002686,0.70983029,-0.09574890,3.14187812,-1.57343384,-2.30338092,0.09007595,0.70982904,-0.09568488,3.13768195,-1.56896861,-2.29193886,0.09002686,0.70296383,-0.09536743,0.00488281,-0.00488281,-0.00488281,-0.02929688,0.04394531,-0.02929688,0.44860840,1.47704946,1.47285461,-0.02441406
10.15725946,3520,-3.14092572,-1.62504466,-2.30338295,0.09002686,0.70983029,-0.09651184,3.14195441,-1.57402833,-2.30338229,0.09004294,0.70982988,-0.09599037,3.13806342,-1.56896861,-2.29193886,0.09002686,0.70372677,-0.09536743,0.02441406,-0.00488281,-0.00976562,-0.02929688,0.04394531,-0.01464844,0.44860840,1.47705035,1.47323608,0.00000000
10.17017460,3525,-3.14092572,-1.62580760,-2.30338295,0.09040833,0.70983029,-0.09803772,3.14215959,-1.57483617,-2.30338273,0.09017873,0.70983016,-0.09706606,3.13844489,-1.56896861,-2.29232033,0.09002686,0.70410824,-0.09536743,0.00488281,-0.00488281,-0.01464844,-0.02929688,0.05859375,-0.02929688,0.44898987,1.47740342,1.47323608,0.00000000
10.18349242,3530,-3.14092572,-1.62618907,-2.30338295,0.09040833,0.70983029,-0.10108948,3.14222682,-1.57532757,-2.30338288,0.09033309,0.70983025,-0.09911972,3.13844489,-1.56896861,-2.29270180,0.09002686,0.70487118,-0.09536743,-0.00488281,-0.00488281,-0.01464844,-0.02929688,0.07324219,-0.02929688,0.44860840,1.47738606,1.47285461,-0.02441406
10.19730830,3535,-3.14092572,-1.62695201,-2.30338295,0.09040833,0.70983029,-0.10375977,3.14224885,-1.57593122,-2.30338293,0.09038367,0.70983028,-0.10166803,3.13844489,-1.56896861,-2.29270180,0.09002686,0.70639706,-0.09574890,-0.00488281,-0.00488281,-0.01464844,-0.02929688,0.11718750,-0.02929688,0.44860840,1.47716065,1.47323608,0.02441406
10.20963097,3540,-3.14092572,-1.62771495,-2.30338295,0.09040833,0.70983029,-0.10566711,3.14225607,-1.57682214,-2.30338295,0.09040025,0.70983028,-0.10395581,3.13844489,-1.56896861,-2.29308327,0.09002686,0.70716000,-0.09613037,-0.00488281,-0.00488281,-0.01464844,-0.02929688,0.07324219,-0.02929688,0.44860840,1.47708678,1.47323608,-0.02441406
10.22713232,3545,-3.14092572,-1.62885936,-2.30338295,0.09078979,0.70983029,-0.10719299,3.14225843,-1.57770331,-2.30338295,0.09052103,0.70983029,-0.10603067,3.13844489,-1.56896861,-2.29346474,0.09002686,0.70792294,-0.09689331,-0.00488281,-0.00488281,-0.00976562,-0.01464844,0.07324219,-0.07324219,0.44860840,1.47700008,1.47323608,0.00000000
10.24205065,3550,-3.14092572,-1.63000376,-2.30338295,0.09040833,0.70983029,-0.10719299,3.14225921,-1.57873021,-2.30338295,0.09047651,0.70983029,-0.10681212,3.13844489,-1.56896861,-2.29346474,0.09002686,0.70868588,-0.09803772,-0.00488281,-0.00488281,-0.00488281,-0.01464844,0.04394531,-0.11718750,0.44860840,1.47703417,1.47323608,0.00000000
10.25656319,3555,-3.14092572,-1.63152964,-2.30338295,0.09078979,0.70983029,-0.10719299,3.14225946,-1.58009258,-2.30338295,0.09061682,0.70983029,-0.10706819,3.13844489,-1.56896861,-2.29346474,0.09002686,0.70868588,-0.09841919,-0.00488281,-0.00488281,-0.00000000,-0.02929688,0.02929688,-0.02929688,0.44860840,1.47704534,1.47323608,-0.02441406
10.26975751,3560,-3.14092572,-1.63267405,-2.30338295,0.09040833,0.70983029,-0.10719299,3.14225955,-1.58125959,-2.30338295,0.09051571,0.70983029,-0.10715210,3.13844489,-1.56935008,-2.29346474,0.09002686,0.70868588,-0.09880066,-0.00488281,-0.00976562,-0.00000000,-0.01464844,0.01464844,-0.02929688,0.44860840,1.47704900,1.47323608,-0.02441406
10.28501034,3565,-3.14092572,-1.63381846,-2.30338295,0.09040833,0.71021176,-0.10757446,3.14225957,-1.58255251,-2.30338295,0.09051383,0.70996762,-0.10743606,3.13844489,-1.56935008,-2.29384621,0.09002686,0.70868588,-0.09918213,-0.00488281,-0.00976562,-0.00488281,-0.01464844,0.01464844,-0.04394531,0.44860840,1.47705020,1.47361755,-0.02441406
10.29906845,3570,-3.14092572,-1.63572581,-2.30338295,0.09078979,0.71059323,-0.10795593,3.14225958,-1.58399827,-2.30338295,0.09059927,0.71035698,-0.10775433,3.13844489,-1.56935008,-2.29384621,0.09002686,0.70868588,-0.09994507,0.00000000,-0.01464844,-0.00488281,0.00000000,0.02929688,-0.10253906,0.44860840,1.47705059,1.47361755,0.00000000
10.31228924,3575,-3.14092572,-1.63763316,-2.30338295,0.09078979,0.71097470,-0.10948181,3.14225958,-1.58571531,-2.30338295,0.09067853,0.71073322,-0.10854612,3.13844489,-1.56973155,-2.29384621,0.09002686,0.70868588,-0.10261536,0.00000000,-0.01953125,-0.00488281,-0.01464844,0.02929688,-0.21972656,0.44860840,1.47705072,1.47361755,-0.02441406
10.32704186,3580,-3.14092572,-1.63915904,-2.30338295,0.09078979,0.71173764,-0.10986328,3.14225959,-1.58747179,-2.30338295,0.09075334,0.71122834,-0.10936136,3.13844489,-1.56973155,-2.29422768,0.09002686,0.70906735,-0.10337830,-0.00488281,-0.01953125,-0.00976562,0.00000000,0.04394531,-0.05859375,0.44860840,1.47705076,1.47361755,-0.02441406
10.34348512,3585,-3.14054425,-1.64106639,-2.30338295,0.09078979,0.71211911,-0.10986328,3.14239691,-1.58915734,-2.30338295,0.09077785,0.71175691,-0.10969881,3.13844489,-1.57011302,-2.29460915,0.09002686,0.70983029,-0.10337830,0.00000000,-0.01953125,-0.01464844,-0.01464844,0.08789062,-0.02929688,0.44860840,1.47705077,1.47361755,-0.02441406
10.35865855,3590,-3.14054425,-1.64373667,-2.30338295,0.09078979,0.71288205,-0.10986328,3.14256106,-1.59134675,-2.30338295,0.09078588,0.71244305,-0.10980939,3.13882636,-1.57049449,-2.29499062,0.09002686,0.71021176,-0.10337830,-0.00488281,-0.03906250,-0.01464844,-0.01464844,0.04394531,0.00000000,0.44860840,1.47705078,1.47361755,-0.02441406
10.37188745,3595,-3.14016278,-1.64488108,-2.30338295,0.09078979,0.71364499,-0.10986328,3.14280100,-1.59326425,-2.30338295,0.09078851,0.71313200,-0.10984562,3.13882636,-1.57087596,-2.29499062,0.09002686,0.71059323,-0.10375977,0.00000000,-0.02441406,-0.00976562,0.00000000,0.02929688,-0.04394531,0.44860840,1.47705078,1.47361755,-0.02441406
10.38660812,3600,-3.13901837,-1.64678843,-2.30338295,0.09078979,0.71440793,-0.10986328,3.14343761,-1.59489465,-2.30338295,0.09078937,0.71391952,-0.10985749,3.13882636,-1.57125743,-2.29537209,0.09002686,0.71097470,-0.10490417,0.00488281,-0.04882812,-0.00000000,-0.01464844,0.02929688,-0.08789062,0.44860840,1.47705078,1.47399902,-0.02441406
10.40117359,3605,-3.13825543,-1.64869578,-2.30338295,0.09078979,0.71517087,-0.10986328,3.14432175,-1.59687238,-2.30338295,0.09078966,0.71464168,-0.10986139,3.13882636,-1.57202037,-2.29537209,0.09002686,0.71097470,-0.10566711,0.00000000,-0.04394531,-0.00976562,-0.04394531,0.01464844,-0.05859375,0.44860840,1.47705078,1.47361755,-0.02441406
10.41306615,3610,-3.13711102,-1.65098460,-2.30338295,0.09078979,0.71631527,-0.10986328,3.14534962,-1.59899822,-2.30338295,0.09078975,0.71551638,-0.10986266,3.13882636,-1.57240184,-2.29537209,0.09002686,0.71097470,-0.10566711,0.00488281,-0.04394531,-0.00000000,-0.01464844,0.01464844,-0.01464844,0.44860840,1.47705078,1.47399902,-0.02441406
10.42857718,3615,-3.13596661,-1.65289195,-2.30338295,0.09040833,0.71745968,-0.10986328,3.14641678,-1.60103820,-2.30338295,0.09068224,0.71658462,-0.10981425,3.13920783,-1.57278331,-2.29537209,0.09002686,0.71097470,-0.10566711,0.00976562,-0.03417969,-0.00000000,-0.01464844,-0.00000000,-0.04394531,0.44822693,1.47689819,1.47361755,-0.02441406
10.44098449,3620,-3.13520368,-1.65479930,-2.30338295,0.09078979,0.71898556,-0.10948181,3.14734972,-1.60295923,-2.30338295,0.09075455,0.71786826,-0.10977092,3.13920783,-1.57354624,-2.29537209,0.09002686,0.71097470,-0.10566711,0.00488281,-0.04882812,-0.00000000,0.00000000,0.01464844,-0.02929688,0.44822693,1.47664800,1.47399902,-0.04882812
10.45449901,3625,-3.13405927,-1.65708811,-2.30338295,0.09078979,0.72012997,-0.10948181,3.14829349,-1.60496493,-2.30338295,0.09077825,0.71913836,-0.10961561,3.13958930,-1.57392771,-2.29575356,0.09002686,0.71135617,-0.10566711,-0.00488281,-0.03906250,-0.00000000,-0.01464844,0.01464844,-0.01464844,0.44822693,1.47648398,1.47399902,-0.02441406
10.46673203,3630,-3.13329633,-1.65861399,-2.30338295,0.09078979,0.72165585,-0.10948181,3.14911568,-1.60677939,-2.30338295,0.09078601,0.72046129,-0.10955690,3.13958930,-1.57430918,-2.29575356,0.09002686,0.71135617,-0.10566711,0.00488281,-0.05371094,-0.00000000,-0.01464844,0.02929688,-0.02929688,0.44822693,1.47635211,1.47399902,-0.02441406
10.48208189,3635,-3.13177045,-1.66090281,-2.30338295,0.09078979,0.72356320,-0.10948181,3.15034848,-1.60882048,-2.30338295,0.09078855,0.72214589,-0.10950642,3.13958930,-1.57469065,-2.29575356,0.09002686,0.71211911,-0.10604858,0.00488281,-0.02929688,-0.00000000,-0.02929688,0.05859375,-0.01464844,0.44822693,1.47630890,1.47399902,0.00000000
10.49600410,3640,-3.13024457,-1.66281016,-2.30338295,0.09078979,0.72547055,-0.10948181,3.15172949,-1.61077165,-2.30338295,0.09064046,0.72383913,-0.10948987,3.13997077,-1.57545359,-2.29575356,0.09002686,0.71326352,-0.10604858,0.00976562,-0.04882812,-0.00488281,-0.02929688,0.10253906,-0.01464844,0.44822693,1.47629474,1.47399902,-0.02441406
10.51009822,3645,-3.12910016,-1.66509898,-2.30338295,0.09040833,0.72737790,-0.10948181,3.15312379,-1.61292298,-2.30338295,0.09051564,0.72581744,-0.10948445,3.14035224,-1.57621653,-2.29613503,0.09002686,0.71478940,-0.10604858,0.03417969,-0.05371094,-0.01464844,-0.01464844,0.13183594,-0.01464844,0.44822693,1.47629010,1.47399902,-0.02441406
10.52483702,3650,-3.12833722,-1.66700633,-2.30338295,0.09078979,0.72966672,-0.10948181,3.15413268,-1.61504162,-2.30338295,0.09051978,0.72774864,-0.10948268,3.14035224,-1.57659800,-2.29613503,0.09002686,0.71669674,-0.10643005,0.00000000,-0.03417969,-0.00488281,-0.01464844,0.14648438,-0.01464844,0.44822693,1.47628858,1.47399902,-0.04882812
10.53578329,3655,-3.12795575,-1.66853221,-2.30338295,0.09078979,0.73157406,-0.10948181,3.15487013,-1.61675881,-2.30338295,0.09070132,0.72985864,-0.10948210,3.14035224,-1.57774241,-2.29651650,0.09002686,0.71860409,-0.10643005,0.00488281,-0.07324219,-0.00976562,-0.02929688,0.17578125,-0.02929688,0.44822693,1.47622558,1.47399902,-0.02441406
10.55278254,3660,-3.12757428,-1.67120249,-2.30338295,0.09078979,0.73462582,-0.10948181,3.15533700,-1.61892733,-2.30338295,0.09076080,0.73246117,-0.10948190,3.14073371,-1.57850535,-2.29651650,0.09002686,0.71936703,-0.10643005,0.01464844,-0.05859375,-0.00000000,-0.01464844,0.04394531,-0.01464844,0.44822693,1.47626744,1.47399902,-0.02441406
10.56708145,3665,-3.12681134,-1.67272837,-2.30338295,0.09078979,0.73691464,-0.10948181,3.15585400,-1.62096310,-2.30338295,0.09078029,0.73496216,-0.10948184,3.14111518,-1.57926829,-2.29651650,0.09002686,0.71974850,-0.10681152,0.01464844,-0.07324219,0.00488281,-0.01464844,0.04394531,-0.02929688,0.44822693,1.47621866,1.47399902,-0.02441406
10.58150268,3670,-3.12528546,-1.67387278,-2.30338295,0.09078979,0.73844052,-0.10948181,3.15685983,-1.62246063,-2.30338295,0.09078668,0.73700972,-0.10948182,3.14111518,-1.58041270,-2.29651650,0.09002686,0.72012997,-0.10719299,0.01464844,-0.07324219,-0.00000000,-0.01464844,0.02929688,-0.02929688,0.44822693,1.47626517,1.47399902,-0.04882812
10.59528375,3675,-3.12414105,-1.67578013,-2.30338295,0.09078979,0.73996640,-0.10948181,3.15795883,-1.62395342,-2.30338295,0.09078877,0.73856689,-0.10948181,3.14149665,-1.58079417,-2.29689797,0.09002686,0.72051144,-0.10757446,0.00488281,-0.05859375,-0.00976562,-0.01464844,0.04394531,-0.05859375,0.44822693,1.47628041,1.47399902,0.00000000
10.61015773,3680,-3.12299664,-1.67730601,-2.30338295,0.09040833,0.74149228,-0.10948181,3.15917625,-1.62568769,-2.30338295,0.09071317,0.74022070,-0.10948181,3.14149665,-1.58155711,-2.29689797,0.09040833,0.72089291,-0.10871887,0.00976562,-0.05371094,-0.01464844,-0.01464844,0.05859375,-0.10253906,0.44822693,1.47640748,1.47438049,-0.02441406
10.62463880,3685,-3.12223370,-1.67806895,-2.30338295,0.09040833,0.74339963,-0.10948181,3.16015843,-1.62687048,-2.30338295,0.09059611,0.74192729,-0.10948181,-3.14092572,-1.58232005,-2.29727944,0.09002686,0.72165585,-0.10948181,0.03906250,-0.04394531,-0.00976562,-0.02929688,0.05859375,-0.08789062,0.44822693,1.47632704,1.47399902,0.00000000
10.63939428,3690,-3.12185223,-1.67883189,-2.30338295,0.09078979,0.74454403,-0.10948181,3.16091692,-1.62783203,-2.30338295,0.09069508,0.74350494,-0.10948181,-3.14054425,-1.58346446,-2.29727944,0.09002686,0.72280026,-0.10948181,0.01464844,-0.06347656,-0.00000000,-0.02929688,0.08789062,-0.01464844,0.44822693,1.47637881,1.47438049,-0.02441406
10.65431857,3695,-3.12108930,-1.68035777,-2.30338295,0.09078979,0.74606991,-0.10948181,3.16159050,-1.62896156,-2.30338295,0.09075876,0.74500872,-0.10948181,-3.14016278,-1.58422740,-2.29727944,0.09002686,0.72432614,-0.10948181,0.01953125,-0.05371094,0.00488281,-0.01464844,0.11718750,-0.01464844,0.44860840,1.47659231,1.47399902,-0.02441406
10.66614938,3700,-3.12032636,-1.68112071,-2.30338295,0.09078979,0.74721432,-0.10948181,3.16232417,-1.62998574,-2.30338295,0.09077962,0.74624110,-0.10948181,-3.13978131,-1.58499034,-2.29727944,0.09002686,0.72585202,-0.10948181,0.00976562,-0.07812500,-0.00000000,-0.02929688,0.16113281,-0.01464844,0.44860840,1.47675992,1.47438049,-0.02441406
10.68151140,3705,-3.11880048,-1.68188365,-2.30338295,0.09078979,0.74835873,-0.10948181,3.16337903,-1.63087335,-2.30338295,0.09078646,0.74738309,-0.10948181,-3.13978131,-1.58613475,-2.29727944,0.09040833,0.72775937,-0.10948181,0.01464844,-0.06835938,0.00488281,-0.01464844,0.13183594,-0.01464844,0.44860840,1.47687735,1.47438049,0.00000000
10.69662404,3710,-3.11727460,-1.68302806,-2.30338295,0.09078979,0.74912167,-0.10948181,3.16486042,-1.63183351,-2.30338295,0.09078870,0.74837180,-0.10948181,-3.13901837,-1.58689769,-2.29727944,0.09040833,0.72966672,-0.10948181,0.03417969,-0.07324219,0.00488281,0.00000000,0.10253906,-0.01464844,0.44860840,1.47699395,1.47438049,0.00000000
10.70998526,3715,-3.11613019,-1.68379100,-2.30338295,0.09040833,0.75026608,-0.10948181,3.16626565,-1.63284125,-2.30338295,0.09071314,0.74939487,-0.10952087,-3.13863690,-1.58766062,-2.29727944,0.09040833,0.73081112,-0.10948181,0.02929688,-0.07812500,-0.00000000,-0.01464844,0.11718750,-0.01464844,0.44860840,1.47703216,1.47438049,-0.02441406
10.72440696,3720,-3.11536725,-1.68417247,-2.30338295,0.09078979,0.75255490,-0.10948181,3.16723905,-1.63342794,-2.30338295,0.09072562,0.75087733,-0.10953367,-3.13825543,-1.58842356,-2.29727944,0.09002686,0.73271847,-0.10948181,0.03417969,-0.06835938,-0.00000000,-0.01464844,0.16113281,-0.01464844,0.44898987,1.47719727,1.47438049,-0.02441406
10.73812318,3725,-3.11460431,-1.68531687,-2.30338295,0.09078979,0.75369931,-0.10948181,3.16802213,-1.63424848,-2.30338295,0.09076876,0.75259296,-0.10949881,-3.13787396,-1.58956797,-2.29766091,0.09040833,0.73424435,-0.10948181,0.00976562,-0.08300781,-0.00488281,-0.02929688,0.13183594,-0.01464844,0.44975281,1.47821475,1.47438049,-0.04882812
10.75246477,3730,-3.11384137,-1.68607981,-2.30338295,0.09117126,0.75408078,-0.10948181,3.16866032,-1.63512258,-2.30338295,0.09085920,0.75359325,-0.10948738,-3.13749249,-1.59033091,-2.29766091,0.09040833,0.73691464,-0.10948181,0.02929688,-0.06835938,-0.00976562,0.00000000,0.16113281,-0.01464844,0.45356750,1.48270099,1.47438049,0.02441406
10.76588202,3735,-3.11193402,-1.68607981,-2.30338295,0.09117126,0.75522519,-0.10948181,3.16991351,-1.63552814,-2.30338295,0.09106901,0.75443995,-0.10948364,-3.13711102,-1.59147532,-2.29766091,0.09040833,0.73767758,-0.10948181,0.02929688,-0.08789062,-0.00000000,0.00000000,0.07324219,0.00000000,0.45433044,1.48635805,1.47438049,0.00000000
10.78023791,3740,-3.11002667,-1.68722422,-2.30338295,0.09078979,0.75560666,-0.10948181,3.17181353,-1.63617996,-2.30338295,0.09088129,0.75515404,-0.10948241,-3.13672955,-1.59223826,-2.29804238,0.09040833,0.73882199,-0.10948181,0.03906250,-0.05859375,-0.00488281,-0.01464844,0.10253906,-0.02929688,0.45738220,1.48989331,1.47438049,0.00000000
10.79448891,3745,-3.10850079,-1.68760569,-2.30338295,0.09078979,0.75598813,-0.10948181,3.17341318,-1.63686925,-2.30338295,0.09081978,0.75553464,-0.10948201,-3.13596661,-1.59300120,-2.29804238,0.09040833,0.74072934,-0.10948181,0.02441406,-0.06835938,-0.00488281,-0.01464844,0.17578125,-0.02929688,0.45928955,1.49543383,1.47476196,-0.02441406
10.80810237,3750,-3.10735639,-1.68760569,-2.30338295,0.09078979,0.75675107,-0.10948181,3.17473802,-1.63712637,-2.30338295,0.09079962,0.75614104,-0.10948188,-3.13596661,-1.59376414,-2.29842385,0.09040833,0.74263669,-0.10948181,0.01464844,-0.05859375,-0.00488281,-0.01464844,0.14648438,-0.02929688,0.45928955,1.49743684,1.47476196,-0.02441406
10.82160354,3755,-3.10621198,-1.68798716,-2.30338295,0.09117126,0.75713254,-0.10948181,3.17581020,-1.63728692,-2.30338295,0.09086931,0.75662747,-0.10948183,-3.13558515,-1.59452708,-2.29842385,0.09040833,0.74454403,-0.10948181,0.02929688,-0.07324219,-0.00488281,0.00000000,0.16113281,-0.01464844,0.45928955,1.49809319,1.47514343,0.02441406
10.83414364,3760,-3.10544904,-1.68836863,-2.30338295,0.09078979,0.75713254,-0.10948181,3.17691568,-1.63770586,-2.30338295,0.09084710,0.75696703,-0.10948182,-3.13520368,-1.59529002,-2.29842385,0.09078979,0.74530697,-0.10948181,0.01953125,-0.06347656,-0.00000000,-0.01464844,0.07324219,-0.01464844,0.45928955,1.49830826,1.47552490,0.00000000
10.84953356,3765,-3.10354169,-1.68875010,-2.30338295,0.09078979,0.75751401,-0.10948181,3.17832688,-1.63798975,-2.30338295,0.09080857,0.75733477,-0.10948181,-3.13405927,-1.59643443,-2.29842385,0.09040833,0.74606991,-0.10948181,0.05371094,-0.07812500,0.00488281,-0.02929688,0.07324219,-0.01464844,0.45928955,1.49837874,1.47819519,0.21972656
10.86271000,3770,-3.10201581,-1.68875010,-2.30338295,0.09078979,0.75789547,-0.10948181,3.17990746,-1.63826294,-2.30338295,0.09079595,0.75768049,-0.10948181,-3.13367780,-1.59719737,-2.29842385,0.09040833,0.74645138,-0.10948181,0.02929688,-0.05859375,0.00488281,-0.01464844,0.05859375,-0.01464844,0.45928955,1.49840183,1.48086548,-0.04882812
10.87644219,3775,-3.10048993,-1.68875010,-2.30338295,0.09117126,0.75903988,-0.10948181,3.18135117,-1.63835247,-2.30338295,0.09089936,0.75834395,-0.10948181,-3.13329633,-1.59796031,-2.29880532,0.09040833,0.74683285,-0.10986328,0.02929688,-0.06347656,-0.00488281,0.00000000,0.04394531,-0.01464844,0.45890808,1.49797458,1.48086548,-0.04882812
10.89122343,3780,-3.09896405,-1.68913157,-2.30338295,0.09117126,0.75942135,-0.10948181,3.18299905,-1.63863827,-2.30338295,0.09108217,0.75903706,-0.10948181,-3.13291486,-1.59872325,-2.29880532,0.09040833,0.74683285,-0.10986328,0.03417969,-0.05371094,-0.00976562,-0.01464844,0.02929688,-0.02929688,0.45890808,1.49775646,1.48086548,0.02441406
10.90402150,3785,-3.09705670,-1.68913157,-2.30338295,0.09117126,0.75942135,-0.10948181,3.18468465,-1.63873192,-2.30338295,0.09114207,0.75929543,-0.10948181,-3.13177045,-1.59948619,-2.29918679,0.09078979,0.74721432,-0.10948181,0.04394531,-0.03906250,-0.00488281,0.01464844,0.04394531,0.00000000,0.45852661,1.49723454,1.48239136,0.09765625
10.91776276,3790,-3.09553082,-1.68951304,-2.30338295,0.09117126,0.75980282,-0.10948181,3.18635076,-1.63898783,-2.30338295,0.09116170,0.75960531,-0.10948181,-3.13138898,-1.60024913,-2.29918679,0.09078979,0.74721432,-0.10986328,0.03417969,-0.06835938,-0.00488281,-0.04394531,0.01464844,0.00000000,0.45852661,1.49700102,1.48544312,0.14648438
10.93263221,3795,-3.09438641,-1.68951304,-2.30338295,0.09117126,0.76056576,-0.10948181,3.18777599,-1.63910294,-2.30338295,0.09116813,0.76013190,-0.10948181,-3.13062604,-1.60063060,-2.29918679,0.09078979,0.74759579,-0.10986328,0.03906250,-0.06835938,-0.00000000,0.00000000,0.05859375,-0.02929688,0.45852661,1.49700263,1.48544312,-0.02441406
10.94753313,3800,-3.09247907,-1.68989451,-2.30338295,0.09117126,0.76094723,-0.10948181,3.18929635,-1.63939712,-2.30338295,0.09117024,0.76064881,-0.10948181,-3.12986310,-1.60139353,-2.29918679,0.09078979,0.74835873,-0.10986328,0.04882812,-0.04882812,0.00488281,-0.01464844,0.05859375,-0.01464844,0.45852661,1.49692503,1.48544312,-0.02441406
10.96035790,3805,-3.09057172,-1.69027598,-2.30338295,0.09117126,0.76094723,-0.10948181,3.19099437,-1.63956982,-2.30338295,0.09117093,0.76084945,-0.10948181,-3.12948163,-1.60215647,-2.29918679,0.09078979,0.74950314,-0.10986328,0.04394531,-0.06347656,0.00488281,-0.01464844,0.10253906,-0.01464844,0.45814514,1.49646479,1.48544312,-0.02441406
10.97378612,3810,-3.08904584,-1.69027598,-2.30338295,0.09117126,0.76094723,-0.10948181,3.19274707,-1.63980658,-2.30338295,0.09117115,0.76091519,-0.10948181,-3.12871869,-1.60291941,-2.29918679,0.09078979,0.75141049,-0.10948181,0.04394531,-0.04394531,0.00488281,-0.01464844,0.13183594,0.00000000,0.45814514,1.49601612,1.48582458,-0.02441406
10.98852539,3815,-3.08713849,-1.69027598,-2.30338295,0.09117126,0.76132870,-0.10948181,3.19450364,-1.63988416,-2.30338295,0.09117123,0.76101303,-0.10948181,-3.12833722,-1.60406382,-2.29918679,0.09078979,0.75255490,-0.10948181,0.03906250,-0.06835938,-0.00000000,-0.01464844,0.07324219,-0.01464844,0.45776367,1.49557589,1.48620605,0.00000000
11.00257277,3820,-3.08523114,-1.69027598,-2.30338295,0.09155273,0.76132870,-0.10948181,3.19636158,-1.63990959,-2.30338295,0.09135741,0.76122526,-0.10948181,-3.12719281,-1.60482676,-2.29918679,0.09078979,0.75293637,-0.10986328,0.05371094,-0.05859375,0.00488281,-0.02929688,0.04394531,-0.01464844,0.45738220,1.49498120,1.48696899,0.02441406
11.01718640,3825,-3.08332379,-1.69027598,-2.30338295,0.09155273,0.76132870,-0.10948181,3.19827472,-1.63991792,-2.30338295,0.09148873,0.76129481,-0.10948181,-3.12681134,-1.60558970,-2.29918679,0.09078979,0.75331784,-0.10986328,0.02929688,-0.05371094,0.00488281,-0.02929688,0.04394531,-0.02929688,0.45738220,1.49486445,1.49116516,0.29296875
11.03172636,3830,-3.08179791,-1.69027598,-2.30338295,0.09193420,0.76132870,-0.10948181,3.20003686,-1.63992065,-2.30338295,0.09175698,0.76131760,-0.10948181,-3.12604840,-1.60597117,-2.29956826,0.09078979,0.75369931,-0.10948181,0.04882812,-0.04394531,-0.00000000,-0.01464844,0.05859375,-0.01464844,0.45700073,1.49441091,1.49116516,-0.02441406
11.04668570,3835,-3.08027203,-1.69027598,-2.30338295,0.09384155,0.76132870,-0.10948181,3.20156985,-1.63992154,-2.30338295,0.09257743,0.76132506,-0.10948181,-3.12490399,-1.60673411,-2.29956826,0.09078979,0.75369931,-0.10986328,0.05371094,-0.04394531,0.00488281,-0.01464844,0.02929688,0.00000000,0.45700073,1.49402402,1.49116516,-0.02441406
11.05934477,3840,-3.07874616,-1.69027598,-2.30338295,0.09536743,0.76132870,-0.10948181,3.20322941,-1.63992183,-2.30338295,0.09411336,0.76132751,-0.10948181,-3.12414105,-1.60749705,-2.29956826,0.09078979,0.75408078,-0.10986328,0.04882812,-0.06347656,0.00488281,0.00000000,0.04394531,-0.01464844,0.45700073,1.49389724,1.49116516,-0.02441406
11.07428432,3845,-3.07683881,-1.69027598,-2.30338295,0.09727478,0.76094723,-0.10948181,3.20492421,-1.63992193,-2.30338295,0.09572810,0.76107184,-0.10948181,-3.12337811,-1.60825999,-2.29956826,0.09078979,0.75446225,-0.10986328,0.06347656,-0.04882812,-0.00000000,-0.01464844,0.04394531,-0.01464844,0.45700073,1.49385570,1.49116516,0.00000000
11.08742476,3850,-3.07607587,-1.69027598,-2.30338295,0.09803772,0.76132870,-0.10948181,3.20614290,-1.63992196,-2.30338295,0.09703042,0.76112539,-0.10948181,-3.12261517,-1.60864146,-2.29956826,0.09078979,0.75484372,-0.10986328,0.03417969,-0.04394531,-0.00000000,-0.02929688,0.07324219,-0.01464844,0.45700073,1.49396415,1.49116516,-0.02441406
11.09977674,3855,-3.07531293,-1.69027598,-2.30338295,0.09841919,0.76132870,-0.10948181,3.20705517,-1.63992197,-2.30338295,0.09789380,0.76126208,-0.10948181,-3.12185223,-1.60940440,-2.29956826,0.09078979,0.75522519,-0.10986328,0.05371094,-0.05859375,-0.00000000,0.00000000,0.05859375,-0.01464844,0.45700073,1.49387762,1.49116516,-0.02441406
11.11168742,3860,-3.07531293,-1.69027598,-2.30338295,0.09918213,0.76171017,-0.10948181,3.20760460,-1.63992198,-2.30338295,0.09854854,0.76149303,-0.10948181,-3.12108930,-1.60978587,-2.29956826,0.09117126,0.75560666,-0.10986328,0.06835938,-0.04882812,0.00488281,-0.01464844,0.02929688,-0.02929688,0.45661926,1.49347695,1.49116516,-0.04882812
11.12582040,3865,-3.07454999,-1.69027598,-2.30338295,0.10070801,0.76171017,-0.10948181,3.20811740,-1.63992198,-2.30338295,0.09956973,0.76163902,-0.10948181,-3.12032636,-1.61054881,-2.29956826,0.09117126,0.75636960,-0.10986328,0.05859375,-0.04394531,-0.00000000,-0.01464844,0.02929688,-0.01464844,0.45585632,1.49268014,1.49116516,-0.02441406
11.13860941,3870,-3.07416852,-1.69027598,-2.30338295,0.10147095,0.76171017,-0.10948181,3.20865176,-1.63992198,-2.30338295,0.10077764,0.76168686,-0.10948181,-3.11956342,-1.61093028,-2.29994973,0.09193420,0.75675107,-0.10986328,0.06347656,-0.04882812,-0.00000000,0.02929688,0.04394531,-0.02929688,0.45318604,1.48948861,1.49116516,0.00000000
11.15243030,3875,-3.07340558,-1.69027598,-2.30338295,0.10185242,0.76209164,-0.10948181,3.20933980,-1.63992198,-2.30338295,0.10139037,0.76195900,-0.10948181,-3.11841901,-1.61169322,-2.29994973,0.09193420,0.75713254,-0.10986328,0.05371094,-0.04394531,-0.00488281,0.01464844,0.04394531,-0.01464844,0.45204163,1.48610322,1.49116516,-0.02441406
11.16683626,3880,-3.07264264,-1.69027598,-2.30338295,0.10185242,0.76247311,-0.10948181,3.20993709,-1.63992198,-2.30338295,0.10160092,0.76212447,-0.10948181,-3.11803754,-1.61207469,-2.29994973,0.09269714,0.75789547,-0.10986328,0.04394531,-0.03906250,-0.00000000,0.01464844,0.07324219,-0.01464844,0.45127869,1.48404614,1.49116516,-0.02441406
11.18204904,3885,-3.07187970,-1.69027598,-2.30338295,0.10185242,0.76285458,-0.10948181,3.21075561,-1.63992198,-2.30338295,0.10177001,0.76254503,-0.10948181,-3.11689313,-1.61245616,-2.30033120,0.09422302,0.75903988,-0.10986328,0.04882812,-0.03417969,-0.00488281,0.05859375,0.08789062,0.00000000,0.44784546,1.48056030,1.49116516,-0.02441406
11.19677114,3890,-3.07111676,-1.69027598,-2.30338295,0.10185242,0.76323605,-0.10948181,3.21145815,-1.63992198,-2.30338295,0.10182541,0.76291733,-0.10948181,-3.11613019,-1.61321910,-2.30033120,0.09498596,0.76018429,-0.10948181,0.04882812,-0.05371094,-0.00000000,0.01464844,0.07324219,0.00000000,0.44708252,1.47630918,1.49116516,0.00000000
11.21260214,3895,-3.07073529,-1.69027598,-2.30338295,0.10223389,0.76323605,-0.10948181,3.21200586,-1.63992198,-2.30338295,0.10191986,0.76313161,-0.10948181,-3.11498578,-1.61398204,-2.30033120,0.09498596,0.76056576,-0.10986328,0.05371094,-0.04882812,0.00488281,0.00000000,0.02929688,0.00000000,0.44631958,1.47396842,1.49078369,-0.04882812
11.22596812,3900,-3.07073529,-1.69027598,-2.30338295,0.10261536,0.76361752,-0.10948181,3.21230447,-1.63992198,-2.30338295,0.10226832,0.76345830,-0.10948181,-3.11422284,-1.61436351,-2.30033120,0.09536743,0.76056576,-0.10986328,0.06835938,-0.02929688,0.00488281,0.00000000,0.05859375,-0.02929688,0.44555664,1.47230052,1.49078369,0.00000000
11.24065971,3905,-3.07073529,-1.69027598,-2.30338295,0.10299683,0.76399899,-0.10948181,3.21240232,-1.63992198,-2.30338295,0.10263897,0.76370268,-0.10948181,-3.11345990,-1.61474498,-2.30033120,0.09536743,0.76094723,-0.10986328,0.03906250,-0.04394531,0.00488281,-0.01464844,0.02929688,-0.02929688,0.44364929,1.47008577,1.49078369,-0.04882812
11.25633073,3910,-3.07073529,-1.69027598,-2.30338295,0.10337830,0.76399899,-0.10948181,3.21243439,-1.63992198,-2.30338295,0.10306572,0.76384086,-0.10948181,-3.11231549,-1.61550791,-2.30033120,0.09613037,0.76132870,-0.10986328,0.06347656,-0.03906250,0.00488281,0.02929688,0.02929688,-0.01464844,0.44059753,1.46462273,1.49078369,-0.04882812
11.27054048,3915,-3.07073529,-1.69027598,-2.30338295,0.10452271,0.76361752,-0.10948181,3.21244489,-1.63992198,-2.30338295,0.10379479,0.76369070,-0.10948181,-3.11155255,-1.61588938,-2.30033120,0.09613037,0.76132870,-0.10986328,0.03417969,-0.04394531,-0.00000000,0.00000000,-0.00000000,-0.01464844,0.43640137,1.45864437,1.49040222,-0.02441406
11.28430271,3920,-3.07073529,-1.69027598,-2.30338295,0.10528564,0.76361752,-0.10948181,3.21244834,-1.63992198,-2.30338295,0.10464673,0.76364150,-0.10948181,-3.11117108,-1.61627085,-2.30033120,0.09689331,0.76132870,-0.10986328,0.04882812,-0.03417969,0.00488281,0.04394531,0.05859375,-0.02929688,0.43640137,1.45460531,1.49002075,-0.02441406
11.29813886,3925,-3.07073529,-1.69027598,-2.30338295,0.10566711,0.76361752,-0.10948181,3.21244947,-1.63992198,-2.30338295,0.10533276,0.76362538,-0.10948181,-3.11040814,-1.61665232,-2.30071266,0.09765625,0.76209164,-0.10986328,0.04394531,-0.04394531,-0.00488281,0.02929688,0.05859375,-0.01464844,0.43640137,1.45328179,1.49002075,-0.04882812
11.31228709,3930,-3.07073529,-1.69027598,-2.30338295,0.10604858,0.76361752,-0.10948181,3.21244984,-1.63992198,-2.30338295,0.10574371,0.76362010,-0.10948181,-3.10964520,-1.61703379,-2.30071266,0.09803772,0.76247311,-0.10986328,0.03417969,-0.03417969,-0.00000000,0.02929688,0.04394531,-0.02929688,0.43601990,1.45247578,1.48887634,-0.09765625
11.32407355,3935,-3.07073529,-1.69027598,-2.30338295,0.10643005,0.76361752,-0.10948181,3.21244996,-1.63992198,-2.30338295,0.10608601,0.76361836,-0.10948181,-3.10888226,-1.61779673,-2.30071266,0.09880066,0.76285458,-0.10986328,0.05371094,-0.04394531,-0.00000000,0.05859375,0.02929688,-0.01464844,0.43601990,1.45224682,1.48353577,-0.53710938
11.33928323,3940,-3.07073529,-1.69027598,-2.30338295,0.10757446,0.76361752,-0.10948181,3.21245000,-1.63992198,-2.30338295,0.10683624,0.76361780,-0.10948181,-3.10811932,-1.61817820,-2.30071266,0.09994507,0.76285458,-0.10948181,0.06347656,-0.02929688,-0.00000000,0.08789062,0.02929688,-0.01464844,0.43563843,1.45184343,1.48162842,-0.21972656
11.35447001,3945,-3.07035382,-1.69027598,-2.30338295,0.10910034,0.76323605,-0.10948181,3.21263617,-1.63992198,-2.30338295,0.10789653,0.76340020,-0.10948181,-3.10735639,-1.61855967,-2.30071266,0.10070801,0.76323605,-0.10986328,0.03906250,-0.03906250,-0.00000000,0.05859375,0.04394531,-0.01464844,0.43525696,1.45119831,1.47895813,-0.12207031
11.36815715,3950,-3.07035382,-1.69027598,-2.30338295,0.10986328,0.76361752,-0.10948181,3.21276748,-1.63992198,-2.30338295,0.10906842,0.76336613,-0.10948181,-3.10659345,-1.61894114,-2.30071266,0.10185242,0.76323605,-0.10986328,0.02929688,-0.03417969,-0.00000000,0.05859375,0.01464844,-0.01464844,0.43487549,1.45053647,1.47819519,-0.09765625
11.38313437,3955,-3.07035382,-1.69027598,-2.30338295,0.10986328,0.76323605,-0.10948181,3.21281051,-1.63992198,-2.30338295,0.10960282,0.76327868,-0.10948181,-3.10583051,-1.61932261,-2.30109413,0.10223389,0.76323605,-0.10986328,0.05371094,-0.04394531,0.00488281,0.00000000,0.01464844,-0.01464844,0.43144226,1.44780569,1.47476196,-0.31738281
11.39942932,3960,-3.06997235,-1.69065745,-2.30338295,0.10986328,0.76323605,-0.10948181,3.21308108,-1.64010813,-2.30338295,0.10977793,0.76325002,-0.10948181,-3.10506757,-1.61970408,-2.30109413,0.10223389,0.76323605,-0.10986328,0.05859375,-0.02929688,-0.00000000,-0.01464844,0.02929688,-0.02929688,0.43029785,1.44341013,1.47285461,-0.19531250
11.41406488,3965,-3.06997235,-1.69103892,-2.30338295,0.10986328,0.76323605,-0.10986328,3.21316974,-1.64042560,-2.30338295,0.10983531,0.76324063,-0.10960693,-3.10430463,-1.62008555,-2.30109413,0.10261536,0.76323605,-0.10986328,0.04394531,-0.02929688,-0.00000000,0.01464844,-0.00000000,0.00000000,0.42686462,1.43899787,1.46865845,-0.19531250
11.42673254,3970,-3.06997235,-1.69142039,-2.30338295,0.10986328,0.76323605,-0.10986328,3.21319880,-1.64082516,-2.30338295,0.10985412,0.76323755,-0.10977928,-3.10392316,-1.62084849,-2.30109413,0.10299683,0.76323605,-0.10986328,0.03906250,-0.04882812,0.00488281,0.01464844,0.02929688,-0.01464844,0.42533875,1.43341730,1.46789551,-0.09765625
11.44050407,3975,-3.06997235,-1.69180186,-2.30338295,0.11024475,0.76323605,-0.10986328,3.21320832,-1.64112467,-2.30338295,0.10996782,0.76323654,-0.10983576,-3.10316022,-1.62084849,-2.30109413,0.10337830,0.76323605,-0.10986328,0.04394531,-0.02441406,0.00488281,0.01464844,0.01464844,-0.01464844,0.42495728,1.43109134,1.46408081,-0.39062500
11.45406890,3980,-3.06997235,-1.69256480,-2.30338295,0.10986328,0.76323605,-0.10986328,3.21321143,-1.64170450,-2.30338295,0.10996785,0.76323621,-0.10985426,-3.10277875,-1.62122996,-2.30109413,0.10375977,0.76323605,-0.10986328,0.03417969,-0.03906250,-0.00000000,0.02929688,0.01464844,0.00000000,0.42343140,1.42873835,1.46102905,-0.14648438
11.46628261,3985,-3.06997235,-1.69370921,-2.30338295,0.11024475,0.76323605,-0.10986328,3.21321246,-1.64256381,-2.30338295,0.11010519,0.76323610,-0.10982908,-3.10239728,-1.62161143,-2.30109413,0.10414124,0.76323605,-0.10986328,0.03417969,-0.02441406,0.00488281,0.00000000,0.01464844,-0.01464844,0.42114258,1.42443168,1.45759583,-0.34179688
11.47899079,3990,-3.06997235,-1.69447215,-2.30338295,0.11024475,0.76323605,-0.10986328,3.21321279,-1.64335833,-2.30338295,0.11019902,0.76323607,-0.10985207,-3.10163434,-1.62199290,-2.30109413,0.10452271,0.76323605,-0.10986328,0.04394531,-0.02929688,-0.00000000,0.01464844,0.01464844,-0.01464844,0.42076111,1.42262667,1.45606995,-0.17089844
11.49400592,3995,-3.06997235,-1.69599803,-2.30338295,0.11100769,0.76323605,-0.10986328,3.21321290,-1.64449417,-2.30338295,0.11059231,0.76323606,-0.10985961,-3.10087140,-1.62237437,-2.30109413,0.10490417,0.76323605,-0.10986328,0.03906250,-0.05371094,0.00488281,-0.01464844,0.02929688,-0.01464844,0.42076111,1.42177251,1.45111084,-0.34179688
11.50869417,4000,-3.06997235,-1.69752391,-2.30338295,0.11291504,0.76361752,-0.10986328,3.21321294,-1.64583120,-2.30338295,0.11160412,0.76331235,-0.10986208,-3.10048993,-1.62275584,-2.30109413,0.10528564,0.76323605,-0.10986328,0.03417969,-0.02929688,0.00488281,-0.01464844,0.01464844,-0.01464844,0.42076111,1.42129242,1.44691467,-0.31738281
11.52326703,4005,-3.06997235,-1.69943125,-2.30338295,0.11444092,0.76361752,-0.10986328,3.21321295,-1.64761271,-2.30338295,0.11320276,0.76346869,-0.10986289,-3.09972699,-1.62313731,-2.30109413,0.10566711,0.76323605,-0.10986328,0.03906250,-0.03417969,0.00488281,0.01464844,0.02929688,-0.01464844,0.42037964,1.42118271,1.44538879,-0.17089844
11.53745890,4010,-3.06997235,-1.70133860,-2.30338295,0.11634827,0.76361752,-0.10986328,3.21321295,-1.64936944,-2.30338295,0.11487761,0.76356875,-0.10986315,-3.09896405,-1.62351878,-2.30109413,0.10604858,0.76323605,-0.10986328,0.04882812,-0.02929688,0.00488281,0.00000000,0.02929688,-0.02929688,0.42037964,1.42092704,1.44195557,-0.19531250
11.55509448,4015,-3.06997235,-1.70400889,-2.30338295,0.11749268,0.76361752,-0.10986328,3.21321295,-1.65159927,-2.30338295,0.11653421,0.76360154,-0.10986324,-3.09858258,-1.62428172,-2.30109413,0.10681152,0.76323605,-0.10986328,0.01953125,-0.05371094,0.00976562,0.04394531,0.02929688,-0.02929688,0.41999817,1.42042798,1.44119263,-0.09765625
11.56733227,4020,-3.06997235,-1.70591624,-2.30338295,0.11787415,0.76361752,-0.10986328,3.21321295,-1.65383152,-2.30338295,0.11736476,0.76361228,-0.10986327,-3.09820111,-1.62504466,-2.30109413,0.10795593,0.76323605,-0.10986328,0.03417969,-0.04394531,-0.00000000,0.08789062,-0.00000000,-0.01464844,0.41961670,1.41965385,1.43966675,-0.12207031
11.58022904,4025,-3.06959088,-1.70782359,-2.30338295,0.11863708,0.76399899,-0.10986328,3.21328925,-1.65583752,-2.30338295,0.11806978,0.76375313,-0.10986328,-3.09743817,-1.62542613,-2.30109413,0.10948181,0.76323605,-0.10986328,0.02441406,-0.04882812,0.00488281,0.07324219,0.01464844,-0.01464844,0.41809082,1.41804471,1.43699646,-0.19531250
11.59305501,4030,-3.06959088,-1.71087535,-2.30338295,0.11940002,0.76399899,-0.10986328,3.21349442,-1.65815501,-2.30338295,0.11875270,0.76391843,-0.10986328,-3.09705670,-1.62580760,-2.30109413,0.11024475,0.76323605,-0.10986328,0.04394531,-0.03906250,0.00488281,0.04394531,0.02929688,-0.01464844,0.41503906,1.41382016,1.43661499,-0.09765625
11.60807180,4035,-3.06920941,-1.71392710,-2.30338295,0.12016296,0.76399899,-0.10986328,3.21374781,-1.66113705,-2.30338295,0.11959929,0.76397259,-0.10986328,-3.09667523,-1.62657054,-2.30109413,0.11024475,0.76323605,-0.10986328,0.02441406,-0.04882812,-0.00000000,0.01464844,0.01464844,-0.01464844,0.41389465,1.41031502,1.43432617,-0.24414062
11.62206388,4040,-3.06920941,-1.71659739,-2.30338295,0.12016296,0.76399899,-0.10986328,3.21390116,-1.66406770,-2.30338295,0.11997826,0.76399034,-0.10986328,-3.09629376,-1.62695201,-2.30109413,0.11062622,0.76323605,-0.10986328,0.02929688,-0.05371094,0.00488281,0.01464844,0.01464844,-0.01464844,0.41084290,1.40612739,1.42898560,-0.24414062
11.63705635,4045,-3.06882794,-1.72003062,-2.30338295,0.12054443,0.76438046,-0.10986328,3.21402770,-1.66706818,-2.30338295,0.12023977,0.76407245,-0.10989453,-3.09553082,-1.62771495,-2.30109413,0.11138916,0.76323605,-0.10986328,0.02441406,-0.04394531,0.00976562,0.01464844,-0.00000000,-0.01464844,0.41007996,1.40188165,1.42707825,-0.17089844
11.65024233,4050,-3.06920941,-1.72346385,-2.30338295,0.12092590,0.76476193,-0.10986328,3.21406318,-1.67038646,-2.30338295,0.12052089,0.76435583,-0.10994383,-3.09514935,-1.62847789,-2.30109413,0.11215210,0.76361752,-0.10986328,0.04394531,-0.06835938,0.00488281,0.05859375,0.02929688,0.00000000,0.40969849,1.40009954,1.42631531,-0.07324219
11.66458058,4055,-3.06882794,-1.72689707,-2.30338295,0.12168884,0.76514340,-0.11024475,3.21426097,-1.67364530,-2.30338295,0.12100681,0.76476619,-0.11001480,-3.09476788,-1.62924082,-2.30109413,0.11291504,0.76361752,-0.10986328,0.01464844,-0.06347656,0.00488281,0.01464844,0.02929688,0.00000000,0.40969849,1.39951557,1.42593384,-0.12207031
11.67736411,4060,-3.06882794,-1.73033030,-2.30338295,0.12207031,0.76628781,-0.11024475,3.21432578,-1.67713125,-2.30338295,0.12169058,0.76553872,-0.11013034,-3.09400494,-1.63000376,-2.30109413,0.11291504,0.76361752,-0.10986328,0.03417969,-0.07324219,0.00488281,0.01464844,0.02929688,-0.01464844,0.40931702,1.39895191,1.42326355,-0.24414062
11.69325376,4065,-3.06882794,-1.73376353,-2.30338295,0.12283325,0.76743222,-0.11024475,3.21434701,-1.68073849,-2.30338295,0.12227864,0.76648119,-0.11020726,-3.09362348,-1.63076670,-2.30109413,0.11291504,0.76361752,-0.11024475,0.01953125,-0.07324219,-0.00000000,0.00000000,-0.00000000,-0.02929688,0.40893555,1.39835192,1.41830444,-0.31738281
11.70723891,4070,-3.06882794,-1.73834117,-2.30338295,0.12321472,0.76857663,-0.11024475,3.21435397,-1.68492002,-2.30338295,0.12283768,0.76770054,-0.11023247,-3.09286054,-1.63191111,-2.30147560,0.11367798,0.76361752,-0.11024475,0.04394531,-0.07812500,-0.00488281,0.02929688,-0.00000000,-0.01464844,0.40817261,1.39748979,1.41601562,-0.09765625
11.72201991,4075,-3.06882794,-1.74291880,-2.30338295,0.12321472,0.77048398,-0.11024475,3.21435625,-1.68891669,-2.30338295,0.12309117,0.76896106,-0.11024073,-3.09247907,-1.63267405,-2.30147560,0.11405945,0.76361752,-0.11024475,0.02441406,-0.06835938,0.00488281,0.01464844,0.01464844,-0.01464844,0.40473938,1.39391798,1.41601562,-0.09765625
11.73678422,4080,-3.06882794,-1.74635203,-2.30338295,0.12321472,0.77200985,-0.11024475,3.21435700,-1.69294666,-2.30338295,0.12317424,0.77079012,-0.11024343,-3.09209760,-1.63343699,-2.30147560,0.11444092,0.76399899,-0.11024475,0.02441406,-0.05859375,-0.00000000,0.04394531,0.01464844,-0.01464844,0.40397644,1.39021876,1.41487122,-0.07324219
11.75157499,4085,-3.06882794,-1.75016673,-2.30338295,0.12321472,0.77391720,-0.11024475,3.21435724,-1.69697252,-2.30338295,0.12320146,0.77261078,-0.11024432,-3.09171613,-1.63458140,-2.30147560,0.11520386,0.76438046,-0.11024475,0.01464844,-0.07812500,0.00488281,0.04394531,0.05859375,-0.01464844,0.40359497,1.38843116,1.41029358,-0.41503906
11.76684570,4090,-3.06882794,-1.75359996,-2.30338295,0.12321472,0.77658749,-0.11024475,3.21435733,-1.70051986,-2.30338295,0.12321037,0.77476438,-0.11024461,-3.09133466,-1.63610728,-2.30147560,0.11672974,0.76514340,-0.11024475,0.02441406,-0.10253906,-0.00000000,0.05859375,0.07324219,-0.02929688,0.40245056,1.38642279,1.40876770,-0.07324219
11.78190589,4095,-3.06882794,-1.75703318,-2.30338295,0.12321472,0.77963925,-0.11024475,3.21435735,-1.70394166,-2.30338295,0.12315226,0.77744176,-0.11024470,-3.09095319,-1.63763316,-2.30147560,0.11787415,0.76666928,-0.11024475,0.01953125,-0.09765625,0.00488281,0.02929688,0.11718750,0.00000000,0.40016174,1.38289018,1.40686035,-0.19531250
11.79780865,4100,-3.06882794,-1.76084788,-2.30338295,0.12321472,0.78192807,-0.11024475,3.21435736,-1.70757487,-2.30338295,0.12319425,0.77990672,-0.11024474,-3.09019025,-1.63877757,-2.30147560,0.11825562,0.76819516,-0.11024475,0.03906250,-0.07812500,-0.00000000,0.00000000,0.11718750,0.00000000,0.40016174,1.38105292,1.40571594,-0.04882812
11.81153440,4105,-3.06882794,-1.76351817,-2.30338295,0.12321472,0.78345395,-0.11024475,3.21435736,-1.71080337,-2.30338295,0.12320802,0.78195175,-0.11024475,-3.08980878,-1.64030345,-2.30147560,0.11825562,0.77048398,-0.11024475,0.00976562,-0.12207031,-0.00000000,0.01464844,0.17578125,-0.02929688,0.40016174,1.38045089,1.40495300,-0.09765625
11.82546997,4110,-3.06882794,-1.76656993,-2.30338295,0.12321472,0.78536130,-0.11024475,3.21435736,-1.71392232,-2.30338295,0.12321252,0.78384318,-0.11024475,-3.08942731,-1.64144786,-2.30147560,0.11863708,0.77162839,-0.11024475,0.02441406,-0.10253906,0.00488281,0.01464844,0.08789062,-0.01464844,0.40016174,1.38025362,1.40419006,-0.07324219
11.84115958,4115,-3.06882794,-1.76962168,-2.30338295,0.12321472,0.78726864,-0.11024475,3.21435736,-1.71682422,-2.30338295,0.12321400,0.78574531,-0.11024475,-3.08904584,-1.64297373,-2.30147560,0.11901855,0.77277279,-0.11024475,0.01464844,-0.08789062,0.00488281,0.02929688,0.08789062,-0.02929688,0.39978027,1.38003639,1.40228271,-0.21972656
11.85563755,4120,-3.06844647,-1.77229197,-2.30338295,0.12321472,0.78879452,-0.11024475,3.21443366,-1.71965438,-2.30338295,0.12321449,0.78742573,-0.11024475,-3.08904584,-1.64449961,-2.30147560,0.11978149,0.77353573,-0.11024475,0.01464844,-0.10742188,0.00488281,0.01464844,0.08789062,-0.01464844,0.40016174,1.37999572,1.39923096,-0.19531250
11.87012839,4125,-3.06806500,-1.77419932,-2.30338295,0.12321472,0.78993893,-0.11024475,3.21471513,-1.72207115,-2.30338295,0.12321464,0.78881609,-0.11024475,-3.08828290,-1.64640696,-2.30147560,0.11978149,0.77429867,-0.11024475,0.03417969,-0.10742188,-0.00000000,-0.04394531,0.02929688,-0.02929688,0.39978027,1.37959153,1.39884949,-0.07324219
11.88672328,4130,-3.06692059,-1.77725108,-2.30338295,0.12321472,0.79070187,-0.11024475,3.21545763,-1.72479570,-2.30338295,0.12321470,0.79001363,-0.11024475,-3.08790143,-1.64793284,-2.30147560,0.11978149,0.77429867,-0.11024475,0.01953125,-0.11230469,-0.00000000,-0.01464844,0.04394531,0.00000000,0.39978027,1.37945908,1.39694214,-0.17089844
11.90021443,4135,-3.06577619,-1.77877696,-2.30338295,0.12321472,0.79146481,-0.11024475,3.21654895,-1.72701367,-2.30338295,0.12321471,0.79087015,-0.11024475,-3.08751996,-1.64907725,-2.30147560,0.12016296,0.77429867,-0.11024475,0.02441406,-0.11230469,-0.00000000,0.00000000,0.04394531,-0.01464844,0.39939880,1.37904337,1.39503479,-0.14648438
11.91579390,4140,-3.06386884,-1.78068431,-2.30338295,0.12321472,0.79222775,-0.11024475,3.21800873,-1.72884263,-2.30338295,0.12321472,0.79153240,-0.11024475,-3.08713849,-1.65060313,-2.30185707,0.12016296,0.77506161,-0.11024475,0.01464844,-0.10742188,0.00488281,-0.01464844,0.04394531,-0.01464844,0.39901733,1.37861394,1.39465332,-0.04882812
11.92966366,4145,-3.06234296,-1.78259165,-2.30338295,0.12321472,0.79337216,-0.11024475,3.21958326,-1.73066326,-2.30338295,0.12321472,0.79243874,-0.11024475,-3.08675702,-1.65212901,-2.30185707,0.12054443,0.77620602,-0.11024475,0.02929688,-0.09277344,-0.00488281,0.00000000,0.08789062,-0.01464844,0.39901733,1.37817537,1.39427185,-0.04882812
11.94578075,4150,-3.06043561,-1.78373606,-2.30338295,0.12321472,0.79413510,-0.11024475,3.22127218,-1.73231929,-2.30338295,0.12321472,0.79338978,-0.11024475,-3.08637555,-1.65403636,-2.30185707,0.12054443,0.77811337,-0.11062622,0.02929688,-0.09277344,-0.00000000,-0.02929688,0.13183594,-0.02929688,0.39825439,1.37730363,1.39350891,-0.07324219
11.96165967,4155,-3.05852826,-1.78488047,-2.30338295,0.12321472,0.79527951,-0.10986328,3.22296684,-1.73347265,-2.30338295,0.12321472,0.79432972,-0.11016846,-3.08561261,-1.65556224,-2.30185707,0.12054443,0.77925778,-0.11024475,0.03417969,-0.11230469,0.00488281,-0.01464844,0.10253906,-0.01464844,0.39558411,1.37494986,1.39236450,-0.09765625
11.97661376,4160,-3.05738385,-1.78526194,-2.30338295,0.12321472,0.79604245,-0.11024475,3.22470073,-1.73436731,-2.30338295,0.12317566,0.79529177,-0.11018850,-3.08523114,-1.65746958,-2.30185707,0.12054443,0.78078366,-0.11062622,0.01464844,-0.13671875,0.00488281,-0.01464844,0.11718750,-0.04394531,0.39443970,1.37084679,1.38931274,-0.19531250
11.99214983,4165,-3.05509503,-1.78678782,-2.30338295,0.12321472,0.79756833,-0.11024475,3.22664902,-1.73545735,-2.30338295,0.12320192,0.79652303,-0.11013843,-3.08484967,-1.65899546,-2.30185707,0.12054443,0.78230954,-0.11024475,0.03417969,-0.13183594,0.00488281,0.00000000,0.10253906,-0.01464844,0.39405823,1.36896202,1.38893127,-0.09765625
12.00582767,4170,-3.05318768,-1.78716929,-2.30338295,0.12321472,0.79833127,-0.10986328,3.22849947,-1.73625118,-2.30338295,0.12321053,0.79758835,-0.11009455,-3.08446820,-1.66013987,-2.30185707,0.12092590,0.78269101,-0.11024475,0.01953125,-0.11718750,0.00488281,-0.01464844,0.05859375,-0.01464844,0.39367676,1.36790960,1.38854980,-0.04882812
12.02006340,4175,-3.05128034,-1.78755076,-2.30338295,0.12321472,0.79871274,-0.10986328,3.23031787,-1.73681660,-2.30338295,0.12321335,0.79822516,-0.11003916,-3.08370526,-1.66204722,-2.30185707,0.12092590,0.78307248,-0.11024475,0.04394531,-0.12207031,0.00488281,-0.01464844,0.04394531,-0.02929688,0.39329529,1.36697368,1.38778687,-0.07324219
12.03296137,4180,-3.04937299,-1.78793223,-2.30338295,0.12321472,0.79909421,-0.10986328,3.23229763,-1.73732866,-2.30338295,0.12321427,0.79869030,-0.10992091,-3.08332379,-1.66357310,-2.30185707,0.12092590,0.78421689,-0.11024475,0.02441406,-0.09765625,-0.00000000,-0.01464844,0.07324219,-0.01464844,0.39215088,1.36572681,1.38626099,-0.14648438
12.04742599,4185,-3.04708417,-1.78831370,-2.30338295,0.12321472,0.80062008,-0.10986328,3.23435383,-1.73757274,-2.30338295,0.12321457,0.79961810,-0.10988217,-3.08294232,-1.66471751,-2.30185707,0.12092590,0.78574277,-0.11024475,0.04394531,-0.09765625,-0.00000000,-0.01464844,0.13183594,-0.02929688,0.38909912,1.36199695,1.38397217,-0.19531250
12.06132221,4190,-3.04517682,-1.78831370,-2.30338295,0.12321472,0.80138302,-0.10986328,3.23641786,-1.73783290,-2.30338295,0.12321467,0.80074219,-0.10986947,-3.08217938,-1.66586192,-2.30185707,0.12092590,0.78688717,-0.11024475,0.03906250,-0.11230469,-0.00000000,0.00000000,0.10253906,-0.01464844,0.38909912,1.35933139,1.38359070,-0.09765625
12.07448506,4195,-3.04288800,-1.78869517,-2.30338295,0.12321472,0.80214596,-0.10986328,3.23851388,-1.73810431,-2.30338295,0.12321471,0.80153559,-0.10986531,-3.08141644,-1.66738780,-2.30223854,0.12092590,0.78879452,-0.11024475,0.04882812,-0.08300781,-0.00000000,-0.01464844,0.16113281,-0.01464844,0.38871765,1.35818328,1.38282776,-0.07324219
12.08707261,4200,-3.04098065,-1.78869517,-2.30338295,0.12321472,0.80329037,-0.10986328,3.24059438,-1.73826355,-2.30338295,0.12321472,0.80256497,-0.10986395,-3.08065350,-1.66853221,-2.30223854,0.12092590,0.79032040,-0.11024475,0.03906250,-0.08789062,0.00488281,0.00000000,0.11718750,-0.01464844,0.38871765,1.35756878,1.38092041,-0.14648438
12.10143113,4205,-3.03792890,-1.78869517,-2.30338295,0.12321472,0.80481625,-0.10986328,3.24299731,-1.73831573,-2.30338295,0.12321472,0.80374799,-0.10986350,-3.07989057,-1.67005809,-2.30223854,0.12130737,0.79146481,-0.11062622,0.06347656,-0.11230469,-0.00000000,0.00000000,0.11718750,-0.01464844,0.38833618,1.35711718,1.37825012,-0.19531250
12.11579943,4210,-3.03602155,-1.78869517,-2.30338295,0.12321472,0.80557919,-0.10986328,3.24535856,-1.73833283,-2.30338295,0.12321472,0.80478969,-0.10986335,-3.07912763,-1.67082102,-2.30185707,0.12130737,0.79337216,-0.11024475,0.05371094,-0.08300781,0.00488281,-0.02929688,0.19042969,-0.01464844,0.38833618,1.35670651,1.37786865,-0.07324219
12.12931943,4215,-3.03296979,-1.78869517,-2.30338295,0.12321472,0.80596066,-0.10986328,3.24781393,-1.73833844,-2.30338295,0.12321472,0.80554571,-0.10986330,-3.07836469,-1.67234690,-2.30223854,0.12130737,0.79604245,-0.11062622,0.03417969,-0.08789062,-0.00000000,0.01464844,0.19042969,-0.01464844,0.38757324,1.35590641,1.37710571,-0.09765625
12.14263248,4220,-3.03106244,-1.78869517,-2.30338295,0.12321472,0.80634213,-0.10986328,3.25036668,-1.73834027,-2.30338295,0.12321472,0.80608116,-0.10986329,-3.07798322,-1.67387278,-2.30223854,0.12130737,0.79756833,-0.11062622,0.04394531,-0.11718750,0.00488281,-0.01464844,0.05859375,-0.01464844,0.38681030,1.35463691,1.37634277,-0.09765625
12.15754795,4225,-3.02801068,-1.78869517,-2.30338295,0.12321472,0.80634213,-0.10986328,3.25286771,-1.73834087,-2.30338295,0.12321472,0.80625661,-0.10986328,-3.07683881,-1.67539866,-2.30223854,0.12130737,0.79833127,-0.11062622,0.05859375,-0.11718750,0.00488281,0.00000000,0.05859375,0.00000000,0.38414001,1.35107175,1.37443542,-0.12207031
12.17185640,4230,-3.02534039,-1.78869517,-2.30338295,0.12321472,0.80672360,-0.10986328,3.25553137,-1.73834107,-2.30338295,0.12321472,0.80653933,-0.10986328,-3.07607587,-1.67654307,-2.30223854,0.12130737,0.79871274,-0.11062622,0.05371094,-0.09765625,0.00488281,-0.01464844,0.04394531,-0.02929688,0.38375854,1.34871089,1.37367249,-0.07324219
12.18515110,4235,-3.02343305,-1.78869517,-2.30338295,0.12321472,0.80672360,-0.10948181,3.25792922,-1.73834114,-2.30338295,0.12321472,0.80666322,-0.10978699,-3.07531293,-1.67768748,-2.30223854,0.12168884,0.79871274,-0.11062622,0.05371094,-0.09765625,0.00488281,-0.01464844,0.01464844,-0.02929688,0.38375854,1.34779666,1.37329102,-0.04882812
12.20076680,4240,-3.02152570,-1.78869517,-2.30338295,0.12321472,0.80710507,-0.10986328,3.26014622,-1.73834116,-2.30338295,0.12321472,0.80688997,-0.10979922,-3.07416852,-1.67921336,-2.30223854,0.12168884,0.79833127,-0.11024475,0.06347656,-0.10253906,0.00488281,-0.01464844,-0.01464844,0.00000000,0.38375854,1.34755958,1.37214661,-0.07324219
12.21427131,4245,-3.01809247,-1.78869517,-2.30338295,0.12321472,0.80748654,-0.10986328,3.26287720,-1.73834116,-2.30338295,0.12321472,0.80725981,-0.10975000,-3.07340558,-1.67997630,-2.30223854,0.12168884,0.79833127,-0.11062622,0.06835938,-0.05859375,0.00488281,0.00000000,-0.00000000,0.00000000,0.38375854,1.34741940,1.37023926,-0.17089844
12.22976136,4250,-3.01580365,-1.78869517,-2.30338295,0.12321472,0.80786801,-0.10948181,3.26535437,-1.73834117,-2.30338295,0.12321472,0.80766871,-0.10956969,-3.07226117,-1.68150218,-2.30223854,0.12168884,0.79871274,-0.11024475,0.06347656,-0.08789062,0.00488281,0.00000000,0.02929688,0.00000000,0.38375854,1.34737346,1.36795044,-0.09765625
12.24641061,4255,-3.01313336,-1.78869517,-2.30338295,0.12321472,0.80824948,-0.10948181,3.26784223,-1.73834117,-2.30338295,0.12321472,0.80798886,-0.10951061,-3.07111676,-1.68226512,-2.30223854,0.12168884,0.79871274,-0.11024475,0.07324219,-0.07324219,0.00488281,-0.01464844,0.05859375,-0.01464844,0.38375854,1.34735841,1.36756897,-0.04882812
12.25918937,4260,-3.01084454,-1.78869517,-2.30338295,0.12321472,0.80824948,-0.10948181,3.27036424,-1.73834117,-2.30338295,0.12321472,0.80816408,-0.10949125,-3.06997235,-1.68340953,-2.30223854,0.12207031,0.79909421,-0.11062622,0.05371094,-0.07812500,0.00488281,-0.02929688,0.02929688,-0.02929688,0.38375854,1.34735348,1.36718750,-0.04882812
12.27175260,4265,-3.00893720,-1.78869517,-2.30338295,0.12321472,0.80824948,-0.10948181,3.27250425,-1.73834117,-2.30338295,0.12321472,0.80822150,-0.10948490,-3.06920941,-1.68417247,-2.30223854,0.12207031,0.79947568,-0.11024475,0.07324219,-0.08300781,0.00488281,-0.01464844,0.04394531,-0.01464844,0.38375854,1.34735186,1.36680603,-0.04882812
12.28433800,4270,-3.00702985,-1.78869517,-2.30338295,0.12321472,0.80863095,-0.10948181,3.27437798,-1.73834117,-2.30338295,0.12321472,0.80849678,-0.10948282,-3.06806500,-1.68531687,-2.30223854,0.12207031,0.80062008,-0.11024475,0.08300781,-0.07324219,0.00488281,-0.01464844,0.07324219,-0.01464844,0.38375854,1.34735133,1.36604309,-0.07324219
12.30068922,4275,-3.00435956,-1.78869517,-2.30338295,0.12359619,0.80863095,-0.10948181,3.27686586,-1.73834117,-2.30338295,0.12338330,0.80858698,-0.10942111,-3.06692059,-1.68684275,-2.30223854,0.12207031,0.80100155,-0.11024475,0.07324219,-0.08789062,0.00488281,-0.02929688,0.05859375,-0.01464844,0.38414001,1.34750375,1.36528015,-0.07324219
12.31484556,4280,-3.00245221,-1.78869517,-2.30338295,0.12321472,0.80863095,-0.10948181,3.27906500,-1.73834117,-2.30338295,0.12337006,0.80861654,-0.10940089,-3.06539472,-1.68798716,-2.30223854,0.12207031,0.80138302,-0.11024475,0.07812500,-0.07812500,0.00488281,-0.01464844,0.02929688,0.00000000,0.38375854,1.34747923,1.36413574,-0.07324219
12.33138537,4285,-2.99940045,-1.78869517,-2.30338295,0.12359619,0.80901242,-0.10948181,3.28159470,-1.73834117,-2.30338295,0.12349084,0.80888270,-0.10931418,-3.06425031,-1.68913157,-2.30223854,0.12207031,0.80214596,-0.11024475,0.07324219,-0.06835938,0.00488281,-0.02929688,0.04394531,-0.01464844,0.38414001,1.34776538,1.36299133,-0.07324219
12.34527612,4290,-2.99749310,-1.78869517,-2.30338295,0.12359619,0.80901242,-0.10910034,3.28382951,-1.73834117,-2.30338295,0.12356167,0.80904022,-0.10920947,-3.06310590,-1.68989451,-2.30223854,0.12245178,0.80214596,-0.11024475,0.06835938,-0.08300781,-0.00000000,-0.01464844,0.02929688,0.00000000,0.38414001,1.34773708,1.36260986,-0.04882812
12.36153698,4295,-2.99520429,-1.78869517,-2.30338295,0.12359619,0.80939389,-0.10910034,3.28613970,-1.73834117,-2.30338295,0.12358488,0.80924675,-0.10913610,-3.06196149,-1.69103892,-2.30223854,0.12245178,0.80290890,-0.11024475,0.09277344,-0.05371094,0.00488281,0.00000000,0.07324219,-0.01464844,0.38375854,1.34765334,1.36222839,-0.02441406
12.37524509,4300,-2.99253400,-1.78869517,-2.30338295,0.12359619,0.81015683,-0.10871887,3.28861386,-1.73834117,-2.30338295,0.12359248,0.80967844,-0.10903577,-3.06081708,-1.69180186,-2.30223854,0.12245178,0.80405331,-0.11024475,0.06347656,-0.06835938,0.00488281,-0.01464844,0.10253906,-0.01464844,0.38414001,1.34777849,1.36146545,-0.04882812
12.39055729,4305,-2.99062665,-1.78869517,-2.30338295,0.12359619,0.81015683,-0.10871887,3.29086515,-1.73834117,-2.30338295,0.12359498,0.81000007,-0.10882271,-3.05929120,-1.69294627,-2.30223854,0.12245178,0.80443478,-0.11062622,0.10253906,-0.05371094,0.00488281,0.00000000,0.04394531,-0.04394531,0.38414001,1.34781950,1.36070251,-0.12207031
12.40421438,4310,-2.98871930,-1.78907664,-2.30338295,0.12397766,0.81091977,-0.10871887,3.29306537,-1.73841746,-2.30338295,0.12382101,0.81054809,-0.10875290,-3.05814679,-1.69409068,-2.30223854,0.12245178,0.80481625,-0.11024475,0.08789062,-0.09277344,-0.00000000,0.01464844,0.04394531,-0.01464844,0.38414001,1.34801751,1.35803223,-0.24414062
12.41696000,4315,-2.98643048,-1.78907664,-2.30338295,0.12397766,0.81130124,-0.10833740,3.29520602,-1.73862264,-2.30338295,0.12392633,0.81105444,-0.10850480,-3.05700238,-1.69485362,-2.30223854,0.12245178,0.80519772,-0.11024475,0.07812500,-0.05859375,0.00488281,-0.01464844,0.02929688,-0.01464844,0.38414001,1.34808239,1.35688782,-0.07324219
12.43240547,4320,-2.98414166,-1.78945811,-2.30338295,0.12397766,0.81206418,-0.10795593,3.29745410,-1.73891509,-2.30338295,0.12396084,0.81152188,-0.10816704,-3.05547650,-1.69561656,-2.30223854,0.12283325,0.80519772,-0.11024475,0.09765625,-0.05859375,0.00488281,0.00000000,0.02929688,-0.04394531,0.38414001,1.34800600,1.35650635,-0.04882812
12.44654202,4325,-2.98147138,-1.78983958,-2.30338295,0.12397766,0.81244565,-0.10643005,3.29969649,-1.73922833,-2.30338295,0.12397215,0.81202381,-0.10733907,-3.05433209,-1.69637950,-2.30223854,0.12283325,0.80519772,-0.11024475,0.08300781,-0.07324219,-0.00000000,-0.01464844,0.01464844,-0.01464844,0.38414001,1.34807862,1.35650635,-0.04882812
12.46069741,4330,-2.97880109,-1.79022105,-2.30338295,0.12397766,0.81320859,-0.10452271,3.30234570,-1.73953861,-2.30338295,0.12397586,0.81264018,-0.10566628,-3.05280621,-1.69714244,-2.30223854,0.12321472,0.80557919,-0.11024475,0.09765625,-0.05859375,0.00488281,-0.01464844,0.01464844,-0.01464844,0.38414001,1.34810242,1.35612488,0.00000000
12.47663760,4335,-2.97613080,-1.79060252,-2.30338295,0.12397766,0.81359006,-0.10414124,3.30504033,-1.73998464,-2.30338295,0.12397707,0.81309862,-0.10467221,-3.05128034,-1.69790538,-2.30223854,0.12321472,0.80596066,-0.11024475,0.09277344,-0.06347656,-0.00000000,-0.01464844,0.04394531,-0.01464844,0.38414001,1.34811021,1.35612488,-0.02441406
12.49071598,4340,-2.97346051,-1.79098399,-2.30338295,0.12397766,0.81397152,-0.10375977,3.30760874,-1.74023834,-2.30338295,0.12400872,0.81361518,-0.10412907,-3.04975446,-1.69866831,-2.30223854,0.12321472,0.80634213,-0.11024475,0.09277344,-0.04394531,-0.00000000,0.00000000,0.04394531,-0.01464844,0.38414001,1.34811277,1.35574341,-0.02441406
12.50546098,4345,-2.97117169,-1.79174693,-2.30338295,0.12397766,0.81397152,-0.10223389,3.31023038,-1.74086420,-2.30338295,0.12398784,0.81385476,-0.10322453,-3.04861005,-1.69943125,-2.30223854,0.12359619,0.80672360,-0.11024475,0.10253906,-0.07324219,0.00976562,0.01464844,0.04394531,-0.01464844,0.38414001,1.34811361,1.35574341,-0.04882812
12.51869512,4350,-2.96888287,-1.79250987,-2.30338295,0.12397766,0.81435299,-0.10108948,3.31252816,-1.74166230,-2.30338295,0.12398100,0.81415848,-0.10197854,-3.04746564,-1.70019419,-2.30223854,0.12359619,0.80710507,-0.10986328,0.08789062,-0.06347656,0.00488281,-0.01464844,0.02929688,0.00000000,0.38452148,1.34826647,1.35536194,-0.04882812
12.53146434,4355,-2.96659406,-1.79289134,-2.30338295,0.12435913,0.81511593,-0.10032654,3.31477109,-1.74225060,-2.30338295,0.12409411,0.81468306,-0.10093818,-3.04593976,-1.70095713,-2.30223854,0.12359619,0.80748654,-0.10986328,0.10253906,-0.06347656,0.00488281,-0.02929688,0.05859375,0.00000000,0.38414001,1.34832413,1.35498047,-0.04882812
12.54433179,4360,-2.96430524,-1.79403575,-2.30338295,0.12397766,0.81549740,-0.09918213,3.31707172,-1.74306240,-2.30338295,0.12401582,0.81511142,-0.10005687,-3.04441388,-1.70172007,-2.30223854,0.12359619,0.80786801,-0.10948181,0.09277344,-0.06835938,0.00488281,-0.01464844,0.04394531,0.00000000,0.38414001,1.34826099,1.35459900,-0.02441406
12.55820966,4365,-2.96163495,-1.79518016,-2.30338295,0.12397766,0.81587887,-0.09727478,3.31950956,-1.74409781,-2.30338295,0.12403899,0.81559614,-0.09854823,-3.04326947,-1.70248301,-2.30223854,0.12359619,0.80824948,-0.10948181,0.09277344,-0.05371094,0.00488281,-0.01464844,0.05859375,-0.01464844,0.38414001,1.34822467,1.35421753,-0.04882812
12.57382011,4370,-2.95896466,-1.79632456,-2.30338295,0.12397766,0.81626034,-0.09536743,3.32206461,-1.74507516,-2.30338295,0.12399776,0.81601145,-0.09695171,-3.04136212,-1.70362742,-2.30223854,0.12359619,0.80901242,-0.10948181,0.11230469,-0.06347656,0.00488281,-0.01464844,0.04394531,0.00000000,0.38452148,1.34842493,1.35383606,-0.04882812
12.58623266,4375,-2.95667584,-1.79746897,-2.30338295,0.12397766,0.81664181,-0.09155273,3.32448950,-1.74616483,-2.30338295,0.12398425,0.81625508,-0.09424716,-3.04021771,-1.70439036,-2.30223854,0.12359619,0.80939389,-0.10910034,0.11230469,-0.04882812,0.00488281,0.00000000,0.04394531,-0.01464844,0.38414001,1.34840047,1.35307312,-0.04882812
12.60061145,4380,-2.95438703,-1.79937632,-2.30338295,0.12397766,0.81702328,-0.08811951,3.32695425,-1.74768510,-2.30338295,0.12397982,0.81674031,-0.09070994,-3.03869183,-1.70515330,-2.30223854,0.12359619,0.81015683,-0.10833740,0.09277344,-0.06835938,0.00488281,-0.01464844,0.08789062,0.04394531,0.38414001,1.34828600,1.35307312,-0.02441406
12.61531305,4385,-2.95171674,-1.80128367,-2.30338295,0.12397766,0.81740475,-0.08392334,3.32943024,-1.74937772,-2.30338295,0.12397837,0.81711671,-0.08707588,-3.03678449,-1.70591624,-2.30223854,0.12359619,0.81206418,-0.10604858,0.10253906,-0.05859375,-0.00000000,0.00000000,0.13183594,0.16113281,0.38414001,1.34817037,1.35269165,-0.02441406
12.63115120,4390,-2.94866498,-1.80242808,-2.30338295,0.12397766,0.81816769,-0.07896423,3.33217760,-1.75090880,-2.30338295,0.12397789,0.81767292,-0.08264130,-3.03525861,-1.70667918,-2.30223854,0.12397766,0.81282712,-0.10490417,0.11718750,-0.05859375,0.00488281,0.00000000,0.07324219,0.02929688,0.38414001,1.34813248,1.35269165,-0.02441406
12.64593005,4395,-2.94599469,-1.80395396,-2.30338295,0.12397766,0.81931210,-0.07591248,3.33513340,-1.75243638,-2.30338295,0.12397774,0.81852448,-0.07865107,-3.03335126,-1.70782359,-2.30223854,0.12397766,0.81359006,-0.10414124,0.12207031,-0.07324219,0.00488281,-0.02929688,0.10253906,0.02929688,0.38414001,1.34812007,1.35231018,-0.07324219
12.65931916,4400,-2.94370587,-1.80586131,-2.30338295,0.12397766,0.82045651,-0.07400513,3.33765445,-1.75410014,-2.30338295,0.12397769,0.81957294,-0.07585808,-3.03220685,-1.70820506,-2.30223854,0.12359619,0.81473446,-0.10185242,0.09765625,-0.06347656,0.00488281,-0.02929688,0.11718750,0.17578125,0.38452148,1.34848831,1.35192871,-0.04882812
12.67371154,4405,-2.94065411,-1.80738719,-2.30338295,0.12397766,0.82160092,-0.07324219,3.34040095,-1.75579035,-2.30338295,0.12397767,0.82068590,-0.07431079,-3.03029950,-1.70973094,-2.30223854,0.12359619,0.81626034,-0.10108948,0.10253906,-0.07812500,0.00488281,-0.02929688,0.07324219,0.05859375,0.38414001,1.34835873,1.35192871,-0.04882812
12.68805122,4410,-2.93798383,-1.80891307,-2.30338295,0.12397766,0.82274533,-0.07171631,3.34301614,-1.75718990,-2.30338295,0.12397766,0.82173993,-0.07307721,-3.02839215,-1.71049388,-2.30223854,0.12359619,0.81664181,-0.09841919,0.12207031,-0.07324219,-0.00000000,-0.01464844,0.02929688,0.17578125,0.38414001,1.34839440,1.35192871,-0.04882812
12.70200086,4415,-2.93607648,-1.81005748,-2.30338295,0.12397766,0.82388974,-0.07019043,3.34532780,-1.75851019,-2.30338295,0.12397766,0.82299584,-0.07150600,-3.02724774,-1.71125682,-2.30223854,0.12397766,0.81664181,-0.09574890,0.11718750,-0.07812500,0.00488281,0.00000000,0.01464844,0.21972656,0.38414001,1.34820589,1.35154724,-0.02441406
12.71833062,4420,-2.93340619,-1.81158335,-2.30338295,0.12397766,0.82579709,-0.06713867,3.34768135,-1.75993746,-2.30338295,0.12397766,0.82450027,-0.06956927,-3.02534039,-1.71240123,-2.30223854,0.12397766,0.81664181,-0.09422302,0.11230469,-0.06835938,0.00488281,-0.01464844,0.01464844,0.02929688,0.38414001,1.34832869,1.35154724,0.00000000
12.73224640,4425,-2.93149884,-1.81272776,-2.30338295,0.12397766,0.82732297,-0.06370544,3.34994194,-1.76124487,-2.30338295,0.12392883,0.82603621,-0.06642085,-3.02343305,-1.71316416,-2.30223854,0.12359619,0.81664181,-0.09346008,0.11230469,-0.07324219,0.00488281,-0.01464844,-0.01464844,0.07324219,0.38452148,1.34833695,1.35154724,-0.02441406
12.74661589,4430,-2.92921002,-1.81387217,-2.30338295,0.12397766,0.82884884,-0.05950928,3.35222151,-1.76255255,-2.30338295,0.12396166,0.82764546,-0.06252699,-3.02152570,-1.71430857,-2.30223854,0.12397766,0.81664181,-0.09078979,0.12207031,-0.07812500,0.00488281,0.00000000,0.02929688,0.20507812,0.38414001,1.34834722,1.35154724,0.00000000
12.76170063,4435,-2.92653973,-1.81501658,-2.30338295,0.12359619,0.83113766,-0.05493164,3.35473691,-1.76378171,-2.30338295,0.12389612,0.82955340,-0.05835066,-3.01961835,-1.71545298,-2.30262001,0.12359619,0.81702328,-0.08544922,0.12695312,-0.06835938,0.00488281,-0.01464844,0.02929688,0.27832031,0.38452148,1.34870337,1.35116577,-0.02441406
12.77583146,4440,-2.92425092,-1.81616099,-2.30338295,0.12359619,0.83228207,-0.05111694,3.35701697,-1.76493192,-2.30338295,0.12369447,0.83105737,-0.05424998,-3.01809247,-1.71621592,-2.30262001,0.12359619,0.81816769,-0.08544922,0.12207031,-0.08300781,-0.00000000,-0.01464844,0.10253906,0.00000000,0.38452148,1.34882007,1.35116577,-0.02441406
12.78913569,4445,-2.92234357,-1.81692393,-2.30338295,0.12359619,0.83342648,-0.04882812,3.35914850,-1.76591404,-2.30338295,0.12362840,0.83242947,-0.05107595,-3.01656659,-1.71697886,-2.30262001,0.12359619,0.81969357,-0.08430481,0.10742188,-0.06835938,0.00488281,-0.01464844,0.14648438,0.07324219,0.38452148,1.34885831,1.35116577,-0.02441406
12.80046296,4450,-2.92005475,-1.81730540,-2.30338295,0.12359619,0.83495236,-0.04806519,3.36142484,-1.76654116,-2.30338295,0.12360674,0.83384392,-0.04912207,-3.01504071,-1.71774180,-2.30262001,0.12397766,0.82160092,-0.08201599,0.11718750,-0.06347656,-0.00488281,-0.01464844,0.19042969,0.16113281,0.38452148,1.34887085,1.35154724,0.00000000
12.81620979,4455,-2.91776593,-1.81806834,-2.30338295,0.12359619,0.83609677,-0.04806519,3.36363925,-1.76722835,-2.30338295,0.12359965,0.83516910,-0.04841150,-3.01313336,-1.71888621,-2.30262001,0.12359619,0.82388974,-0.07934570,0.13183594,-0.07812500,0.00488281,-0.02929688,0.19042969,0.19042969,0.38452148,1.34887495,1.35078430,-0.04882812
12.83099508,4460,-2.91547711,-1.81844981,-2.30338295,0.12359619,0.83838559,-0.04768372,3.36570154,-1.76781156,-2.30338295,0.12359732,0.83679938,-0.04799251,-3.01122601,-1.71964915,-2.30262001,0.12359619,0.82541562,-0.07743835,0.12695312,-0.07324219,0.00488281,-0.01464844,0.14648438,0.05859375,0.38452148,1.34865657,1.35078430,-0.02441406
12.84675908,4465,-2.91280682,-1.81844981,-2.30338295,0.12359619,0.83914853,-0.04653931,3.36829467,-1.76800266,-2.30338295,0.12359656,0.83818931,-0.04734606,-3.00931867,-1.72079356,-2.30262001,0.12359619,0.82694150,-0.07514954,0.12207031,-0.05859375,0.00488281,-0.01464844,0.10253906,0.14648438,0.38452148,1.34868267,1.35078430,-0.07324219
12.85895777,4470,-2.91089948,-1.81844981,-2.30338295,0.12359619,0.83991147,-0.04425049,3.37057713,-1.76806528,-2.30338295,0.12359631,0.83909666,-0.04581611,-3.00779279,-1.72155650,-2.30262001,0.12359619,0.82808590,-0.07400513,0.11718750,-0.06347656,0.00488281,-0.02929688,0.07324219,0.08789062,0.38452148,1.34863751,1.35078430,0.00000000
12.87279820,4475,-2.90861066,-1.81844981,-2.30338295,0.12359619,0.84029294,-0.04081726,3.37268369,-1.76808580,-2.30338295,0.12359623,0.83983063,-0.04338448,-3.00626691,-1.72270091,-2.30262001,0.12359619,0.82808590,-0.07133484,0.12207031,-0.08300781,0.00976562,-0.02929688,-0.00000000,0.23437500,0.38452148,1.34872037,1.35078430,-0.02441406
12.88485432,4480,-2.90632184,-1.81844981,-2.30338295,0.12359619,0.84029294,-0.03662109,3.37502265,-1.76809253,-2.30338295,0.12359620,0.84014145,-0.03974064,-3.00435956,-1.72308238,-2.30262001,0.12359619,0.82732297,-0.06866455,0.11718750,-0.05371094,0.00488281,0.00000000,0.01464844,0.14648438,0.38414001,1.34867306,1.35078430,-0.04882812
12.90043211,4485,-2.90365155,-1.81844981,-2.30338295,0.12359619,0.84029294,-0.03280640,3.37739442,-1.76809473,-2.30338295,0.12359620,0.84024330,-0.03596045,-3.00283368,-1.72422679,-2.30262001,0.12359619,0.82732297,-0.06752014,0.12695312,-0.06347656,-0.00000000,-0.02929688,0.01464844,0.02929688,0.38452148,1.34874764,1.35040283,0.00000000
12.91625762,4490,-2.90059979,-1.81844981,-2.30338295,0.12359619,0.84029294,-0.02822876,3.38006077,-1.76809545,-2.30338295,0.12359619,0.84027667,-0.03183796,-3.00016339,-1.72498973,-2.30262001,0.12359619,0.82770443,-0.06484985,0.14160156,-0.05371094,0.00488281,-0.02929688,0.02929688,0.21972656,0.38490295,1.34898717,1.35040283,-0.02441406
12.93121409,4495,-2.89792951,-1.81844981,-2.30338295,0.12321472,0.84029294,-0.02517700,3.38304129,-1.76809569,-2.30338295,0.12337097,0.84028761,-0.02775273,-2.99825604,-1.72613414,-2.30262001,0.12359619,0.82808590,-0.05912781,0.12207031,-0.06347656,0.00976562,0.00000000,0.04394531,0.39550781,0.38490295,1.34924144,1.35040283,-0.02441406
12.94687080,4500,-2.89487775,-1.81844981,-2.30338295,0.12321472,0.84029294,-0.02288818,3.38601843,-1.76809577,-2.30338295,0.12330498,0.84029119,-0.02494411,-2.99634869,-1.72689707,-2.30262001,0.12359619,0.82884884,-0.05760193,0.12695312,-0.04882812,-0.00000000,-0.02929688,0.07324219,0.04394531,0.38452148,1.34923467,1.35002136,-0.04882812
12.96017957,4505,-2.89220746,-1.81844981,-2.30338295,0.12321472,0.84029294,-0.02136230,3.38883126,-1.76809579,-2.30338295,0.12324430,0.84029236,-0.02293687,-2.99482282,-1.72766001,-2.30262001,0.12359619,0.83037472,-0.05683899,0.12695312,-0.07324219,0.00488281,0.00000000,0.13183594,0.07324219,0.38490295,1.34926883,1.35002136,-0.04882812
12.97378492,4510,-2.88877423,-1.81844981,-2.30338295,0.12321472,0.84067441,-0.01907349,3.39189225,-1.76809580,-2.30338295,0.12328545,0.84047891,-0.02095956,-2.99291547,-1.72842295,-2.30262001,0.12359619,0.83113766,-0.05455017,0.11718750,-0.05859375,0.00488281,-0.02929688,0.02929688,0.14648438,0.38452148,1.34900536,1.35002136,-0.04882812
12.98832011,4515,-2.88572247,-1.81844981,-2.30338295,0.12321472,0.84105588,-0.01564026,3.39478688,-1.76809580,-2.30338295,0.12327696,0.84074767,-0.01841405,-2.99062665,-1.72918589,-2.30262001,0.12359619,0.83228207,-0.05149841,0.12695312,-0.06835938,0.00488281,-0.01464844,0.08789062,0.14648438,0.38490295,1.34907162,1.35002136,-0.02441406
13.00356603,4520,-2.88267072,-1.81844981,-2.30338295,0.12321472,0.84143735,-0.01029968,3.39785502,-1.76809580,-2.30338295,0.12323512,0.84103118,-0.01445372,-2.98871930,-1.72994883,-2.30262001,0.12359619,0.83266354,-0.04959106,0.13671875,-0.05859375,0.00488281,-0.02929688,0.04394531,0.16113281,0.38490295,1.34945368,1.34963989,-0.02441406
13.01745033,4525,-2.88000043,-1.81844981,-2.30338295,0.12321472,0.84181881,-0.00610352,3.40093595,-1.76809581,-2.30338295,0.12322140,0.84138055,-0.00977428,-2.98719342,-1.73033030,-2.30262001,0.12359619,0.83342648,-0.04806519,0.14648438,-0.03906250,0.00488281,-0.01464844,0.02929688,0.08789062,0.38490295,1.34937868,1.34963989,-0.02441406
13.03122044,4530,-2.87694867,-1.81844981,-2.30338295,0.12283325,0.84181881,-0.00076294,3.40394063,-1.76809581,-2.30338295,0.12296044,0.84163614,-0.00456587,-2.98490460,-1.73109324,-2.30262001,0.12359619,0.83342648,-0.04425049,0.13671875,-0.05371094,0.00488281,-0.01464844,0.01464844,0.30761719,0.38490295,1.34955430,1.34925842,-0.04882812
13.04499984,4535,-2.87351544,-1.81844981,-2.30338295,0.12283325,0.84181881,0.00381470,3.40721438,-1.76809581,-2.30338295,0.12287493,0.84175896,0.00037129,-2.98299725,-1.73185618,-2.30262001,0.12359619,0.83342648,-0.04081726,0.14160156,-0.05859375,0.00488281,-0.01464844,0.02929688,0.21972656,0.38490295,1.34961185,1.34887695,-0.04882812
13.05976057,4540,-2.87008222,-1.81844981,-2.30338295,0.12283325,0.84220028,0.00724792,3.41047377,-1.76809581,-2.30338295,0.12284691,0.84198536,0.00429488,-2.98108991,-1.73223765,-2.30262001,0.12359619,0.83380795,-0.03890991,0.14648438,-0.04882812,0.00488281,-0.01464844,0.05859375,0.14648438,0.38528442,1.34990536,1.34849548,-0.04882812
13.07431698,4545,-2.86664899,-1.81844981,-2.30338295,0.12283325,0.84258175,0.00991821,3.41396722,-1.76809581,-2.30338295,0.12283773,0.84226719,0.00746325,-2.97841962,-1.73338206,-2.30262001,0.12359619,0.83418942,-0.03242493,0.14160156,-0.05859375,0.00976562,-0.01464844,0.04394531,0.43945312,0.38490295,1.34978938,1.34696960,-0.12207031
13.08848047,4550,-2.86321576,-1.81844981,-2.30338295,0.12283325,0.84258175,0.01449585,3.41736110,-1.76809581,-2.30338295,0.12280347,0.84247868,0.01118799,-2.97689374,-1.73376353,-2.30262001,0.12359619,0.83457089,-0.03013611,0.13671875,-0.04394531,-0.00000000,0.00000000,0.02929688,0.10253906,0.38490295,1.34986466,1.34658813,-0.07324219
13.10320067,4555,-2.85940106,-1.81844981,-2.30338295,0.12283325,0.84296322,0.01945496,3.42105012,-1.76809581,-2.30338295,0.12282349,0.84280445,0.01581733,-2.97498639,-1.73452647,-2.30262001,0.12359619,0.83533383,-0.02937317,0.14648438,-0.05859375,0.00976562,-0.01464844,0.07324219,0.05859375,0.38490295,1.34995183,1.34620667,-0.02441406
13.11796689,4560,-2.85596784,-1.81844981,-2.30338295,0.12283325,0.84334469,0.02441406,3.42461403,-1.76809581,-2.30338295,0.12283005,0.84304853,0.02066251,-2.97231610,-1.73567088,-2.30262001,0.12321472,0.83609677,-0.02479553,0.14648438,-0.06347656,0.00488281,-0.01464844,0.08789062,0.26367188,0.38528442,1.35025505,1.34620667,-0.02441406
13.13204265,4565,-2.85139020,-1.81844981,-2.30338295,0.12283325,0.84334469,0.03051758,3.42851330,-1.76809581,-2.30338295,0.12283220,0.84324765,0.02591962,-2.97040875,-1.73605235,-2.30262001,0.12321472,0.83724118,-0.02288818,0.14160156,-0.04882812,0.00976562,-0.01464844,0.10253906,0.16113281,0.38528442,1.35035441,1.34620667,-0.04882812
13.14457655,4570,-2.84833844,-1.81844981,-2.30338295,0.12283325,0.84410763,0.03280640,3.43214453,-1.76809581,-2.30338295,0.12283291,0.84370669,0.03016107,-2.96850140,-1.73681529,-2.30262001,0.12321472,0.83876706,-0.01983643,0.15136719,-0.05859375,0.00488281,-0.02929688,0.13183594,0.24902344,0.38528442,1.35038696,1.34658813,0.00000000
13.15981722,4575,-2.84414227,-1.81844981,-2.30338295,0.12245178,0.84487057,0.03814697,3.43608087,-1.76809581,-2.30338295,0.12275685,0.84433880,0.03459021,-2.96621259,-1.73719676,-2.30262001,0.12321472,0.83953000,-0.01487732,0.14648438,-0.05859375,0.00488281,-0.01464844,0.07324219,0.30761719,0.38566589,1.35084807,1.34658813,-0.02441406
13.17528415,4580,-2.83880170,-1.81844981,-2.30338295,0.12245178,0.84563351,0.04577637,3.44067127,-1.76809581,-2.30338295,0.12273192,0.84509012,0.04062749,-2.96316083,-1.73795970,-2.30262001,0.12321472,0.84143735,-0.01029968,0.15625000,-0.03906250,-0.00000000,0.00000000,0.11718750,0.33691406,0.38604736,1.35121426,1.34658813,-0.02441406
13.19130182,4585,-2.83498700,-1.81844981,-2.30338295,0.12245178,0.84639645,0.05187988,3.44473087,-1.76809581,-2.30338295,0.12254358,0.84581800,0.04665266,-2.96087201,-1.73834117,-2.30262001,0.12321472,0.84220028,-0.00457764,0.16601562,-0.05859375,0.00488281,-0.02929688,0.08789062,0.30761719,0.38757324,1.35284694,1.34658813,-0.02441406
13.20751214,4590,-2.83002789,-1.81844981,-2.30338295,0.12245178,0.84677792,0.05874634,3.44938741,-1.76809581,-2.30338295,0.12248186,0.84634423,0.05355399,-2.95820172,-1.73910411,-2.30262001,0.12321472,0.84258175,-0.00305176,0.15625000,-0.06347656,0.00976562,-0.01464844,0.01464844,0.07324219,0.38986206,1.35703380,1.34658813,-0.04882812
13.22046781,4595,-2.82545026,-1.81844981,-2.30338295,0.12245178,0.84754086,0.06370544,3.45406659,-1.76809581,-2.30338295,0.12246164,0.84707844,0.05940685,-2.95591290,-1.73986705,-2.30262001,0.12321472,0.84258175,0.00152588,0.16601562,-0.05371094,0.00488281,0.00000000,0.01464844,0.32226562,0.38986206,1.35873094,1.34620667,-0.02441406
13.23578048,4600,-2.82163556,-1.81844981,-2.30338295,0.12168884,0.84792233,0.06904602,3.45835694,-1.76809581,-2.30338295,0.12212225,0.84752666,0.06493531,-2.95400556,-1.74062998,-2.30262001,0.12283325,0.84296322,0.00457764,0.15625000,-0.06835938,0.00488281,-0.02929688,0.02929688,0.21972656,0.38986206,1.35928706,1.34658813,0.00000000
13.24949861,4605,-2.81667645,-1.81844981,-2.30338295,0.12054443,0.84868527,0.07553101,3.46297924,-1.76809581,-2.30338295,0.12125091,0.84818648,0.07089202,-2.95133527,-1.74101145,-2.30262001,0.12283325,0.84258175,0.01068115,0.16113281,-0.05371094,0.00488281,-0.01464844,-0.00000000,0.41015625,0.39024353,1.35971953,1.34658813,-0.04882812
13.26382065,4610,-2.81171735,-1.81844981,-2.30338295,0.11901855,0.84982968,0.08239746,3.46755405,-1.76809581,-2.30338295,0.12026079,0.84900950,0.07697501,-2.94904645,-1.74177439,-2.30262001,0.12283325,0.84258175,0.01449585,0.17089844,-0.04394531,0.00976562,0.00000000,0.02929688,0.27832031,0.38986206,1.35990885,1.34658813,-0.02441406
13.27614522,4615,-2.80713971,-1.81844981,-2.30338295,0.11787415,0.85021115,0.08735657,3.47218936,-1.76809581,-2.30338295,0.11891597,0.84963722,0.08284976,-2.94675763,-1.74215586,-2.30262001,0.12283325,0.84258175,0.02021790,0.17089844,-0.05859375,0.00488281,-0.02929688,0.02929688,0.46875000,0.38986206,1.35989277,1.34658813,0.00000000
13.29160213,4620,-2.80370648,-1.81844981,-2.30338295,0.11634827,0.85021115,0.09155273,3.47651990,-1.76809581,-2.30338295,0.11737129,0.85002308,0.08798024,-2.94370587,-1.74291880,-2.30262001,0.12283325,0.84296322,0.02403259,0.18066406,-0.03906250,0.00488281,0.00000000,0.02929688,0.16113281,0.38986206,1.35966777,1.34696960,-0.02441406
13.30527806,4625,-2.79760297,-1.81844981,-2.30338295,0.11520386,0.85021115,0.09994507,3.48174069,-1.76809581,-2.30338295,0.11616457,0.85014952,0.09478273,-2.94141705,-1.74291880,-2.30262001,0.12283325,0.84334469,0.02784729,0.19042969,-0.02929688,0.00488281,-0.01464844,0.04394531,0.33691406,0.38986206,1.35959404,1.34658813,0.00000000
13.31855130,4630,-2.79264386,-1.81844981,-2.30338295,0.11444092,0.85021115,0.10719299,3.48654238,-1.76809581,-2.30338295,0.11521715,0.85019096,0.10167913,-2.93874677,-1.74330027,-2.30262001,0.12207031,0.84448910,0.03204346,0.17578125,-0.02929688,0.00488281,-0.05859375,0.05859375,0.26367188,0.38986206,1.35956988,1.34658813,-0.02441406
13.33475351,4635,-2.78768475,-1.81844981,-2.30338295,0.11291504,0.85059262,0.11329651,3.49180147,-1.76809581,-2.30338295,0.11389010,0.85039069,0.10866356,-2.93569501,-1.74368174,-2.30262001,0.12130737,0.84639645,0.03890991,0.18554688,-0.03906250,0.00488281,-0.04394531,0.14648438,0.39550781,0.38986206,1.35956196,1.34696960,-0.02441406
13.34684086,4640,-2.78348859,-1.81844981,-2.30338295,0.11215210,0.85059262,0.11825562,3.49655687,-1.76809581,-2.30338295,0.11284075,0.85052645,0.11437030,-2.93378766,-1.74406321,-2.30262001,0.12092590,0.84754086,0.04234314,0.19042969,-0.02929688,-0.00000000,-0.05859375,0.13183594,0.39550781,0.38986206,1.35955937,1.34696960,0.02441406
13.35993314,4645,-2.77852948,-1.81844981,-2.30338295,0.11138916,0.85059262,0.12512207,3.50125684,-1.76809581,-2.30338295,0.11196638,0.85057094,0.12042315,-2.93111737,-1.74482615,-2.30262001,0.12054443,0.84868527,0.04882812,0.18066406,-0.05859375,0.00488281,-0.01464844,0.11718750,0.35156250,0.38986206,1.35955852,1.34735107,0.00000000
13.37453628,4650,-2.77357037,-1.81844981,-2.30338295,0.10986328,0.85059262,0.13275146,3.50562176,-1.76809581,-2.30338295,0.11098309,0.85058551,0.12681377,-2.92768414,-1.74520762,-2.30262001,0.12054443,0.84944821,0.05340576,0.20019531,-0.03417969,0.00488281,-0.02929688,0.02929688,0.32226562,0.38986206,1.35955824,1.34773254,-0.02441406
13.38720250,4655,-2.76899274,-1.81844981,-2.30338295,0.10871887,0.85059262,0.13809204,3.51012139,-1.76809581,-2.30338295,0.10967224,0.85059029,0.13313368,-2.92539533,-1.74597056,-2.30262001,0.12016296,0.85021115,0.05798340,0.19042969,-0.06835938,0.00488281,-0.04394531,0.08789062,0.33691406,0.38986206,1.35938237,1.34811401,0.04882812
13.40174198,4660,-2.76441510,-1.81844981,-2.30338295,0.10757446,0.85059262,0.14381409,3.51500599,-1.76809581,-2.30338295,0.10845131,0.85059186,0.13913367,-2.92272504,-1.74635203,-2.30262001,0.12016296,0.85059262,0.06332397,0.20019531,-0.04882812,0.00488281,-0.01464844,0.01464844,0.42480469,0.38986206,1.35923782,1.34925842,0.04882812
13.41569972,4665,-2.75945599,-1.81844981,-2.30338295,0.10643005,0.85059262,0.14991760,3.51974781,-1.76809581,-2.30338295,0.10742295,0.85059237,0.14504945,-2.91929181,-1.74673350,-2.30262001,0.12016296,0.85021115,0.06980896,0.20996094,-0.02929688,0.00488281,-0.04394531,0.01464844,0.45410156,0.38948059,1.35900272,1.35154724,0.12207031
13.43135881,4670,-2.75449689,-1.81844981,-2.30338295,0.10490417,0.85059262,0.15678406,3.52468308,-1.76809581,-2.30338295,0.10609134,0.85059254,0.15155019,-2.91624005,-1.74711497,-2.30262001,0.11978149,0.85021115,0.07667542,0.20019531,-0.02929688,0.00488281,-0.02929688,-0.00000000,0.33691406,0.38948059,1.35896083,1.35192871,0.02441406
13.44456506,4675,-2.74991925,-1.81844981,-2.30338295,0.10414124,0.85059262,0.16212463,3.52937155,-1.76809581,-2.30338295,0.10485056,0.85059259,0.15751946,-2.91356976,-1.74749644,-2.30300148,0.11940002,0.84982968,0.08087158,0.20019531,-0.02441406,0.00488281,-0.05859375,-0.00000000,0.32226562,0.38948059,1.35884945,1.35192871,0.00000000
13.45775676,4680,-2.74610455,-1.81844981,-2.30338295,0.10337830,0.85059262,0.16593933,3.53382169,-1.76809581,-2.30338295,0.10401112,0.85059261,0.16244740,-2.91089948,-1.74787791,-2.30300148,0.11863708,0.84982968,0.08468628,0.20507812,-0.02441406,-0.00000000,-0.07324219,0.01464844,0.33691406,0.38948059,1.35881295,1.35192871,-0.02441406
13.47081590,4685,-2.74152692,-1.81844981,-2.30338295,0.10261536,0.85059262,0.17127991,3.53791614,-1.76809581,-2.30338295,0.10328415,0.85059262,0.16707073,-2.90822919,-1.74787791,-2.30300148,0.11787415,0.84982968,0.09078979,0.21972656,-0.02441406,0.00488281,-0.10253906,0.01464844,0.42480469,0.38948059,1.35880099,1.35192871,0.00000000
13.48569393,4690,-2.73694928,-1.81844981,-2.30338295,0.10108948,0.85059262,0.17776489,3.54225977,-1.76809581,-2.30338295,0.10209036,0.85059262,0.17264100,-2.90479596,-1.74825938,-2.30300148,0.11558533,0.84982968,0.09765625,0.20507812,-0.03417969,0.00488281,-0.11718750,0.01464844,0.49804688,0.38948059,1.35869942,1.35231018,0.00000000
13.50116587,4695,-2.73275311,-1.81844981,-2.30338295,0.09994507,0.85059262,0.18463135,3.54708238,-1.76809581,-2.30338295,0.10079843,0.85059262,0.17951827,-2.90174420,-1.74864085,-2.30300148,0.11329651,0.85021115,0.10337830,0.22460938,-0.02929688,0.00488281,-0.14648438,0.02929688,0.33691406,0.38948059,1.35876379,1.35231018,-0.02441406
13.51587868,4700,-2.72703107,-1.81844981,-2.30338295,0.09765625,0.85059262,0.19187927,3.55202727,-1.76809581,-2.30338295,0.09914779,0.85059262,0.18643185,-2.89792951,-1.74940379,-2.30300148,0.11215210,0.85021115,0.10910034,0.20996094,-0.03906250,0.00488281,-0.08789062,0.04394531,0.29296875,0.38948059,1.35878489,1.35231018,-0.04882812
13.52997589,4705,-2.72283490,-1.81844981,-2.30338295,0.09727478,0.85059262,0.19721985,3.55689164,-1.76809581,-2.30338295,0.09788853,0.85059262,0.19262282,-2.89487775,-1.74978526,-2.30300148,0.11138916,0.85021115,0.11367798,0.21972656,-0.04394531,0.00488281,-0.07324219,-0.00000000,0.41015625,0.38948059,1.35879180,1.35231018,0.00000000
13.54462147,4710,-2.71863873,-1.81844981,-2.30338295,0.09689331,0.85059262,0.20217896,3.56125256,-1.76809581,-2.30338295,0.09725067,0.85059262,0.19816040,-2.89220746,-1.75016673,-2.30300148,0.11100769,0.85021115,0.12016296,0.20996094,-0.03417969,-0.00000000,-0.04394531,-0.00000000,0.41015625,0.38948059,1.35879406,1.35269165,0.02441406
13.56099653,4715,-2.71406110,-1.81844981,-2.30338295,0.09613037,0.85021115,0.20904541,3.56573868,-1.76809581,-2.30338295,0.09667765,0.85036740,0.20410898,-2.88839276,-1.75054820,-2.30300148,0.11024475,0.85021115,0.12817383,0.22949219,-0.02441406,-0.00000000,-0.04394531,0.01464844,0.49804688,0.38948059,1.35879480,1.35269165,0.00000000
13.57334328,4720,-2.70948346,-1.81844981,-2.30338295,0.09613037,0.85059262,0.21400452,3.57004853,-1.76809581,-2.30338295,0.09630970,0.85033864,0.20968675,-2.88534100,-1.75092967,-2.30300148,0.10910034,0.85021115,0.13275146,0.21484375,-0.02929688,0.00488281,-0.08789062,0.02929688,0.30761719,0.38948059,1.35879505,1.35269165,-0.02441406
13.58883524,4725,-2.70528729,-1.81844981,-2.30338295,0.09613037,0.85059262,0.21743774,3.57443625,-1.76809581,-2.30338295,0.09618913,0.85032922,0.21416645,-2.88114484,-1.75131114,-2.30300148,0.10871887,0.85021115,0.13771057,0.22949219,-0.04882812,-0.00000000,-0.04394531,0.02929688,0.35156250,0.38948059,1.35879513,1.35307312,-0.04882812
13.60372186,4730,-2.70185407,-1.81844981,-2.30338295,0.09613037,0.85021115,0.22048950,3.57840929,-1.76809581,-2.30338295,0.09614963,0.85029867,0.21771591,-2.87809308,-1.75169261,-2.30300148,0.10871887,0.85021115,0.14419556,0.22949219,-0.01464844,0.00976562,-0.02929688,0.02929688,0.43945312,0.38948059,1.35879515,1.35307312,-0.02441406
13.61853170,4735,-2.69880231,-1.81844981,-2.30338295,0.09613037,0.85021115,0.22430420,3.58206421,-1.76809581,-2.30338295,0.09613668,0.85023983,0.22171371,-2.87465985,-1.75207408,-2.30262001,0.10833740,0.85021115,0.15182495,0.22460938,-0.02929688,0.00488281,-0.04394531,0.02929688,0.51269531,0.38948059,1.35879516,1.35345459,0.00000000
13.63190079,4740,-2.69498761,-1.81844981,-2.30338295,0.09613037,0.85021115,0.22926331,3.58549989,-1.76809581,-2.30338295,0.09613244,0.85022055,0.22580215,-2.87160809,-1.75245555,-2.30300148,0.10757446,0.85021115,0.15602112,0.22460938,-0.02441406,0.00488281,-0.07324219,-0.00000000,0.24902344,0.38948059,1.35879516,1.35345459,-0.02441406
13.64570999,4745,-2.69155438,-1.81844981,-2.30338295,0.09613037,0.85021115,0.23422241,3.58893929,-1.76809581,-2.30338295,0.09613105,0.85021423,0.23046765,-2.86855634,-1.75245555,-2.30300148,0.10566711,0.85021115,0.15983582,0.23437500,-0.02929688,0.00488281,-0.16113281,0.02929688,0.30761719,0.38948059,1.35879517,1.35383606,0.00000000
13.66346335,4750,-2.68773969,-1.81844981,-2.30338295,0.09613037,0.85021115,0.23880005,3.59262954,-1.76809581,-2.30338295,0.09613059,0.85031226,0.23520543,-2.86397870,-1.75283702,-2.30300148,0.10299683,0.85021115,0.16593933,0.21972656,-0.02929688,0.00488281,-0.13183594,0.01464844,0.36621094,0.38948059,1.35879517,1.35383606,0.00000000
13.67724252,4755,-2.68430646,-1.81844981,-2.30338295,0.09651184,0.85021115,0.24032593,3.59616067,-1.76809581,-2.30338295,0.09626777,0.85024428,0.23842734,-2.86092694,-1.75321849,-2.30300148,0.10147095,0.85021115,0.17166138,0.22949219,-0.02929688,0.00976562,-0.10253906,0.01464844,0.39550781,0.38948059,1.35879517,1.35421753,0.02441406
13.68974209,4760,-2.68125470,-1.81844981,-2.30338295,0.09613037,0.85021115,0.24147034,3.59953747,-1.76809581,-2.30338295,0.09617539,0.85022201,0.24032282,-2.85901959,-1.75359996,-2.30300148,0.10147095,0.85021115,0.17585754,0.21972656,-0.02441406,0.00488281,-0.07324219,-0.00000000,0.43945312,0.38948059,1.35879517,1.35421753,-0.02441406
13.70438147,4765,-2.67782147,-1.81844981,-2.30338295,0.09651184,0.85021115,0.24337769,3.60270172,-1.76809581,-2.30338295,0.09637034,0.85021471,0.24193672,-2.85444196,-1.75398143,-2.30300148,0.10108948,0.85021115,0.18196106,0.22460938,-0.02441406,-0.00000000,-0.02929688,-0.00000000,0.19042969,0.38948059,1.35879517,1.35536194,0.02441406
13.71938467,4770,-2.67476972,-1.81844981,-2.30338295,0.09651184,0.85021115,0.24642944,3.60596222,-1.76809581,-2.30338295,0.09641665,0.85027335,0.24419604,-2.85139020,-1.75398143,-2.30300148,0.10147095,0.85021115,0.18577576,0.22949219,-0.02441406,0.00488281,-0.01464844,0.01464844,0.27832031,0.38948059,1.35879517,1.35536194,0.02441406
13.73263669,4775,-2.67133649,-1.81844981,-2.30338295,0.09651184,0.85021115,0.25062561,3.60908835,-1.76809581,-2.30338295,0.09648065,0.85023153,0.24738791,-2.84757550,-1.75436290,-2.30300148,0.10147095,0.85021115,0.18959045,0.23925781,-0.01464844,-0.00000000,-0.01464844,0.01464844,0.24902344,0.38948059,1.35879517,1.35574341,0.00000000
13.74547529,4780,-2.66904767,-1.81844981,-2.30338295,0.09651184,0.85021115,0.25367737,3.61190203,-1.76809581,-2.30338295,0.09650162,0.85021783,0.25106517,-2.84528668,-1.75436290,-2.30300148,0.10108948,0.85021115,0.19340515,0.22949219,-0.02441406,0.00488281,-0.01464844,-0.00000000,0.35156250,0.38948059,1.35879517,1.35574341,-0.02441406
13.75931072,4785,-2.66599591,-1.81844981,-2.30338295,0.09651184,0.85021115,0.25825500,3.61473320,-1.76809581,-2.30338295,0.09646943,0.85021334,0.25486242,-2.84147199,-1.75474436,-2.30300148,0.10108948,0.85021115,0.19798279,0.22949219,-0.02929688,0.00488281,-0.01464844,0.01464844,0.26367188,0.38948059,1.35879517,1.35612488,-0.02441406
13.77332664,4790,-2.66294415,-1.81844981,-2.30338295,0.09613037,0.85021115,0.26206970,3.61786355,-1.76809581,-2.30338295,0.09631179,0.85021187,0.25906495,-2.83842023,-1.75512583,-2.30300148,0.10108948,0.85021115,0.20408630,0.22949219,-0.02929688,0.00488281,-0.01464844,0.02929688,0.42480469,0.38948059,1.35879517,1.35612488,0.02441406
13.78774214,4795,-2.65989240,-1.81844981,-2.30338295,0.09651184,0.85021115,0.26550293,3.62089224,-1.76809581,-2.30338295,0.09637597,0.85021138,0.26281081,-2.83498700,-1.75550730,-2.30300148,0.10108948,0.85021115,0.20713806,0.22460938,-0.02929688,0.00488281,-0.02929688,0.02929688,0.17578125,0.38948059,1.35879517,1.35612488,0.00000000
13.80306935,4800,-2.65684064,-1.81844981,-2.30338295,0.09613037,0.85021115,0.26702881,3.62405997,-1.76809581,-2.30338295,0.09621085,0.85021123,0.26545720,-2.83193524,-1.75550730,-2.30300148,0.10070801,0.85021115,0.20980835,0.22949219,-0.02441406,0.00488281,-0.02929688,-0.00000000,0.24902344,0.38948059,1.35879517,1.35612488,-0.02441406
13.81638741,4805,-2.65340741,-1.81844981,-2.30338295,0.09651184,0.85021115,0.26855469,3.62708491,-1.76809581,-2.30338295,0.09629407,0.85021117,0.26712125,-2.82888348,-1.75588877,-2.30300148,0.10070801,0.85021115,0.21400452,0.21972656,-0.02929688,0.00488281,-0.01464844,-0.00000000,0.29296875,0.38948059,1.35879517,1.35650635,-0.02441406
13.83231068,4810,-2.65073712,-1.81844981,-2.30338295,0.09651184,0.85021115,0.27046204,3.63010969,-1.76809581,-2.30338295,0.09637945,0.85021116,0.26890541,-2.82468732,-1.75627024,-2.30300148,0.09994507,0.85021115,0.21896362,0.21972656,-0.01464844,0.00488281,-0.05859375,0.01464844,0.30761719,0.38948059,1.35879517,1.35650635,-0.04882812
13.84717226,4815,-2.64806683,-1.81844981,-2.30338295,0.09651184,0.85021115,0.27427673,3.63295718,-1.76809581,-2.30338295,0.09637617,0.85021115,0.27162701,-2.82125409,-1.75627024,-2.30300148,0.09956360,0.85021115,0.22315979,0.22949219,-0.01953125,0.00488281,-0.05859375,0.01464844,0.21972656,0.38948059,1.35879517,1.35650635,-0.02441406
13.86212039,4820,-2.64463361,-1.81844981,-2.30338295,0.09613037,0.85021115,0.27923584,3.63589476,-1.76809581,-2.30338295,0.09639109,0.85021115,0.27551797,-2.81820233,-1.75665171,-2.30300148,0.09765625,0.85021115,0.22735596,0.22460938,-0.00976562,-0.00000000,-0.16113281,0.02929688,0.35156250,0.38948059,1.35879517,1.35650635,-0.02441406
13.87433219,4825,-2.64272626,-1.81844981,-2.30338295,0.09613037,0.85021115,0.28228760,3.63842582,-1.76809581,-2.30338295,0.09633494,0.85021115,0.27917431,-2.81553204,-1.75665171,-2.30300148,0.09689331,0.85021115,0.23155212,0.23925781,-0.00976562,0.00488281,-0.10253906,0.01464844,0.32226562,0.38986206,1.35906982,1.35650635,0.00000000
13.88740158,4830,-2.64043744,-1.81844981,-2.30338295,0.09613037,0.85021115,0.28610229,3.64083064,-1.76809581,-2.30338295,0.09619741,0.85021115,0.28308067,-2.81209882,-1.75665171,-2.30300148,0.09613037,0.85021115,0.23345947,0.21972656,-0.00976562,-0.00000000,-0.07324219,0.01464844,0.07324219,0.38986206,1.35925748,1.35650635,-0.02441406
13.90242553,4835,-2.63738568,-1.81844981,-2.30338295,0.09613037,0.85021115,0.28915405,3.64359815,-1.76809581,-2.30338295,0.09615234,0.85021115,0.28662047,-2.80866559,-1.75703318,-2.30300148,0.09498596,0.85021115,0.23727417,0.22460938,-0.02441406,0.00488281,-0.07324219,-0.00000000,0.29296875,0.38986206,1.35925940,1.35650635,-0.04882812
13.91566491,4840,-2.63471539,-1.81844981,-2.30338295,0.09613037,0.85021115,0.29029846,3.64640234,-1.76809581,-2.30338295,0.09613757,0.85021115,0.28884277,-2.80599530,-1.75741465,-2.30300148,0.09460449,0.85021115,0.23994446,0.22460938,-0.01953125,0.00488281,-0.02929688,0.02929688,0.19042969,0.38986206,1.35930007,1.35688782,0.00000000
13.93037128,4845,-2.63280805,-1.81844981,-2.30338295,0.09613037,0.85021115,0.29106140,3.64882281,-1.76809581,-2.30338295,0.09613273,0.85021115,0.29023284,-2.80294354,-1.75779612,-2.30300148,0.09460449,0.85021115,0.24299622,0.21972656,-0.04394531,0.00488281,-0.01464844,0.02929688,0.21972656,0.38986206,1.35947355,1.35650635,-0.04882812
13.94534230,4850,-2.62975629,-1.81844981,-2.30338295,0.09613037,0.85021115,0.29296875,3.65129026,-1.76809581,-2.30338295,0.09613114,0.85021115,0.29181248,-2.79912885,-1.75817759,-2.30300148,0.09460449,0.85021115,0.24795532,0.22460938,-0.02929688,0.00488281,0.00000000,0.01464844,0.26367188,0.38986206,1.35953040,1.35650635,-0.04882812
13.96041274,4855,-2.62670453,-1.81844981,-2.30338295,0.09651184,0.85021115,0.29525757,3.65407975,-1.76809581,-2.30338295,0.09638709,0.85021115,0.29357888,-2.79607709,-1.75855906,-2.30300148,0.09460449,0.85021115,0.25062561,0.21484375,-0.02441406,0.00488281,0.00000000,0.01464844,0.20507812,0.38948059,1.35939644,1.35688782,0.00000000
13.97448182,4860,-2.62479718,-1.81844981,-2.30338295,0.09651184,0.85021115,0.29754639,3.65671659,-1.76809581,-2.30338295,0.09647096,0.85021115,0.29590647,-2.79264386,-1.75855906,-2.30300148,0.09460449,0.85021115,0.25672913,0.22460938,-0.01953125,0.00488281,0.00000000,0.01464844,0.36621094,0.38986206,1.35942701,1.35688782,-0.02441406
13.98767138,4865,-2.62174542,-1.81844981,-2.30338295,0.09651184,0.85021115,0.30288696,3.65924860,-1.76809581,-2.30338295,0.09649845,0.85021115,0.29940477,-2.78997357,-1.75855906,-2.30300148,0.09460449,0.85021115,0.25863647,0.21972656,-0.00976562,0.00488281,0.00000000,-0.00000000,0.14648438,0.38986206,1.35941749,1.35688782,-0.02441406
14.00172520,4870,-2.61945661,-1.81844981,-2.30338295,0.09651184,0.85021115,0.30632019,3.66189933,-1.76809581,-2.30338295,0.09650745,0.85021115,0.30344233,-2.78654035,-1.75894053,-2.30300148,0.09460449,0.85021115,0.25978088,0.21484375,-0.00976562,0.00488281,-0.01464844,0.01464844,0.07324219,0.38986206,1.35951203,1.35688782,-0.02441406
14.01553869,4875,-2.61716779,-1.81844981,-2.30338295,0.09613037,0.85021115,0.30975342,3.66434727,-1.76809581,-2.30338295,0.09643411,0.85021115,0.30715317,-2.78348859,-1.75894053,-2.30300148,0.09460449,0.85059262,0.26321411,0.22460938,-0.00488281,-0.00000000,0.00000000,0.02929688,0.27832031,0.38986206,1.35954301,1.35688782,0.00000000
14.02994204,4880,-2.61411603,-1.81844981,-2.30338295,0.09651184,0.85021115,0.31471252,3.66711182,-1.76809581,-2.30338295,0.09648637,0.85021115,0.31172376,-2.78081830,-1.75894053,-2.30300148,0.09460449,0.85021115,0.26588440,0.20507812,-0.01953125,0.00976562,-0.01464844,0.01464844,0.16113281,0.38986206,1.35955316,1.35688782,-0.02441406
14.04536152,4885,-2.61144574,-1.81844981,-2.30338295,0.09613037,0.85021115,0.31700134,3.66988330,-1.76809581,-2.30338295,0.09636617,0.85021115,0.31500245,-2.77662213,-1.75932200,-2.30300148,0.09460449,0.85021115,0.26931763,0.21972656,-0.01953125,-0.00000000,-0.01464844,-0.00000000,0.19042969,0.38986206,1.35955648,1.35726929,0.00000000
14.05801344,4890,-2.60839398,-1.81844981,-2.30338295,0.09651184,0.85021115,0.31890869,3.67267086,-1.76809581,-2.30338295,0.09634497,0.85021115,0.31744705,-2.77433331,-1.75970347,-2.30300148,0.09460449,0.85021115,0.27351379,0.20507812,-0.03906250,0.00488281,0.00000000,-0.00000000,0.33691406,0.38986206,1.35955757,1.35726929,0.00000000
14.07455158,4895,-2.60496076,-1.81844981,-2.30338295,0.09651184,0.85021115,0.31967163,3.67572649,-1.76809581,-2.30338295,0.09645716,0.85021115,0.31879229,-2.77051862,-1.76008494,-2.30300148,0.09460449,0.85021115,0.27694702,0.21484375,-0.02441406,0.00488281,-0.01464844,0.01464844,0.21972656,0.38986206,1.35943586,1.35726929,-0.04882812
14.08927202,4900,-2.60229047,-1.81844981,-2.30338295,0.09651184,0.85021115,0.32157898,3.67866905,-1.76809581,-2.30338295,0.09649392,0.85021115,0.32020392,-2.76708539,-1.76008494,-2.30300148,0.09498596,0.85021115,0.28266907,0.21484375,-0.01953125,0.00488281,-0.01464844,-0.00000000,0.41015625,0.38986206,1.35951805,1.35726929,-0.02441406
14.10194135,4905,-2.59962018,-1.81844981,-2.30338295,0.09651184,0.85021115,0.32386780,3.68144076,-1.76809581,-2.30338295,0.09650597,0.85021115,0.32226634,-2.76403363,-1.76008494,-2.30300148,0.09498596,0.85059262,0.28495789,0.21972656,-0.00976562,0.00488281,0.00000000,0.01464844,0.08789062,0.38986206,1.35954498,1.35726929,-0.04882812
14.11512589,4910,-2.59733136,-1.81844981,-2.30338295,0.09613037,0.85021115,0.32730103,3.68400695,-1.76809581,-2.30338295,0.09633353,0.85021115,0.32484950,-2.76174481,-1.76008494,-2.30300148,0.09498596,0.85059262,0.28533936,0.20996094,-0.00976562,0.00488281,-0.01464844,0.02929688,0.04394531,0.38986206,1.35949130,1.35726929,-0.02441406
14.13108468,4915,-2.59389813,-1.81844981,-2.30338295,0.09613037,0.85021115,0.33187866,3.68660627,-1.76809581,-2.30338295,0.09630680,0.85021115,0.32854459,-2.75831159,-1.76008494,-2.30300148,0.09498596,0.85021115,0.28915405,0.21972656,-0.00488281,0.00976562,-0.01464844,-0.00000000,0.24902344,0.38986206,1.35953622,1.35726929,-0.04882812
14.14391208,4920,-2.59160932,-1.81844981,-2.30338295,0.09613037,0.85021115,0.33416748,3.68930542,-1.76809581,-2.30338295,0.09618818,0.85021115,0.33165163,-2.75525983,-1.76008494,-2.30300148,0.09498596,0.85021115,0.29106140,0.20507812,-0.00488281,0.00488281,-0.01464844,0.01464844,0.08789062,0.38986206,1.35955093,1.35726929,0.00000000
14.15863943,4925,-2.58893903,-1.81844981,-2.30338295,0.09613037,0.84982968,0.33760071,3.69206818,-1.76809581,-2.30338295,0.09614932,0.85007382,0.33501215,-2.75258954,-1.76046641,-2.30300148,0.09498596,0.85059262,0.29335022,0.20996094,-0.01464844,0.00488281,0.00000000,0.01464844,0.14648438,0.38986206,1.35955576,1.35765076,0.00000000
14.17375731,4930,-2.58626874,-1.81844981,-2.30338295,0.09613037,0.84982968,0.34065247,3.69477658,-1.76809581,-2.30338295,0.09613658,0.85008985,0.33813384,-2.74915631,-1.76046641,-2.30300148,0.09498596,0.85021115,0.29716492,0.21484375,-0.01953125,0.00488281,0.00000000,-0.00000000,0.29296875,0.38948059,1.35932662,1.35765076,-0.02441406
14.18869758,4935,-2.58283551,-1.81844981,-2.30338295,0.09613037,0.85021115,0.34294128,3.69782337,-1.76809581,-2.30338295,0.09613241,0.85017140,0.34085524,-2.74534161,-1.76084788,-2.30300148,0.09498596,0.85021115,0.30136108,0.21972656,-0.02441406,-0.00000000,-0.01464844,0.01464844,0.16113281,0.38986206,1.35948225,1.35765076,-0.02441406
14.20396590,4940,-2.58016522,-1.81844981,-2.30338295,0.09613037,0.84982968,0.34408569,3.70075375,-1.76809581,-2.30338295,0.09613104,0.85008277,0.34280643,-2.74228986,-1.76122935,-2.30300148,0.09498596,0.85021115,0.30479431,0.20996094,-0.01953125,0.00488281,-0.01464844,-0.00000000,0.29296875,0.38986206,1.35953325,1.35765076,-0.02441406
14.21937990,4945,-2.57749494,-1.81844981,-2.30338295,0.09613037,0.84982968,0.34484863,3.70356249,-1.76809581,-2.30338295,0.09613059,0.84998292,0.34410913,-2.73923810,-1.76122935,-2.30300148,0.09536743,0.85021115,0.30975342,0.20996094,-0.02441406,0.00488281,0.00000000,0.01464844,0.24902344,0.38986206,1.35954996,1.35765076,0.00000000
14.23488402,4950,-2.57444318,-1.81844981,-2.30338295,0.09651184,0.84982968,0.34561157,3.70649359,-1.76809581,-2.30338295,0.09625556,0.84987989,0.34504894,-2.73618634,-1.76161082,-2.30300148,0.09536743,0.85059262,0.31051636,0.20507812,-0.01953125,0.00976562,-0.02929688,0.02929688,0.04394531,0.38948059,1.35940285,1.35765076,0.00000000
14.24854064,4955,-2.57177289,-1.81844981,-2.30338295,0.09613037,0.84982968,0.34713745,3.70924935,-1.76809581,-2.30338295,0.09620264,0.84984613,0.34605221,-2.73275311,-1.76161082,-2.30300148,0.09536743,0.85059262,0.31204224,0.20996094,-0.01464844,0.00488281,-0.02929688,0.01464844,0.08789062,0.38986206,1.35944473,1.35765076,-0.02441406
14.26103544,4960,-2.56948407,-1.81844981,-2.30338295,0.09651184,0.84982968,0.34942627,3.71166139,-1.76809581,-2.30338295,0.09629138,0.84983507,0.34773960,-2.73008283,-1.76199229,-2.30300148,0.09536743,0.85021115,0.31471252,0.20507812,-0.01464844,0.00488281,-0.01464844,0.01464844,0.20507812,0.38986206,1.35952095,1.35803223,-0.02441406
14.27655315,4965,-2.56681378,-1.81844981,-2.30338295,0.09613037,0.84982968,0.35285950,3.71436473,-1.76809581,-2.30338295,0.09625344,0.84983145,0.35046794,-2.72703107,-1.76199229,-2.30300148,0.09536743,0.85059262,0.31700134,0.21484375,-0.00976562,0.00488281,0.00000000,0.01464844,0.10253906,0.38986206,1.35954593,1.35803223,0.00000000
14.29039812,4970,-2.56376203,-1.81844981,-2.30338295,0.09613037,0.84944821,0.35705566,3.71708454,-1.76809581,-2.30338295,0.09617070,0.84957379,0.35406546,-2.72397931,-1.76199229,-2.30300148,0.09536743,0.85021115,0.31929016,0.20507812,-0.00488281,0.00488281,-0.01464844,-0.00000000,0.14648438,0.38986206,1.35955412,1.35765076,-0.04882812
14.30326104,4975,-2.56147321,-1.81844981,-2.30338295,0.09613037,0.84944821,0.35934448,3.71964447,-1.76809581,-2.30338295,0.09614359,0.84948936,0.35691446,-2.72169049,-1.76199229,-2.30300148,0.09536743,0.85021115,0.32005310,0.20019531,-0.00976562,0.00488281,-0.02929688,0.01464844,0.08789062,0.38986206,1.35955680,1.35765076,-0.02441406
14.31722403,4980,-2.55880292,-1.81844981,-2.30338295,0.09613037,0.84944821,0.36239624,3.72238993,-1.76809581,-2.30338295,0.09613470,0.84946169,0.36004089,-2.71863873,-1.76199229,-2.30300148,0.09536743,0.85021115,0.32424927,0.21484375,-0.00976562,0.00488281,0.00000000,0.01464844,0.30761719,0.38986206,1.35955768,1.35803223,-0.02441406
14.33219314,4985,-2.55575116,-1.81844981,-2.30338295,0.09613037,0.84944821,0.36659241,3.72514210,-1.76809581,-2.30338295,0.09613179,0.84936474,0.36365605,-2.71558698,-1.76237376,-2.30300148,0.09536743,0.85021115,0.32691956,0.19531250,-0.01464844,0.00488281,-0.01464844,0.01464844,0.08789062,0.38986206,1.35955797,1.35765076,-0.02441406
14.34809089,4990,-2.55231793,-1.81844981,-2.30338295,0.09613037,0.84906674,0.36888123,3.72818956,-1.76809581,-2.30338295,0.09613084,0.84924447,0.36673691,-2.71215375,-1.76237376,-2.30300148,0.09536743,0.85021115,0.32997131,0.20996094,-0.01953125,0.00488281,-0.02929688,0.01464844,0.21972656,0.38986206,1.35955806,1.35803223,-0.02441406
14.36151314,4995,-2.55002911,-1.81844981,-2.30338295,0.09574890,0.84906674,0.37040710,3.73097746,-1.76809581,-2.30338295,0.09590530,0.84912498,0.36898375,-2.70948346,-1.76275523,-2.30300148,0.09536743,0.85021115,0.33454895,0.20507812,-0.02441406,0.00488281,-0.01464844,0.02929688,0.38085938,0.38986206,1.35955809,1.35803223,-0.02441406
14.37502408,5000,-2.54697736,-1.81844981,-2.30338295,0.09574890,0.84906674,0.37117004,3.73372351,-1.76809581,-2.30338295,0.09580015,0.84908582,0.37038333,-2.70643170,-1.76275523,-2.30300148,0.09536743,0.85021115,0.33645630,0.20019531,-0.01953125,0.00976562,0.00000000,0.01464844,0.04394531,0.38986206,1.35955810,1.35803223,-0.04882812
14.39011884,5005,-2.54430707,-1.81844981,-2.30338295,0.09574890,0.84906674,0.37155151,3.73656756,-1.76809581,-2.30338295,0.09576569,0.84907299,0.37104958,-2.70299848,-1.76313670,-2.30300148,0.09536743,0.85021115,0.33798218,0.20507812,-0.02441406,-0.00000000,-0.01464844,0.01464844,0.10253906,0.39024353,1.35971069,1.35803223,-0.02441406
14.40479779,5010,-2.54125531,-1.81844981,-2.30338295,0.09574890,0.84906674,0.37231445,3.73934129,-1.76809581,-2.30338295,0.09575440,0.84906879,0.37160066,-2.69994672,-1.76351817,-2.30300148,0.09536743,0.85021115,0.34027100,0.20019531,-0.01953125,0.00488281,-0.01464844,0.01464844,0.19042969,0.38986206,1.35960810,1.35803223,-0.04882812
14.41934371,5015,-2.53858502,-1.81844981,-2.30338295,0.09574890,0.84906674,0.37384033,3.74227692,-1.76809581,-2.30338295,0.09575070,0.84906741,0.37265673,-2.69689496,-1.76351817,-2.30300148,0.09536743,0.85021115,0.34255981,0.20507812,-0.00976562,0.00488281,-0.01464844,0.02929688,0.10253906,0.38986206,1.35957449,1.35803223,-0.02441406
14.43380713,5020,-2.53591473,-1.81844981,-2.30338295,0.09574890,0.84906674,0.37498474,3.74516306,-1.76809581,-2.30338295,0.09574949,0.84906696,0.37407151,-2.69422467,-1.76351817,-2.30300148,0.09574890,0.85021115,0.34408569,0.20507812,-0.00976562,0.00488281,0.00000000,0.02929688,0.11718750,0.38986206,1.35968554,1.35803223,-0.04882812
14.44768000,5025,-2.53286298,-1.81844981,-2.30338295,0.09536743,0.84906674,0.37689209,3.74776895,-1.76809581,-2.30338295,0.09567280,0.84906681,0.37538679,-2.69117291,-1.76351817,-2.30300148,0.09536743,0.85021115,0.34637451,0.19531250,-0.00488281,0.00488281,-0.01464844,0.01464844,0.10253906,0.38986206,1.35959986,1.35803223,-0.02441406
14.46263361,5030,-2.53095563,-1.81844981,-2.30338295,0.09460449,0.84868527,0.37918091,3.75038469,-1.76809581,-2.30338295,0.09520504,0.84899047,0.37748404,-2.68850263,-1.76351817,-2.30300148,0.09536743,0.85021115,0.34942627,0.19531250,-0.00488281,0.00976562,-0.01464844,0.01464844,0.21972656,0.38986206,1.35957179,1.35803223,-0.02441406
14.47494102,5035,-2.52790387,-1.81844981,-2.30338295,0.09422302,0.84906674,0.38185120,3.75300792,-1.76809581,-2.30338295,0.09457606,0.84893188,0.37993140,-2.68545087,-1.76351817,-2.30300148,0.09536743,0.85021115,0.35209656,0.20507812,-0.00488281,0.00488281,-0.01464844,0.02929688,0.14648438,0.38986206,1.35956259,1.35803223,-0.02441406
14.48808050,5040,-2.52523358,-1.81844981,-2.30338295,0.09307861,0.84906674,0.38261414,3.75567061,-1.76809581,-2.30338295,0.09389986,0.84887362,0.38158466,-2.68278058,-1.76389964,-2.30300148,0.09536743,0.85021115,0.35285950,0.19531250,-0.00976562,0.00488281,-0.01464844,0.01464844,0.02929688,0.38986206,1.35955957,1.35841370,0.00000000
14.50264382,5045,-2.52256329,-1.81844981,-2.30338295,0.09155273,0.84868527,0.38375854,3.75835598,-1.76809581,-2.30338295,0.09257379,0.84877824,0.38279572,-2.68011029,-1.76389964,-2.30300148,0.09536743,0.85021115,0.35438538,0.20507812,-0.01464844,0.00488281,-0.01464844,-0.00000000,0.14648438,0.38986206,1.35955859,1.35803223,-0.02441406
14.51696348,5050,-2.51951154,-1.81844981,-2.30338295,0.08964539,0.84906674,0.38681030,3.76127987,-1.76809581,-2.30338295,0.09111571,0.84883109,0.38484344,-2.67705853,-1.76389964,-2.30300148,0.09536743,0.85021115,0.35934448,0.20019531,-0.00976562,0.00488281,-0.02929688,0.01464844,0.33691406,0.38986206,1.35946061,1.35803223,-0.02441406
14.53100419,5055,-2.51684125,-1.81844981,-2.30338295,0.08811951,0.84830380,0.39100647,3.76431353,-1.76809581,-2.30338295,0.08928294,0.84859572,0.38855337,-2.67438825,-1.76389964,-2.30300148,0.09536743,0.85021115,0.36087036,0.19531250,-0.00976562,0.00488281,-0.01464844,0.01464844,0.01464844,0.38986206,1.35952616,1.35841370,-0.02441406
14.54580045,5060,-2.51264508,-1.81844981,-2.30338295,0.08583069,0.84754086,0.39596558,3.76759801,-1.76809581,-2.30338295,0.08758204,0.84813701,0.39255481,-2.67095502,-1.76389964,-2.30300148,0.09536743,0.85021115,0.36125183,0.20996094,-0.00976562,0.00488281,-0.04394531,0.01464844,0.04394531,0.38986206,1.35946951,1.35841370,-0.04882812
14.55957723,5065,-2.50959332,-1.81844981,-2.30338295,0.08354187,0.84448910,0.39863586,3.77086518,-1.76809581,-2.30338295,0.08532913,0.84639832,0.39610953,-2.66790326,-1.76428111,-2.30300148,0.09498596,0.85021115,0.36354065,0.20507812,-0.00976562,0.00488281,-0.01464844,0.01464844,0.13183594,0.38986206,1.35952908,1.35841370,-0.02441406
14.57384062,5070,-2.50654157,-1.81844981,-2.30338295,0.08125305,0.84296322,0.40130615,3.77394847,-1.76809581,-2.30338295,0.08313997,0.84440182,0.39892071,-2.66523297,-1.76428111,-2.30300148,0.09460449,0.85021115,0.36544800,0.20019531,-0.01464844,0.00488281,-0.02929688,-0.00000000,0.13183594,0.38948059,1.35909815,1.35841370,-0.02441406
14.58897972,5075,-2.50310834,-1.81844981,-2.30300148,0.07781982,0.84220028,0.40550232,3.77739056,-1.76809581,-2.30330666,0.08033364,0.84304083,0.40233687,-2.66179974,-1.76428111,-2.30300148,0.09460449,0.85021115,0.36849976,0.20507812,-0.01464844,0.00976562,0.00000000,0.01464844,0.16113281,0.38948059,1.35899211,1.35841370,0.00000000
14.60232258,5080,-2.49967511,-1.81844981,-2.30300148,0.07514954,0.84143735,0.41084290,3.78104153,-1.76809581,-2.30324260,0.07728039,0.84208191,0.40731052,-2.65874799,-1.76466258,-2.30300148,0.09422302,0.84982968,0.37078857,0.20507812,-0.01464844,0.00976562,-0.02929688,0.01464844,0.17578125,0.38948059,1.35885970,1.35841370,-0.02441406
14.61610746,5085,-2.49624188,-1.81844981,-2.30300148,0.07095337,0.84105588,0.41809082,3.78439768,-1.76809581,-2.30322160,0.07363842,0.84157226,0.41322484,-2.65607770,-1.76466258,-2.30300148,0.09384155,0.84944821,0.37231445,0.19531250,-0.01464844,0.00488281,-0.02929688,-0.00000000,0.11718750,0.38948059,1.35881631,1.35841370,-0.02441406
14.62986350,5090,-2.49242719,-1.81844981,-2.30300148,0.06828308,0.84105588,0.42381287,3.78783262,-1.76809581,-2.30312244,0.07061897,0.84122509,0.41913244,-2.65340741,-1.76466258,-2.30300148,0.09384155,0.84944821,0.37574768,0.21972656,-0.01464844,0.00488281,-0.04394531,-0.00000000,0.29296875,0.38948059,1.35880210,1.35841370,-0.02441406
14.64300871,5095,-2.48899396,-1.81844981,-2.30338295,0.06599426,0.84105588,0.42724609,3.79149590,-1.76809581,-2.30311741,0.06805119,0.84111132,0.42397560,-2.65073712,-1.76504405,-2.30300148,0.09307861,0.84906674,0.37918091,0.20507812,-0.00976562,-0.00000000,-0.05859375,-0.00000000,0.17578125,0.38948059,1.35879744,1.35841370,-0.02441406
14.65682721,5100,-2.48594220,-1.81844981,-2.30338295,0.06294250,0.84067441,0.43144226,3.79491064,-1.76809581,-2.30311576,0.06527716,0.84081757,0.42827683,-2.64768536,-1.76504405,-2.30300148,0.09155273,0.84906674,0.38108826,0.21972656,-0.00976562,-0.00000000,-0.11718750,0.01464844,0.16113281,0.38948059,1.35879591,1.35841370,-0.02441406
14.67012835,5105,-2.48212750,-1.81844981,-2.30300148,0.06027222,0.84029294,0.43754578,3.79828081,-1.76809581,-2.30303893,0.06242444,0.84059620,0.43335277,-2.64463361,-1.76504405,-2.30300148,0.08926392,0.84868527,0.38795471,0.20996094,-0.00976562,0.00976562,-0.17578125,-0.00000000,0.43945312,0.38948059,1.35879541,1.35841370,-0.02441406
14.68436527,5110,-2.47907575,-1.81844981,-2.30300148,0.05722046,0.84029294,0.44364929,3.80152919,-1.76809581,-2.30301375,0.05980607,0.84039231,0.43869330,-2.64234479,-1.76504405,-2.30300148,0.08735657,0.84792233,0.38986206,0.20996094,-0.00976562,0.00488281,-0.20507812,-0.04394531,0.17578125,0.38948059,1.35879525,1.35841370,-0.02441406
14.69736123,5115,-2.47678693,-1.81844981,-2.30300148,0.05455017,0.83991147,0.44746399,3.80433165,-1.76809581,-2.30300550,0.05677487,0.84013934,0.44394694,-2.63891156,-1.76504405,-2.30300148,0.08506775,0.84715939,0.39138794,0.20996094,-0.00976562,0.00488281,-0.13183594,-0.05859375,0.14648438,0.38948059,1.35879519,1.35841370,0.00000000
14.70968962,5120,-2.47297223,-1.81844981,-2.30300148,0.05073547,0.83876706,0.45242310,3.80760323,-1.76809581,-2.30300280,0.05339708,0.83942815,0.44883166,-2.63624127,-1.76504405,-2.30300148,0.08277893,0.84639645,0.39596558,0.20507812,-0.01464844,0.00488281,-0.19042969,-0.02929688,0.24902344,0.38909912,1.35852052,1.35841370,0.00000000
14.72225142,5125,-2.47030194,-1.81844981,-2.30300148,0.04768372,0.83876706,0.45623779,3.81050962,-1.76809581,-2.30300192,0.05023849,0.83898368,0.45280705,-2.63357098,-1.76504405,-2.30300148,0.08201599,0.84525204,0.39825439,0.20507812,-0.00976562,0.00488281,-0.10253906,-0.05859375,0.16113281,0.38909912,1.35819223,1.35841370,0.00000000
14.73635793,5130,-2.46686871,-1.81844981,-2.30300148,0.04425049,0.83800412,0.46119690,3.81359443,-1.76809581,-2.30300162,0.04703197,0.83850528,0.45727633,-2.63051923,-1.76542552,-2.30300148,0.07934570,0.84487057,0.40321350,0.20019531,-0.00488281,0.00488281,-0.24902344,-0.04394531,0.36621094,0.38871765,1.35783441,1.35841370,-0.02441406
14.75025654,5135,-2.46457990,-1.81844981,-2.30300148,0.04196167,0.83724118,0.46539307,3.81639456,-1.76809581,-2.30300153,0.04416070,0.83780579,0.46174607,-2.62746747,-1.76542552,-2.30300148,0.07667542,0.84410763,0.40664673,0.21972656,-0.00976562,0.00488281,-0.19042969,-0.04394531,0.21972656,0.38871765,1.35745447,1.35841370,0.00000000
14.76612091,5140,-2.46114667,-1.81806834,-2.30300148,0.03890991,0.83533383,0.47111511,3.81940110,-1.76787059,-2.30300150,0.04141858,0.83656230,0.46691713,-2.62403424,-1.76542552,-2.30300148,0.07400513,0.84334469,0.41313171,0.20019531,-0.00976562,0.00976562,-0.16113281,-0.01464844,0.43945312,0.38871765,1.35732997,1.35841370,-0.02441406
14.78043795,5145,-2.45962079,-1.81806834,-2.30300148,0.03547668,0.83380795,0.47378540,3.82179937,-1.76776554,-2.30300149,0.03828652,0.83517241,0.47100258,-2.62136395,-1.76542552,-2.30300148,0.07209778,0.84296322,0.41656494,0.20996094,-0.00488281,0.00488281,-0.19042969,-0.04394531,0.21972656,0.38833618,1.35701451,1.35841370,-0.02441406
14.79381180,5150,-2.45771344,-1.81806834,-2.30300148,0.03395081,0.83342648,0.47531128,3.82386758,-1.76773111,-2.30300148,0.03568452,0.83402984,0.47376659,-2.61831220,-1.76542552,-2.30300148,0.06904602,0.84220028,0.41923523,0.20507812,-0.00488281,0.00488281,-0.21972656,-0.05859375,0.23437500,0.38757324,1.35608546,1.35841370,-0.02441406
14.80809546,5155,-2.45542462,-1.81806834,-2.30300148,0.03166199,0.83190060,0.47531128,3.82605286,-1.76771983,-2.30300148,0.03350011,0.83292888,0.47487543,-2.61526044,-1.76542552,-2.30300148,0.06637573,0.84181881,0.42304993,0.21484375,-0.00488281,-0.00000000,-0.17578125,-0.01464844,0.21972656,0.38528442,1.35354324,1.35841370,-0.02441406
14.82113552,5160,-2.45466168,-1.81806834,-2.30300148,0.02861023,0.83113766,0.47569275,3.82756361,-1.76771614,-2.30300148,0.03083413,0.83187500,0.47532483,-2.61259015,-1.76542552,-2.30300148,0.06408691,0.84143735,0.42572021,0.20019531,-0.00488281,0.00488281,-0.23437500,-0.02929688,0.19042969,0.38375854,1.34980297,1.35841370,-0.04882812
14.83694148,5165,-2.45389874,-1.81806834,-2.30300148,0.02632141,0.83113766,0.47569275,3.82854181,-1.76771493,-2.30300148,0.02816977,0.83137927,0.47545305,-2.60953839,-1.76542552,-2.30300148,0.06179810,0.84067441,0.43067932,0.20996094,-0.00488281,0.00488281,-0.21972656,-0.01464844,0.30761719,0.38337708,1.34800192,1.35841370,-0.02441406
14.85145211,5170,-2.45389874,-1.81768687,-2.30300148,0.02632141,0.83075619,0.47531128,3.82904252,-1.76757720,-2.30300148,0.02692708,0.83114054,0.47535773,-2.60610516,-1.76542552,-2.30300148,0.05874634,0.84029294,0.43334961,0.20996094,-0.00488281,0.00488281,-0.17578125,-0.02929688,0.16113281,0.38337708,1.34727113,1.35803223,-0.04882812
14.86441779,5175,-2.45389874,-1.81768687,-2.30300148,0.02632141,0.83075619,0.47531128,3.82920660,-1.76741293,-2.30300148,0.02651988,0.83091339,0.47532650,-2.60343488,-1.76542552,-2.30300148,0.05645752,0.83953000,0.43983459,0.19042969,-0.00976562,0.00488281,-0.19042969,-0.02929688,0.41015625,0.38337708,1.34717229,1.35841370,-0.02441406
14.87828612,5180,-2.45389874,-1.81730540,-2.30300148,0.02632141,0.83075619,0.47531128,3.82926036,-1.76710263,-2.30300148,0.02638644,0.83080770,0.47531627,-2.60038312,-1.76542552,-2.30300148,0.05531311,0.83876706,0.44174194,0.19531250,-0.00488281,0.00488281,-0.11718750,-0.04394531,0.08789062,0.38375854,1.34705421,1.35841370,-0.02441406
14.89317942,5185,-2.45389874,-1.81692393,-2.30300148,0.02632141,0.83075619,0.47492981,3.82927798,-1.76674448,-2.30300148,0.02634272,0.83077307,0.47523662,-2.59771283,-1.76542552,-2.30300148,0.05226135,0.83762265,0.44212341,0.18554688,-0.00488281,0.00488281,-0.27832031,-0.02929688,0.04394531,0.38375854,1.34725380,1.35841370,-0.02441406
14.90791798,5190,-2.45389874,-1.81654246,-2.30300148,0.02632141,0.83075619,0.47492981,3.82928375,-1.76648980,-2.30300148,0.02632839,0.83076172,0.47521052,-2.59504254,-1.76542552,-2.30300148,0.04959106,0.83685971,0.44555664,0.20019531,-0.00976562,0.00488281,-0.17578125,-0.05859375,0.20507812,0.38375854,1.34731920,1.35803223,0.00000000
14.92254567,5195,-2.45389874,-1.81616099,-2.30300148,0.02632141,0.83037472,0.47492981,3.82928564,-1.76606198,-2.30300148,0.02632370,0.83057185,0.47513166,-2.59237225,-1.76580699,-2.30300148,0.04844666,0.83571530,0.44670105,0.18066406,-0.00488281,0.00976562,-0.05859375,-0.10253906,0.02929688,0.38375854,1.34734063,1.35803223,-0.04882812
14.93716073,5200,-2.45389874,-1.81577952,-2.30300148,0.02593994,0.83037472,0.47492981,3.82928626,-1.76566532,-2.30300148,0.02613600,0.83043932,0.47499595,-2.58970197,-1.76580699,-2.30300148,0.04730225,0.83418942,0.44898987,0.17578125,-0.00488281,0.00976562,-0.08789062,-0.07324219,0.16113281,0.38414001,1.34771997,1.35765076,-0.02441406
14.95023704,5205,-2.45389874,-1.81539805,-2.30300148,0.02593994,0.83037472,0.47492981,3.82928646,-1.76536677,-2.30300148,0.02603544,0.83039589,0.47495148,-2.58665021,-1.76580699,-2.30300148,0.04539490,0.83380795,0.45089722,0.17578125,-0.00488281,0.00488281,-0.14648438,-0.02929688,0.10253906,0.38414001,1.34798489,1.35765076,-0.04882812
14.96245623,5210,-2.45389874,-1.81501658,-2.30300148,0.02593994,0.82999325,0.47492981,3.82928653,-1.76492458,-2.30300148,0.02597123,0.83019550,0.47493691,-2.58474286,-1.76580699,-2.30300148,0.04348755,0.83304501,0.45318604,0.16601562,-0.00488281,0.00488281,-0.17578125,-0.02929688,0.19042969,0.38414001,1.34807170,1.35726929,-0.02441406
14.97564006,5215,-2.45389874,-1.81463511,-2.30300148,0.02555847,0.82961178,0.47492981,3.82928655,-1.76461110,-2.30300148,0.02573279,0.82987337,0.47493214,-2.58245404,-1.76580699,-2.30300148,0.04158020,0.83266354,0.45509338,0.17578125,-0.00488281,0.00488281,-0.17578125,-0.01464844,0.13183594,0.38414001,1.34810015,1.35726929,-0.02441406
14.98885489,5220,-2.45389874,-1.81425364,-2.30300148,0.02555847,0.82884884,0.47492981,3.82928656,-1.76416402,-2.30300148,0.02561559,0.82939599,0.47493057,-2.58054669,-1.76580699,-2.30300148,0.04081726,0.83228207,0.45623779,0.17578125,-0.00976562,0.00488281,-0.08789062,-0.00000000,0.10253906,0.38414001,1.34817197,1.35726929,-0.07324219
15.00502729,5225,-2.45389874,-1.81387217,-2.30300148,0.02555847,0.82732297,0.47492981,3.82928656,-1.76380011,-2.30300148,0.02557719,0.82854278,0.47493006,-2.57749494,-1.76580699,-2.30300148,0.04005432,0.83304501,0.45700073,0.15136719,-0.00488281,0.00488281,-0.07324219,0.05859375,0.01464844,0.38414001,1.34841523,1.35726929,-0.02441406
15.01997781,5230,-2.45389874,-1.81310923,-2.30262001,0.02517700,0.82579709,0.47492981,3.82928656,-1.76328707,-2.30286415,0.02542728,0.82696633,0.47492989,-2.57482465,-1.76542552,-2.30300148,0.03967285,0.83266354,0.45814514,0.17089844,-0.00488281,0.00976562,-0.04394531,0.01464844,0.08789062,0.38452148,1.34854987,1.35688782,-0.04882812
15.03461170,5235,-2.45389874,-1.81234629,-2.30223854,0.02479553,0.82312680,0.47492981,3.82928656,-1.76266705,-2.30262372,0.02507285,0.82494841,0.47492984,-2.57253583,-1.76580699,-2.30300148,0.03814697,0.83266354,0.46195984,0.15625000,-0.00976562,0.00488281,-0.13183594,0.01464844,0.23437500,0.38414001,1.34847656,1.35688782,-0.02441406
15.05080366,5240,-2.45389874,-1.81158335,-2.30147560,0.02403259,0.81816769,0.47492981,3.82928656,-1.76188991,-2.30192213,0.02452386,0.82130073,0.47492982,-2.57024701,-1.76542552,-2.30300148,0.03700256,0.83266354,0.46463013,0.16601562,0.00000000,0.00488281,-0.08789062,0.01464844,0.02929688,0.38452148,1.34868325,1.35650635,0.00000000
15.06430888,5245,-2.45389874,-1.81043894,-2.29994973,0.02288818,0.81320859,0.47492981,3.82928656,-1.76086585,-2.30096567,0.02361361,0.81659118,0.47492981,-2.56757672,-1.76542552,-2.30300148,0.03585815,0.83228207,0.46463013,0.15625000,-0.00488281,0.00488281,-0.07324219,-0.01464844,0.00000000,0.38452148,1.34899805,1.35650635,-0.02441406
15.07836246,5250,-2.45389874,-1.80967601,-2.29880532,0.02174377,0.80977536,0.47492981,3.82928656,-1.75989820,-2.29976371,0.02256791,0.81257224,0.47492981,-2.56566937,-1.76580699,-2.30300148,0.03356934,0.83151913,0.46463013,0.14648438,-0.00488281,0.00488281,-0.11718750,-0.00000000,-0.01464844,0.38452148,1.34927699,1.35650635,-0.04882812
15.09145474,5255,-2.45389874,-1.80815013,-2.29727944,0.02098083,0.80748654,0.47492981,3.82928656,-1.75876667,-2.29844553,0.02171231,0.80962421,0.47492981,-2.56376203,-1.76580699,-2.30300148,0.03356934,0.83113766,0.46463013,0.15136719,-0.00488281,0.00488281,-0.04394531,-0.02929688,0.00000000,0.38452148,1.34910569,1.35612488,-0.04882812
15.10696745,5260,-2.45389874,-1.80624278,-2.29575356,0.01983643,0.80290890,0.47492981,3.82928656,-1.75741286,-2.29708537,0.02078168,0.80628076,0.47492981,-2.56185468,-1.76542552,-2.30300148,0.03318787,0.82999325,0.46463013,0.14648438,-0.00488281,0.00976562,-0.02929688,-0.05859375,0.00000000,0.38490295,1.34928906,1.35612488,-0.02441406
15.11922121,5265,-2.45389874,-1.80471690,-2.29422768,0.01869202,0.79871274,0.47492981,3.82928656,-1.75576319,-2.29544583,0.01959746,0.80206470,0.47492981,-2.55994733,-1.76580699,-2.30300148,0.03242493,0.82923031,0.46501160,0.14648438,-0.00488281,0.00488281,-0.05859375,-0.04394531,0.02929688,0.38490295,1.34952493,1.35574341,-0.04882812
15.13514233,5270,-2.45389874,-1.80280955,-2.29193886,0.01831055,0.78993893,0.47492981,3.82928656,-1.75408139,-2.29366908,0.01873224,0.79625849,0.47492981,-2.55727704,-1.76542552,-2.30300148,0.03166199,0.82694150,0.46615601,0.14648438,-0.00488281,0.00488281,-0.07324219,-0.13183594,0.04394531,0.38604736,1.35047991,1.35574341,-0.04882812
15.15201855,5275,-2.45389874,-1.80090220,-2.29041298,0.01792908,0.78345395,0.47492981,3.82928656,-1.75214589,-2.29183199,0.01833337,0.78884212,0.47492981,-2.55536969,-1.76542552,-2.30300148,0.03013611,0.82465268,0.46730042,0.13671875,-0.00488281,0.00976562,-0.10253906,-0.11718750,0.05859375,0.38833618,1.35310680,1.35574341,0.00000000
15.16539741,5280,-2.45389874,-1.79899485,-2.28812416,0.01831055,0.77773190,0.47492981,3.82928656,-1.75019026,-2.28974002,0.01831803,0.78241693,0.47492981,-2.55346234,-1.76542552,-2.30300148,0.02937317,0.82236386,0.46768188,0.13183594,0.00000000,0.00488281,-0.05859375,-0.10253906,-0.01464844,0.38986206,1.35731914,1.35536194,-0.02441406
15.17892385,5285,-2.45389874,-1.79785044,-2.28659829,0.01792908,0.77391720,0.47492981,3.82928656,-1.74852954,-2.28790951,0.01805653,0.77735376,0.47492981,-2.55193646,-1.76542552,-2.30300148,0.02937317,0.82045651,0.46768188,0.11718750,0.00488281,0.00488281,-0.05859375,-0.19042969,0.01464844,0.39024353,1.35933738,1.35536194,-0.02441406
15.19292188,5290,-2.45389874,-1.79556163,-2.28469094,0.01792908,0.76857663,0.47492981,3.82928656,-1.74681617,-2.28608544,0.01797084,0.77273104,0.47492981,-2.54964765,-1.76504405,-2.30300148,0.02861023,0.81664181,0.46806335,0.12207031,0.00976562,0.00976562,-0.04394531,-0.23437500,0.00000000,0.39024353,1.36007684,1.35536194,-0.02441406
15.20484352,5295,-2.45389874,-1.79403575,-2.28354653,0.01792908,0.76399899,0.47492981,3.82928656,-1.74492953,-2.28452887,0.01794276,0.76756148,0.47492981,-2.54812177,-1.76504405,-2.30262001,0.02746582,0.81435299,0.46844482,0.13183594,0.02441406,0.01464844,-0.11718750,-0.19042969,0.01464844,0.39024353,1.36040118,1.35536194,-0.04882812
15.21921778,5300,-2.45389874,-1.79289134,-2.28125771,0.01792908,0.75903988,0.47492981,3.82928656,-1.74347160,-2.28273048,0.01793356,0.76269650,0.47492981,-2.54621442,-1.76428111,-2.30262001,0.02555847,0.81015683,0.46882629,0.11718750,0.03417969,0.00976562,-0.11718750,-0.23437500,-0.01464844,0.39100647,1.36121303,1.35536194,0.00000000
15.23275113,5305,-2.45389874,-1.79136546,-2.27935036,0.01792908,0.75713254,0.47492981,3.82928656,-1.74218722,-2.28089790,0.01793055,0.75935661,0.47492981,-2.54468854,-1.76389964,-2.30262001,0.02479553,0.80596066,0.46882629,0.12207031,0.04394531,0.01464844,-0.08789062,-0.32226562,-0.01464844,0.39100647,1.36163921,1.35536194,-0.04882812
15.24714327,5310,-2.45389874,-1.78983958,-2.27820595,0.01792908,0.75331784,0.47492981,3.82928656,-1.74065259,-2.27923844,0.01792956,0.75612963,0.47492981,-2.54316266,-1.76351817,-2.30223854,0.02441406,0.80176449,0.46958923,0.11718750,0.01464844,0.03417969,-0.04394531,-0.30761719,0.02929688,0.39138794,1.36222930,1.35536194,0.00000000
15.26280904,5315,-2.45389874,-1.78793223,-2.27668007,0.01792908,0.74874020,0.47492981,3.82928656,-1.73876728,-2.27766879,0.01792923,0.75179292,0.47492981,-2.54087384,-1.76275523,-2.30185707,0.02365112,0.79680539,0.47111511,0.10742188,0.02929688,0.02929688,-0.07324219,-0.17578125,0.05859375,0.39176941,1.36305767,1.35536194,0.00000000
15.27736259,5320,-2.45389874,-1.78678782,-2.27515419,0.01792908,0.74416256,0.47492981,3.82928656,-1.73738790,-2.27624771,0.01792913,0.74770292,0.47492981,-2.53934796,-1.76237376,-2.30109413,0.02326965,0.79527951,0.47149658,0.10253906,0.02441406,0.03417969,-0.01464844,-0.11718750,-0.01464844,0.39367676,1.36485670,1.35536194,0.00000000
15.29354215,5325,-2.45389874,-1.78526194,-2.27400978,0.01792908,0.73805905,0.47492981,3.82928656,-1.73599010,-2.27489350,0.01792909,0.74230948,0.47492981,-2.53744061,-1.76199229,-2.30071266,0.02288818,0.79260922,0.47149658,0.12207031,0.03417969,0.02929688,-0.02929688,-0.17578125,-0.01464844,0.39443970,1.36752775,1.35536194,-0.02441406
15.30560613,5330,-2.45389874,-1.78297312,-2.27248391,0.01792908,0.73462582,0.47492981,3.82928656,-1.73415585,-2.27355522,0.01792908,0.73769487,0.47492981,-2.53629620,-1.76161082,-2.30033120,0.02288818,0.79032040,0.47149658,0.12207031,0.01464844,0.05371094,-0.02929688,-0.17578125,-0.01464844,0.39520264,1.36919059,1.35536194,-0.02441406
15.32037354,5335,-2.45389874,-1.78182872,-2.27172097,0.01754761,0.73195553,0.47492981,3.82922553,-1.73259594,-2.27247240,0.01767261,0.73434841,0.47492981,-2.53477033,-1.76122935,-2.29956826,0.02288818,0.78688717,0.47149658,0.10253906,0.02929688,0.05859375,-0.02929688,-0.24902344,-0.02929688,0.39520264,1.36983313,1.35536194,-0.02441406
15.33380103,5340,-2.45428021,-1.78106578,-2.27057656,0.01754761,0.73119259,0.47492981,3.82908041,-1.73157967,-2.27144828,0.01758857,0.73232825,0.47492981,-2.53286298,-1.76046641,-2.29880532,0.02250671,0.78116513,0.47187805,0.08789062,0.03417969,0.02929688,-0.01464844,-0.30761719,0.00000000,0.39482117,1.36967136,1.35574341,0.00000000
15.34979296,5345,-2.45428021,-1.77953990,-2.27019509,0.01716614,0.73081112,0.47492981,3.82896254,-1.73037116,-2.27072487,0.01737487,0.73142740,0.47492981,-2.53171857,-1.75970347,-2.29842385,0.02250671,0.77773190,0.47187805,0.10742188,0.05371094,0.04394531,-0.02929688,-0.24902344,-0.01464844,0.39520264,1.36981489,1.35574341,-0.04882812
15.36235976,5350,-2.45428021,-1.77763255,-2.26943215,0.01640320,0.72890378,0.47492981,3.82892392,-1.72869281,-2.27006717,0.01690177,0.73019263,0.47492981,-2.53019269,-1.75932200,-2.29804238,0.02212524,0.77277279,0.47187805,0.10253906,0.02929688,0.02441406,-0.02929688,-0.29296875,0.00000000,0.39520264,1.36995958,1.35574341,0.00000000
15.37512445,5355,-2.45428021,-1.77686961,-2.26905068,0.01564026,0.72775937,0.47492981,3.82891126,-1.72737942,-2.26945408,0.01620402,0.72888726,0.47492981,-2.52866681,-1.75894053,-2.29766091,0.02174377,0.77048398,0.47187805,0.11230469,0.04394531,0.03906250,-0.02929688,-0.24902344,0.00000000,0.39482117,1.36991690,1.35612488,-0.02441406
15.38889980,5360,-2.45428021,-1.77648814,-2.26866921,0.01487732,0.72661496,0.47454834,3.82890711,-1.72654219,-2.26899671,0.01538237,0.72764129,0.47471240,-2.52714093,-1.75817759,-2.29727944,0.02174377,0.76743222,0.47225952,0.09765625,0.02929688,0.02929688,0.00000000,-0.19042969,0.00000000,0.39482117,1.36990291,1.35612488,0.00000000
15.40190125,5365,-2.45428021,-1.77572520,-2.26752480,0.01373291,0.72508908,0.47492981,3.82890576,-1.72578616,-2.26821854,0.01442379,0.72616806,0.47478826,-2.52599652,-1.75779612,-2.29689797,0.02174377,0.76476193,0.47225952,0.08789062,0.02441406,0.03906250,-0.02929688,-0.20507812,-0.01464844,0.39520264,1.37006654,1.35650635,-0.02441406
15.41373920,5370,-2.45428021,-1.77458079,-2.26714333,0.01258850,0.72432614,0.47492981,3.82890531,-1.72494919,-2.26752690,0.01347163,0.72514113,0.47484436,-2.52485211,-1.75741465,-2.29613503,0.02136230,0.76285458,0.47225952,0.10742188,0.03906250,0.05371094,-0.04394531,-0.14648438,0.00000000,0.39482117,1.36974785,1.35688782,0.00000000
15.42837524,5375,-2.45428021,-1.77381785,-2.26638039,0.01106262,0.72241879,0.47454834,3.82890516,-1.72402088,-2.26687522,0.01212154,0.72371172,0.47482552,-2.52370770,-1.75665171,-2.29537209,0.02059937,0.76056576,0.47225952,0.08789062,0.04882812,0.05859375,-0.07324219,-0.16113281,-0.01464844,0.39482117,1.36956529,1.35688782,0.02441406
15.44123077,5380,-2.45428021,-1.77305491,-2.26561745,0.00991821,0.72127438,0.47492981,3.82890512,-1.72320375,-2.26614874,0.01074176,0.72232354,0.47479554,-2.52218182,-1.75588877,-2.29499062,0.01945496,0.75827694,0.47225952,0.08300781,0.04882812,0.03417969,-0.10253906,-0.14648438,-0.01464844,0.39482117,1.36950547,1.35726929,0.02441406
15.45546889,5385,-2.45428021,-1.77229197,-2.26523598,0.00915527,0.72012997,0.47492981,3.82890510,-1.72256416,-2.26556632,0.00985531,0.72113050,0.47484675,-2.52103742,-1.75512583,-2.29460915,0.01792908,0.75522519,0.47264099,0.08789062,0.04394531,0.04882812,-0.14648438,-0.21972656,0.00000000,0.39482117,1.36948587,1.35726929,-0.04882812
15.46831226,5390,-2.45428021,-1.77152903,-2.26485451,0.00877380,0.71822262,0.47454834,3.82890510,-1.72178061,-2.26515807,0.00930837,0.71975653,0.47482630,-2.51989301,-1.75474436,-2.29422768,0.01640320,0.75293637,0.47264099,0.07324219,0.02929688,0.04394531,-0.16113281,-0.20507812,-0.01464844,0.39482117,1.36947945,1.35726929,-0.02441406
15.48398352,5395,-2.45428021,-1.77076609,-2.26409157,0.00762939,0.71593381,0.47492981,3.82890509,-1.72093084,-2.26456018,0.00843933,0.71754776,0.47489589,-2.51874860,-1.75398143,-2.29346474,0.01487732,0.74912167,0.47264099,0.09765625,0.02929688,0.03906250,-0.08789062,-0.20507812,0.00000000,0.39482117,1.36947734,1.35765076,-0.02441406
15.49683142,5400,-2.45428021,-1.76962168,-2.26371010,0.00572205,0.71440793,0.47492981,3.82890509,-1.71996305,-2.26405897,0.00696450,0.71571853,0.47486987,-2.51760419,-1.75359996,-2.29308327,0.01487732,0.74683285,0.47264099,0.07324219,0.03906250,0.03417969,-0.02929688,-0.10253906,-0.01464844,0.39482117,1.36947665,1.35765076,0.02441406
15.51064491,5405,-2.45428021,-1.76885874,-2.26294716,0.00381470,0.71326352,0.47492981,3.82890509,-1.71913299,-2.26349165,0.00524770,0.71428868,0.47491017,-2.51607831,-1.75283702,-2.29270180,0.01487732,0.74492550,0.47302246,0.08300781,0.02441406,0.03906250,-0.02929688,-0.10253906,0.01464844,0.39482117,1.36947643,1.35803223,0.02441406
15.52547479,5410,-2.45428021,-1.76733287,-2.26218422,0.00152588,0.71097470,0.47492981,3.82890509,-1.71805436,-2.26276303,0.00314632,0.71261043,0.47492337,-2.51493390,-1.75245555,-2.29193886,0.01487732,0.74339963,0.47302246,0.08300781,0.03906250,0.05859375,-0.01464844,-0.07324219,-0.02929688,0.39482117,1.36947635,1.35879517,0.00000000
15.53962016,5415,-2.45428021,-1.76656993,-2.26142128,-0.00038147,0.70906735,0.47492981,3.82890509,-1.71702977,-2.26207237,0.00110508,0.71059797,0.47492770,-2.51378949,-1.75169261,-2.29155739,0.01449585,0.74225522,0.47302246,0.08789062,0.03417969,0.03417969,-0.04394531,-0.05859375,-0.01464844,0.39482117,1.36947633,1.35917664,0.02441406
15.55300236,5420,-2.45428021,-1.76542552,-2.26065834,-0.00190735,0.70792294,0.47492981,3.82890509,-1.71608282,-2.26131115,-0.00055842,0.70913006,0.47492912,-2.51302655,-1.75131114,-2.29079445,0.01411438,0.74111081,0.47302246,0.05859375,0.04882812,0.06835938,-0.04394531,-0.08789062,0.00000000,0.39482117,1.36937867,1.36108398,0.17089844
15.56630588,5425,-2.45428021,-1.76428111,-2.25989540,-0.00305176,0.70677853,0.47492981,3.82890509,-1.71496406,-2.26042963,-0.00190417,0.70779957,0.47492958,-2.51150067,-1.75054820,-2.29003151,0.01335144,0.73844052,0.47340393,0.08789062,0.05371094,0.05859375,-0.08789062,-0.16113281,-0.01464844,0.39482117,1.36944432,1.36299133,0.00000000
15.58176756,5430,-2.45428021,-1.76237376,-2.25913246,-0.00495911,0.70525265,0.47492981,3.82890509,-1.71344646,-2.25962783,-0.00360602,0.70636896,0.47492974,-2.51073773,-1.74978526,-2.28965004,0.01144409,0.73538876,0.47340393,0.06347656,0.04882812,0.03417969,-0.14648438,-0.23437500,0.00000000,0.39482117,1.36946583,1.36337280,0.00000000
15.59454966,5435,-2.45428021,-1.76084788,-2.25836953,-0.00724792,0.70448971,0.47492981,3.82890509,-1.71186226,-2.25896202,-0.00547349,0.70529496,0.47492979,-2.50921185,-1.74902232,-2.28926857,0.01029968,0.73271847,0.47378540,0.09277344,0.04882812,0.03906250,-0.13183594,-0.20507812,0.00000000,0.39482117,1.36947288,1.36337280,0.00000000
15.60975194,5440,-2.45466168,-1.75894053,-2.25798806,-0.00877380,0.70258236,0.47492981,3.82864862,-1.71010963,-2.25842635,-0.00742283,0.70387211,0.47492980,-2.50844891,-1.74825938,-2.28888710,0.00762939,0.72966672,0.47378540,0.06347656,0.02441406,0.02929688,-0.16113281,-0.26367188,0.00000000,0.39482117,1.36947519,1.36337280,-0.04882812
15.62343049,5445,-2.45466168,-1.75703318,-2.25798806,-0.00877380,0.70181943,0.47492981,3.82856458,-1.70830424,-2.25813167,-0.00833112,0.70274254,0.47492981,-2.50730451,-1.74787791,-2.28812416,0.00686646,0.72661496,0.47378540,0.07812500,0.03417969,0.05371094,-0.08789062,-0.21972656,-0.01464844,0.39443970,1.36932336,1.36337280,-0.02441406
15.63765788,5450,-2.45504315,-1.75436290,-2.25798806,-0.00877380,0.70143796,0.47492981,3.82831183,-1.70608973,-2.25803512,-0.00862874,0.70204562,0.47492981,-2.50654157,-1.74711497,-2.28774269,0.00648499,0.72432614,0.47378540,0.04882812,0.03906250,0.02929688,-0.04394531,-0.11718750,0.00000000,0.39482117,1.36942620,1.36375427,-0.04882812
15.65031552,5455,-2.45542462,-1.75321849,-2.25798806,-0.00877380,0.70143796,0.47492981,3.82806042,-1.70414204,-2.25800348,-0.00872627,0.70163707,0.47492981,-2.50577863,-1.74635203,-2.28736122,0.00572205,0.72356320,0.47378540,0.06835938,0.04394531,0.03906250,-0.05859375,-0.04394531,-0.01464844,0.39520264,1.36961248,1.36375427,-0.02441406
15.66396761,5460,-2.45542462,-1.75092967,-2.25798806,-0.00915527,0.70105649,0.47492981,3.82785890,-1.70214517,-2.25799311,-0.00898345,0.70131705,0.47492981,-2.50501569,-1.74597056,-2.28659829,0.00457764,0.72241879,0.47416687,0.06835938,0.05371094,0.04882812,-0.13183594,-0.07324219,-0.01464844,0.39520264,1.36987372,1.36413574,-0.02441406
15.67766833,5465,-2.45542462,-1.74787791,-2.25798806,-0.00953674,0.70029355,0.47492981,3.82779287,-1.69959728,-2.25798971,-0.00917526,0.70077932,0.47492981,-2.50387128,-1.74482615,-2.28583535,0.00343323,0.72089291,0.47416687,0.07812500,0.06347656,0.05859375,-0.05859375,-0.08789062,-0.01464844,0.39520264,1.36999741,1.36413574,-0.02441406
15.69082975,5470,-2.45580609,-1.74597056,-2.25798806,-0.00953674,0.69991208,0.47492981,3.82758507,-1.69732184,-2.25798860,-0.00934798,0.70026657,0.47492981,-2.50272687,-1.74406321,-2.28507241,0.00267029,0.72012997,0.47416687,0.05371094,0.05859375,0.06347656,-0.05859375,-0.01464844,-0.01464844,0.39520264,1.37016001,1.36413574,-0.02441406
15.70586824,5475,-2.45580609,-1.74368174,-2.25798806,-0.00915527,0.69991208,0.47492981,3.82744667,-1.69507647,-2.25798823,-0.00939860,0.70002824,0.47492981,-2.50196393,-1.74291880,-2.28469094,0.00228882,0.72012997,0.47416687,0.06347656,0.07324219,0.04882812,-0.04394531,-0.01464844,-0.01464844,0.39520264,1.37021329,1.36413574,-0.02441406
15.71900463,5480,-2.45618756,-1.74101145,-2.25798806,-0.00953674,0.69953061,0.47492981,3.82721516,-1.69257667,-2.25798811,-0.00949147,0.69972492,0.47492981,-2.50120099,-1.74177439,-2.28392800,0.00152588,0.71860409,0.47416687,0.07324219,0.06835938,0.03417969,-0.07324219,-0.07324219,-0.01464844,0.39558411,1.37060306,1.36451721,-0.02441406
15.73275280,5485,-2.45618756,-1.73872264,-2.25798806,-0.00953674,0.69876767,0.47492981,3.82706899,-1.69022848,-2.25798807,-0.00952191,0.69929277,0.47492981,-2.50043805,-1.74101145,-2.28354653,-0.00038147,0.71784115,0.47416687,0.05371094,0.06835938,0.04882812,-0.13183594,-0.02929688,-0.01464844,0.39596558,1.37110212,1.36489868,-0.02441406
15.74714780,5490,-2.45618756,-1.73643382,-2.25798806,-0.00953674,0.69838620,0.47492981,3.82706992,-1.68787919,-2.25798806,-0.00953188,0.69886344,0.47492981,-2.49967511,-1.73986705,-2.28316506,-0.00152588,0.71707821,0.47416687,0.05371094,0.06835938,0.02441406,-0.10253906,-0.04394531,-0.02929688,0.39634705,1.37184109,1.36489868,-0.02441406
15.76122546,5495,-2.45618756,-1.73414500,-2.25798806,-0.00953674,0.69800473,0.47492981,3.82702139,-1.68558032,-2.25798806,-0.00953515,0.69840525,0.47492981,-2.49853070,-1.73910411,-2.28278359,-0.00228882,0.71593381,0.47416687,0.06835938,0.05859375,0.03417969,-0.05859375,-0.08789062,0.00000000,0.39672852,1.37245555,1.36528015,-0.02441406
15.77755451,5500,-2.45618756,-1.73147471,-2.25798806,-0.00953674,0.69724179,0.47492981,3.82700549,-1.68305323,-2.25798806,-0.00953622,0.69774217,0.47492981,-2.49776776,-1.73795970,-2.28240212,-0.00228882,0.71326352,0.47416687,0.03417969,0.07324219,0.03906250,-0.02929688,-0.14648438,-0.02929688,0.39901733,1.37493278,1.36528015,0.00000000
15.78954244,5505,-2.45618756,-1.72956736,-2.25798806,-0.00953674,0.69647885,0.47492981,3.82700028,-1.68076262,-2.25798806,-0.00953657,0.69699438,0.47492981,-2.49700482,-1.73719676,-2.28202065,-0.00267029,0.71135617,0.47416687,0.05371094,0.06835938,0.02929688,-0.04394531,-0.16113281,-0.02929688,0.40054321,1.37883338,1.36566162,0.02441406
15.80339885,5510,-2.45618756,-1.72689707,-2.25798806,-0.00953674,0.69609738,0.47492981,3.82699858,-1.67834566,-2.25798806,-0.00953669,0.69642256,0.47492981,-2.49624188,-1.73605235,-2.28163918,-0.00419617,0.70983029,0.47416687,0.03417969,0.08300781,0.03906250,-0.11718750,-0.07324219,-0.01464844,0.40092468,1.38068697,1.36680603,0.00000000
15.81840110,5515,-2.45618756,-1.72498973,-2.25798806,-0.00953674,0.69609738,0.47492981,3.82699802,-1.67628352,-2.25798806,-0.00953672,0.69620393,0.47492981,-2.49586041,-1.73490794,-2.28125771,-0.00419617,0.70868588,0.47416687,0.04882812,0.06347656,0.02929688,-0.01464844,-0.05859375,-0.02929688,0.40130615,1.38150944,1.36718750,0.00000000
15.83127165,5520,-2.45618756,-1.72308238,-2.25798806,-0.00991821,0.69571591,0.47492981,3.82699783,-1.67429420,-2.25798806,-0.00961303,0.69594614,0.47492981,-2.49471600,-1.73376353,-2.28049477,-0.00419617,0.70754147,0.47416687,0.06347656,0.08789062,0.04882812,-0.02929688,-0.08789062,-0.01464844,0.40130615,1.38206118,1.36756897,0.00000000
15.84511065,5525,-2.45618756,-1.72155650,-2.25798806,-0.01029968,0.69495297,0.47492981,3.82699777,-1.67253639,-2.25798806,-0.00989450,0.69539755,0.47492981,-2.49395307,-1.73300059,-2.28011330,-0.00419617,0.70677853,0.47416687,0.03417969,0.05371094,0.03906250,0.00000000,-0.00000000,-0.02929688,0.40130615,1.38232010,1.36833191,0.00000000
15.85884976,5530,-2.45618756,-1.72003062,-2.25798806,-0.01106262,0.69419003,0.47492981,3.82699775,-1.67080316,-2.25798806,-0.01042937,0.69476589,0.47492981,-2.49357160,-1.73185618,-2.27973183,-0.00419617,0.70677853,0.47416687,0.04394531,0.08789062,0.03906250,-0.01464844,0.02929688,-0.01464844,0.40130615,1.38240494,1.36833191,0.02441406
15.87263918,5535,-2.45618756,-1.71850474,-2.25798806,-0.01144409,0.69380856,0.47492981,3.82699775,-1.66924059,-2.25798806,-0.01099245,0.69424140,0.47492981,-2.49242719,-1.73071177,-2.27935036,-0.00457764,0.70639706,0.47454834,0.06347656,0.07324219,0.03417969,-0.04394531,-0.01464844,-0.01464844,0.40130615,1.38243274,1.36909485,-0.04882812
15.88547063,5540,-2.45618756,-1.71697886,-2.25798806,-0.01144409,0.69304562,0.47492981,3.82699775,-1.66770268,-2.25798806,-0.01129610,0.69350777,0.47492981,-2.49204572,-1.72956736,-2.27896889,-0.00495911,0.70487118,0.47454834,0.04882812,0.08300781,0.04394531,-0.04394531,-0.10253906,-0.01464844,0.40130615,1.38244185,1.36909485,0.02441406
15.89968419,5545,-2.45618756,-1.71583445,-2.25798806,-0.01144409,0.69151974,0.47492981,3.82699775,-1.66632777,-2.25798806,-0.01139560,0.69229032,0.47492981,-2.49166425,-1.72842295,-2.27820595,-0.00495911,0.70258236,0.47454834,0.02441406,0.07812500,0.02929688,-0.01464844,-0.13183594,-0.02929688,0.40130615,1.38244483,1.36909485,-0.02441406
15.91383338,5550,-2.45618756,-1.71507151,-2.25798806,-0.01182556,0.69151974,0.47531128,3.82699775,-1.66536430,-2.25798806,-0.01168467,0.69177224,0.47506714,-2.49051984,-1.72727854,-2.27782448,-0.00534058,0.70143796,0.47454834,0.05371094,0.06835938,0.03417969,-0.04394531,-0.07324219,-0.01464844,0.40130615,1.38244581,1.36985779,0.00000000
15.92816281,5555,-2.45618756,-1.71469004,-2.25798806,-0.01182556,0.69151974,0.47492981,3.82699775,-1.66467298,-2.25798806,-0.01177939,0.69160248,0.47503584,-2.49013837,-1.72613414,-2.27744301,-0.00686646,0.70029355,0.47454834,0.04882812,0.08789062,0.02929688,-0.11718750,-0.07324219,0.00000000,0.40130615,1.38244613,1.37023926,0.00000000
15.94027805,5560,-2.45618756,-1.71392710,-2.25798806,-0.01182556,0.69113827,0.47492981,3.82699775,-1.66414493,-2.25798806,-0.01181043,0.69129039,0.47496456,-2.48975690,-1.72498973,-2.27744301,-0.00839233,0.69953061,0.47454834,0.02929688,0.07324219,0.03417969,-0.11718750,-0.02929688,0.00000000,0.40130615,1.38244624,1.37138367,0.07324219
15.95465994,5565,-2.45618756,-1.71278269,-2.25798806,-0.01220703,0.69113827,0.47492981,3.82699775,-1.66327281,-2.25798806,-0.01194573,0.69118812,0.47494120,-2.48899396,-1.72384532,-2.27668007,-0.00915527,0.69953061,0.47454834,0.03906250,0.07324219,0.02929688,-0.07324219,0.01464844,0.00000000,0.40092468,1.38229368,1.37290955,0.12207031
15.96859431,5570,-2.45618756,-1.71278269,-2.25798806,-0.01220703,0.69113827,0.47531128,3.82699775,-1.66270529,-2.25798806,-0.01212141,0.69115461,0.47507087,-2.48823102,-1.72270091,-2.27668007,-0.00953674,0.69953061,0.47454834,0.04882812,0.08300781,0.02929688,-0.02929688,0.01464844,0.00000000,0.40130615,1.38233378,1.37329102,0.00000000
15.98469496,5575,-2.45618756,-1.71201976,-2.25798806,-0.01258850,0.69151974,0.47492981,3.82699775,-1.66218656,-2.25798806,-0.01243544,0.69128095,0.47512496,-2.48746808,-1.72155650,-2.27629860,-0.00991821,0.69953061,0.47454834,0.02929688,0.05859375,0.02441406,-0.04394531,-0.00000000,0.00000000,0.40130615,1.38231177,1.37367249,-0.02441406
15.99912882,5580,-2.45618756,-1.71125682,-2.25798806,-0.01258850,0.69113827,0.47531128,3.82699775,-1.66147386,-2.25798806,-0.01253835,0.69136520,0.47525023,-2.48708661,-1.72041209,-2.27591713,-0.01029968,0.69914914,0.47454834,0.02441406,0.08789062,0.04394531,-0.04394531,-0.00000000,-0.01464844,0.40092468,1.38210900,1.37405396,0.02441406
16.01089740,5585,-2.45618756,-1.71087535,-2.25798806,-0.01296997,0.69151974,0.47531128,3.82699775,-1.66086471,-2.25798806,-0.01264836,0.69143004,0.47519118,-2.48670514,-1.71964915,-2.27553566,-0.01106262,0.69876767,0.47454834,0.03417969,0.05859375,0.02441406,-0.05859375,-0.02929688,-0.01464844,0.40092468,1.38210505,1.37405396,-0.02441406
16.02574539,5590,-2.45618756,-1.71049388,-2.25798806,-0.01335144,0.69151974,0.47531128,3.82699775,-1.66055756,-2.25798806,-0.01300191,0.69149035,0.47527192,-2.48594220,-1.71850474,-2.27515419,-0.01106262,0.69800473,0.47454834,0.05859375,0.08789062,0.02441406,-0.02929688,-0.01464844,-0.02929688,0.40130615,1.38227197,1.37405396,-0.02441406
16.04104090,5595,-2.45618756,-1.71011241,-2.25798806,-0.01525879,0.69190121,0.47531128,3.82699775,-1.66009058,-2.25798806,-0.01400851,0.69158640,0.47529838,-2.48517926,-1.71736033,-2.27477272,-0.01106262,0.69762326,0.47454834,0.03417969,0.08789062,0.02929688,-0.01464844,-0.02929688,-0.01464844,0.40092468,1.38223658,1.37443542,-0.02441406
16.05656862,5600,-2.45618756,-1.70934947,-2.25798806,-0.01640320,0.69190121,0.47531128,3.82710761,-1.65956574,-2.25798806,-0.01533677,0.69179806,0.47530705,-2.48479779,-1.71621592,-2.27477272,-0.01106262,0.69647885,0.47454834,0.03417969,0.06835938,0.01953125,-0.01464844,-0.02929688,-0.01464844,0.40130615,1.38201722,1.37481689,-0.02441406
16.07077694,5605,-2.45618756,-1.70934947,-2.25798806,-0.01640320,0.69228268,0.47531128,3.82703375,-1.65918233,-2.25798806,-0.01605375,0.69205357,0.47530989,-2.48403485,-1.71507151,-2.27439125,-0.01106262,0.69647885,0.47454834,0.04882812,0.07324219,0.01953125,-0.01464844,0.01464844,-0.01464844,0.40130615,1.38202347,1.37481689,-0.02441406
16.08536887,5610,-2.45618756,-1.70934947,-2.25760659,-0.01640320,0.69266415,0.47531128,3.82700954,-1.65905670,-2.25780190,-0.01628869,0.69233273,0.47531083,-2.48327191,-1.71392710,-2.27400978,-0.01144409,0.69647885,0.47454834,0.02441406,0.06835938,0.02929688,-0.01464844,0.01464844,-0.01464844,0.40130615,1.38194739,1.37481689,0.00000000
16.10093689,5615,-2.45618756,-1.70934947,-2.25760659,-0.01640320,0.69304562,0.47531128,3.82700161,-1.65901553,-2.25767059,-0.01636568,0.69274171,0.47531113,-2.48327191,-1.71278269,-2.27362831,-0.01144409,0.69571591,0.47454834,0.01953125,0.06835938,0.03417969,0.00000000,-0.01464844,0.00000000,0.40130615,1.38208261,1.37519836,-0.02441406
16.11404920,5620,-2.45618756,-1.70934947,-2.25684365,-0.01678467,0.69342709,0.47531128,3.82699901,-1.65900204,-2.25732604,-0.01664737,0.69317125,0.47531123,-2.48250897,-1.71201976,-2.27324684,-0.01144409,0.69533444,0.47454834,0.04394531,0.06347656,0.02929688,-0.04394531,-0.00000000,-0.01464844,0.40092468,1.38193625,1.37557983,0.02441406
16.12892056,5625,-2.45618756,-1.70934947,-2.25608071,-0.01754761,0.69342709,0.47531128,3.82699816,-1.65899762,-2.25667823,-0.01713348,0.69341357,0.47531126,-2.48212750,-1.71049388,-2.27286537,-0.01182556,0.69571591,0.47454834,0.02929688,0.06835938,0.02441406,-0.02929688,0.02929688,-0.01464844,0.40130615,1.38215709,1.37557983,0.00000000
16.14324236,5630,-2.45618756,-1.70934947,-2.25531777,-0.01869202,0.69342709,0.47531128,3.82699788,-1.65899617,-2.25591396,-0.01803092,0.69342266,0.47531127,-2.48136456,-1.70973094,-2.27286537,-0.01182556,0.69533444,0.47454834,0.02441406,0.08300781,0.01953125,-0.01464844,-0.00000000,-0.01464844,0.40130615,1.38235152,1.37596130,0.02441406
16.15848160,5635,-2.45618756,-1.70934947,-2.25379189,-0.01983643,0.69304562,0.47531128,3.82699779,-1.65899569,-2.25470795,-0.01909441,0.69328831,0.47531128,-2.48098309,-1.70858653,-2.27248391,-0.01220703,0.69533444,0.47454834,0.02441406,0.06347656,0.02441406,-0.04394531,0.01464844,0.00000000,0.40130615,1.38241524,1.37634277,0.00000000
16.17302704,5640,-2.45618756,-1.70934947,-2.25302895,-0.02098083,0.69304562,0.47531128,3.82699776,-1.65899554,-2.25372951,-0.02011220,0.69312515,0.47531128,-2.48060162,-1.70744212,-2.27210244,-0.01258850,0.69495297,0.47492981,0.02929688,0.07812500,0.03417969,-0.04394531,-0.01464844,-0.02929688,0.40130615,1.38243611,1.37672424,0.00000000
16.18874073,5645,-2.45618756,-1.70934947,-2.25188454,-0.02288818,0.69266415,0.47531128,3.82699775,-1.65899549,-2.25267855,-0.02163871,0.69281521,0.47531128,-2.48022015,-1.70629771,-2.27172097,-0.01335144,0.69457150,0.47454834,0.02441406,0.07324219,0.04394531,-0.05859375,-0.00000000,-0.04394531,0.40130615,1.38232088,1.37786865,0.02441406
16.20191646,5650,-2.45618756,-1.70934947,-2.25112160,-0.02441406,0.69228268,0.47531128,3.82699775,-1.65899547,-2.25173335,-0.02337182,0.69257632,0.47531128,-2.47945722,-1.70553477,-2.27095803,-0.01411438,0.69457150,0.47492981,0.03417969,0.05371094,0.02929688,-0.04394531,0.02929688,-0.02929688,0.40130615,1.38240520,1.37863159,0.00000000
16.21522260,5655,-2.45618756,-1.70934947,-2.24959572,-0.02670288,0.69190121,0.47531128,3.82699775,-1.65899547,-2.25048563,-0.02530277,0.69224157,0.47531128,-2.47907575,-1.70477183,-2.27095803,-0.01449585,0.69495297,0.47492981,0.02929688,0.04882812,0.02929688,-0.05859375,0.02929688,0.00000000,0.40092468,1.38209567,1.37863159,-0.02441406
16.22731328,5660,-2.45618756,-1.70934947,-2.24806984,-0.02899170,0.69151974,0.47531128,3.82699775,-1.65899546,-2.24914319,-0.02732100,0.69182658,0.47531128,-2.47869428,-1.70400889,-2.27057656,-0.01564026,0.69495297,0.47454834,0.02441406,0.05371094,0.03417969,-0.07324219,0.01464844,-0.01464844,0.40092468,1.38205674,1.37901306,-0.02441406
16.24268150,5665,-2.45618756,-1.70934947,-2.24654396,-0.03128052,0.69113827,0.47531128,3.82699775,-1.65899546,-2.24774773,-0.02929263,0.69143413,0.47531128,-2.47831281,-1.70324595,-2.26981362,-0.01640320,0.69457150,0.47454834,0.01464844,0.03906250,0.03417969,-0.08789062,-0.01464844,-0.02929688,0.40092468,1.38180570,1.37901306,-0.02441406
16.25616336,5670,-2.45618756,-1.70934947,-2.24578102,-0.03356934,0.69075680,0.47569275,3.82699775,-1.65899546,-2.24667596,-0.03159910,0.69101781,0.47538757,-2.47793134,-1.70248301,-2.26981362,-0.01716614,0.69419003,0.47454834,0.03417969,0.05371094,0.03906250,-0.10253906,-0.01464844,-0.01464844,0.40092468,1.38172344,1.37901306,-0.02441406
16.26813769,5675,-2.45618756,-1.70934947,-2.24539955,-0.03509521,0.69113827,0.47531128,3.82699775,-1.65899546,-2.24588812,-0.03380898,0.69109880,0.47542417,-2.47754987,-1.70172007,-2.26943215,-0.01907349,0.69419003,0.47492981,0.02441406,0.05859375,0.03906250,-0.13183594,-0.00000000,-0.01464844,0.40092468,1.38169649,1.37901306,0.00000000
16.28055906,5680,-2.45618756,-1.70934947,-2.24501808,-0.03547668,0.69113827,0.47569275,3.82699775,-1.65899546,-2.24530318,-0.03493021,0.69112534,0.47555591,-2.47716840,-1.70133860,-2.26905068,-0.01983643,0.69419003,0.47492981,0.03417969,0.03906250,0.02441406,-0.05859375,0.01464844,-0.01464844,0.40092468,1.38168765,1.37939453,0.02441406
16.29355574,5685,-2.45618756,-1.70934947,-2.24501808,-0.03585815,0.69113827,0.47531128,3.82699775,-1.65899546,-2.24511150,-0.03537391,0.69113403,0.47548373,-2.47678693,-1.70057566,-2.26866921,-0.02021790,0.69419003,0.47492981,0.00488281,0.04394531,0.02441406,-0.05859375,0.02929688,0.00000000,0.40130615,1.38183735,1.37939453,-0.02441406
16.30767608,5690,-2.45618756,-1.70934947,-2.24501808,-0.03662109,0.69151974,0.47569275,3.82699775,-1.65899546,-2.24504870,-0.03596193,0.69132304,0.47547533,-2.47678693,-1.69981272,-2.26828774,-0.02098083,0.69419003,0.47492981,0.00976562,0.05371094,0.04394531,-0.05859375,0.01464844,-0.01464844,0.40092468,1.38173381,1.37939453,-0.02441406
16.32135081,5695,-2.45618756,-1.70934947,-2.24501808,-0.03814697,0.69151974,0.47569275,3.82699775,-1.65899546,-2.24502812,-0.03703010,0.69145529,0.47558244,-2.47602399,-1.69904978,-2.26752480,-0.02212524,0.69342709,0.47492981,0.03417969,0.05371094,0.04882812,-0.08789062,-0.02929688,-0.01464844,0.40092468,1.38169989,1.37939453,0.00000000
16.33575368,5700,-2.45618756,-1.70934947,-2.24501808,-0.03967285,0.69190121,0.47569275,3.82699775,-1.65899546,-2.24502137,-0.03856420,0.69172384,0.47565660,-2.47564252,-1.69828685,-2.26714333,-0.02288818,0.69304562,0.47492981,0.01953125,0.04394531,0.02929688,-0.10253906,-0.01464844,-0.01464844,0.40054321,1.38141411,1.37939453,-0.02441406
16.34860325,5705,-2.45618756,-1.70934947,-2.24501808,-0.04119873,0.69190121,0.47607422,3.82699775,-1.65899546,-2.24501916,-0.03991699,0.69184309,0.47575720,-2.47526105,-1.69752391,-2.26676186,-0.02403259,0.69342709,0.47492981,0.02441406,0.03906250,0.02929688,-0.07324219,0.02929688,0.00000000,0.40054321,1.38114469,1.37939453,0.00000000
16.36182332,5710,-2.45618756,-1.70934947,-2.24501808,-0.04196167,0.69190121,0.47607422,3.82699775,-1.65899546,-2.24501844,-0.04117253,0.69188217,0.47597034,-2.47487958,-1.69676097,-2.26638039,-0.02517700,0.69342709,0.47492981,0.02441406,0.05371094,0.03417969,-0.14648438,-0.00000000,-0.01464844,0.40054321,1.38099390,1.37977600,-0.02441406
16.37703013,5715,-2.45618756,-1.70934947,-2.24501808,-0.04196167,0.69190121,0.47721863,3.82699775,-1.65899546,-2.24501820,-0.04170308,0.69189497,0.47659816,-2.47487958,-1.69599803,-2.26599892,-0.02708435,0.69304562,0.47492981,0.00976562,0.04882812,0.04394531,-0.14648438,-0.01464844,-0.01464844,0.40054321,1.38094449,1.37939453,-0.02441406
16.38936996,5720,-2.45618756,-1.70934947,-2.24501808,-0.04196167,0.69190121,0.47798157,3.82699775,-1.65899546,-2.24501812,-0.04187694,0.69189917,0.47737786,-2.47449811,-1.69561656,-2.26523598,-0.02822876,0.69304562,0.47492981,0.02441406,0.05371094,0.02441406,-0.08789062,0.01464844,0.00000000,0.40054321,1.38092830,1.37977600,0.00000000
16.40525866,5725,-2.45618756,-1.70934947,-2.24501808,-0.04234314,0.69190121,0.47874451,3.82699775,-1.65899546,-2.24501810,-0.04212006,0.69190054,0.47822637,-2.47411664,-1.69485362,-2.26523598,-0.02937317,0.69304562,0.47492981,0.00976562,0.03906250,0.02441406,-0.10253906,0.02929688,-0.01464844,0.40054321,1.38092300,1.37977600,-0.04882812
16.41904068,5730,-2.45618756,-1.70934947,-2.24501808,-0.04234314,0.69228268,0.47874451,3.82699775,-1.65899546,-2.24501809,-0.04227004,0.69202611,0.47857472,-2.47373517,-1.69409068,-2.26485451,-0.03013611,0.69304562,0.47531128,0.01464844,0.02441406,0.03417969,-0.07324219,0.02929688,0.00000000,0.40054321,1.38092126,1.37977600,-0.02441406
16.43442535,5735,-2.45618756,-1.70934947,-2.24501808,-0.04234314,0.69228268,0.47874451,3.82699775,-1.65899546,-2.24501809,-0.04231919,0.69219861,0.47868887,-2.47373517,-1.69370921,-2.26409157,-0.03051758,0.69266415,0.47531128,0.01464844,0.04394531,0.03417969,-0.04394531,-0.01464844,-0.01464844,0.40054321,1.38092069,1.37977600,-0.04882812
16.44775033,5740,-2.45618756,-1.70934947,-2.24501808,-0.04234314,0.69266415,0.47874451,3.82699775,-1.65899546,-2.24501809,-0.04233529,0.69243152,0.47872628,-2.47297223,-1.69294627,-2.26409157,-0.03128052,0.69304562,0.47531128,0.02929688,0.03906250,0.03417969,-0.07324219,0.04394531,0.00000000,0.40054321,1.38104257,1.37977600,-0.02441406
16.46106887,5745,-2.45618756,-1.70934947,-2.24501808,-0.04234314,0.69304562,0.47874451,3.82699775,-1.65899546,-2.24501808,-0.04234057,0.69277408,0.47873853,-2.47259076,-1.69218333,-2.26371010,-0.03242493,0.69304562,0.47531128,0.02441406,0.05371094,0.01953125,-0.10253906,0.01464844,-0.01464844,0.40092468,1.38119115,1.37977600,-0.02441406
16.47601938,5750,-2.45618756,-1.70934947,-2.24501808,-0.04234314,0.69342709,0.47874451,3.82699775,-1.65899546,-2.24501808,-0.04234230,0.69314280,0.47874255,-2.47220929,-1.69180186,-2.26332863,-0.03356934,0.69304562,0.47569275,0.01953125,0.04882812,0.01953125,-0.08789062,-0.00000000,-0.01464844,0.40054321,1.38100913,1.37977600,-0.02441406
16.48987746,5755,-2.45618756,-1.70934947,-2.24501808,-0.04234314,0.69419003,0.47874451,3.82699775,-1.65899546,-2.24501808,-0.04234286,0.69377656,0.47874387,-2.47220929,-1.69103892,-2.26294716,-0.03471375,0.69304562,0.47569275,0.00488281,0.04882812,0.02929688,-0.10253906,0.01464844,-0.02929688,0.40054321,1.38094948,1.37977600,0.00000000
16.50432563,5760,-2.45618756,-1.70934947,-2.24501808,-0.04234314,0.69533444,0.47874451,3.82699775,-1.65899546,-2.24501808,-0.04234305,0.69463450,0.47874430,-2.47182782,-1.69027598,-2.26256569,-0.03623962,0.69266415,0.47569275,0.00976562,0.02929688,0.02929688,-0.10253906,-0.00000000,0.00000000,0.40092468,1.38108252,1.37977600,-0.04882812
16.51818466,5765,-2.45618756,-1.70934947,-2.24501808,-0.04234314,0.69647885,0.47874451,3.82699775,-1.65899546,-2.24501808,-0.04234311,0.69566307,0.47877569,-2.47182782,-1.68989451,-2.26256569,-0.03662109,0.69266415,0.47569275,0.01953125,0.03906250,0.02441406,-0.08789062,-0.00000000,-0.01464844,0.40054321,1.38097353,1.37977600,-0.02441406
16.53149629,5770,-2.45618756,-1.70934947,-2.24501808,-0.04234314,0.69724179,0.47874451,3.82699775,-1.65899546,-2.24501808,-0.04234313,0.69651305,0.47875472,-2.47106488,-1.68913157,-2.26218422,-0.03738403,0.69304562,0.47607422,0.01464844,0.02929688,0.02929688,-0.02929688,0.02929688,0.00000000,0.40054321,1.38103547,1.37977600,-0.04882812
16.54563761,5775,-2.45618756,-1.70934947,-2.24501808,-0.04234314,0.69800473,0.47874451,3.82699775,-1.65899546,-2.24501808,-0.04234314,0.69732648,0.47874785,-2.47106488,-1.68836863,-2.26180275,-0.03776550,0.69304562,0.47607422,0.00976562,0.04394531,0.03417969,-0.02929688,0.02929688,-0.01464844,0.40054321,1.38114268,1.37977600,-0.02441406
16.56016588,5780,-2.45618756,-1.70934947,-2.24501808,-0.04234314,0.69991208,0.47874451,3.82699775,-1.65899546,-2.24501808,-0.04234314,0.69873426,0.47874560,-2.47068341,-1.68798716,-2.26142128,-0.03776550,0.69304562,0.47645569,0.02441406,0.02929688,0.01953125,-0.01464844,0.02929688,0.01464844,0.40092468,1.38142806,1.38015747,-0.02441406
16.57306504,5785,-2.45618756,-1.70934947,-2.24501808,-0.04234314,0.70105649,0.47874451,3.82699775,-1.65899546,-2.24501808,-0.04234314,0.70005726,0.47874487,-2.47030194,-1.68760569,-2.26103981,-0.03776550,0.69342709,0.47645569,0.00976562,0.03417969,0.03417969,-0.02929688,0.04394531,0.00000000,0.40092468,1.38150204,1.38015747,-0.02441406
16.58973956,5790,-2.45618756,-1.70934947,-2.24501808,-0.04234314,0.70258236,0.47874451,3.82699775,-1.65899546,-2.24501808,-0.04234314,0.70150298,0.47874462,-2.47030194,-1.68684275,-2.26065834,-0.03776550,0.69342709,0.47683716,0.00976562,0.03906250,0.02929688,-0.01464844,-0.00000000,0.00000000,0.40092468,1.38162394,1.38015747,0.00000000
16.60353923,5795,-2.45618756,-1.70934947,-2.24501808,-0.04234314,0.70410824,0.47874451,3.82699775,-1.65899546,-2.24501808,-0.04234314,0.70285367,0.47874455,-2.46992047,-1.68646128,-2.26027687,-0.03776550,0.69342709,0.47760010,0.01464844,0.01953125,0.02929688,-0.01464844,0.02929688,0.04394531,0.40092468,1.38166388,1.38015747,-0.02441406
16.61814404,5800,-2.45618756,-1.70934947,-2.24501808,-0.04234314,0.70525265,0.47874451,3.82699775,-1.65899546,-2.24501808,-0.04234314,0.70413599,0.47874452,-2.46953900,-1.68607981,-2.25989540,-0.03814697,0.69380856,0.47912598,0.02441406,0.04394531,0.02929688,-0.02929688,0.04394531,0.07324219,0.40130615,1.38192721,1.38015747,-0.02441406
16.63053346,5805,-2.45618756,-1.70934947,-2.24501808,-0.04234314,0.70601559,0.47874451,3.82699775,-1.65899546,-2.24501808,-0.04234314,0.70524929,0.47874451,-2.46953900,-1.68531687,-2.25989540,-0.03852844,0.69380856,0.47950745,0.00976562,0.03417969,0.02441406,-0.02929688,0.01464844,0.00000000,0.40130615,1.38221370,1.38015747,0.00000000
16.64322543,5810,-2.45618756,-1.70934947,-2.24501808,-0.04234314,0.70716000,0.47874451,3.82699775,-1.65899546,-2.24501808,-0.04234314,0.70629562,0.47874451,-2.46915753,-1.68493540,-2.25951393,-0.03852844,0.69419003,0.47950745,0.00488281,0.03906250,0.01953125,-0.01464844,0.04394531,-0.01464844,0.40130615,1.38237007,1.38015747,0.00000000
16.65715647,5815,-2.45618756,-1.70934947,-2.24501808,-0.04234314,0.70754147,0.47874451,3.82699775,-1.65899546,-2.24501808,-0.04234314,0.70701409,0.47874451,-2.46915753,-1.68455394,-2.25951393,-0.03890991,0.69457150,0.47950745,0.01953125,0.01953125,0.02441406,-0.04394531,0.05859375,0.00000000,0.40130615,1.38242131,1.38015747,-0.02441406
16.66981506,5820,-2.45618756,-1.70934947,-2.24501808,-0.04272461,0.70792294,0.47874451,3.82699775,-1.65899546,-2.24501808,-0.04246826,0.70750599,0.47874451,-2.46877606,-1.68417247,-2.25913246,-0.03929138,0.69533444,0.47912598,0.01953125,0.03417969,0.02929688,-0.04394531,0.04394531,-0.02929688,0.40130615,1.38265783,1.38015747,-0.02441406
16.68523598,5825,-2.45618756,-1.70934947,-2.24501808,-0.04272461,0.70792294,0.47874451,3.82699775,-1.65899546,-2.24501808,-0.04259178,0.70778631,0.47874451,-2.46839459,-1.68379100,-2.25875099,-0.03967285,0.69571591,0.47950745,0.00488281,0.01953125,0.02929688,-0.04394531,0.07324219,-0.01464844,0.40168762,1.38293089,1.38015747,-0.02441406
16.70038939,5830,-2.45618756,-1.70934947,-2.24501808,-0.04272461,0.70792294,0.47874451,3.82699775,-1.65899546,-2.24501808,-0.04268108,0.70787817,0.47874451,-2.46839459,-1.68302806,-2.25836953,-0.04005432,0.69686032,0.47912598,0.00000000,0.04394531,0.02441406,-0.04394531,0.08789062,0.00000000,0.40168762,1.38311802,1.38015747,-0.02441406
16.71563196,5835,-2.45618756,-1.70934947,-2.24501808,-0.04272461,0.70792294,0.47874451,3.82699775,-1.65899546,-2.24501808,-0.04271035,0.70790827,0.47874451,-2.46801312,-1.68264659,-2.25798806,-0.04043579,0.69800473,0.47912598,0.00488281,0.00976562,0.01953125,-0.04394531,0.07324219,-0.01464844,0.40168762,1.38317934,1.38015747,-0.02441406
16.72895813,5840,-2.45618756,-1.70934947,-2.24501808,-0.04272461,0.70792294,0.47874451,3.82699775,-1.65899546,-2.24501808,-0.04271994,0.70776921,0.47874451,-2.46801312,-1.68226512,-2.25798806,-0.04081726,0.69876767,0.47950745,0.01464844,0.03417969,0.01953125,-0.01464844,0.08789062,-0.02929688,0.40168762,1.38319944,1.38053894,0.00000000
16.74311209,5845,-2.45618756,-1.70934947,-2.24501808,-0.04272461,0.70754147,0.47874451,3.82699775,-1.65899546,-2.24501808,-0.04272308,0.70764735,0.47874451,-2.46763165,-1.68188365,-2.25760659,-0.04081726,0.69991208,0.47950745,0.01464844,0.02441406,0.01953125,-0.02929688,0.08789062,-0.01464844,0.40168762,1.38330368,1.38053894,0.00000000
16.75921869,5850,-2.45618756,-1.70934947,-2.24501808,-0.04272461,0.70754147,0.47874451,3.82699775,-1.65899546,-2.24501808,-0.04272411,0.70757616,0.47874451,-2.46763165,-1.68112071,-2.25722512,-0.04119873,0.70067502,0.47912598,0.00488281,0.02441406,0.02929688,-0.02929688,0.04394531,-0.01464844,0.40168762,1.38333783,1.38053894,-0.02441406
16.77251196,5855,-2.45618756,-1.70934947,-2.24501808,-0.04272461,0.70754147,0.47874451,3.82699775,-1.65899546,-2.24501808,-0.04272444,0.70755284,0.47874451,-2.46725018,-1.68112071,-2.25722512,-0.04119873,0.70067502,0.47912598,0.00488281,0.01464844,0.03417969,-0.01464844,-0.00000000,-0.01464844,0.40168762,1.38334903,1.38053894,-0.02441406
16.78611994,5860,-2.45618756,-1.70934947,-2.24501808,-0.04272461,0.70754147,0.47874451,3.82699775,-1.65899546,-2.24501808,-0.04272456,0.70754520,0.47874451,-2.46725018,-1.68073924,-2.25684365,-0.04158020,0.70029355,0.47912598,0.01464844,0.01953125,0.01953125,-0.01464844,-0.00000000,-0.02929688,0.40168762,1.38337711,1.38053894,-0.04882812
16.79939246,5865,-2.45618756,-1.70934947,-2.24501808,-0.04272461,0.70754147,0.47874451,3.82699775,-1.65899546,-2.24501808,-0.04272459,0.70754269,0.47874451,-2.46686871,-1.68035777,-2.25684365,-0.04158020,0.70029355,0.47950745,0.01953125,0.01953125,0.01464844,-0.01464844,0.02929688,0.00000000,0.40168762,1.38326424,1.38092041,-0.04882812
16.81444550,5870,-2.45618756,-1.70934947,-2.24501808,-0.04272461,0.70754147,0.47874451,3.82699775,-1.65899546,-2.24501808,-0.04272460,0.70754187,0.47874451,-2.46648724,-1.67997630,-2.25684365,-0.04158020,0.70067502,0.47912598,0.00976562,0.03417969,0.01464844,-0.02929688,0.01464844,-0.02929688,0.40168762,1.38322725,1.38053894,0.00000000
16.82706213,5875,-2.45618756,-1.70934947,-2.24501808,-0.04272461,0.70754147,0.47874451,3.82699775,-1.65899546,-2.24501808,-0.04272461,0.70754160,0.47874451,-2.46648724,-1.67959483,-2.25646218,-0.04158020,0.70067502,0.47912598,0.00976562,0.02441406,0.02441406,0.00000000,-0.00000000,-0.01464844,0.40168762,1.38321514,1.38092041,0.00000000
16.84086967,5880,-2.45618756,-1.70934947,-2.24501808,-0.04272461,0.70754147,0.47874451,3.82699775,-1.65899546,-2.24501808,-0.04272461,0.70754151,0.47874451,-2.46610578,-1.67921336,-2.25608071,-0.04158020,0.70067502,0.47912598,0.00976562,0.01464844,0.01953125,-0.02929688,0.01464844,-0.01464844,0.40168762,1.38327366,1.38092041,-0.04882812
16.85317922,5885,-2.45618756,-1.70934947,-2.24501808,-0.04272461,0.70754147,0.47874451,3.82699775,-1.65899546,-2.24501808,-0.04272461,0.70754149,0.47874451,-2.46572431,-1.67883189,-2.25608071,-0.04158020,0.70067502,0.47912598,0.01464844,0.02441406,0.01464844,-0.01464844,0.04394531,-0.01464844,0.40206909,1.38358313,1.38092041,0.00000000
16.86666608,5890,-2.45618756,-1.70934947,-2.24501808,-0.04272461,0.70754147,0.47874451,3.82699775,-1.65899546,-2.24501808,-0.04272461,0.70754148,0.47874451,-2.46572431,-1.67845042,-2.25569924,-0.04158020,0.70181943,0.47912598,0.00000000,0.02929688,0.01464844,-0.01464844,0.08789062,-0.01464844,0.40168762,1.38333175,1.38130188,-0.02441406
16.87927103,5895,-2.45618756,-1.70934947,-2.24501808,-0.04272461,0.70754147,0.47874451,3.82699775,-1.65899546,-2.24501808,-0.04272461,0.70754147,0.47874451,-2.46572431,-1.67806895,-2.25569924,-0.04158020,0.70258236,0.47912598,0.00000000,0.01464844,0.01464844,-0.02929688,0.07324219,-0.01464844,0.40206909,1.38349962,1.38130188,0.02441406
16.89454556,5900,-2.45618756,-1.70934947,-2.24501808,-0.04272461,0.70754147,0.47874451,3.82699775,-1.65899546,-2.24501808,-0.04272461,0.70754147,0.47874451,-2.46572431,-1.67768748,-2.25569924,-0.04196167,0.70296383,0.47912598,0.00000000,0.02929688,0.01953125,0.00000000,0.04394531,-0.01464844,0.40206909,1.38367670,1.38130188,0.00000000
16.91026497,5905,-2.45618756,-1.70934947,-2.24501808,-0.04272461,0.70792294,0.47874451,3.82699775,-1.65899546,-2.24501808,-0.04272461,0.70761777,0.47874451,-2.46534284,-1.67730601,-2.25493630,-0.04196167,0.70296383,0.47912598,0.00000000,0.01464844,0.02441406,-0.01464844,-0.00000000,-0.01464844,0.40359497,1.38490562,1.38168335,0.00000000
16.92515969,5910,-2.45618756,-1.70934947,-2.24501808,-0.04272461,0.70754147,0.47874451,3.82699775,-1.65899546,-2.24501808,-0.04272461,0.70756647,0.47874451,-2.46534284,-1.67692454,-2.25493630,-0.04234314,0.70296383,0.47912598,0.00976562,0.02929688,0.02441406,-0.04394531,0.02929688,-0.01464844,0.40550232,1.38842575,1.38206482,0.02441406
16.93952918,5915,-2.45618756,-1.70934947,-2.24501808,-0.04272461,0.70792294,0.47874451,3.82699775,-1.65899546,-2.24501808,-0.04272461,0.70773582,0.47874451,-2.46496137,-1.67654307,-2.25455483,-0.04234314,0.70296383,0.47912598,0.01953125,0.02441406,0.02441406,-0.04394531,0.02929688,-0.01464844,0.40588379,1.39056091,1.38282776,0.02441406
16.95422339,5920,-2.45618756,-1.70934947,-2.24501808,-0.04272461,0.70792294,0.47874451,3.82699775,-1.65899546,-2.24501808,-0.04272461,0.70786163,0.47874451,-2.46457990,-1.67616160,-2.25417336,-0.04272461,0.70334530,0.47912598,0.00976562,0.00976562,0.02441406,-0.02929688,0.01464844,-0.01464844,0.40626526,1.39177350,1.38473511,0.04882812
16.96713495,5925,-2.45618756,-1.70934947,-2.24501808,-0.04272461,0.70792294,0.47874451,3.82699775,-1.65899546,-2.24501808,-0.04272461,0.70790285,0.47874451,-2.46457990,-1.67578013,-2.25417336,-0.04234314,0.70372677,0.47912598,0.00976562,0.02929688,0.01464844,0.00000000,0.04394531,0.00000000,0.40664673,1.39232343,1.38473511,0.00000000
16.98392344,5930,-2.45618756,-1.70934947,-2.24501808,-0.04272461,0.70792294,0.47874451,3.82699775,-1.65899546,-2.24501808,-0.04272461,0.70791636,0.47874451,-2.46419843,-1.67539866,-2.25417336,-0.04272461,0.70448971,0.47912598,0.01464844,0.01464844,0.00976562,-0.02929688,0.07324219,0.00000000,0.40740967,1.39329123,1.38511658,0.00000000
16.99815702,5935,-2.45618756,-1.70934947,-2.24501808,-0.04272461,0.70792294,0.47874451,3.82699775,-1.65899546,-2.24501808,-0.04272461,0.70792078,0.47874451,-2.46381696,-1.67501719,-2.25417336,-0.04272461,0.70525265,0.47912598,0.00976562,0.01464844,0.00976562,-0.02929688,0.07324219,-0.01464844,0.41122437,1.39773287,1.38511658,0.00000000
17.01195240,5940,-2.45618756,-1.70934947,-2.24501808,-0.04272461,0.70830441,0.47874451,3.82699775,-1.65899546,-2.24501808,-0.04272461,0.70808642,0.47874451,-2.46381696,-1.67463572,-2.25379189,-0.04234314,0.70601559,0.47912598,0.00000000,0.01953125,0.01464844,-0.01464844,0.08789062,-0.01464844,0.41122437,1.40071370,1.38549805,0.00000000
17.02634048,5945,-2.45618756,-1.70934947,-2.24501808,-0.04272461,0.70830441,0.47874451,3.82699775,-1.65899546,-2.24501808,-0.04272461,0.70823298,0.47874451,-2.46381696,-1.67463572,-2.25379189,-0.04272461,0.70716000,0.47912598,0.00000000,0.00976562,0.01953125,-0.01464844,0.10253906,-0.02929688,0.41160583,1.40204324,1.38587952,0.02441406
17.03898478,5950,-2.45618756,-1.70934947,-2.24501808,-0.04272461,0.70830441,0.47874451,3.82699775,-1.65899546,-2.24501808,-0.04266357,0.70828100,0.47874451,-2.46381696,-1.67425425,-2.25341042,-0.04272461,0.70792294,0.47912598,0.00000000,0.00976562,0.01953125,-0.02929688,0.08789062,-0.02929688,0.41122437,1.40230190,1.38664246,0.00000000
17.05248833,5955,-2.45618756,-1.70934947,-2.24501808,-0.04272461,0.70792294,0.47874451,3.82699775,-1.65899546,-2.24501808,-0.04270461,0.70818920,0.47874451,-2.46381696,-1.67425425,-2.25341042,-0.04272461,0.70906735,0.47912598,-0.00488281,0.00976562,0.01464844,-0.02929688,0.05859375,0.00000000,0.41160583,1.40264178,1.38816833,0.07324219
17.06660318,5960,-2.45618756,-1.70934947,-2.24501808,-0.04272461,0.70792294,0.47874451,3.82699775,-1.65899546,-2.24501808,-0.04271806,0.70801019,0.47874451,-2.46381696,-1.67387278,-2.25302895,-0.04310608,0.70868588,0.47912598,0.00000000,0.00976562,0.00976562,-0.01464844,0.01464844,0.00000000,0.41160583,1.40291331,1.39045715,0.02441406
17.08070731,5965,-2.45618756,-1.70934947,-2.24501808,-0.04272461,0.70792294,0.47874451,3.82699775,-1.65899546,-2.24501808,-0.04272246,0.70795153,0.47874451,-2.46381696,-1.67387278,-2.25302895,-0.04348755,0.70868588,0.47912598,0.00000000,0.01464844,0.00976562,-0.04394531,0.01464844,-0.01464844,0.41198730,1.40343710,1.39045715,0.00000000
17.09451509,5970,-2.45618756,-1.70934947,-2.24501808,-0.04272461,0.70792294,0.47874451,3.82699775,-1.65899546,-2.24501808,-0.04272391,0.70793231,0.47874451,-2.46343549,-1.67349131,-2.25302895,-0.04425049,0.70868588,0.47912598,0.00488281,0.00488281,0.01464844,-0.04394531,-0.00000000,-0.01464844,0.41275024,1.40441196,1.39083862,-0.02441406
17.10873556,5975,-2.45618756,-1.70934947,-2.24501808,-0.04272461,0.70792294,0.47874451,3.82699775,-1.65899546,-2.24501808,-0.04272438,0.70792601,0.47874451,-2.46343549,-1.67349131,-2.25264748,-0.04463196,0.70830441,0.47912598,0.00488281,0.00488281,0.01953125,-0.04394531,-0.01464844,-0.04394531,0.41694641,1.40845284,1.39122009,0.00000000
17.12256575,5980,-2.45618756,-1.70934947,-2.24501808,-0.04234314,0.70754147,0.47874451,3.82699775,-1.65899546,-2.24501808,-0.04246806,0.70766748,0.47874451,-2.46305402,-1.67310984,-2.25264748,-0.04501343,0.70792294,0.47912598,0.01464844,0.01953125,0.01953125,-0.02929688,-0.01464844,-0.01464844,0.42076111,1.41467100,1.39160156,0.00000000
17.13616920,5985,-2.45618756,-1.70934947,-2.24501808,-0.04234314,0.70754147,0.47874451,3.82699775,-1.65899546,-2.24501808,-0.04238407,0.70758276,0.47874451,-2.46305402,-1.67272837,-2.25264748,-0.04501343,0.70792294,0.47912598,0.00488281,0.01464844,0.01464844,-0.01464844,0.01464844,-0.02929688,0.42343140,1.42194269,1.39198303,0.02441406
17.14949107,5990,-2.45618756,-1.70934947,-2.24501808,-0.04234314,0.70754147,0.47874451,3.82699775,-1.65899546,-2.24501808,-0.04235655,0.70755500,0.47874451,-2.46305402,-1.67272837,-2.25226601,-0.04501343,0.70792294,0.47874451,-0.00488281,0.01464844,0.00976562,0.00000000,0.02929688,-0.02929688,0.42762756,1.42835942,1.39350891,0.12207031
17.16514516,5995,-2.45618756,-1.70934947,-2.24501808,-0.04234314,0.70754147,0.47874451,3.82699775,-1.65899546,-2.24501808,-0.04234754,0.70754590,0.47874451,-2.46267255,-1.67234690,-2.25226601,-0.04501343,0.70792294,0.47912598,-0.00488281,0.01953125,0.01464844,-0.01464844,0.01464844,-0.01464844,0.43106079,1.43537929,1.39617920,0.00000000
17.17823434,6000,-2.45618756,-1.70934947,-2.24501808,-0.04234314,0.70754147,0.47874451,3.82699775,-1.65899546,-2.24501808,-0.04234458,0.70754292,0.47874451,-2.46267255,-1.67158396,-2.25226601,-0.04501343,0.70792294,0.47912598,0.00488281,0.01953125,0.02441406,-0.01464844,0.01464844,0.00000000,0.43487549,1.44374938,1.39656067,0.02441406
17.19207335,6005,-2.45618756,-1.70934947,-2.24501808,-0.04234314,0.70754147,0.47874451,3.82699775,-1.65899546,-2.24501808,-0.04234361,0.70754195,0.47874451,-2.46267255,-1.67158396,-2.25188454,-0.04463196,0.70792294,0.47912598,0.00000000,0.00488281,0.02441406,-0.01464844,0.01464844,-0.01464844,0.44059753,1.45359927,1.39770508,0.07324219
17.20762467,6010,-2.45618756,-1.70934947,-2.24501808,-0.04234314,0.70754147,0.47874451,3.82699775,-1.65899546,-2.24501808,-0.04234329,0.70754163,0.47874451,-2.46267255,-1.67120249,-2.25150307,-0.04463196,0.70792294,0.47874451,0.00976562,0.00976562,0.02929688,-0.01464844,0.01464844,-0.01464844,0.45127869,1.46808372,1.40304565,0.43945312
17.22138929,6015,-2.45618756,-1.70934947,-2.24501808,-0.04234314,0.70754147,0.47836304,3.82699775,-1.65899546,-2.24501808,-0.04234319,0.70754152,0.47866821,-2.46229108,-1.67120249,-2.25112160,-0.04463196,0.70792294,0.47912598,0.01464844,0.00976562,0.01464844,0.00000000,0.01464844,0.00000000,0.46005249,1.48524478,1.40686035,0.26855469
17.23404193,6020,-2.45618756,-1.70934947,-2.24501808,-0.04234314,0.70716000,0.47874451,3.82699775,-1.65899546,-2.24501808,-0.04234316,0.70736510,0.47871951,-2.46190961,-1.67082102,-2.25112160,-0.04463196,0.70868588,0.47912598,0.00976562,0.00976562,0.00976562,0.00000000,0.05859375,-0.01464844,0.46997070,1.50441361,1.40800476,0.12207031
17.25006938,6025,-2.45618756,-1.70934947,-2.24501808,-0.04234314,0.70716000,0.47874451,3.82699775,-1.65899546,-2.24501808,-0.04234315,0.70722721,0.47873631,-2.46190961,-1.67082102,-2.25112160,-0.04463196,0.70944882,0.47874451,0.00488281,0.01464844,0.00976562,-0.01464844,0.07324219,-0.01464844,0.48103333,1.52428803,1.41830444,0.73242188
17.26490927,6030,-2.45618756,-1.70934947,-2.24501808,-0.04234314,0.70716000,0.47874451,3.82699775,-1.65899546,-2.24501808,-0.04234314,0.70718202,0.47874182,-2.46190961,-1.67043956,-2.25074013,-0.04463196,0.70983029,0.47912598,0.00000000,0.00976562,0.02441406,-0.01464844,0.01464844,0.00000000,0.49133301,1.54411573,1.43241882,0.85449219
17.27876043,6035,-2.45618756,-1.70934947,-2.24501808,-0.04234314,0.70716000,0.47874451,3.82699775,-1.65899546,-2.24501808,-0.04234314,0.70716722,0.47874363,-2.46190961,-1.67005809,-2.25074013,-0.04463196,0.70983029,0.47912598,-0.00488281,0.01953125,0.01464844,-0.02929688,0.01464844,-0.01464844,0.50239563,1.56411573,1.44195557,0.73242188
17.29407358,6040,-2.45618756,-1.70934947,-2.24501808,-0.04234314,0.70716000,0.47874451,3.82699775,-1.65899546,-2.24501808,-0.04234314,0.70716237,0.47869539,-2.46190961,-1.67005809,-2.25035866,-0.04463196,0.70983029,0.47874451,0.00000000,0.00976562,0.00976562,-0.01464844,0.02929688,-0.01464844,0.51383972,1.58411573,1.45492554,0.70800781
17.30848336,6045,-2.45618756,-1.70934947,-2.24501808,-0.04234314,0.70716000,0.47836304,3.82699775,-1.65899546,-2.24501808,-0.04234314,0.70716078,0.47859108,-2.46190961,-1.66967662,-2.25035866,-0.04463196,0.70983029,0.47874451,0.00000000,0.00488281,0.00488281,-0.02929688,0.02929688,-0.01464844,0.52566528,1.60411573,1.46598816,0.78125000
17.32208633,6050,-2.45618756,-1.70934947,-2.24501808,-0.04234314,0.70716000,0.47874451,3.82699775,-1.65899546,-2.24501808,-0.04234314,0.70716026,0.47851406,-2.46152814,-1.66967662,-2.25035866,-0.04463196,0.70944882,0.47874451,0.00000000,0.00488281,0.00488281,-0.02929688,0.01464844,-0.01464844,0.53787231,1.62411573,1.47666931,0.75683594
17.33625150,6055,-2.45618756,-1.70934947,-2.24501808,-0.04234314,0.70716000,0.47836304,3.82699775,-1.65899546,-2.24501808,-0.04234314,0.70716008,0.47846135,-2.46152814,-1.66967662,-2.25035866,-0.04463196,0.70944882,0.47874451,0.00488281,0.00000000,0.00488281,-0.02929688,0.01464844,-0.01464844,0.55198669,1.64411573,1.49078369,0.80566406
17.35158563,6060,-2.45618756,-1.70934947,-2.24501808,-0.04234314,0.70716000,0.47874451,3.82699775,-1.65899546,-2.24501808,-0.04234314,0.70716003,0.47857164,-2.46152814,-1.66967662,-2.25035866,-0.04425049,0.70944882,0.47874451,0.00488281,0.00000000,0.00976562,-0.01464844,0.02929688,-0.01464844,0.56343079,1.66411573,1.49841309,0.73242188
17.36441493,6065,-2.45618756,-1.70934947,-2.24501808,-0.04234314,0.70716000,0.47836304,3.82699775,-1.65899546,-2.24501808,-0.04234314,0.70716001,0.47843139,-2.46152814,-1.66967662,-2.25035866,-0.04425049,0.70944882,0.47874451,0.00488281,0.00488281,0.00976562,-0.01464844,0.02929688,-0.02929688,0.57220459,1.68411573,1.50909424,0.78125000
17.37713408,6070,-2.45618756,-1.70934947,-2.24501808,-0.04234314,0.70716000,0.47874451,3.82699775,-1.65899546,-2.24501808,-0.04234314,0.70716000,0.47846173,-2.46114667,-1.66929515,-2.25035866,-0.04425049,0.70944882,0.47874451,-0.00488281,0.01464844,0.00976562,0.00000000,0.01464844,0.00000000,0.58593750,1.70411573,1.52244568,0.92773438
17.39084721,6075,-2.45618756,-1.70934947,-2.24501808,-0.04234314,0.70716000,0.47836304,3.82699775,-1.65899546,-2.24501808,-0.04234314,0.70716000,0.47849547,-2.46114667,-1.66891368,-2.25035866,-0.04425049,0.70944882,0.47874451,0.00000000,0.01953125,0.00976562,-0.01464844,-0.00000000,-0.01464844,0.59967041,1.72411573,1.53083801,0.61035156
17.40799475,6080,-2.45618756,-1.70934947,-2.24501808,-0.04234314,0.70716000,0.47874451,3.82699775,-1.65899546,-2.24501808,-0.04234314,0.70716000,0.47857062,-2.46114667,-1.66853221,-2.24997719,-0.04425049,0.70944882,0.47874451,-0.00488281,0.02441406,0.01464844,-0.01464844,0.01464844,-0.01464844,0.61721802,1.74411573,1.54609680,0.90332031
17.42277312,6085,-2.45618756,-1.70934947,-2.24501808,-0.04234314,0.70716000,0.47874451,3.82699775,-1.65899546,-2.24501808,-0.04234314,0.70716000,0.47858743,-2.46114667,-1.66815074,-2.24997719,-0.04425049,0.70906735,0.47874451,0.00000000,0.01953125,0.02441406,-0.02929688,0.01464844,-0.01464844,0.63209534,1.76411573,1.55830383,0.90332031
17.43511987,6090,-2.45618756,-1.70934947,-2.24501808,-0.04234314,0.70716000,0.47874451,3.82699775,-1.65899546,-2.24501808,-0.04234314,0.70716000,0.47864421,-2.46114667,-1.66815074,-2.24959572,-0.04425049,0.70906735,0.47874451,-0.00488281,0.00488281,0.01953125,-0.01464844,0.01464844,-0.02929688,0.64277649,1.78411573,1.56555176,0.56152344
17.44917297,6095,-2.45618756,-1.70934947,-2.24501808,-0.04234314,0.70716000,0.47836304,3.82699775,-1.65899546,-2.24501808,-0.04234314,0.70716000,0.47858652,-2.46076520,-1.66776927,-2.24959572,-0.04425049,0.70906735,0.47874451,0.00000000,0.00488281,0.00976562,-0.01464844,0.02929688,0.00000000,0.65994263,1.80411573,1.57928467,0.95214844
17.46224475,6100,-2.45618756,-1.70934947,-2.24501808,-0.04234314,0.70716000,0.47836304,3.82699775,-1.65899546,-2.24501808,-0.04234314,0.70716000,0.47849730,-2.46076520,-1.66776927,-2.24959572,-0.04386902,0.70906735,0.47874451,0.00000000,0.00000000,0.00976562,-0.01464844,0.02929688,-0.01464844,0.67558289,1.82411573,1.59034729,0.95214844
17.47744250,6105,-2.45618756,-1.70934947,-2.24501808,-0.04234314,0.70716000,0.47836304,3.82699775,-1.65899546,-2.24501808,-0.04234314,0.70716000,0.47846807,-2.46076520,-1.66776927,-2.24921425,-0.04386902,0.70906735,0.47874451,0.00488281,-0.00488281,0.00976562,-0.01464844,0.01464844,-0.01464844,0.69236755,1.84411573,1.59873962,0.46386719
17.49332523,6110,-2.45618756,-1.70934947,-2.24501808,-0.04234314,0.70716000,0.47836304,3.82699775,-1.65899546,-2.24501808,-0.04234314,0.70716000,0.47853857,-2.46076520,-1.66776927,-2.24921425,-0.04425049,0.70906735,0.47874451,0.00000000,0.00000000,0.00488281,-0.02929688,0.01464844,-0.01464844,0.71029663,1.86411573,1.61399841,0.95214844
17.50683165,6115,-2.45618756,-1.70934947,-2.24501808,-0.04234314,0.70716000,0.47836304,3.82699775,-1.65899546,-2.24501808,-0.04234314,0.70716000,0.47850845,-2.46076520,-1.66776927,-2.24921425,-0.04386902,0.70906735,0.47874451,0.00488281,0.00488281,0.00488281,0.00000000,-0.01464844,-0.02929688,0.72174072,1.88411573,1.62506104,0.85449219
17.52022099,6120,-2.45618756,-1.70934947,-2.24501808,-0.04196167,0.70716000,0.47874451,3.82699775,-1.65899546,-2.24501808,-0.04220581,0.70716000,0.47858708,-2.46076520,-1.66738780,-2.24921425,-0.04386902,0.70868588,0.47874451,0.00488281,0.00488281,0.00976562,-0.02929688,0.02929688,-0.01464844,0.73966980,1.90411573,1.63536072,0.65917969
17.53499770,6125,-2.45618756,-1.70934947,-2.24501808,-0.04234314,0.70716000,0.47874451,3.82699775,-1.65899546,-2.24501808,-0.04219804,0.70716000,0.47865386,-2.46038373,-1.66738780,-2.24921425,-0.04386902,0.70868588,0.47874451,0.01464844,0.01464844,0.00488281,-0.01464844,-0.00000000,-0.01464844,0.75340271,1.92411573,1.64680481,0.80566406
17.54886723,6130,-2.45618756,-1.70934947,-2.24501808,-0.04196167,0.70716000,0.47874451,3.82699775,-1.65899546,-2.24501808,-0.04203912,0.70716000,0.47866597,-2.46000226,-1.66700633,-2.24921425,-0.04386902,0.70868588,0.47874451,0.00976562,0.00976562,0.01464844,-0.01464844,0.02929688,-0.01464844,0.76828003,1.94411573,1.65901184,0.73242188
17.56202507,6135,-2.45618756,-1.70934947,-2.24501808,-0.04196167,0.70716000,0.47874451,3.82699775,-1.65899546,-2.24501808,-0.04198705,0.70716000,0.47864846,-2.46000226,-1.66700633,-2.24883278,-0.04386902,0.70868588,0.47874451,0.00000000,0.01464844,0.01464844,0.01464844,-0.00000000,-0.01464844,0.77972412,1.96411573,1.66854858,0.75683594
17.57462502,6140,-2.45618756,-1.70934947,-2.24501808,-0.04196167,0.70716000,0.47874451,3.82699775,-1.65899546,-2.24501808,-0.04196999,0.70716000,0.47871303,-2.46000226,-1.66662486,-2.24883278,-0.04348755,0.70868588,0.47874451,-0.00488281,0.01464844,0.01464844,0.01464844,-0.01464844,-0.01464844,0.80108643,1.98411573,1.67808533,0.75683594
17.58822060,6145,-2.45618756,-1.70934947,-2.24501808,-0.04196167,0.70716000,0.47874451,3.82699775,-1.65899546,-2.24501808,-0.04191557,0.70716000,0.47873419,-2.46000226,-1.66624339,-2.24883278,-0.04310608,0.70868588,0.47874451,0.00000000,0.01464844,0.00976562,0.01464844,-0.00000000,-0.02929688,0.81901550,2.00411573,1.68952942,0.75683594
17.60192847,6150,-2.45618756,-1.70934947,-2.24501808,-0.04158020,0.70716000,0.47874451,3.82699775,-1.65899546,-2.24501808,-0.04172134,0.70716000,0.47869230,-2.46000226,-1.66624339,-2.24883278,-0.04310608,0.70868588,0.47874451,0.00000000,0.00488281,0.00488281,0.01464844,0.01464844,-0.01464844,0.83541870,2.02411573,1.70173645,0.87890625
17.61521506,6155,-2.45618756,-1.70934947,-2.24501808,-0.04158020,0.70716000,0.47874451,3.82699775,-1.65899546,-2.24501808,-0.04162645,0.70716000,0.47872740,-2.46000226,-1.66624339,-2.24883278,-0.04310608,0.70830441,0.47874451,-0.00488281,0.00000000,0.00976562,-0.02929688,-0.00000000,-0.01464844,0.85258484,2.04411573,1.71356201,0.78125000
17.62950253,6160,-2.45618756,-1.70934947,-2.24501808,-0.04119873,0.70716000,0.47874451,3.82699775,-1.65899546,-2.24501808,-0.04151906,0.70709897,0.47867787,-2.46000226,-1.66586192,-2.24845131,-0.04272461,0.70830441,0.47874451,0.00000000,0.00000000,0.00976562,0.00000000,0.01464844,-0.01464844,0.86784363,2.06411573,1.72271729,0.65917969
17.64468265,6165,-2.45618756,-1.70934947,-2.24501808,-0.04119873,0.70677853,0.47836304,3.82699775,-1.65899546,-2.24501808,-0.04130370,0.70688353,0.47864638,-2.45962079,-1.66586192,-2.24845131,-0.04272461,0.70830441,0.47874451,0.00488281,0.00000000,0.00488281,0.00000000,0.01464844,-0.01464844,0.88615417,2.08411573,1.73606873,0.80566406
17.66050196,6170,-2.45618756,-1.70934947,-2.24501808,-0.04119873,0.70677853,0.47874451,3.82699775,-1.65899546,-2.24501808,-0.04123313,0.70681294,0.47868110,-2.45962079,-1.66586192,-2.24845131,-0.04272461,0.70830441,0.47874451,0.00488281,-0.00488281,0.00976562,0.00000000,0.01464844,0.00000000,0.89988708,2.10411573,1.74827576,0.85449219
17.67370605,6175,-2.45618756,-1.70934947,-2.24501808,-0.04119873,0.70639706,0.47874451,3.82699775,-1.65899546,-2.24501808,-0.04121000,0.70660365,0.47872373,-2.45962079,-1.66586192,-2.24845131,-0.04234314,0.70830441,0.47874451,0.00488281,0.00000000,0.00488281,0.02929688,0.01464844,-0.01464844,0.91629028,2.12411573,1.75819397,0.63476562
17.68784523,6180,-2.45618756,-1.70934947,-2.24501808,-0.04119873,0.70601559,0.47836304,3.82699775,-1.65899546,-2.24501808,-0.04120242,0.70638846,0.47866140,-2.45962079,-1.66548045,-2.24845131,-0.04196167,0.70830441,0.47874451,0.00000000,0.00976562,0.00976562,0.01464844,0.01464844,0.00000000,0.92849731,2.14411573,1.76811218,0.83007812
17.70357609,6185,-2.45618756,-1.70934947,-2.24501808,-0.04119873,0.70563412,0.47836304,3.82699775,-1.65899546,-2.24501808,-0.04119994,0.70600045,0.47855309,-2.45962079,-1.66548045,-2.24845131,-0.04158020,0.70792294,0.47874451,0.00000000,0.01464844,0.00976562,0.00000000,0.02929688,-0.01464844,0.94299316,2.16411573,1.78413391,0.87890625
17.71771622,6190,-2.45618756,-1.70934947,-2.24501808,-0.04119873,0.70487118,0.47874451,3.82699775,-1.65899546,-2.24501808,-0.04119913,0.70549171,0.47853286,-2.45923932,-1.66509898,-2.24845131,-0.04158020,0.70792294,0.47874451,-0.00488281,0.00976562,0.00488281,-0.01464844,-0.00000000,-0.01464844,0.95367432,2.18411573,1.79252625,0.61035156
17.73275685,6195,-2.45618756,-1.70934947,-2.24501808,-0.04119873,0.70372677,0.47836304,3.82699775,-1.65899546,-2.24501808,-0.04119886,0.70449456,0.47859886,-2.45923932,-1.66471751,-2.24806984,-0.04119873,0.70792294,0.47874451,0.00000000,0.01464844,0.00976562,0.00000000,-0.00000000,0.00000000,0.96626282,2.20411573,1.80625916,0.92773438
17.74640965,6200,-2.45618756,-1.70934947,-2.24501808,-0.04119873,0.70258236,0.47836304,3.82699775,-1.65899546,-2.24501808,-0.04119877,0.70342038,0.47847156,-2.45923932,-1.66471751,-2.24806984,-0.04158020,0.70754147,0.47874451,0.00000000,0.00000000,0.01464844,-0.01464844,-0.01464844,-0.01464844,0.97732544,2.22411573,1.81922913,0.92773438
17.75980687,6205,-2.45618756,-1.70934947,-2.24501808,-0.04119873,0.70220089,0.47836304,3.82699775,-1.65899546,-2.24501808,-0.04119874,0.70267081,0.47849870,-2.45923932,-1.66471751,-2.24806984,-0.04119873,0.70754147,0.47874451,0.00000000,0.00000000,0.01953125,-0.01464844,-0.00000000,-0.01464844,0.98724365,2.24411573,1.82609558,0.58593750
17.77226710,6210,-2.45618756,-1.70934947,-2.24501808,-0.04119873,0.70143796,0.47874451,3.82699775,-1.65899546,-2.24501808,-0.04119874,0.70196108,0.47855410,-2.45923932,-1.66433604,-2.24768837,-0.04119873,0.70716000,0.47874451,-0.00488281,0.00000000,0.01953125,0.00000000,-0.01464844,-0.02929688,0.99563599,2.26411573,1.83372498,0.70800781
17.78777957,6215,-2.45618756,-1.70934947,-2.24501808,-0.04119873,0.70029355,0.47874451,3.82699775,-1.65899546,-2.24501808,-0.04119873,0.70094153,0.47857225,-2.45923932,-1.66433604,-2.24768837,-0.04119873,0.70716000,0.47874451,-0.00488281,0.00000000,0.00976562,0.00000000,-0.00000000,-0.01464844,1.00746155,2.28411573,1.85012817,0.85449219
17.80030942,6220,-2.45618756,-1.70934947,-2.24501808,-0.04119873,0.69953061,0.47836304,3.82699775,-1.65899546,-2.24501808,-0.04119873,0.70006325,0.47856294,-2.45923932,-1.66433604,-2.24768837,-0.04119873,0.70677853,0.47836304,-0.00488281,0.00000000,0.00488281,-0.01464844,-0.01464844,-0.02929688,1.01699829,2.30411573,1.85928345,0.70800781
17.81309938,6225,-2.45618756,-1.70934947,-2.24501808,-0.04119873,0.69953061,0.47874451,3.82699775,-1.65899546,-2.24501808,-0.04119873,0.69970514,0.47854390,-2.45923932,-1.66433604,-2.24768837,-0.04119873,0.70639706,0.47874451,0.00000000,0.00000000,0.00976562,-0.01464844,-0.02929688,-0.01464844,1.02462769,2.32411573,1.86729431,0.65917969
17.82726121,6230,-2.45618756,-1.70934947,-2.24501808,-0.04119873,0.69914914,0.47836304,3.82699775,-1.65899546,-2.24501808,-0.04119873,0.69937039,0.47845355,-2.45923932,-1.66433604,-2.24768837,-0.04119873,0.70563412,0.47836304,-0.00976562,0.00000000,0.00488281,0.01464844,-0.04394531,-0.02929688,1.03149414,2.34411573,1.88026428,0.92773438
17.84056139,6235,-2.45618756,-1.70934947,-2.24501808,-0.04119873,0.69953061,0.47836304,3.82699775,-1.65899546,-2.24501808,-0.04119873,0.69935897,0.47839270,-2.45923932,-1.66433604,-2.24768837,-0.04119873,0.70296383,0.47874451,-0.00488281,0.00000000,0.01464844,-0.01464844,-0.14648438,0.00000000,1.03340149,2.36411573,1.89285278,0.80566406
17.85376906,6240,-2.45618756,-1.70934947,-2.24501808,-0.04119873,0.69953061,0.47836304,3.82699775,-1.65899546,-2.24501808,-0.04119873,0.69947436,0.47837276,-2.45923932,-1.66433604,-2.24730690,-0.04119873,0.70181943,0.47836304,0.00000000,-0.00488281,0.01464844,0.00000000,-0.10253906,-0.01464844,1.03340149,2.38411573,1.90200806,0.73242188
17.86684418,6245,-2.45618756,-1.70934947,-2.24501808,-0.04119873,0.69914914,0.47836304,3.82699775,-1.65899546,-2.24501808,-0.04119873,0.69937485,0.47836622,-2.45923932,-1.66395457,-2.24730690,-0.04119873,0.70067502,0.47836304,-0.00488281,0.00000000,0.00488281,0.00000000,-0.05859375,0.00000000,1.03340149,2.40411573,1.91268921,0.78125000
17.87912202,6250,-2.45618756,-1.70934947,-2.24501808,-0.04119873,0.69914914,0.47836304,3.82699775,-1.65899546,-2.24501808,-0.04119873,0.69934224,0.47836408,-2.45923932,-1.66395457,-2.24730690,-0.04119873,0.70029355,0.47836304,-0.00488281,0.00488281,0.00488281,-0.01464844,-0.02929688,-0.01464844,1.03340149,2.42411573,1.91993713,0.73242188
17.89320064,6255,-2.45618756,-1.70934947,-2.24501808,-0.04158020,0.69914914,0.47836304,3.82699775,-1.65899546,-2.24501808,-0.04130627,0.69929249,0.47833213,-2.45885785,-1.66395457,-2.24730690,-0.04119873,0.69991208,0.47836304,0.00000000,0.00000000,0.00976562,0.00000000,-0.01464844,-0.01464844,1.03340149,2.44411573,1.93252563,0.92773438
17.90679431,6260,-2.45618756,-1.70934947,-2.24501808,-0.04158020,0.69953061,0.47836304,3.82699775,-1.65899546,-2.24501808,-0.04149044,0.69939155,0.47835291,-2.45885785,-1.66395457,-2.24730690,-0.04119873,0.69991208,0.47836304,0.00000000,0.00488281,0.00488281,-0.01464844,0.02929688,-0.01464844,1.03340149,2.46411573,1.94549561,0.70800781
17.91849971,6265,-2.45618756,-1.70934947,-2.24501808,-0.04158020,0.69953061,0.47836304,3.82699775,-1.65899546,-2.24501808,-0.04155079,0.69942400,0.47835972,-2.45885785,-1.66395457,-2.24730690,-0.04119873,0.70029355,0.47836304,-0.00488281,0.00488281,0.00976562,-0.01464844,0.05859375,-0.01464844,1.03340149,2.48411573,1.95312500,0.65917969
17.93445635,6270,-2.45618756,-1.70934947,-2.24501808,-0.04158020,0.69914914,0.47798157,3.82699775,-1.65899546,-2.24501808,-0.04157056,0.69928803,0.47825441,-2.45885785,-1.66357310,-2.24730690,-0.04119873,0.70029355,0.47836304,0.00000000,0.00488281,0.01953125,-0.02929688,0.02929688,-0.01464844,1.03340149,2.50411573,1.96838379,0.92773438
17.94919252,6275,-2.45618756,-1.70934947,-2.24501808,-0.04158020,0.69914914,0.47836304,3.82699775,-1.65899546,-2.24501808,-0.04157704,0.69933576,0.47827861,-2.45885785,-1.66357310,-2.24692543,-0.04119873,0.70029355,0.47836304,-0.00488281,0.00976562,0.02441406,-0.01464844,0.01464844,0.00000000,1.03340149,2.52411573,1.97753906,0.70800781
17.96263576,6280,-2.45618756,-1.70934947,-2.24501808,-0.04158020,0.69914914,0.47798157,3.82699775,-1.65899546,-2.24501808,-0.04157917,0.69935922,0.47815898,-2.45885785,-1.66319163,-2.24692543,-0.04119873,0.70029355,0.47836304,-0.00488281,0.00488281,0.00976562,-0.01464844,0.01464844,-0.02929688,1.03340149,2.54411573,1.98745728,0.63476562
17.97705436,6285,-2.45618756,-1.70934947,-2.24501808,-0.04158020,0.69914914,0.47798157,3.82699775,-1.65899546,-2.24501808,-0.04147976,0.69932784,0.47803970,-2.45847638,-1.66319163,-2.24692543,-0.04158020,0.70029355,0.47836304,0.00000000,0.00000000,0.00488281,-0.01464844,0.01464844,-0.01464844,1.03378296,2.56411573,1.99890137,0.85449219
17.99032664,6290,-2.45618756,-1.70934947,-2.24501808,-0.04119873,0.69914914,0.47836304,3.82699775,-1.65899546,-2.24501808,-0.04136113,0.69935662,0.47807691,-2.45847638,-1.66319163,-2.24692543,-0.04119873,0.70029355,0.47836304,0.00976562,0.00000000,0.00488281,-0.01464844,0.01464844,-0.02929688,1.03378296,2.58411573,2.01187134,0.78125000
18.00407314,6295,-2.45618756,-1.70934947,-2.24501808,-0.04158020,0.69914914,0.47836304,3.82702900,-1.65899546,-2.24501808,-0.04147717,0.69939730,0.47813793,-2.45847638,-1.66319163,-2.24692543,-0.04119873,0.70029355,0.47836304,0.00488281,-0.00488281,0.00488281,-0.01464844,0.01464844,-0.01464844,1.03378296,2.60411573,2.02026367,0.65917969
18.02068448,6300,-2.45618756,-1.70934947,-2.24501808,-0.04119873,0.69914914,0.47836304,3.82700799,-1.65899546,-2.24501808,-0.04128997,0.69937938,0.47814816,-2.45809491,-1.66319163,-2.24692543,-0.04119873,0.70029355,0.47836304,0.00488281,0.00000000,0.00976562,-0.01464844,-0.00000000,-0.01464844,1.03378296,2.62411573,2.03742981,0.90332031
18.03364015,6305,-2.45618756,-1.70934947,-2.24501808,-0.04119873,0.69953061,0.47798157,3.82700110,-1.65899546,-2.24501808,-0.04122863,0.69948105,0.47811623,-2.45809491,-1.66319163,-2.24692543,-0.04119873,0.70029355,0.47836304,0.00000000,0.00000000,0.00488281,-0.01464844,0.01464844,-0.01464844,1.03378296,2.63950110,2.04734802,0.63476562
18.04870963,6310,-2.45618756,-1.70934947,-2.24501808,-0.04119873,0.69953061,0.47798157,3.82699884,-1.65899546,-2.24501808,-0.04124759,0.69951437,0.47816681,-2.45809491,-1.66319163,-2.24692543,-0.04158020,0.70029355,0.47798157,-0.00488281,-0.00488281,0.00976562,-0.01464844,0.01464844,-0.02929688,1.03378296,2.64481162,2.05650330,0.73242188
18.06409693,6315,-2.45618756,-1.70934947,-2.24501808,-0.04119873,0.69953061,0.47798157,3.82699811,-1.65899546,-2.24501808,-0.04121474,0.69952529,0.47810330,-2.45809491,-1.66281016,-2.24692543,-0.04158020,0.70029355,0.47836304,-0.00488281,-0.00488281,0.00488281,-0.02929688,0.02929688,-0.01464844,1.03378296,2.64655178,2.07138062,0.87890625
18.07997656,6320,-2.45618756,-1.70934947,-2.24501808,-0.04119873,0.69953061,0.47836304,3.82699786,-1.65899546,-2.24501808,-0.04120398,0.69952886,0.47815879,-2.45809491,-1.66281016,-2.24654396,-0.04158020,0.70029355,0.47798157,-0.00976562,0.00000000,0.00488281,-0.01464844,0.01464844,-0.01464844,1.03378296,2.64712199,2.08320618,0.63476562
18.09225440,6325,-2.45618756,-1.70934947,-2.24501808,-0.04119873,0.69953061,0.47798157,3.82699778,-1.65899546,-2.24501808,-0.04123951,0.69953004,0.47810067,-2.45809491,-1.66281016,-2.24654396,-0.04158020,0.70029355,0.47798157,-0.00488281,0.00000000,0.00976562,-0.01464844,0.01464844,-0.01464844,1.03378296,2.64730884,2.09236145,0.70800781
18.10619092,6330,-2.45618756,-1.70934947,-2.24501808,-0.04119873,0.69953061,0.47836304,3.82699776,-1.65899546,-2.24501808,-0.04121209,0.69953042,0.47820675,-2.45809491,-1.66281016,-2.24654396,-0.04158020,0.70029355,0.47798157,0.00000000,0.00488281,0.00488281,-0.01464844,0.01464844,-0.02929688,1.03378296,2.64737006,2.10304260,0.92773438
18.12363529,6335,-2.45618756,-1.70934947,-2.24501808,-0.04119873,0.69953061,0.47836304,3.82699775,-1.65899546,-2.24501808,-0.04120311,0.69953055,0.47818048,-2.45809491,-1.66242869,-2.24654396,-0.04158020,0.70029355,0.47798157,-0.00488281,0.00976562,0.00488281,-0.01464844,0.01464844,-0.01464844,1.03378296,2.64739012,2.11753845,0.83007812
18.13987780,6340,-2.45618756,-1.70934947,-2.24501808,-0.04119873,0.69953061,0.47798157,3.82699775,-1.65899546,-2.24501808,-0.04126120,0.69953059,0.47814684,-2.45809491,-1.66242869,-2.24654396,-0.04158020,0.70029355,0.47798157,0.00000000,0.00488281,0.00488281,-0.01464844,0.01464844,-0.01464844,1.03378296,2.64745920,2.12898254,0.78125000
18.15464139,6345,-2.45618756,-1.70934947,-2.24501808,-0.04158020,0.69953061,0.47836304,3.82699775,-1.65899546,-2.24501808,-0.04136581,0.69953060,0.47819210,-2.45809491,-1.66242869,-2.24654396,-0.04158020,0.70029355,0.47798157,0.00000000,0.00000000,0.00488281,-0.02929688,-0.00000000,-0.01464844,1.03378296,2.64741933,2.14195251,0.73242188
18.16662216,6350,-2.45618756,-1.70934947,-2.24501808,-0.04119873,0.69953061,0.47798157,3.82699775,-1.65899546,-2.24501808,-0.04130231,0.69953060,0.47805055,-2.45809491,-1.66242869,-2.24654396,-0.04158020,0.70029355,0.47798157,-0.00488281,0.00000000,0.00976562,-0.02929688,0.01464844,-0.01464844,1.03416443,2.64755886,2.15110779,0.78125000
18.17917657,6355,-2.45618756,-1.70973094,-2.24501808,-0.04158020,0.69953061,0.47798157,3.82699775,-1.65922068,-2.24501808,-0.04137000,0.69953061,0.47803542,-2.45809491,-1.66242869,-2.24654396,-0.04158020,0.70029355,0.47798157,0.00000000,-0.00488281,0.00488281,-0.01464844,0.02929688,-0.01464844,1.03416443,2.64778036,2.16293335,0.75683594
18.19399667,6360,-2.45580609,-1.70973094,-2.24501808,-0.04119873,0.69953061,0.47836304,3.82707404,-1.65932573,-2.24501808,-0.04139597,0.69953061,0.47812434,-2.45809491,-1.66242869,-2.24654396,-0.04158020,0.70029355,0.47798157,-0.00488281,0.00000000,0.00488281,-0.02929688,0.02929688,-0.01464844,1.03378296,2.64762223,2.17208862,0.65917969
18.20781207,6365,-2.45618756,-1.70973094,-2.24501808,-0.04119873,0.69953061,0.47798157,3.82702275,-1.65936016,-2.24501808,-0.04140447,0.69953061,0.47802835,-2.45771344,-1.66242869,-2.24654396,-0.04158020,0.70029355,0.47798157,0.00000000,-0.00488281,0.00976562,-0.01464844,0.02929688,-0.01464844,1.03378296,2.64757041,2.18315125,0.78125000
18.22155333,6370,-2.45618756,-1.70973094,-2.24501808,-0.04119873,0.69953061,0.47798157,3.82700594,-1.65937144,-2.24501808,-0.04135843,0.69953061,0.47799690,-2.45771344,-1.66204722,-2.24654396,-0.04158020,0.70029355,0.47798157,0.00000000,0.00000000,0.00488281,-0.01464844,0.02929688,-0.02929688,1.03378296,2.64781613,2.19612122,1.00097656
18.23455524,6375,-2.45618756,-1.70973094,-2.24501808,-0.04158020,0.69953061,0.47798157,3.82700043,-1.65937513,-2.24501808,-0.04137618,0.69953061,0.47803542,-2.45771344,-1.66204722,-2.24654396,-0.04158020,0.70029355,0.47798157,0.00488281,-0.00488281,0.00976562,-0.04394531,0.01464844,0.00000000,1.03378296,2.64771207,2.20489502,0.58593750
18.24767351,6380,-2.45618756,-1.70973094,-2.24501808,-0.04119873,0.69953061,0.47798157,3.82699862,-1.65937634,-2.24501808,-0.04132719,0.69953061,0.47810908,-2.45771344,-1.66204722,-2.24654396,-0.04158020,0.70029355,0.47798157,0.00000000,-0.00488281,0.00976562,-0.02929688,0.01464844,-0.02929688,1.03416443,2.64773291,2.21519470,0.83007812
18.26246214,6385,-2.45618756,-1.70973094,-2.24501808,-0.04119873,0.69953061,0.47798157,3.82705907,-1.65937674,-2.24501808,-0.04127207,0.69953061,0.47802335,-2.45771344,-1.66204722,-2.24654396,-0.04158020,0.70029355,0.47798157,0.00000000,0.00000000,0.00488281,-0.01464844,0.01464844,0.00000000,1.03416443,2.64792430,2.23045349,1.00097656
18.27862310,6390,-2.45618756,-1.70973094,-2.24501808,-0.04119873,0.69953061,0.47798157,3.82701784,-1.65937687,-2.24501808,-0.04122276,0.69953061,0.47799526,-2.45771344,-1.66204722,-2.24616249,-0.04158020,0.70029355,0.47798157,-0.00488281,0.00000000,0.00976562,-0.01464844,0.02929688,-0.02929688,1.03416443,2.64802218,2.23999023,0.46386719
18.29030180,6395,-2.45618756,-1.70973094,-2.24501808,-0.04119873,0.69953061,0.47798157,3.82700433,-1.65937691,-2.24501808,-0.04120661,0.69953061,0.47807394,-2.45771344,-1.66204722,-2.24616249,-0.04158020,0.70029355,0.47798157,0.00000000,0.00000000,0.00976562,-0.01464844,0.01464844,-0.01464844,1.03416443,2.64811675,2.24914551,0.80566406
18.30782270,6400,-2.45618756,-1.71049388,-2.24501808,-0.04119873,0.69953061,0.47798157,3.82704873,-1.65970969,-2.24501808,-0.04120131,0.69953061,0.47806067,-2.45771344,-1.66204722,-2.24616249,-0.04158020,0.70029355,0.47798157,-0.00488281,0.00000000,0.01464844,0.00000000,-0.00000000,-0.02929688,1.03416443,2.64814774,2.26745605,0.97656250
18.32072973,6405,-2.45618756,-1.71049388,-2.24501808,-0.04119873,0.69953061,0.47798157,3.82701445,-1.65999891,-2.24501808,-0.04123864,0.69953061,0.47800749,-2.45771344,-1.66166575,-2.24616249,-0.04158020,0.70029355,0.47798157,-0.00488281,0.00488281,0.00976562,0.00000000,0.02929688,-0.02929688,1.03416443,2.64815789,2.27546692,0.56152344
18.33398128,6410,-2.45618756,-1.71087535,-2.24501808,-0.04119873,0.69953061,0.47798157,3.82700322,-1.66016998,-2.24501808,-0.04121181,0.69953061,0.47806037,-2.45771344,-1.66166575,-2.24578102,-0.04158020,0.70029355,0.47760010,-0.00488281,0.00488281,0.00976562,-0.02929688,0.01464844,-0.01464844,1.03416443,2.64803915,2.28347778,0.78125000
18.34734488,6415,-2.45580609,-1.71125682,-2.24501808,-0.04119873,0.69953061,0.47798157,3.82712466,-1.66048250,-2.24501808,-0.04120302,0.69953061,0.47805622,-2.45733197,-1.66166575,-2.24578102,-0.04158020,0.70029355,0.47760010,0.00000000,0.00488281,0.00976562,-0.01464844,0.01464844,-0.01464844,1.03416443,2.64812231,2.29721069,0.90332031
18.36044860,6420,-2.45618756,-1.71163829,-2.24501808,-0.04119873,0.69953061,0.47798157,3.82710037,-1.66095124,-2.24501808,-0.04120013,0.69953061,0.47804509,-2.45733197,-1.66166575,-2.24578102,-0.04158020,0.70029355,0.47760010,-0.00488281,-0.00488281,0.00976562,0.00000000,-0.00000000,-0.02929688,1.03416443,2.64814956,2.30751038,0.78125000
18.37587118,6425,-2.45580609,-1.71201976,-2.24501808,-0.04119873,0.69953061,0.47798157,3.82724878,-1.66131248,-2.24501808,-0.04119919,0.69953061,0.47800238,-2.45733197,-1.66166575,-2.24578102,-0.04158020,0.70029355,0.47760010,-0.00488281,-0.00488281,0.00488281,-0.01464844,0.01464844,-0.01464844,1.03416443,2.64815849,2.31857300,0.73242188
18.39065409,6430,-2.45580609,-1.71278269,-2.24501808,-0.04119873,0.69953061,0.47798157,3.82733647,-1.66181244,-2.24501808,-0.04119888,0.69953061,0.47798839,-2.45733197,-1.66166575,-2.24578102,-0.04119873,0.70029355,0.47760010,-0.00976562,-0.00488281,0.00488281,-0.01464844,0.01464844,0.00000000,1.03416443,2.64816142,2.32963562,0.90332031
18.40240836,6435,-2.45580609,-1.71354563,-2.24501808,-0.04119873,0.69953061,0.47798157,3.82736521,-1.66263814,-2.24501808,-0.04119878,0.69953061,0.47798380,-2.45733197,-1.66166575,-2.24578102,-0.04158020,0.70029355,0.47721863,-0.00976562,-0.00976562,0.00488281,0.00000000,0.01464844,-0.01464844,1.03378296,2.64800979,2.34031677,0.75683594
18.41499329,6440,-2.45580609,-1.71392710,-2.24501808,-0.04158020,0.69953061,0.47798157,3.82737463,-1.66323548,-2.24501808,-0.04135512,0.69953061,0.47798230,-2.45733197,-1.66166575,-2.24578102,-0.04158020,0.70029355,0.47683716,-0.00488281,-0.00488281,0.00976562,-0.02929688,0.01464844,-0.04394531,1.03416443,2.64811269,2.34985352,0.70800781
18.42886496,6445,-2.45580609,-1.71507151,-2.24501808,-0.04119873,0.69953061,0.47798157,3.82737771,-1.66398139,-2.24501808,-0.04131101,0.69953061,0.47798181,-2.45733197,-1.66166575,-2.24578102,-0.04158020,0.70029355,0.47492981,0.00000000,-0.00976562,0.00976562,-0.01464844,0.01464844,-0.17578125,1.03416443,2.64814641,2.36091614,0.80566406
18.44454908,6450,-2.45580609,-1.71659739,-2.24501808,-0.04119873,0.69953061,0.47760010,3.82737872,-1.66518138,-2.24501808,-0.04123552,0.69953061,0.47784432,-2.45733197,-1.66166575,-2.24578102,-0.04158020,0.70029355,0.47454834,0.00000000,-0.00488281,0.00976562,-0.01464844,0.01464844,0.02929688,1.03416443,2.64815746,2.37236023,0.65917969
18.45841432,6455,-2.45580609,-1.71774180,-2.24501808,-0.04119873,0.69953061,0.47760010,3.82737905,-1.66641431,-2.24501808,-0.04121079,0.69953061,0.47768012,-2.45733197,-1.66166575,-2.24578102,-0.04158020,0.70029355,0.47454834,-0.00488281,-0.00488281,0.00976562,0.00000000,0.01464844,0.00000000,1.03416443,2.64816108,2.38685608,0.85449219
18.47345805,6460,-2.45580609,-1.71888621,-2.24501808,-0.04119873,0.69953061,0.47760010,3.82737916,-1.66755648,-2.24501808,-0.04120268,0.69953061,0.47762632,-2.45733197,-1.66166575,-2.24578102,-0.04158020,0.70029355,0.47454834,-0.00488281,0.00000000,0.00488281,0.00000000,0.01464844,-0.01464844,1.03416443,2.64816226,2.39753723,0.65917969
18.48796558,6465,-2.45580609,-1.72117503,-2.24501808,-0.04119873,0.69953061,0.47721863,3.82737920,-1.66928938,-2.24501808,-0.04120002,0.69953061,0.47747136,-2.45733197,-1.66166575,-2.24578102,-0.04158020,0.70029355,0.47454834,-0.00488281,0.00000000,0.00488281,-0.01464844,0.01464844,-0.01464844,1.03416443,2.64816265,2.40821838,0.78125000
18.50390792,6470,-2.45580609,-1.72346385,-2.24501808,-0.04119873,0.69953061,0.47683716,3.82737921,-1.67125786,-2.24501808,-0.04119915,0.69953061,0.47722515,-2.45733197,-1.66166575,-2.24578102,-0.04158020,0.69991208,0.47454834,0.00000000,-0.00488281,0.00488281,-0.01464844,-0.00000000,-0.02929688,1.03416443,2.64816278,2.42347717,0.70800781
18.51821327,6475,-2.45580609,-1.72498973,-2.24501808,-0.04119873,0.69953061,0.47645569,3.82737921,-1.67315923,-2.24501808,-0.04119887,0.69953061,0.47677814,-2.45733197,-1.66166575,-2.24578102,-0.04158020,0.69991208,0.47492981,-0.00488281,-0.00488281,0.00976562,0.00000000,0.01464844,-0.01464844,1.03416443,2.64816282,2.43225098,0.65917969
18.53262305,6480,-2.45580609,-1.72727854,-2.24501808,-0.04081726,0.69991208,0.47531128,3.82737921,-1.67512725,-2.24501808,-0.04112248,0.69978708,0.47598139,-2.45733197,-1.66166575,-2.24578102,-0.04158020,0.70029355,0.47492981,0.00000000,-0.00976562,0.00488281,0.00000000,0.01464844,-0.01464844,1.03416443,2.64816284,2.44483948,0.87890625
18.54578567,6485,-2.45580609,-1.72880442,-2.24501808,-0.04081726,0.69991208,0.47454834,3.82737921,-1.67714078,-2.24501808,-0.04094853,0.69987112,0.47504917,-2.45733197,-1.66166575,-2.24578102,-0.04158020,0.69991208,0.47492981,0.00000000,-0.00488281,0.00488281,-0.01464844,0.01464844,-0.01464844,1.03416443,2.64816284,2.45590210,0.90332031
18.56262493,6490,-2.45580609,-1.73261912,-2.24501808,-0.04081726,0.69991208,0.47416687,3.82737921,-1.67987357,-2.24501808,-0.04086027,0.69989865,0.47445598,-2.45733197,-1.66166575,-2.24539955,-0.04158020,0.70029355,0.47492981,-0.00488281,-0.01464844,0.00976562,-0.02929688,0.02929688,-0.01464844,1.03416443,2.64816284,2.46658325,0.65917969
18.57531857,6495,-2.45580609,-1.73452647,-2.24501808,-0.04081726,0.70029355,0.47416687,3.82737921,-1.68239271,-2.24501808,-0.04083136,0.70013290,0.47426161,-2.45733197,-1.66166575,-2.24539955,-0.04158020,0.70029355,0.47492981,-0.00976562,-0.01464844,0.00976562,-0.01464844,0.01464844,-0.01464844,1.03416443,2.64816284,2.47612000,0.90332031
18.58832955,6500,-2.45580609,-1.73757823,-2.24501808,-0.04081726,0.70029355,0.47416687,3.82737921,-1.68508976,-2.24501808,-0.04082188,0.70024091,0.47419791,-2.45733197,-1.66204722,-2.24539955,-0.04158020,0.70029355,0.47492981,-0.00488281,-0.01953125,0.00488281,-0.01464844,0.02929688,-0.01464844,1.03416443,2.64804077,2.49061584,0.73242188
18.60129571,6505,-2.45580609,-1.74024852,-2.24501808,-0.04081726,0.70067502,0.47416687,3.82737921,-1.68766872,-2.24501808,-0.04073870,0.70035259,0.47417704,-2.45733197,-1.66204722,-2.24539955,-0.04158020,0.69991208,0.47454834,-0.00488281,-0.02929688,0.00488281,-0.01464844,0.01464844,-0.01464844,1.03416443,2.64812284,2.49595642,0.46386719
18.61543107,6510,-2.45580609,-1.74291880,-2.24501808,-0.04043579,0.70105649,0.47416687,3.82737921,-1.69021680,-2.24501808,-0.04068397,0.70064566,0.47417020,-2.45733197,-1.66242869,-2.24539955,-0.04158020,0.69991208,0.47492981,-0.00488281,-0.02929688,0.00976562,-0.02929688,0.01464844,-0.01464844,1.03416443,2.64814973,2.50701904,0.78125000
18.63010645,6515,-2.45580609,-1.74558909,-2.24501808,-0.04043579,0.70105649,0.47416687,3.82737921,-1.69318054,-2.24501808,-0.04063626,0.70092187,0.47416796,-2.45733197,-1.66319163,-2.24539955,-0.04158020,0.70029355,0.47492981,-0.00488281,-0.05859375,0.00976562,-0.01464844,0.01464844,0.00000000,1.03416443,2.64815855,2.51808167,0.58593750
18.64435887,6520,-2.45580609,-1.74825938,-2.24501808,-0.04081726,0.70181943,0.47416687,3.82737921,-1.69588595,-2.24501808,-0.04067006,0.70145500,0.47416723,-2.45733197,-1.66395457,-2.24539955,-0.04158020,0.70029355,0.47492981,-0.00488281,-0.04882812,0.00976562,-0.01464844,0.01464844,-0.01464844,1.03416443,2.64803936,2.52571106,0.39062500
18.65942192,6525,-2.45580609,-1.75131114,-2.24501808,-0.04081726,0.70296383,0.47416687,3.82737921,-1.69877099,-2.24501808,-0.04076903,0.70225799,0.47416699,-2.45733197,-1.66433604,-2.24539955,-0.04158020,0.70029355,0.47454834,-0.00488281,-0.03906250,-0.00000000,-0.01464844,0.01464844,-0.02929688,1.03416443,2.64812238,2.53372192,0.80566406
18.67783713,6530,-2.45580609,-1.75398143,-2.24501808,-0.04043579,0.70410824,0.47416687,3.82737921,-1.70144574,-2.24501808,-0.04072516,0.70335156,0.47416691,-2.45733197,-1.66548045,-2.24539955,-0.04119873,0.70029355,0.47454834,0.00000000,-0.05371094,0.00488281,0.00000000,0.01464844,-0.01464844,1.03378296,2.64787493,2.55432129,1.00097656
18.69255066,6535,-2.45580609,-1.75703318,-2.24501808,-0.04081726,0.70601559,0.47378540,3.82737921,-1.70442278,-2.24501808,-0.04078708,0.70468073,0.47394166,-2.45733197,-1.66624339,-2.24539955,-0.04158020,0.70029355,0.47492981,-0.00976562,-0.06347656,0.00488281,-0.02929688,0.01464844,0.00000000,1.03378296,2.64791591,2.56500244,0.68359375
18.70526242,6540,-2.45580609,-1.75894053,-2.24501808,-0.04081726,0.70754147,0.47378540,3.82737921,-1.70679002,-2.24501808,-0.04080737,0.70626422,0.47383660,-2.45733197,-1.66662486,-2.24539955,-0.04158020,0.70029355,0.47454834,-0.00488281,-0.03417969,0.00488281,-0.01464844,0.01464844,-0.02929688,1.03416443,2.64801943,2.57110596,0.51269531
18.71917367,6545,-2.45580609,-1.76084788,-2.24501808,-0.04081726,0.70868588,0.47378540,3.82737921,-1.70884807,-2.24501808,-0.04081402,0.70764967,0.47380218,-2.45733197,-1.66738780,-2.24539955,-0.04119873,0.70029355,0.47454834,0.00000000,-0.07324219,0.00488281,0.00000000,0.01464844,-0.01464844,1.03416443,2.64799378,2.58064270,0.58593750
18.73514867,6550,-2.45580609,-1.76313670,-2.24501808,-0.04081726,0.70983029,0.47378540,3.82737921,-1.71106127,-2.24501808,-0.04081620,0.70886526,0.47379090,-2.45733197,-1.66815074,-2.24501808,-0.04158020,0.70029355,0.47454834,-0.00488281,-0.06347656,0.00976562,0.00000000,0.02929688,-0.01464844,1.03416443,2.64798537,2.58750916,0.39062500
18.74774122,6555,-2.45580609,-1.76466258,-2.24501808,-0.04081726,0.71059323,0.47378540,3.82737921,-1.71302379,-2.24501808,-0.04071682,0.70981558,0.47383603,-2.45733197,-1.66891368,-2.24501808,-0.04158020,0.70067502,0.47454834,-0.00488281,-0.07812500,0.00488281,-0.01464844,0.01464844,-0.02929688,1.03416443,2.64802656,2.59284973,0.36621094
18.76289487,6560,-2.45580609,-1.76695140,-2.24501808,-0.04081726,0.71097470,0.47378540,3.82737921,-1.71484534,-2.24501808,-0.04069206,0.71047574,0.47380199,-2.45733197,-1.67005809,-2.24501808,-0.04158020,0.70067502,0.47454834,-0.00488281,-0.06835938,0.00976562,-0.01464844,0.04394531,-0.01464844,1.03378296,2.64780544,2.60162354,0.41503906
18.77664638,6565,-2.45580609,-1.76885874,-2.24501808,-0.04081726,0.71135617,0.47378540,3.82737921,-1.71684371,-2.24501808,-0.04077624,0.71088749,0.47382209,-2.45733197,-1.67043956,-2.24501808,-0.04158020,0.70105649,0.47454834,-0.00488281,-0.04394531,0.00488281,-0.01464844,0.04394531,-0.02929688,1.03416443,2.64784553,2.60276794,0.09765625
18.79085612,6570,-2.45580609,-1.77000315,-2.24501808,-0.04081726,0.71135617,0.47378540,3.82737921,-1.71839930,-2.24501808,-0.04080382,0.71120259,0.47379742,-2.45733197,-1.67158396,-2.24501808,-0.04158020,0.70181943,0.47454834,-0.00488281,-0.07812500,-0.00000000,0.00000000,0.04394531,-0.01464844,1.03416443,2.64793680,2.60848999,0.34179688
18.80482507,6575,-2.45580609,-1.77114756,-2.24501808,-0.04081726,0.71135617,0.47378540,3.82737921,-1.71978830,-2.24501808,-0.04077379,0.71119598,0.47378934,-2.45733197,-1.67234690,-2.24501808,-0.04158020,0.70258236,0.47454834,-0.00488281,-0.05371094,0.00488281,-0.02929688,0.05859375,-0.02929688,1.03416443,2.64808877,2.61116028,0.17089844
18.81761742,6580,-2.45580609,-1.77267344,-2.24501808,-0.04081726,0.71135617,0.47378540,3.82737921,-1.72115947,-2.24501808,-0.04080302,0.71116257,0.47378669,-2.45733197,-1.67349131,-2.24501808,-0.04158020,0.70296383,0.47454834,-0.00488281,-0.08300781,0.00976562,-0.01464844,0.05859375,0.00000000,1.03416443,2.64801650,2.61230469,0.07324219
18.82979608,6585,-2.45580609,-1.77381785,-2.24501808,-0.04081726,0.71097470,0.47378540,3.82737921,-1.72233912,-2.24501808,-0.04081259,0.71117737,0.47378582,-2.45733197,-1.67425425,-2.24501808,-0.04158020,0.70372677,0.47454834,0.00000000,-0.06835938,0.00976562,-0.01464844,0.05859375,-0.02929688,1.03416443,2.64811489,2.61344910,0.14648438
18.84478784,6590,-2.45580609,-1.77458079,-2.24501808,-0.04081726,0.71097470,0.47378540,3.82737921,-1.72350667,-2.24501808,-0.04081573,0.71108017,0.47378554,-2.45733197,-1.67539866,-2.24501808,-0.04158020,0.70410824,0.47454834,0.00000000,-0.08789062,0.00976562,-0.02929688,0.05859375,-0.01464844,1.03416443,2.64808463,2.61840820,0.36621094
18.85844278,6595,-2.45580609,-1.77610667,-2.24539955,-0.04081726,0.71097470,0.47340393,3.82737921,-1.72473496,-2.24509438,-0.04081676,0.71100926,0.47364812,-2.45733197,-1.67616160,-2.24501808,-0.04158020,0.70487118,0.47454834,0.00000000,-0.05859375,0.00488281,-0.01464844,0.05859375,-0.01464844,1.03416443,2.64813721,2.61993408,0.09765625
18.87412071,6600,-2.45580609,-1.77725108,-2.24539955,-0.04081726,0.71097470,0.47340393,3.82737921,-1.72596789,-2.24529955,-0.04081710,0.71098602,0.47348395,-2.45733197,-1.67730601,-2.24501808,-0.04158020,0.70563412,0.47454834,-0.00488281,-0.06835938,0.00488281,0.00000000,0.08789062,-0.01464844,1.03416443,2.64815444,2.62184143,0.09765625
18.88752913,6605,-2.45580609,-1.77839549,-2.24539955,-0.04081726,0.71097470,0.47264099,3.82737921,-1.72717256,-2.24536679,-0.04081721,0.71097841,0.47303635,-2.45733197,-1.67806895,-2.24501808,-0.04158020,0.70754147,0.47454834,-0.00488281,-0.05371094,0.00488281,-0.01464844,0.08789062,-0.01464844,1.03416443,2.64816009,2.62260437,0.00000000
18.90433288,6610,-2.45580609,-1.77992137,-2.24539955,-0.04081726,0.71097470,0.47149658,3.82737921,-1.72848332,-2.24538882,-0.04081724,0.71097591,0.47230045,-2.45733197,-1.67921336,-2.24501808,-0.04119873,0.70906735,0.47454834,0.00000000,-0.07812500,0.00488281,0.00000000,0.13183594,-0.02929688,1.03416443,2.64808382,2.62336731,0.00000000
18.91572952,6615,-2.45580609,-1.78182872,-2.24578102,-0.04043579,0.71135617,0.46997070,3.82737921,-1.73004478,-2.24553337,-0.04067993,0.71111243,0.47106468,-2.45695050,-1.67997630,-2.24501808,-0.04158020,0.71059323,0.47454834,-0.00488281,-0.04882812,0.00488281,-0.01464844,0.11718750,-0.01464844,1.03416443,2.64796117,2.62413025,0.07324219
18.92956257,6620,-2.45580609,-1.78335459,-2.24616249,-0.04081726,0.71211911,0.46958923,3.82737921,-1.73171123,-2.24595634,-0.04077226,0.71153875,0.47007271,-2.45695050,-1.68073924,-2.24501808,-0.04158020,0.71135617,0.47454834,-0.00488281,-0.07812500,0.00976562,-0.02929688,0.08789062,-0.01464844,1.03416443,2.64809676,2.62718201,0.21972656
18.94395208,6625,-2.45580609,-1.78449900,-2.24692543,-0.04081726,0.71326352,0.46920776,3.82737921,-1.73306576,-2.24635739,-0.04077126,0.71226768,0.46967136,-2.45695050,-1.68150218,-2.24501808,-0.04158020,0.71135617,0.47454834,-0.00976562,-0.04882812,0.00976562,-0.02929688,-0.00000000,-0.02929688,1.03416443,2.64804353,2.62947083,0.00000000
18.95768094,6630,-2.45580609,-1.78564341,-2.24768837,-0.04081726,0.71440793,0.46920776,3.82737921,-1.73441037,-2.24718192,-0.04080219,0.71360505,0.46935968,-2.45695050,-1.68264659,-2.24501808,-0.04119873,0.71135617,0.47454834,-0.00488281,-0.09277344,0.00488281,0.00000000,-0.00000000,-0.01464844,1.03378296,2.64775143,2.63023376,0.02441406
18.97192001,6635,-2.45580609,-1.78831370,-2.24921425,-0.04043579,0.71784115,0.46920776,3.82737921,-1.73635671,-2.24817867,-0.04073603,0.71593305,0.46925754,-2.45695050,-1.68379100,-2.24501808,-0.04158020,0.71097470,0.47416687,0.00000000,-0.06347656,0.00488281,-0.01464844,-0.00000000,-0.04394531,1.03416443,2.64802803,2.63175964,0.07324219
18.98769546,6640,-2.45580609,-1.79060252,-2.25035866,-0.04043579,0.72165585,0.46920776,3.82737921,-1.73854112,-2.24936258,-0.04065331,0.71883773,0.46922408,-2.45695050,-1.68531687,-2.24501808,-0.04119873,0.71097470,0.47378540,-0.00488281,-0.09765625,0.00488281,-0.01464844,0.01464844,-0.02929688,1.03416443,2.64805617,2.63252258,0.02441406
19.00348330,6645,-2.45580609,-1.79212840,-2.25188454,-0.04005432,0.72547055,0.46882629,3.82737921,-1.74028425,-2.25072758,-0.04043077,0.72228539,0.46913681,-2.45695050,-1.68646128,-2.24501808,-0.04119873,0.71135617,0.47340393,-0.00488281,-0.09765625,0.00488281,-0.01464844,0.04394531,-0.05859375,1.03416443,2.64798726,2.63290405,0.00000000
19.01719308,6650,-2.45580609,-1.79441722,-2.25379189,-0.03852844,0.73004818,0.46844482,3.82737921,-1.74242404,-2.25256707,-0.03948237,0.72680281,0.46870283,-2.45695050,-1.68722422,-2.24501808,-0.04119873,0.71135617,0.47264099,-0.00488281,-0.05859375,0.00488281,-0.01464844,0.02929688,-0.05859375,1.03378296,2.64785506,2.63328552,0.02441406
19.03199220,6655,-2.45580609,-1.79708750,-2.25569924,-0.03509521,0.73577023,0.46615601,3.82737921,-1.74484042,-2.25434232,-0.03726424,0.73179956,0.46739143,-2.45695050,-1.68836863,-2.24501808,-0.04158020,0.71211911,0.47225952,0.00000000,-0.07812500,-0.00000000,-0.02929688,0.05859375,-0.04394531,1.03416443,2.64806199,2.63366699,0.00000000
19.04909515,6660,-2.45580609,-1.79975779,-2.25836953,-0.03242493,0.74225522,0.46386719,3.82737921,-1.74715505,-2.25644540,-0.03456634,0.73728956,0.46548539,-2.45695050,-1.68989451,-2.24501808,-0.04119873,0.71326352,0.47225952,-0.00976562,-0.08300781,0.00488281,-0.01464844,0.10253906,-0.01464844,1.03378296,2.64787955,2.63404846,-0.02441406
19.06586170,6665,-2.45580609,-1.80280955,-2.26065834,-0.03089905,0.74912167,0.46195984,3.82737921,-1.75025969,-2.25896925,-0.03240934,0.74425624,0.46338462,-2.45695050,-1.69103892,-2.24501808,-0.04119873,0.71555234,0.47187805,-0.00976562,-0.08789062,0.00488281,-0.02929688,0.16113281,-0.01464844,1.03416443,2.64799189,2.63481140,0.02441406
19.07882881,6670,-2.45580609,-1.80547984,-2.26256569,-0.02784729,0.75675107,0.45967102,3.82737921,-1.75306011,-2.26092530,-0.02995449,0.75119143,0.46146895,-2.45695050,-1.69218333,-2.24501808,-0.04119873,0.71860409,0.47187805,-0.00976562,-0.09765625,-0.00000000,0.01464844,0.24902344,-0.04394531,1.03378296,2.64789174,2.63557434,0.04882812
19.09483457,6675,-2.45580609,-1.80853160,-2.26523598,-0.02365112,0.76399899,0.45585632,3.82737921,-1.75595724,-2.26313107,-0.02665167,0.75832369,0.45853824,-2.45695050,-1.69332774,-2.24501808,-0.04043579,0.72127438,0.47149658,0.00000000,-0.08300781,0.00488281,0.04394531,0.21972656,-0.04394531,1.03378296,2.64762357,2.63671875,0.04882812
19.10950756,6680,-2.45580609,-1.81234629,-2.26828774,-0.01907349,0.77277279,0.45204163,3.82737921,-1.75928328,-2.26598570,-0.02238971,0.76644241,0.45493313,-2.45656903,-1.69485362,-2.24501808,-0.03967285,0.72394467,0.47111511,0.00000000,-0.07324219,0.00488281,0.02929688,0.19042969,-0.04394531,1.03378296,2.64747319,2.63748169,0.02441406
19.12540746,6685,-2.45580609,-1.81577952,-2.27057656,-0.01449585,0.78154660,0.44670105,3.82737921,-1.76267992,-2.26852095,-0.01806591,0.77470077,0.45068125,-2.45656903,-1.69599803,-2.24539955,-0.03814697,0.72661496,0.47035217,-0.00488281,-0.10742188,-0.01464844,0.08789062,0.19042969,-0.07324219,1.03378296,2.64764364,2.63786316,0.00000000
19.13884377,6690,-2.45580609,-1.81883128,-2.27324684,-0.01068115,0.78879452,0.44288635,3.82737921,-1.76604537,-2.27116604,-0.01406388,0.78269337,0.44616227,-2.45656903,-1.69714244,-2.24578102,-0.03738403,0.72890378,0.46882629,-0.00488281,-0.06835938,-0.02929688,0.02929688,0.20507812,-0.16113281,1.03416443,2.64777298,2.63824463,-0.02441406
19.15555120,6695,-2.45580609,-1.82226451,-2.27591713,-0.00572205,0.79718686,0.43869019,3.82737921,-1.76942953,-2.27395942,-0.00929632,0.79101869,0.44184811,-2.45656903,-1.69866831,-2.24654396,-0.03662109,0.73157406,0.46615601,-0.00488281,-0.09277344,-0.04394531,0.02929688,0.20507812,-0.14648438,1.03378296,2.64764422,2.63824463,0.00000000
19.16847157,6700,-2.45580609,-1.82569773,-2.27858742,-0.00267029,0.80557919,0.43601990,3.82737921,-1.77286231,-2.27660754,-0.00538496,0.79930800,0.43853418,-2.45656903,-1.69981272,-2.24692543,-0.03547668,0.73615170,0.46501160,0.00000000,-0.10742188,-0.02441406,0.08789062,0.39550781,-0.11718750,1.03378296,2.64747996,2.63862610,-0.02441406
19.18393993,6705,-2.45580609,-1.82989390,-2.28202065,0.00114441,0.81473446,0.43258667,3.82737921,-1.77650120,-2.27954668,-0.00179689,0.80784700,0.43535489,-2.45656903,-1.70172007,-2.24768837,-0.03242493,0.74072934,0.46348572,-0.00488281,-0.11718750,-0.06347656,0.16113281,0.33691406,-0.08789062,1.03378296,2.64742614,2.63862610,-0.02441406
19.19884181,6710,-2.45580609,-1.83332713,-2.28507241,0.00457764,0.82236386,0.42991638,3.82737921,-1.78009947,-2.28260109,0.00173590,0.81604301,0.43223997,-2.45656903,-1.70324595,-2.24845131,-0.02861023,0.74683285,0.46234131,-0.00488281,-0.10742188,-0.03906250,0.24902344,0.35156250,-0.08789062,1.03378296,2.64747100,2.63900757,0.00000000
19.21544647,6715,-2.45580609,-1.83676036,-2.28850563,0.00762939,0.83075619,0.42800903,3.82737921,-1.78369665,-2.28600785,0.00517429,0.82440812,0.42968644,-2.45656903,-1.70477183,-2.24883278,-0.02593994,0.75293637,0.45928955,0.00000000,-0.09765625,-0.02441406,0.17578125,0.42480469,-0.23437500,1.03378296,2.64742320,2.63900757,-0.02441406
19.23025107,6720,-2.45580609,-1.84019358,-2.29232033,0.01106262,0.83914853,0.42495728,3.82737921,-1.78706543,-2.28945938,0.00837190,0.83256302,0.42726816,-2.45656903,-1.70667918,-2.24959572,-0.02250671,0.75865841,0.45471191,0.00000000,-0.09765625,-0.02441406,0.21972656,0.39550781,-0.33691406,1.03378296,2.64740754,2.63938904,-0.02441406
19.24363351,6725,-2.45580609,-1.84286387,-2.29537209,0.01296997,0.84487057,0.42152405,3.82737921,-1.79017457,-2.29276420,0.01106240,0.83958617,0.42425686,-2.45656903,-1.70820506,-2.24997719,-0.02098083,0.76476193,0.45242310,-0.00488281,-0.12695312,-0.03417969,0.08789062,0.48339844,-0.19042969,1.03378296,2.64740240,2.63938904,0.00000000
19.25887823,6730,-2.45580609,-1.84706004,-2.29918679,0.01678467,0.85249997,0.41770935,3.82737921,-1.79361512,-2.29613155,0.01410784,0.84674494,0.42071763,-2.45656903,-1.70934947,-2.25074013,-0.01907349,0.77239132,0.45127869,0.00000000,-0.12207031,-0.04882812,0.14648438,0.58593750,-0.10253906,1.03378296,2.64740072,2.63977051,0.00000000
19.27411270,6735,-2.45580609,-1.85049327,-2.30223854,0.01983643,0.85898495,0.41503906,3.82737921,-1.79725778,-2.29952500,0.01739581,0.85351809,0.41743204,-2.45656903,-1.71087535,-2.25188454,-0.01716614,0.77811337,0.44746399,-0.00488281,-0.11230469,-0.06347656,0.11718750,0.39550781,-0.30761719,1.03378296,2.64740017,2.63977051,-0.02441406
19.29067755,6740,-2.45580609,-1.85316355,-2.30529030,0.02098083,0.86470700,0.41351318,3.82737921,-1.80048790,-2.30285962,0.01955560,0.85988681,0.41489888,-2.45656903,-1.71278269,-2.25264748,-0.01449585,0.78269101,0.44441223,-0.00488281,-0.13183594,-0.04882812,0.17578125,0.30761719,-0.17578125,1.03378296,2.64739999,2.63977051,-0.04882812
19.30487514,6745,-2.45580609,-1.85621531,-2.30834206,0.02098083,0.87042904,0.41351318,3.82737921,-1.80350045,-2.30594548,0.02051382,0.86583247,0.41396725,-2.45656903,-1.71469004,-2.25341042,-0.01182556,0.78803158,0.44441223,-0.00488281,-0.12207031,-0.06835938,0.17578125,0.39550781,-0.05859375,1.03378296,2.64739993,2.64015198,0.00000000
19.31676602,6750,-2.45580609,-1.85888560,-2.31024941,0.02136230,0.87424374,0.41351318,3.82737921,-1.80636297,-2.30843822,0.02101396,0.87072484,0.41366197,-2.45656903,-1.71621592,-2.25455483,-0.00991821,0.79299069,0.44250488,-0.00488281,-0.11230469,-0.08300781,0.13183594,0.41015625,-0.17578125,1.03378296,2.64739991,2.64015198,0.00000000
19.32980967,6755,-2.45580609,-1.86193736,-2.31253823,0.02212524,0.87729550,0.41351318,3.82737921,-1.80925116,-2.31072354,0.02161071,0.87452084,0.41356194,-2.45656903,-1.71774180,-2.25531777,-0.00801086,0.79871274,0.43983459,-0.00976562,-0.12207031,-0.09765625,0.16113281,0.45410156,-0.17578125,1.03378296,2.64739991,2.64015198,-0.02441406
19.34390807,6760,-2.45580609,-1.86498912,-2.31406411,0.02250671,0.88072873,0.41351318,3.82737921,-1.81223174,-2.31269994,0.02214280,0.87790498,0.41352916,-2.45656903,-1.71964915,-2.25684365,-0.00534058,0.80367184,0.43792725,-0.00976562,-0.13671875,-0.05859375,0.17578125,0.38085938,-0.14648438,1.03378296,2.64739990,2.64053345,0.02441406
19.35663700,6765,-2.45580609,-1.86765940,-2.31558998,0.02250671,0.88339902,0.41351318,3.82737921,-1.81512284,-2.31445352,0.02238747,0.88092978,0.41351842,-2.45656903,-1.72117503,-2.25760659,-0.00267029,0.80786801,0.43716431,-0.00488281,-0.13671875,-0.06347656,0.17578125,0.27832031,-0.07324219,1.03378296,2.64739990,2.64053345,-0.02441406
19.37302804,6770,-2.45580609,-1.87109263,-2.31787880,0.02250671,0.88606930,0.41351318,3.82737921,-1.81833937,-2.31638678,0.02246764,0.88393597,0.41351490,-2.45656903,-1.72346385,-2.25836953,-0.00038147,0.81511593,0.43525696,0.00000000,-0.13183594,-0.03906250,0.14648438,0.52734375,-0.14648438,1.03378296,2.64739990,2.64091492,0.00000000
19.38652873,6775,-2.45580609,-1.87338145,-2.31940468,0.02250671,0.88912106,0.41351318,3.82737921,-1.82095903,-2.31809497,0.02249391,0.88681947,0.41351375,-2.45656903,-1.72498973,-2.25989540,0.00114441,0.82007504,0.43334961,0.00000000,-0.12695312,-0.08789062,0.11718750,0.43945312,-0.20507812,1.03378296,2.64739990,2.64129639,0.00000000
19.40155339,6780,-2.45580609,-1.87643321,-2.32131203,0.02250671,0.89255429,0.41351318,3.82737921,-1.82381109,-2.31985699,0.02250252,0.88993438,0.41351337,-2.45656903,-1.72689707,-2.26103981,0.00305176,0.82732297,0.43106079,0.00000000,-0.11718750,-0.08789062,0.08789062,0.38085938,-0.19042969,1.03378296,2.64739990,2.64129639,-0.04882812
19.41402984,6785,-2.45580609,-1.87872203,-2.32283791,0.02250671,0.89522458,0.41351318,3.82737921,-1.82630596,-2.32141141,0.02238620,0.89274206,0.41345221,-2.45656903,-1.72842295,-2.26218422,0.00457764,0.82999325,0.42839050,-0.00488281,-0.13671875,-0.08300781,0.13183594,0.32226562,-0.24902344,1.03378296,2.64739990,2.64167786,-0.02441406
19.42604685,6790,-2.45580609,-1.88139231,-2.32398232,0.02250671,0.89713193,0.41313171,3.82737921,-1.82902863,-2.32295043,0.02237933,0.89526572,0.41327580,-2.45656903,-1.72994883,-2.26294716,0.00495911,0.83418942,0.42800903,-0.00488281,-0.15625000,-0.07812500,0.02929688,0.29296875,-0.05859375,1.03378296,2.64739990,2.64167786,-0.02441406
19.44179535,6795,-2.45580609,-1.88444407,-2.32550820,0.02212524,0.89980221,0.41275024,3.82737921,-1.83175331,-2.32440054,0.02220850,0.89775661,0.41304160,-2.45656903,-1.73223765,-2.26371010,0.00610352,0.83800412,0.42724609,-0.00488281,-0.15136719,-0.06347656,0.07324219,0.26367188,-0.07324219,1.03378296,2.64739990,2.64205933,0.00000000
19.45627761,6800,-2.45580609,-1.88673289,-2.32703408,0.02212524,0.90209103,0.41160583,3.82737921,-1.83416298,-2.32584055,0.02215253,0.90000178,0.41240687,-2.45656903,-1.73414500,-2.26523598,0.00762939,0.84372616,0.42572021,-0.00488281,-0.13671875,-0.08789062,0.05859375,0.30761719,-0.08789062,1.03378296,2.64739990,2.64205933,-0.02441406
19.46976113,6805,-2.45580609,-1.88940318,-2.32817849,0.02212524,0.90476132,0.40931702,3.82737921,-1.83697688,-2.32713065,0.02213418,0.90258160,0.41086173,-2.45656903,-1.73605235,-2.26638039,0.00801086,0.84715939,0.42572021,-0.00488281,-0.14648438,-0.06835938,0.01464844,0.33691406,-0.02929688,1.03378296,2.64739990,2.64244080,-0.02441406
19.48445487,6810,-2.45580609,-1.89245494,-2.32970436,0.02212524,0.90781308,0.40626526,3.82737921,-1.83972950,-2.32849919,0.02212817,0.90533613,0.40864399,-2.45656903,-1.73795970,-2.26752480,0.00839233,0.85173703,0.42419434,-0.00976562,-0.13671875,-0.07812500,0.04394531,0.26367188,-0.13183594,1.03378296,2.64739990,2.64282227,0.00000000
19.49923134,6815,-2.45580609,-1.89550669,-2.33161171,0.02212524,0.91086484,0.40321350,3.82737921,-1.84264417,-2.33004200,0.02212620,0.90838278,0.40572441,-2.45656903,-1.73986705,-2.26866921,0.00953674,0.85517026,0.42076111,-0.00488281,-0.15136719,-0.07812500,0.05859375,0.27832031,-0.26367188,1.03416443,2.64755249,2.64282227,-0.02441406
19.51256156,6820,-2.45580609,-1.89779551,-2.33351906,0.02212524,0.91506100,0.40130615,3.82737921,-1.84545936,-2.33193976,0.02218659,0.91191272,0.40319387,-2.45656903,-1.74177439,-2.26981362,0.01029968,0.85898495,0.41999817,-0.00488281,-0.14160156,-0.04394531,0.05859375,0.21972656,-0.04394531,1.03378296,2.64744990,2.64282227,0.00000000
19.52685165,6825,-2.45580609,-1.90046580,-2.33580788,0.02212524,0.91963864,0.39901733,3.82737921,-1.84810633,-2.33409067,0.02214535,0.91608406,0.40095475,-2.45656903,-1.74406321,-2.27095803,0.01182556,0.86203671,0.41885376,-0.00488281,-0.13183594,-0.07324219,0.10253906,0.26367188,-0.10253906,1.03378296,2.64741629,2.64320374,0.00000000
19.54054999,6830,-2.45580609,-1.90351756,-2.33924111,0.02212524,0.92536068,0.39596558,3.82737921,-1.85085504,-2.33686298,0.02213183,0.92096936,0.39822055,-2.45656903,-1.74558909,-2.27172097,0.01296997,0.86661435,0.41885376,-0.00488281,-0.14648438,-0.05859375,0.05859375,0.36621094,-0.04394531,1.03378296,2.64740527,2.64320374,-0.02441406
19.55501533,6835,-2.45580609,-1.90580638,-2.34191140,0.02212524,0.93031979,0.39405823,3.82737921,-1.85344348,-2.33986455,0.02212740,0.92642186,0.39577419,-2.45656903,-1.74787791,-2.27324684,0.01411438,0.87119198,0.41809082,-0.00488281,-0.13671875,-0.09765625,0.05859375,0.32226562,-0.05859375,1.03378296,2.64740166,2.64320374,0.00000000
19.57028031,6840,-2.45580609,-1.90809519,-2.34534462,0.02212524,0.93718625,0.39329529,3.82737921,-1.85586172,-2.34292733,0.02212595,0.93229813,0.39429703,-2.45656903,-1.74978526,-2.27439125,0.01487732,0.87691403,0.41694641,-0.00488281,-0.14160156,-0.09765625,0.02929688,0.41015625,-0.10253906,1.03378296,2.64740048,2.64358521,0.00000000
19.58296514,6845,-2.45580609,-1.91114695,-2.35068520,0.02212524,0.94596005,0.39176941,3.82737921,-1.85851595,-2.34701078,0.02212548,0.93954923,0.39277930,-2.45656903,-1.75207408,-2.27629860,0.01525879,0.88072873,0.41427612,-0.00488281,-0.15136719,-0.09765625,-0.01464844,0.27832031,-0.20507812,1.03378296,2.64740009,2.64320374,-0.04882812
19.59731603,6850,-2.45580609,-1.91343577,-2.35526284,0.02212524,0.95397091,0.39138794,3.82737921,-1.86101435,-2.35137667,0.02212532,0.94695127,0.39184386,-2.45656903,-1.75398143,-2.27706154,0.01525879,0.88454342,0.41313171,-0.00488281,-0.15136719,-0.05371094,-0.02929688,0.33691406,-0.08789062,1.03378296,2.64739996,2.64358521,0.00000000
19.61185884,6855,-2.45580609,-1.91572459,-2.35984047,0.02212524,0.96198178,0.39138794,3.82737921,-1.86354226,-2.35622623,0.02212527,0.95549408,0.39153734,-2.45656903,-1.75588877,-2.27820595,0.01564026,0.88721371,0.41122437,-0.00488281,-0.16113281,-0.07812500,0.02929688,0.23437500,-0.14648438,1.03378296,2.64733742,2.64358521,-0.02441406
19.62519026,6860,-2.45580609,-1.91763194,-2.36594399,0.02212524,0.97151852,0.39138794,3.82737921,-1.86574523,-2.36160049,0.02212525,0.96451812,0.39143689,-2.45656903,-1.75817759,-2.27973183,0.01602173,0.89179135,0.41084290,-0.00976562,-0.15625000,-0.08300781,0.01464844,0.36621094,-0.04394531,1.03378296,2.64737943,2.64396667,0.02441406
19.63895965,6865,-2.45580609,-1.91953929,-2.37204750,0.02212524,0.98143673,0.39138794,3.82737921,-1.86771820,-2.36737569,0.02212525,0.97372341,0.39140398,-2.45656903,-1.76008494,-2.28163918,0.01602173,0.89713193,0.41007996,-0.00488281,-0.15136719,-0.11718750,-0.01464844,0.42480469,-0.08789062,1.03378296,2.64739319,2.64396667,0.00000000
19.65352893,6870,-2.45580609,-1.92144664,-2.37891396,0.02212524,0.99402524,0.39138794,3.82737921,-1.86953719,-2.37367314,0.02212525,0.98463006,0.39139320,-2.45656903,-1.76199229,-2.28354653,0.01602173,0.90437985,0.40817261,-0.00488281,-0.16601562,-0.11718750,-0.01464844,0.45410156,-0.14648438,1.03378296,2.64733520,2.64396667,-0.02441406
19.66915965,6875,-2.45580609,-1.92335398,-2.38692482,0.02212524,1.00585080,0.39138794,3.82737921,-1.87133307,-2.38071630,0.02212524,0.99624679,0.39138966,-2.45656903,-1.76466258,-2.28507241,0.01602173,0.91048337,0.40588379,-0.00488281,-0.16113281,-0.07812500,-0.01464844,0.46875000,-0.17578125,1.03378296,2.64719413,2.64396667,0.00000000
19.68183041,6880,-2.45580609,-1.92449839,-2.39226540,0.02212524,1.01538754,0.39138794,3.82737921,-1.87300247,-2.38728617,0.02218628,1.00708767,0.39138850,-2.45656903,-1.76656993,-2.28659829,0.01640320,0.91544247,0.40321350,-0.00488281,-0.15625000,-0.10253906,0.01464844,0.36621094,-0.24902344,1.03378296,2.64725435,2.64396667,-0.04882812
19.69454741,6885,-2.45580609,-1.92602427,-2.39913185,0.02212524,1.02606869,0.39138794,3.82731818,-1.87446552,-2.39354079,0.02214524,1.01742028,0.39138812,-2.45656903,-1.76809581,-2.28774269,0.01716614,0.92154599,0.40206909,-0.00488281,-0.14160156,-0.12207031,0.01464844,0.54199219,-0.19042969,1.03378296,2.64699186,2.64396667,-0.02441406
19.71053314,6890,-2.45580609,-1.92755015,-2.40752419,0.02212524,1.03903866,0.39138794,3.82735921,-1.87605870,-2.40121213,0.02213180,1.02934831,0.39138800,-2.45656903,-1.77038462,-2.29041298,0.01754761,0.93146420,0.40206909,-0.00488281,-0.11718750,-0.16601562,0.01464844,0.58593750,-0.04394531,1.03340149,2.64683138,2.64396667,-0.04882812
19.72545862,6895,-2.45618756,-1.92869456,-2.41477211,0.02212524,1.05086422,0.39138794,3.82723533,-1.87744245,-2.40864665,0.02212739,1.04133000,0.39143679,-2.45656903,-1.77229197,-2.29270180,0.01831055,0.93794919,0.40130615,-0.00488281,-0.13671875,-0.14160156,0.02929688,0.51269531,-0.07324219,1.03378296,2.64685326,2.64434814,-0.02441406
19.73925614,6900,-2.45618756,-1.92983897,-2.42354592,0.02212524,1.06307126,0.39138794,3.82716788,-1.87866528,-2.41685904,0.02212595,1.05345001,0.39140395,-2.45656903,-1.77458079,-2.29460915,0.01869202,0.94481564,0.40016174,-0.00488281,-0.15136719,-0.11718750,0.02929688,0.51269531,-0.10253906,1.03340149,2.64670784,2.64434814,-0.02441406
19.75478387,6905,-2.45618756,-1.93060191,-2.43079384,0.02212524,1.07451535,0.39138794,3.82709256,-1.87962775,-2.42431753,0.02212547,1.06486510,0.39150305,-2.45656903,-1.77610667,-2.29651650,0.01907349,0.95130063,0.39978027,-0.00488281,-0.15136719,-0.15136719,0.01464844,0.57128906,-0.04394531,1.03340149,2.64666019,2.64434814,0.00000000
19.76774859,6910,-2.45618756,-1.93174632,-2.43880471,0.02212524,1.08481503,0.39176941,3.82702881,-1.88056361,-2.43236614,0.02212532,1.07624659,0.39150195,-2.45656903,-1.77877696,-2.29994973,0.01945496,0.96312619,0.39939880,-0.00488281,-0.15136719,-0.19042969,0.01464844,0.62988281,-0.04394531,1.03340149,2.64664457,2.64434814,0.00000000
19.78368235,6915,-2.45618756,-1.93250926,-2.44719704,0.02212524,1.09740353,0.39176941,3.82700793,-1.88145353,-2.44046274,0.02212527,1.08773352,0.39165052,-2.45618756,-1.78068431,-2.30185707,0.01945496,0.97113705,0.39863586,-0.00488281,-0.14648438,-0.17089844,0.00000000,0.61523438,-0.04394531,1.03340149,2.64663946,2.64434814,-0.02441406
19.79895687,6920,-2.45618756,-1.93250926,-2.45482643,0.02174377,1.10694027,0.39138794,3.82700108,-1.88192531,-2.44873400,0.02193910,1.09896985,0.39147398,-2.45618756,-1.78297312,-2.30452736,0.01983643,0.98029233,0.39749146,-0.00488281,-0.14160156,-0.14648438,0.02929688,0.60058594,-0.11718750,1.03340149,2.64663778,2.64434814,-0.02441406
19.81174421,6925,-2.45618756,-1.93250926,-2.46207436,0.02212524,1.11762143,0.39176941,3.82699884,-1.88207991,-2.45620104,0.02192313,1.10923722,0.39153149,-2.45618756,-1.78449900,-2.30719765,0.02021790,0.98754025,0.39520264,-0.00488281,-0.15136719,-0.20019531,0.02929688,0.61523438,-0.17578125,1.03340149,2.64663723,2.64434814,0.02441406
19.82675266,6930,-2.45618756,-1.93250926,-2.46932228,0.02174377,1.12639523,0.39138794,3.82699810,-1.88213056,-2.46345338,0.02180255,1.11901264,0.39154484,-2.45618756,-1.78640635,-2.30986794,0.02059937,0.99707699,0.39520264,-0.00976562,-0.14160156,-0.20019531,0.01464844,0.68847656,-0.01464844,1.03340149,2.64663705,2.64434814,-0.02441406
19.84143639,6935,-2.45618756,-1.93250926,-2.47657021,0.02136230,1.13516903,0.39138794,3.82699786,-1.88214716,-2.47056017,0.02168674,1.12802237,0.39148818,-2.45656903,-1.78831370,-2.31291970,0.02098083,1.00775815,0.39520264,-0.00488281,-0.14160156,-0.21972656,0.00000000,0.73242188,-0.02929688,1.03340149,2.64663699,2.64434814,-0.04882812
19.85587931,6940,-2.45618756,-1.93250926,-2.48343666,0.02098083,1.14356137,0.39138794,3.82699778,-1.88215260,-2.47773927,0.02124340,1.13673957,0.39153065,-2.45656903,-1.78983958,-2.31635292,0.02098083,1.01615048,0.39520264,-0.00488281,-0.13183594,-0.21972656,0.00000000,0.61523438,-0.02929688,1.03340149,2.64663697,2.64434814,-0.02441406
19.87018156,6945,-2.45618756,-1.93250926,-2.48992165,0.01983643,1.15080929,0.39176941,3.82699776,-1.88215438,-2.48469877,0.02054795,1.14486641,0.39157203,-2.45618756,-1.79174693,-2.31940468,0.02136230,1.02530575,0.39482117,-0.00488281,-0.14160156,-0.20019531,0.01464844,0.64453125,-0.02929688,1.03340149,2.64653931,2.64434814,0.00000000
19.88549876,6950,-2.45618756,-1.93250926,-2.49640663,0.01869202,1.15805722,0.39176941,3.82699775,-1.88215497,-2.49110292,0.01963074,1.15221874,0.39170473,-2.45618756,-1.79403575,-2.32283791,0.02250671,1.03446103,0.39482117,-0.00488281,-0.13183594,-0.21484375,0.05859375,0.62988281,-0.02929688,1.03340149,2.64650731,2.64434814,-0.07324219
19.89824653,6955,-2.45618756,-1.93250926,-2.50174721,0.01831055,1.16301632,0.39176941,3.82699775,-1.88215516,-2.49731642,0.01881346,1.15876430,0.39174822,-2.45618756,-1.79518016,-2.32550820,0.02250671,1.04170895,0.39482117,-0.00976562,-0.13183594,-0.22949219,0.02929688,0.64453125,-0.02929688,1.03340149,2.64659448,2.64472961,-0.02441406
19.91202021,6960,-2.45618756,-1.93250926,-2.50746926,0.01792908,1.16950131,0.39176941,3.82699775,-1.88215522,-2.50309013,0.01833801,1.16478965,0.39176246,-2.45618756,-1.79708750,-2.32894142,0.02250671,1.05048276,0.39443970,-0.00488281,-0.13671875,-0.23925781,0.00000000,0.64453125,-0.04394531,1.03340149,2.64652539,2.64434814,-0.02441406
19.92423868,6965,-2.45656903,-1.93250926,-2.51242836,0.01754761,1.17407895,0.39176941,3.82677253,-1.88215524,-2.50866675,0.01783786,1.17045251,0.39167924,-2.45618756,-1.79861338,-2.33199318,0.02250671,1.05773068,0.39405823,-0.00488281,-0.11230469,-0.22949219,0.00000000,0.62988281,-0.04394531,1.03340149,2.64660040,2.64472961,-0.04882812
19.93774915,6970,-2.45695050,-1.93250926,-2.51815041,0.01678467,1.17941952,0.39176941,3.82644226,-1.88215525,-2.51422786,0.01730995,1.17550758,0.39170861,-2.45656903,-1.80013926,-2.33466347,0.02250671,1.06688595,0.39367676,-0.00488281,-0.09765625,-0.22949219,-0.01464844,0.61523438,-0.05859375,1.03302002,2.64647239,2.64472961,0.00000000
19.95208263,6975,-2.45733197,-1.93250926,-2.52425392,0.01640320,1.18437863,0.39176941,3.82604631,-1.88215525,-2.51980940,0.01681946,1.18049276,0.39171043,-2.45618756,-1.80166514,-2.33809670,0.02212524,1.07451535,0.39329529,0.00000000,-0.12207031,-0.20996094,-0.04394531,0.58593750,-0.04394531,1.03340149,2.64652054,2.64472961,-0.02441406
19.96553063,6980,-2.45809491,-1.93250926,-2.52959450,0.01487732,1.18857480,0.39176941,3.82547394,-1.88215525,-2.52532367,0.01579546,1.18511251,0.39175008,-2.45618756,-1.80319102,-2.34114846,0.02212524,1.08176327,0.39291382,-0.00488281,-0.12695312,-0.23437500,-0.02929688,0.54199219,-0.02929688,1.03340149,2.64659881,2.64472961,-0.02441406
19.98113394,6985,-2.45923932,-1.93250926,-2.53607949,0.01373291,1.19429684,0.39176941,3.82465809,-1.88215525,-2.53126254,0.01455916,1.19005295,0.39176308,-2.45656903,-1.80433543,-2.34458168,0.02212524,1.08862973,0.39291382,-0.00488281,-0.10742188,-0.23925781,-0.02929688,0.60058594,-0.01464844,1.03340149,2.64652681,2.64472961,-0.02441406
19.99346852,6990,-2.46000226,-1.93250926,-2.54103859,0.01220703,1.19849301,0.39176941,3.82391688,-1.88215525,-2.53666916,0.01332983,1.19467073,0.39176733,-2.45656903,-1.80586131,-2.34801491,0.02174377,1.09702206,0.39291382,0.00000000,-0.10253906,-0.26367188,-0.04394531,0.52734375,-0.01464844,1.03340149,2.64660087,2.64472961,-0.02441406
20.00700665,6995,-2.46152814,-1.93250926,-2.54561623,0.01029968,1.20192624,0.39176941,3.82276726,-1.88215525,-2.54159315,0.01164465,1.19878801,0.39176873,-2.45656903,-1.80738719,-2.35144814,0.02174377,1.10426999,0.39291382,-0.00976562,-0.10742188,-0.22949219,-0.04394531,0.54199219,-0.01464844,1.03340149,2.64662513,2.64472961,0.00000000
20.02028418,7000,-2.46267255,-1.93250926,-2.55057534,0.00991821,1.20574093,0.39176941,3.82153325,-1.88215525,-2.54639816,0.01055424,1.20244942,0.39176919,-2.45656903,-1.80853160,-2.35488137,0.02136230,1.10922909,0.39291382,-0.00488281,-0.12207031,-0.25878906,-0.02929688,0.49804688,-0.01464844,1.03340149,2.64663309,2.64472961,0.00000000
20.03577662,7005,-2.46457990,-1.93250926,-2.55667885,0.00915527,1.20993710,0.39176941,3.82002672,-1.88215525,-2.55174416,0.00997404,1.20637953,0.39176934,-2.45656903,-1.81005748,-2.35907753,0.02098083,1.11723996,0.39291382,-0.00488281,-0.11230469,-0.26855469,-0.08789062,0.49804688,-0.01464844,1.03340149,2.64641597,2.64472961,-0.02441406
20.04952168,7010,-2.46686871,-1.93250926,-2.56163796,0.00762939,1.21337033,0.39176941,3.81806455,-1.88215525,-2.55713229,0.00879857,1.21021679,0.39176939,-2.45656903,-1.81158335,-2.36327370,0.01945496,1.12486935,0.39291382,-0.00976562,-0.10742188,-0.24414062,-0.08789062,0.42480469,-0.01464844,1.03340149,2.64656455,2.64472961,-0.02441406
20.06316257,7015,-2.46915753,-1.93250926,-2.56583412,0.00648499,1.21604062,0.39176941,3.81583150,-1.88215525,-2.56213993,0.00748578,1.21353217,0.39176940,-2.45656903,-1.81272776,-2.36632546,0.01831055,1.13097287,0.39291382,-0.00976562,-0.08789062,-0.24414062,-0.11718750,0.48339844,-0.01464844,1.03340149,2.64661323,2.64472961,0.00000000
20.07639718,7020,-2.47144635,-1.93250926,-2.57079323,0.00610352,1.21871090,0.39176941,3.81346330,-1.88215525,-2.56686202,0.00662677,1.21645046,0.39176941,-2.45656903,-1.81425364,-2.36937722,0.01716614,1.13669491,0.39291382,-0.00976562,-0.12207031,-0.24902344,-0.11718750,0.54199219,-0.02929688,1.03340149,2.64662919,2.64472961,-0.04882812
20.09038568,7025,-2.47449811,-1.93250926,-2.57537087,0.00495911,1.22176266,0.39176941,3.81086600,-1.88215525,-2.57166814,0.00577510,1.21934716,0.39176941,-2.45656903,-1.81539805,-2.37357338,0.01564026,1.14356137,0.39253235,-0.00976562,-0.09277344,-0.27832031,-0.11718750,0.43945312,0.00000000,1.03340149,2.64663441,2.64511108,-0.04882812
20.10398078,7030,-2.47754987,-1.93250926,-2.57918557,0.00343323,1.22443295,0.39176941,3.80809304,-1.88215525,-2.57575936,0.00466253,1.22191292,0.39176941,-2.45656903,-1.81654246,-2.37662514,0.01487732,1.14813901,0.39253235,-0.01464844,-0.09765625,-0.24414062,-0.02929688,0.41015625,0.00000000,1.03340149,2.64663613,2.64472961,-0.02441406
20.12006903,7035,-2.48098309,-1.93250926,-2.58528908,0.00267029,1.22786618,0.39138794,3.80500508,-1.88215525,-2.58071277,0.00344224,1.22500379,0.39163208,-2.45695050,-1.81806834,-2.38120278,0.01449585,1.15386105,0.39253235,-0.03417969,-0.10253906,-0.26367188,-0.02929688,0.38085938,-0.02929688,1.03302002,2.64642160,2.64472961,-0.02441406
20.13440752,7040,-2.48479779,-1.93250926,-2.58986672,0.00114441,1.23091794,0.39138794,3.80135430,-1.88215525,-2.58585739,0.00221035,1.22824415,0.39146794,-2.45733197,-1.81959422,-2.38463600,0.01449585,1.15882016,0.39253235,-0.03417969,-0.08300781,-0.27343750,0.00000000,0.36621094,0.00000000,1.03340149,2.64650389,2.64511108,0.00000000
20.14726353,7045,-2.48784955,-1.93250926,-2.59482582,0.00000000,1.23320675,0.39138794,3.79798125,-1.88215525,-2.59079086,0.00093571,1.23112651,0.39141415,-2.45771344,-1.82035716,-2.38845070,0.01411438,1.16339779,0.39253235,-0.01464844,-0.07812500,-0.28808594,-0.04394531,0.45410156,-0.01464844,1.03340149,2.64659336,2.64472961,-0.04882812
20.16251254,7050,-2.49204572,-1.93250926,-2.60016640,-0.00152588,1.23625851,0.39138794,3.79414416,-1.88215525,-2.59608104,-0.00046878,1.23396455,0.39139653,-2.45809491,-1.82188304,-2.39188393,0.01335144,1.16950131,0.39253235,-0.04394531,-0.09277344,-0.27832031,-0.10253906,0.38085938,-0.01464844,1.03340149,2.64662267,2.64472961,-0.02441406
20.17786145,7055,-2.49586041,-1.93250926,-2.60474404,-0.00267029,1.23854733,0.39100647,3.79022935,-1.88215525,-2.60116511,-0.00168913,1.23663549,0.39117335,-2.45885785,-1.82302745,-2.39684304,0.01220703,1.17446042,0.39253235,-0.04882812,-0.11230469,-0.23925781,-0.07324219,0.27832031,-0.01464844,1.03340149,2.64656978,2.64511108,-0.02441406
20.19184327,7060,-2.50005658,-1.93250926,-2.60932167,-0.00457764,1.24007321,0.39062500,3.78630067,-1.88215525,-2.60586475,-0.00327908,1.23872603,0.39083593,-2.45962079,-1.82417186,-2.39989479,0.01068115,1.17789364,0.39253235,-0.06347656,-0.07812500,-0.26367188,-0.10253906,0.29296875,-0.02929688,1.03340149,2.64661495,2.64511108,-0.04882812
20.20579171,7065,-2.50463422,-1.93250926,-2.61428078,-0.00686646,1.24198056,0.38986206,3.78215249,-1.88215525,-2.61046100,-0.00510989,1.24051324,0.39043167,-2.46038373,-1.82569773,-2.40409096,0.00953674,1.18361569,0.39253235,-0.05859375,-0.09277344,-0.26367188,-0.11718750,0.39550781,-0.01464844,1.03340149,2.64650768,2.64511108,-0.02441406
20.21984482,7070,-2.50692304,-1.93250926,-2.61695107,-0.00762939,1.24274350,0.38948059,3.77839550,-1.88215525,-2.61462128,-0.00674130,1.24198144,0.38986255,-2.46114667,-1.82684214,-2.40866860,0.00762939,1.18933774,0.39215088,-0.06347656,-0.10253906,-0.28320312,-0.11718750,0.43945312,-0.01464844,1.03340149,2.64659460,2.64511108,-0.02441406
20.23326707,7075,-2.51226361,-1.93250926,-2.62229164,-0.00953674,1.24426938,0.38757324,3.77426476,-1.88215525,-2.61875283,-0.00833900,1.24330824,0.38860514,-2.46190961,-1.82760508,-2.41172036,0.00686646,1.19277096,0.39215088,-0.07324219,-0.06835938,-0.28808594,-0.07324219,0.29296875,-0.02929688,1.03340149,2.64662308,2.64511108,0.00000000
20.24803591,7080,-2.51645978,-1.93250926,-2.62572487,-0.01068115,1.24465085,0.38604736,3.77001922,-1.88215525,-2.62268734,-0.00963194,1.24417965,0.38716723,-2.46267255,-1.82874949,-2.41591652,0.00610352,1.19734860,0.39215088,-0.04394531,-0.09277344,-0.24414062,-0.07324219,0.26367188,-0.02929688,1.03340149,2.64663241,2.64511108,0.00000000
20.26080847,7085,-2.52065595,-1.93250926,-2.62915810,-0.01182556,1.24579526,0.38414001,3.76562426,-1.88215525,-2.62651628,-0.01095636,1.24511546,0.38547182,-2.46343549,-1.82951243,-2.41934975,0.00534058,1.19963742,0.39176941,-0.07812500,-0.06347656,-0.26367188,-0.10253906,0.17578125,-0.02929688,1.03340149,2.64663547,2.64511108,-0.02441406
20.27516341,7090,-2.52637799,-1.93250926,-2.63335427,-0.01335144,1.24655819,0.37956238,3.76083317,-1.88215525,-2.63031965,-0.01228488,1.24598388,0.38257300,-2.46457990,-1.83065684,-2.42316445,0.00457764,1.20192624,0.39176941,-0.06347656,-0.07324219,-0.26855469,-0.07324219,0.16113281,-0.02929688,1.03340149,2.64663647,2.64511108,-0.02441406
20.28938675,7095,-2.53095563,-1.93250926,-2.63678749,-0.01487732,1.24732113,0.37612915,3.75594438,-1.88215525,-2.63410317,-0.01366601,1.24676380,0.37895454,-2.46534284,-1.83141978,-2.42697914,0.00343323,1.20459652,0.39138794,-0.07812500,-0.06347656,-0.29785156,-0.11718750,0.20507812,-0.04394531,1.03340149,2.64663680,2.64511108,0.00000000
20.30335069,7100,-2.53667767,-1.93250926,-2.64060219,-0.01602173,1.24770260,0.37231445,3.75093922,-1.88215525,-2.63762201,-0.01498028,1.24732466,0.37552104,-2.46686871,-1.83256419,-2.43155678,0.00228882,1.20879269,0.39024353,-0.08789062,-0.05371094,-0.29785156,-0.08789062,0.32226562,-0.10253906,1.03340149,2.64663691,2.64511108,-0.02441406
20.31876969,7105,-2.54239972,-1.93250926,-2.64441689,-0.01640320,1.24808407,0.36735535,3.74545111,-1.88215525,-2.64138419,-0.01593694,1.24776492,0.37126790,-2.46801312,-1.83332713,-2.43537148,0.00076294,1.21222592,0.38795471,-0.11230469,-0.04394531,-0.26367188,-0.14648438,0.29296875,-0.14648438,1.03340149,2.64663695,2.64511108,-0.04882812
20.33317351,7110,-2.54850324,-1.93250926,-2.64861306,-0.01678467,1.24846554,0.36315918,3.73957171,-1.88215525,-2.64546452,-0.01650688,1.24816565,0.36662728,-2.46915753,-1.83447154,-2.43956765,-0.00076294,1.21604062,0.38757324,-0.07812500,-0.07324219,-0.25878906,-0.11718750,0.24902344,-0.04394531,1.03340149,2.64663696,2.64511108,-0.02441406
20.34630322,7115,-2.55384381,-1.93250926,-2.65204628,-0.01678467,1.24922848,0.35972595,3.73367664,-1.88215525,-2.64922892,-0.01669364,1.24880990,0.36249910,-2.47068341,-1.83523448,-2.44223793,-0.00267029,1.21871090,0.38642883,-0.10742188,-0.04882812,-0.24414062,-0.13183594,0.20507812,-0.11718750,1.03340149,2.64663696,2.64511108,-0.02441406
20.35897040,7120,-2.55994733,-1.93250926,-2.65586098,-0.01678467,1.24999142,0.35591125,3.72791975,-1.88215525,-2.65287626,-0.01675484,1.24939284,0.35894252,-2.47182782,-1.83599742,-2.44643410,-0.00343323,1.22099972,0.38452148,-0.10253906,-0.08789062,-0.27343750,-0.08789062,0.16113281,-0.13183594,1.03340149,2.64663696,2.64511108,-0.02441406
20.37327909,7125,-2.56719525,-1.93250926,-2.66082009,-0.01640320,1.25075436,0.35095215,3.72154176,-1.88215525,-2.65709450,-0.01669860,1.25015783,0.35476330,-2.47335370,-1.83676036,-2.45024880,-0.00419617,1.22328854,0.38375854,-0.13183594,-0.05859375,-0.26367188,-0.05859375,0.20507812,-0.07324219,1.03340149,2.64663696,2.64511108,-0.04882812
20.38737869,7130,-2.57253583,-1.93250926,-2.66425331,-0.01640320,1.25189877,0.34790039,3.71535733,-1.88215525,-2.66113993,-0.01653906,1.25105877,0.35079767,-2.47526105,-1.83790477,-2.45406349,-0.00457764,1.22443295,0.38146973,-0.14160156,-0.07812500,-0.26855469,-0.02929688,0.10253906,-0.20507812,1.03340149,2.64663696,2.64511108,0.02441406
20.40417600,7135,-2.57978375,-1.93250926,-2.66883095,-0.01678467,1.25304318,0.34255981,3.70864637,-1.88215525,-2.66551730,-0.01667294,1.25217222,0.34627335,-2.47716840,-1.83866770,-2.45749672,-0.00495911,1.22519589,0.37841797,-0.12695312,-0.05859375,-0.28320312,-0.04394531,0.04394531,-0.23437500,1.03340149,2.64655884,2.64511108,-0.02441406
20.41849279,7140,-2.58779462,-1.93250926,-2.67379006,-0.01640320,1.25456906,0.33683777,3.70098529,-1.88215525,-2.67023842,-0.01649159,1.25363327,0.34074066,-2.47907575,-1.83981211,-2.46283730,-0.00610352,1.22634030,0.37498474,-0.14160156,-0.08300781,-0.27343750,-0.11718750,0.11718750,-0.17578125,1.03340149,2.64661136,2.64549255,-0.02441406
20.43286324,7145,-2.59580548,-1.93250926,-2.67836769,-0.01678467,1.25609494,0.33226013,3.69379802,-1.88215525,-2.67463798,-0.01656949,1.25493625,0.33601706,-2.48136456,-1.84057505,-2.46779641,-0.00762939,1.22824765,0.37269592,-0.14160156,-0.03906250,-0.27832031,-0.08789062,0.14648438,-0.14648438,1.03340149,2.64662857,2.64549255,-0.02441406
20.44628739,7150,-2.60229047,-1.93250926,-2.68218239,-0.01640320,1.25723935,0.32730103,3.68686758,-1.88215525,-2.67869705,-0.01648894,1.25620293,0.33146959,-2.48327191,-1.84133799,-2.47161110,-0.00877380,1.23129941,0.36926270,-0.14160156,-0.05859375,-0.28320312,-0.08789062,0.21972656,-0.30761719,1.03340149,2.64663421,2.64549255,-0.04882812
20.46101618,7155,-2.60839398,-1.93250926,-2.68523415,-0.01640320,1.25838376,0.32348633,3.67997308,-1.88215525,-2.68241873,-0.01654116,1.25745772,0.32689477,-2.48517926,-1.84171946,-2.47504433,-0.00953674,1.23435116,0.36582947,-0.15625000,-0.05371094,-0.24902344,-0.08789062,0.23437500,-0.29296875,1.03340149,2.64663606,2.64549255,-0.02441406
20.47350860,7160,-2.61449750,-1.93250926,-2.68790444,-0.01640320,1.25876523,0.31890869,3.67363967,-1.88215525,-2.68560444,-0.01644840,1.25826647,0.32252899,-2.48708661,-1.84248240,-2.47809609,-0.01068115,1.23587704,0.36468506,-0.15625000,-0.05371094,-0.26367188,-0.08789062,0.16113281,-0.08789062,1.03340149,2.64663667,2.64549255,-0.02441406
20.48758721,7165,-2.62288983,-1.93250926,-2.69210060,-0.01640320,1.25914670,0.31204224,3.66681068,-1.88215525,-2.68896022,-0.01647905,1.25882701,0.31719045,-2.48937543,-1.84324534,-2.48191079,-0.01106262,1.23931027,0.36201477,-0.18066406,-0.06835938,-0.23925781,-0.04394531,0.24902344,-0.26367188,1.03340149,2.64655874,2.64549255,-0.02441406
20.50419354,7170,-2.62937482,-1.93250926,-2.69515236,-0.01640320,1.25952817,0.30746460,3.65966658,-1.88215525,-2.69242606,-0.01647688,1.25917927,0.31174971,-2.49204572,-1.84400828,-2.48610695,-0.01182556,1.24236203,0.35781860,-0.16113281,-0.06835938,-0.27832031,-0.02929688,0.24902344,-0.23437500,1.03302002,2.64645874,2.64549255,-0.02441406
20.51895523,7175,-2.63776715,-1.93250926,-2.69934853,-0.01678467,1.25952817,0.30174255,3.65158269,-1.88215525,-2.69619834,-0.01668381,1.25941384,0.30618527,-2.49509747,-1.84515269,-2.49106606,-0.01182556,1.24388791,0.35591125,-0.19042969,-0.06835938,-0.28808594,-0.02929688,0.05859375,-0.17578125,1.03263855,2.64583491,2.64549255,-0.02441406
20.53301644,7180,-2.64539655,-1.93250926,-2.70240029,-0.01678467,1.25952817,0.29678345,3.64378336,-1.88215525,-2.69976549,-0.01675162,1.25949070,0.30086766,-2.49738629,-1.84553416,-2.49411782,-0.01182556,1.24426938,0.35171509,-0.18554688,-0.05371094,-0.27343750,-0.01464844,0.04394531,-0.38085938,1.03263855,2.64547034,2.64549255,0.00000000
20.54563522,7185,-2.65226300,-1.93250926,-2.70545204,-0.01678467,1.25952817,0.29220581,3.63658437,-1.88215525,-2.70284502,-0.01677384,1.25951589,0.29610858,-2.50005658,-1.84667857,-2.49831398,-0.01182556,1.24465085,0.34790039,-0.20019531,-0.05371094,-0.26855469,-0.02929688,-0.00000000,-0.39550781,1.03263855,2.64522880,2.64549255,-0.04882812
20.55761290,7190,-2.66065534,-1.93250926,-2.70888527,-0.01640320,1.25952817,0.28533936,3.62882672,-1.88215525,-2.70628442,-0.01661254,1.25952414,0.29018999,-2.50234540,-1.84744151,-2.50174721,-0.01182556,1.24465085,0.34332275,-0.19042969,-0.07324219,-0.25878906,-0.04394531,0.01464844,-0.32226562,1.03225708,2.64477734,2.64549255,-0.02441406
20.57088375,7195,-2.66828473,-1.93250926,-2.71193703,-0.01640320,1.25952817,0.28076172,3.62098880,-1.88215525,-2.70946320,-0.01653283,1.25952685,0.28478575,-2.50501569,-1.84782298,-2.50479897,-0.01220703,1.24503232,0.33874512,-0.18554688,-0.05371094,-0.28320312,-0.02929688,0.05859375,-0.35156250,1.03187561,2.64405397,2.64549255,0.00000000
20.58406639,7200,-2.67400678,-1.93250926,-2.71422585,-0.01678467,1.25952817,0.27732849,3.61364032,-1.88215525,-2.71244452,-0.01666308,1.25956680,0.28023107,-2.50730451,-1.84820445,-2.50861367,-0.01220703,1.24617672,0.33645630,-0.21972656,-0.02929688,-0.25390625,-0.01464844,0.11718750,-0.23437500,1.03187561,2.64359819,2.64549255,-0.02441406
20.59757257,7205,-2.68430646,-1.93250926,-2.71765908,-0.01678467,1.25990964,0.27008057,3.60522956,-1.88215525,-2.71547918,-0.01674483,1.25976604,0.27448041,-2.51035626,-1.84858592,-2.51242836,-0.01220703,1.24732113,0.33264160,-0.21484375,-0.04394531,-0.27832031,0.00000000,0.10253906,-0.27832031,1.03187561,2.64340489,2.64549255,-0.02441406
20.61171365,7210,-2.69422467,-1.93250926,-2.72109230,-0.01640320,1.25990964,0.26206970,3.59668324,-1.88215525,-2.71845124,-0.01665626,1.25986258,0.26812717,-2.51417096,-1.84896739,-2.51662453,-0.01258850,1.24884701,0.32920837,-0.23437500,-0.04394531,-0.25390625,-0.05859375,0.11718750,-0.26367188,1.03149414,2.64311084,2.64549255,-0.02441406
20.62565351,7215,-2.70261701,-1.93250926,-2.72338112,-0.01640320,1.26029110,0.25596619,3.58772433,-1.88215525,-2.72126326,-0.01648612,1.26003155,0.26124553,-2.51684125,-1.84973033,-2.51967629,-0.01258850,1.24960995,0.32463074,-0.23437500,-0.05859375,-0.26367188,-0.02929688,0.08789062,-0.42480469,1.03149414,2.64305745,2.64549255,0.00000000
20.64151573,7220,-2.71291669,-1.93250926,-2.72719582,-0.01602173,1.26105404,0.24833679,3.57821702,-1.88215525,-2.72436219,-0.01635408,1.26046850,0.25438509,-2.51989301,-1.85011180,-2.52349099,-0.01335144,1.24999142,0.31929016,-0.24414062,-0.04882812,-0.26367188,-0.05859375,0.05859375,-0.38085938,1.03187561,2.64305192,2.64549255,-0.02441406
20.65265775,7225,-2.71940167,-1.93250926,-2.72910317,-0.01640320,1.26143551,0.24337769,3.56934715,-1.88215525,-2.72729769,-0.01638710,1.26108739,0.24768576,-2.52370770,-1.85125621,-2.52730568,-0.01449585,1.25075436,0.31318665,-0.25390625,-0.06835938,-0.24902344,-0.08789062,0.05859375,-0.42480469,1.03149414,2.64299517,2.64549255,-0.02441406
20.66891575,7230,-2.73199017,-1.93250926,-2.73329933,-0.01640320,1.26257992,0.23345947,3.55963830,-1.88215525,-2.73045088,-0.01639792,1.26179153,0.24009624,-2.52752240,-1.85201915,-2.53112038,-0.01525879,1.25151730,0.30899048,-0.26367188,-0.05859375,-0.26367188,-0.05859375,0.04394531,-0.27832031,1.03187561,2.64339186,2.64549255,-0.02441406
20.68371248,7235,-2.73961957,-1.93250926,-2.73520668,-0.01640320,1.26296139,0.22811890,3.55030701,-1.88215525,-2.73327721,-0.01640147,1.26245891,0.23302801,-2.53171857,-1.85240061,-2.53455361,-0.01525879,1.25189877,0.30441284,-0.26855469,-0.05371094,-0.24902344,-0.01464844,0.04394531,-0.24902344,1.03187561,2.64352185,2.64549255,0.00000000
20.69993639,7240,-2.75297101,-1.93250926,-2.73902138,-0.01640320,1.26296139,0.21896362,3.53884857,-1.88215525,-2.73648630,-0.01640263,1.26279674,0.22508884,-2.53553327,-1.85316355,-2.53951271,-0.01525879,1.25266171,0.29945374,-0.28320312,-0.04394531,-0.25878906,-0.01464844,0.05859375,-0.43945312,1.03225708,2.64393676,2.64549255,-0.02441406
20.71393752,7245,-2.76212628,-1.93250926,-2.74169167,-0.01640320,1.26296139,0.21209717,3.52879699,-1.88215525,-2.73937367,-0.01640301,1.26290744,0.21783084,-2.53972943,-1.85392649,-2.54332741,-0.01525879,1.25342465,0.29144287,-0.27832031,-0.03417969,-0.26855469,-0.02929688,0.08789062,-0.46875000,1.03187561,2.64399825,2.64549255,0.00000000
20.73021960,7250,-2.77395184,-1.93250926,-2.74512490,-0.01640320,1.26334286,0.20294189,3.51786328,-1.88215525,-2.74260117,-0.01640314,1.26302001,0.20960000,-2.54316266,-1.85430796,-2.54676064,-0.01525879,1.25418759,0.28610229,-0.28808594,-0.04394531,-0.24414062,-0.02929688,0.10253906,-0.42480469,1.03263855,2.64438608,2.64549255,-0.02441406
20.74557781,7255,-2.78654035,-1.93250926,-2.74855812,-0.01602173,1.26372433,0.19454956,3.50644739,-1.88215525,-2.74590596,-0.01614671,1.26337440,0.20145053,-2.54926618,-1.85507090,-2.55210121,-0.01525879,1.25495053,0.27999878,-0.30273438,-0.04394531,-0.25390625,0.00000000,0.05859375,-0.35156250,1.03225708,2.64436058,2.64549255,-0.02441406
20.75903606,7260,-2.79684003,-1.93250926,-2.75160988,-0.01602173,1.26372433,0.18539429,3.49589962,-1.88215525,-2.74886045,-0.01606268,1.26360967,0.19313411,-2.55346234,-1.85545237,-2.55553444,-0.01525879,1.25571347,0.27542114,-0.32226562,-0.05371094,-0.24414062,-0.01464844,0.05859375,-0.39550781,1.03263855,2.64486516,2.64549255,-0.02441406
20.77374840,7265,-2.80561383,-1.93250926,-2.75389870,-0.01564026,1.26372433,0.17814636,3.48550644,-1.88215525,-2.75172775,-0.01580993,1.26368676,0.18467815,-2.55727704,-1.85583384,-2.55896767,-0.01525879,1.25647641,0.26817322,-0.30761719,-0.02929688,-0.26367188,0.00000000,0.10253906,-0.58593750,1.03263855,2.64503050,2.64549255,-0.02441406
20.78869629,7270,-2.81705792,-1.93250926,-2.75656899,-0.01564026,1.26372433,0.17013550,3.47390720,-1.88215525,-2.75464277,-0.01569586,1.26371202,0.17596919,-2.56223615,-1.85621531,-2.56278237,-0.01564026,1.25838376,0.26092529,-0.33203125,-0.03417969,-0.26855469,-0.02929688,0.11718750,-0.54199219,1.03263855,2.64520675,2.64549255,-0.02441406
20.80476713,7275,-2.82964642,-1.93250926,-2.76000222,-0.01564026,1.26372433,0.15983582,3.46282841,-1.88215525,-2.75756781,-0.01565848,1.26372030,0.16735873,-2.56795819,-1.85659678,-2.56697853,-0.01564026,1.25990964,0.25405884,-0.34667969,-0.02929688,-0.23437500,-0.01464844,0.08789062,-0.36621094,1.03263855,2.64514243,2.64549255,0.00000000
20.81900644,7280,-2.83918317,-1.93250926,-2.76267250,-0.01564026,1.26410580,0.15068054,3.45183568,-1.88215525,-2.76046757,-0.01564623,1.26390917,0.15773012,-2.57177289,-1.85735972,-2.57003029,-0.01564026,1.26067257,0.24986267,-0.33691406,-0.05371094,-0.25878906,-0.01464844,0.07324219,-0.36621094,1.03302002,2.64527394,2.64549255,0.00000000
20.83447719,7285,-2.85215314,-1.93250926,-2.76610573,-0.01564026,1.26410580,0.13885498,3.44069135,-1.88215525,-2.76351896,-0.01564221,1.26404137,0.14781196,-2.57749494,-1.85812266,-2.57460793,-0.01564026,1.26143551,0.24032593,-0.34179688,-0.04882812,-0.25390625,0.00000000,0.07324219,-0.58593750,1.03263855,2.64524257,2.64549255,-0.04882812
20.84849787,7290,-2.86245282,-1.93250926,-2.76839455,-0.01564026,1.26410580,0.12817383,3.43003188,-1.88215525,-2.76621586,-0.01564090,1.26408469,0.13748727,-2.58283551,-1.85850413,-2.57842263,-0.01564026,1.26143551,0.23384094,-0.36132812,-0.02929688,-0.25878906,-0.04394531,-0.00000000,-0.52734375,1.03263855,2.64525183,2.64549255,-0.04882812
20.86288929,7295,-2.87237103,-1.93250926,-2.77144631,-0.01525879,1.26410580,0.11863708,3.41936931,-1.88215525,-2.76897116,-0.01550314,1.26409888,0.12704048,-2.58703168,-1.85888560,-2.58147438,-0.01564026,1.26181698,0.22773743,-0.38574219,-0.04882812,-0.24902344,-0.01464844,0.04394531,-0.43945312,1.03302002,2.64549436,2.64549255,-0.04882812
20.87988210,7300,-2.88343366,-1.93250926,-2.77411660,-0.01525879,1.26410580,0.10719299,3.40848368,-1.88215525,-2.77180115,-0.01527782,1.26410354,0.11611947,-2.59389813,-1.85964854,-2.58605202,-0.01564026,1.26143551,0.21896362,-0.39062500,-0.03417969,-0.23925781,-0.01464844,0.01464844,-0.60058594,1.03302002,2.64551133,2.64549255,-0.02441406
20.89344716,7305,-2.89564069,-1.93250926,-2.77754982,-0.01525879,1.26448727,0.09460449,3.39761491,-1.88215525,-2.77470565,-0.01514589,1.26424239,0.10471458,-2.59885724,-1.86003001,-2.58910378,-0.01602173,1.26143551,0.21095276,-0.37597656,-0.04394531,-0.24902344,-0.02929688,-0.01464844,-0.62988281,1.03302002,2.64539483,2.64549255,-0.02441406
20.91076541,7310,-2.90670331,-1.93250926,-2.77983864,-0.01487732,1.26448727,0.08277893,3.38634238,-1.88215525,-2.77759758,-0.01507519,1.26440703,0.09320167,-2.60610516,-1.86041148,-2.59406288,-0.01564026,1.26181698,0.20065308,-0.40527344,-0.02929688,-0.24414062,-0.01464844,0.01464844,-0.51269531,1.03263855,2.64534469,2.64549255,0.02441406
20.92720342,7315,-2.91814740,-1.93212779,-2.78289040,-0.01487732,1.26448727,0.07019043,3.37467814,-1.88207896,-2.78043388,-0.01494216,1.26446098,0.08060136,-2.61220868,-1.86079295,-2.59787758,-0.01564026,1.26181698,0.19226074,-0.38574219,-0.02929688,-0.23437500,-0.01464844,-0.00000000,-0.62988281,1.03302002,2.64554041,2.64549255,-0.02441406
20.93895102,7320,-2.92615827,-1.93212779,-2.78479775,-0.01487732,1.26448727,0.06065369,3.36474894,-1.88187378,-2.78289660,-0.01489857,1.26447866,0.06948018,-2.61716779,-1.86117442,-2.60054787,-0.01564026,1.26181698,0.18424988,-0.39550781,-0.02929688,-0.21972656,-0.01464844,0.01464844,-0.71777344,1.03263855,2.64543634,2.64549255,0.00000000
20.95513725,7325,-2.93645795,-1.93212779,-2.78708657,-0.01449585,1.26448727,0.04768372,3.35458677,-1.88180655,-2.78519358,-0.01469812,1.26448445,0.05725274,-2.62365277,-1.86155589,-2.60436257,-0.01564026,1.26219845,0.17433167,-0.40039062,-0.02929688,-0.23437500,0.00000000,0.01464844,-0.54199219,1.03302002,2.64565248,2.64549255,-0.02441406
20.96836233,7330,-2.94561322,-1.93212779,-2.78937538,-0.01449585,1.26448727,0.03700256,3.34494726,-1.88178452,-2.78748507,-0.01456213,1.26448635,0.04563716,-2.62823041,-1.86155589,-2.60665139,-0.01564026,1.26219845,0.16899109,-0.41503906,-0.03417969,-0.23437500,0.00000000,0.02929688,-0.49804688,1.03263855,2.64535099,2.64549255,-0.02441406
20.98428607,7335,-2.95629437,-1.93212779,-2.79204567,-0.01411438,1.26448727,0.02441406,3.33550490,-1.88177730,-2.78987303,-0.01438024,1.26448697,0.03467362,-2.63547833,-1.86231883,-2.61122902,-0.01564026,1.26296139,0.15563965,-0.42480469,-0.02441406,-0.23437500,-0.01464844,0.08789062,-0.79101562,1.03263855,2.64531177,2.64549255,-0.02441406
20.99918199,7340,-2.96506818,-1.93212779,-2.79433449,-0.01411438,1.26448727,0.01564026,3.32554083,-1.88177494,-2.79240137,-0.01420150,1.26448717,0.02356412,-2.64196332,-1.86270030,-2.61504372,-0.01564026,1.26486874,0.14686584,-0.42968750,-0.03906250,-0.23437500,-0.02929688,0.11718750,-0.49804688,1.03302002,2.64545150,2.64549255,-0.02441406
21.01453781,7345,-2.97574933,-1.93174632,-2.79738625,-0.01411438,1.26448727,0.00495911,3.31519816,-1.88163683,-2.79523278,-0.01414293,1.26448724,0.01288519,-2.64806683,-1.86308177,-2.61847695,-0.01564026,1.26601315,0.13809204,-0.43945312,-0.02929688,-0.22949219,-0.01464844,0.05859375,-0.73242188,1.03302002,2.64537522,2.64549255,-0.02441406
21.02752352,7350,-2.98414166,-1.93136485,-2.79967507,-0.01335144,1.26486874,-0.00381470,3.30647192,-1.88139614,-2.79763837,-0.01379097,1.26456356,0.00386260,-2.65378888,-1.86346324,-2.62152870,-0.01564026,1.26601315,0.12779236,-0.43945312,-0.04394531,-0.23437500,-0.01464844,0.01464844,-0.82031250,1.03302002,2.64547229,2.64549255,-0.02441406
21.04149294,7355,-2.99329694,-1.93136485,-2.80196389,-0.01258850,1.26525021,-0.01220703,3.29717598,-1.88113710,-2.80003625,-0.01317198,1.26490607,-0.00527727,-2.65989240,-1.86422618,-2.62534340,-0.01564026,1.26715756,0.12054443,-0.44433594,-0.03417969,-0.23437500,-0.01464844,0.14648438,-0.49804688,1.03263855,2.64552730,2.64549255,-0.02441406
21.05554581,7360,-3.00130780,-1.93136485,-2.80463417,-0.01106262,1.26601315,-0.01945496,3.28855897,-1.88105222,-2.80258846,-0.01217227,1.26541210,-0.01319886,-2.66561444,-1.86460765,-2.62839516,-0.01564026,1.26830197,0.11138916,-0.44921875,-0.03906250,-0.23925781,0.00000000,0.13183594,-0.73242188,1.03302002,2.64557584,2.64549255,0.00000000
21.07220292,7365,-3.01237042,-1.93136485,-2.80768593,-0.00801086,1.26792050,-0.02937317,3.27898620,-1.88102440,-2.80540329,-0.01010592,1.26658781,-0.02192766,-2.67286237,-1.86498912,-2.63144692,-0.01564026,1.26868344,0.09918213,-0.45898438,-0.02929688,-0.20507812,-0.02929688,0.02929688,-0.70312500,1.03302002,2.64557612,2.64549255,0.00000000
21.08756185,7370,-3.02228864,-1.93136485,-2.81111916,-0.00572205,1.27020932,-0.03585815,3.26867776,-1.88101529,-2.80863241,-0.00759068,1.26859049,-0.03023384,-2.68011029,-1.86498912,-2.63526162,-0.01564026,1.26830197,0.09117126,-0.44921875,-0.02441406,-0.21972656,0.00000000,-0.00000000,-0.49804688,1.03263855,2.64538554,2.64549255,-0.02441406
21.10146213,7375,-3.03029950,-1.93098338,-2.81378945,-0.00305176,1.27249814,-0.04081726,3.25991647,-1.88078708,-2.81148729,-0.00515138,1.27067569,-0.03622477,-2.68621381,-1.86537059,-2.63869484,-0.01525879,1.26868344,0.08087158,-0.46386719,-0.01953125,-0.22460938,-0.01464844,0.01464844,-0.77636719,1.03263855,2.64529867,2.64549255,0.00000000
21.11719489,7380,-3.03907330,-1.93098338,-2.81645974,0.00000000,1.27554989,-0.04425049,3.25074540,-1.88068105,-2.81435917,-0.00209816,1.27348152,-0.04121047,-2.69269879,-1.86537059,-2.64212807,-0.01525879,1.26868344,0.07209778,-0.45410156,-0.01953125,-0.23925781,-0.02929688,0.04394531,-0.62988281,1.03302002,2.64560737,2.64549255,-0.02441406
21.13175106,7385,-3.04784711,-1.93060191,-2.81951149,0.00305176,1.27898312,-0.04768372,3.24166710,-1.88046015,-2.81740863,0.00090085,1.27673456,-0.04511676,-2.70032819,-1.86575206,-2.64594277,-0.01487732,1.26868344,0.06294250,-0.46875000,-0.01953125,-0.22460938,0.01464844,0.01464844,-0.54199219,1.03263855,2.64551199,2.64549255,-0.04882812
21.14593077,7390,-3.05547650,-1.93022044,-2.82218178,0.00648499,1.28356076,-0.05035400,3.23392914,-1.88018012,-2.82000980,0.00391592,1.28022434,-0.04807878,-2.70643170,-1.86613352,-2.64937599,-0.01449585,1.26868344,0.05378723,-0.47363281,-0.02929688,-0.22460938,0.01464844,0.01464844,-0.68847656,1.03302002,2.64575539,2.64549255,-0.02441406
21.16085243,7395,-3.06348737,-1.93022044,-2.82561501,0.01106262,1.28813839,-0.05226135,3.22566103,-1.87996922,-2.82330710,0.00797226,1.28465547,-0.05056024,-2.71329816,-1.86651499,-2.65242775,-0.01411438,1.26868344,0.04539490,-0.46386719,-0.02929688,-0.20996094,0.01464844,0.01464844,-0.52734375,1.03302002,2.64583515,2.64549255,-0.02441406
21.17393637,7400,-3.07187970,-1.92983897,-2.82904824,0.01640320,1.29347897,-0.05302429,3.21762385,-1.87976279,-2.82647899,0.01253410,1.28963017,-0.05209773,-2.71940167,-1.86651499,-2.65547951,-0.01296997,1.26906491,0.04043579,-0.46875000,-0.02441406,-0.22949219,0.08789062,0.05859375,-0.39550781,1.03302002,2.64586129,2.64549255,-0.04882812
21.18738604,7405,-3.07950910,-1.92907603,-2.83209999,0.02098083,1.29881955,-0.05340576,3.20979150,-1.87913338,-2.82962432,0.01731945,1.29470339,-0.05297715,-2.72550519,-1.86689646,-2.65853127,-0.01106262,1.27020932,0.03318787,-0.48339844,-0.01953125,-0.22460938,0.10253906,0.08789062,-0.62988281,1.03302002,2.64586985,2.64549255,-0.02441406
21.20345879,7410,-3.08790143,-1.92869456,-2.83515175,0.02670288,1.30530453,-0.05340576,3.20207973,-1.87867066,-2.83257001,0.02223749,1.30022870,-0.05326531,-2.73351605,-1.86689646,-2.66272744,-0.00991821,1.27135373,0.02365112,-0.46875000,-0.01953125,-0.23437500,0.07324219,0.08789062,-0.55664062,1.03302002,2.64587266,2.64549255,0.00000000
21.21478486,7415,-3.09362348,-1.92831309,-2.83782204,0.03051758,1.30911923,-0.05340576,3.19512610,-1.87826257,-2.83547947,0.02686198,1.30526360,-0.05335974,-2.73885663,-1.86727793,-2.66501625,-0.00801086,1.27249814,0.01945496,-0.47851562,-0.02441406,-0.20507812,0.16113281,0.10253906,-0.35156250,1.03340149,2.64602616,2.64549255,-0.04882812
21.23174882,7420,-3.10125287,-1.92755015,-2.84125527,0.03700256,1.31560422,-0.05340576,3.18747937,-1.87764715,-2.83888219,0.03247755,1.31115477,-0.05345172,-2.74610455,-1.86765940,-2.66844948,-0.00572205,1.27364255,0.01487732,-0.46875000,-0.01953125,-0.22460938,0.17578125,0.10253906,-0.27832031,1.03302002,2.64592388,2.64549255,-0.04882812
21.24415064,7425,-3.10811932,-1.92678721,-2.84468849,0.04196167,1.32094479,-0.05378723,3.18042413,-1.87695013,-2.84219555,0.03785440,1.31672801,-0.05363823,-2.75258954,-1.86765940,-2.67150124,-0.00228882,1.27631283,0.00953674,-0.48339844,-0.01953125,-0.20996094,0.21972656,0.23437500,-0.46875000,1.03302002,2.64589036,2.64549255,-0.02441406
21.25799394,7430,-3.11422284,-1.92640574,-2.84774025,0.04653931,1.32666684,-0.05416870,3.17397750,-1.87634612,-2.84536428,0.04280379,1.32222112,-0.05381470,-2.75831159,-1.86765940,-2.67455300,0.00038147,1.27822018,0.00419617,-0.47851562,-0.00976562,-0.23925781,0.20507812,0.19042969,-0.38085938,1.03302002,2.64587938,2.64549255,0.00000000
21.27386165,7435,-3.12070783,-1.92564280,-2.85155495,0.05111694,1.33277035,-0.05455017,3.16773995,-1.87593458,-2.84864456,0.04729963,1.32785069,-0.05412900,-2.76670392,-1.86804087,-2.67836769,0.00495911,1.28165341,-0.00228882,-0.47363281,-0.01953125,-0.20507812,0.23437500,0.21972656,-0.38085938,1.03302002,2.64587578,2.64549255,0.00000000
21.28717566,7440,-3.12566693,-1.92487986,-2.85460671,0.05455017,1.33772946,-0.05493164,3.16198887,-1.87523796,-2.85190157,0.05148388,1.33330098,-0.05459832,-2.77051862,-1.86804087,-2.68027504,0.00610352,1.28394223,-0.00381470,-0.46875000,-0.01464844,-0.22460938,0.17578125,0.27832031,-0.23437500,1.03302002,2.64597225,2.64549255,0.00000000
21.30293226,7445,-3.12948163,-1.92487986,-2.85803994,0.05760193,1.34268857,-0.05683899,3.15711828,-1.87469816,-2.85546015,0.05508691,1.33872328,-0.05566482,-2.77967389,-1.86842234,-2.68408974,0.00991821,1.28966427,-0.00839233,-0.46875000,-0.00976562,-0.21972656,0.17578125,0.26367188,-0.24902344,1.03302002,2.64590621,2.64549255,-0.04882812
21.31814957,7450,-3.13482221,-1.92449839,-2.86338051,0.06141663,1.35069943,-0.05836487,3.15211383,-1.87435710,-2.85992531,0.05885227,1.34537323,-0.05732973,-2.78730328,-1.86842234,-2.68828591,0.01411438,1.29691220,-0.01068115,-0.46875000,-0.01464844,-0.22460938,0.23437500,0.52734375,-0.13183594,1.03302002,2.64604473,2.64549255,0.00000000
21.33036113,7455,-3.13787396,-1.92373545,-2.86643227,0.06370544,1.35527707,-0.05912781,3.14827183,-1.87395164,-2.86362966,0.06153410,1.35089945,-0.05835844,-2.79302533,-1.86842234,-2.69171913,0.01678467,1.29958249,-0.01411438,-0.47363281,-0.00976562,-0.22460938,0.20507812,0.26367188,-0.32226562,1.03340149,2.64608255,2.64549255,-0.02441406
21.34381866,7460,-3.14092572,-1.92297251,-2.87100991,0.06484985,1.36176205,-0.06027222,3.14512226,-1.87330584,-2.86726830,0.06348161,1.35627633,-0.05925351,-2.79951032,-1.86880381,-2.69477089,0.01983643,1.30416012,-0.01983643,-0.45410156,-0.01464844,-0.21972656,0.20507812,0.24902344,-0.39550781,1.03302002,2.64600485,2.64549255,0.00000000
21.36087179,7465,3.13920783,-1.92259104,-2.87635048,0.06599426,1.36862851,-0.06141663,3.14193835,-1.87258726,-2.87195207,0.06487160,1.36278895,-0.06045733,-2.80637677,-1.86880381,-2.69782265,0.02365112,1.30759335,-0.02288818,-0.45410156,-0.01953125,-0.20507812,0.20507812,0.20507812,-0.20507812,1.03302002,2.64591689,2.64549255,-0.02441406
21.37362742,7470,3.13806342,-1.92220957,-2.87978371,0.06713867,1.37396908,-0.06179810,3.13955386,-1.87221447,-2.87655533,0.06617509,1.36932120,-0.06132750,-2.81095441,-1.86918528,-2.70011147,0.02593994,1.30950070,-0.02632141,-0.47363281,-0.02441406,-0.22460938,0.19042969,0.17578125,-0.32226562,1.03302002,2.64588807,2.64549255,0.00000000
21.38851619,7475,3.13615607,-1.92106517,-2.88512429,0.06790161,1.38274289,-0.06179810,3.13762151,-1.87148550,-2.88152295,0.06736565,1.37692983,-0.06164389,-2.81896527,-1.86918528,-2.70468911,0.02937317,1.31407834,-0.02784729,-0.44433594,-0.00976562,-0.23437500,0.17578125,0.32226562,-0.04394531,1.03302002,2.64587863,2.64549255,-0.04882812
21.40459323,7480,3.13463019,-1.91992076,-2.89046486,0.06828308,1.39189816,-0.06179810,3.13587015,-1.87038494,-2.88664562,0.06798246,1.38533416,-0.06174757,-2.82545026,-1.86918528,-2.70850380,0.03242493,1.31827450,-0.02975464,-0.43945312,-0.00488281,-0.25390625,0.16113281,0.36621094,-0.16113281,1.03302002,2.64587553,2.64549255,-0.04882812
21.41900992,7485,3.13348578,-1.91877635,-2.89618691,0.06942749,1.40105343,-0.06179810,3.13436865,-1.86925490,-2.89220104,0.06876453,1.39453145,-0.06178154,-2.83193524,-1.86918528,-2.71193703,0.03509521,1.32437802,-0.03318787,-0.43457031,-0.00488281,-0.22460938,0.16113281,0.41015625,-0.20507812,1.03302002,2.64587452,2.64549255,-0.02441406
21.43387365,7490,3.13234137,-1.91763194,-2.90190895,0.07019043,1.41173459,-0.06179810,3.13315606,-1.86813717,-2.89768490,0.06960405,1.40414287,-0.06179267,-2.83803876,-1.86918528,-2.71537026,0.03776550,1.32895566,-0.03509521,-0.42968750,-0.00488281,-0.22460938,0.20507812,0.39550781,-0.13183594,1.03302002,2.64595231,2.64549255,0.00000000
21.44650197,7495,3.13157843,-1.91648753,-2.90686806,0.07057190,1.42012692,-0.06141663,3.13224578,-1.86712065,-2.90268558,0.07022350,1.41296544,-0.06165899,-2.84414227,-1.86918528,-2.71880349,0.04005432,1.33353329,-0.03585815,-0.42968750,-0.00976562,-0.22949219,0.17578125,0.35156250,-0.08789062,1.03302002,2.64589968,2.64549255,0.00000000
21.46246839,7500,3.13119696,-1.91496165,-2.91182717,0.07057190,1.42928219,-0.06141663,3.13157189,-1.86576167,-2.90795958,0.07045774,1.42216941,-0.06149604,-2.85062726,-1.86918528,-2.72261818,0.04272461,1.34001828,-0.03814697,-0.42968750,-0.00488281,-0.25390625,0.13183594,0.49804688,-0.17578125,1.03302002,2.64588243,2.64549255,-0.04882812
21.47632813,7505,3.13119696,-1.91381724,-2.91678627,0.07095337,1.43881894,-0.06141663,3.13131982,-1.86446688,-2.91305312,0.07072065,1.43157953,-0.06144265,-2.85673078,-1.86918528,-2.72643288,0.04463196,1.34688473,-0.04081726,-0.41992188,-0.00488281,-0.26367188,0.13183594,0.54199219,-0.19042969,1.03302002,2.64587678,2.64549255,-0.02441406
21.49057555,7510,3.13119696,-1.91267283,-2.92174538,0.07095337,1.44721127,-0.06141663,3.13123722,-1.86330444,-2.91788392,0.07074576,1.44031318,-0.06138609,-2.86168988,-1.86918528,-2.72986611,0.04577637,1.35222531,-0.04386902,-0.41503906,-0.00488281,-0.23437500,0.07324219,0.30761719,-0.24902344,1.03302002,2.64599700,2.64549255,-0.02441406
21.50465393,7515,3.13119696,-1.91190989,-2.92632302,0.07095337,1.45522214,-0.06103516,3.13121016,-1.86231831,-2.92283455,0.07085409,1.44891392,-0.06115015,-2.86741193,-1.86918528,-2.73329933,0.04768372,1.35909176,-0.04463196,-0.39550781,-0.00488281,-0.23925781,0.14648438,0.36621094,-0.07324219,1.03302002,2.64591432,2.64549255,-0.02441406
21.51818776,7520,3.13119696,-1.91076548,-2.93166359,0.07095337,1.46475888,-0.06065369,3.13120129,-1.86124773,-2.92796727,0.07088178,1.45807950,-0.06081637,-2.87275250,-1.86918528,-2.73635109,0.04997253,1.36557675,-0.04577637,-0.39062500,-0.00976562,-0.22460938,0.14648438,0.54199219,-0.10253906,1.03302002,2.64596535,2.64549255,0.00000000
21.53215361,7525,3.13119696,-1.91000254,-2.93624123,0.07095337,1.47238827,-0.06065369,3.13119838,-1.86042305,-2.93232885,0.07092991,1.46589586,-0.06070699,-2.87733014,-1.86918528,-2.73978432,0.05149841,1.37053586,-0.04653931,-0.38574219,-0.00488281,-0.27343750,0.10253906,0.51269531,-0.05859375,1.03340149,2.64621669,2.64549255,-0.02441406
21.54545736,7530,3.13119696,-1.90885813,-2.94005593,0.07057190,1.47925473,-0.06027222,3.13119743,-1.85938341,-2.93672216,0.07083814,1.47345542,-0.06044593,-2.88267072,-1.86918528,-2.74398049,0.05302429,1.38007260,-0.04730225,-0.37597656,0.00488281,-0.25390625,0.05859375,0.45410156,-0.05859375,1.03302002,2.64598631,2.64549255,-0.02441406
21.56006813,7535,3.13119696,-1.90733226,-2.94539650,0.07057190,1.48879147,-0.06027222,3.13119712,-1.85813600,-2.94136513,0.07069039,1.48149809,-0.06032914,-2.88724835,-1.86918528,-2.74665078,0.05378723,1.38503171,-0.04920959,-0.36132812,0.00000000,-0.23925781,0.02929688,0.38085938,-0.20507812,1.03302002,2.64600847,2.64549255,0.00000000
21.57109141,7540,3.13081549,-1.90695079,-2.94882973,0.07057190,1.49451352,-0.05989075,3.13094054,-1.85722029,-2.94571332,0.07061073,1.48908944,-0.06003440,-2.89182599,-1.86918528,-2.75008400,0.05416870,1.39113522,-0.05187988,-0.35156250,0.00000000,-0.21972656,0.01464844,0.48339844,-0.13183594,1.03302002,2.64591808,2.64549255,0.00000000
21.58436275,7545,3.13081549,-1.90580638,-2.95378884,0.07057190,1.50252438,-0.05836487,3.13085647,-1.85624311,-2.95013728,0.07061587,1.49650434,-0.05924251,-2.89678510,-1.86918528,-2.75351723,0.05531311,1.39838315,-0.05187988,-0.36621094,0.00000000,-0.25390625,0.07324219,0.58593750,0.00000000,1.03340149,2.64613870,2.64549255,0.00000000
21.59917665,7550,3.13081549,-1.90428050,-2.95912941,0.07019043,1.51129818,-0.05569458,3.13082892,-1.85501617,-2.95505836,0.07036109,1.50451450,-0.05743041,-2.90212567,-1.86880381,-2.75771340,0.05722046,1.40563107,-0.05226135,-0.36132812,0.01953125,-0.27343750,0.14648438,0.41015625,-0.05859375,1.03302002,2.64596075,2.64549255,-0.02441406
21.61322427,7555,3.13081549,-1.90275462,-2.96408852,0.06942749,1.52007199,-0.05493164,3.13081989,-1.85358825,-2.96010657,0.06991359,1.51289843,-0.05586958,-2.90670331,-1.86842234,-2.76152809,0.05874634,1.41326047,-0.05264282,-0.34667969,0.00976562,-0.26855469,0.07324219,0.52734375,-0.04394531,1.03302002,2.64602451,2.64549255,0.02441406
21.62720656,7560,3.13081549,-1.90084727,-2.96942910,0.06866455,1.52808285,-0.05340576,3.13081694,-1.85190831,-2.96526394,0.06932432,1.52140654,-0.05458273,-2.91051801,-1.86842234,-2.76457985,0.05989075,1.41898251,-0.05302429,-0.32714844,0.00976562,-0.24902344,0.07324219,0.60058594,-0.01464844,1.03302002,2.64592334,2.64549255,-0.04882812
21.64388466,7565,3.13081549,-1.89932139,-2.97476967,0.06790161,1.53723813,-0.05226135,3.13081597,-1.85029288,-2.97049126,0.06857923,1.53005385,-0.05330376,-2.91547711,-1.86804087,-2.76839455,0.06065369,1.42775631,-0.05302429,-0.33691406,0.01464844,-0.24414062,0.01464844,0.64453125,-0.01464844,1.03302002,2.64589018,2.64549255,0.00000000
21.65444064,7570,3.13043402,-1.89779551,-2.97896584,0.06713867,1.54448605,-0.05187988,3.13067832,-1.84874548,-2.97523869,0.06780017,1.53817732,-0.05246560,-2.92005475,-1.86765940,-2.77220925,0.06065369,1.43500424,-0.05302429,-0.32714844,0.02929688,-0.27832031,0.00000000,0.51269531,-0.04394531,1.03302002,2.64587932,2.64549255,-0.02441406
21.66981936,7575,3.13043402,-1.89512522,-2.98506935,0.06523132,1.55478573,-0.05111694,3.13051408,-1.84676393,-2.98044521,0.06657406,1.54697777,-0.05180936,-2.92501386,-1.86727793,-2.77678688,0.06103516,1.44415951,-0.05302429,-0.30761719,0.02929688,-0.25878906,0.00000000,0.58593750,-0.02929688,1.03340149,2.64620413,2.64549255,-0.04882812
21.68479943,7580,3.13043402,-1.89283641,-2.99040993,0.06332397,1.56394101,-0.04920959,3.13046026,-1.84441760,-2.98582975,0.06488994,1.55602458,-0.05056246,-2.92921002,-1.86689646,-2.78022011,0.06103516,1.45255185,-0.05302429,-0.31250000,0.02441406,-0.26367188,0.01464844,0.67382812,-0.01464844,1.03302002,2.64626442,2.64549255,-0.02441406
21.69866776,7585,3.13043402,-1.89207347,-2.99384316,0.06256104,1.57004452,-0.04806519,3.13044262,-1.84270515,-2.99047367,0.06353560,1.56410379,-0.04909492,-2.93340619,-1.86651499,-2.78441628,0.06141663,1.45865536,-0.05302429,-0.32226562,0.01953125,-0.26855469,0.00000000,0.38085938,-0.01464844,1.03340149,2.64615454,2.64549255,0.00000000
21.71491647,7590,3.13043402,-1.88902171,-3.00070961,0.06065369,1.58148861,-0.04692078,3.13043684,-1.84064206,-2.99611380,0.06196766,1.57386764,-0.04796377,-2.93836530,-1.86613352,-2.78899391,0.06141663,1.46666623,-0.05302429,-0.29296875,0.02929688,-0.24902344,-0.02929688,0.48339844,-0.01464844,1.03302002,2.64602844,2.64549255,-0.02441406
21.72925878,7595,3.13043402,-1.88673289,-3.00566872,0.05912781,1.59026242,-0.04463196,3.13043495,-1.83828805,-3.00123308,0.06042019,1.58256254,-0.04638486,-2.94256146,-1.86537059,-2.79319008,0.06141663,1.47467709,-0.05302429,-0.28320312,0.02441406,-0.28320312,-0.04394531,0.62988281,-0.01464844,1.03302002,2.64610040,2.64549255,0.00000000
21.74390960,7600,3.13043402,-1.88520701,-3.00948342,0.05722046,1.59636593,-0.04196167,3.13043433,-1.83637948,-3.00590787,0.05866982,1.59050739,-0.04409368,-2.94599469,-1.86498912,-2.79624184,0.06141663,1.48230649,-0.05302429,-0.30273438,0.03417969,-0.25878906,-0.01464844,0.52734375,-0.01464844,1.03340149,2.64633907,2.64549255,0.02441406
21.75856996,7605,3.13043402,-1.88291819,-3.01520546,0.05455017,1.60475827,-0.03700256,3.13043412,-1.83439544,-3.01100502,0.05645137,1.59837125,-0.04029981,-2.95057233,-1.86460765,-2.80120095,0.06141663,1.49069882,-0.05264282,-0.27343750,0.01464844,-0.28320312,-0.04394531,0.48339844,-0.01464844,1.03302002,2.64638676,2.64549255,-0.02441406
21.77489305,7610,3.13043402,-1.88101084,-3.02016457,0.05187988,1.61086178,-0.03280640,3.13043406,-1.83217292,-3.01639168,0.05380951,1.60582553,-0.03584387,-2.95514996,-1.86422618,-2.80539711,0.06103516,1.50023556,-0.05264282,-0.27832031,0.02929688,-0.28320312,-0.02929688,0.54199219,0.00000000,1.03340149,2.64647685,2.64549255,-0.02441406
21.78909683,7615,3.13005255,-1.87834056,-3.02588662,0.04882812,1.61772824,-0.02746582,3.13017757,-1.82975922,-3.02191106,0.05096287,1.61293245,-0.03104415,-2.95934613,-1.86346324,-2.80997475,0.06103516,1.50824643,-0.05187988,-0.27832031,0.03906250,-0.27343750,-0.02929688,0.48339844,0.02929688,1.03302002,2.64616921,2.64549255,-0.02441406
21.80185056,7620,3.12928962,-1.87643321,-3.03084572,0.04577637,1.61887265,-0.02403259,3.12965089,-1.82768595,-3.02693608,0.04806621,1.61689491,-0.02692047,-2.96201642,-1.86270030,-2.81302651,0.06103516,1.51320553,-0.05149841,-0.26367188,0.04882812,-0.28320312,-0.02929688,0.48339844,0.02929688,1.03302002,2.64611138,2.64549255,0.00000000
21.81632757,7625,3.12814521,-1.87528880,-3.03466042,0.04234314,1.61887265,-0.02098083,3.12896916,-1.82616686,-3.03112979,0.04498898,1.61822458,-0.02369764,-2.96621259,-1.86231883,-2.81722267,0.06103516,1.51816464,-0.04959106,-0.27343750,0.03906250,-0.27343750,-0.01464844,0.30761719,0.10253906,1.03340149,2.64622646,2.64549255,-0.04882812
21.83012247,7630,3.12661933,-1.87414439,-3.03847512,0.03929138,1.61887265,-0.01831055,3.12785123,-1.82471950,-3.03517416,0.04195085,1.61866029,-0.02080724,-2.96964581,-1.86155589,-2.82141884,0.06065369,1.52426816,-0.04882812,-0.24414062,0.03906250,-0.27343750,-0.02929688,0.41015625,0.05859375,1.03302002,2.64634986,2.64549255,-0.02441406
21.84423637,7635,3.12547492,-1.87338145,-3.04228981,0.03623962,1.61887265,-0.01640320,3.12652312,-1.82370104,-3.03910757,0.03870141,1.61880306,-0.01829602,-2.97269757,-1.86079295,-2.82485207,0.06027222,1.52884579,-0.04653931,-0.27343750,0.04882812,-0.29296875,-0.02929688,0.39550781,0.17578125,1.03302002,2.64626823,2.64549255,-0.04882812
21.85834002,7640,3.12433051,-1.87223704,-3.04534157,0.03280640,1.61887265,-0.01449585,3.12537955,-1.82280933,-3.04244823,0.03564970,1.61878881,-0.01617322,-2.97651227,-1.86003001,-2.82942971,0.05950928,1.53380490,-0.04310608,-0.23925781,0.05859375,-0.26855469,-0.07324219,0.27832031,0.19042969,1.03302002,2.64608132,2.64549255,-0.02441406
21.87304568,7645,3.12280463,-1.87147410,-3.04801186,0.02937317,1.61887265,-0.01411438,3.12401020,-1.82182401,-3.04554521,0.03232390,1.61879635,-0.01475923,-2.98032697,-1.85926707,-2.83362587,0.05874634,1.53838254,-0.04196167,-0.24414062,0.05371094,-0.26367188,-0.10253906,0.30761719,0.01464844,1.03302002,2.64594195,2.64549255,-0.02441406
21.88577795,7650,3.12127875,-1.87071116,-3.04953774,0.02670288,1.61849118,-0.01411438,3.12257467,-1.82108831,-3.04782859,0.02924497,1.61873229,-0.01432569,-2.98299725,-1.85850413,-2.83591469,0.05760193,1.54028988,-0.04081726,-0.24414062,0.03906250,-0.25878906,-0.13183594,0.21972656,0.08789062,1.03302002,2.64599394,2.64549255,0.00000000
21.90032649,7655,3.11937140,-1.86994822,-3.05106362,0.02441406,1.61849118,-0.01411438,3.12087076,-1.82029523,-3.04954165,0.02671922,1.61864050,-0.01418362,-2.98643048,-1.85774119,-2.84087380,0.05607605,1.54334164,-0.03776550,-0.24902344,0.04882812,-0.27832031,-0.11718750,0.24902344,0.24902344,1.03302002,2.64591332,2.64549255,0.00000000
21.91393805,7660,3.11746405,-1.86994822,-3.05220803,0.02250671,1.61849118,-0.01449585,3.11906132,-1.81982392,-3.05100374,0.02445592,1.61854011,-0.01427440,-2.98986371,-1.85697825,-2.84545143,0.05302429,1.54791928,-0.03280640,-0.23925781,0.06347656,-0.28808594,-0.23437500,0.24902344,0.29296875,1.03302002,2.64588690,2.64549255,-0.04882812
21.92811108,7665,3.11517524,-1.86918528,-3.05297097,0.01983643,1.61849118,-0.01449585,3.11696865,-1.81936797,-3.05207586,0.02195024,1.61850721,-0.01442328,-2.99329694,-1.85621531,-2.84888466,0.05111694,1.55135251,-0.03280640,-0.24414062,0.05371094,-0.26367188,-0.14648438,0.24902344,-0.02929688,1.03302002,2.64587824,2.64549255,-0.02441406
21.94235277,7670,3.11326789,-1.86842234,-3.05335244,0.01831055,1.61810971,-0.01487732,3.11488143,-1.81874469,-3.05286381,0.01981619,1.61831027,-0.01469729,-2.99673016,-1.85545237,-2.85346230,0.04844666,1.55554867,-0.03242493,-0.23925781,0.04394531,-0.26855469,-0.13183594,0.26367188,0.02929688,1.03302002,2.64587541,2.64549255,-0.02441406
21.95687628,7675,3.11174201,-1.86804087,-3.05335244,0.01716614,1.61772824,-0.01487732,3.11294261,-1.81806475,-3.05319232,0.01813607,1.61798927,-0.01481833,-3.00016339,-1.85507090,-2.85689553,0.04653931,1.55898190,-0.03128052,-0.24414062,0.02929688,-0.25878906,-0.17578125,0.23437500,0.05859375,1.03302002,2.64587448,2.64549255,-0.04882812
21.97090793,7680,3.10907172,-1.86727793,-3.05335244,0.01525879,1.61696530,-0.01525879,3.11083330,-1.81747793,-3.05329997,0.01652242,1.61737115,-0.01511446,-3.00321515,-1.85392649,-2.86032875,0.04348755,1.56088925,-0.03013611,-0.23437500,0.04394531,-0.24414062,-0.20507812,0.20507812,0.02929688,1.03340149,2.64602676,2.64549255,-0.04882812
21.98568583,7685,3.10716437,-1.86651499,-3.05335244,0.01487732,1.61620236,-0.01564026,3.10885977,-1.81684301,-3.05333524,0.01544763,1.61679677,-0.01528779,-3.00664838,-1.85354502,-2.86414345,0.04081726,1.56317807,-0.02975464,-0.22949219,0.04394531,-0.25390625,-0.16113281,0.10253906,0.04394531,1.03302002,2.64592407,2.64549255,-0.02441406
22.00068808,7690,3.10487555,-1.86498912,-3.05335244,0.01487732,1.61620236,-0.01602173,3.10676216,-1.81582051,-3.05334680,0.01506420,1.61639714,-0.01560106,-3.00970014,-1.85278208,-2.86795815,0.03852844,1.56432248,-0.02822876,-0.22949219,0.03906250,-0.24414062,-0.19042969,0.08789062,0.13183594,1.03302002,2.64589042,2.64549255,0.00000000
22.01811624,7695,3.10258673,-1.86308177,-3.05335244,0.01449585,1.61620236,-0.01602173,3.10456724,-1.81432225,-3.05335059,0.01476216,1.61626618,-0.01585263,-3.01389630,-1.85163768,-2.87253579,0.03623962,1.56584836,-0.02670288,-0.22949219,0.04882812,-0.26367188,-0.13183594,0.10253906,-0.01464844,1.03302002,2.64587940,2.64549255,-0.04882812
22.03353286,7700,3.10029792,-1.86041148,-3.05335244,0.01449585,1.61620236,-0.01602173,3.10222911,-1.81195740,-3.05335183,0.01458312,1.61622327,-0.01596632,-3.01732953,-1.85125621,-2.87635048,0.03471375,1.56737423,-0.02632141,-0.22949219,0.02929688,-0.25390625,-0.14648438,0.10253906,0.00000000,1.03302002,2.64597344,2.64549255,-0.02441406
22.05109644,7705,3.09839057,-1.85774119,-3.05335244,0.01449585,1.61620236,-0.01602173,3.10012934,-1.80948485,-3.05335224,0.01452444,1.61620921,-0.01600357,-3.02038129,-1.85011180,-2.87978371,0.03318787,1.56851864,-0.02593994,-0.21484375,0.04882812,-0.21484375,-0.08789062,0.08789062,0.02929688,1.03302002,2.64600426,2.64549255,-0.02441406
22.06674123,7710,3.09686469,-1.85468943,-3.05373391,0.01449585,1.61620236,-0.01602173,3.09833533,-1.80674447,-3.05357759,0.01450522,1.61620461,-0.01601578,-3.02419598,-1.84934886,-2.88397988,0.03166199,1.57157040,-0.02555847,-0.22460938,0.04882812,-0.21972656,-0.08789062,0.20507812,0.01464844,1.03340149,2.64624507,2.64549255,-0.02441406
22.08331156,7715,3.09495734,-1.85049327,-3.05411537,0.01487732,1.61582089,-0.01602173,3.09650418,-1.80328559,-3.05386884,0.01457521,1.61606577,-0.01601978,-3.02801068,-1.84858592,-2.88779457,0.03089905,1.57462216,-0.02441406,-0.21484375,0.06347656,-0.21972656,-0.05859375,0.19042969,0.04394531,1.03340149,2.64632398,2.64549255,-0.02441406
22.09733844,7720,3.09343146,-1.84744151,-3.05487831,0.01487732,1.61620236,-0.01602173,3.09480796,-1.79993783,-3.05433610,0.01477833,1.61615760,-0.01602109,-3.03144391,-1.84744151,-2.89160927,0.03013611,1.57691098,-0.02365112,-0.21972656,0.05371094,-0.21484375,-0.07324219,0.11718750,0.02929688,1.03340149,2.64647190,2.64549255,0.00000000
22.11330557,7725,3.09266852,-1.84324534,-3.05564125,0.01487732,1.61620236,-0.01564026,3.09347113,-1.79607240,-3.05500216,0.01484488,1.61618769,-0.01594523,-3.03449567,-1.84667857,-2.89427956,0.02937317,1.57805539,-0.02326965,-0.21972656,0.05371094,-0.20507812,-0.08789062,0.10253906,0.01464844,1.03340149,2.64628502,2.64549255,-0.04882812
22.12895489,7730,3.09152411,-1.83866770,-3.05640419,0.01487732,1.61620236,-0.01602173,3.09241260,-1.79188928,-3.05579438,0.01486669,1.61619755,-0.01590437,-3.03716596,-1.84591563,-2.89733132,0.02822876,1.57881833,-0.02326965,-0.20996094,0.05371094,-0.20996094,-0.11718750,0.07324219,0.00000000,1.03302002,2.64636905,2.64549255,-0.02441406
22.14336848,7735,3.09114264,-1.83447154,-3.05793007,0.01487732,1.61620236,-0.01602173,3.09167792,-1.78756310,-3.05700955,0.01487384,1.61620078,-0.01589099,-3.03983624,-1.84515269,-2.90038308,0.02670288,1.57996274,-0.02288818,-0.20996094,0.06835938,-0.20996094,-0.14648438,0.11718750,0.00000000,1.03340149,2.64654917,2.64549255,-0.02441406
22.15968561,7740,3.09114264,-1.82989390,-3.05945595,0.01487732,1.61620236,-0.01564026,3.09131804,-1.78300146,-3.05830226,0.01487618,1.61620184,-0.01585377,-3.04365094,-1.84362681,-2.90381630,0.02517700,1.58148861,-0.02250671,-0.19531250,0.07812500,-0.21972656,-0.07324219,0.08789062,0.00000000,1.03340149,2.64660820,2.64549255,0.00000000
22.17351794,7745,3.09114264,-1.82493479,-3.06060036,0.01449585,1.61620236,-0.01564026,3.09120012,-1.77831176,-3.05952652,0.01469079,1.61620219,-0.01578053,-3.04670270,-1.84248240,-2.90724953,0.02403259,1.58301449,-0.02174377,-0.21484375,0.07812500,-0.19042969,-0.08789062,0.08789062,0.01464844,1.03302002,2.64647495,2.64549255,-0.04882812
22.18911171,7750,3.09114264,-1.81997569,-3.06212624,0.01373291,1.61620236,-0.01564026,3.09116148,-1.77351515,-3.06091255,0.01425821,1.61620230,-0.01568622,-3.04899152,-1.84133799,-2.90953835,0.02288818,1.58339596,-0.02021790,-0.20019531,0.08300781,-0.19042969,-0.08789062,0.07324219,0.11718750,1.03340149,2.64652137,2.64549255,-0.04882812
22.20413876,7755,3.09114264,-1.81539805,-3.06365212,0.01335144,1.61620236,-0.01564026,3.09114881,-1.76889896,-3.06248488,0.01371888,1.61620234,-0.01573540,-3.05280621,-1.83981211,-2.91297158,0.02212524,1.58377743,-0.01907349,-0.18554688,0.06835938,-0.19042969,-0.02929688,0.02929688,0.02929688,1.03340149,2.64659909,2.64549255,-0.04882812
22.21968770,7760,3.09114264,-1.81082041,-3.06517800,0.01182556,1.61620236,-0.01564026,3.09114466,-1.76406260,-3.06411388,0.01277653,1.61620235,-0.01567143,-3.05547650,-1.83828623,-2.91602333,0.02212524,1.58377743,-0.01907349,-0.19531250,0.12207031,-0.20019531,0.00000000,0.02929688,-0.01464844,1.03302002,2.64640946,2.64549255,-0.04882812
22.23287511,7765,3.09114264,-1.80700572,-3.06670388,0.01068115,1.61620236,-0.01564026,3.09110424,-1.75959183,-3.06568331,0.01146933,1.61620236,-0.01565047,-3.05776532,-1.83714183,-2.91869362,0.02212524,1.58377743,-0.01907349,-0.20507812,0.08789062,-0.21484375,-0.02929688,0.02929688,0.01464844,1.03340149,2.64642179,2.64549255,-0.04882812
22.24792433,7770,3.09076117,-1.80204661,-3.06899269,0.00953674,1.61620236,-0.01564026,3.09090484,-1.75504372,-3.06759529,0.01028915,1.61620236,-0.01564361,-3.06081708,-1.83561595,-2.92212685,0.02174377,1.58415890,-0.01869202,-0.17089844,0.08789062,-0.20019531,-0.02929688,0.02929688,0.01464844,1.03340149,2.64656646,2.64549255,-0.02441406
22.26212215,7775,3.09076117,-1.79785044,-3.07166298,0.00839233,1.61620236,-0.01564026,3.09080825,-1.75083379,-3.06971778,0.00929562,1.61620236,-0.01564136,-3.06310590,-1.83409007,-2.92479714,0.02136230,1.58415890,-0.01869202,-0.19042969,0.09765625,-0.20019531,-0.05859375,0.02929688,0.00000000,1.03340149,2.64655136,2.64549255,0.00000000
22.27667260,7780,3.08999823,-1.79327281,-3.07395180,0.00762939,1.61620236,-0.01564026,3.09044384,-1.74661639,-3.07192231,0.00824570,1.61620236,-0.01564062,-3.06577619,-1.83218272,-2.92746743,0.01983643,1.58454037,-0.01869202,-0.17089844,0.10742188,-0.17578125,-0.10253906,0.04394531,0.00000000,1.03340149,2.64660891,2.64549255,0.00000000
22.29041505,7785,3.08923529,-1.78983958,-3.07585915,0.00724792,1.61620236,-0.01564026,3.08970162,-1.74231244,-3.07422928,0.00757487,1.61620236,-0.01564038,-3.06768353,-1.83103831,-2.92975624,0.01869202,1.58492184,-0.01831055,-0.16113281,0.09277344,-0.19042969,-0.11718750,0.04394531,0.00000000,1.03340149,2.64662777,2.64549255,-0.02441406
22.30441666,7790,3.08732795,-1.78602488,-3.07929238,0.00724792,1.61620236,-0.01602173,3.08838749,-1.73841994,-3.07706055,0.00735506,1.61620236,-0.01585770,-3.07035382,-1.82913096,-2.93280800,0.01716614,1.58606625,-0.01831055,-0.18066406,0.11718750,-0.17578125,-0.08789062,0.07324219,-0.01464844,1.03340149,2.64655583,2.64549255,-0.02441406
22.31718493,7795,3.08580207,-1.78259165,-3.08196266,0.00724792,1.61620236,-0.01602173,3.08705014,-1.73505301,-3.07971718,0.00728303,1.61620236,-0.01596798,-3.07264264,-1.82760508,-2.93509682,0.01564026,1.58644772,-0.01792908,-0.17089844,0.12207031,-0.20507812,-0.14648438,0.04394531,0.00000000,1.03340149,2.64661038,2.64549255,-0.02441406
22.33044553,7800,3.08465766,-1.77953990,-3.08463295,0.00724792,1.61620236,-0.01602173,3.08563108,-1.73167679,-3.08234393,0.00725943,1.61620236,-0.01600412,-3.07454999,-1.82607920,-2.93776711,0.01487732,1.58644772,-0.01792908,-0.17089844,0.09765625,-0.19531250,-0.04394531,0.02929688,0.00000000,1.03340149,2.64650618,2.64549255,0.00000000
22.34396338,7805,3.08313178,-1.77610667,-3.08768471,0.00724792,1.61620236,-0.01602173,3.08428132,-1.72836429,-3.08526423,0.00725169,1.61620236,-0.01601596,-3.07760175,-1.82417186,-2.94081887,0.01411438,1.58682919,-0.01754761,-0.18554688,0.10253906,-0.19042969,-0.07324219,0.02929688,0.00000000,1.03340149,2.64647204,2.64549255,0.00000000
22.35953975,7810,3.08122443,-1.77305491,-3.09111794,0.00724792,1.61620236,-0.01602173,3.08266605,-1.72517827,-3.08845907,0.00724916,1.61620236,-0.01601984,-3.07950910,-1.82226451,-2.94348915,0.01411438,1.58682919,-0.01716614,-0.16113281,0.13183594,-0.19042969,-0.04394531,0.02929688,0.00000000,1.03340149,2.64650480,2.64549255,-0.02441406
22.37625360,7815,3.08008002,-1.77038462,-3.09378823,0.00724792,1.61620236,-0.01602173,3.08107780,-1.72213732,-3.09167088,0.00724833,1.61620236,-0.01606994,-3.08256085,-1.81997569,-2.94730385,0.01411438,1.58721066,-0.01716614,-0.17089844,0.12207031,-0.19531250,-0.02929688,0.04394531,0.00000000,1.03302002,2.64608071,2.64549255,-0.02441406
22.39300442,7820,3.07779120,-1.76695140,-3.09836586,0.00686646,1.61620236,-0.01640320,3.07933007,-1.71899377,-3.09529168,0.00706190,1.61620236,-0.01629400,-3.08523114,-1.81806834,-2.94997414,0.01373291,1.58759213,-0.01678467,-0.16601562,0.13183594,-0.20019531,-0.04394531,0.04394531,-0.01464844,1.03302002,2.64612632,2.64549255,-0.04882812
22.40749764,7825,3.07664679,-1.76504405,-3.10103615,0.00610352,1.61620236,-0.01640320,3.07780779,-1.71648359,-3.09847119,0.00659773,1.61620236,-0.01636741,-3.08713849,-1.81616099,-2.95302590,0.01335144,1.58835507,-0.01678467,-0.15625000,0.13183594,-0.18554688,-0.05859375,0.04394531,-0.02929688,1.03302002,2.64615689,2.64549255,-0.02441406
22.42171931,7830,3.07435797,-1.76275523,-3.10370644,0.00610352,1.61620236,-0.01640320,3.07600843,-1.71421013,-3.10130833,0.00626546,1.61620236,-0.01639147,-3.08980878,-1.81387217,-2.95607766,0.01220703,1.58835507,-0.01678467,-0.16601562,0.13183594,-0.19042969,-0.07324219,0.01464844,-0.01464844,1.03302002,2.64604484,2.64549255,-0.02441406
22.43417072,7835,3.07283210,-1.76122935,-3.10637673,0.00610352,1.61620236,-0.01716614,3.07431286,-1.71233772,-3.10391562,0.00615658,1.61620236,-0.01661298,-3.09171613,-1.81234629,-2.95836647,0.01182556,1.58873654,-0.01678467,-0.15136719,0.13183594,-0.19042969,-0.04394531,0.04394531,-0.01464844,1.03302002,2.64593000,2.64549255,-0.02441406
22.44924736,7840,3.07130622,-1.76008494,-3.10866555,0.00610352,1.61620236,-0.01831055,3.07274114,-1.71091569,-3.10636007,0.00612090,1.61620236,-0.01733583,-3.09400494,-1.81043894,-2.96103676,0.01106262,1.58911801,-0.01678467,-0.14648438,0.12207031,-0.20019531,-0.04394531,0.04394531,-0.01464844,1.03302002,2.64589236,2.64549255,0.00000000
22.46349764,7845,3.07016181,-1.75894053,-3.11095436,0.00610352,1.61620236,-0.02174377,3.07127653,-1.70968032,-3.10888982,0.00610921,1.61620236,-0.01936090,-3.09629376,-1.80853160,-2.96408852,0.01068115,1.58949948,-0.01678467,-0.16601562,0.13183594,-0.19531250,-0.02929688,0.04394531,-0.02929688,1.03302002,2.64588003,2.64549255,-0.07324219
22.47672701,7850,3.06863593,-1.75779612,-3.11286171,0.00610352,1.61620236,-0.02555847,3.06983177,-1.70850610,-3.11115933,0.00610538,1.61620236,-0.02267707,-3.09820111,-1.80700572,-2.96637734,0.01068115,1.58988095,-0.01678467,-0.16601562,0.12207031,-0.18554688,0.00000000,0.02929688,-0.01464844,1.03302002,2.64587599,2.64549255,-0.02441406
22.48877478,7855,3.06749152,-1.75703318,-3.11438759,0.00648499,1.61620236,-0.02861023,3.06844783,-1.70742821,-3.11304801,0.00624146,1.61620236,-0.02620267,-3.10010846,-1.80509837,-2.96866616,0.01029968,1.58988095,-0.01678467,-0.15625000,0.12695312,-0.18554688,-0.05859375,0.02929688,-0.02929688,1.03302002,2.64587467,2.64549255,-0.02441406
22.50355744,7860,3.06634711,-1.75627024,-3.11591347,0.00610352,1.61620236,-0.03013611,3.06717610,-1.70656207,-3.11469278,0.00632889,1.61620236,-0.02862650,-3.10239728,-1.80319102,-2.97171791,0.00991821,1.58988095,-0.01678467,-0.15625000,0.12695312,-0.17578125,-0.05859375,0.01464844,0.00000000,1.03302002,2.64587423,2.64549255,-0.04882812
22.51831126,7865,3.06520270,-1.75588877,-3.11705788,0.00610352,1.61620236,-0.03051758,3.06609983,-1.70605157,-3.11609343,0.00617737,1.61620236,-0.02989791,-3.10468610,-1.80166514,-2.97438820,0.00877380,1.58988095,-0.01678467,-0.14160156,0.11718750,-0.18066406,-0.10253906,0.02929688,-0.01464844,1.03302002,2.64587409,2.64549255,-0.02441406
22.53309202,7870,3.06443976,-1.75550730,-3.11820229,0.00610352,1.61620236,-0.03051758,3.06513412,-1.70562782,-3.11721194,0.00612772,1.61620236,-0.03031452,-3.10697492,-1.79975779,-2.97667702,0.00762939,1.58988095,-0.01716614,-0.15136719,0.11718750,-0.18066406,-0.07324219,0.01464844,-0.02929688,1.03302002,2.64587405,2.64549255,-0.02441406
22.54601479,7875,3.06367682,-1.75512583,-3.11858376,0.00610352,1.61620236,-0.03051758,3.06427349,-1.70512263,-3.11806393,0.00611145,1.61620236,-0.03041198,-3.10888226,-1.79785044,-2.97934731,0.00762939,1.58988095,-0.01754761,-0.15136719,0.10742188,-0.16601562,0.00000000,0.02929688,-0.04394531,1.03302002,2.64579591,2.64549255,0.00000000
22.55950761,7880,3.06253241,-1.75474436,-3.11858376,0.00610352,1.61620236,-0.03051758,3.06335342,-1.70463031,-3.11841342,0.00610611,1.61620236,-0.03044391,-3.11078961,-1.79632456,-2.98163613,0.00724792,1.58988095,-0.01831055,-0.15625000,0.11718750,-0.17578125,-0.01464844,0.02929688,-0.07324219,1.03302002,2.64584843,2.64549255,0.00000000
22.57585526,7885,3.06138800,-1.75474436,-3.11896523,0.00610352,1.61620236,-0.03013611,3.06236260,-1.70446899,-3.11878441,0.00610437,1.61620236,-0.03032486,-3.11345990,-1.79403575,-2.98506935,0.00762939,1.59026242,-0.01945496,-0.14160156,0.11718750,-0.16601562,-0.01464844,0.01464844,-0.07324219,1.03302002,2.64586564,2.64549255,-0.04882812
22.58779025,7890,3.06100653,-1.75436290,-3.11896523,0.00610352,1.61620236,-0.03013611,3.06157003,-1.70427880,-3.11890598,0.00610379,1.61620236,-0.03019796,-3.11536725,-1.79250987,-2.98735817,0.00724792,1.59026242,-0.01983643,-0.15136719,0.11230469,-0.17578125,-0.02929688,0.02929688,-0.04394531,1.03302002,2.64587127,2.64549255,-0.02441406
22.60315871,7895,3.06062506,-1.75436290,-3.11896523,0.00610352,1.61620236,-0.03013611,3.06096596,-1.70409733,-3.11894581,0.00610361,1.61620236,-0.03019544,-3.11727460,-1.79060252,-2.99002846,0.00724792,1.59026242,-0.02021790,-0.15625000,0.10742188,-0.17578125,-0.01464844,0.01464844,-0.05859375,1.03302002,2.64587312,2.64549255,-0.04882812
22.61782718,7900,3.06024359,-1.75436290,-3.11896523,0.00610352,1.61620236,-0.03013611,3.06048030,-1.70403787,-3.11895887,0.00610355,1.61620236,-0.03015555,-3.11918195,-1.78907664,-2.99231728,0.00724792,1.59026242,-0.02136230,-0.14648438,0.11718750,-0.15136719,0.00000000,-0.00000000,-0.10253906,1.03302002,2.64587373,2.64549255,-0.02441406
22.63150072,7905,3.06024359,-1.75398143,-3.11896523,0.00534058,1.61620236,-0.03013611,3.06032116,-1.70388106,-3.11896314,0.00574098,1.61620236,-0.03014248,-3.12108930,-1.78755076,-2.99460610,0.00724792,1.59026242,-0.02441406,-0.15136719,0.11718750,-0.16601562,-0.02929688,0.01464844,-0.24902344,1.03302002,2.64569815,2.64549255,-0.02441406
22.64713645,7910,3.06024359,-1.75398143,-3.11896523,0.00495911,1.61620236,-0.03013611,3.06026901,-1.70371053,-3.11896455,0.00524656,1.61620236,-0.03013820,-3.12375958,-1.78564341,-2.99765786,0.00724792,1.59064389,-0.02479553,-0.15625000,0.12207031,-0.15625000,-0.02929688,0.02929688,-0.01464844,1.03302002,2.64581639,2.64549255,-0.02441406
22.66626954,7915,3.06024359,-1.75398143,-3.11896523,0.00381470,1.61620236,-0.03013611,3.06025192,-1.70365466,-3.11896500,0.00453438,1.61620236,-0.03013679,-3.12566693,-1.78373606,-3.00032814,0.00724792,1.59026242,-0.02517700,-0.12695312,0.11230469,-0.15136719,0.00000000,-0.00000000,0.00000000,1.03302002,2.64585514,2.64549255,-0.02441406
22.68081880,7920,3.06024359,-1.75398143,-3.11896523,0.00267029,1.61620236,-0.03013611,3.06024632,-1.70363635,-3.11896516,0.00361168,1.61620236,-0.03013633,-3.12795575,-1.78182872,-3.00299843,0.00724792,1.59064389,-0.02517700,-0.15136719,0.11718750,-0.17089844,-0.04394531,0.02929688,-0.01464844,1.03302002,2.64578971,2.64549255,-0.02441406
22.69497633,7925,3.06024359,-1.75398143,-3.11896523,0.00228882,1.61620236,-0.03013611,3.06028355,-1.70363035,-3.11896520,0.00279261,1.61620236,-0.03013618,-3.12986310,-1.78068431,-3.00490578,0.00724792,1.59064389,-0.02555847,-0.15625000,0.09765625,-0.15136719,-0.01464844,0.01464844,-0.04394531,1.03263855,2.64569381,2.64549255,-0.02441406
22.70968819,7930,3.06024359,-1.75398143,-3.11896523,0.00152588,1.61620236,-0.03013611,3.06031772,-1.70362838,-3.11896522,0.00206010,1.61620236,-0.03013613,-3.13138898,-1.77915843,-3.00681313,0.00686646,1.59064389,-0.02632141,-0.12207031,0.10253906,-0.14648438,-0.02929688,-0.00000000,-0.05859375,1.03302002,2.64573685,2.64549255,0.00000000
22.72543573,7935,3.06062506,-1.75398143,-3.11896523,0.00038147,1.61620236,-0.03013611,3.06038324,-1.70366680,-3.11896523,0.00108191,1.61620236,-0.03013612,-3.13329633,-1.77725108,-3.00948342,0.00648499,1.59064389,-0.02632141,-0.12207031,0.09765625,-0.14160156,-0.02929688,0.05859375,-0.01464844,1.03302002,2.64582907,2.64549255,0.00000000
22.74015522,7940,3.06024359,-1.75398143,-3.11896523,-0.00076294,1.61620236,-0.03013611,3.06035039,-1.70364032,-3.11896523,0.00017215,1.61620236,-0.03013611,-3.13520368,-1.77610667,-3.01139077,0.00610352,1.59064389,-0.02632141,-0.12695312,0.09277344,-0.13183594,-0.04394531,0.02929688,-0.02929688,1.03302002,2.64585929,2.64549255,-0.02441406
22.75302029,7945,3.06024359,-1.75398143,-3.11896523,-0.00152588,1.61620236,-0.03013611,3.06027859,-1.70363165,-3.11896523,-0.00067015,1.61620236,-0.03013611,-3.13672955,-1.77496226,-3.01329811,0.00610352,1.59064389,-0.02670288,-0.11718750,0.09277344,-0.13671875,-0.04394531,0.01464844,-0.02929688,1.03302002,2.64577154,2.64549255,-0.02441406
22.76531959,7950,3.06024359,-1.75398143,-3.11896523,-0.00228882,1.61620236,-0.03013611,3.06025506,-1.70362881,-3.11896523,-0.00150793,1.61620236,-0.03013611,-3.13825543,-1.77381785,-3.01520546,0.00534058,1.59064389,-0.02670288,-0.12207031,0.08300781,-0.14648438,-0.05859375,0.01464844,-0.02929688,1.03302002,2.64584044,2.64549255,-0.02441406
22.78328943,7955,3.06024359,-1.75398143,-3.11896523,-0.00419617,1.61620236,-0.03013611,3.06024735,-1.70362788,-3.11896523,-0.00298325,1.61620236,-0.03013611,-3.14016278,-1.77191050,-3.01787575,0.00495911,1.59064389,-0.02670288,-0.12695312,0.07324219,-0.14648438,-0.05859375,-0.00000000,-0.02929688,1.03302002,2.64586302,2.64549255,0.00000000
22.79801917,7960,3.06024359,-1.75398143,-3.11896523,-0.00648499,1.61582089,-0.03013611,3.06024483,-1.70362757,-3.11896523,-0.00475648,1.61612607,-0.03013611,3.14111518,-1.77038462,-3.02016457,0.00419617,1.59064389,-0.02670288,-0.11718750,0.07812500,-0.13671875,-0.04394531,0.01464844,-0.01464844,1.03302002,2.64574835,2.64549255,-0.02441406
22.81347322,7965,3.06024359,-1.75436290,-3.11896523,-0.00801086,1.61543942,-0.03013611,3.06024400,-1.70376480,-3.11896523,-0.00663587,1.61578356,-0.03013611,3.13997077,-1.76924021,-3.02169045,0.00381470,1.59064389,-0.02708435,-0.11230469,0.09765625,-0.13671875,-0.07324219,0.01464844,-0.02929688,1.03302002,2.64575472,2.64549255,0.00000000
22.82693720,7970,3.06024359,-1.75398143,-3.11896523,-0.00877380,1.61505795,-0.03013611,3.06024373,-1.70371150,-3.11896523,-0.00804200,1.61541486,-0.03013611,3.13806342,-1.76809581,-3.02359780,0.00305176,1.59064389,-0.02708435,-0.11718750,0.08300781,-0.10742188,-0.04394531,0.02929688,-0.02929688,1.03302002,2.64577243,2.64549255,-0.02441406
22.84141111,7975,3.06062506,-1.75398143,-3.11896523,-0.00915527,1.61505795,-0.03013611,3.06031993,-1.70365497,-3.11896523,-0.00867133,1.61517490,-0.03013611,3.13653754,-1.76656993,-3.02550515,0.00267029,1.59064389,-0.02708435,-0.11718750,0.07812500,-0.10742188,-0.04394531,-0.00000000,-0.01464844,1.03302002,2.64562101,2.64549255,-0.02441406
22.85370541,7980,3.06024359,-1.75398143,-3.11896523,-0.00877380,1.61505795,-0.03013611,3.06030767,-1.70363645,-3.11896523,-0.00877148,1.61509627,-0.03002625,3.13539313,-1.76580699,-3.02664955,0.00228882,1.59064389,-0.02708435,-0.11230469,0.07812500,-0.12695312,-0.04394531,0.01464844,-0.01464844,1.03263855,2.64563853,2.64549255,-0.02441406
22.86617255,7985,3.06062506,-1.75398143,-3.11896523,-0.00839233,1.61505795,-0.03013611,3.06040192,-1.70363038,-3.11896523,-0.00858688,1.61507051,-0.02999025,3.13386725,-1.76466258,-3.02855690,0.00114441,1.59102536,-0.02708435,-0.12207031,0.07324219,-0.13183594,-0.13183594,0.01464844,-0.01464844,1.03302002,2.64561229,2.64549255,-0.02441406
22.88038087,7990,3.06062506,-1.75398143,-3.11896523,-0.00839233,1.61505795,-0.02975464,3.06042060,-1.70362839,-3.11896523,-0.00845608,1.61506207,-0.03001202,3.13272284,-1.76313670,-3.03046425,-0.00076294,1.59102536,-0.02746582,-0.10742188,0.08789062,-0.12207031,-0.14648438,-0.00000000,-0.01464844,1.03263855,2.64535344,2.64549255,-0.02441406
22.89649224,7995,3.06062506,-1.75398143,-3.11896523,-0.00801086,1.61505795,-0.03013611,3.06055806,-1.70362774,-3.11896523,-0.00815675,1.61505930,-0.03005638,3.13119696,-1.76199229,-3.03199013,-0.00190735,1.59102536,-0.02746582,-0.09765625,0.08300781,-0.11718750,-0.08789062,0.01464844,-0.02929688,1.03263855,2.64528816,2.64549255,-0.02441406
22.91080046,8000,3.06062506,-1.75398143,-3.11896523,-0.00762939,1.61505795,-0.03013611,3.06060311,-1.70362753,-3.11896523,-0.00787251,1.61505839,-0.03010998,3.12967108,-1.76084788,-3.03389748,-0.00267029,1.59102536,-0.02784729,-0.12695312,0.05859375,-0.11230469,-0.04394531,0.02929688,-0.02929688,1.03263855,2.64526676,2.64587402,0.02441406
22.92507339,8005,3.06062506,-1.75398143,-3.11896523,-0.00762939,1.61429501,-0.03013611,3.06061787,-1.70371535,-3.11896523,-0.00770906,1.61475658,-0.03012755,3.12814521,-1.75970347,-3.03580483,-0.00305176,1.59102536,-0.02784729,-0.09277344,0.07324219,-0.11718750,-0.04394531,-0.00000000,-0.02929688,1.03302002,2.64539281,2.64549255,-0.04882812
22.93852615,8010,3.06062506,-1.75398143,-3.11896523,-0.00762939,1.61276913,-0.02975464,3.06062271,-1.70365623,-3.11896523,-0.00765550,1.61376022,-0.03005701,3.12700080,-1.75894053,-3.03694924,-0.00305176,1.59102536,-0.02784729,-0.10742188,0.05859375,-0.09277344,-0.04394531,0.01464844,-0.05859375,1.03302002,2.64535599,2.64549255,-0.02441406
22.95145845,8015,3.06062506,-1.75398143,-3.11896523,-0.00724792,1.61200619,-0.02975464,3.06062429,-1.70368569,-3.11896523,-0.00750062,1.61265127,-0.02993380,3.12623786,-1.75817759,-3.03809365,-0.00305176,1.59102536,-0.02822876,-0.08789062,0.07812500,-0.10742188,-0.02929688,0.01464844,-0.01464844,1.03302002,2.64534392,2.64549255,-0.04882812
22.96475220,8020,3.06062506,-1.75398143,-3.11896523,-0.00686646,1.61200619,-0.02937317,3.06062481,-1.70364652,-3.11896523,-0.00719340,1.61221757,-0.02967602,3.12471198,-1.75741465,-3.03923806,-0.00343323,1.59102536,-0.02822876,-0.08789062,0.04882812,-0.10253906,-0.01464844,0.01464844,-0.02929688,1.03263855,2.64524988,2.64549255,-0.04882812
22.97860432,8025,3.06062506,-1.75398143,-3.11896523,-0.00190735,1.61200619,-0.02861023,3.06062498,-1.70363368,-3.11896523,-0.00503841,1.61207546,-0.02907861,3.12356757,-1.75588877,-3.04114540,-0.00343323,1.59102536,-0.02861023,-0.10253906,0.07324219,-0.11230469,-0.02929688,-0.00000000,-0.02929688,1.03263855,2.64479621,2.64549255,0.00000000
22.99292922,8030,3.06062506,-1.75436290,-3.11896523,0.00419617,1.61200619,-0.02784729,3.06062504,-1.70385469,-3.11896523,0.00005006,1.61202889,-0.02832108,3.12242316,-1.75512583,-3.04267128,-0.00381470,1.59102536,-0.02861023,-0.08789062,0.06347656,-0.09765625,0.00000000,-0.00000000,-0.02929688,1.03263855,2.64492978,2.64549255,-0.04882812
23.00746775,8035,3.06062506,-1.75436290,-3.11896523,0.00724792,1.61467648,-0.02822876,3.06062506,-1.70395836,-3.11896523,0.00432878,1.61324837,-0.02813987,3.12089728,-1.75359996,-3.04419716,-0.00343323,1.59102536,-0.02861023,-0.10253906,0.06835938,-0.06835938,0.00000000,0.01464844,-0.02929688,1.03263855,2.64505167,2.64549255,-0.02441406
23.02021742,8040,3.06062506,-1.75436290,-3.11896523,0.00839233,1.61582089,-0.02822876,3.06062506,-1.70399233,-3.11896523,0.00691040,1.61487636,-0.02805852,3.12013434,-1.75321849,-3.04534157,-0.00343323,1.59102536,-0.02899170,-0.07324219,0.05859375,-0.11230469,-0.01464844,0.01464844,-0.02929688,1.03263855,2.64509162,2.64549255,-0.02441406
23.03375530,8045,3.06062506,-1.75436290,-3.11896523,0.00839233,1.61582089,-0.02822876,3.06062506,-1.70406450,-3.11896523,0.00790673,1.61537027,-0.02817298,3.11898993,-1.75207408,-3.04686745,-0.00343323,1.59102536,-0.02899170,-0.08789062,0.05859375,-0.09277344,0.00000000,0.01464844,-0.01464844,1.03263855,2.64510470,2.64549255,-0.02441406
23.04810596,8050,3.06062506,-1.75436290,-3.11896523,0.00801086,1.61582089,-0.02822876,3.06062506,-1.70402711,-3.11896523,0.00804706,1.61555409,-0.02821048,3.11784552,-1.75092967,-3.04839333,-0.00343323,1.59140683,-0.02861023,-0.07324219,0.07324219,-0.08789062,-0.02929688,0.01464844,-0.01464844,1.03263855,2.64510899,2.64549255,-0.02441406
23.06061196,8055,3.06062506,-1.75436290,-3.11896523,0.00801086,1.61543942,-0.02822876,3.06062506,-1.70419504,-3.11896523,0.00802272,1.61550825,-0.02822277,3.11670111,-1.75016673,-3.04953774,-0.00305176,1.59102536,-0.02861023,-0.09765625,0.05859375,-0.08300781,0.00000000,0.01464844,-0.01464844,1.03263855,2.64511040,2.64549255,0.00000000
23.07548428,8060,3.06062506,-1.75436290,-3.11896523,0.00839233,1.61543942,-0.02822876,3.06062506,-1.70406989,-3.11896523,0.00820091,1.61546197,-0.02822680,3.11593817,-1.74940379,-3.05068215,-0.00305176,1.59102536,-0.02899170,-0.07324219,0.07324219,-0.08789062,0.00000000,-0.00000000,-0.02929688,1.03263855,2.64511086,2.64549255,-0.02441406
23.08831477,8065,3.06062506,-1.75436290,-3.11896523,0.00839233,1.61543942,-0.02822876,3.06062506,-1.70402888,-3.11896523,0.00832961,1.61544681,-0.02822812,3.11479377,-1.74864085,-3.05182656,-0.00305176,1.59102536,-0.02861023,-0.09277344,0.04882812,-0.06347656,0.01464844,0.01464844,-0.01464844,1.03263855,2.64511101,2.64549255,-0.04882812
23.10337424,8070,3.06062506,-1.75436290,-3.11896523,0.00839233,1.61543942,-0.02822876,3.06062506,-1.70401544,-3.11896523,0.00827168,1.61544184,-0.02822855,3.11364936,-1.74787791,-3.05297097,-0.00267029,1.59140683,-0.02899170,-0.06347656,0.03417969,-0.08789062,0.00000000,0.02929688,-0.01464844,1.03263855,2.64511106,2.64549255,-0.04882812
23.11917949,8075,3.06062506,-1.75436290,-3.11896523,0.00801086,1.61543942,-0.02822876,3.06062506,-1.70401104,-3.11896523,0.00812758,1.61544021,-0.02822869,3.11250495,-1.74673350,-3.05449684,-0.00228882,1.59140683,-0.02899170,-0.08789062,0.05859375,-0.10253906,-0.01464844,-0.00000000,-0.01464844,1.03263855,2.64511108,2.64549255,0.00000000
23.13205576,8080,3.06062506,-1.75436290,-3.11896523,0.00801086,1.61543942,-0.02822876,3.06062506,-1.70400959,-3.11896523,0.00804911,1.61543968,-0.02822874,3.11174201,-1.74635203,-3.05564125,-0.00190735,1.59102536,-0.02899170,-0.05859375,0.03417969,-0.08789062,0.02929688,0.01464844,-0.01464844,1.03263855,2.64511108,2.64549255,-0.04882812
23.14714074,8085,3.06062506,-1.75436290,-3.11896523,0.00801086,1.61543942,-0.02822876,3.06062506,-1.70400912,-3.11878505,0.00802340,1.61543951,-0.02822875,3.11059760,-1.74520762,-3.05716713,-0.00114441,1.59102536,-0.02899170,-0.08789062,0.05371094,-0.04882812,0.04394531,0.01464844,-0.01464844,1.03263855,2.64523315,2.64549255,-0.02441406
23.16279483,8090,3.06062506,-1.75436290,-3.11858376,0.00801086,1.61543942,-0.02822876,3.06062506,-1.70400897,-3.11875958,0.00801497,1.61543945,-0.02822876,3.10945319,-1.74482615,-3.05793007,-0.00038147,1.59140683,-0.02899170,-0.06347656,0.04882812,-0.08300781,0.05859375,0.01464844,-0.01464844,1.03263855,2.64515108,2.64549255,-0.04882812
23.17801023,8095,3.06062506,-1.75436290,-3.11858376,0.00762939,1.61543942,-0.02822876,3.06062506,-1.70400892,-3.11877272,0.00775574,1.61543943,-0.02822876,3.10869025,-1.74406321,-3.05907448,0.00000000,1.59140683,-0.02861023,-0.07812500,0.05371094,-0.06835938,0.01464844,0.02929688,0.00000000,1.03302002,2.64563713,2.64549255,-0.02441406
23.19137168,8100,3.06062506,-1.75436290,-3.11896523,0.00762939,1.61543942,-0.02822876,3.06062506,-1.70400890,-3.11877080,0.00767080,1.61543942,-0.02822876,3.10754584,-1.74291880,-3.06060036,0.00038147,1.59140683,-0.02899170,-0.06347656,0.05859375,-0.08789062,0.01464844,0.01464844,-0.01464844,1.03302002,2.64579640,2.64549255,-0.02441406
23.20416331,8105,3.06062506,-1.75436290,-3.11896523,0.00724792,1.61543942,-0.02822876,3.06062506,-1.70400889,-3.11876040,0.00750563,1.61543942,-0.02816772,3.10678290,-1.74215586,-3.06174477,0.00038147,1.59140683,-0.02899170,-0.06347656,0.03906250,-0.08789062,0.01464844,0.01464844,-0.01464844,1.03302002,2.64584859,2.64549255,-0.04882812
23.21940970,8110,3.06062506,-1.75436290,-3.11896523,0.00686646,1.61543942,-0.02822876,3.06062506,-1.70400889,-3.11883708,0.00725608,1.61543942,-0.02820876,3.10601996,-1.74139292,-3.06288918,0.00076294,1.59140683,-0.02861023,-0.06835938,0.05371094,-0.05371094,-0.01464844,0.01464844,-0.01464844,1.03302002,2.64586569,2.64549255,-0.02441406
23.23388720,8115,3.06062506,-1.75436290,-3.11896523,0.00648499,1.61543942,-0.02822876,3.06062506,-1.70400889,-3.11880409,0.00685680,1.61543942,-0.02819096,3.10525702,-1.74062998,-3.06365212,0.00114441,1.59102536,-0.02861023,-0.04882812,0.03906250,-0.04882812,0.01464844,0.01464844,0.00000000,1.03302002,2.64587129,2.64549255,-0.04882812
23.24793839,8120,3.06062506,-1.75436290,-3.11896523,0.00648499,1.61543942,-0.02822876,3.06062506,-1.70400889,-3.11883235,0.00660682,1.61543942,-0.02821637,3.10411261,-1.73986705,-3.06479653,0.00190735,1.59140683,-0.02899170,-0.06835938,0.05371094,-0.05371094,0.02929688,0.02929688,-0.02929688,1.03302002,2.64587313,2.64549255,-0.02441406
23.25973797,8125,3.06062506,-1.75436290,-3.11896523,0.00610352,1.61543942,-0.02822876,3.06062506,-1.70400889,-3.11892169,0.00629969,1.61543942,-0.02822470,3.10334967,-1.73910411,-3.06555947,0.00267029,1.59140683,-0.02899170,-0.06835938,0.03906250,-0.08300781,0.05859375,0.01464844,-0.01464844,1.03302002,2.64587373,2.64549255,-0.02441406
23.27518225,8130,3.06062506,-1.75436290,-3.11858376,0.00572205,1.61543942,-0.02822876,3.06062506,-1.70400889,-3.11883560,0.00598164,1.61543942,-0.02822743,3.10258673,-1.73872264,-3.06670388,0.00419617,1.59140683,-0.02861023,-0.06347656,0.02929688,-0.05859375,0.05859375,0.02929688,-0.01464844,1.03302002,2.64587393,2.64549255,-0.02441406
23.29109240,8135,3.06062506,-1.75436290,-3.11896523,0.00457764,1.61505795,-0.02822876,3.06062506,-1.70400889,-3.11888369,0.00522715,1.61536313,-0.02822832,3.10144233,-1.73795970,-3.06822975,0.00457764,1.59140683,-0.02861023,-0.07812500,0.03417969,-0.06347656,-0.01464844,0.01464844,0.00000000,1.03302002,2.64587399,2.64549255,-0.02441406
23.30539393,8140,3.06062506,-1.75436290,-3.11896523,0.00343323,1.61429501,-0.02822876,3.06062506,-1.70400889,-3.11893851,0.00435163,1.61489550,-0.02822862,3.10106086,-1.73757823,-3.06899269,0.00457764,1.59102536,-0.02861023,-0.05371094,0.03417969,-0.07324219,0.00000000,-0.00000000,0.00000000,1.03302002,2.64587401,2.64549255,-0.04882812
23.31827855,8145,3.06062506,-1.75436290,-3.11896523,0.00305176,1.61238766,-0.02822876,3.06062506,-1.70400889,-3.11888616,0.00354801,1.61371968,-0.02822871,3.10029792,-1.73681529,-3.06975563,0.00457764,1.59140683,-0.02899170,-0.06347656,0.01953125,-0.05859375,0.00000000,0.01464844,-0.01464844,1.03340149,2.64602661,2.64549255,-0.04882812
23.33194828,8150,3.06062506,-1.75436290,-3.11896523,0.00305176,1.60819150,-0.02822876,3.06062506,-1.70400889,-3.11893932,0.00321437,1.61107719,-0.02822874,3.09953498,-1.73643382,-3.07051857,0.00457764,1.59140683,-0.02899170,-0.05859375,0.04394531,-0.05371094,0.00000000,-0.00000000,-0.01464844,1.03302002,2.64592402,2.64549255,-0.02441406
23.34655309,8155,3.06062506,-1.75436290,-3.11896523,0.00305176,1.60475827,-0.02822876,3.06062506,-1.70400889,-3.11895674,0.00310504,1.60760083,-0.02822875,3.09877204,-1.73567088,-3.07128151,0.00457764,1.59140683,-0.02899170,-0.04882812,0.03906250,-0.05859375,-0.01464844,0.01464844,-0.01464844,1.03302002,2.64589041,2.64549255,-0.02441406
23.36102223,8160,3.06062506,-1.75436290,-3.11896523,0.00267029,1.59941769,-0.02822876,3.06062506,-1.70400889,-3.11896245,0.00281275,1.60299270,-0.02822876,3.09800910,-1.73528941,-3.07242592,0.00457764,1.59140683,-0.02861023,-0.05859375,0.02929688,-0.06347656,-0.04394531,-0.01464844,-0.01464844,1.03340149,2.64603198,2.64549255,0.00000000
23.37696004,8165,3.06062506,-1.75436290,-3.11896523,0.00267029,1.59484006,-0.02822876,3.06062506,-1.70400889,-3.11896432,0.00271697,1.59840116,-0.02822876,3.09686469,-1.73414500,-3.07357033,0.00457764,1.59102536,-0.02899170,-0.06835938,0.04882812,-0.05371094,-0.01464844,0.01464844,-0.01464844,1.03340149,2.64607837,2.64549255,-0.04882812
23.39085484,8170,3.06062506,-1.75436290,-3.11896523,0.00267029,1.59255124,-0.02822876,3.06062506,-1.70400889,-3.11896493,0.00259769,1.59512927,-0.02822876,3.09648322,-1.73376353,-3.07433327,0.00457764,1.59102536,-0.02861023,-0.06347656,0.03906250,-0.06347656,-0.01464844,-0.00000000,0.00000000,1.03302002,2.64594098,2.64549255,-0.02441406
23.40279841,8175,3.06062506,-1.75436290,-3.11896523,0.00228882,1.59026242,-0.02822876,3.06062506,-1.70400889,-3.11896513,0.00247792,1.59233815,-0.02822876,3.09572028,-1.73338206,-3.07509621,0.00419617,1.59140683,-0.02861023,-0.05371094,0.03417969,-0.05371094,-0.01464844,0.01464844,-0.02929688,1.03302002,2.64589597,2.64549255,0.02441406
23.41696644,8180,3.06062506,-1.75436290,-3.11896523,0.00267029,1.58835507,-0.02822876,3.06062506,-1.70400889,-3.11896520,0.00260725,1.59000009,-0.02822876,3.09495734,-1.73300059,-3.07547768,0.00419617,1.59140683,-0.02861023,-0.04882812,0.02929688,-0.02441406,-0.01464844,-0.00000000,0.00000000,1.03302002,2.64594371,2.64549255,-0.04882812
23.42996621,8185,3.06062506,-1.75436290,-3.11896523,0.00267029,1.58682919,-0.02822876,3.06062506,-1.70400889,-3.11896522,0.00264963,1.58819880,-0.02822876,3.09457587,-1.73223765,-3.07624062,0.00419617,1.59140683,-0.02861023,-0.05371094,0.03906250,-0.04882812,-0.01464844,0.01464844,-0.01464844,1.03302002,2.64597498,2.64549255,-0.02441406
23.44470739,8190,3.06062506,-1.75436290,-3.11896523,0.00267029,1.58415890,-0.02822876,3.06062506,-1.70400889,-3.11896522,0.00266352,1.58602469,-0.02822876,3.09381293,-1.73147471,-3.07738503,0.00419617,1.59140683,-0.02861023,-0.04394531,0.04394531,-0.07324219,-0.02929688,0.01464844,-0.01464844,1.03302002,2.64590711,2.64549255,0.00000000
23.46110845,8195,3.06062506,-1.75436290,-3.11896523,0.00267029,1.58034421,-0.02822876,3.06062506,-1.70400889,-3.11896523,0.00266807,1.58315773,-0.02822876,3.09304999,-1.73109324,-3.07852944,0.00419617,1.59102536,-0.02861023,-0.04394531,0.03417969,-0.06835938,-0.01464844,0.01464844,0.00000000,1.03302002,2.64588486,2.64549255,0.00000000
23.47433972,8200,3.06062506,-1.75436290,-3.11896523,0.00267029,1.57652951,-0.02822876,3.06062506,-1.70400889,-3.11896523,0.00266956,1.57925125,-0.02822876,3.09266852,-1.73033030,-3.07929238,0.00419617,1.59102536,-0.02861023,-0.04882812,0.03906250,-0.05371094,0.00000000,-0.00000000,-0.01464844,1.03302002,2.64587758,2.64549255,-0.04882812
23.48913431,8205,3.06062506,-1.75436290,-3.11896523,0.00267029,1.57385922,-0.02822876,3.06062506,-1.70400889,-3.11896523,0.00267005,1.57620714,-0.02822876,3.09190558,-1.72994883,-3.08005532,0.00419617,1.59064389,-0.02899170,-0.03906250,0.03906250,-0.05371094,-0.02929688,-0.00000000,-0.01464844,1.03302002,2.64595331,2.64549255,0.00000000
23.50179267,8210,3.06062506,-1.75436290,-3.11896523,0.00305176,1.57271481,-0.02822876,3.06062506,-1.70400889,-3.11896523,0.00274650,1.57407060,-0.02822876,3.09152411,-1.72956736,-3.08043679,0.00419617,1.59064389,-0.02861023,-0.03906250,0.01953125,-0.04882812,-0.02929688,0.02929688,-0.01464844,1.03302002,2.64590000,2.64549255,-0.02441406
23.51713896,8215,3.06062506,-1.75436290,-3.11896523,0.00305176,1.57233334,-0.02822876,3.06062506,-1.70400889,-3.11896523,0.00295173,1.57297292,-0.02822876,3.09076117,-1.72918589,-3.08119973,0.00419617,1.59064389,-0.02861023,-0.06835938,0.03906250,-0.02929688,-0.01464844,-0.01464844,0.00000000,1.03302002,2.64594504,2.64549255,-0.02441406
23.53146577,8220,3.06062506,-1.75436290,-3.11896523,0.00381470,1.57118893,-0.02822876,3.06062506,-1.70400889,-3.11896523,0.00332050,1.57192390,-0.02822876,3.08999823,-1.72842295,-3.08196266,0.00419617,1.59026242,-0.02861023,-0.03906250,0.01464844,-0.04882812,-0.01464844,-0.02929688,-0.01464844,1.03302002,2.64589729,2.64549255,-0.04882812
23.54561830,8225,3.06062506,-1.75436290,-3.11896523,0.00419617,1.57042599,-0.02822876,3.06062506,-1.70400889,-3.11896523,0.00383891,1.57098714,-0.02822876,3.08961676,-1.72804148,-3.08272560,0.00419617,1.58988095,-0.02861023,-0.03417969,0.03906250,-0.05371094,-0.01464844,-0.00000000,-0.01464844,1.03302002,2.64588165,2.64549255,-0.02441406
23.55839014,8230,3.06062506,-1.75436290,-3.11896523,0.00457764,1.56851864,-0.02822876,3.06062506,-1.70400889,-3.11896523,0.00430432,1.56987733,-0.02822876,3.08923529,-1.72766001,-3.08310707,0.00419617,1.58988095,-0.02899170,-0.05371094,0.01464844,-0.03417969,-0.01464844,-0.00000000,-0.01464844,1.03302002,2.64587652,2.64549255,-0.04882812
23.57548618,8235,3.06062506,-1.75436290,-3.11896523,0.00457764,1.56546689,-0.02822876,3.06062506,-1.70400889,-3.11896523,0.00448808,1.56735351,-0.02837769,3.08847235,-1.72727854,-3.08425148,0.00419617,1.58797360,-0.02861023,-0.04394531,0.02929688,-0.04394531,-0.01464844,-0.10253906,-0.01464844,1.03302002,2.64587484,2.64549255,0.00000000
23.58846688,8240,3.06062506,-1.75436290,-3.11896523,0.00457764,1.56165219,-0.02861023,3.06062506,-1.70400889,-3.11892617,0.00454829,1.56428309,-0.02849497,3.08770941,-1.72689707,-3.08501442,0.00419617,1.58644772,-0.02861023,-0.03417969,0.01953125,-0.04394531,-0.02929688,-0.04394531,-0.01464844,1.03302002,2.64587429,2.64549255,-0.02441406
23.60429597,8245,3.06062506,-1.75436290,-3.11896523,0.00457764,1.55860043,-0.02861023,3.06062506,-1.70400889,-3.11895243,0.00456802,1.56131165,-0.02847236,3.08732795,-1.72651561,-3.08539589,0.00381470,1.58492184,-0.02861023,-0.04394531,0.02929688,-0.04394531,-0.02929688,-0.10253906,-0.01464844,1.03302002,2.64587411,2.64549255,-0.02441406
23.61784577,8250,3.06062506,-1.75436290,-3.11896523,0.00419617,1.55593014,-0.02861023,3.06062506,-1.70400889,-3.11896103,0.00445913,1.55851582,-0.02849474,3.08656501,-1.72613414,-3.08615883,0.00381470,1.58377743,-0.02899170,-0.04882812,0.01953125,-0.03417969,-0.01464844,-0.05859375,-0.01464844,1.03302002,2.64587405,2.64549255,0.00000000
23.63307810,8255,3.06062506,-1.75436290,-3.11896523,0.00419617,1.55211545,-0.02861023,3.06062506,-1.70400889,-3.11891503,0.00428233,1.55485774,-0.02849231,3.08618354,-1.72575267,-3.08654030,0.00381470,1.58263302,-0.02861023,-0.05371094,0.02441406,-0.03906250,-0.02929688,-0.05859375,-0.01464844,1.03302002,2.64587403,2.64549255,-0.04882812
23.64868879,8260,3.06062506,-1.75436290,-3.11896523,0.00381470,1.54982663,-0.02822876,3.06062506,-1.70400889,-3.11894878,0.00403825,1.55193714,-0.02846405,3.08580207,-1.72498973,-3.08730324,0.00381470,1.58148861,-0.02861023,-0.01464844,0.02929688,-0.04394531,0.00000000,-0.08789062,-0.01464844,1.03263855,2.64559937,2.64549255,-0.04882812
23.66433430,8265,3.06062506,-1.75436290,-3.11896523,0.00381470,1.54868222,-0.02861023,3.06062506,-1.70400889,-3.11895984,0.00388795,1.54985035,-0.02845246,3.08542060,-1.72498973,-3.08806618,0.00381470,1.57919980,-0.02861023,-0.03417969,0.01464844,-0.02929688,-0.02929688,-0.11718750,-0.01464844,1.03302002,2.64578402,2.64549255,-0.04882812
23.67673635,8270,3.06062506,-1.75436290,-3.11858376,0.00343323,1.54791928,-0.02861023,3.06062506,-1.70400889,-3.11882613,0.00358223,1.54862237,-0.02855853,3.08465766,-1.72460826,-3.08844765,0.00381470,1.57691098,-0.02899170,-0.04882812,0.02441406,-0.02929688,-0.01464844,-0.14648438,-0.01464844,1.03263855,2.64556987,2.64511108,-0.04882812
23.69207263,8275,3.06062506,-1.75436290,-3.11896523,0.00343323,1.54791928,-0.02861023,3.06062506,-1.70400889,-3.11891965,0.00348205,1.54814967,-0.02859329,3.08427619,-1.72422679,-3.08882912,0.00381470,1.57424069,-0.02861023,-0.05371094,0.01953125,-0.01953125,-0.02929688,-0.17578125,-0.01464844,1.03302002,2.64577436,2.64549255,0.00000000
23.70449591,8280,3.06062506,-1.75436290,-3.11896523,0.00343323,1.54791928,-0.02861023,3.06062506,-1.70400889,-3.11895029,0.00344923,1.54799477,-0.02860468,3.08389472,-1.72384532,-3.08921059,0.00419617,1.57118893,-0.02861023,-0.02441406,0.01953125,-0.03417969,0.00000000,-0.20507812,0.00000000,1.03302002,2.64584137,2.64549255,-0.02441406
23.71676135,8285,3.06062506,-1.75436290,-3.11896523,0.00343323,1.54791928,-0.02861023,3.06062506,-1.70400889,-3.11896033,0.00343847,1.54794402,-0.02860841,3.08351325,-1.72346385,-3.08959206,0.00381470,1.56928158,-0.02899170,-0.03906250,0.03906250,-0.02441406,-0.01464844,-0.16113281,-0.01464844,1.03302002,2.64586332,2.64549255,-0.02441406
23.73304868,8290,3.06062506,-1.75436290,-3.11858376,0.00343323,1.54791928,-0.02861023,3.06062506,-1.70400889,-3.11888733,0.00343495,1.54792738,-0.02860963,3.08313178,-1.72270091,-3.09035500,0.00381470,1.56661130,-0.02861023,-0.03417969,0.02929688,-0.03417969,-0.02929688,-0.11718750,0.00000000,1.03302002,2.64574845,2.64549255,-0.02441406
23.74947214,8295,3.06062506,-1.75436290,-3.11858376,0.00343323,1.54677487,-0.02861023,3.06062506,-1.70400889,-3.11886341,0.00343379,1.54740301,-0.02861003,3.08236884,-1.72231944,-3.09111794,0.00381470,1.56432248,-0.02899170,-0.06347656,0.02441406,-0.03906250,-0.02929688,-0.10253906,-0.02929688,1.03302002,2.64583287,2.64549255,-0.04882812
23.76147079,8300,3.06062506,-1.75436290,-3.11896523,0.00343323,1.54563046,-0.02899170,3.06062506,-1.70400889,-3.11893186,0.00343341,1.54636168,-0.02883539,3.08198737,-1.72193797,-3.09149941,0.00381470,1.56355954,-0.02861023,-0.03417969,0.00976562,-0.03417969,-0.01464844,-0.04394531,0.00000000,1.03302002,2.64586054,2.64549255,-0.02441406
23.77770686,8305,3.06062506,-1.75436290,-3.11896523,0.00343323,1.54372311,-0.02937317,3.06062506,-1.70400889,-3.11895430,0.00343329,1.54498860,-0.02901677,3.08160590,-1.72155650,-3.09226235,0.00381470,1.56317807,-0.02861023,-0.02929688,0.02929688,-0.02441406,0.00000000,-0.02929688,0.00000000,1.03302002,2.64586961,2.64549255,-0.02441406
23.79329753,8310,3.06062506,-1.75436290,-3.11896523,0.00343323,1.54372311,-0.02975464,3.06062506,-1.70400889,-3.11896165,0.00343325,1.54413779,-0.02933268,3.08122443,-1.72117503,-3.09302529,0.00419617,1.56279660,-0.02861023,-0.01953125,0.02441406,-0.04394531,-0.01464844,-0.00000000,0.00000000,1.03302002,2.64587258,2.64549255,-0.02441406
23.80721498,8315,3.06062506,-1.75436290,-3.11896523,0.00343323,1.54372311,-0.02975464,3.06062506,-1.70400889,-3.11896405,0.00343323,1.54385899,-0.02961637,3.08084296,-1.72079356,-3.09340676,0.00381470,1.56241513,-0.02899170,-0.04394531,0.01953125,-0.03417969,-0.01464844,0.01464844,-0.02929688,1.03302002,2.64577589,2.64549255,-0.02441406
23.82087135,8320,3.06062506,-1.75436290,-3.11896523,0.00343323,1.54334164,-0.02975464,3.06062506,-1.70400889,-3.11896484,0.00343323,1.54363031,-0.02970933,3.08046149,-1.72041209,-3.09416970,0.00381470,1.56203366,-0.02899170,-0.03906250,0.01464844,-0.03417969,-0.01464844,-0.02929688,-0.02929688,1.03302002,2.64574421,2.64549255,-0.02441406
23.83685040,8325,3.06062506,-1.75436290,-3.11896523,0.00343323,1.54296017,-0.02975464,3.06062506,-1.70400889,-3.11896510,0.00343323,1.54325007,-0.02973979,3.08008002,-1.72041209,-3.09455117,0.00381470,1.55974484,-0.02899170,-0.02929688,0.00976562,-0.01953125,-0.02929688,-0.16113281,-0.02929688,1.03263855,2.64567890,2.64549255,0.02441406
23.84984899,8330,3.06062506,-1.75436290,-3.11896523,0.00305176,1.54296017,-0.02975464,3.06062506,-1.70400889,-3.11896519,0.00329590,1.54305517,-0.02974977,3.07969855,-1.72041209,-3.09493264,0.00381470,1.55745602,-0.02937317,-0.03417969,0.00488281,-0.01953125,-0.01464844,-0.14648438,-0.04394531,1.03302002,2.64581009,2.64549255,-0.02441406
23.86354089,8335,3.06062506,-1.75436290,-3.11896523,0.00305176,1.54296017,-0.02975464,3.06062506,-1.70400889,-3.11896521,0.00309270,1.54299130,-0.02975304,3.07931708,-1.72003062,-3.09531411,0.00381470,1.55631161,-0.02975464,-0.01953125,0.00976562,-0.02929688,-0.01464844,-0.02929688,-0.02929688,1.03302002,2.64585307,2.64549255,-0.04882812
23.87645221,8340,3.06062506,-1.75436290,-3.11896523,0.00305176,1.54296017,-0.02975464,3.06062506,-1.70400889,-3.11893397,0.00297728,1.54290934,-0.02975412,3.07931708,-1.71964915,-3.09569558,0.00381470,1.55631161,-0.02975464,-0.01953125,0.02441406,-0.04882812,-0.02929688,-0.01464844,-0.05859375,1.03302002,2.64586716,2.64549255,-0.04882812
23.89162493,8345,3.06062506,-1.75436290,-3.11896523,0.00305176,1.54296017,-0.02975464,3.06062506,-1.70400889,-3.11889395,0.00290821,1.54294351,-0.02975447,3.07855414,-1.71926768,-3.09607704,0.00381470,1.55631161,-0.03051758,-0.02441406,0.01464844,-0.00976562,0.00000000,0.01464844,-0.04394531,1.03302002,2.64587177,2.64549255,-0.02441406
23.90308619,8350,3.06062506,-1.75436290,-3.11896523,0.00305176,1.54296017,-0.02975464,3.06062506,-1.70400889,-3.11886179,0.00300472,1.54295471,-0.02975458,3.07855414,-1.71926768,-3.09645851,0.00381470,1.55593014,-0.03051758,-0.02441406,0.01464844,-0.00976562,-0.01464844,-0.00000000,-0.02929688,1.03263855,2.64565820,2.64549255,-0.04882812
23.92055464,8355,3.06062506,-1.75436290,-3.11896523,0.00305176,1.54296017,-0.02975464,3.06062506,-1.70400889,-3.11889227,0.00303634,1.54295838,-0.02975462,3.07817267,-1.71850474,-3.09645851,0.00381470,1.55554867,-0.03051758,-0.03417969,0.02441406,-0.01953125,-0.02929688,-0.00000000,-0.01464844,1.03302002,2.64568123,2.64549255,-0.02441406
23.93647957,8360,3.06062506,-1.75436290,-3.11896523,0.00305176,1.54296017,-0.02975464,3.06062506,-1.70400889,-3.11890226,0.00304671,1.54295959,-0.02975463,3.07740973,-1.71850474,-3.09722145,0.00381470,1.55516720,-0.03051758,-0.01953125,0.01464844,-0.04394531,-0.01464844,-0.02929688,-0.01464844,1.03263855,2.64553619,2.64549255,0.00000000
23.94996309,8365,3.06062506,-1.75436290,-3.11858376,0.00305176,1.54296017,-0.02975464,3.06062506,-1.70400889,-3.11872719,0.00305010,1.54295998,-0.02975464,3.07702826,-1.71774180,-3.09798439,0.00381470,1.55325985,-0.03051758,-0.03417969,0.02441406,-0.02441406,-0.02929688,-0.10253906,0.00000000,1.03302002,2.64576332,2.64549255,0.00000000
23.96423268,8370,3.06062506,-1.75436290,-3.11896523,0.00305176,1.54296017,-0.02975464,3.06062506,-1.70400889,-3.11882619,0.00305122,1.54296011,-0.02975464,3.07664679,-1.71774180,-3.09798439,0.00381470,1.55097104,-0.03051758,-0.02441406,0.01953125,-0.01464844,-0.02929688,-0.16113281,0.00000000,1.03302002,2.64583775,2.64549255,-0.02441406
23.97893500,8375,3.06062506,-1.75436290,-3.11896523,0.00305176,1.54296017,-0.02937317,3.06062506,-1.70400889,-3.11880981,0.00305158,1.54296015,-0.02963928,3.07664679,-1.71736033,-3.09874733,0.00381470,1.54868222,-0.03051758,-0.02441406,0.00488281,-0.02441406,-0.01464844,-0.10253906,-0.01464844,1.03302002,2.64586214,2.64549255,-0.02441406
23.99225116,8380,3.06062506,-1.75436290,-3.11896523,0.00305176,1.54296017,-0.02975464,3.06062506,-1.70400889,-3.11883422,0.00305170,1.54296017,-0.02971684,3.07626532,-1.71736033,-3.09912880,0.00343323,1.54868222,-0.03051758,-0.02929688,0.00976562,-0.03417969,-0.04394531,-0.01464844,-0.01464844,1.03302002,2.64587013,2.64549255,-0.02441406
24.00689173,8385,3.06062506,-1.75436290,-3.11896523,0.00381470,1.54296017,-0.02975464,3.06062506,-1.70400889,-3.11889105,0.00331419,1.54296017,-0.02974225,3.07550238,-1.71697886,-3.09989174,0.00381470,1.54868222,-0.03051758,-0.02441406,0.03417969,-0.02441406,-0.01464844,0.04394531,-0.02929688,1.03302002,2.64587275,2.64549255,-0.04882812
24.02363229,8390,3.06062506,-1.75436290,-3.11858376,0.00381470,1.54296017,-0.02975464,3.06062506,-1.70400889,-3.11882557,0.00365069,1.54296017,-0.02971933,3.07512091,-1.71659739,-3.10027321,0.00381470,1.54830075,-0.03051758,-0.03417969,0.00000000,-0.01464844,0.00000000,-0.00000000,-0.01464844,1.03302002,2.64587361,2.64549255,0.00000000
24.03722000,8395,3.06062506,-1.75436290,-3.11896523,0.00381470,1.54296017,-0.02975464,3.06062506,-1.70400889,-3.11883939,0.00376096,1.54296017,-0.02974307,3.07512091,-1.71659739,-3.10027321,0.00343323,1.54830075,-0.03051758,-0.01953125,0.00488281,-0.00976562,-0.01464844,0.01464844,0.00000000,1.03302002,2.64587389,2.64549255,-0.02441406
24.05198479,8400,3.06062506,-1.75436290,-3.11896523,0.00419617,1.54296017,-0.02975464,3.06062506,-1.70400889,-3.11884391,0.00398324,1.54296017,-0.02968981,3.07473944,-1.71659739,-3.10065468,0.00343323,1.54868222,-0.03051758,-0.01464844,0.00976562,-0.01953125,-0.02929688,-0.00000000,-0.02929688,1.03302002,2.64577632,2.64549255,0.00000000
24.06790996,8405,3.06062506,-1.75436290,-3.11896523,0.00419617,1.54296017,-0.02975464,3.06062506,-1.70400889,-3.11892548,0.00412640,1.54296017,-0.02973340,3.07473944,-1.71621592,-3.10103615,0.00343323,1.54791928,-0.03051758,-0.01953125,0.01464844,-0.01464844,-0.01464844,-0.01464844,-0.01464844,1.03302002,2.64584201,2.64549255,0.00000000
24.08259964,8410,3.06062506,-1.75436290,-3.11896523,0.00457764,1.54296017,-0.02975464,3.06062506,-1.70400889,-3.11889117,0.00431063,1.54296017,-0.02974768,3.07435797,-1.71583445,-3.10141762,0.00343323,1.54791928,-0.03051758,-0.01953125,0.00976562,-0.02929688,-0.01464844,-0.00000000,-0.01464844,1.03302002,2.64586353,2.64549255,-0.02441406
24.09633589,8415,3.06100653,-1.75436290,-3.11896523,0.00534058,1.54296017,-0.02975464,3.06076239,-1.70400889,-3.11894096,0.00485269,1.54296017,-0.02975236,3.07435797,-1.71583445,-3.10179909,0.00343323,1.54753781,-0.03051758,-0.02929688,0.00976562,-0.00976562,-0.01464844,-0.01464844,-0.01464844,1.03302002,2.64587059,2.64549255,-0.02441406
24.11486697,8420,3.06062506,-1.75436290,-3.11896523,0.00801086,1.54296017,-0.02975464,3.06076235,-1.70400889,-3.11891821,0.00638566,1.54296017,-0.02975389,3.07359504,-1.71545298,-3.10179909,0.00381470,1.54677487,-0.03051758,-0.01953125,0.00488281,-0.00976562,-0.01464844,-0.02929688,0.00000000,1.03302002,2.64587290,2.64549255,-0.04882812
24.12894607,8425,3.06100653,-1.75436290,-3.11896523,0.01106262,1.54257870,-0.02975464,3.06074634,-1.70400889,-3.11894982,0.00883769,1.54288388,-0.02975439,3.07359504,-1.71545298,-3.10218056,0.00343323,1.54639340,-0.03051758,-0.01953125,0.00488281,-0.01464844,-0.02929688,-0.01464844,-0.01464844,1.03302002,2.64587365,2.64549255,0.00000000
24.14538240,8430,3.06100653,-1.75436290,-3.11896523,0.01373291,1.54257870,-0.02975464,3.06089002,-1.70400889,-3.11896018,0.01161664,1.54267870,-0.02975456,3.07321357,-1.71507151,-3.10256203,0.00381470,1.54639340,-0.03051758,-0.02441406,0.01464844,-0.02929688,-0.01464844,-0.01464844,-0.02929688,1.03263855,2.64572131,2.64549255,-0.02441406
24.15935969,8435,3.06100653,-1.75436290,-3.11896523,0.01678467,1.54257870,-0.02937317,3.06078818,-1.70400889,-3.11896357,0.01415908,1.54261147,-0.02952939,3.07283210,-1.71469004,-3.10294350,0.00381470,1.54601193,-0.03051758,-0.01464844,0.00488281,-0.01953125,-0.01464844,-0.02929688,-0.01464844,1.03302002,2.64582398,2.64549255,-0.04882812
24.17455792,8440,3.06062506,-1.75436290,-3.11896523,0.02021790,1.54257870,-0.02937317,3.06067851,-1.70400889,-3.11889437,0.01775012,1.54258944,-0.02942436,3.07283210,-1.71469004,-3.10332497,0.00381470,1.54524899,-0.03051758,-0.00976562,0.00488281,-0.01464844,-0.02929688,-0.02929688,-0.01464844,1.03302002,2.64577950,2.64549255,-0.02441406
24.18755412,8445,3.06100653,-1.75436290,-3.11896523,0.02250671,1.54257870,-0.02937317,3.06071887,-1.70400889,-3.11891076,0.02054719,1.54252119,-0.02938994,3.07283210,-1.71469004,-3.10332497,0.00381470,1.54486752,-0.03051758,-0.01464844,0.00976562,-0.00976562,-0.01464844,-0.02929688,-0.01464844,1.03302002,2.64584305,2.64549255,0.00000000
24.20287418,8450,3.06062506,-1.75436290,-3.11896523,0.02403259,1.54219723,-0.02937317,3.06065580,-1.70400889,-3.11891613,0.02262097,1.54242253,-0.02937867,3.07245063,-1.71430857,-3.10370644,0.00419617,1.54448605,-0.03051758,-0.01953125,0.00976562,-0.00976562,0.00000000,-0.02929688,0.00000000,1.03302002,2.64586387,2.64549255,-0.04882812
24.21701717,8455,3.06062506,-1.75436290,-3.11896523,0.02632141,1.54143429,-0.02937317,3.06066639,-1.70400889,-3.11894914,0.02455904,1.54196954,-0.02937497,3.07206916,-1.71430857,-3.10370644,0.00457764,1.54448605,-0.03051758,-0.03417969,0.00000000,-0.00488281,0.01464844,-0.00000000,0.00000000,1.03302002,2.64587070,2.64549255,-0.02441406
24.23247337,8460,3.06062506,-1.75436290,-3.11896523,0.02746582,1.54067135,-0.02937317,3.06063860,-1.70400889,-3.11887988,0.02636294,1.54121589,-0.02937376,3.07206916,-1.71392710,-3.10408791,0.00534058,1.54448605,-0.03051758,-0.01464844,0.00488281,-0.01953125,0.02929688,0.02929688,-0.01464844,1.03302002,2.64587293,2.64511108,-0.04882812
24.24971008,8465,3.06062506,-1.75436290,-3.11896523,0.02937317,1.53876401,-0.02937317,3.06076085,-1.70400889,-3.11887623,0.02805621,1.53989800,-0.02937336,3.07168769,-1.71392710,-3.10485085,0.00686646,1.54448605,-0.03051758,-0.02929688,0.00488281,-0.01953125,0.10253906,0.01464844,-0.01464844,1.03302002,2.64587367,2.64549255,-0.02441406
24.26245618,8470,3.06062506,-1.75436290,-3.11896523,0.03013611,1.53761960,-0.02937317,3.06076966,-1.70400889,-3.11890481,0.02930418,1.53864792,-0.02937323,3.07130622,-1.71392710,-3.10523232,0.00839233,1.54410458,-0.03051758,-0.02929688,0.00976562,-0.02441406,0.08789062,-0.02929688,-0.01464844,1.03302002,2.64587391,2.64549255,-0.02441406
24.27820206,8475,3.06062506,-1.75436290,-3.11858376,0.03051758,1.53647519,-0.02937317,3.06067244,-1.70400889,-3.11886914,0.03011997,1.53733754,-0.02937319,3.07092475,-1.71354563,-3.10523232,0.00991821,1.54334164,-0.03051758,-0.00976562,0.00488281,-0.00976562,0.05859375,-0.04394531,-0.02929688,1.03302002,2.64587399,2.64549255,-0.04882812
24.29294133,8480,3.06062506,-1.75436290,-3.11896523,0.03089905,1.53647519,-0.02937317,3.06072848,-1.70400889,-3.11893374,0.03061251,1.53686763,-0.02937318,3.07092475,-1.71354563,-3.10561379,0.01068115,1.54219723,-0.03051758,-0.01464844,0.00000000,-0.00488281,0.08789062,-0.07324219,-0.01464844,1.03302002,2.64587401,2.64549255,0.00000000
24.30648518,8485,3.06062506,-1.75436290,-3.11896523,0.03089905,1.53647519,-0.02937317,3.06070778,-1.70400889,-3.11891585,0.03080516,1.53660378,-0.02937317,3.07054328,-1.71354563,-3.10561379,0.01220703,1.54105282,-0.03051758,-0.01953125,0.00000000,-0.00488281,0.08789062,-0.04394531,0.00000000,1.03302002,2.64587402,2.64549255,0.00000000
24.31909752,8490,3.06062506,-1.75436290,-3.11896523,0.03128052,1.53647519,-0.02937317,3.06065217,-1.70400889,-3.11884895,0.03100561,1.53651732,-0.02937317,3.07054328,-1.71316416,-3.10561379,0.01411438,1.54067135,-0.03051758,-0.02441406,0.00976562,-0.01464844,0.11718750,-0.01464844,0.00000000,1.03302002,2.64587402,2.64549255,0.00000000
24.33465767,8495,3.06100653,-1.75436290,-3.11858376,0.03166199,1.53609372,-0.02937317,3.06082010,-1.70400889,-3.11885083,0.03136683,1.53626377,-0.02937317,3.07016181,-1.71316416,-3.10637673,0.01602173,1.54067135,-0.03051758,-0.01464844,0.01953125,-0.02929688,0.11718750,0.02929688,0.01464844,1.03302002,2.64587402,2.64549255,-0.02441406
24.34897566,8500,3.06062506,-1.75436290,-3.11896523,0.03280640,1.53533078,-0.02937317,3.06086915,-1.70400889,-3.11887891,0.03211398,1.53578689,-0.02937317,3.07016181,-1.71278269,-3.10675820,0.01640320,1.54067135,-0.03051758,-0.00976562,0.00488281,-0.02441406,0.02929688,-0.00000000,-0.01464844,1.03302002,2.64587402,2.64549255,-0.02441406
24.36184907,8505,3.06100653,-1.75436290,-3.11896523,0.03433228,1.53342343,-0.02937317,3.06086923,-1.70400889,-3.11890570,0.03335489,1.53452846,-0.02937317,3.07016181,-1.71278269,-3.10675820,0.01716614,1.54028988,-0.03051758,-0.01464844,0.00976562,-0.01464844,0.04394531,-0.01464844,-0.02929688,1.03302002,2.64579590,2.64549255,-0.04882812
24.37564707,8510,3.06100653,-1.75436290,-3.11896523,0.03585815,1.52999020,-0.02937317,3.06087365,-1.70400889,-3.11883586,0.03470732,1.53234986,-0.02937317,3.06978034,-1.71240123,-3.10713967,0.01831055,1.53990841,-0.03051758,-0.01464844,0.00000000,-0.00488281,0.07324219,-0.01464844,-0.01464844,1.03302002,2.64584842,2.64549255,-0.02441406
24.38988304,8515,3.06100653,-1.75436290,-3.11858376,0.03700256,1.52770138,-0.02937317,3.06086289,-1.70400889,-3.11879771,0.03599997,1.52962547,-0.02937317,3.06939887,-1.71240123,-3.10713967,0.01945496,1.53952694,-0.03051758,-0.03417969,0.00976562,-0.00488281,0.07324219,-0.01464844,-0.01464844,1.03302002,2.64576798,2.64549255,0.00000000
24.40537953,8520,3.06100653,-1.75436290,-3.11896523,0.03776550,1.52426816,-0.02937317,3.06081054,-1.70400889,-3.11887909,0.03697555,1.52694747,-0.02937317,3.06901740,-1.71201976,-3.10713967,0.02174377,1.53914547,-0.03051758,-0.02441406,0.00488281,0.00488281,0.13183594,-0.01464844,-0.01464844,1.03302002,2.64571720,2.64549255,-0.02441406
24.41854811,8525,3.06062506,-1.75436290,-3.11896523,0.03738403,1.52083493,-0.02975464,3.06068584,-1.70400889,-3.11893700,0.03725018,1.52374951,-0.02949829,3.06901740,-1.71201976,-3.10752114,0.02326965,1.53876401,-0.03051758,-0.01953125,0.00000000,-0.00488281,0.13183594,-0.01464844,-0.01464844,1.03302002,2.64574451,2.64549255,-0.04882812
24.43408966,8530,3.06062506,-1.75436290,-3.11858376,0.03738403,1.51778317,-0.02937317,3.06073726,-1.70400889,-3.11887969,0.03734017,1.52042084,-0.02955528,3.06901740,-1.71201976,-3.10752114,0.02403259,1.53800107,-0.03051758,-0.01464844,0.00488281,-0.00000000,0.02929688,-0.04394531,-0.02929688,1.03302002,2.64570951,2.64549255,-0.02441406
24.44822001,8535,3.06062506,-1.75436290,-3.11896523,0.03738403,1.51587582,-0.02975464,3.06066183,-1.70400889,-3.11889814,0.03736966,1.51769570,-0.02958922,3.06863593,-1.71201976,-3.10790261,0.02441406,1.53723813,-0.03051758,-0.01464844,0.00488281,-0.00976562,0.00000000,-0.05859375,-0.01464844,1.03302002,2.64582012,2.64549255,-0.02441406
24.46210742,8540,3.06100653,-1.75436290,-3.11858376,0.03738403,1.51244259,-0.02975464,3.06077444,-1.70400889,-3.11875709,0.03737932,1.51469323,-0.02965160,3.06825446,-1.71163829,-3.10828408,0.02441406,1.53609372,-0.03051758,-0.01464844,0.01464844,-0.01464844,0.00000000,-0.05859375,0.00000000,1.03302002,2.64585636,2.64549255,-0.04882812
24.47790670,8545,3.06100653,-1.75436290,-3.11858376,0.03738403,1.50786496,-0.02975464,3.06075031,-1.70400889,-3.11877190,0.03744353,1.51114541,-0.02968181,3.06825446,-1.71125682,-3.10828408,0.02555847,1.53418637,-0.03013611,-0.00976562,0.00976562,-0.01953125,0.05859375,-0.13183594,-0.01464844,1.03263855,2.64571565,2.64549255,-0.02441406
24.49050307,8550,3.06062506,-1.75436290,-3.11858376,0.03738403,1.50290585,-0.02975464,3.06071493,-1.70400889,-3.11877676,0.03740353,1.50678890,-0.02969171,3.06825446,-1.71125682,-3.10866555,0.02670288,1.53304196,-0.03051758,-0.00976562,0.00000000,-0.00976562,0.07324219,-0.10253906,-0.01464844,1.03302002,2.64582213,2.64549255,0.00000000
24.50414395,8555,3.06062506,-1.75436290,-3.11896523,0.03738403,1.49794674,-0.02975464,3.06070334,-1.70400889,-3.11885464,0.03739042,1.50158633,-0.02969496,3.06825446,-1.71125682,-3.10904702,0.02784729,1.53113461,-0.03013611,-0.00976562,0.00488281,-0.00976562,0.05859375,-0.10253906,-0.01464844,1.03302002,2.64585702,2.64549255,-0.07324219
24.52062702,8560,3.06062506,-1.75436290,-3.11896523,0.03738403,1.49146176,-0.02975464,3.06072103,-1.70400889,-3.11880985,0.03738613,1.49577498,-0.02973508,3.06825446,-1.71087535,-3.10904702,0.02899170,1.52922726,-0.03013611,-0.00976562,0.00000000,-0.00488281,0.05859375,-0.10253906,0.00000000,1.03302002,2.64577079,2.64549255,-0.02441406
24.53686786,8565,3.06062506,-1.75436290,-3.11896523,0.03738403,1.48802853,-0.02975464,3.06065651,-1.70400889,-3.11882642,0.03738472,1.49155419,-0.02974823,3.06825446,-1.71087535,-3.10904702,0.03013611,1.52770138,-0.03013611,-0.01464844,0.00488281,0.00488281,0.05859375,-0.10253906,-0.01464844,1.03302002,2.64584020,2.64549255,-0.02441406
24.54930091,8570,3.06062506,-1.75436290,-3.11858376,0.03738403,1.48345089,-0.02975464,3.06063537,-1.70400889,-3.11879462,0.03738426,1.48729173,-0.02975254,3.06787299,-1.71087535,-3.10904702,0.03089905,1.52579403,-0.03013611,-0.01464844,0.00488281,-0.00000000,0.04394531,-0.11718750,-0.01464844,1.03302002,2.64586294,2.64549255,-0.02441406
24.56462455,8575,3.06062506,-1.75436290,-3.11896523,0.03738403,1.48001767,-0.02975464,3.06062844,-1.70400889,-3.11890932,0.03738411,1.48320299,-0.02975395,3.06787299,-1.71087535,-3.10904702,0.03128052,1.52274228,-0.03013611,-0.01953125,0.00000000,-0.00000000,0.00000000,-0.19042969,-0.04394531,1.03302002,2.64587039,2.64549255,-0.02441406
24.58091688,8580,3.06062506,-1.75436290,-3.11896523,0.03738403,1.47658444,-0.02975464,3.06062617,-1.70400889,-3.11882777,0.03738406,1.47938407,-0.02975441,3.06749152,-1.71049388,-3.10942849,0.03166199,1.51816464,-0.03013611,-0.02441406,0.00488281,-0.00488281,-0.01464844,-0.27832031,-0.01464844,1.03302002,2.64581033,2.64549255,-0.02441406
24.59580088,8585,3.06062506,-1.75436290,-3.11896523,0.03700256,1.47238827,-0.02975464,3.06062543,-1.70400889,-3.11887136,0.03719788,1.47569188,-0.02975456,3.06711005,-1.71049388,-3.10980995,0.03166199,1.51358700,-0.03051758,-0.01953125,0.00976562,-0.03417969,0.00000000,-0.24902344,-0.02929688,1.03302002,2.64585315,2.64549255,-0.04882812
24.61169124,8590,3.06062506,-1.75436290,-3.11858376,0.03700256,1.46971798,-0.02975464,3.06062518,-1.70400889,-3.11880935,0.03706657,1.47234592,-0.02975461,3.06711005,-1.71011241,-3.11019142,0.03166199,1.51015378,-0.03013611,-0.02441406,0.00976562,-0.01464844,0.01464844,-0.17578125,0.00000000,1.03302002,2.64586718,2.64549255,-0.02441406
24.62718892,8595,3.06062506,-1.75436290,-3.11896523,0.03700256,1.46742917,-0.02975464,3.06062510,-1.70400889,-3.11884384,0.03702354,1.46948023,-0.02975463,3.06711005,-1.70973094,-3.11057289,0.03204346,1.50748349,-0.03013611,-0.00976562,0.01464844,-0.02441406,0.02929688,-0.17578125,-0.02929688,1.03302002,2.64587178,2.64549255,-0.02441406
24.63935041,8600,3.06062506,-1.75436290,-3.11896523,0.03700256,1.46552182,-0.02975464,3.06062508,-1.70400889,-3.11888639,0.03696061,1.46728082,-0.02975464,3.06672858,-1.70973094,-3.11095436,0.03242493,1.50557614,-0.03051758,-0.01953125,0.01953125,-0.00488281,0.00000000,-0.16113281,0.00000000,1.03302002,2.64587329,2.64549255,-0.02441406
24.65391064,8605,3.06062506,-1.75436290,-3.11896523,0.03700256,1.46437741,-0.02975464,3.06062507,-1.70400889,-3.11885150,0.03698882,1.46557929,-0.02975464,3.06672858,-1.70934947,-3.11095436,0.03280640,1.50366879,-0.03013611,-0.02929688,0.00488281,-0.00000000,0.02929688,-0.11718750,0.00000000,1.03302002,2.64587378,2.64549255,-0.04882812
24.66919494,8610,3.06062506,-1.75436290,-3.11896523,0.03700256,1.46361447,-0.02975464,3.06062507,-1.70400889,-3.11889671,0.03699806,1.46446973,-0.02975464,3.06634711,-1.70934947,-3.11095436,0.03318787,1.50214291,-0.03013611,-0.00488281,-0.00488281,0.00488281,0.01464844,-0.08789062,-0.02929688,1.03302002,2.64587394,2.64549255,-0.02441406
24.68620420,8615,3.06062506,-1.75436290,-3.11896523,0.03700256,1.46323300,-0.02975464,3.06062506,-1.70400889,-3.11890371,0.03700109,1.46363825,-0.02975464,3.06634711,-1.70934947,-3.11095436,0.03356934,1.49947262,-0.03013611,-0.01464844,0.00000000,-0.00000000,0.00000000,-0.17578125,-0.01464844,1.03302002,2.64587400,2.64549255,-0.02441406
24.69797468,8620,3.06062506,-1.75436290,-3.11896523,0.03700256,1.46323300,-0.02975464,3.06062506,-1.70400889,-3.11889624,0.03700208,1.46336579,-0.02975464,3.06634711,-1.70934947,-3.11095436,0.03395081,1.49603940,-0.03013611,-0.00488281,-0.00488281,-0.00000000,0.01464844,-0.23437500,-0.02929688,1.03302002,2.64587401,2.64549255,-0.04882812
24.71184063,8625,3.06062506,-1.75436290,-3.11896523,0.03700256,1.46323300,-0.02975464,3.06062506,-1.70400889,-3.11894262,0.03700240,1.46327651,-0.02975464,3.06634711,-1.70934947,-3.11095436,0.03395081,1.49222470,-0.03013611,-0.00976562,-0.00488281,-0.00976562,0.00000000,-0.26367188,-0.01464844,1.03302002,2.64587402,2.64549255,-0.04882812
24.72412944,8630,3.06062506,-1.75436290,-3.11858376,0.03700256,1.46323300,-0.02975464,3.06062506,-1.70400889,-3.11879364,0.03700251,1.46324726,-0.02975464,3.06634711,-1.70934947,-3.11133583,0.03395081,1.48955441,-0.03013611,-0.00976562,-0.00488281,-0.00976562,-0.01464844,-0.26367188,-0.01464844,1.03302002,2.64587402,2.64549255,-0.04882812
24.73784161,8635,3.06062506,-1.75436290,-3.11896523,0.03700256,1.46361447,-0.02975464,3.06062506,-1.70400889,-3.11890900,0.03700255,1.46344531,-0.02975464,3.06634711,-1.70934947,-3.11171730,0.03395081,1.48612118,-0.03013611,-0.00488281,-0.00488281,-0.00488281,0.00000000,-0.20507812,0.00000000,1.03302002,2.64587402,2.64549255,-0.04882812
24.74992132,8640,3.06062506,-1.75436290,-3.11896523,0.03700256,1.46361447,-0.02975464,3.06062506,-1.70400889,-3.11894680,0.03700256,1.46355904,-0.02975464,3.06596564,-1.70934947,-3.11171730,0.03433228,1.48459530,-0.03013611,-0.01464844,0.00000000,-0.00976562,-0.01464844,-0.11718750,0.00000000,1.03302002,2.64587402,2.64549255,0.00000000
24.76529908,8645,3.06062506,-1.75436290,-3.11896523,0.03700256,1.46399594,-0.02975464,3.06062506,-1.70400889,-3.11881808,0.03700256,1.46382153,-0.02975464,3.06596564,-1.70934947,-3.11209877,0.03433228,1.48421383,-0.03051758,-0.01464844,0.00000000,-0.00488281,-0.01464844,-0.02929688,-0.02929688,1.03302002,2.64587402,2.64549255,-0.02441406
24.77867055,8650,3.06062506,-1.75436290,-3.11896523,0.03700256,1.46399594,-0.02975464,3.06062506,-1.70400889,-3.11887795,0.03700256,1.46393879,-0.02975464,3.06596564,-1.70896800,-3.11209877,0.03433228,1.48383236,-0.03013611,-0.01953125,0.00000000,0.00488281,0.00000000,-0.00000000,0.00000000,1.03302002,2.64587402,2.64549255,-0.07324219
24.79400182,8655,3.06062506,-1.75436290,-3.11858376,0.03700256,1.46437741,-0.02975464,3.06062506,-1.70400889,-3.11878026,0.03700256,1.46423368,-0.02975464,3.06558417,-1.70896800,-3.11209877,0.03433228,1.48345089,-0.03013611,-0.01953125,0.00000000,0.00488281,-0.01464844,-0.01464844,-0.01464844,1.03302002,2.64587402,2.64549255,-0.04882812
24.81164479,8660,3.06062506,-1.75436290,-3.11858376,0.03700256,1.46514035,-0.02975464,3.06062506,-1.70400889,-3.11876729,0.03700256,1.46469286,-0.02975464,3.06558417,-1.70896800,-3.11209877,0.03433228,1.48154355,-0.03013611,-0.00976562,0.00000000,-0.00488281,-0.01464844,-0.10253906,-0.01464844,1.03302002,2.64587402,2.64549255,-0.02441406
24.82385898,8665,3.06062506,-1.75436290,-3.11858376,0.03700256,1.46552182,-0.02975464,3.06062506,-1.70400889,-3.11870493,0.03700256,1.46513104,-0.02975464,3.06558417,-1.70896800,-3.11209877,0.03471375,1.47963620,-0.03013611,-0.00976562,-0.00488281,-0.00976562,-0.01464844,-0.13183594,0.00000000,1.03302002,2.64565430,2.64549255,-0.04882812
24.83585906,8670,3.06062506,-1.75436290,-3.11896523,0.03700256,1.46590329,-0.02975464,3.06062506,-1.70400889,-3.11887993,0.03700256,1.46561899,-0.02975464,3.06520270,-1.70896800,-3.11248024,0.03471375,1.47811032,-0.03013611,-0.01953125,0.00000000,-0.01464844,0.01464844,-0.10253906,0.00000000,1.03302002,2.64580202,2.64549255,-0.07324219
24.84954977,8675,3.06062506,-1.75436290,-3.11858376,0.03700256,1.46590329,-0.02975464,3.06062506,-1.70400889,-3.11878091,0.03700256,1.46591999,-0.02975464,3.06520270,-1.70896800,-3.11286171,0.03471375,1.47772885,-0.03013611,-0.00976562,0.00000000,-0.01953125,0.00000000,-0.01464844,-0.01464844,1.03263855,2.64569784,2.64549255,-0.02441406
24.86415720,8680,3.06062506,-1.75436290,-3.11858376,0.03700256,1.46628476,-0.02975464,3.06062506,-1.70400889,-3.11874065,0.03700256,1.46613398,-0.02975464,3.06520270,-1.70858653,-3.11286171,0.03471375,1.47734738,-0.03013611,-0.01953125,0.00488281,-0.00488281,0.01464844,-0.00000000,-0.02929688,1.03302002,2.64581629,2.64549255,-0.02441406
24.87689352,8685,3.06062506,-1.75436290,-3.11858376,0.03700256,1.46628476,-0.02975464,3.06062506,-1.70400889,-3.11881534,0.03700256,1.46620410,-0.02975464,3.06482123,-1.70858653,-3.11286171,0.03509521,1.47734738,-0.03013611,-0.01953125,0.00000000,0.00488281,0.01464844,-0.00000000,-0.02929688,1.03302002,2.64585511,2.64549255,-0.04882812
24.89541698,8690,3.06062506,-1.75436290,-3.11896523,0.03700256,1.46628476,-0.02975464,3.06062506,-1.70400889,-3.11884580,0.03700256,1.46621927,-0.02975464,3.06482123,-1.70858653,-3.11286171,0.03547668,1.47696591,-0.03013611,-0.01464844,0.00488281,-0.00000000,0.00000000,-0.00000000,-0.01464844,1.03302002,2.64586782,2.64549255,-0.02441406
24.91024947,8695,3.06062506,-1.75436290,-3.11858376,0.03700256,1.46590329,-0.02975464,3.06062506,-1.70400889,-3.11870869,0.03700256,1.46608691,-0.02975464,3.06482123,-1.70820506,-3.11286171,0.03547668,1.47658444,-0.03013611,-0.00488281,0.00976562,-0.00000000,-0.02929688,-0.04394531,-0.01464844,1.03302002,2.64587199,2.64549255,-0.02441406
24.92481136,8700,3.06062506,-1.75436290,-3.11896523,0.03700256,1.46628476,-0.02937317,3.06062506,-1.70400889,-3.11879327,0.03700256,1.46610078,-0.02956848,3.06443976,-1.70820506,-3.11286171,0.03547668,1.47505856,-0.03013611,-0.00976562,0.00488281,-0.00000000,-0.02929688,-0.07324219,-0.01464844,1.03302002,2.64587336,2.64549255,0.00000000
24.94078588,8705,3.06062506,-1.75436290,-3.11896523,0.03700256,1.46628476,-0.02975464,3.06062506,-1.70400889,-3.11890888,0.03700256,1.46618541,-0.02963260,3.06443976,-1.70782359,-3.11286171,0.03547668,1.47391415,-0.03013611,-0.00488281,0.00488281,-0.00000000,-0.01464844,-0.07324219,-0.01464844,1.03302002,2.64587381,2.64549255,0.00000000
24.95510435,8710,3.06062506,-1.75436290,-3.11896523,0.03700256,1.46628476,-0.02975464,3.06062506,-1.70400889,-3.11879784,0.03700256,1.46610328,-0.02968340,3.06443976,-1.70782359,-3.11324318,0.03547668,1.47315121,-0.03013611,-0.00488281,0.00976562,-0.00000000,-0.01464844,-0.05859375,-0.01464844,1.03302002,2.64587395,2.64549255,-0.04882812
24.96869349,8715,3.06062506,-1.75436290,-3.11896523,0.03700256,1.46590329,-0.02975464,3.06062506,-1.70400889,-3.11880052,0.03700256,1.46596882,-0.02963901,3.06443976,-1.70782359,-3.11324318,0.03547668,1.47276974,-0.03013611,-0.00976562,0.00000000,-0.00488281,-0.01464844,-0.02929688,0.00000000,1.03302002,2.64587400,2.64549255,-0.02441406
24.98249030,8720,3.06062506,-1.75436290,-3.11896523,0.03700256,1.46590329,-0.02937317,3.06062506,-1.70400889,-3.11881116,0.03700256,1.46597359,-0.02953059,3.06443976,-1.70744212,-3.11362465,0.03547668,1.47238827,-0.03013611,-0.00976562,-0.00488281,-0.00976562,-0.01464844,-0.01464844,-0.01464844,1.03302002,2.64587402,2.64549255,-0.04882812
24.99644685,8725,3.06062506,-1.75436290,-3.11858376,0.03700256,1.46590329,-0.02975464,3.06062506,-1.70400889,-3.11877741,0.03700256,1.46592632,-0.02953230,3.06443976,-1.70744212,-3.11362465,0.03547668,1.47162533,-0.03013611,-0.00488281,-0.00488281,-0.00488281,-0.01464844,-0.04394531,-0.01464844,1.03302002,2.64587402,2.64587402,0.02441406
25.00905991,8730,3.06062506,-1.75436290,-3.11896523,0.03700256,1.46590329,-0.02937317,3.06062506,-1.70400889,-3.11887244,0.03700256,1.46591084,-0.02947414,3.06443976,-1.70744212,-3.11362465,0.03585815,1.47048092,-0.03051758,-0.00976562,-0.00488281,-0.00000000,-0.01464844,-0.05859375,-0.02929688,1.03302002,2.64577637,2.64549255,-0.04882812
25.02285814,8735,3.06062506,-1.75436290,-3.11896523,0.03700256,1.46590329,-0.02937317,3.06062506,-1.70400889,-3.11886451,0.03700256,1.46602490,-0.02940626,3.06405829,-1.70744212,-3.11362465,0.03585815,1.46971798,-0.03013611,-0.00976562,-0.00488281,-0.00000000,0.00000000,-0.02929688,-0.01464844,1.03302002,2.64584202,2.64549255,0.00000000
25.03625536,8740,3.06062506,-1.75436290,-3.11858376,0.03700256,1.46628476,-0.02937317,3.06062506,-1.70400889,-3.11870701,0.03700256,1.46616055,-0.02943284,3.06405829,-1.70744212,-3.11400612,0.03623962,1.46971798,-0.03013611,-0.00976562,-0.00488281,-0.00488281,0.01464844,-0.00000000,0.00000000,1.03302002,2.64586354,2.64549255,-0.02441406
25.04948783,8745,3.06062506,-1.75436290,-3.11896523,0.03700256,1.46628476,-0.02937317,3.06062506,-1.70400889,-3.11881958,0.03700256,1.46624406,-0.02946303,3.06405829,-1.70744212,-3.11400612,0.03662109,1.46933652,-0.03013611,-0.01464844,-0.00488281,-0.00488281,0.02929688,0.01464844,-0.02929688,1.03302002,2.64587059,2.64549255,-0.02441406
25.06236506,8750,3.06062506,-1.75436290,-3.11858376,0.03700256,1.46590329,-0.02975464,3.06062506,-1.70400889,-3.11879238,0.03700256,1.46614630,-0.02953995,3.06405829,-1.70744212,-3.11400612,0.03662109,1.46971798,-0.03013611,-0.01464844,-0.00488281,0.00488281,0.01464844,0.02929688,-0.01464844,1.03302002,2.64587290,2.64549255,-0.02441406
25.07517147,8755,3.06062506,-1.75436290,-3.11858376,0.03700256,1.46628476,-0.02975464,3.06062506,-1.70400889,-3.11877126,0.03700256,1.46623939,-0.02959640,3.06367682,-1.70744212,-3.11400612,0.03662109,1.46971798,-0.03013611,-0.00976562,-0.00488281,-0.00000000,-0.01464844,-0.00000000,-0.01464844,1.03302002,2.64587365,2.64549255,-0.02441406
25.08861279,8760,3.06062506,-1.75436290,-3.11896523,0.03700256,1.46628476,-0.02975464,3.06062506,-1.70400889,-3.11890167,0.03700256,1.46626989,-0.02957144,3.06367682,-1.70744212,-3.11438759,0.03700256,1.46971798,-0.03013611,-0.00488281,-0.00488281,-0.00488281,0.00000000,0.01464844,-0.02929688,1.03302002,2.64587390,2.64549255,-0.02441406
25.10259676,8765,3.06062506,-1.75436290,-3.11896523,0.03700256,1.46628476,-0.02937317,3.06062506,-1.70400889,-3.11891315,0.03700256,1.46627989,-0.02954800,3.06367682,-1.70744212,-3.11438759,0.03700256,1.46933652,-0.03013611,-0.00976562,0.00000000,-0.00000000,-0.01464844,-0.00000000,-0.01464844,1.03302002,2.64587398,2.64549255,-0.02441406
25.11645293,8770,3.06062506,-1.75436290,-3.11896523,0.03700256,1.46628476,-0.02975464,3.06062506,-1.70400889,-3.11881682,0.03700256,1.46628316,-0.02953800,3.06367682,-1.70744212,-3.11438759,0.03700256,1.46895505,-0.03013611,-0.00976562,-0.00488281,-0.00000000,-0.01464844,-0.01464844,-0.02929688,1.03263855,2.64572142,2.64549255,-0.04882812
25.12965107,8775,3.06062506,-1.75436290,-3.11896523,0.03700256,1.46590329,-0.02937317,3.06062506,-1.70400889,-3.11888535,0.03700256,1.46609808,-0.02957611,3.06367682,-1.70744212,-3.11438759,0.03700256,1.46895505,-0.03013611,-0.00976562,-0.00488281,-0.00000000,0.00000000,-0.00000000,0.00000000,1.03302002,2.64582402,2.64549255,0.00000000
25.14330101,8780,3.06062506,-1.75436290,-3.11896523,0.03700256,1.46590329,-0.02937317,3.06062506,-1.70400889,-3.11881991,0.03700256,1.46609846,-0.02943967,3.06367682,-1.70744212,-3.11438759,0.03700256,1.46895505,-0.03013611,-0.00976562,0.00000000,0.00488281,-0.01464844,0.01464844,0.00000000,1.03302002,2.64585764,2.64549255,0.00000000
25.15797448,8785,3.06062506,-1.75436290,-3.11896523,0.03700256,1.46590329,-0.02937317,3.06062506,-1.70400889,-3.11888636,0.03700256,1.46608638,-0.02945599,3.06367682,-1.70744212,-3.11438759,0.03700256,1.46895505,-0.03013611,-0.00976562,0.00000000,-0.00000000,-0.01464844,0.02929688,0.00000000,1.03302002,2.64586865,2.64549255,-0.02441406
25.17105627,8790,3.06062506,-1.75436290,-3.11896523,0.03700256,1.46590329,-0.02975464,3.06062506,-1.70400889,-3.11880804,0.03700256,1.46608242,-0.02955668,3.06367682,-1.70744212,-3.11476906,0.03700256,1.46857358,-0.03013611,-0.00976562,0.00000000,-0.00488281,-0.02929688,0.01464844,-0.01464844,1.03302002,2.64587226,2.64549255,-0.04882812
25.18379164,8795,3.06062506,-1.75436290,-3.11896523,0.03700256,1.46590329,-0.02937317,3.06062506,-1.70400889,-3.11880386,0.03700256,1.46596199,-0.02943330,3.06367682,-1.70706065,-3.11476906,0.03700256,1.46857358,-0.03013611,-0.00976562,0.00000000,0.00488281,-0.01464844,-0.00000000,-0.01464844,1.03302002,2.64587345,2.64549255,-0.02441406
25.19876528,8800,3.06062506,-1.75436290,-3.11858376,0.03700256,1.46590329,-0.02937317,3.06062506,-1.70400889,-3.11883606,0.03700256,1.46592252,-0.02939287,3.06329535,-1.70706065,-3.11476906,0.03700256,1.46857358,-0.03013611,-0.01464844,0.00000000,0.00976562,-0.01464844,-0.00000000,-0.01464844,1.03302002,2.64587383,2.64549255,-0.02441406
25.21427441,8805,3.06062506,-1.75436290,-3.11896523,0.03700256,1.46590329,-0.02937317,3.06062506,-1.70400889,-3.11889165,0.03700256,1.46590959,-0.02944066,3.06329535,-1.70706065,-3.11476906,0.03700256,1.46819211,-0.03013611,-0.00976562,-0.00488281,0.00488281,-0.01464844,-0.00000000,-0.01464844,1.03302002,2.64587396,2.64549255,-0.02441406
25.22700763,8810,3.06062506,-1.75436290,-3.11896523,0.03700256,1.46590329,-0.02937317,3.06062506,-1.70400889,-3.11885323,0.03700256,1.46590535,-0.02939528,3.06329535,-1.70706065,-3.11476906,0.03700256,1.46819211,-0.03013611,-0.01464844,-0.00488281,-0.00000000,0.00000000,-0.00000000,0.00000000,1.03263855,2.64572142,2.64549255,-0.02441406
25.24135113,8815,3.06062506,-1.75436290,-3.11896523,0.03700256,1.46590329,-0.02937317,3.06062506,-1.70400889,-3.11892853,0.03700256,1.46590396,-0.02938042,3.06291388,-1.70706065,-3.11476906,0.03700256,1.46819211,-0.03013611,-0.01953125,-0.00488281,0.00488281,-0.02929688,0.01464844,-0.04394531,1.03302002,2.64582402,2.64549255,-0.02441406
